ts,open,high,low,close,volume
1725973200,18758.25,18821.75,18721.75,18762.5,0.0
1725976800,18762.75,18817.0,18686.75,18728.75,90572.0
1725980400,18728.5,18790.0,18622.25,18623.75,62643.0
1725984000,18623.75,18718.75,18597.25,18688.75,56017.0
1725987600,18688.0,18795.5,18684.25,18787.25,43783.0
1725991200,18787.25,18847.5,18787.25,18820.75,40931.0
1725994800,18826.0,18878.5,18818.75,18864.75,45401.0
1725998400,18848.75,18851.5,18820.75,18835.0,22253.0
1726005600,18837.75,18847.75,18826.25,18845.0,0.0
1726009200,18844.0,18857.0,18823.0,18836.75,2456.0
1726012800,18837.5,18844.25,18803.0,18811.75,4856.0
1726016400,18811.75,18825.75,18749.0,18778.0,9325.0
1726020000,18778.25,18800.0,18766.0,18785.25,4395.0
1726023600,18786.5,18797.75,18733.75,18750.5,5219.0
1726027200,18742.5,18747.0,18720.0,18733.0,3273.0
1726030800,18732.25,18754.25,18705.0,18750.75,4655.0
1726034400,18750.5,18804.25,18746.0,18788.75,6557.0
1726038000,18788.25,18825.25,18785.0,18822.0,8771.0
1726041600,18820.75,18823.5,18764.75,18775.75,7231.0
1726045200,18776.75,18812.5,18767.0,18807.5,4256.0
1726048800,18806.25,18815.75,18788.25,18803.75,4294.0
1726052400,18803.5,18840.5,18792.75,18834.75,6185.0
1726056000,18834.75,18874.75,18730.5,18866.25,37292.0
1726059600,18885.5,18927.5,18773.25,18792.0,88984.0
1726063200,18792.25,18816.5,18547.0,18604.75,114508.0
1726066800,18604.25,18819.0,18569.5,18789.75,94069.0
1726070400,18789.0,18940.25,18784.0,18912.75,72414.0
1726074000,18912.25,19070.25,18908.0,19040.25,64061.0
1726077600,19040.0,19180.0,19031.5,19127.75,67841.0
1726081200,19127.75,19293.5,19097.75,19254.75,85813.0
1726084800,19255.25,19268.25,19229.0,19248.0,21161.0
1726092000,19241.5,19249.75,19226.25,19245.75,0.0
1726095600,19245.25,19249.5,19234.5,19244.0,1973.0
1726099200,19244.5,19283.25,19234.0,19251.0,6244.0
1726102800,19251.0,19289.25,19237.0,19278.5,6789.0
1726106400,19277.5,19305.5,19263.25,19280.0,4377.0
1726110000,19279.75,19310.5,19269.25,19308.5,3234.0
1726113600,19304.25,19325.0,19299.5,19313.75,2822.0
1726117200,19313.25,19329.25,19301.75,19310.5,3995.0
1726120800,19310.5,19342.75,19300.0,19302.5,6018.0
1726124400,19303.25,19339.5,19271.5,19282.0,12626.0
1726128000,19281.75,19315.75,19260.0,19299.0,7793.0
1726131600,19298.25,19332.25,19290.25,19295.25,5067.0
1726135200,19296.25,19310.0,19281.75,19288.25,4912.0
1726138800,19287.75,19303.75,19272.75,19299.5,6427.0
1726142400,19298.75,19329.5,19248.5,19259.0,26260.0
1726146000,19259.0,19286.5,19185.25,19257.0,91483.0
1726149600,19257.5,19366.25,19230.25,19310.25,95196.0
1726153200,19286.25,19388.75,19246.25,19265.75,69856.0
1726156800,19265.25,19383.25,19258.0,19381.5,44444.0
1726160400,19381.0,19469.25,19370.25,19466.0,46277.0
1726164000,19466.25,19483.5,19356.75,19454.0,53647.0
1726167600,19453.75,19464.25,19410.75,19451.0,54467.0
1726171200,19451.75,19458.5,19401.0,19413.5,18274.0
1726178400,19419.5,19446.0,19413.25,19443.0,0.0
1726182000,19442.5,19470.5,19442.5,19453.75,2353.0
1726185600,19454.25,19473.75,19443.75,19456.0,3294.0
1726189200,19456.0,19459.0,19434.25,19443.5,3028.0
1726192800,19444.0,19446.5,19420.25,19425.5,2333.0
1726196400,19425.25,19454.25,19424.25,19450.25,2577.0
1726200000,19443.25,19454.0,19440.0,19448.5,1236.0
1726203600,19448.5,19488.5,19444.75,19444.75,3855.0
1726207200,19445.75,19451.75,19430.5,19439.75,2873.0
1726210800,19440.5,19476.25,19433.5,19435.25,7361.0
1726214400,19435.75,19467.5,19425.0,19452.75,6142.0
1726218000,19453.25,19478.5,19447.25,19462.75,4248.0
1726221600,19462.0,19473.0,19453.5,19469.5,3613.0
1726225200,19469.75,19470.75,19439.25,19453.5,5855.0
1726228800,19452.5,19466.0,19412.75,19448.5,10558.0
1726232400,19448.75,19501.5,19398.25,19464.0,65940.0
1726236000,19466.25,19534.25,19413.25,19512.5,95272.0
1726239600,19512.25,19544.0,19498.75,19535.5,46438.0
1726243200,19535.0,19561.0,19478.0,19542.5,49712.0
1726246800,19542.25,19577.0,19536.0,19560.75,36092.0
1726250400,19561.0,19573.25,19496.5,19513.25,47404.0
1726254000,19513.25,19552.0,19492.0,19527.5,49797.0
1726257600,19527.25,19529.0,19501.25,19503.5,12347.0
1726437600,19498.0,19526.5,19479.0,19500.5,3506.0
1726441200,19500.5,19546.5,19498.5,19539.0,3106.0
1726444800,19540.0,19544.25,19513.75,19520.25,3060.0
1726448400,19518.25,19527.75,19496.25,19526.5,2399.0
1726452000,19527.0,19531.0,19510.75,19518.25,1301.0
1726455600,19519.0,19531.75,19511.5,19529.5,1125.0
1726459200,19532.0,19532.5,19523.75,19529.0,351.0
1726462800,19530.0,19530.25,19508.25,19518.0,1105.0
1726466400,19517.75,19518.5,19481.5,19492.25,2008.0
1726470000,19491.5,19521.25,19486.5,19519.0,3078.0
1726473600,19519.75,19543.0,19514.5,19527.5,3396.0
1726477200,19527.5,19538.25,19511.75,19516.25,2703.0
1726480800,19515.5,19516.5,19465.75,19493.0,5612.0
1726484400,19492.25,19493.25,19442.0,19453.25,5811.0
1726488000,19453.5,19460.25,19427.0,19434.5,14858.0
1726491600,19442.25,19463.5,19326.25,19428.75,60546.0
1726495200,19428.75,19460.25,19299.5,19340.25,66006.0
1726498800,19339.5,19411.0,19303.0,19367.75,37953.0
1726502400,19367.75,19389.0,19312.0,19386.75,33907.0
1726506000,19387.25,19437.0,19358.0,19428.25,25755.0
1726509600,19429.0,19438.0,19394.75,19433.75,23314.0
1726513200,19434.5,19453.0,19404.75,19437.75,28496.0
1726516800,19438.5,19440.75,19417.25,19419.5,6001.0
1726524000,19426.5,19464.5,19417.5,19451.5,0.0
1726527600,19451.5,19460.25,19439.0,19441.0,1399.0
1726531200,19441.0,19450.5,19419.0,19422.0,1847.0
1726534800,19421.0,19426.5,19403.25,19422.0,2026.0
1726538400,19422.5,19431.75,19415.5,19428.25,1221.0
1726542000,19429.5,19430.75,19406.5,19416.25,1256.0
1726545600,19417.5,19438.25,19415.25,19437.25,1029.0
1726549200,19437.75,19458.75,19436.5,19455.0,1346.0
1726552800,19456.5,19472.75,19442.5,19460.75,2061.0
1726556400,19460.25,19513.5,19458.75,19501.0,3874.0
1726560000,19502.25,19518.75,19496.25,19508.75,3270.0
1726563600,19508.5,19553.5,19507.5,19540.75,4079.0
1726567200,19541.25,19553.25,19517.0,19519.25,3554.0
1726570800,19520.0,19568.0,19506.5,19557.5,6424.0
1726574400,19557.0,19589.0,19531.75,19562.5,8841.0
1726578000,19562.75,19593.75,19476.25,19525.75,32888.0
1726581600,19527.0,19615.0,19511.75,19536.0,38507.0
1726585200,19546.75,19580.25,19506.0,19538.75,22755.0
1726588800,19542.0,19549.25,19364.25,19402.5,34409.0
1726592400,19401.5,19459.5,19341.0,19427.0,23424.0
1726596000,19427.0,19446.5,19374.0,19404.0,24783.0
1726599600,19402.5,19447.75,19386.0,19444.75,20351.0
1726603200,19444.75,19465.25,19436.0,19450.75,3343.0
1726610400,19451.0,19461.25,19443.0,19452.75,0.0
1726614000,19452.0,19471.75,19444.5,19468.75,671.0
1726617600,19468.75,19473.25,19458.5,19467.0,578.0
1726621200,19467.0,19478.25,19460.0,19474.5,798.0
1726624800,19475.25,19478.75,19469.0,19474.25,629.0
1726628400,19473.75,19474.0,19446.0,19448.0,968.0
1726632000,19453.25,19462.5,19433.5,19441.75,690.0
1726635600,19441.0,19456.25,19433.25,19453.75,1037.0
1726639200,19453.75,19483.0,19452.0,19478.25,1774.0
1726642800,19479.25,19490.0,19445.0,19460.75,2206.0
1726646400,19460.25,19462.25,19422.5,19451.0,2406.0
1726650000,19451.25,19476.0,19448.0,19474.75,1682.0
1726653600,19475.5,19479.75,19464.25,19478.25,1789.0
1726657200,19477.5,19494.5,19466.75,19467.5,2193.0
1726660800,19468.5,19496.25,19435.5,19490.75,4742.0
1726664400,19490.75,19499.0,19430.0,19472.25,15446.0
1726668000,19472.75,19488.0,19411.25,19454.25,15089.0
1726671600,19455.75,19472.5,19352.5,19362.5,10261.0
1726675200,19372.75,19476.75,19350.0,19471.0,10499.0
1726678800,19471.5,19494.25,19438.0,19460.75,8059.0
1726682400,19444.0,19660.0,19401.0,19491.5,20838.0
1726686000,19486.5,19540.5,19331.25,19350.25,25229.0
1726689600,19349.5,19431.75,19335.75,19398.75,4093.0
1726696800,19420.5,19456.5,19408.75,19436.5,0.0
1726700400,19436.5,19547.25,19411.5,19529.5,3015.0
1726704000,19532.75,19611.0,19474.75,19489.25,2878.0
1726707600,19487.75,19506.0,19446.0,19505.0,1361.0
1726711200,19510.0,19607.0,19500.0,19586.25,1428.0
1726714800,19586.0,19629.0,19563.25,19623.0,2909.0
1726718400,19621.25,19631.5,19612.0,19627.5,1734.0
1726722000,19627.5,19654.25,19606.5,19645.25,1905.0
1726725600,19644.5,19687.75,19628.75,19677.25,3344.0
1726729200,19677.0,19707.25,19646.0,19707.25,3238.0
1726732800,19706.75,19706.75,19666.5,19699.5,2549.0
1726736400,19700.0,19748.5,19687.75,19745.25,3009.0
1726740000,19745.25,19768.25,19731.25,19759.25,2769.0
1726743600,19753.5,19784.0,19742.75,19775.25,2814.0
1726747200,19773.75,19783.25,19756.0,19765.5,3963.0
1726750800,19759.0,19835.0,19727.75,19774.25,24780.0
1726754400,19772.25,19921.5,19765.0,19827.25,16688.0
1726758000,19830.75,19918.0,19813.75,19864.0,9915.0
1726761600,19864.0,19937.25,19858.25,19921.5,5900.0
1726765200,19920.5,19966.25,19902.25,19957.0,6956.0
1726768800,19956.25,19965.75,19871.5,19911.75,8855.0
1726772400,19911.75,19920.0,19827.75,19844.75,10938.0
1726776000,19834.75,19849.75,19812.0,19828.25,0.0
1726783200,19831.25,19835.0,19796.25,19813.75,375.0
1726786800,19812.25,19831.25,19810.25,19810.25,202.0
1726790400,19815.25,19820.25,19789.0,19803.25,167.0
1726794000,19797.25,19825.25,19796.75,19819.5,156.0
1726797600,19822.0,19832.75,19788.25,19788.25,162.0
1726801200,19793.25,19818.5,19789.5,19816.0,334.0
1726804800,19818.25,19826.0,19809.5,19820.25,70.0
1726808400,19817.0,19819.25,19795.0,19809.25,119.0
1726812000,19814.75,19817.5,19795.0,19795.0,225.0
1726815600,19794.75,19835.0,19791.0,19829.0,280.0
1726819200,19828.25,19828.25,19774.0,19790.25,275.0
1726822800,19787.25,19805.5,19773.5,19773.5,266.0
1726826400,19774.75,19786.0,19749.0,19757.25,328.0
1726830000,19763.25,19785.0,19749.5,19783.25,398.0
1726833600,19782.25,19838.25,19781.0,19827.0,864.0
1726837200,19829.5,19829.5,19783.0,19814.0,0.0
1726862400,20015.5,20015.5,20015.5,20015.5,470844.0
1727042400,20040.0,20049.0,19996.25,20037.0,3819.0
1727046000,20038.25,20066.5,20024.75,20062.25,2659.0
1727049600,20063.0,20136.0,20055.5,20132.0,7005.0
1727053200,20133.0,20149.0,20125.75,20131.25,4881.0
1727056800,20130.25,20160.5,20126.0,20148.75,4119.0
1727060400,20149.75,20164.0,20143.0,20145.25,3391.0
1727064000,20145.25,20157.75,20138.5,20142.0,1810.0
1727067600,20143.5,20144.25,20104.5,20106.25,3107.0
1727071200,20107.25,20108.25,20082.5,20086.75,4033.0
1727074800,20087.0,20088.5,19955.25,20060.0,14325.0
1727078400,20061.0,20072.5,20016.25,20045.5,9259.0
1727082000,20047.0,20082.75,20026.0,20078.0,5836.0
1727085600,20078.5,20090.5,20070.25,20072.25,4328.0
1727089200,20071.5,20084.0,20044.5,20078.75,6119.0
1727092800,20078.5,20097.25,20059.5,20087.5,9191.0
1727096400,20087.5,20099.25,20031.5,20066.0,53940.0
1727100000,20066.75,20126.75,20044.25,20095.25,66187.0
1727103600,20089.75,20125.75,20047.25,20105.25,48192.0
1727107200,20105.25,20108.0,20035.25,20046.25,40193.0
1727110800,20045.5,20078.5,20018.75,20073.5,29646.0
1727114400,20073.25,20085.75,20056.75,20081.25,22999.0
1727118000,20081.0,20089.25,20054.0,20076.5,36842.0
1727121600,20076.75,20085.5,20055.0,20063.25,9065.0
1727128800,20063.25,20066.5,20045.25,20050.75,0.0
1727132400,20052.25,20073.0,20043.0,20069.0,2086.0
1727136000,20068.25,20078.5,20039.5,20058.0,3197.0
1727139600,20058.5,20095.75,20046.0,20051.0,5177.0
1727143200,20050.0,20052.0,20022.5,20045.0,3648.0
1727146800,20044.0,20056.25,20032.5,20050.0,1818.0
1727150400,20048.0,20074.75,20045.0,20073.5,2110.0
1727154000,20074.25,20109.0,20074.25,20104.25,4029.0
1727157600,20105.0,20140.0,20095.25,20128.0,4841.0
1727161200,20128.75,20153.75,20100.0,20152.25,6647.0
1727164800,20151.75,20179.25,20134.25,20164.5,8744.0
1727168400,20164.75,20165.25,20122.25,20131.5,7685.0
1727172000,20131.5,20155.5,20113.25,20116.25,5644.0
1727175600,20116.25,20126.75,20050.75,20105.75,13815.0
1727179200,20106.0,20124.75,20085.75,20114.75,9560.0
1727182800,20117.25,20154.0,20083.0,20089.25,45192.0
1727186400,20091.5,20093.25,19953.0,20074.0,97442.0
1727190000,20074.0,20214.75,20069.5,20187.0,71619.0
1727193600,20187.5,20214.25,20160.25,20162.0,40017.0
1727197200,20162.5,20193.5,20151.0,20165.5,28453.0
1727200800,20165.25,20175.75,20109.0,20147.75,34926.0
1727204400,20147.25,20174.25,20138.75,20169.75,38410.0
1727208000,20170.0,20189.5,20162.25,20185.25,13224.0
1727215200,20183.75,20189.0,20173.75,20186.25,0.0
1727218800,20185.25,20192.25,20178.0,20179.75,1776.0
1727222400,20180.25,20183.0,20136.25,20142.25,4825.0
1727226000,20141.75,20155.75,20116.0,20125.5,4764.0
1727229600,20125.25,20137.0,20119.0,20122.5,2211.0
1727233200,20121.0,20142.25,20109.75,20125.0,3435.0
1727236800,20130.0,20140.0,20124.75,20129.25,1656.0
1727240400,20128.75,20139.75,20088.25,20099.0,3887.0
1727244000,20099.0,20104.75,20069.25,20073.25,4862.0
1727247600,20073.25,20115.5,20065.5,20108.0,6241.0
1727251200,20109.0,20115.0,20086.25,20096.25,5658.0
1727254800,20094.75,20112.5,20079.75,20109.5,4328.0
1727258400,20108.75,20136.25,20108.5,20130.75,7467.0
1727262000,20131.5,20141.5,20121.0,20140.25,4353.0
1727265600,20141.5,20158.0,20125.0,20149.25,7808.0
1727269200,20149.25,20234.0,20138.0,20232.0,57833.0
1727272800,20231.5,20271.0,20205.0,20230.0,64194.0
1727276400,20229.5,20245.5,20179.0,20206.75,51027.0
1727280000,20206.5,20216.0,20169.75,20178.5,33333.0
1727283600,20178.75,20203.0,20135.75,20200.75,43694.0
1727287200,20199.5,20206.5,20145.0,20190.0,29650.0
1727290800,20190.25,20200.0,20173.75,20194.75,33414.0
1727294400,20194.75,20245.0,20188.25,20242.0,17994.0
1727301600,20242.0,20255.25,20232.0,20247.0,0.0
1727305200,20248.0,20284.0,20241.5,20277.25,3849.0
1727308800,20276.75,20315.25,20276.0,20296.75,6205.0
1727312400,20297.25,20322.0,20286.75,20317.25,3883.0
1727316000,20317.25,20332.0,20309.75,20326.25,3613.0
1727319600,20326.0,20370.25,20326.0,20362.5,4089.0
1727323200,20363.0,20379.25,20360.25,20379.0,3542.0
1727326800,20379.5,20421.5,20364.0,20418.5,6786.0
1727330400,20417.75,20465.0,20417.75,20457.0,8881.0
1727334000,20458.75,20499.75,20451.0,20483.0,10077.0
1727337600,20483.75,20488.5,20455.5,20467.25,8279.0
1727341200,20467.25,20477.25,20454.5,20469.25,5439.0
1727344800,20468.25,20498.25,20460.75,20496.5,5163.0
1727348400,20497.5,20504.75,20476.75,20484.25,7802.0
1727352000,20485.5,20522.5,20462.5,20517.5,17350.0
1727355600,20517.0,20538.0,20405.0,20427.5,75518.0
1727359200,20428.0,20436.75,20205.75,20214.5,93398.0
1727362800,20214.5,20324.5,20188.0,20321.5,68320.0
1727366400,20321.5,20321.75,20228.0,20252.25,38555.0
1727370000,20251.75,20290.5,20189.0,20274.25,40971.0
1727373600,20274.0,20350.25,20274.0,20339.25,37820.0
1727377200,20339.0,20362.5,20321.5,20341.5,40913.0
1727380800,20341.75,20360.75,20336.0,20345.75,9619.0
1727388000,20345.0,20381.75,20343.5,20365.25,0.0
1727391600,20365.75,20367.0,20329.5,20343.75,3302.0
1727395200,20344.25,20345.25,20304.5,20336.0,4722.0
1727398800,20335.5,20342.0,20296.75,20299.5,4029.0
1727402400,20299.0,20309.0,20284.75,20295.75,4068.0
1727406000,20295.75,20323.75,20279.5,20319.75,3238.0
1727409600,20332.0,20350.25,20321.0,20347.0,3065.0
1727413200,20346.75,20358.5,20291.0,20319.5,5442.0
1727416800,20318.5,20333.25,20252.25,20273.5,7546.0
1727420400,20273.25,20302.0,20235.0,20247.75,9820.0
1727424000,20247.75,20323.0,20245.25,20293.0,7964.0
1727427600,20292.75,20323.75,20280.0,20306.0,5250.0
1727431200,20306.5,20322.5,20281.5,20292.75,4092.0
1727434800,20292.75,20346.25,20292.5,20345.75,5673.0
1727438400,20345.0,20395.75,20340.0,20376.75,17935.0
1727442000,20376.75,20392.5,20312.0,20327.0,52586.0
1727445600,20328.0,20376.5,20272.5,20307.5,66804.0
1727449200,20308.5,20312.5,20231.5,20235.5,48563.0
1727452800,20235.75,20268.5,20210.0,20261.5,36734.0
1727456400,20262.25,20284.75,20218.25,20280.25,32375.0
1727460000,20279.75,20293.0,20173.25,20248.5,47741.0
1727463600,20248.25,20255.0,20211.25,20223.5,42280.0
1727467200,20222.75,20227.0,20188.75,20193.0,12112.0
1727647200,20198.5,20245.25,20158.0,20244.5,4457.0
1727650800,20244.75,20282.5,20237.5,20273.75,3858.0
1727654400,20276.25,20287.0,20243.25,20247.0,4914.0
1727658000,20247.25,20247.75,20174.0,20191.75,7586.0
1727661600,20192.0,20192.0,20153.75,20189.0,3814.0
1727665200,20189.75,20222.5,20184.0,20220.25,3353.0
1727668800,20220.0,20226.75,20187.25,20196.75,2580.0
1727672400,20197.0,20204.0,20166.75,20172.5,3215.0
1727676000,20173.0,20197.0,20146.0,20187.5,5054.0
1727679600,20188.25,20247.25,20183.5,20224.0,7472.0
1727683200,20224.25,20224.5,20175.5,20197.0,6839.0
1727686800,20197.25,20208.0,20170.5,20204.0,4121.0
1727690400,20203.5,20219.0,20182.75,20195.5,4222.0
1727694000,20196.0,20198.5,20119.5,20130.0,9789.0
1727697600,20129.75,20176.25,20124.25,20169.75,9814.0
1727701200,20170.0,20262.5,20162.25,20204.25,57622.0
1727704800,20204.75,20221.25,20127.5,20179.75,64598.0
1727708400,20180.0,20234.75,20167.25,20206.5,45363.0
1727712000,20207.5,20254.5,20204.5,20212.0,33050.0
1727715600,20212.5,20218.0,20169.0,20205.5,37808.0
1727719200,20206.25,20212.0,20056.0,20147.25,81607.0
1727722800,20147.75,20286.75,20119.0,20271.0,83581.0
1727726400,20271.0,20275.5,20232.5,20233.25,17182.0
1727733600,20234.25,20245.75,20213.25,20234.5,0.0
1727737200,20233.5,20249.5,20221.0,20247.0,1903.0
1727740800,20247.0,20278.25,20222.25,20269.0,4380.0
1727744400,20269.25,20331.75,20269.0,20328.75,5483.0
1727748000,20327.25,20331.0,20282.75,20293.5,3921.0
1727751600,20293.25,20295.0,20268.5,20285.5,3161.0
1727755200,20283.25,20283.25,20252.75,20257.25,2845.0
1727758800,20257.0,20269.25,20233.0,20251.25,3660.0
1727762400,20252.25,20282.75,20243.5,20267.25,3930.0
1727766000,20266.5,20290.25,20215.0,20286.0,8495.0
1727769600,20285.25,20291.75,20251.0,20270.0,6293.0
1727773200,20270.0,20283.0,20255.75,20278.0,3129.0
1727776800,20278.25,20319.25,20271.25,20315.0,4523.0
1727780400,20314.25,20324.75,20256.75,20272.75,8670.0
1727784000,20272.0,20286.5,20253.0,20276.0,7425.0
1727787600,20275.25,20280.0,19978.5,20044.0,99337.0
1727791200,20044.5,20078.25,19866.25,19923.75,113690.0
1727794800,19923.5,19976.5,19821.0,19923.0,88813.0
1727798400,19923.25,19996.0,19855.0,19934.5,74969.0
1727802000,19935.0,20001.0,19844.5,19999.25,68313.0
1727805600,19998.75,20081.25,19996.5,20054.25,59633.0
1727809200,20054.5,20064.25,19953.25,19978.25,57711.0
1727812800,19978.25,20016.5,19954.0,19962.25,16811.0
1727820000,19975.25,19986.0,19905.75,19918.25,0.0
1727823600,19918.25,19948.0,19891.25,19932.75,4743.0
1727827200,19933.25,19966.75,19924.0,19949.75,4730.0
1727830800,19951.0,19990.25,19945.5,19984.0,4129.0
1727834400,19985.25,19996.0,19956.75,19967.5,3390.0
1727838000,19967.5,19990.75,19942.25,19983.0,3852.0
1727841600,19980.5,19983.5,19910.25,19930.25,3620.0
1727845200,19928.75,19946.75,19880.25,19920.5,4823.0
1727848800,19921.25,19940.0,19891.0,19931.0,5224.0
1727852400,19931.75,19971.5,19899.0,19953.0,7648.0
1727856000,19952.0,19971.0,19932.25,19945.25,5148.0
1727859600,19945.75,19946.75,19893.0,19912.25,6047.0
1727863200,19912.0,19972.0,19878.75,19958.25,7288.0
1727866800,19959.5,19975.75,19924.25,19933.5,7739.0
1727870400,19934.5,20010.75,19925.25,19980.5,15703.0
1727874000,19981.0,19987.0,19833.5,19915.25,75261.0
1727877600,19916.0,20056.75,19905.5,19996.5,85536.0
1727881200,19996.75,20090.25,19991.25,20060.75,54262.0
1727884800,20061.25,20084.75,19977.75,19980.5,38677.0
1727888400,19980.0,20048.5,19968.5,20045.25,41444.0
1727892000,20044.25,20058.25,19985.75,20024.75,32916.0
1727895600,20024.75,20058.0,20004.75,20009.25,40973.0
1727899200,20010.0,20072.5,20004.0,20056.25,12295.0
1727906400,20055.5,20068.0,20042.5,20044.75,0.0
1727910000,20045.0,20056.75,20029.75,20055.25,2659.0
1727913600,20054.5,20055.5,19983.5,19998.75,6200.0
1727917200,20000.25,20015.0,19950.0,19975.25,6459.0
1727920800,19975.75,19987.75,19954.0,19962.5,3578.0
1727924400,19962.0,19981.25,19935.0,19947.5,4357.0
1727928000,19951.75,19958.0,19939.25,19945.0,1747.0
1727931600,19945.25,19966.5,19931.0,19939.0,2930.0
1727935200,19938.0,19972.5,19924.25,19964.25,5253.0
1727938800,19962.25,19966.75,19852.0,19885.0,13017.0
1727942400,19885.0,19929.5,19883.0,19909.75,8196.0
1727946000,19910.0,19924.75,19897.0,19918.75,4530.0
1727949600,19917.0,19947.5,19904.0,19947.25,4656.0
1727953200,19946.5,19977.5,19929.5,19977.5,6514.0
1727956800,19977.5,19995.0,19918.0,19921.5,16356.0
1727960400,19921.0,20048.25,19894.75,20023.0,63650.0
1727964000,20024.5,20113.5,19912.5,19940.0,130008.0
1727967600,19940.75,20059.5,19926.5,20040.25,55341.0
1727971200,20039.75,20051.75,19901.75,19920.0,49569.0
1727974800,19920.75,19988.75,19879.0,19962.75,49557.0
1727978400,19963.0,19975.75,19924.75,19942.75,27502.0
1727982000,19942.75,20006.75,19913.75,19988.0,45969.0
1727985600,19989.0,20017.5,19955.25,19958.25,11173.0
1727992800,19965.5,19995.75,19941.5,19981.0,0.0
1727996400,19981.0,19990.75,19967.5,19983.5,2465.0
1728000000,19982.5,19985.0,19948.25,19981.25,3013.0
1728003600,19981.0,20051.25,19971.0,20042.5,5389.0
1728007200,20043.5,20069.5,20029.75,20039.25,4522.0
1728010800,20039.25,20044.25,20004.0,20011.75,3357.0
1728014400,20018.25,20035.0,19992.75,20004.25,3420.0
1728018000,20005.0,20030.0,20000.75,20015.25,3285.0
1728021600,20017.0,20019.25,19995.0,19996.0,2810.0
1728025200,19975.0,20039.5,19972.0,20033.0,6409.0
1728028800,20032.25,20042.5,19999.25,20002.5,5247.0
1728032400,20003.5,20040.75,19995.0,20037.5,3805.0
1728036000,20037.75,20077.5,20036.75,20051.0,6673.0
1728039600,20051.25,20085.5,20043.25,20062.75,6354.0
1728043200,20063.5,20246.0,20051.5,20244.75,40657.0
1728046800,20245.0,20263.75,20073.0,20085.5,90340.0
1728050400,20086.5,20129.25,20013.25,20126.75,103710.0
1728054000,20126.0,20160.5,20034.25,20141.5,72402.0
1728057600,20141.5,20182.25,20081.5,20154.0,49798.0
1728061200,20154.0,20171.0,20083.75,20115.5,39217.0
1728064800,20115.75,20171.5,20093.5,20170.25,33512.0
1728068400,20170.25,20245.5,20154.75,20227.0,50715.0
1728072000,20227.25,20233.25,20197.25,20202.25,11819.0
1728252000,20220.0,20267.25,20208.0,20247.0,5448.0
1728255600,20247.25,20264.5,20227.75,20231.0,3401.0
1728259200,20230.0,20236.25,20201.25,20218.0,5142.0
1728262800,20217.0,20263.75,20203.25,20215.5,6914.0
1728266400,20215.25,20236.75,20211.25,20218.0,3279.0
1728270000,20217.0,20228.75,20206.0,20219.75,2474.0
1728273600,20219.0,20234.0,20210.0,20217.0,2247.0
1728277200,20217.0,20220.0,20183.75,20189.75,3256.0
1728280800,20189.0,20213.75,20169.0,20210.0,4907.0
1728284400,20211.0,20212.75,20132.5,20145.0,12080.0
1728288000,20144.75,20165.0,20112.0,20113.25,7574.0
1728291600,20113.25,20114.0,20058.0,20095.0,11015.0
1728295200,20095.5,20105.0,20075.25,20100.5,5465.0
1728298800,20101.0,20118.0,20080.0,20111.0,6393.0
1728302400,20110.75,20142.25,20102.5,20125.5,9506.0
1728306000,20126.0,20163.75,20088.75,20110.0,59055.0
1728309600,20110.75,20183.0,20104.5,20165.0,60536.0
1728313200,20166.0,20176.0,20119.0,20150.25,36812.0
1728316800,20150.75,20168.0,20107.75,20133.5,31867.0
1728320400,20146.75,20163.25,20113.25,20148.75,25170.0
1728324000,20148.5,20152.75,19961.0,19969.25,65217.0
1728327600,19969.5,20028.25,19948.0,19987.0,57229.0
1728331200,20011.75,20034.0,20003.75,20017.0,17787.0
1728338400,20025.75,20031.0,19902.5,19962.0,0.0
1728342000,19963.5,20004.5,19954.75,19983.0,5264.0
1728345600,19984.0,20030.75,19984.0,20015.5,4273.0
1728349200,20015.75,20020.5,19955.0,19979.5,6174.0
1728352800,19979.75,20012.0,19955.5,19999.5,5974.0
1728356400,19998.25,20012.0,19970.0,19977.75,3161.0
1728360000,19992.75,20010.5,19989.0,20001.75,1666.0
1728363600,20002.25,20011.75,19965.75,19979.0,4275.0
1728367200,19978.5,19989.5,19954.25,19979.25,4120.0
1728370800,19980.25,20027.25,19942.5,20007.0,10024.0
1728374400,20006.75,20025.25,19986.0,20018.5,6949.0
1728378000,20018.25,20089.75,20018.25,20073.0,10853.0
1728381600,20072.75,20095.0,20054.5,20089.25,6917.0
1728385200,20088.75,20101.0,20069.5,20093.75,6705.0
1728388800,20094.5,20104.0,20057.75,20065.0,8419.0
1728392400,20064.75,20157.5,20056.25,20156.0,59455.0
1728396000,20155.75,20273.75,20155.25,20239.0,81168.0
1728399600,20240.25,20261.75,20211.5,20257.75,37012.0
1728403200,20257.25,20257.25,20200.0,20232.75,29419.0
1728406800,20231.25,20234.0,20164.75,20232.0,37910.0
1728410400,20232.0,20282.75,20223.0,20274.0,29542.0
1728414000,20273.75,20329.5,20255.25,20300.0,53587.0
1728417600,20300.5,20300.5,20276.25,20286.25,14220.0
1728424800,20294.25,20294.25,20271.0,20289.75,0.0
1728428400,20289.5,20297.0,20271.0,20274.0,2381.0
1728432000,20274.5,20281.0,20264.5,20277.75,2108.0
1728435600,20277.75,20289.25,20261.25,20274.75,4267.0
1728439200,20274.0,20274.0,20238.75,20246.25,4290.0
1728442800,20245.5,20249.75,20233.75,20235.5,2678.0
1728446400,20240.75,20246.0,20222.75,20231.25,1745.0
1728450000,20231.0,20251.75,20226.5,20232.25,3649.0
1728453600,20231.75,20241.75,20210.25,20231.5,4262.0
1728457200,20231.5,20241.5,20196.0,20227.5,7147.0
1728460800,20227.5,20248.0,20209.0,20243.25,6450.0
1728464400,20243.25,20268.75,20241.75,20262.5,3949.0
1728468000,20262.0,20293.0,20255.0,20281.25,4851.0
1728471600,20280.5,20291.5,20254.0,20256.75,5619.0
1728475200,20258.0,20278.75,20249.25,20271.5,9382.0
1728478800,20271.0,20300.75,20238.5,20266.0,55485.0
1728482400,20265.5,20363.75,20263.25,20361.25,67785.0
1728486000,20361.75,20448.25,20360.75,20445.5,49698.0
1728489600,20446.0,20447.25,20368.0,20395.5,43006.0
1728493200,20395.25,20429.25,20377.25,20398.75,32262.0
1728496800,20399.75,20461.75,20389.0,20433.5,35951.0
1728500400,20433.25,20482.5,20405.25,20458.25,50280.0
1728504000,20458.25,20459.0,20417.25,20449.25,15296.0
1728511200,20445.25,20452.75,20435.75,20449.0,0.0
1728514800,20448.25,20461.5,20438.75,20450.0,2298.0
1728518400,20450.75,20458.25,20435.75,20452.25,2331.0
1728522000,20450.0,20463.75,20445.75,20451.0,2488.0
1728525600,20450.25,20472.25,20443.5,20468.25,2317.0
1728529200,20467.75,20474.0,20459.5,20472.25,1833.0
1728532800,20468.0,20469.5,20462.75,20464.0,912.0
1728536400,20463.75,20474.0,20439.25,20443.0,2410.0
1728540000,20442.75,20455.5,20423.5,20447.0,3830.0
1728543600,20447.0,20452.75,20413.0,20422.75,5213.0
1728547200,20422.5,20432.5,20405.75,20418.25,4789.0
1728550800,20418.75,20435.5,20408.5,20431.5,4544.0
1728554400,20431.25,20434.0,20407.75,20409.75,3511.0
1728558000,20409.0,20439.75,20401.25,20437.25,5223.0
1728561600,20437.75,20478.5,20322.25,20361.5,34443.0
1728565200,20361.25,20390.0,20301.5,20357.25,69540.0
1728568800,20357.5,20420.0,20353.75,20382.25,64091.0
1728572400,20382.25,20477.5,20363.0,20475.25,43831.0
1728576000,20475.0,20508.25,20416.75,20438.75,53987.0
1728579600,20439.25,20473.25,20378.5,20445.75,47428.0
1728583200,20445.75,20446.5,20372.5,20419.25,33386.0
1728586800,20419.0,20443.5,20388.75,20429.5,44177.0
1728590400,20429.5,20441.25,20417.25,20433.0,8477.0
1728597600,20435.0,20440.0,20426.0,20435.25,0.0
1728601200,20435.75,20464.75,20435.75,20452.25,3032.0
1728604800,20452.25,20463.75,20443.0,20447.75,2325.0
1728608400,20447.5,20463.75,20444.5,20451.0,2017.0
1728612000,20451.25,20458.25,20439.5,20449.0,1686.0
1728615600,20450.0,20468.25,20443.5,20457.75,2755.0
1728619200,20450.5,20453.5,20432.75,20435.25,1546.0
1728622800,20435.25,20436.5,20414.5,20425.0,1958.0
1728626400,20426.75,20433.25,20411.75,20414.5,2599.0
1728630000,20415.0,20418.5,20371.75,20410.5,6096.0
1728633600,20409.5,20411.75,20354.0,20359.75,6888.0
1728637200,20360.75,20383.0,20356.5,20368.75,4104.0
1728640800,20369.0,20389.75,20359.25,20382.25,4633.0
1728644400,20381.5,20386.75,20363.5,20367.5,4295.0
1728648000,20367.75,20416.25,20355.0,20369.0,18103.0
1728651600,20369.25,20379.75,20314.75,20359.25,56193.0
1728655200,20358.5,20481.0,20325.75,20428.25,85449.0
1728658800,20428.0,20472.0,20405.75,20469.25,39181.0
1728662400,20469.25,20471.25,20404.5,20440.25,32998.0
1728666000,20440.25,20452.0,20417.25,20436.75,21939.0
1728669600,20436.75,20476.0,20425.0,20467.5,25765.0
1728673200,20467.0,20494.25,20446.25,20449.75,40436.0
1728676800,20449.75,20453.5,20406.5,20413.25,13452.0
1728856800,20432.5,20443.75,20407.5,20440.25,3334.0
1728860400,20440.25,20450.75,20423.0,20426.5,3003.0
1728864000,20427.25,20432.5,20410.25,20415.0,2745.0
1728867600,20415.0,20419.25,20395.0,20400.25,3850.0
1728871200,20399.5,20409.75,20383.25,20402.75,3373.0
1728874800,20404.0,20416.5,20390.25,20408.75,2355.0
1728878400,20408.0,20414.0,20403.25,20412.25,822.0
1728882000,20413.25,20433.5,20411.25,20431.0,2728.0
1728885600,20430.5,20447.25,20425.0,20441.0,3350.0
1728889200,20441.25,20467.0,20424.25,20464.75,5064.0
1728892800,20464.5,20483.5,20455.75,20464.0,5797.0
1728896400,20465.0,20490.0,20465.0,20487.75,3666.0
1728900000,20488.0,20526.5,20487.75,20510.5,7138.0
1728903600,20511.0,20518.0,20497.75,20506.75,4742.0
1728907200,20507.25,20541.0,20502.5,20539.0,6677.0
1728910800,20538.75,20671.25,20538.25,20670.75,63763.0
1728914400,20671.75,20680.0,20551.0,20563.0,69041.0
1728918000,20563.25,20586.75,20525.0,20584.25,55134.0
1728921600,20584.0,20618.5,20578.0,20604.25,27902.0
1728925200,20604.5,20624.0,20594.25,20607.75,21853.0
1728928800,20608.0,20642.0,20596.5,20626.25,26139.0
1728932400,20626.25,20666.75,20613.0,20621.25,49572.0
1728936000,20621.5,20640.75,20602.75,20638.5,12827.0
1728943200,20638.75,20640.75,20614.25,20626.0,0.0
1728946800,20625.75,20635.75,20619.75,20632.0,1547.0
1728950400,20632.0,20634.75,20590.0,20603.0,4710.0
1728954000,20602.25,20631.75,20598.25,20628.75,3111.0
1728957600,20628.5,20637.25,20619.0,20623.0,1757.0
1728961200,20622.25,20635.0,20616.75,20633.0,2029.0
1728964800,20629.25,20633.25,20624.75,20629.5,869.0
1728968400,20628.75,20630.5,20606.0,20607.5,1898.0
1728972000,20608.75,20613.0,20591.0,20591.5,2912.0
1728975600,20591.5,20612.0,20587.25,20602.25,4356.0
1728979200,20602.0,20608.75,20563.5,20581.0,7212.0
1728982800,20582.0,20589.0,20567.75,20584.75,4438.0
1728986400,20584.75,20622.0,20578.75,20608.25,5984.0
1728990000,20608.5,20620.75,20594.0,20613.0,5382.0
1728993600,20613.0,20630.75,20604.0,20624.25,8020.0
1728997200,20624.5,20659.25,20605.75,20629.25,57053.0
1729000800,20629.0,20648.25,20331.25,20399.0,133674.0
1729004400,20400.0,20448.0,20345.5,20350.5,66583.0
1729008000,20350.5,20416.5,20337.75,20376.5,38786.0
1729011600,20376.0,20389.25,20334.25,20358.75,36746.0
1729015200,20359.25,20389.0,20323.25,20330.25,31988.0
1729018800,20330.25,20350.25,20254.0,20343.5,75284.0
1729022400,20344.0,20355.5,20320.75,20333.25,12103.0
1729029600,20334.5,20352.0,20306.0,20350.5,0.0
1729033200,20350.5,20365.75,20347.25,20351.75,2975.0
1729036800,20352.0,20373.5,20345.0,20356.5,3797.0
1729040400,20356.0,20376.25,20340.5,20367.0,3439.0
1729044000,20366.75,20383.75,20360.5,20377.75,3332.0
1729047600,20378.25,20390.75,20370.75,20389.75,2225.0
1729051200,20391.75,20395.75,20383.0,20390.0,1924.0
1729054800,20390.5,20398.5,20376.0,20392.0,3287.0
1729058400,20391.75,20393.25,20365.5,20377.25,4359.0
1729062000,20377.75,20393.25,20330.0,20390.25,8644.0
1729065600,20389.75,20392.25,20336.0,20360.0,7913.0
1729069200,20359.5,20383.0,20350.75,20364.5,5713.0
1729072800,20364.5,20368.75,20349.0,20362.0,2811.0
1729076400,20365.5,20386.0,20356.75,20375.5,4633.0
1729080000,20375.25,20378.5,20341.25,20350.75,8003.0
1729083600,20350.5,20378.25,20215.25,20223.75,73413.0
1729087200,20224.25,20349.25,20206.25,20273.5,83743.0
1729090800,20273.75,20329.5,20266.0,20275.0,43943.0
1729094400,20274.75,20337.75,20270.0,20335.25,30404.0
1729098000,20335.5,20348.75,20303.25,20337.25,29563.0
1729101600,20337.0,20379.25,20318.0,20362.0,32492.0
1729105200,20362.0,20370.25,20331.25,20347.0,40108.0
1729108800,20346.75,20348.5,20318.75,20328.0,11804.0
1729116000,20328.0,20335.5,20318.75,20330.25,0.0
1729119600,20329.25,20331.0,20310.75,20314.0,1766.0
1729123200,20313.25,20326.75,20276.75,20314.0,4851.0
1729126800,20314.75,20325.25,20295.25,20318.75,2928.0
1729130400,20318.0,20324.5,20279.75,20305.25,3414.0
1729134000,20304.75,20311.5,20293.0,20295.5,1755.0
1729137600,20294.75,20300.0,20288.0,20296.25,1118.0
1729141200,20296.25,20347.5,20293.5,20341.5,4581.0
1729144800,20342.25,20474.5,20340.5,20431.0,16951.0
1729148400,20431.25,20455.5,20405.25,20448.25,8234.0
1729152000,20447.0,20495.5,20438.0,20492.25,8285.0
1729155600,20493.25,20507.0,20466.25,20490.75,5970.0
1729159200,20490.25,20536.25,20487.0,20529.25,6757.0
1729162800,20528.5,20528.75,20505.0,20518.0,6660.0
1729166400,20517.75,20560.75,20510.5,20558.75,18879.0
1729170000,20559.25,20594.75,20402.75,20434.25,96490.0
1729173600,20434.25,20464.0,20366.5,20399.75,89235.0
1729177200,20401.0,20511.0,20369.0,20508.5,50123.0
1729180800,20508.0,20528.75,20447.0,20467.5,40291.0
1729184400,20467.25,20501.25,20459.25,20477.5,26384.0
1729188000,20477.5,20484.0,20365.75,20431.75,59505.0
1729191600,20431.75,20436.0,20354.0,20363.75,54898.0
1729195200,20364.0,20412.0,20355.5,20383.5,14896.0
1729202400,20384.0,20413.5,20377.0,20407.25,0.0
1729206000,20407.25,20414.5,20397.0,20405.25,1577.0
1729209600,20406.0,20406.75,20320.75,20360.5,7359.0
1729213200,20360.0,20385.0,20349.5,20379.25,3402.0
1729216800,20380.25,20392.0,20365.0,20378.25,3532.0
1729220400,20378.25,20385.5,20352.5,20362.0,2068.0
1729224000,20363.25,20380.75,20361.5,20373.75,1619.0
1729227600,20374.25,20407.0,20369.5,20404.75,2564.0
1729231200,20404.5,20432.75,20397.0,20430.0,4346.0
1729234800,20430.75,20455.75,20422.0,20454.25,5006.0
1729238400,20455.25,20468.0,20435.5,20448.75,5621.0
1729242000,20450.0,20462.25,20423.5,20429.25,4304.0
1729245600,20430.0,20450.5,20418.5,20448.25,3897.0
1729249200,20448.0,20479.75,20436.75,20468.25,6550.0
1729252800,20468.5,20485.75,20456.75,20478.5,7439.0
1729256400,20478.75,20510.5,20433.0,20475.25,68919.0
1729260000,20476.0,20523.25,20452.0,20463.25,57999.0
1729263600,20470.75,20529.75,20459.25,20469.0,50196.0
1729267200,20469.0,20521.5,20442.0,20496.25,36440.0
1729270800,20496.5,20523.75,20479.25,20485.5,30382.0
1729274400,20485.75,20508.75,20451.75,20492.25,24954.0
1729278000,20492.25,20496.0,20457.25,20482.5,36346.0
1729281600,20482.0,20504.0,20474.0,20484.25,11601.0
1729461600,20496.25,20523.75,20496.0,20516.5,3038.0
1729465200,20516.25,20526.0,20505.25,20513.75,2716.0
1729468800,20514.5,20523.25,20499.0,20510.75,2768.0
1729472400,20510.0,20520.0,20505.5,20507.5,2389.0
1729476000,20508.5,20510.5,20484.75,20490.75,3078.0
1729479600,20489.5,20500.25,20476.0,20479.5,2665.0
1729483200,20480.0,20483.25,20465.25,20469.25,1883.0
1729486800,20468.25,20471.5,20444.5,20448.5,3438.0
1729490400,20448.0,20460.25,20425.0,20434.5,4451.0
1729494000,20434.5,20460.75,20427.25,20439.75,4821.0
1729497600,20440.0,20459.75,20437.75,20454.0,4048.0
1729501200,20454.25,20456.75,20394.75,20424.25,7072.0
1729504800,20425.25,20431.5,20369.5,20371.75,7633.0
1729508400,20371.25,20382.75,20343.75,20359.0,8411.0
1729512000,20359.25,20408.5,20351.0,20401.5,9989.0
1729515600,20400.75,20502.5,20396.5,20493.25,53095.0
1729519200,20493.5,20554.5,20382.0,20427.75,95338.0
1729522800,20428.5,20465.0,20345.0,20456.25,77541.0
1729526400,20455.5,20477.0,20426.0,20470.75,34770.0
1729530000,20471.0,20497.25,20455.25,20491.75,28693.0
1729533600,20492.0,20496.5,20451.25,20457.75,25332.0
1729537200,20458.25,20523.0,20446.0,20520.0,45951.0
1729540800,20520.0,20547.25,20511.75,20538.75,14598.0
1729548000,20536.5,20544.0,20514.5,20515.75,0.0
1729551600,20516.25,20526.75,20508.75,20516.0,1720.0
1729555200,20516.0,20516.25,20472.5,20476.5,5583.0
1729558800,20477.0,20483.75,20459.75,20470.75,4998.0
1729562400,20470.5,20484.25,20457.0,20459.75,3341.0
1729566000,20459.0,20477.0,20458.0,20466.75,2077.0
1729569600,20462.0,20474.25,20450.0,20451.0,2228.0
1729573200,20452.0,20469.75,20440.25,20453.25,2915.0
1729576800,20453.25,20463.75,20432.5,20447.25,3784.0
1729580400,20448.5,20488.0,20440.5,20465.75,5702.0
1729584000,20465.25,20475.5,20430.25,20430.75,6281.0
1729587600,20430.25,20434.5,20375.75,20384.0,11529.0
1729591200,20383.75,20411.75,20376.25,20395.75,7758.0
1729594800,20397.25,20434.0,20397.25,20410.25,8669.0
1729598400,20410.5,20445.0,20360.25,20394.25,18777.0
1729602000,20394.5,20479.5,20363.25,20460.25,70681.0
1729605600,20461.0,20520.0,20439.75,20492.25,75159.0
1729609200,20493.25,20511.75,20455.5,20473.25,39957.0
1729612800,20473.0,20505.0,20425.25,20499.0,45915.0
1729616400,20499.0,20576.5,20480.25,20574.5,45349.0
1729620000,20574.75,20602.25,20513.0,20521.25,41270.0
1729623600,20521.25,20572.5,20516.0,20540.0,42280.0
1729627200,20540.25,20541.5,20507.75,20519.0,16179.0
1729634400,20521.0,20521.0,20490.5,20505.0,0.0
1729638000,20505.0,20532.25,20499.25,20529.5,2811.0
1729641600,20530.5,20536.0,20493.25,20497.0,2835.0
1729645200,20498.75,20515.75,20492.5,20507.25,2438.0
1729648800,20508.25,20524.75,20501.25,20519.5,2509.0
1729652400,20520.25,20529.75,20509.0,20513.5,1933.0
1729656000,20511.25,20521.5,20510.25,20519.5,1414.0
1729659600,20518.25,20528.0,20506.5,20507.0,1917.0
1729663200,20508.0,20512.25,20494.5,20501.25,2578.0
1729666800,20501.5,20542.5,20495.5,20506.5,6723.0
1729670400,20504.75,20520.0,20483.75,20488.75,4828.0
1729674000,20488.75,20505.75,20473.5,20484.5,5970.0
1729677600,20484.25,20485.75,20448.5,20457.75,6803.0
1729681200,20457.0,20484.75,20453.75,20471.25,6977.0
1729684800,20471.25,20494.5,20443.5,20454.75,13030.0
1729688400,20454.75,20462.75,20407.75,20433.0,68771.0
1729692000,20433.0,20457.75,20346.0,20392.0,100589.0
1729695600,20393.0,20418.25,20303.0,20358.5,78589.0
1729699200,20357.75,20357.75,20232.5,20248.5,64220.0
1729702800,20248.75,20248.75,20121.25,20126.25,67653.0
1729706400,20125.5,20189.25,20079.0,20177.5,64949.0
1729710000,20177.25,20231.25,20143.0,20218.5,70821.0
1729713600,20218.75,20299.5,20206.0,20274.5,25511.0
1729720800,20294.25,20298.5,20275.75,20286.5,0.0
1729724400,20287.5,20295.0,20268.0,20290.0,2297.0
1729728000,20290.25,20338.25,20276.0,20337.25,5495.0
1729731600,20336.0,20337.5,20321.75,20325.75,3905.0
1729735200,20325.0,20338.0,20310.25,20330.5,3231.0
1729738800,20331.75,20343.5,20319.25,20320.25,3675.0
1729742400,20321.5,20326.25,20310.5,20322.75,1964.0
1729746000,20323.25,20329.25,20306.5,20324.0,2019.0
1729749600,20323.0,20342.0,20315.25,20318.0,3837.0
1729753200,20318.5,20388.0,20314.5,20380.75,8262.0
1729756800,20381.25,20401.75,20352.5,20373.0,7393.0
1729760400,20373.75,20383.5,20363.0,20377.0,3733.0
1729764000,20377.25,20394.5,20369.75,20378.25,4337.0
1729767600,20378.75,20419.75,20370.25,20415.25,7173.0
1729771200,20415.25,20428.5,20376.25,20382.75,14460.0
1729774800,20383.0,20406.0,20296.25,20337.0,68580.0
1729778400,20337.25,20378.25,20306.0,20316.5,77399.0
1729782000,20316.75,20367.75,20264.0,20327.5,56753.0
1729785600,20328.25,20365.5,20261.75,20357.25,51326.0
1729789200,20357.5,20389.0,20341.0,20344.5,35267.0
1729792800,20345.5,20383.5,20327.25,20368.5,30215.0
1729796400,20368.0,20408.5,20344.0,20380.0,49338.0
1729800000,20380.0,20413.5,20371.5,20391.0,12523.0
1729807200,20388.5,20400.0,20375.0,20379.5,0.0
1729810800,20379.5,20381.75,20364.0,20380.75,1937.0
1729814400,20381.75,20403.0,20372.25,20397.0,2898.0
1729818000,20399.75,20411.25,20395.0,20397.25,2756.0
1729821600,20396.5,20410.5,20393.5,20398.0,2237.0
1729825200,20398.25,20400.75,20371.0,20373.0,2580.0
1729828800,20367.5,20376.0,20364.75,20371.75,2214.0
1729832400,20372.5,20395.75,20367.25,20389.75,2611.0
1729836000,20390.0,20406.25,20381.5,20387.0,3354.0
1729839600,20386.75,20439.0,20383.25,20438.25,6468.0
1729843200,20437.75,20444.0,20397.75,20420.75,6679.0
1729846800,20420.25,20445.75,20419.0,20434.0,4630.0
1729850400,20434.75,20444.0,20426.0,20430.0,3053.0
1729854000,20429.5,20457.0,20410.0,20445.5,6694.0
1729857600,20445.0,20494.0,20443.0,20491.75,13700.0
1729861200,20492.0,20658.0,20490.25,20649.5,91716.0
1729864800,20649.25,20707.25,20621.0,20656.0,99407.0
1729868400,20656.0,20675.75,20603.25,20620.25,63738.0
1729872000,20620.25,20664.75,20608.75,20639.0,37283.0
1729875600,20639.5,20642.25,20483.5,20510.5,82669.0
1729879200,20510.75,20562.0,20460.0,20543.0,61952.0
1729882800,20543.5,20544.5,20482.25,20494.75,55042.0
1729886400,20495.0,20504.25,20472.0,20476.0,15306.0
1730066400,20525.5,20622.25,20525.25,20608.0,6218.0
1730070000,20608.0,20615.5,20586.25,20598.25,4010.0
1730073600,20597.75,20649.0,20592.0,20614.75,6431.0
1730077200,20614.75,20646.5,20612.5,20626.0,5353.0
1730080800,20626.0,20637.5,20614.0,20626.75,2970.0
1730084400,20626.0,20634.5,20600.75,20615.5,2982.0
1730088000,20612.25,20658.5,20610.75,20656.25,3811.0
1730091600,20656.5,20658.5,20605.0,20607.75,3913.0
1730095200,20607.75,20635.25,20602.0,20621.0,3588.0
1730098800,20620.0,20651.5,20613.75,20629.75,5911.0
1730102400,20630.75,20668.0,20607.0,20661.0,9748.0
1730106000,20661.25,20670.5,20641.0,20670.0,5588.0
1730109600,20669.5,20676.5,20629.0,20633.0,5853.0
1730113200,20632.5,20639.25,20610.25,20619.0,7556.0
1730116800,20619.25,20660.5,20580.75,20659.5,15503.0
1730120400,20658.75,20665.75,20529.5,20556.25,65631.0
1730124000,20555.5,20618.0,20552.5,20575.25,63567.0
1730127600,20575.25,20579.75,20524.5,20531.25,49865.0
1730131200,20529.25,20571.5,20516.5,20530.25,36260.0
1730134800,20530.25,20560.25,20506.75,20555.5,30985.0
1730138400,20555.5,20560.0,20504.5,20523.25,33510.0
1730142000,20523.5,20539.25,20486.0,20500.25,44680.0
1730145600,20500.5,20523.25,20490.5,20507.25,12225.0
1730152800,20513.0,20525.5,20489.25,20498.25,0.0
1730156400,20498.25,20510.75,20494.5,20507.0,1891.0
1730160000,20508.0,20523.5,20476.25,20513.25,4242.0
1730163600,20513.5,20519.5,20489.0,20507.0,4378.0
1730167200,20507.25,20511.75,20489.75,20501.0,2900.0
1730170800,20500.75,20518.25,20456.0,20462.0,4252.0
1730174400,20466.0,20493.5,20464.75,20492.0,4217.0
1730178000,20491.5,20509.5,20482.25,20507.0,2794.0
1730181600,20507.0,20548.5,20506.75,20544.0,3564.0
1730185200,20543.0,20554.75,20525.75,20527.75,4908.0
1730188800,20528.25,20546.5,20482.0,20526.0,11606.0
1730192400,20526.75,20529.5,20491.25,20517.0,7666.0
1730196000,20517.5,20520.75,20490.75,20513.25,4875.0
1730199600,20513.25,20517.25,20482.25,20494.25,8514.0
1730203200,20493.5,20503.75,20461.0,20488.0,11648.0
1730206800,20489.25,20526.5,20432.25,20514.5,60111.0
1730210400,20515.0,20604.0,20494.75,20599.75,80006.0
1730214000,20599.5,20625.25,20571.0,20621.5,51376.0
1730217600,20622.0,20658.25,20585.25,20648.75,50777.0
1730221200,20648.25,20688.0,20647.5,20672.0,43788.0
1730224800,20672.25,20714.5,20660.0,20695.25,33425.0
1730228400,20694.75,20746.5,20681.75,20695.0,62742.0
1730232000,20695.75,20760.25,20688.75,20708.25,26296.0
1730239200,20734.0,20763.0,20719.0,20752.75,0.0
1730242800,20752.0,20755.25,20728.0,20749.0,3983.0
1730246400,20748.75,20774.25,20741.0,20767.75,4392.0
1730250000,20767.0,20788.5,20754.75,20782.5,4200.0
1730253600,20782.5,20784.0,20753.25,20758.5,3812.0
1730257200,20758.75,20763.25,20721.25,20729.0,5059.0
1730260800,20723.5,20731.5,20718.5,20721.0,3073.0
1730264400,20720.5,20731.25,20702.5,20709.5,2886.0
1730268000,20712.0,20750.0,20710.25,20746.25,3555.0
1730271600,20746.0,20760.75,20737.0,20744.0,4789.0
1730275200,20744.5,20765.0,20712.75,20722.5,7730.0
1730278800,20721.75,20750.75,20709.0,20730.75,5931.0
1730282400,20730.5,20739.5,20718.25,20733.5,6229.0
1730286000,20734.5,20754.5,20712.5,20714.75,6886.0
1730289600,20714.5,20734.5,20674.0,20688.25,19910.0
1730293200,20689.0,20689.0,20542.75,20632.5,92187.0
1730296800,20631.5,20699.5,20629.0,20650.5,71658.0
1730300400,20649.5,20685.75,20607.75,20672.0,53751.0
1730304000,20671.5,20682.75,20636.5,20644.75,34061.0
1730307600,20644.5,20653.75,20558.0,20576.5,44950.0
1730311200,20576.0,20622.25,20575.25,20604.75,31925.0
1730314800,20604.75,20605.0,20514.75,20534.5,60649.0
1730318400,20534.5,20588.75,20472.75,20507.0,35413.0
1730325600,20482.0,20495.75,20426.75,20439.0,0.0
1730329200,20437.0,20447.5,20423.0,20426.5,4559.0
1730332800,20425.0,20443.25,20401.0,20437.25,5022.0
1730336400,20437.5,20463.75,20437.0,20441.75,4262.0
1730340000,20441.0,20446.75,20423.75,20433.25,3328.0
1730343600,20434.0,20441.5,20418.0,20420.5,2932.0
1730347200,20413.25,20419.25,20403.25,20408.75,2707.0
1730350800,20408.75,20411.25,20384.0,20392.0,4371.0
1730354400,20392.5,20396.75,20353.5,20359.0,5784.0
1730358000,20359.25,20359.25,20307.25,20321.0,10492.0
1730361600,20319.75,20334.0,20287.0,20319.0,12492.0
1730365200,20317.5,20332.0,20305.75,20320.75,6153.0
1730368800,20321.0,20343.75,20292.75,20340.75,6985.0
1730372400,20341.0,20393.5,20340.75,20393.0,12473.0
1730376000,20393.0,20417.0,20371.0,20382.75,20244.0
1730379600,20381.25,20395.5,20150.75,20166.0,105691.0
1730383200,20166.0,20201.25,20070.25,20088.25,108384.0
1730386800,20087.75,20117.5,20023.25,20060.75,83558.0
1730390400,20068.5,20105.75,20049.5,20086.5,46393.0
1730394000,20086.75,20115.0,20025.5,20035.5,46097.0
1730397600,20036.25,20055.75,20009.25,20048.25,50394.0
1730401200,20048.5,20132.0,20009.25,20012.75,87045.0
1730404800,20011.25,20100.5,20008.5,20043.0,36858.0
1730412000,20071.0,20112.5,20064.0,20091.25,0.0
1730415600,20091.0,20099.75,20065.5,20073.75,3678.0
1730419200,20074.0,20084.75,20050.0,20073.75,3998.0
1730422800,20072.5,20082.0,20053.0,20059.0,3123.0
1730426400,20058.25,20075.0,20017.0,20074.25,4817.0
1730430000,20074.75,20101.75,20072.25,20086.5,4197.0
1730433600,20089.25,20100.0,20073.5,20080.5,2925.0
1730437200,20081.5,20127.0,20077.5,20120.5,4873.0
1730440800,20121.5,20123.25,20062.0,20075.75,4177.0
1730444400,20076.25,20098.5,20055.25,20089.75,5151.0
1730448000,20090.75,20116.75,20081.75,20096.0,8058.0
1730451600,20096.75,20112.5,20087.25,20094.75,4583.0
1730455200,20095.25,20120.75,20088.25,20112.0,3928.0
1730458800,20111.5,20131.75,20092.75,20107.75,6557.0
1730462400,20109.5,20146.5,20077.0,20113.5,20244.0
1730466000,20113.5,20175.5,20057.5,20169.75,70806.0
1730469600,20171.75,20277.0,20132.25,20235.0,105300.0
1730473200,20235.5,20288.0,20208.25,20221.75,64575.0
1730476800,20222.25,20253.75,20191.25,20210.75,41356.0
1730480400,20211.0,20252.75,20155.25,20157.25,57850.0
1730484000,20157.75,20179.75,20127.75,20166.25,38208.0
1730487600,20166.25,20202.25,20122.75,20147.0,60949.0
1730491200,20147.0,20184.5,20145.5,20170.25,13585.0
1730674800,20138.0,20158.0,20070.5,20135.0,14846.0
1730678400,20135.0,20145.75,20118.75,20130.0,5328.0
1730682000,20130.25,20200.0,20124.25,20190.5,5594.0
1730685600,20191.0,20248.5,20183.75,20211.75,6055.0
1730689200,20211.75,20233.5,20206.25,20219.0,3746.0
1730692800,20219.0,20241.25,20215.5,20232.5,2526.0
1730696400,20233.5,20233.5,20218.25,20230.5,1791.0
1730700000,20230.75,20247.75,20227.25,20237.5,2683.0
1730703600,20237.0,20243.75,20174.75,20179.75,6807.0
1730707200,20180.0,20204.0,20135.25,20167.5,9273.0
1730710800,20168.75,20173.25,20136.0,20165.0,7042.0
1730714400,20165.75,20211.75,20164.0,20198.75,6303.0
1730718000,20198.5,20203.25,20167.25,20182.25,6394.0
1730721600,20181.5,20194.25,20100.75,20166.25,12430.0
1730725200,20166.5,20179.25,20137.25,20147.0,12185.0
1730728800,20147.25,20148.0,20013.25,20130.0,82755.0
1730732400,20131.25,20209.75,20119.5,20185.75,68722.0
1730736000,20186.0,20226.75,20052.75,20077.0,65665.0
1730739600,20077.25,20146.75,20028.75,20128.25,53105.0
1730743200,20128.5,20175.75,20084.25,20148.5,45996.0
1730746800,20148.75,20169.0,20122.5,20135.75,26881.0
1730750400,20136.25,20141.75,20070.25,20085.25,54681.0
1730754000,20085.25,20116.25,20073.25,20114.5,11407.0
1730761200,20130.75,20132.0,20084.75,20088.0,0.0
1730764800,20087.5,20089.75,20071.5,20076.0,2977.0
1730768400,20076.0,20108.75,20041.75,20100.75,6120.0
1730772000,20099.0,20112.5,20080.5,20103.0,3471.0
1730775600,20101.75,20115.75,20096.0,20102.75,2241.0
1730779200,20102.75,20105.5,20082.5,20083.5,1771.0
1730782800,20102.0,20109.25,20091.0,20103.0,1963.0
1730786400,20102.5,20124.75,20099.0,20118.0,2038.0
1730790000,20118.25,20142.5,20112.25,20126.5,3698.0
1730793600,20127.0,20147.75,20101.75,20146.75,5586.0
1730797200,20146.25,20167.0,20136.75,20149.75,5484.0
1730800800,20149.0,20149.0,20112.75,20143.25,4665.0
1730804400,20143.25,20171.25,20143.25,20154.75,3779.0
1730808000,20154.0,20168.0,20125.75,20149.25,6237.0
1730811600,20149.0,20164.25,20124.0,20125.5,8260.0
1730815200,20125.5,20299.5,20107.5,20290.75,75548.0
1730818800,20289.75,20321.25,20241.0,20257.0,75159.0
1730822400,20257.25,20347.75,20232.5,20340.5,53208.0
1730826000,20340.75,20372.75,20327.5,20351.25,35313.0
1730829600,20351.5,20368.5,20286.5,20308.75,37935.0
1730833200,20308.5,20335.0,20280.5,20294.5,33246.0
1730836800,20294.0,20349.75,20281.5,20341.75,50601.0
1730840400,20341.75,20385.5,20337.5,20362.75,19927.0
1730847600,20360.5,20364.75,20335.75,20343.5,0.0
1730851200,20343.0,20413.5,20323.5,20389.5,12610.0
1730854800,20388.0,20424.75,20378.5,20402.75,9746.0
1730858400,20400.0,20589.75,20394.5,20588.5,21588.0
1730862000,20588.5,20640.25,20565.0,20593.25,18722.0
1730865600,20594.0,20625.0,20569.5,20600.5,8182.0
1730869200,20569.75,20601.5,20457.75,20583.75,13357.0
1730872800,20585.5,20669.0,20573.75,20646.25,10280.0
1730876400,20648.0,20711.25,20647.0,20680.75,13546.0
1730880000,20679.75,20731.25,20651.5,20699.25,13280.0
1730883600,20698.0,20729.0,20663.25,20727.75,10645.0
1730887200,20727.75,20728.75,20678.25,20685.0,7031.0
1730890800,20684.25,20691.75,20580.0,20605.75,12920.0
1730894400,20608.5,20709.25,20599.25,20685.75,13599.0
1730898000,20688.25,20718.5,20660.25,20687.0,15745.0
1730901600,20686.75,20805.25,20644.0,20675.5,89978.0
1730905200,20676.0,20822.0,20666.0,20724.25,96773.0
1730908800,20724.25,20809.0,20692.5,20798.25,55089.0
1730912400,20798.25,20826.0,20778.25,20817.75,34598.0
1730916000,20817.5,20877.0,20810.25,20861.0,38069.0
1730919600,20861.5,20895.25,20848.75,20890.0,34300.0
1730923200,20890.25,20931.0,20878.0,20894.75,64829.0
1730926800,20894.25,20935.25,20885.75,20922.5,20190.0
1730934000,20923.5,20923.5,20889.0,20890.75,0.0
1730937600,20891.5,20909.75,20861.5,20874.0,4849.0
1730941200,20874.0,20920.75,20866.5,20912.0,5262.0
1730944800,20911.25,20916.75,20895.5,20909.25,3225.0
1730948400,20909.75,20933.0,20904.0,20917.0,3706.0
1730952000,20917.25,20930.75,20907.75,20920.0,2344.0
1730955600,20929.25,20954.0,20925.75,20949.5,4295.0
1730959200,20949.0,20966.25,20943.0,20950.25,3678.0
1730962800,20949.5,20952.0,20908.5,20923.5,4983.0
1730966400,20923.25,20961.0,20916.0,20935.25,7353.0
1730970000,20934.75,20958.25,20915.0,20940.5,5650.0
1730973600,20941.25,20952.0,20932.5,20945.25,3333.0
1730977200,20945.0,20946.25,20924.0,20944.25,3940.0
1730980800,20943.25,20977.5,20941.0,20967.0,8134.0
1730984400,20967.5,20999.25,20958.25,20986.5,16146.0
1730988000,20985.5,21110.5,20982.75,21109.25,69386.0
1730991600,21108.75,21167.25,21086.5,21161.0,68967.0
1730995200,21160.75,21199.0,21124.25,21194.0,47194.0
1730998800,21194.5,21197.5,21158.75,21194.25,32404.0
1731002400,21194.75,21196.25,21151.25,21180.0,29017.0
1731006000,21180.0,21233.0,21159.25,21233.0,47323.0
1731009600,21233.25,21253.0,21204.5,21221.75,63985.0
1731013200,21222.0,21251.5,21209.0,21225.25,17177.0
1731020400,21224.25,21230.75,21202.5,21227.25,0.0
1731024000,21227.0,21239.0,21220.25,21224.25,2987.0
1731027600,21224.5,21233.75,21215.5,21232.25,2892.0
1731031200,21231.75,21245.0,21218.5,21220.0,3363.0
1731034800,21219.75,21235.0,21219.0,21226.75,2232.0
1731038400,21226.0,21234.25,21222.25,21226.0,1458.0
1731042000,21224.75,21263.25,21223.5,21251.75,4238.0
1731045600,21252.0,21257.0,21224.25,21230.5,3018.0
1731049200,21232.25,21247.0,21221.5,21240.0,3452.0
1731052800,21239.75,21250.5,21211.25,21232.5,6349.0
1731056400,21231.5,21244.0,21224.75,21225.25,4433.0
1731060000,21225.25,21225.25,21130.25,21144.0,14021.0
1731063600,21144.25,21167.0,21121.75,21162.0,9274.0
1731067200,21162.25,21189.0,21158.0,21183.25,8493.0
1731070800,21182.75,21195.0,21157.0,21162.0,12681.0
1731074400,21162.5,21232.25,21156.25,21207.5,57297.0
1731078000,21208.5,21226.5,21161.25,21197.5,65193.0
1731081600,21197.75,21236.5,21171.0,21219.0,41325.0
1731085200,21219.5,21228.75,21196.5,21217.75,30381.0
1731088800,21217.75,21265.0,21214.25,21250.25,35597.0
1731092400,21250.25,21264.75,21233.75,21234.75,24392.0
1731096000,21234.25,21238.75,21208.0,21234.0,48509.0
1731099600,21234.25,21243.0,21223.75,21226.75,10760.0
1731279600,21249.75,21320.0,21249.0,21304.5,5781.0
1731283200,21304.0,21310.75,21272.75,21275.5,4765.0
1731286800,21274.5,21289.25,21258.0,21282.5,5881.0
1731290400,21282.5,21283.5,21262.5,21270.0,3604.0
1731294000,21269.25,21278.0,21265.75,21273.5,2159.0
1731297600,21275.0,21288.75,21274.5,21287.5,2177.0
1731301200,21287.5,21300.0,21286.75,21288.75,2929.0
1731304800,21289.0,21293.75,21283.0,21288.0,1966.0
1731308400,21287.25,21299.75,21277.75,21298.0,3066.0
1731312000,21298.0,21323.5,21283.5,21291.75,6808.0
1731315600,21291.75,21307.25,21277.0,21292.75,6446.0
1731319200,21292.0,21303.25,21271.75,21272.25,4883.0
1731322800,21272.25,21291.0,21268.0,21285.25,5027.0
1731326400,21286.25,21335.5,21285.25,21327.0,8857.0
1731330000,21327.5,21340.75,21287.5,21300.5,13100.0
1731333600,21301.0,21307.25,21163.0,21171.75,75654.0
1731337200,21172.0,21244.25,21155.5,21223.25,74739.0
1731340800,21223.25,21232.5,21190.5,21203.0,38478.0
1731344400,21203.25,21213.0,21157.0,21158.0,37525.0
1731348000,21157.75,21197.75,21098.25,21179.75,57516.0
1731351600,21180.0,21183.0,21156.25,21175.5,26000.0
1731355200,21175.25,21223.5,21169.5,21219.75,47659.0
1731358800,21220.25,21233.5,21205.0,21210.25,15185.0
1731366000,21221.0,21221.0,21201.25,21216.5,0.0
1731369600,21215.25,21222.25,21197.5,21213.0,3852.0
1731373200,21213.0,21249.5,21210.5,21230.75,4979.0
1731376800,21230.0,21241.75,21190.75,21206.0,5540.0
1731380400,21206.0,21225.0,21203.75,21208.5,3558.0
1731384000,21207.5,21224.5,21201.25,21223.5,2655.0
1731387600,21213.75,21216.5,21190.0,21195.25,3298.0
1731391200,21195.25,21211.75,21186.0,21208.75,3421.0
1731394800,21209.0,21228.25,21180.25,21208.0,7456.0
1731398400,21208.5,21240.75,21196.5,21230.75,6295.0
1731402000,21229.25,21232.0,21179.5,21184.75,8298.0
1731405600,21184.0,21185.25,21128.5,21170.5,13992.0
1731409200,21169.5,21194.0,21167.5,21178.5,7596.0
1731412800,21177.75,21212.5,21176.25,21193.25,9616.0
1731416400,21193.25,21233.0,21181.0,21221.5,12872.0
1731420000,21221.75,21251.5,21181.5,21235.0,64755.0
1731423600,21234.75,21241.5,21178.25,21185.25,74904.0
1731427200,21183.75,21205.5,21143.75,21154.75,59788.0
1731430800,21154.5,21170.75,21065.25,21066.25,51045.0
1731434400,21066.5,21198.0,21054.75,21182.0,59030.0
1731438000,21181.5,21210.5,21176.0,21188.5,34972.0
1731441600,21188.5,21206.5,21167.0,21185.0,51184.0
1731445200,21185.5,21199.75,21176.75,21178.0,11153.0
1731452400,21178.0,21183.75,21142.5,21160.75,0.0
1731456000,21161.5,21162.5,21138.5,21144.25,3075.0
1731459600,21145.25,21157.25,21133.5,21140.0,3100.0
1731463200,21140.0,21153.0,21132.5,21150.25,2608.0
1731466800,21149.75,21161.0,21145.25,21146.5,2334.0
1731470400,21147.0,21148.25,21132.0,21141.0,2439.0
1731474000,21140.75,21141.5,21116.5,21121.0,3665.0
1731477600,21120.25,21129.5,21101.25,21118.25,4769.0
1731481200,21118.0,21145.25,21114.75,21130.0,4058.0
1731484800,21131.0,21179.75,21120.0,21177.75,5621.0
1731488400,21177.75,21183.5,21163.0,21176.5,4944.0
1731492000,21176.75,21183.25,21148.0,21151.75,4308.0
1731495600,21152.0,21157.0,21125.0,21126.75,4730.0
1731499200,21126.75,21155.75,21114.25,21132.25,8844.0
1731502800,21131.5,21243.5,21119.75,21173.5,28813.0
1731506400,21174.25,21200.0,21121.75,21140.25,65921.0
1731510000,21140.75,21141.5,21056.5,21115.5,86711.0
1731513600,21116.0,21176.5,21090.5,21165.5,60694.0
1731517200,21165.25,21233.0,21157.75,21228.5,49312.0
1731520800,21228.5,21268.5,21209.0,21257.25,39948.0
1731524400,21257.75,21258.25,21168.25,21182.75,55257.0
1731528000,21182.5,21220.0,21124.0,21159.25,65399.0
1731531600,21159.75,21186.25,21152.5,21166.0,13261.0
1731538800,21167.0,21175.25,21146.5,21166.5,0.0
1731542400,21166.5,21172.75,21140.5,21152.75,2760.0
1731546000,21152.75,21153.0,21129.75,21133.75,4280.0
1731549600,21133.25,21135.0,21115.5,21121.25,3593.0
1731553200,21119.5,21136.5,21116.75,21127.75,3208.0
1731556800,21128.25,21151.5,21124.5,21140.25,2837.0
1731560400,21126.0,21127.0,21106.75,21121.5,3963.0
1731564000,21121.5,21125.25,21099.75,21101.25,3223.0
1731567600,21100.75,21132.5,21090.5,21129.25,4761.0
1731571200,21129.25,21174.75,21124.25,21165.75,8165.0
1731574800,21165.75,21190.25,21152.0,21153.25,7653.0
1731578400,21152.5,21183.0,21148.25,21163.0,5028.0
1731582000,21162.75,21179.5,21159.5,21177.5,4950.0
1731585600,21177.5,21183.0,21152.75,21155.0,5513.0
1731589200,21155.75,21176.75,21112.75,21134.0,20918.0
1731592800,21134.75,21172.0,21064.0,21092.0,74489.0
1731596400,21091.75,21138.0,21040.5,21091.0,76141.0
1731600000,21090.5,21140.25,21086.5,21101.25,45713.0
1731603600,21101.75,21111.75,21016.75,21083.0,63133.0
1731607200,21083.25,21120.75,21021.5,21027.5,43250.0
1731610800,21026.75,21090.25,21024.25,21069.25,45326.0
1731614400,21069.5,21069.5,20971.25,21009.0,94639.0
1731618000,21008.5,21013.0,20950.5,20981.75,18547.0
1731625200,20977.5,20981.5,20937.0,20950.25,0.0
1731628800,20949.75,20956.5,20913.5,20926.75,5412.0
1731632400,20926.25,20927.0,20884.25,20891.25,7254.0
1731636000,20891.25,20916.75,20885.25,20915.0,4491.0
1731639600,20915.0,20924.5,20903.25,20905.5,4200.0
1731643200,20905.75,20919.0,20891.5,20917.75,3839.0
1731646800,20921.0,20929.0,20894.5,20899.5,3114.0
1731650400,20900.0,20900.0,20831.0,20869.75,9486.0
1731654000,20869.0,20875.25,20840.75,20845.0,6889.0
1731657600,20844.5,20859.75,20794.25,20832.25,13622.0
1731661200,20833.0,20838.0,20808.5,20820.5,7187.0
1731664800,20820.25,20832.0,20807.0,20827.75,5181.0
1731668400,20827.5,20856.5,20824.75,20845.25,6514.0
1731672000,20843.75,20867.0,20835.75,20862.75,7717.0
1731675600,20861.25,20864.0,20800.0,20811.5,17691.0
1731679200,20811.25,20818.5,20679.0,20690.5,96208.0
1731682800,20690.25,20697.5,20542.75,20561.25,116065.0
1731686400,20561.5,20590.75,20481.0,20495.5,82465.0
1731690000,20495.75,20513.25,20446.5,20484.0,61623.0
1731693600,20483.5,20491.5,20405.25,20429.0,54945.0
1731697200,20429.25,20493.75,20419.5,20460.75,52783.0
1731700800,20460.25,20513.5,20452.25,20491.75,83658.0
1731704400,20491.5,20522.0,20490.0,20503.25,19297.0
1731884400,20504.0,20568.75,20476.0,20568.25,8151.0
1731888000,20567.5,20629.75,20561.0,20628.0,8535.0
1731891600,20628.0,20630.5,20603.75,20609.5,6622.0
1731895200,20608.75,20628.25,20593.25,20628.0,4842.0
1731898800,20628.5,20641.0,20619.25,20629.5,3988.0
1731902400,20630.5,20657.0,20629.75,20649.75,3840.0
1731906000,20648.75,20656.75,20631.25,20639.25,3579.0
1731909600,20639.25,20652.25,20626.0,20648.75,3085.0
1731913200,20649.25,20649.5,20578.25,20596.0,8113.0
1731916800,20596.75,20648.25,20581.0,20634.5,11535.0
1731920400,20635.75,20636.5,20545.0,20558.0,17371.0
1731924000,20557.75,20590.5,20553.0,20588.5,7248.0
1731927600,20587.75,20590.0,20552.75,20571.75,5895.0
1731931200,20572.25,20583.5,20550.25,20557.75,8730.0
1731934800,20557.75,20564.25,20481.5,20555.5,23629.0
1731938400,20554.75,20587.5,20501.0,20530.0,71294.0
1731942000,20525.0,20695.75,20521.75,20680.75,78685.0
1731945600,20680.75,20724.25,20639.25,20662.25,58744.0
1731949200,20662.5,20671.25,20616.75,20661.25,42480.0
1731952800,20661.25,20668.75,20595.75,20660.0,40805.0
1731956400,20660.0,20660.5,20589.5,20638.75,41275.0
1731960000,20638.5,20653.5,20611.0,20631.5,48854.0
1731963600,20631.0,20649.75,20622.5,20630.5,10942.0
1731970800,20633.25,20640.25,20603.5,20622.75,0.0
1731974400,20623.25,20652.25,20615.0,20626.5,5017.0
1731978000,20626.25,20642.75,20606.5,20638.0,3865.0
1731981600,20638.0,20659.25,20631.75,20656.25,4246.0
1731985200,20656.5,20689.0,20653.75,20678.25,4606.0
1731988800,20678.75,20697.0,20676.75,20680.25,3230.0
1731992400,20681.5,20684.0,20660.25,20669.25,3182.0
1731996000,20669.5,20684.0,20664.75,20677.25,2368.0
1731999600,20677.75,20680.25,20650.75,20673.25,3847.0
1732003200,20673.25,20688.25,20562.5,20629.0,15390.0
1732006800,20628.25,20648.25,20492.75,20540.5,26858.0
1732010400,20540.5,20594.75,20530.5,20579.0,13078.0
1732014000,20578.75,20587.75,20537.0,20579.75,9404.0
1732017600,20581.0,20623.5,20577.0,20614.0,13206.0
1732021200,20614.25,20621.75,20415.75,20422.25,30938.0
1732024800,20421.75,20586.0,20382.5,20554.25,86836.0
1732028400,20553.75,20657.25,20524.5,20636.75,71746.0
1732032000,20637.0,20700.75,20636.5,20669.5,52892.0
1732035600,20669.75,20709.0,20643.25,20689.25,37458.0
1732039200,20691.25,20792.5,20681.25,20784.75,42911.0
1732042800,20784.75,20792.0,20709.25,20739.75,48315.0
1732046400,20739.25,20779.75,20726.75,20765.75,49322.0
1732050000,20765.25,20791.25,20754.0,20754.5,13685.0
1732057200,20762.25,20787.75,20750.25,20782.75,0.0
1732060800,20783.0,20834.25,20780.75,20813.5,7456.0
1732064400,20813.25,20823.0,20776.75,20790.25,7363.0
1732068000,20790.5,20814.75,20785.0,20809.5,4237.0
1732071600,20810.0,20812.5,20773.0,20785.5,4609.0
1732075200,20786.75,20809.0,20784.25,20800.5,3202.0
1732078800,20795.75,20804.5,20785.25,20796.0,2741.0
1732082400,20796.5,20840.25,20794.0,20830.75,6081.0
1732086000,20830.25,20840.5,20801.5,20825.5,6921.0
1732089600,20825.25,20843.25,20794.5,20795.0,9302.0
1732093200,20795.5,20829.0,20783.0,20794.75,7464.0
1732096800,20794.5,20799.5,20753.0,20781.5,8349.0
1732100400,20781.5,20804.25,20771.0,20793.25,7596.0
1732104000,20794.0,20823.25,20788.5,20819.75,7023.0
1732107600,20820.0,20830.0,20785.25,20793.0,9041.0
1732111200,20792.75,20793.25,20613.0,20614.0,84072.0
1732114800,20614.0,20645.0,20477.25,20627.0,119731.0
1732118400,20627.25,20709.0,20548.0,20689.0,81803.0
1732122000,20688.5,20708.0,20580.0,20607.25,54031.0
1732125600,20608.0,20632.0,20556.5,20589.75,39096.0
1732129200,20589.0,20627.25,20558.0,20609.0,34161.0
1732132800,20609.0,20764.5,20594.5,20751.25,69171.0
1732136400,20751.75,20786.25,20596.5,20738.75,33693.0
1732143600,20738.0,20762.25,20687.5,20752.5,0.0
1732147200,20753.75,20758.5,20644.75,20649.5,8981.0
1732150800,20650.75,20673.75,20620.25,20632.0,7670.0
1732154400,20631.25,20660.0,20628.0,20647.75,5064.0
1732158000,20648.5,20688.75,20648.5,20654.75,4826.0
1732161600,20654.0,20683.25,20638.0,20678.25,3439.0
1732165200,20684.75,20704.25,20661.0,20677.75,3905.0
1732168800,20678.5,20693.0,20665.25,20688.75,3295.0
1732172400,20689.75,20725.0,20606.0,20670.0,14337.0
1732176000,20669.75,20702.5,20635.5,20676.0,14351.0
1732179600,20675.0,20677.0,20595.25,20647.0,17219.0
1732183200,20646.75,20687.5,20632.25,20679.75,8429.0
1732186800,20679.5,20741.75,20678.25,20732.0,14883.0
1732190400,20731.75,20808.75,20723.25,20762.0,19757.0
1732194000,20761.5,20872.75,20759.0,20844.5,24987.0
1732197600,20844.75,20905.75,20628.25,20667.0,124537.0
1732201200,20668.75,20716.0,20514.25,20708.5,136362.0
1732204800,20708.75,20791.25,20688.0,20732.25,71118.0
1732208400,20732.75,20857.0,20697.5,20819.5,55408.0
1732212000,20819.5,20866.0,20811.75,20857.0,41003.0
1732215600,20856.5,20869.25,20792.25,20848.25,41174.0
1732219200,20848.0,20878.75,20819.25,20823.25,49689.0
1732222800,20823.75,20831.0,20790.5,20793.75,15348.0
1732230000,20794.0,20808.0,20758.5,20773.5,0.0
1732233600,20774.0,20793.0,20764.5,20770.0,3821.0
1732237200,20773.25,20812.0,20772.0,20799.75,4195.0
1732240800,20799.25,20826.0,20793.25,20820.0,3015.0
1732244400,20820.0,20844.5,20760.25,20791.0,7956.0
1732248000,20790.5,20821.75,20781.5,20808.75,4617.0
1732251600,20812.0,20817.5,20762.0,20766.5,5257.0
1732255200,20765.75,20814.0,20762.5,20801.25,4122.0
1732258800,20800.75,20827.75,20787.25,20811.0,4942.0
1732262400,20812.0,20831.0,20784.5,20806.75,8772.0
1732266000,20806.75,20808.5,20693.75,20757.0,19100.0
1732269600,20758.25,20759.75,20693.25,20741.0,10461.0
1732273200,20741.25,20774.5,20721.0,20771.0,7264.0
1732276800,20770.25,20802.5,20768.0,20796.5,8655.0
1732280400,20797.25,20815.75,20775.75,20783.75,12406.0
1732284000,20784.5,20873.0,20770.5,20854.0,76821.0
1732287600,20853.0,20855.5,20722.25,20842.0,100504.0
1732291200,20842.75,20847.5,20743.25,20813.0,69987.0
1732294800,20813.75,20864.75,20797.5,20854.75,45088.0
1732298400,20854.75,20880.0,20825.5,20846.75,37100.0
1732302000,20847.25,20854.25,20795.5,20846.75,31029.0
1732305600,20847.0,20868.5,20801.75,20847.25,52562.0
1732309200,20847.25,20879.75,20840.25,20878.75,15157.0
1732489200,20935.0,20954.25,20928.5,20935.5,6099.0
1732492800,20935.75,20956.5,20934.75,20955.0,3588.0
1732496400,20954.75,20968.0,20950.25,20953.25,4444.0
1732500000,20953.25,20964.5,20953.0,20959.5,2543.0
1732503600,20959.0,20968.0,20951.75,20961.0,2534.0
1732507200,20960.5,20970.5,20958.75,20966.25,2170.0
1732510800,20965.0,20972.0,20958.5,20970.75,2174.0
1732514400,20971.0,20971.0,20954.25,20959.0,2646.0
1732518000,20958.75,20966.75,20950.25,20954.75,2749.0
1732521600,20955.5,20964.0,20931.5,20959.0,6437.0
1732525200,20958.25,20970.5,20945.0,20967.25,5037.0
1732528800,20967.75,20980.75,20962.25,20978.75,4551.0
1732532400,20978.75,20980.25,20962.75,20964.75,4236.0
1732536000,20964.75,20973.0,20943.75,20955.0,8028.0
1732539600,20955.25,21027.0,20943.0,20999.0,21013.0
1732543200,20998.75,21081.0,20918.75,20944.75,104021.0
1732546800,20944.25,20957.0,20869.5,20895.0,97953.0
1732550400,20895.5,20961.5,20887.0,20905.0,51790.0
1732554000,20904.75,20910.25,20780.25,20851.25,68837.0
1732557600,20851.5,20890.0,20842.25,20851.5,39074.0
1732561200,20851.5,20879.5,20825.5,20861.5,31237.0
1732564800,20861.5,20886.5,20835.75,20878.25,46675.0
1732568400,20878.25,20918.0,20863.0,20899.5,16335.0
1732575600,20906.25,20933.5,20800.5,20833.25,0.0
1732579200,20835.0,20839.25,20785.25,20797.0,10668.0
1732582800,20799.0,20848.5,20755.25,20843.5,10403.0
1732586400,20842.5,20882.0,20842.5,20871.0,5452.0
1732590000,20872.5,20907.75,20865.25,20894.75,4398.0
1732593600,20894.25,20913.75,20886.25,20898.0,3638.0
1732597200,20906.25,20906.75,20870.25,20883.0,3688.0
1732600800,20882.5,20924.25,20882.0,20907.0,3530.0
1732604400,20906.5,20909.75,20875.0,20877.5,5114.0
1732608000,20877.5,20893.75,20852.0,20869.5,9275.0
1732611600,20870.0,20897.0,20863.75,20886.25,6874.0
1732615200,20886.25,20905.75,20864.0,20893.75,6118.0
1732618800,20894.5,20946.5,20880.25,20939.0,7729.0
1732622400,20938.75,20955.0,20926.5,20946.75,11816.0
1732626000,20946.75,20954.5,20919.75,20942.5,12241.0
1732629600,20943.25,21024.75,20924.5,20973.75,76529.0
1732633200,20974.0,20997.0,20919.5,20950.25,80984.0
1732636800,20950.0,20983.75,20923.5,20965.25,54043.0
1732640400,20965.25,20984.25,20926.75,20981.25,34501.0
1732644000,20981.0,20981.25,20943.75,20969.0,26139.0
1732647600,20968.25,20981.5,20903.75,20932.5,46613.0
1732651200,20932.0,21008.75,20927.0,20989.5,54422.0
1732654800,20989.5,21008.25,20988.5,20998.75,12393.0
1732662000,20990.75,20998.75,20967.75,20985.75,0.0
1732665600,20986.75,20989.75,20971.75,20985.75,2917.0
1732669200,20986.5,20997.75,20983.0,20994.75,2127.0
1732672800,20995.5,21019.0,20991.5,21005.25,3928.0
1732676400,21006.0,21006.75,20977.75,20984.0,3163.0
1732680000,20983.5,20985.25,20958.0,20964.5,2619.0
1732683600,20964.75,20971.5,20952.25,20958.75,2516.0
1732687200,20959.5,20978.0,20957.75,20969.5,2432.0
1732690800,20970.25,20990.0,20963.5,20978.5,4090.0
1732694400,20978.25,20981.5,20922.25,20937.0,13000.0
1732698000,20937.25,20953.0,20904.25,20921.75,9443.0
1732701600,20921.25,20939.0,20910.0,20935.0,4884.0
1732705200,20935.0,20938.75,20905.25,20930.5,4857.0
1732708800,20930.5,20951.0,20916.5,20943.75,7121.0
1732712400,20943.75,20970.75,20941.0,20953.5,13182.0
1732716000,20953.75,20955.5,20839.25,20860.5,66791.0
1732719600,20860.5,20861.5,20726.0,20743.5,101434.0
1732723200,20743.5,20762.0,20694.75,20716.5,69457.0
1732726800,20716.0,20746.0,20675.25,20743.0,45327.0
1732730400,20742.5,20818.5,20735.5,20810.25,45703.0
1732734000,20810.5,20826.25,20790.25,20804.0,35875.0
1732737600,20804.25,20829.75,20769.25,20816.5,55963.0
1732741200,20816.25,20826.5,20797.75,20806.5,13085.0
1732748400,20813.0,20834.5,20807.25,20823.5,0.0
1732752000,20825.75,20852.25,20823.75,20845.25,2168.0
1732755600,20845.25,20854.75,20833.25,20836.5,2631.0
1732759200,20837.25,20851.5,20835.0,20848.75,1299.0
1732762800,20848.5,20857.75,20841.75,20852.75,1365.0
1732766400,20854.0,20861.75,20850.25,20856.0,1216.0
1732856400,20922.25,20923.0,20900.25,20902.0,2774.0
1732860000,20902.0,20912.75,20891.0,20906.0,2605.0
1732863600,20906.5,20907.0,20865.5,20880.25,4565.0
1732867200,20881.75,20905.25,20879.5,20900.75,5413.0
1732870800,20900.0,20910.0,20894.5,20897.0,4111.0
1732874400,20897.75,20909.0,20880.5,20895.75,3672.0
1732878000,20894.75,20895.0,20875.0,20884.0,3730.0
1732881600,20884.25,20886.75,20842.25,20857.5,6142.0
1732885200,20857.5,20864.5,20812.5,20828.5,12549.0
1732890600,20828.75,20919.25,20805.5,20915.75,51848.0
1732894200,20915.5,20981.75,20905.5,20954.0,65418.0
1732897800,20954.5,21006.5,20954.5,20996.5,44590.0
1732901400,20996.5,21017.5,20979.5,20990.5,48580.0
1732903200,20990.75,20995.0,20980.25,20993.5,6851.0
1733094000,20995.25,21004.0,20952.5,20964.5,6052.0
1733097600,20966.0,20983.0,20941.75,20956.5,5167.0
1733101200,20956.25,20974.5,20949.75,20957.5,3583.0
1733104800,20957.75,20961.75,20948.0,20953.25,2766.0
1733108400,20953.75,20964.75,20945.5,20950.25,2624.0
1733112000,20949.5,20966.25,20947.0,20956.75,2694.0
1733115600,20957.5,20964.0,20947.0,20954.25,2341.0
1733119200,20954.5,20956.75,20940.0,20953.0,2546.0
1733122800,20953.25,20962.25,20947.0,20961.25,2466.0
1733126400,20962.0,20974.0,20952.0,20970.25,4244.0
1733130000,20970.5,20973.5,20950.0,20952.25,4297.0
1733133600,20952.5,20963.5,20940.0,20949.25,5125.0
1733137200,20949.75,20970.0,20947.5,20968.25,4110.0
1733140800,20968.5,21012.0,20965.5,21006.75,9076.0
1733144400,21006.5,21036.75,20999.0,21026.5,13560.0
1733148000,21027.0,21170.0,21024.25,21151.25,85447.0
1733151600,21153.0,21204.5,21141.0,21156.25,82458.0
1733155200,21156.25,21238.75,21152.5,21229.5,54390.0
1733158800,21229.5,21259.75,21225.25,21228.0,39291.0
1733162400,21227.75,21233.5,21194.5,21212.75,33404.0
1733166000,21212.5,21220.5,21176.25,21219.5,34464.0
1733169600,21219.5,21241.0,21202.25,21217.0,53893.0
1733173200,21217.0,21239.5,21208.0,21211.0,15163.0
1733180400,21220.0,21224.5,21203.75,21214.0,0.0
1733184000,21215.25,21220.25,21204.25,21211.0,2358.0
1733187600,21210.5,21226.75,21203.25,21216.0,3252.0
1733191200,21216.0,21221.0,21210.0,21218.0,1759.0
1733194800,21218.0,21237.75,21218.0,21230.25,2668.0
1733198400,21230.5,21239.75,21224.5,21225.75,1742.0
1733202000,21225.0,21233.75,21224.5,21231.25,1259.0
1733205600,21231.5,21237.75,21225.25,21227.0,1752.0
1733209200,21226.75,21235.25,21219.25,21227.0,2560.0
1733212800,21227.5,21243.5,21211.5,21217.25,6928.0
1733216400,21217.25,21223.5,21211.5,21217.0,4477.0
1733220000,21217.5,21222.0,21202.25,21202.75,3875.0
1733223600,21202.5,21211.75,21187.0,21206.75,6259.0
1733227200,21207.25,21221.5,21187.25,21206.75,6727.0
1733230800,21207.25,21226.0,21195.5,21196.0,9196.0
1733234400,21196.25,21210.25,21134.25,21203.0,78051.0
1733238000,21203.0,21234.0,21164.5,21207.0,79222.0
1733241600,21207.25,21262.75,21196.5,21205.75,64865.0
1733245200,21206.25,21243.0,21190.0,21242.25,34624.0
1733248800,21242.5,21246.5,21213.0,21232.0,29324.0
1733252400,21232.5,21262.0,21223.75,21255.0,29719.0
1733256000,21254.75,21289.5,21239.0,21279.0,46654.0
1733259600,21278.75,21329.0,21272.5,21324.25,19876.0
1733266800,21323.0,21336.5,21305.75,21332.75,0.0
1733270400,21333.0,21333.75,21316.25,21323.0,3691.0
1733274000,21323.75,21335.0,21320.0,21324.0,2824.0
1733277600,21324.75,21343.75,21324.0,21336.0,2371.0
1733281200,21336.0,21345.25,21326.25,21341.25,3207.0
1733284800,21340.25,21354.5,21338.75,21352.0,2185.0
1733288400,21351.5,21368.25,21345.75,21357.0,2984.0
1733292000,21356.75,21362.25,21337.75,21353.5,3124.0
1733295600,21353.25,21359.0,21343.0,21348.25,3446.0
1733299200,21348.5,21387.5,21345.5,21385.25,7388.0
1733302800,21385.0,21402.75,21376.5,21398.75,8700.0
1733306400,21399.75,21413.0,21386.25,21406.0,5660.0
1733310000,21406.75,21428.25,21400.0,21418.25,6425.0
1733313600,21418.25,21426.75,21407.75,21410.75,5539.0
1733317200,21410.75,21449.5,21410.0,21448.25,14913.0
1733320800,21447.75,21457.0,21388.25,21417.5,69195.0
1733324400,21416.0,21491.75,21391.5,21483.0,85304.0
1733328000,21483.0,21496.75,21448.25,21473.25,44061.0
1733331600,21472.75,21492.0,21455.5,21481.0,34325.0
1733335200,21480.75,21494.0,21439.5,21471.75,36820.0
1733338800,21472.0,21518.5,21463.25,21512.25,40997.0
1733342400,21512.0,21548.5,21507.0,21537.0,51697.0
1733346000,21537.0,21538.75,21508.75,21517.0,16798.0
1733353200,21513.25,21523.75,21504.5,21510.75,0.0
1733356800,21510.0,21510.75,21495.5,21497.5,3275.0
1733360400,21497.25,21520.0,21495.5,21513.75,3886.0
1733364000,21513.5,21520.75,21507.0,21508.5,1954.0
1733367600,21509.0,21517.75,21507.5,21515.5,1774.0
1733371200,21514.75,21515.5,21503.0,21509.0,1834.0
1733374800,21508.75,21515.75,21505.5,21514.25,1383.0
1733378400,21515.0,21520.0,21502.5,21503.75,2084.0
1733382000,21503.5,21505.0,21491.75,21494.5,3841.0
1733385600,21494.25,21510.0,21489.0,21504.0,5066.0
1733389200,21504.0,21508.75,21489.75,21507.0,4663.0
1733392800,21507.0,21517.25,21500.0,21504.75,3803.0
1733396400,21505.0,21522.5,21501.75,21517.0,3645.0
1733400000,21517.5,21537.75,21516.5,21537.0,5908.0
1733403600,21537.25,21537.75,21506.0,21526.5,10550.0
1733407200,21527.0,21551.5,21497.75,21510.5,58204.0
1733410800,21511.0,21536.75,21487.75,21502.5,68455.0
1733414400,21502.5,21539.75,21497.5,21531.0,36215.0
1733418000,21530.5,21567.25,21524.0,21560.0,32677.0
1733421600,21560.25,21560.75,21481.5,21493.25,52729.0
1733425200,21493.75,21517.0,21474.0,21493.75,36655.0
1733428800,21493.25,21511.0,21459.0,21475.25,56968.0
1733432400,21475.25,21476.25,21437.5,21453.25,15028.0
1733439600,21450.0,21458.5,21424.75,21455.25,0.0
1733443200,21455.75,21458.5,21442.25,21455.0,2912.0
1733446800,21453.75,21469.75,21450.0,21462.0,4224.0
1733450400,21463.0,21481.5,21460.0,21477.0,2990.0
1733454000,21477.0,21479.0,21464.25,21464.75,2088.0
1733457600,21464.5,21474.5,21459.0,21473.0,1811.0
1733461200,21469.0,21478.25,21469.0,21477.0,1327.0
1733464800,21476.75,21483.5,21474.0,21476.25,1795.0
1733468400,21476.75,21486.5,21470.25,21476.0,2326.0
1733472000,21476.0,21495.25,21472.0,21488.5,4575.0
1733475600,21488.25,21489.0,21464.5,21471.25,5146.0
1733479200,21470.75,21475.25,21451.25,21453.5,3733.0
1733482800,21454.0,21463.5,21444.25,21461.0,4393.0
1733486400,21461.25,21485.0,21456.5,21478.25,4815.0
1733490000,21478.75,21529.75,21440.25,21491.0,23419.0
1733493600,21490.75,21614.0,21486.0,21608.25,71223.0
1733497200,21607.5,21645.25,21593.25,21619.5,75893.0
1733500800,21619.75,21637.5,21573.0,21614.5,54992.0
1733504400,21615.25,21637.25,21597.5,21619.0,38138.0
1733508000,21618.75,21669.25,21615.5,21658.25,40762.0
1733511600,21658.5,21658.5,21611.75,21635.5,36377.0
1733515200,21635.5,21663.5,21626.25,21658.75,46507.0
1733518800,21658.5,21659.25,21627.25,21631.75,15523.0
1733698800,21649.0,21670.75,21626.75,21657.5,5313.0
1733702400,21657.25,21662.25,21637.0,21643.25,4314.0
1733706000,21642.75,21653.5,21627.5,21652.0,3845.0
1733709600,21652.75,21657.75,21640.75,21649.75,2648.0
1733713200,21650.25,21655.25,21641.75,21643.25,2078.0
1733716800,21643.5,21649.25,21635.0,21638.25,1866.0
1733720400,21639.25,21649.0,21636.25,21648.0,1349.0
1733724000,21648.0,21656.5,21648.0,21650.0,1739.0
1733727600,21649.5,21703.5,21646.5,21695.75,6602.0
1733731200,21697.0,21706.25,21683.75,21703.75,6620.0
1733734800,21704.0,21704.5,21626.5,21633.75,10141.0
1733738400,21633.25,21636.5,21612.0,21614.75,7041.0
1733742000,21615.25,21627.5,21586.0,21616.0,13017.0
1733745600,21615.75,21630.0,21608.0,21626.5,6626.0
1733749200,21626.5,21631.0,21609.5,21619.75,7824.0
1733752800,21620.5,21648.75,21582.75,21623.25,67387.0
1733756400,21623.25,21631.5,21503.25,21507.75,94476.0
1733760000,21508.0,21527.75,21436.0,21510.25,81723.0
1733763600,21510.0,21524.5,21485.75,21487.75,35541.0
1733767200,21488.0,21549.75,21474.25,21529.75,34240.0
1733770800,21530.0,21530.25,21444.25,21476.25,41317.0
1733774400,21476.25,21491.0,21441.25,21485.5,58633.0
1733778000,21485.75,21487.75,21463.5,21473.25,15106.0
1733785200,21479.25,21482.0,21458.75,21465.0,0.0
1733788800,21465.0,21479.75,21460.5,21477.0,3154.0
1733792400,21476.75,21485.0,21462.75,21468.0,3122.0
1733796000,21468.75,21474.25,21466.0,21467.75,1511.0
1733799600,21468.75,21476.75,21465.0,21473.0,1279.0
1733803200,21473.5,21476.0,21466.25,21468.5,947.0
1733806800,21474.0,21477.0,21452.75,21464.25,3350.0
1733810400,21463.25,21468.75,21453.5,21459.25,1923.0
1733814000,21459.75,21466.25,21453.25,21458.25,1933.0
1733817600,21458.75,21466.5,21448.0,21462.25,4357.0
1733821200,21462.0,21464.25,21450.0,21461.25,4224.0
1733824800,21462.0,21497.75,21458.75,21491.0,5305.0
1733828400,21491.5,21517.5,21489.75,21510.5,4209.0
1733832000,21511.0,21535.25,21506.5,21528.5,7066.0
1733835600,21528.5,21538.0,21495.75,21501.75,11397.0
1733839200,21501.75,21589.25,21491.0,21546.5,82033.0
1733842800,21546.5,21606.75,21497.0,21505.25,86002.0
1733846400,21505.0,21516.0,21449.0,21484.5,76957.0
1733850000,21484.25,21502.5,21444.0,21470.25,51050.0
1733853600,21470.25,21484.75,21450.75,21452.5,33468.0
1733857200,21453.5,21460.0,21400.0,21411.25,47716.0
1733860800,21411.25,21413.0,21352.75,21408.0,78880.0
1733864400,21408.75,21438.25,21407.5,21434.75,16594.0
1733871600,21436.0,21442.0,21417.25,21428.75,0.0
1733875200,21428.0,21429.25,21408.0,21422.5,3224.0
1733878800,21423.0,21436.0,21419.25,21429.25,2354.0
1733882400,21429.5,21431.5,21419.75,21428.25,1950.0
1733886000,21427.75,21438.5,21425.5,21426.5,2019.0
1733889600,21426.5,21432.25,21413.75,21431.25,2169.0
1733893200,21430.25,21433.25,21423.25,21430.75,1437.0
1733896800,21430.25,21448.0,21429.25,21444.5,1852.0
1733900400,21445.25,21450.5,21405.75,21420.25,4837.0
1733904000,21420.5,21446.25,21417.5,21432.5,4028.0
1733907600,21433.0,21456.5,21430.25,21449.0,4889.0
1733911200,21449.0,21453.75,21435.5,21447.75,2954.0
1733914800,21448.0,21459.5,21440.0,21442.25,3338.0
1733918400,21442.5,21448.5,21431.5,21437.5,4232.0
1733922000,21437.75,21536.0,21436.25,21529.0,22664.0
1733925600,21528.5,21697.0,21526.25,21695.5,101283.0
1733929200,21696.0,21736.25,21672.75,21696.75,106850.0
1733932800,21696.5,21770.0,21690.5,21760.25,65763.0
1733936400,21760.5,21791.0,21759.0,21781.25,44713.0
1733940000,21781.25,21811.75,21778.75,21793.0,37066.0
1733943600,21793.0,21810.75,21779.75,21800.0,32114.0
1733947200,21799.75,21820.0,21787.5,21791.25,55742.0
1733950800,21791.75,21792.25,21750.25,21755.75,25239.0
1733958000,21756.75,21767.0,21747.75,21758.0,0.0
1733961600,21758.0,21761.75,21742.5,21752.0,3599.0
1733965200,21751.75,21759.0,21747.5,21752.25,2710.0
1733968800,21752.25,21759.5,21749.0,21753.0,1939.0
1733972400,21752.75,21763.5,21752.75,21760.75,2107.0
1733976000,21760.75,21763.0,21757.25,21761.5,1104.0
1733979600,21757.75,21764.75,21756.0,21764.5,1510.0
1733983200,21765.0,21772.25,21755.0,21761.25,2393.0
1733986800,21761.25,21765.75,21748.0,21752.5,2532.0
1733990400,21752.25,21770.80078125,21742.75,21752.0,4606.0
1733994000,21752.75,21763.0,21730.75,21734.0,4899.0
1733997600,21734.25,21747.0,21727.75,21743.5,3800.0
1734001200,21743.25,21749.0,21721.0,21724.0,6120.0
1734004800,21724.5,21732.0,21693.0,21701.5,8152.0
1734008400,21701.25,21734.75,21648.75,21684.0,27501.0
1734012000,21683.75,21699.25,21656.0,21682.75,77163.0
1734015600,21682.25,21728.5,21624.75,21721.75,95612.0
1734019200,21720.75,21739.75,21671.25,21674.0,48591.0
1734022800,21674.0,21741.75,21669.25,21739.5,42595.0
1734026400,21739.5,21745.0,21695.0,21697.0,40221.0
1734030000,21696.75,21715.5,21664.0,21684.25,41729.0
1734033600,21684.25,21687.5,21642.25,21643.25,52431.0
1734037200,21643.5,21685.0,21604.25,21630.25,25755.0
1734044400,21720.75,21752.5,21716.75,21744.75,0.0
1734048000,21744.25,21769.0,21738.25,21753.25,5043.0
1734051600,21753.0,21760.0,21732.25,21734.25,3877.0
1734055200,21733.75,21733.75,21708.75,21726.25,4285.0
1734058800,21726.25,21728.5,21699.75,21704.25,3727.0
1734062400,21704.0,21719.25,21698.0,21717.75,2369.0
1734066000,21714.0,21724.0,21707.0,21722.75,1831.0
1734069600,21722.25,21746.75,21722.25,21745.75,2778.0
1734073200,21745.75,21749.75,21725.0,21736.25,4079.0
1734076800,21735.75,21766.25,21731.25,21758.25,5431.0
1734080400,21758.75,21787.0,21755.75,21785.5,7406.0
1734084000,21786.25,21799.5,21780.75,21791.25,4221.0
1734087600,21791.75,21804.5,21785.5,21788.25,5805.0
1734091200,21787.75,21836.25,21781.25,21831.5,9307.0
1734094800,21831.5,21843.75,21814.0,21821.25,12305.0
1734098400,21821.5,21908.0,21775.5,21881.0,98100.0
1734102000,21880.5,21886.5,21686.5,21688.25,126876.0
1734105600,21688.25,21757.5,21666.5,21699.25,96479.0
1734109200,21699.0,21741.5,21679.5,21684.5,54134.0
1734112800,21684.75,21776.25,21681.25,21773.5,49455.0
1734116400,21774.25,21815.75,21759.25,21801.5,42854.0
1734120000,21801.25,21824.0,21774.5,21797.5,58513.0
1734123600,21797.75,21798.0,21751.75,21760.5,16277.0
1734303600,21780.25,21800.0,21762.0,21789.0,4927.0
1734307200,21790.0,21808.75,21785.5,21801.25,2810.0
1734310800,21801.5,21814.0,21783.25,21813.25,3123.0
1734314400,21813.25,21821.75,21808.5,21816.75,2208.0
1734318000,21816.75,21819.5,21803.5,21804.25,1918.0
1734321600,21804.75,21814.5,21796.25,21800.5,1807.0
1734325200,21800.5,21804.25,21784.5,21790.5,2808.0
1734328800,21790.5,21809.0,21790.5,21808.5,1847.0
1734332400,21809.0,21810.75,21792.75,21804.0,2161.0
1734336000,21804.5,21819.0,21795.25,21811.0,4505.0
1734339600,21810.75,21848.5,21806.5,21846.75,4735.0
1734343200,21847.75,21866.5,21847.25,21862.5,4082.0
1734346800,21862.5,21864.5,21837.75,21860.75,6920.0
1734350400,21860.5,21883.5,21854.25,21874.0,8813.0
1734354000,21874.0,21913.5,21867.0,21910.75,20024.0
1734357600,21910.75,21972.0,21880.75,21971.25,75518.0
1734361200,21971.5,22024.25,21929.25,21991.75,86897.0
1734364800,21992.0,22057.5,21990.5,22055.5,52235.0
1734368400,22055.75,22087.75,22038.25,22086.0,40312.0
1734372000,22086.5,22125.0,22080.25,22117.0,43282.0
1734375600,22117.25,22142.5,22104.75,22124.25,33362.0
1734379200,22125.0,22152.5,22097.5,22111.5,48983.0
1734382800,22111.25,22117.75,22095.5,22111.75,11239.0
1734390000,22115.0,22118.25,22080.25,22099.25,0.0
1734393600,22100.25,22100.5,22085.25,22088.0,1724.0
1734397200,22087.75,22117.5,22082.5,22115.0,3139.0
1734400800,22115.0,22123.25,22112.5,22118.75,1653.0
1734404400,22118.75,22124.5,22112.25,22115.25,1189.0
1734408000,22116.5,22124.5,22115.5,22115.5,1201.0
1734411600,22116.5,22119.25,22102.5,22105.25,1401.0
1734415200,22106.25,22110.5,22086.0,22092.0,1645.0
1734418800,22092.75,22102.0,22037.5,22043.75,4057.0
1734422400,22042.75,22061.25,22028.75,22045.0,5249.0
1734426000,22042.75,22094.5,22039.75,22087.75,4664.0
1734429600,22087.5,22109.75,22074.25,22106.5,4245.0
1734433200,22107.0,22121.25,22071.25,22087.25,4844.0
1734436800,22088.0,22096.5,22048.0,22050.0,5794.0
1734440400,22050.0,22063.5,22025.5,22047.25,15071.0
1734444000,22047.75,22066.5,21977.25,22004.0,46598.0
1734447600,22004.0,22014.5,21942.25,22005.75,46344.0
1734451200,22005.25,22080.5,21980.25,22036.5,30267.0
1734454800,22037.75,22053.25,21994.75,22036.25,21269.0
1734458400,22036.0,22044.25,22000.25,22003.75,15757.0
1734462000,22004.25,22005.75,21966.25,21981.25,14258.0
1734465600,21981.0,22030.25,21954.0,22015.75,26682.0
1734469200,22015.25,22017.75,21987.75,22005.0,6658.0
1734476400,22010.0,22010.25,21900.75,21970.0,0.0
1734480000,21971.0,21995.0,21968.75,21983.5,1557.0
1734483600,21985.25,22020.25,21985.25,22018.75,1449.0
1734487200,22019.25,22027.75,22019.25,22021.25,857.0
1734490800,22022.0,22023.0,21998.75,22007.25,1134.0
1734494400,22008.0,22039.0,22007.75,22034.0,910.0
1734498000,22024.25,22041.75,22021.5,22039.75,894.0
1734501600,22039.25,22048.0,22015.0,22036.0,961.0
1734505200,22037.5,22038.75,22019.25,22029.25,1006.0
1734508800,22029.25,22058.25,22028.75,22035.25,2097.0
1734512400,22034.5,22053.25,22012.0,22048.25,2793.0
1734516000,22049.75,22074.25,22044.75,22066.25,2308.0
1734519600,22066.0,22080.5,22056.0,22067.5,2035.0
1734523200,22067.0,22083.75,22059.25,22075.75,3140.0
1734526800,22074.25,22074.5,21985.0,21987.0,6636.0
1734530400,21987.75,22004.5,21913.25,21990.75,21490.0
1734534000,21991.5,22053.5,21975.75,22022.0,18322.0
1734537600,22021.75,22042.5,21954.5,22008.5,13585.0
1734541200,22007.5,22026.5,21982.0,22003.75,9586.0
1734544800,22003.5,22015.75,21972.0,21994.75,7672.0
1734548400,22001.0,22001.0,21619.25,21625.0,33656.0
1734552000,21629.25,21650.0,21156.0,21212.75,48893.0
1734555600,21211.5,21228.75,21034.25,21176.75,10937.0
1734562800,21218.5,21274.25,21183.75,21199.25,0.0
1734566400,21203.25,21266.0,21196.0,21264.5,2038.0
1734570000,21265.0,21277.0,21201.75,21228.5,1773.0
1734573600,21227.75,21228.25,21181.0,21189.5,1046.0
1734577200,21191.25,21211.5,21155.75,21207.75,1246.0
1734580800,21208.5,21224.0,21194.75,21212.0,560.0
1734584400,21218.75,21234.5,21160.5,21165.75,621.0
1734588000,21165.5,21222.5,21165.5,21210.5,1215.0
1734591600,21213.5,21286.75,21207.0,21279.75,2258.0
1734595200,21278.5,21313.25,21254.0,21312.75,1560.0
1734598800,21310.0,21321.5,21261.25,21289.75,2006.0
1734602400,21290.0,21336.0,21284.25,21291.0,1598.0
1734606000,21291.75,21309.75,21272.25,21300.25,973.0
1734609600,21296.5,21399.75,21296.5,21397.5,1954.0
1734613200,21396.75,21405.0,21343.25,21350.75,2600.0
1734616800,21346.75,21424.25,21280.5,21300.75,19349.0
1734620400,21310.75,21362.5,21197.25,21282.5,20061.0
1734624000,21280.5,21360.25,21193.75,21297.25,8832.0
1734627600,21292.0,21301.5,21168.25,21255.25,8803.0
1734631200,21253.75,21334.0,21173.25,21332.25,8754.0
1734634800,21329.5,21333.75,21195.25,21195.25,8741.0
1734638400,21196.75,21262.75,21099.5,21110.75,12145.0
1734642000,21109.25,21150.25,21080.0,21145.5,3091.0
1734649200,21151.5,21151.5,21096.75,21107.5,0.0
1734652800,21109.5,21116.0,21000.0,21009.25,635.0
1734656400,21020.75,21035.25,20995.5,21016.25,329.0
1734660000,21000.5,21001.5,20958.75,20987.0,284.0
1734663600,21001.25,21008.0,20939.0,20952.25,201.0
1734667200,20955.0,20978.5,20955.0,20978.5,116.0
1734670800,20986.0,20997.0,20974.25,20995.75,75.0
1734674400,20994.0,21023.25,20973.0,21022.0,145.0
1734678000,21027.25,21032.75,20994.25,21015.75,369.0
1734681600,21014.25,21020.5,20886.25,20921.5,370.0
1734685200,20920.75,20925.75,20844.5,20861.0,423.0
1734688800,20860.0,20880.75,20838.0,20840.75,320.0
1734692400,20837.0,20858.0,20812.25,20833.0,629.0
1734696000,20836.5,20836.75,20745.0,20836.5,966.0
1734699600,20836.5,20969.75,20808.75,20956.75,2769.0
1734703200,20950.0,20988.75,20920.0,20945.25,944.0
1734908400,21566.0,21683.0,21565.75,21656.0,5727.0
1734912000,21657.25,21667.25,21594.25,21628.5,6103.0
1734915600,21626.25,21693.75,21609.0,21685.75,5489.0
1734919200,21686.25,21696.25,21653.5,21674.5,6188.0
1734922800,21674.75,21685.75,21657.0,21674.0,2796.0
1734926400,21675.0,21708.5,21673.5,21705.25,3048.0
1734930000,21706.0,21731.25,21698.0,21728.25,3350.0
1734933600,21727.75,21741.5,21711.5,21731.25,3954.0
1734937200,21733.5,21735.5,21686.0,21711.5,5422.0
1734940800,21712.5,21720.0,21665.0,21675.25,8717.0
1734944400,21675.75,21693.0,21654.0,21665.5,7775.0
1734948000,21665.5,21679.75,21613.0,21624.75,6066.0
1734951600,21625.0,21629.5,21573.0,21594.75,8446.0
1734955200,21594.5,21671.25,21594.25,21669.5,10317.0
1734958800,21668.0,21672.5,21544.25,21572.5,19326.0
1734962400,21572.5,21675.5,21553.0,21630.5,72868.0
1734966000,21633.0,21641.0,21477.0,21560.25,92771.0
1734969600,21559.5,21696.0,21554.5,21693.25,55722.0
1734973200,21693.25,21726.5,21642.25,21694.5,44992.0
1734976800,21695.5,21756.25,21685.25,21745.5,32777.0
1734980400,21744.75,21776.75,21706.25,21707.5,28536.0
1734984000,21707.75,21767.25,21666.0,21755.5,57176.0
1734987600,21756.0,21768.5,21716.0,21737.25,13671.0
1734994800,21743.25,21762.0,21719.75,21737.0,0.0
1734998400,21737.75,21739.25,21709.0,21735.25,2858.0
1735002000,21736.5,21747.75,21720.25,21738.75,3342.0
1735005600,21738.25,21752.0,21730.25,21751.75,2033.0
1735009200,21751.25,21760.0,21735.75,21743.5,1778.0
1735012800,21744.25,21752.5,21726.75,21751.5,1740.0
1735016400,21745.0,21752.0,21741.0,21746.0,1580.0
1735020000,21746.5,21771.0,21738.25,21764.5,1855.0
1735023600,21765.25,21798.5,21763.75,21773.5,4493.0
1735027200,21774.75,21778.5,21738.75,21762.75,4759.0
1735030800,21762.75,21803.25,21756.0,21797.5,4567.0
1735034400,21797.5,21807.0,21777.0,21798.25,3067.0
1735038000,21799.25,21805.0,21765.75,21785.0,3906.0
1735041600,21785.75,21803.0,21778.75,21799.25,4034.0
1735045200,21798.25,21827.0,21787.5,21826.25,6695.0
1735050600,21826.0,21907.5,21799.25,21904.25,50463.0
1735054200,21903.25,21968.5,21897.25,21960.75,63193.0
1735057800,21960.75,21994.75,21951.0,21961.75,38423.0
1735061400,21961.75,22034.25,21943.0,22033.0,45421.0
1735063200,22032.25,22049.25,22023.25,22028.5,9712.0
1735189200,22085.0,22096.0,22076.0,22090.25,2484.0
1735192800,22090.25,22098.0,22075.0,22077.25,1756.0
1735196400,22077.25,22083.5,22064.75,22078.75,1744.0
1735200000,22077.25,22078.0,21957.75,21983.0,11030.0
1735203600,21983.5,21994.0,21922.0,21933.25,12028.0
1735207200,21931.5,21946.0,21894.25,21934.5,8079.0
1735210800,21933.75,21964.0,21917.25,21961.0,5327.0
1735214400,21961.25,21977.5,21930.75,21949.25,7950.0
1735218000,21948.75,21963.5,21907.5,21951.0,10910.0
1735221600,21950.0,22008.0,21870.5,21957.75,60379.0
1735225200,21957.0,22011.0,21928.0,22006.25,61403.0
1735228800,22007.0,22040.5,21975.75,22039.75,36537.0
1735232400,22039.75,22076.25,21972.75,22005.5,47201.0
1735236000,22006.5,22041.0,21994.75,22017.0,37121.0
1735239600,22016.75,22047.25,21994.25,22044.25,27372.0
1735243200,22044.5,22061.25,22001.25,22007.0,38045.0
1735246800,22006.75,22021.75,21980.0,21984.25,13340.0
1735254000,21990.75,22006.75,21974.75,22005.75,0.0
1735257600,22006.0,22008.0,21954.75,21972.25,3195.0
1735261200,21972.25,21977.25,21950.25,21963.75,2905.0
1735264800,21962.0,21972.0,21955.0,21961.0,1325.0
1735268400,21961.5,21967.0,21942.5,21952.0,2195.0
1735272000,21952.0,21960.25,21943.5,21945.5,1104.0
1735275600,21954.0,21966.0,21950.25,21952.0,1456.0
1735279200,21953.0,21954.0,21926.0,21936.25,2309.0
1735282800,21936.0,21943.5,21919.0,21927.25,2156.0
1735286400,21927.0,21937.5,21902.0,21907.25,6857.0
1735290000,21908.0,21928.0,21898.25,21912.25,4236.0
1735293600,21913.25,21926.0,21908.5,21925.5,3939.0
1735297200,21925.75,21935.5,21912.0,21933.75,3297.0
1735300800,21934.0,21955.25,21933.5,21941.75,4652.0
1735304400,21940.75,21940.75,21885.25,21894.25,10923.0
1735308000,21894.25,21899.5,21675.75,21695.25,87580.0
1735311600,21695.25,21707.5,21507.0,21592.0,115854.0
1735315200,21592.25,21651.25,21525.0,21551.25,67807.0
1735318800,21550.75,21579.5,21498.75,21572.25,57958.0
1735322400,21571.75,21677.75,21556.5,21669.0,44400.0
1735326000,21666.75,21716.5,21635.75,21705.75,41463.0
1735329600,21705.5,21712.0,21606.5,21702.75,72056.0
1735333200,21702.75,21733.0,21701.75,21719.75,15347.0
1735513200,21711.0,21742.75,21670.5,21703.0,6435.0
1735516800,21701.0,21721.5,21673.75,21711.5,3441.0
1735520400,21710.25,21712.5,21679.0,21710.0,3156.0
1735524000,21707.75,21711.5,21685.25,21689.25,1935.0
1735527600,21689.0,21693.5,21674.25,21679.5,1877.0
1735531200,21680.25,21695.5,21674.5,21688.5,1669.0
1735534800,21688.25,21690.75,21649.5,21659.0,2779.0
1735538400,21658.5,21689.25,21647.5,21656.5,3656.0
1735542000,21655.5,21657.25,21613.0,21633.5,5480.0
1735545600,21632.5,21669.5,21620.0,21651.5,7347.0
1735549200,21652.25,21661.25,21622.0,21644.5,6072.0
1735552800,21643.5,21664.75,21639.75,21650.25,3181.0
1735556400,21651.0,21667.5,21641.75,21646.5,2880.0
1735560000,21647.75,21653.5,21441.75,21482.25,20620.0
1735563600,21482.25,21496.0,21358.5,21378.0,26172.0
1735567200,21378.75,21425.75,21283.25,21288.0,81371.0
1735570800,21288.75,21402.75,21253.0,21372.5,90132.0
1735574400,21371.5,21469.75,21340.75,21458.5,49501.0
1735578000,21459.25,21567.0,21447.5,21552.75,47860.0
1735581600,21552.75,21571.0,21487.75,21542.5,40827.0
1735585200,21542.5,21548.75,21475.75,21529.5,33204.0
1735588800,21528.75,21544.0,21408.5,21412.25,57368.0
1735592400,21411.75,21419.75,21351.0,21388.25,19046.0
1735599600,21390.25,21392.75,21343.5,21391.25,0.0
1735603200,21392.0,21402.75,21364.75,21369.5,2882.0
1735606800,21370.25,21422.5,21368.75,21417.0,3236.0
1735610400,21416.75,21455.75,21415.0,21422.0,3588.0
1735614000,21421.0,21428.5,21385.25,21408.25,3509.0
1735617600,21408.0,21413.25,21376.5,21409.0,2755.0
1735621200,21411.0,21418.0,21387.0,21407.5,2736.0
1735624800,21407.0,21409.5,21370.0,21379.75,2380.0
1735628400,21380.25,21409.5,21373.0,21394.0,4014.0
1735632000,21395.0,21405.25,21359.5,21384.75,5317.0
1735635600,21385.75,21511.0,21379.0,21489.0,9375.0
1735639200,21488.25,21510.0,21476.75,21496.5,4138.0
1735642800,21497.5,21519.25,21477.0,21501.25,4765.0
1735646400,21501.5,21524.75,21460.25,21465.0,7101.0
1735650000,21466.0,21499.5,21436.0,21460.75,11556.0
1735653600,21461.5,21488.5,21368.0,21435.0,56258.0
1735657200,21434.0,21468.5,21333.5,21379.25,67630.0
1735660800,21379.25,21384.0,21287.0,21330.0,49779.0
1735664400,21329.75,21344.0,21208.0,21313.75,48655.0
1735668000,21313.25,21337.5,21204.5,21220.0,45397.0
1735671600,21220.5,21275.0,21182.0,21268.75,41496.0
1735675200,21268.25,21316.0,21189.0,21220.75,75503.0
1735678800,21220.5,21250.75,21197.25,21234.25,13902.0
1735794000,21324.25,21376.5,21323.0,21369.75,5889.0
1735797600,21371.0,21396.75,21356.0,21389.25,4779.0
1735801200,21389.25,21398.5,21346.0,21357.75,6197.0
1735804800,21357.25,21424.5,21318.0,21375.5,16974.0
1735808400,21374.5,21405.5,21350.25,21402.5,10498.0
1735812000,21402.75,21411.0,21359.5,21397.75,6720.0
1735815600,21398.0,21470.0,21370.5,21467.75,9232.0
1735819200,21467.0,21490.5,21413.75,21444.25,13729.0
1735822800,21443.75,21466.5,21404.25,21417.5,14880.0
1735826400,21417.75,21420.0,21166.5,21390.75,97853.0
1735830000,21392.5,21444.0,21209.75,21277.0,97685.0
1735833600,21278.25,21357.5,21186.5,21316.25,62781.0
1735837200,21316.25,21342.25,20983.75,21075.75,87232.0
1735840800,21076.5,21090.25,20987.75,21047.5,61506.0
1735844400,21048.0,21145.5,21028.0,21064.0,52521.0
1735848000,21063.25,21195.75,21062.0,21169.25,56839.0
1735851600,21169.0,21203.5,21168.75,21182.5,11005.0
1735858800,21186.75,21188.75,21144.0,21163.5,0.0
1735862400,21162.75,21240.75,21153.25,21239.0,6082.0
1735866000,21239.25,21249.0,21206.0,21224.0,4060.0
1735869600,21224.5,21250.0,21221.25,21242.5,4515.0
1735873200,21243.0,21260.0,21242.5,21248.0,3217.0
1735876800,21249.0,21255.25,21225.25,21226.0,1948.0
1735880400,21219.25,21231.75,21207.5,21225.75,2686.0
1735884000,21225.5,21256.75,21219.0,21237.25,2625.0
1735887600,21237.25,21254.0,21210.5,21246.0,4597.0
1735891200,21245.75,21275.5,21213.25,21236.75,9404.0
1735894800,21237.25,21288.0,21228.25,21271.25,7168.0
1735898400,21270.25,21272.75,21227.0,21237.0,4504.0
1735902000,21237.5,21252.5,21219.25,21246.75,4125.0
1735905600,21246.5,21246.5,21208.5,21242.25,5939.0
1735909200,21241.75,21273.5,21227.0,21227.75,9762.0
1735912800,21228.25,21434.5,21228.0,21382.25,76178.0
1735916400,21382.75,21440.5,21262.0,21377.5,90349.0
1735920000,21376.25,21492.25,21337.25,21464.0,65433.0
1735923600,21464.75,21487.0,21441.5,21471.0,33938.0
1735927200,21470.5,21531.25,21449.75,21509.25,34795.0
1735930800,21509.5,21559.25,21496.75,21534.5,30763.0
1735934400,21534.5,21534.5,21474.75,21508.0,58078.0
1735938000,21508.25,21513.75,21476.5,21493.0,15462.0
1736118000,21532.25,21544.75,21501.75,21524.25,3763.0
1736121600,21525.75,21536.25,21478.25,21495.75,4540.0
1736125200,21495.5,21507.0,21482.5,21500.5,3782.0
1736128800,21499.75,21518.75,21483.25,21509.5,4530.0
1736132400,21510.5,21517.5,21501.0,21508.5,2242.0
1736136000,21508.25,21524.0,21504.0,21522.75,1675.0
1736139600,21523.25,21551.75,21520.5,21539.0,3274.0
1736143200,21539.75,21555.5,21530.0,21549.25,2940.0
1736146800,21549.0,21577.0,21540.25,21565.25,4979.0
1736150400,21565.25,21625.0,21564.75,21618.75,8475.0
1736154000,21617.75,21673.0,21616.75,21669.5,8638.0
1736157600,21669.0,21693.25,21655.0,21671.0,7847.0
1736161200,21670.25,21745.0,21642.0,21730.0,16703.0
1736164800,21730.25,21760.5,21711.0,21735.25,11611.0
1736168400,21735.0,21751.25,21707.0,21749.5,14256.0
1736172000,21749.5,21848.75,21641.75,21819.5,91791.0
1736175600,21818.25,21892.75,21780.25,21869.5,81330.0
1736179200,21870.25,21896.75,21844.5,21857.5,45223.0
1736182800,21857.25,21869.25,21768.75,21794.5,51257.0
1736186400,21794.5,21795.75,21701.5,21707.25,55738.0
1736190000,21706.75,21723.25,21657.5,21660.0,51725.0
1736193600,21659.75,21756.0,21647.75,21750.0,67379.0
1736197200,21749.5,21786.25,21749.5,21780.5,18009.0
1736204400,21781.25,21796.25,21768.75,21771.75,0.0
1736208000,21770.25,21782.0,21750.0,21761.5,3744.0
1736211600,21761.5,21772.5,21746.0,21768.75,3480.0
1736215200,21768.0,21785.5,21734.0,21737.75,3890.0
1736218800,21738.5,21752.0,21715.75,21747.25,5212.0
1736222400,21747.25,21747.75,21719.0,21724.0,2721.0
1736226000,21713.75,21723.25,21661.0,21706.25,6253.0
1736229600,21705.25,21716.0,21684.25,21690.75,3630.0
1736233200,21690.25,21733.0,21688.5,21728.75,5073.0
1736236800,21728.75,21765.5,21706.0,21757.75,8060.0
1736240400,21757.5,21774.5,21724.25,21729.25,7604.0
1736244000,21728.25,21771.0,21717.0,21768.25,5002.0
1736247600,21768.0,21771.5,21720.5,21736.25,6251.0
1736251200,21736.5,21763.75,21718.75,21745.5,7114.0
1736254800,21744.75,21779.0,21731.25,21778.25,9504.0
1736258400,21778.25,21806.0,21695.25,21709.75,74432.0
1736262000,21709.75,21709.75,21399.5,21549.75,165664.0
1736265600,21548.5,21567.5,21425.5,21435.0,84999.0
1736269200,21435.75,21475.75,21387.0,21445.0,51600.0
1736272800,21445.5,21517.25,21427.75,21440.0,39600.0
1736276400,21439.25,21474.75,21403.0,21417.5,39200.0
1736280000,21417.75,21423.0,21279.5,21359.5,80738.0
1736283600,21359.0,21394.5,21358.25,21375.5,15418.0
1736290800,21380.75,21395.75,21344.5,21392.25,0.0
1736294400,21393.5,21414.0,21388.0,21405.75,4313.0
1736298000,21406.75,21435.25,21394.75,21430.0,4663.0
1736301600,21429.0,21437.0,21402.0,21419.5,4063.0
1736305200,21419.0,21424.25,21389.75,21406.0,4082.0
1736308800,21407.0,21419.25,21384.5,21394.75,2894.0
1736312400,21401.0,21433.0,21395.0,21430.25,2442.0
1736316000,21429.25,21435.0,21396.75,21400.0,2975.0
1736319600,21399.75,21401.0,21360.5,21390.25,5988.0
1736323200,21390.0,21420.0,21379.25,21411.75,6736.0
1736326800,21411.5,21433.5,21406.0,21429.75,5853.0
1736330400,21430.25,21448.25,21426.25,21443.75,4576.0
1736334000,21443.5,21448.0,21284.5,21364.25,24094.0
1736337600,21364.75,21367.0,21221.5,21257.25,27332.0
1736341200,21257.0,21393.5,21254.75,21377.0,34750.0
1736344800,21376.75,21388.0,21286.0,21344.25,83432.0
1736348400,21343.5,21406.25,21231.0,21358.75,92541.0
1736352000,21358.25,21419.0,21285.5,21385.5,50876.0
1736355600,21385.75,21387.5,21166.25,21268.5,65208.0
1736359200,21268.0,21408.0,21264.75,21325.5,60653.0
1736362800,21327.25,21431.75,21287.5,21337.0,67820.0
1736366400,21337.25,21377.75,21301.25,21361.0,49853.0
1736370000,21360.75,21389.5,21306.0,21325.5,16871.0
1736377200,21334.75,21346.75,21312.75,21315.0,0.0
1736380800,21316.5,21324.25,21271.0,21307.75,5487.0
1736384400,21306.25,21328.25,21300.75,21314.0,3762.0
1736388000,21313.75,21347.25,21313.5,21344.75,2844.0
1736391600,21344.75,21344.75,21310.0,21310.75,2836.0
1736395200,21311.0,21317.25,21293.0,21310.5,3745.0
1736398800,21320.25,21329.25,21307.75,21323.0,2541.0
1736402400,21324.0,21328.5,21307.0,21314.25,2152.0
1736406000,21315.5,21316.25,21241.0,21249.0,6417.0
1736409600,21249.0,21306.75,21218.0,21293.5,8829.0
1736413200,21294.75,21313.75,21278.25,21311.25,5674.0
1736416800,21311.5,21334.5,21310.0,21327.5,4003.0
1736420400,21327.75,21328.75,21276.5,21301.75,6826.0
1736424000,21302.75,21317.75,21285.75,21311.75,4522.0
1736427600,21311.5,21334.0,21293.0,21305.0,7619.0
1736431200,21304.0,21310.25,21265.0,21301.5,6500.0
1736463600,21302.75,21309.0,21211.25,21237.5,0.0
1736467200,21237.0,21245.25,21179.5,21196.0,7326.0
1736470800,21197.25,21257.75,21193.75,21247.5,4915.0
1736474400,21246.25,21278.75,21237.5,21273.25,3522.0
1736478000,21274.25,21314.0,21271.75,21300.75,4462.0
1736481600,21300.5,21308.5,21281.25,21301.25,2877.0
1736485200,21308.0,21328.5,21295.0,21301.0,3555.0
1736488800,21300.0,21300.5,21240.75,21245.75,4934.0
1736492400,21244.0,21292.25,21233.75,21271.0,5698.0
1736496000,21270.0,21299.5,21258.5,21283.25,5857.0
1736499600,21284.0,21294.75,21248.5,21277.25,6074.0
1736503200,21278.0,21321.5,21270.25,21315.75,5069.0
1736506800,21316.75,21372.5,21312.5,21316.0,9152.0
1736510400,21316.5,21323.5,21257.0,21322.0,10548.0
1736514000,21320.75,21323.5,21045.0,21116.25,50238.0
1736517600,21115.5,21197.25,21010.0,21052.0,92835.0
1736521200,21053.0,21123.5,20874.75,20989.0,132400.0
1736524800,20989.5,21002.0,20885.0,20899.75,77850.0
1736528400,20900.75,21039.0,20886.0,21033.75,51618.0
1736532000,21033.25,21176.5,21005.5,21167.25,61502.0
1736535600,21168.25,21171.5,21042.5,21086.5,52236.0
1736539200,21086.25,21099.25,20982.0,21016.25,73277.0
1736542800,21017.0,21035.75,20988.75,20997.75,18363.0
1736722800,21027.5,21027.75,20942.5,21001.0,7200.0
1736726400,20997.0,21037.0,20980.25,20998.0,5256.0
1736730000,20999.75,21002.0,20888.5,20926.5,9771.0
1736733600,20925.0,20948.0,20912.0,20925.75,4608.0
1736737200,20924.5,20937.0,20858.5,20881.0,7582.0
1736740800,20880.25,20901.5,20876.75,20898.75,3301.0
1736744400,20897.5,20900.0,20865.25,20887.25,2877.0
1736748000,20886.5,20929.75,20885.75,20905.75,4073.0
1736751600,20906.25,20916.0,20867.25,20881.75,5190.0
1736755200,20882.75,20912.25,20795.75,20802.75,13568.0
1736758800,20804.5,20811.75,20696.25,20721.25,20949.0
1736762400,20721.0,20775.75,20709.25,20750.25,8807.0
1736766000,20751.25,20776.75,20732.0,20764.75,8717.0
1736769600,20765.0,20846.0,20725.5,20817.0,18906.0
1736773200,20818.5,20842.25,20780.25,20810.0,17199.0
1736776800,20810.0,20841.5,20702.0,20801.75,92000.0
1736780400,20802.0,20880.25,20714.5,20798.25,91270.0
1736784000,20799.0,20826.5,20727.0,20737.5,64825.0
1736787600,20737.5,20895.0,20718.25,20890.0,62745.0
1736791200,20890.0,20913.75,20856.25,20892.5,45286.0
1736794800,20891.75,20926.5,20835.5,20906.25,44717.0
1736798400,20905.5,20964.5,20873.75,20947.5,51998.0
1736802000,20947.5,20996.5,20937.5,20992.25,15567.0
1736809200,21020.0,21088.5,21011.0,21046.0,0.0
1736812800,21046.25,21055.75,21028.0,21053.0,4819.0
1736816400,21052.0,21052.0,21021.25,21026.5,3133.0
1736820000,21027.75,21044.5,20997.0,21043.25,4357.0
1736823600,21042.25,21048.0,21017.0,21018.0,3513.0
1736827200,21018.0,21047.0,21012.25,21044.0,2463.0
1736830800,21044.0,21059.5,21026.75,21058.0,3278.0
1736834400,21057.5,21067.75,21040.75,21046.5,3635.0
1736838000,21047.0,21066.25,21021.25,21059.5,4041.0
1736841600,21060.0,21143.5,21052.0,21122.75,10326.0
1736845200,21122.25,21130.0,21084.0,21100.0,8238.0
1736848800,21100.75,21108.0,21073.25,21095.25,4687.0
1736852400,21094.5,21094.5,21034.5,21042.75,7158.0
1736856000,21042.75,21058.5,20972.0,21005.0,13617.0
1736859600,21005.5,21138.5,20944.0,21056.5,43304.0
1736863200,21057.75,21129.75,20966.25,20981.25,86306.0
1736866800,20980.75,21110.75,20935.25,20936.25,105358.0
1736870400,20936.5,20956.25,20819.5,20822.75,79277.0
1736874000,20822.75,20884.25,20791.75,20863.75,58745.0
1736877600,20862.75,21010.0,20855.25,20997.5,47382.0
1736881200,20997.25,21013.25,20855.75,20860.5,50321.0
1736884800,20861.25,20929.25,20773.5,20923.5,93663.0
1736888400,20923.75,20993.75,20920.5,20977.5,19184.0
1736895600,20977.0,20977.0,20938.5,20948.0,0.0
1736899200,20947.75,20958.25,20937.25,20955.0,2689.0
1736902800,20955.5,20963.5,20941.0,20953.0,2717.0
1736906400,20953.0,20956.5,20931.5,20937.75,2478.0
1736910000,20936.75,20944.25,20931.25,20935.25,1843.0
1736913600,20936.0,20947.25,20927.0,20943.5,1891.0
1736917200,20945.0,20951.0,20939.25,20943.0,1941.0
1736920800,20943.5,20956.75,20939.5,20948.25,1544.0
1736924400,20947.5,20959.25,20930.25,20934.75,2862.0
1736928000,20935.25,20951.75,20909.0,20932.0,5334.0
1736931600,20932.5,20972.0,20926.25,20960.25,4657.0
1736935200,20960.75,20971.0,20932.75,20965.0,4085.0
1736938800,20965.25,21014.5,20963.5,20997.5,6446.0
1736942400,20996.75,21016.0,20977.5,20997.75,7849.0
1736946000,20997.0,21329.0,20980.25,21281.25,50117.0
1736949600,21281.5,21345.0,21186.75,21327.25,91101.0
1736953200,21328.25,21408.0,21318.5,21318.75,91249.0
1736956800,21319.75,21370.75,21246.25,21273.25,68009.0
1736960400,21273.0,21365.0,21262.25,21322.0,47446.0
1736964000,21322.5,21395.75,21321.25,21380.25,33176.0
1736967600,21380.75,21435.5,21377.25,21419.5,34937.0
1736971200,21419.25,21452.75,21387.75,21396.5,62262.0
1736974800,21396.0,21406.0,21369.75,21376.75,15538.0
1736982000,21389.0,21421.0,21378.25,21415.25,0.0
1736985600,21415.25,21447.75,21408.0,21425.5,4308.0
1736989200,21426.0,21428.5,21397.5,21401.0,4184.0
1736992800,21401.5,21406.5,21384.5,21398.5,3489.0
1736996400,21397.75,21412.25,21384.75,21393.25,2773.0
1737000000,21392.5,21399.5,21382.0,21389.75,1599.0
1737003600,21382.75,21390.0,21354.5,21366.75,5190.0
1737007200,21366.75,21456.75,21353.0,21440.75,10900.0
1737010800,21440.5,21560.0,21432.5,21555.5,13213.0
1737014400,21555.25,21567.25,21504.25,21539.5,12479.0
1737018000,21539.0,21547.5,21454.5,21474.0,12285.0
1737021600,21473.75,21512.5,21445.0,21499.0,8142.0
1737025200,21498.0,21518.25,21483.75,21507.0,5947.0
1737028800,21507.5,21510.0,21430.5,21439.75,11498.0
1737032400,21440.5,21484.5,21420.0,21474.5,20103.0
1737036000,21474.0,21500.25,21369.75,21378.75,76233.0
1737039600,21377.5,21427.25,21336.5,21424.75,92497.0
1737043200,21424.25,21474.75,21317.75,21400.75,75239.0
1737046800,21400.25,21426.0,21369.25,21385.5,39664.0
1737050400,21386.5,21413.25,21262.25,21290.5,50959.0
1737054000,21289.75,21380.75,21277.25,21374.5,43711.0
1737057600,21374.5,21395.75,21243.5,21247.75,63853.0
1737061200,21248.25,21250.25,21172.25,21214.25,24291.0
1737068400,21227.5,21239.5,21209.25,21235.0,0.0
1737072000,21233.5,21242.0,21227.0,21240.25,2852.0
1737075600,21240.5,21274.25,21238.5,21265.25,3595.0
1737079200,21265.75,21283.75,21249.25,21258.0,3141.0
1737082800,21258.25,21283.0,21246.5,21281.0,3159.0
1737086400,21280.5,21307.5,21278.0,21289.0,3788.0
1737090000,21294.25,21309.5,21288.25,21298.75,2594.0
1737093600,21297.75,21305.25,21277.25,21288.75,2741.0
1737097200,21288.75,21293.0,21251.75,21276.0,4314.0
1737100800,21275.75,21321.25,21272.0,21314.5,5294.0
1737104400,21314.0,21356.75,21309.0,21343.25,7183.0
1737108000,21343.75,21353.75,21324.25,21334.25,5188.0
1737111600,21334.5,21362.25,21320.5,21328.75,5664.0
1737115200,21328.5,21353.25,21306.75,21345.0,7907.0
1737118800,21345.25,21545.5,21344.0,21541.5,35260.0
1737122400,21541.75,21682.5,21487.0,21506.75,121924.0
1737126000,21505.5,21590.25,21481.25,21587.5,91247.0
1737129600,21590.0,21637.75,21570.5,21583.75,61977.0
1737133200,21583.5,21630.0,21559.75,21626.25,41085.0
1737136800,21626.0,21672.0,21612.0,21631.75,46263.0
1737140400,21632.0,21644.75,21609.0,21622.5,36331.0
1737144000,21622.0,21638.5,21579.5,21600.25,67813.0
1737147600,21600.25,21604.5,21571.75,21586.25,16538.0
1737327600,21600.0,21618.0,21526.5,21545.0,7195.0
1737331200,21546.0,21559.75,21535.75,21557.0,3540.0
1737334800,21556.0,21576.75,21540.25,21565.5,4871.0
1737338400,21563.75,21571.0,21550.0,21560.75,2286.0
1737342000,21561.25,21574.5,21545.75,21560.75,3014.0
1737345600,21561.5,21567.5,21554.0,21565.25,1567.0
1737435600,21611.0,21612.75,21578.75,21592.0,2541.0
1737439200,21590.5,21626.5,21586.5,21600.25,2458.0
1737442800,21599.25,21644.25,21583.0,21636.5,3385.0
1737446400,21635.25,21672.25,21607.0,21650.25,5615.0
1737450000,21650.0,21708.5,21645.0,21707.25,6245.0
1737453600,21707.5,21730.75,21683.25,21688.0,6231.0
1737457200,21688.0,21710.5,21666.25,21674.25,6059.0
1737460800,21675.5,21707.0,21643.5,21695.5,10216.0
1737464400,21695.0,21729.5,21682.0,21725.25,9732.0
1737468000,21725.5,21736.5,21572.75,21631.25,81744.0
1737471600,21630.75,21649.5,21525.75,21634.0,81246.0
1737475200,21633.75,21682.0,21593.0,21674.75,52194.0
1737478800,21675.25,21743.0,21649.75,21741.25,43032.0
1737482400,21741.0,21772.0,21719.75,21752.75,37042.0
1737486000,21752.75,21763.5,21697.0,21724.75,37119.0
1737489600,21724.75,21755.5,21697.5,21714.5,50122.0
1737493200,21714.75,21783.5,21708.5,21772.5,17318.0
1737500400,21809.25,21820.25,21768.25,21810.25,0.0
1737504000,21810.25,21843.75,21804.25,21837.0,5281.0
1737507600,21836.75,21841.25,21811.5,21833.75,4312.0
1737511200,21833.75,21850.0,21830.0,21834.5,3076.0
1737514800,21835.25,21858.25,21833.5,21857.25,3255.0
1737518400,21856.5,21876.75,21852.0,21868.5,3086.0
1737522000,21865.75,21867.75,21854.75,21858.0,1645.0
1737525600,21858.5,21866.0,21839.5,21841.5,2507.0
1737529200,21841.75,21866.25,21839.75,21854.0,3149.0
1737532800,21853.75,21896.25,21850.0,21891.75,6814.0
1737536400,21891.75,21907.0,21876.25,21882.75,7334.0
1737540000,21882.25,21895.75,21868.75,21890.5,4269.0
1737543600,21890.0,21905.0,21883.75,21886.0,4586.0
1737547200,21886.75,21920.0,21880.0,21910.5,7275.0
1737550800,21910.5,21934.25,21903.75,21930.0,10496.0
1737554400,21930.5,22028.0,21899.0,22014.0,88304.0
1737558000,22013.75,22042.75,21976.0,21994.75,76407.0
1737561600,21994.75,22078.5,21989.5,22074.75,57141.0
1737565200,22075.75,22093.5,22046.0,22057.25,37970.0
1737568800,22057.25,22062.25,22010.5,22027.25,44755.0
1737572400,22027.5,22044.75,22006.5,22040.25,33226.0
1737576000,22040.25,22041.5,21982.0,21997.75,59502.0
1737579600,21997.5,22005.5,21967.5,21985.0,15633.0
1737586800,21981.75,21984.75,21958.25,21965.5,0.0
1737590400,21965.5,21971.25,21943.25,21951.0,4027.0
1737594000,21950.5,21966.75,21945.0,21948.25,3719.0
1737597600,21948.75,21956.25,21926.0,21954.5,4008.0
1737601200,21954.0,21965.25,21942.5,21952.0,3284.0
1737604800,21952.5,21967.0,21951.5,21963.75,1381.0
1737608400,21966.0,21969.0,21950.75,21952.75,1785.0
1737612000,21953.5,21964.5,21934.5,21942.25,2708.0
1737615600,21943.0,21947.75,21913.75,21920.5,4266.0
1737619200,21920.5,21926.0,21863.0,21880.75,9116.0
1737622800,21880.5,21901.5,21855.5,21894.0,8350.0
1737626400,21893.75,21907.0,21877.75,21881.0,5228.0
1737630000,21880.0,21904.0,21873.75,21898.0,5863.0
1737633600,21898.5,21905.0,21872.5,21900.25,7025.0
1737637200,21899.5,21919.5,21876.5,21896.25,16688.0
1737640800,21896.5,21918.0,21866.0,21897.5,61157.0
1737644400,21898.0,21941.5,21868.25,21931.5,61946.0
1737648000,21931.75,21971.5,21896.75,21947.75,71473.0
1737651600,21948.25,21948.25,21900.25,21938.5,37239.0
1737655200,21938.5,21985.0,21931.75,21954.75,37369.0
1737658800,21954.75,21963.5,21923.75,21954.0,34144.0
1737662400,21953.75,22043.75,21943.5,22041.75,61944.0
1737666000,22042.0,22050.5,22008.75,22021.75,19297.0
1737673200,22018.5,22018.5,21995.75,22010.25,0.0
1737676800,22011.25,22014.25,21994.75,22008.0,6985.0
1737680400,22008.0,22034.0,22002.0,22010.25,19259.0
1737684000,22010.25,22058.5,22006.75,22049.5,13787.0
1737687600,22049.0,22058.5,21990.5,22003.0,5891.0
1737691200,22002.75,22008.75,21979.25,21997.25,4217.0
1737694800,22003.5,22010.75,21993.25,21996.0,2747.0
1737698400,21997.25,22015.5,21993.75,22003.0,3320.0
1737702000,22003.5,22005.25,21971.75,21985.5,3811.0
1737705600,21984.75,22008.25,21976.25,21983.25,5502.0
1737709200,21982.75,22022.25,21980.75,22004.75,5244.0
1737712800,22004.75,22009.5,21985.0,22007.5,13227.0
1737716400,22008.0,22012.25,21990.25,22010.0,10729.0
1737720000,22010.0,22043.75,22008.75,22031.75,6674.0
1737723600,22031.0,22032.0,21996.0,22011.0,9558.0
1737727200,22010.75,22078.25,21999.75,22058.0,73558.0
1737730800,22058.0,22070.0,21978.0,21986.5,69628.0
1737734400,21986.75,22035.75,21970.25,21982.75,50214.0
1737738000,21983.0,22008.25,21930.75,21941.5,44159.0
1737741600,21941.75,21952.5,21862.25,21867.75,52587.0
1737745200,21868.25,21896.75,21844.0,21868.0,46159.0
1737748800,21868.0,21919.25,21857.0,21908.5,55687.0
1737752400,21908.5,21918.75,21891.75,21907.75,12977.0
1737932400,21771.0,21771.0,21633.0,21665.75,19675.0
1737936000,21665.5,21673.25,21567.5,21584.25,14344.0
1737939600,21583.5,21616.0,21488.75,21528.5,21701.0
1737943200,21528.5,21541.0,21499.5,21522.75,10529.0
1737946800,21523.0,21563.0,21513.25,21524.5,8998.0
1737950400,21525.25,21532.0,21473.75,21499.25,9200.0
1737954000,21497.0,21506.75,21411.25,21432.25,13773.0
1737957600,21434.25,21440.0,21357.0,21388.5,13070.0
1737961200,21388.75,21412.0,21282.75,21283.5,20820.0
1737964800,21284.75,21312.5,21193.25,21242.5,37802.0
1737968400,21242.75,21269.0,21155.0,21163.5,31698.0
1737972000,21164.25,21170.0,20763.75,20886.75,61692.0
1737975600,20887.75,21032.5,20878.0,21000.0,37526.0
1737979200,20999.0,21106.5,20996.0,21084.5,26993.0
1737982800,21083.0,21174.75,21033.75,21160.0,39588.0
1737986400,21158.5,21341.0,21103.0,21334.25,127940.0
1737990000,21330.5,21418.5,21228.0,21311.75,131716.0
1737993600,21312.0,21326.25,21185.5,21209.25,99582.0
1737997200,21210.5,21267.0,21140.25,21142.25,63038.0
1738000800,21142.5,21217.0,21138.75,21150.75,50762.0
1738004400,21151.75,21260.5,21095.0,21133.0,70243.0
1738008000,21133.0,21265.0,21127.5,21258.25,95233.0
1738011600,21258.25,21330.0,21250.75,21304.5,26426.0
1738018800,21343.25,21357.5,21244.75,21326.75,0.0
1738022400,21327.0,21341.0,21269.75,21286.0,5744.0
1738026000,21286.25,21327.25,21228.0,21238.0,6990.0
1738029600,21236.25,21309.0,21219.0,21291.25,5652.0
1738033200,21291.5,21331.75,21283.0,21289.75,4644.0
1738036800,21289.25,21305.25,21275.75,21304.25,3180.0
1738040400,21291.0,21295.5,21246.25,21292.25,3502.0
1738044000,21292.5,21313.0,21264.25,21291.0,4145.0
1738047600,21289.5,21351.25,21273.75,21340.25,6713.0
1738051200,21341.25,21398.5,21289.25,21394.5,12371.0
1738054800,21395.25,21405.0,21345.25,21395.25,11634.0
1738058400,21396.25,21423.5,21389.0,21392.0,9606.0
1738062000,21392.0,21410.25,21326.0,21341.5,9395.0
1738065600,21341.75,21348.0,21257.75,21306.75,16337.0
1738069200,21307.25,21358.0,21282.0,21300.75,22152.0
1738072800,21301.0,21319.5,21159.5,21283.0,96885.0
1738076400,21284.75,21481.5,21281.0,21455.0,112377.0
1738080000,21456.0,21479.0,21387.5,21472.5,74742.0
1738083600,21472.75,21563.5,21470.5,21544.75,60756.0
1738087200,21544.75,21584.0,21521.5,21540.25,44685.0
1738090800,21540.5,21626.0,21513.5,21615.5,45675.0
1738094400,21615.25,21622.5,21558.0,21576.25,65714.0
1738098000,21576.25,21576.25,21550.5,21558.5,14903.0
1738105200,21559.0,21579.0,21530.5,21545.5,0.0
1738108800,21546.0,21571.75,21535.0,21566.25,3618.0
1738112400,21565.5,21576.5,21554.25,21566.75,2605.0
1738116000,21566.5,21586.25,21560.25,21579.0,2203.0
1738119600,21579.0,21584.0,21558.25,21583.0,2488.0
1738123200,21583.5,21608.75,21583.25,21596.5,3224.0
1738126800,21596.0,21603.0,21577.0,21580.25,2048.0
1738130400,21580.75,21686.25,21580.75,21663.0,9608.0
1738134000,21663.0,21670.75,21642.0,21669.5,4187.0
1738137600,21669.0,21695.0,21662.75,21667.5,8401.0
1738141200,21666.25,21677.5,21628.5,21668.0,10454.0
1738144800,21667.5,21672.25,21642.5,21665.0,5917.0
1738148400,21665.5,21690.0,21648.25,21681.0,4700.0
1738152000,21681.5,21683.5,21639.0,21647.25,6431.0
1738155600,21646.5,21647.25,21560.25,21602.5,19795.0
1738159200,21602.25,21627.0,21494.0,21519.0,76034.0
1738162800,21518.75,21564.5,21456.0,21506.0,83737.0
1738166400,21507.0,21525.0,21466.75,21484.0,55271.0
1738170000,21483.5,21548.25,21478.25,21484.75,36477.0
1738173600,21485.25,21516.0,21367.0,21467.25,73050.0
1738177200,21464.0,21578.0,21386.75,21537.75,91414.0
1738180800,21538.5,21600.75,21463.0,21530.75,79621.0
1738184400,21531.0,21610.0,21387.0,21572.25,39901.0
1738191600,21547.75,21586.25,21505.75,21539.0,0.0
1738195200,21538.5,21587.75,21526.0,21585.25,4843.0
1738198800,21585.5,21667.0,21578.5,21649.75,7937.0
1738202400,21650.0,21679.0,21650.0,21655.75,4547.0
1738206000,21657.0,21675.25,21653.75,21673.25,3080.0
1738209600,21673.5,21680.0,21659.25,21660.0,2297.0
1738213200,21649.75,21663.25,21645.75,21659.5,2311.0
1738216800,21660.0,21665.5,21631.25,21642.25,2453.0
1738220400,21641.5,21670.5,21622.25,21662.0,3800.0
1738224000,21662.0,21715.25,21651.0,21701.75,8256.0
1738227600,21701.25,21701.25,21632.0,21634.75,6573.0
1738231200,21634.75,21648.0,21609.0,21620.25,6386.0
1738234800,21620.25,21670.75,21619.75,21640.75,7259.0
1738238400,21641.5,21655.0,21574.25,21631.25,13418.0
1738242000,21631.25,21668.75,21605.25,21668.0,15723.0
1738245600,21668.5,21748.75,21596.75,21674.25,89454.0
1738249200,21674.0,21676.0,21461.25,21462.0,105145.0
1738252800,21462.75,21625.75,21420.0,21610.0,78730.0
1738256400,21610.25,21610.25,21503.25,21552.75,46418.0
1738260000,21552.75,21612.25,21527.25,21606.5,35204.0
1738263600,21606.5,21661.5,21587.25,21659.75,32077.0
1738267200,21660.0,21700.0,21523.5,21624.75,104089.0
1738270800,21623.0,21691.75,21578.0,21608.75,23936.0
1738278000,21680.0,21725.25,21660.0,21698.0,0.0
1738281600,21698.0,21720.25,21673.25,21709.0,3836.0
1738285200,21707.0,21779.75,21680.0,21774.5,8797.0
1738288800,21775.25,21787.75,21738.0,21740.25,4773.0
1738292400,21740.0,21754.75,21731.75,21738.5,2492.0
1738296000,21739.5,21746.5,21722.0,21726.5,2147.0
1738299600,21741.0,21744.75,21729.25,21737.25,2130.0
1738303200,21736.75,21773.5,21731.75,21760.75,3310.0
1738306800,21761.75,21807.25,21757.0,21789.5,6246.0
1738310400,21789.0,21794.5,21742.75,21753.25,6068.0
1738314000,21753.75,21800.75,21753.25,21782.5,5763.0
1738317600,21783.0,21793.25,21772.0,21781.5,6024.0
1738321200,21780.75,21810.25,21780.25,21804.75,5624.0
1738324800,21804.5,21813.0,21781.0,21782.75,7259.0
1738328400,21782.75,21808.75,21755.75,21791.5,16162.0
1738332000,21791.25,21872.25,21750.0,21868.0,71298.0
1738335600,21868.25,21957.0,21865.75,21937.25,83025.0
1738339200,21936.75,21965.75,21877.0,21903.0,53101.0
1738342800,21903.75,21939.0,21865.0,21915.0,45988.0
1738346400,21915.5,21926.5,21721.0,21751.75,97123.0
1738350000,21752.0,21781.75,21584.75,21660.75,87873.0
1738353600,21660.5,21660.5,21535.75,21580.5,95661.0
1738357200,21580.5,21592.0,21533.75,21571.0,23205.0
1738537200,21200.0,21200.0,20943.0,21115.0,24584.0
1738540800,21114.0,21155.5,21027.5,21118.75,14828.0
1738544400,21115.75,21150.0,21065.75,21075.75,12713.0
1738548000,21074.5,21077.25,20976.75,21029.75,12598.0
1738551600,21029.5,21059.0,20995.75,21035.75,6555.0
1738555200,21034.0,21052.25,20981.25,21019.75,6020.0
1738558800,21019.5,21077.0,20998.75,21072.25,5729.0
1738562400,21071.0,21101.0,21044.0,21066.0,7580.0
1738566000,21068.0,21154.0,21067.75,21117.75,8819.0
1738569600,21118.25,21252.0,21118.25,21205.5,14431.0
1738573200,21206.25,21232.0,21166.5,21183.5,10230.0
1738576800,21181.5,21246.5,21158.25,21232.75,7363.0
1738580400,21233.5,21272.0,21197.0,21224.5,9808.0
1738584000,21224.75,21230.75,21155.5,21179.25,14844.0
1738587600,21180.25,21247.5,21163.0,21202.5,18498.0
1738591200,21202.25,21295.0,21171.75,21216.25,100484.0
1738594800,21215.25,21453.75,21113.25,21420.0,139293.0
1738598400,21419.0,21474.5,21340.75,21382.5,76166.0
1738602000,21382.0,21455.75,21341.0,21401.25,56866.0
1738605600,21400.75,21473.0,21351.0,21467.75,45955.0
1738609200,21466.75,21519.75,21448.0,21485.5,41829.0
1738612800,21486.25,21506.75,21398.5,21406.25,56685.0
1738616400,21406.25,21579.75,21388.25,21553.25,27180.0
1738623600,21592.0,21600.0,21553.5,21571.5,0.0
1738627200,21571.25,21576.75,21536.5,21549.0,4439.0
1738630800,21548.75,21549.5,21480.0,21509.75,6329.0
1738634400,21509.75,21515.5,21462.0,21468.5,4646.0
1738638000,21468.75,21473.0,21426.0,21450.0,4481.0
1738641600,21450.5,21475.75,21441.75,21454.5,3469.0
1738645200,21301.5,21410.0,21242.5,21358.25,16914.0
1738648800,21359.25,21402.75,21328.75,21400.25,5134.0
1738652400,21400.5,21424.75,21387.0,21405.75,4640.0
1738656000,21405.75,21422.0,21312.5,21363.0,8849.0
1738659600,21362.5,21403.25,21356.0,21369.5,6270.0
1738663200,21368.75,21401.75,21357.75,21390.75,4143.0
1738666800,21390.5,21426.5,21375.0,21399.0,5689.0
1738670400,21401.0,21498.5,21401.0,21457.0,12999.0
1738674000,21455.5,21475.5,21421.0,21434.5,12921.0
1738677600,21434.5,21575.75,21405.25,21559.75,68516.0
1738681200,21561.0,21680.0,21561.0,21633.5,84433.0
1738684800,21634.5,21694.0,21634.0,21657.5,43752.0
1738688400,21658.0,21660.75,21550.0,21622.75,52911.0
1738692000,21623.5,21646.0,21570.0,21622.0,29725.0
1738695600,21622.75,21680.0,21609.5,21638.75,35064.0
1738699200,21638.0,21685.25,21625.25,21668.0,45615.0
1738702800,21667.75,21691.75,21572.0,21583.5,25295.0
1738710000,21562.0,21594.5,21550.0,21566.5,0.0
1738713600,21568.25,21617.0,21555.5,21598.0,5765.0
1738717200,21597.25,21623.5,21567.0,21570.25,5484.0
1738720800,21569.5,21588.5,21558.75,21564.25,4084.0
1738724400,21565.25,21576.0,21537.25,21543.0,3640.0
1738728000,21542.5,21563.5,21534.25,21562.25,3142.0
1738731600,21558.25,21564.25,21530.5,21539.5,3145.0
1738735200,21541.0,21549.25,21508.0,21519.25,5236.0
1738738800,21518.0,21520.5,21481.25,21515.0,6836.0
1738742400,21514.0,21540.75,21451.25,21469.25,13497.0
1738746000,21470.25,21506.0,21435.5,21441.0,11974.0
1738749600,21441.0,21480.0,21429.75,21479.0,6718.0
1738753200,21479.5,21497.25,21474.25,21494.0,5447.0
1738756800,21494.5,21515.0,21471.0,21511.0,8958.0
1738760400,21511.25,21553.75,21486.5,21529.25,17125.0
1738764000,21529.25,21588.0,21510.0,21568.25,37151.0
1738767600,21570.5,21605.0,21501.0,21592.25,116250.0
1738771200,21591.0,21719.25,21562.75,21711.0,65876.0
1738774800,21711.0,21742.25,21684.25,21704.75,42562.0
1738778400,21705.5,21722.25,21672.0,21710.5,29069.0
1738782000,21710.5,21736.25,21703.0,21709.5,24393.0
1738785600,21708.75,21769.0,21689.75,21761.5,51109.0
1738789200,21761.25,21795.0,21750.0,21770.5,20602.0
1738796400,21764.5,21775.5,21749.75,21773.0,0.0
1738800000,21772.25,21797.75,21765.25,21774.0,4039.0
1738803600,21775.5,21785.0,21763.5,21767.75,2534.0
1738807200,21767.5,21784.5,21758.25,21780.75,2267.0
1738810800,21781.0,21788.5,21769.0,21780.75,1838.0
1738814400,21780.0,21806.25,21778.25,21805.25,2530.0
1738818000,21807.25,21832.75,21806.0,21828.5,4109.0
1738821600,21829.75,21830.25,21807.25,21810.0,2488.0
1738825200,21810.5,21830.75,21782.75,21787.75,4287.0
1738828800,21787.75,21814.75,21770.0,21803.0,6343.0
1738832400,21803.0,21830.0,21792.25,21794.25,5533.0
1738836000,21794.75,21810.0,21774.5,21779.25,5471.0
1738839600,21778.5,21778.5,21716.5,21726.0,9585.0
1738843200,21724.75,21766.0,21705.75,21763.75,9714.0
1738846800,21764.0,21777.25,21742.75,21776.25,12153.0
1738850400,21775.75,21823.5,21738.25,21790.25,62582.0
1738854000,21789.5,21848.75,21740.25,21771.75,81806.0
1738857600,21772.0,21815.0,21753.75,21770.75,36130.0
1738861200,21772.0,21830.75,21748.0,21815.5,30574.0
1738864800,21815.5,21841.75,21801.75,21816.5,29745.0
1738868400,21815.25,21830.25,21711.5,21747.5,43930.0
1738872000,21747.25,21882.25,21735.25,21871.0,49486.0
1738875600,21871.25,21876.25,21761.75,21845.25,25803.0
1738882800,21817.75,21857.0,21807.5,21854.0,0.0
1738886400,21853.0,21866.25,21843.5,21864.5,2493.0
1738890000,21864.5,21896.5,21862.0,21891.25,4015.0
1738893600,21892.0,21899.25,21882.0,21891.0,1895.0
1738897200,21891.0,21894.5,21864.5,21872.25,3118.0
1738900800,21872.75,21874.25,21855.5,21857.5,1714.0
1738904400,21856.5,21860.0,21845.0,21853.25,2066.0
1738908000,21852.0,21861.75,21826.25,21860.25,3708.0
1738911600,21861.25,21874.25,21855.25,21861.0,3244.0
1738915200,21860.75,21881.75,21833.0,21844.5,5763.0
1738918800,21844.25,21866.0,21836.25,21855.25,4935.0
1738922400,21854.5,21866.75,21847.5,21854.25,2963.0
1738926000,21853.75,21876.0,21841.0,21872.0,3673.0
1738929600,21871.25,21877.0,21856.25,21865.0,3755.0
1738933200,21864.75,21930.0,21790.25,21878.25,25105.0
1738936800,21878.5,21968.0,21863.75,21904.0,63509.0
1738940400,21904.0,21904.0,21613.25,21722.0,142139.0
1738944000,21721.25,21759.25,21606.75,21629.25,90980.0
1738947600,21628.75,21683.0,21585.0,21652.5,68956.0
1738951200,21652.75,21730.75,21619.0,21624.25,43484.0
1738954800,21625.0,21637.25,21566.0,21607.5,41226.0
1738958400,21607.0,21621.25,21552.75,21588.25,54888.0
1738962000,21588.5,21603.5,21574.5,21575.25,13941.0
1739142000,21463.25,21657.0,21418.0,21644.75,10102.0
1739145600,21645.25,21700.0,21642.25,21699.5,7728.0
1739149200,21698.75,21700.0,21665.25,21672.0,6389.0
1739152800,21670.5,21683.0,21659.5,21675.5,3373.0
1739156400,21676.5,21691.25,21669.0,21689.75,2155.0
1739160000,21689.25,21702.25,21681.75,21683.75,2546.0
1739163600,21685.0,21732.5,21684.0,21713.75,5019.0
1739167200,21714.5,21716.0,21683.0,21694.5,2832.0
1739170800,21694.75,21702.0,21683.0,21690.25,3109.0
1739174400,21689.75,21716.0,21683.25,21694.5,4779.0
1739178000,21695.0,21715.0,21685.25,21708.75,4501.0
1739181600,21708.25,21735.0,21707.0,21726.25,5635.0
1739185200,21726.0,21752.5,21695.25,21742.25,6310.0
1739188800,21742.0,21746.75,21722.0,21739.0,5360.0
1739192400,21739.25,21785.5,21733.25,21780.25,10570.0
1739196000,21780.5,21809.0,21744.0,21791.0,59213.0
1739199600,21792.5,21894.0,21782.5,21865.75,69547.0
1739203200,21865.5,21886.25,21836.25,21871.5,40408.0
1739206800,21871.5,21872.25,21817.25,21866.0,32224.0
1739210400,21865.75,21886.25,21858.0,21878.75,20781.0
1739214000,21878.5,21881.5,21845.0,21862.0,23864.0
1739217600,21862.5,21875.5,21832.75,21843.0,44913.0
1739221200,21843.25,21847.75,21821.25,21837.0,12138.0
1739228400,21832.0,21832.25,21773.75,21795.75,0.0
1739232000,21796.0,21816.25,21783.0,21809.25,3946.0
1739235600,21809.25,21812.75,21789.0,21795.5,3383.0
1739239200,21795.75,21797.0,21750.5,21762.75,5563.0
1739242800,21763.5,21784.0,21752.5,21778.25,3021.0
1739246400,21777.5,21788.5,21773.5,21783.25,1939.0
1739250000,21797.25,21797.25,21787.25,21789.0,1788.0
1739253600,21789.25,21789.5,21766.75,21770.75,1919.0
1739257200,21771.5,21776.0,21730.0,21730.75,4218.0
1739260800,21731.75,21780.5,21719.0,21762.5,5952.0
1739264400,21762.5,21792.0,21744.25,21748.0,5480.0
1739268000,21748.75,21763.75,21728.0,21734.0,7699.0
1739271600,21733.25,21765.25,21731.5,21763.75,3557.0
1739275200,21763.25,21770.0,21729.0,21749.0,7308.0
1739278800,21748.5,21754.25,21672.5,21676.0,15094.0
1739282400,21675.5,21806.0,21669.5,21777.5,57394.0
1739286000,21777.5,21871.5,21761.0,21841.25,65932.0
1739289600,21841.5,21850.25,21785.0,21791.0,44832.0
1739293200,21790.25,21796.0,21715.75,21763.75,57043.0
1739296800,21764.0,21833.5,21747.75,21801.5,34374.0
1739300400,21802.25,21840.25,21792.25,21826.25,26549.0
1739304000,21826.75,21840.5,21766.0,21790.5,45771.0
1739307600,21791.0,21798.5,21779.25,21792.5,10256.0
1739314800,21794.25,21818.5,21779.5,21810.5,0.0
1739318400,21810.5,21831.0,21806.5,21813.5,5228.0
1739322000,21813.5,21830.0,21795.25,21825.5,8088.0
1739325600,21827.0,21828.5,21807.25,21810.25,2103.0
1739329200,21811.0,21812.25,21786.75,21789.5,2224.0
1739332800,21788.75,21793.75,21775.25,21780.0,2402.0
1739336400,21782.0,21783.25,21766.0,21774.0,1754.0
1739340000,21775.75,21793.0,21770.75,21783.25,1778.0
1739343600,21783.75,21802.5,21775.75,21800.5,2007.0
1739347200,21801.0,21813.75,21789.75,21798.5,4158.0
1739350800,21797.75,21798.75,21736.0,21768.75,6941.0
1739354400,21769.5,21794.5,21757.0,21791.0,5661.0
1739358000,21791.25,21801.75,21770.75,21790.25,5624.0
1739361600,21791.0,21836.25,21784.5,21830.25,6354.0
1739365200,21830.5,21850.0,21514.5,21544.5,47997.0
1739368800,21544.75,21701.0,21510.75,21677.0,95849.0
1739372400,21677.25,21773.25,21580.5,21728.0,103440.0
1739376000,21728.5,21784.5,21646.0,21780.0,58840.0
1739379600,21780.0,21825.75,21755.5,21817.75,49957.0
1739383200,21818.0,21826.75,21770.25,21792.5,32295.0
1739386800,21793.0,21839.0,21758.0,21828.5,31925.0
1739390400,21828.75,21837.25,21776.25,21801.75,44280.0
1739394000,21802.0,21862.5,21782.0,21861.75,17446.0
1739401200,21861.25,21898.5,21845.75,21888.25,0.0
1739404800,21888.0,21905.75,21872.75,21895.25,3853.0
1739408400,21895.25,21914.75,21880.25,21892.25,4066.0
1739412000,21890.5,21894.25,21871.25,21887.0,2657.0
1739415600,21887.5,21913.5,21885.25,21907.0,2188.0
1739419200,21907.75,21927.0,21905.0,21907.25,3072.0
1739422800,21912.75,21915.5,21895.75,21899.75,2588.0
1739426400,21899.25,21920.5,21889.0,21889.5,3529.0
1739430000,21890.0,21893.25,21841.75,21854.75,5361.0
1739433600,21854.75,21861.5,21764.25,21775.5,11284.0
1739437200,21774.75,21838.5,21753.0,21829.0,10181.0
1739440800,21828.0,21846.5,21809.0,21833.75,4018.0
1739444400,21834.25,21859.0,21796.25,21824.0,7946.0
1739448000,21823.5,21831.0,21788.0,21822.75,8589.0
1739451600,21822.25,21900.75,21787.25,21878.25,25529.0
1739455200,21877.5,21951.0,21834.75,21920.0,82013.0
1739458800,21919.5,22057.75,21876.75,22038.25,95664.0
1739462400,22038.0,22046.5,21942.0,21962.0,50894.0
1739466000,21962.5,21999.0,21943.25,21966.5,33697.0
1739469600,21967.25,21997.25,21890.5,21996.0,57805.0
1739473200,21997.0,22075.5,21988.0,22057.0,41369.0
1739476800,22057.5,22123.75,22052.75,22110.0,51387.0
1739480400,22109.5,22110.5,22070.25,22075.0,16988.0
1739487600,22071.0,22103.25,22070.0,22083.0,0.0
1739491200,22084.75,22105.0,22074.75,22096.25,3807.0
1739494800,22096.25,22145.0,22094.25,22142.75,5798.0
1739498400,22142.5,22147.0,22130.5,22134.5,2925.0
1739502000,22135.0,22146.5,22126.0,22141.25,2355.0
1739505600,22141.5,22144.75,22134.5,22143.0,1334.0
1739509200,22138.0,22142.25,22112.25,22120.25,3343.0
1739512800,22120.25,22134.75,22117.5,22132.25,2296.0
1739516400,22132.25,22163.5,22130.75,22146.25,5504.0
1739520000,22146.5,22148.0,22102.25,22118.0,5877.0
1739523600,22117.25,22146.25,22107.0,22125.0,7600.0
1739527200,22123.75,22126.75,22093.25,22105.25,5058.0
1739530800,22104.75,22104.75,22042.5,22062.5,9591.0
1739534400,22062.25,22087.0,22056.25,22084.5,6508.0
1739538000,22084.0,22115.25,22070.0,22104.5,11371.0
1739541600,22105.25,22141.5,22090.0,22127.25,56919.0
1739545200,22127.5,22171.75,22099.0,22164.75,72586.0
1739548800,22164.5,22170.25,22102.0,22138.5,50566.0
1739552400,22139.25,22163.0,22092.0,22157.25,39055.0
1739556000,22157.75,22198.75,22145.0,22185.5,34126.0
1739559600,22185.5,22206.75,22156.0,22178.25,30502.0
1739563200,22178.5,22225.0,22159.25,22194.5,51043.0
1739566800,22194.5,22219.5,22182.0,22203.5,15168.0
1739746800,22235.75,22237.75,22196.25,22211.5,12432.0
1739750400,22211.25,22227.25,22200.5,22221.25,7031.0
1739754000,22222.0,22252.0,22215.75,22246.0,6295.0
1739757600,22247.5,22269.5,22242.25,22268.25,2840.0
1739761200,22268.25,22272.0,22257.5,22263.0,2181.0
1739764800,22263.25,22276.5,22250.0,22275.75,2066.0
1739854800,22262.0,22263.5,22249.0,22253.0,1839.0
1739858400,22252.25,22303.25,22250.5,22298.0,4307.0
1739862000,22298.25,22316.75,22296.5,22314.0,4798.0
1739865600,22314.75,22319.75,22269.75,22292.75,10052.0
1739869200,22292.75,22307.0,22266.25,22273.25,7170.0
1739872800,22272.75,22284.75,22263.0,22281.25,4348.0
1739876400,22282.25,22287.5,22269.5,22277.0,3280.0
1739880000,22276.75,22301.75,22267.25,22285.75,5972.0
1739883600,22285.5,22313.5,22269.25,22311.0,10051.0
1739887200,22311.75,22318.25,22165.0,22202.5,81813.0
1739890800,22202.25,22207.25,22125.0,22187.0,78604.0
1739894400,22187.25,22215.75,22165.0,22186.25,48568.0
1739898000,22186.75,22202.75,22162.0,22195.0,34268.0
1739901600,22195.0,22206.0,22138.5,22158.75,35243.0
1739905200,22159.0,22186.75,22102.75,22178.5,43309.0
1739908800,22178.5,22239.5,22160.5,22239.0,47182.0
1739912400,22238.75,22250.0,22214.75,22224.25,18467.0
1739919600,22224.5,22252.5,22222.0,22250.0,0.0
1739923200,22250.5,22277.5,22245.5,22275.5,6425.0
1739926800,22275.5,22288.0,22271.0,22273.5,5097.0
1739930400,22273.0,22291.25,22262.5,22286.25,2865.0
1739934000,22285.75,22289.5,22278.5,22286.0,1524.0
1739937600,22286.0,22287.25,22262.0,22266.75,1865.0
1739941200,22264.75,22268.75,22252.5,22262.25,3872.0
1739944800,22263.0,22271.75,22255.5,22255.75,2170.0
1739948400,22256.0,22261.75,22247.0,22249.5,2967.0
1739952000,22249.25,22275.75,22246.25,22261.0,8375.0
1739955600,22261.0,22270.0,22241.0,22247.25,5980.0
1739959200,22247.0,22251.5,22203.0,22220.5,5606.0
1739962800,22220.75,22225.5,22195.5,22213.25,5600.0
1739966400,22212.75,22255.75,22208.5,22228.0,9861.0
1739970000,22228.25,22241.0,22179.5,22204.75,13994.0
1739973600,22204.5,22221.5,22155.0,22167.75,65690.0
1739977200,22168.25,22208.5,22118.0,22160.75,87583.0
1739980800,22160.75,22243.5,22159.75,22238.5,52861.0
1739984400,22238.75,22256.5,22207.5,22245.5,36473.0
1739988000,22245.5,22264.25,22195.0,22232.5,37822.0
1739991600,22232.5,22299.75,22226.25,22295.0,45416.0
1739995200,22295.25,22295.25,22205.5,22246.75,71445.0
1739998800,22247.0,22247.25,22213.75,22222.25,14360.0
1740006000,22213.0,22235.5,22208.5,22217.75,0.0
1740009600,22217.75,22228.25,22199.0,22227.25,3944.0
1740013200,22227.0,22230.0,22161.75,22169.5,6000.0
1740016800,22169.5,22187.5,22157.5,22184.0,4622.0
1740020400,22185.5,22191.0,22174.5,22180.75,2113.0
1740024000,22180.0,22182.75,22163.75,22176.5,2145.0
1740027600,22176.5,22183.0,22168.75,22169.0,1846.0
1740031200,22169.0,22172.75,22144.0,22159.25,4348.0
1740034800,22159.0,22170.25,22141.0,22150.0,4052.0
1740038400,22149.5,22185.5,22149.0,22182.25,6452.0
1740042000,22181.5,22208.75,22175.0,22204.5,4716.0
1740045600,22205.75,22219.75,22203.5,22204.25,3957.0
1740049200,22204.25,22210.0,22175.0,22186.0,6635.0
1740052800,22186.5,22210.25,22173.5,22207.0,6230.0
1740056400,22207.5,22212.75,22186.5,22203.5,8332.0
1740060000,22203.25,22225.5,22000.5,22010.5,96355.0
1740063600,22011.0,22107.5,21951.0,21988.75,121347.0
1740067200,21988.75,22076.5,21983.5,22031.25,63059.0
1740070800,22030.5,22098.0,22023.25,22040.0,41596.0
1740074400,22039.75,22077.25,22027.5,22067.5,37060.0
1740078000,22067.5,22127.75,22056.0,22116.75,48167.0
1740081600,22116.5,22148.25,22084.5,22145.0,63807.0
1740085200,22145.0,22150.0,22118.75,22135.75,14714.0
1740092400,22136.0,22174.5,22123.25,22161.5,0.0
1740096000,22161.0,22169.0,22147.25,22155.75,2743.0
1740099600,22155.0,22160.5,22127.25,22140.5,4512.0
1740103200,22141.0,22157.5,22138.5,22150.0,2241.0
1740106800,22150.5,22154.5,22135.5,22138.25,2105.0
1740110400,22138.5,22142.25,22122.0,22125.25,1754.0
1740114000,22119.0,22133.5,22117.0,22125.25,2268.0
1740117600,22126.0,22155.0,22125.0,22152.0,2501.0
1740121200,22153.0,22159.5,22135.75,22136.0,5754.0
1740124800,22137.25,22152.5,22104.25,22148.0,8082.0
1740128400,22147.75,22171.0,22141.0,22167.75,4637.0
1740132000,22168.5,22178.5,22157.25,22168.5,3457.0
1740135600,22169.25,22174.75,22152.75,22165.5,2704.0
1740139200,22164.5,22220.0,22156.75,22217.5,10133.0
1740142800,22217.0,22245.5,22207.25,22224.25,12031.0
1740146400,22224.0,22236.75,22080.0,22092.5,82719.0
1740150000,22096.25,22110.75,21940.75,22006.75,113224.0
1740153600,22006.25,22029.75,21960.0,21979.25,66522.0
1740157200,21978.5,21998.5,21837.5,21852.5,76794.0
1740160800,21852.25,21854.25,21759.75,21771.75,94246.0
1740164400,21772.25,21784.5,21667.25,21687.5,89291.0
1740168000,21687.0,21719.5,21662.5,21682.5,85163.0
1740171600,21682.5,21699.0,21652.75,21660.0,21405.0
1740351600,21700.75,21774.5,21676.75,21758.0,10518.0
1740355200,21758.25,21792.75,21750.5,21763.75,7380.0
1740358800,21763.5,21776.0,21733.0,21746.0,6048.0
1740362400,21746.0,21783.0,21740.5,21777.75,4361.0
1740366000,21778.25,21789.0,21766.0,21788.0,3390.0
1740369600,21788.5,21796.25,21771.75,21772.0,2666.0
1740373200,21776.0,21801.5,21771.25,21793.5,2404.0
1740376800,21792.5,21801.0,21775.25,21785.25,2987.0
1740380400,21786.25,21793.5,21731.5,21755.25,6524.0
1740384000,21758.0,21779.0,21701.0,21775.75,10171.0
1740387600,21775.25,21812.75,21769.25,21783.25,8878.0
1740391200,21783.0,21787.5,21757.5,21763.25,4364.0
1740394800,21763.5,21787.5,21746.75,21777.25,6104.0
1740398400,21777.25,21777.25,21739.5,21762.25,7909.0
1740402000,21763.0,21800.5,21757.0,21798.0,9088.0
1740405600,21794.75,21801.5,21560.25,21567.5,94566.0
1740409200,21567.75,21585.25,21436.25,21492.0,130876.0
1740412800,21493.0,21625.0,21477.5,21576.5,90148.0
1740416400,21577.25,21659.75,21569.25,21605.25,63062.0
1740420000,21605.75,21660.5,21595.25,21608.75,37844.0
1740423600,21608.5,21639.5,21538.5,21553.25,43885.0
1740427200,21553.75,21569.0,21408.75,21421.25,83570.0
1740430800,21421.0,21447.5,21407.5,21427.25,21393.0
1740438000,21442.5,21453.5,21366.5,21385.25,0.0
1740441600,21385.5,21449.25,21385.5,21434.0,8338.0
1740445200,21432.75,21453.75,21408.5,21442.0,16242.0
1740448800,21442.0,21451.75,21398.25,21438.0,4484.0
1740452400,21438.25,21444.5,21425.5,21430.25,2568.0
1740456000,21431.0,21440.5,21413.0,21423.25,2314.0
1740459600,21431.5,21442.25,21427.5,21437.25,1721.0
1740463200,21436.75,21445.0,21409.25,21422.25,3272.0
1740466800,21421.75,21425.25,21306.0,21317.5,11219.0
1740470400,21316.75,21405.0,21309.5,21317.25,13956.0
1740474000,21317.5,21383.75,21301.75,21304.5,11568.0
1740477600,21304.75,21345.75,21286.0,21296.25,8191.0
1740481200,21295.75,21388.0,21286.0,21370.5,10485.0
1740484800,21371.0,21438.5,21362.75,21429.75,10569.0
1740488400,21429.25,21451.75,21392.75,21404.0,18256.0
1740492000,21404.25,21413.75,21210.75,21260.0,101908.0
1740495600,21259.75,21265.5,21028.25,21104.25,160297.0
1740499200,21105.0,21202.75,20990.0,21170.5,96799.0
1740502800,21170.0,21225.75,21109.25,21219.75,60028.0
1740506400,21220.0,21281.25,21165.5,21199.5,64937.0
1740510000,21199.5,21214.75,21123.75,21202.5,64217.0
1740513600,21202.5,21263.0,21121.0,21150.0,93817.0
1740517200,21149.75,21210.0,21140.25,21196.0,18727.0
1740524400,21230.5,21240.75,21210.0,21225.75,0.0
1740528000,21225.0,21249.75,21209.5,21249.5,4441.0
1740531600,21249.75,21251.0,21212.0,21217.75,3282.0
1740535200,21218.5,21246.0,21200.0,21242.25,3241.0
1740538800,21242.5,21267.0,21235.25,21238.75,3634.0
1740542400,21238.25,21253.5,21231.75,21250.0,1929.0
1740546000,21256.75,21280.5,21255.0,21279.0,2834.0
1740549600,21279.0,21282.5,21261.5,21276.0,2586.0
1740553200,21277.0,21305.5,21262.0,21293.5,6405.0
1740556800,21293.0,21297.5,21263.25,21291.25,5705.0
1740560400,21291.25,21328.25,21284.75,21305.0,7555.0
1740564000,21306.0,21327.0,21303.5,21320.75,4113.0
1740567600,21320.5,21329.25,21276.75,21288.25,5644.0
1740571200,21287.5,21307.5,21259.5,21291.0,7842.0
1740574800,21290.25,21332.5,21254.5,21272.75,15361.0
1740578400,21272.75,21313.0,21189.0,21301.75,88287.0
1740582000,21301.75,21373.0,21264.25,21352.0,91041.0
1740585600,21351.75,21409.0,21339.75,21349.75,62880.0
1740589200,21349.75,21407.75,21229.0,21248.75,73066.0
1740592800,21249.5,21261.75,21083.0,21102.25,76465.0
1740596400,21100.75,21173.25,21064.5,21093.75,65411.0
1740600000,21094.25,21224.5,21077.75,21191.25,65642.0
1740603600,21191.75,21327.0,21055.0,21272.75,39775.0
1740610800,21249.0,21261.75,21160.0,21213.25,0.0
1740614400,21213.25,21228.75,21123.0,21137.25,11490.0
1740618000,21137.75,21195.75,21108.25,21168.0,6928.0
1740621600,21168.5,21215.5,21155.5,21184.5,5627.0
1740625200,21185.0,21208.0,21161.25,21161.75,3001.0
1740628800,21162.0,21171.25,21147.25,21168.75,3091.0
1740632400,21189.0,21266.25,21187.5,21245.25,5743.0
1740636000,21245.75,21295.0,21239.0,21281.0,4549.0
1740639600,21281.5,21326.25,21271.5,21281.75,6940.0
1740643200,21282.25,21328.0,21250.0,21322.5,10892.0
1740646800,21321.75,21334.5,21292.0,21323.75,7188.0
1740650400,21325.0,21349.25,21309.5,21321.25,6575.0
1740654000,21322.0,21345.25,21311.75,21344.0,9182.0
1740657600,21344.5,21386.5,21336.0,21351.5,10400.0
1740661200,21351.25,21373.0,21268.75,21306.5,32707.0
1740664800,21307.25,21381.0,20996.0,21009.0,117251.0
1740668400,21006.5,21166.0,20896.5,21018.5,158399.0
1740672000,21020.5,21159.75,20994.5,21006.25,73923.0
1740675600,21006.25,21076.5,20956.5,21038.75,63756.0
1740679200,21038.75,21117.5,21028.5,21052.25,52905.0
1740682800,21051.75,21056.5,20795.75,20834.0,90621.0
1740686400,20835.0,20840.5,20597.75,20608.5,125450.0
1740690000,20608.75,20658.0,20583.25,20633.25,29045.0
1740697200,20649.5,20680.5,20639.75,20673.75,0.0
1740700800,20672.5,20688.0,20617.0,20617.25,8392.0
1740704400,20617.25,20667.75,20538.5,20626.75,11946.0
1740708000,20626.75,20645.75,20570.75,20587.75,8004.0
1740711600,20588.5,20598.5,20516.25,20561.75,9078.0
1740715200,20560.5,20642.25,20546.75,20612.75,6883.0
1740718800,20640.0,20645.5,20611.25,20623.5,4071.0
1740722400,20621.25,20645.75,20585.25,20595.0,3322.0
1740726000,20595.25,20630.5,20552.75,20624.5,5778.0
1740729600,20626.75,20678.25,20612.0,20660.0,9665.0
1740733200,20660.25,20684.0,20636.0,20657.5,7154.0
1740736800,20657.5,20678.75,20646.0,20656.75,4707.0
1740740400,20657.5,20677.5,20650.0,20662.25,4114.0
1740744000,20662.5,20664.75,20581.25,20620.5,16118.0
1740747600,20619.25,20664.25,20561.5,20600.25,24712.0
1740751200,20601.0,20645.0,20460.5,20593.5,110679.0
1740754800,20591.75,20777.75,20554.0,20759.75,123070.0
1740758400,20760.0,20776.25,20624.5,20696.75,77241.0
1740762000,20697.25,20749.0,20537.0,20540.5,75534.0
1740765600,20540.5,20666.75,20484.25,20542.25,93768.0
1740769200,20541.5,20721.75,20537.75,20710.5,68772.0
1740772800,20711.5,20944.25,20683.25,20920.75,118535.0
1740776400,20920.5,20930.5,20868.25,20909.0,30059.0
1740956400,21005.25,21036.25,20949.0,20968.5,12657.0
1740960000,20969.5,20971.0,20837.75,20883.0,13831.0
1740963600,20885.75,20952.0,20863.75,20945.0,8926.0
1740967200,20942.25,20962.75,20918.5,20929.5,6571.0
1740970800,20928.0,20934.0,20884.25,20923.5,5511.0
1740974400,20923.0,20956.0,20919.75,20954.0,2433.0
1740978000,20951.5,21001.5,20945.0,20987.0,4734.0
1740981600,20986.5,21021.25,20958.5,21008.25,6768.0
1740985200,21009.0,21014.5,20923.25,20963.5,7736.0
1740988800,20961.5,20990.0,20888.0,20947.5,12767.0
1740992400,20948.0,21019.0,20928.25,21013.25,8239.0
1740996000,21014.0,21021.0,20986.0,21003.75,5474.0
1740999600,21003.75,21045.75,20995.25,21042.25,5480.0
1741003200,21040.75,21101.0,21031.25,21069.5,13544.0
1741006800,21070.25,21081.0,21034.25,21065.5,13490.0
1741010400,21065.25,21121.0,20824.25,20845.5,98525.0
1741014000,20845.0,20989.25,20760.0,20858.0,130368.0
1741017600,20858.5,20985.0,20831.0,20922.0,77917.0
1741021200,20922.0,20964.5,20822.0,20849.25,47665.0
1741024800,20849.5,20857.0,20653.25,20747.75,92921.0
1741028400,20747.25,20819.75,20598.75,20603.25,78920.0
1741032000,20604.25,20606.0,20316.75,20473.0,148894.0
1741035600,20473.5,20537.0,20464.25,20530.75,23228.0
1741042800,20527.0,20557.75,20490.0,20515.75,0.0
1741046400,20514.75,20556.25,20474.0,20551.0,8159.0
1741050000,20551.25,20571.0,20466.25,20476.75,8604.0
1741053600,20476.75,20538.5,20472.75,20524.0,5040.0
1741057200,20523.5,20549.5,20501.25,20540.5,4453.0
1741060800,20540.75,20562.0,20516.75,20532.75,5033.0
1741064400,20571.0,20581.25,20532.25,20567.25,7721.0
1741068000,20568.5,20583.0,20524.0,20559.5,6239.0
1741071600,20560.0,20568.75,20475.25,20489.5,8510.0
1741075200,20488.25,20563.5,20462.75,20517.0,12273.0
1741078800,20516.0,20566.0,20489.5,20495.5,10332.0
1741082400,20496.5,20514.5,20444.0,20462.75,11468.0
1741086000,20462.5,20493.25,20438.25,20475.0,9669.0
1741089600,20474.25,20474.75,20305.25,20319.75,27583.0
1741093200,20320.75,20356.0,20262.25,20326.25,34436.0
1741096800,20324.5,20430.0,20227.75,20231.75,123011.0
1741100400,20230.5,20263.25,20075.25,20196.25,150128.0
1741104000,20197.5,20337.75,20108.5,20299.0,101793.0
1741107600,20298.0,20436.25,20265.75,20337.0,85474.0
1741111200,20338.0,20523.0,20310.75,20500.5,76010.0
1741114800,20500.0,20632.25,20497.75,20618.75,73292.0
1741118400,20619.25,20732.5,20324.5,20397.5,121894.0
1741122000,20396.75,20593.25,20394.0,20537.0,41382.0
1741129200,20555.0,20595.25,20531.75,20578.0,0.0
1741132800,20579.5,20588.75,20485.5,20533.75,7696.0
1741136400,20535.0,20542.5,20452.5,20503.25,9895.0
1741140000,20501.5,20510.5,20440.5,20479.75,8438.0
1741143600,20476.5,20563.5,20458.0,20549.25,7973.0
1741147200,20546.5,20567.75,20529.0,20538.75,3109.0
1741150800,20551.5,20557.75,20506.0,20549.25,4219.0
1741154400,20549.25,20566.75,20518.0,20549.0,3657.0
1741158000,20549.0,20577.0,20535.25,20541.25,5650.0
1741161600,20542.25,20609.75,20513.75,20551.0,12311.0
1741165200,20551.25,20629.5,20517.0,20609.0,10414.0
1741168800,20609.75,20622.0,20534.75,20545.5,9980.0
1741172400,20548.0,20557.5,20441.0,20492.25,11518.0
1741176000,20492.75,20527.5,20460.25,20486.0,13586.0
1741179600,20486.0,20523.25,20403.75,20419.5,25247.0
1741183200,20419.75,20465.75,20270.5,20316.75,96768.0
1741186800,20322.75,20497.0,20300.0,20391.25,120796.0
1741190400,20390.75,20390.75,20215.0,20338.0,94832.0
1741194000,20337.0,20575.75,20331.0,20570.5,79025.0
1741197600,20570.25,20596.75,20446.0,20590.5,77111.0
1741201200,20590.25,20711.25,20558.25,20651.0,67482.0
1741204800,20651.0,20725.0,20602.0,20657.5,80903.0
1741208400,20658.0,20663.0,20577.75,20611.75,18106.0
1741215600,20605.25,20643.5,20589.0,20605.0,0.0
1741219200,20604.5,20637.25,20582.0,20591.0,3689.0
1741222800,20591.0,20618.0,20583.5,20615.25,3790.0
1741226400,20614.5,20631.25,20590.0,20605.25,3854.0
1741230000,20607.25,20627.25,20592.5,20623.0,2232.0
1741233600,20623.25,20647.0,20620.25,20639.25,2409.0
1741237200,20639.0,20647.5,20607.0,20611.25,2637.0
1741240800,20612.5,20640.5,20596.5,20635.25,3215.0
1741244400,20635.75,20642.25,20531.5,20535.25,8408.0
1741248000,20532.75,20556.5,20432.0,20444.25,16564.0
1741251600,20443.25,20486.0,20376.25,20409.5,15413.0
1741255200,20408.5,20439.5,20365.5,20380.25,11611.0
1741258800,20379.25,20429.75,20352.75,20424.0,11061.0
1741262400,20423.5,20429.75,20354.75,20371.0,12714.0
1741266000,20371.75,20385.0,20299.0,20326.5,23341.0
1741269600,20325.75,20373.0,20228.25,20281.5,84441.0
1741273200,20282.75,20513.25,20253.25,20429.75,104373.0
1741276800,20431.0,20496.0,20246.25,20252.0,82938.0
1741280400,20252.0,20277.25,20088.25,20171.25,92693.0
1741284000,20171.0,20208.0,20040.0,20119.0,66959.0
1741287600,20118.5,20207.5,20003.0,20050.5,81322.0
1741291200,20051.25,20155.0,20026.5,20093.5,91614.0
1741294800,20092.5,20217.25,20075.25,20173.5,25258.0
1741302000,20214.5,20225.75,20168.0,20187.0,0.0
1741305600,20187.5,20202.25,20141.0,20174.5,5992.0
1741309200,20175.25,20220.0,20161.0,20197.0,4929.0
1741312800,20196.5,20216.75,20175.75,20195.0,3718.0
1741316400,20198.5,20199.5,20163.5,20170.75,2706.0
1741320000,20169.75,20191.5,20156.0,20181.25,2787.0
1741323600,20166.75,20186.0,20136.75,20153.25,3460.0
1741327200,20154.5,20157.0,20111.5,20129.0,5321.0
1741330800,20128.0,20176.75,20120.25,20166.25,5563.0
1741334400,20167.5,20187.25,20144.25,20169.5,8132.0
1741338000,20168.75,20228.0,20158.5,20197.5,8368.0
1741341600,20197.75,20200.75,20157.5,20177.75,4659.0
1741345200,20179.0,20202.0,20150.75,20184.75,4875.0
1741348800,20184.25,20184.25,20092.0,20125.0,11799.0
1741352400,20124.0,20273.0,20038.5,20066.25,38525.0
1741356000,20066.0,20242.0,20023.75,20140.75,90653.0
1741359600,20139.5,20193.0,19887.75,20021.0,114547.0
1741363200,20021.0,20034.5,19765.75,19830.25,87052.0
1741366800,19831.25,20084.25,19771.0,19945.75,93649.0
1741370400,19945.5,20176.75,19943.0,20169.25,83578.0
1741374000,20169.75,20274.0,20120.75,20192.75,67522.0
1741377600,20193.5,20286.25,20098.5,20225.0,82191.0
1741381200,20224.0,20232.25,20145.5,20207.25,18374.0
1741557600,20147.0,20147.0,19995.5,20012.0,11278.0
1741561200,20014.0,20061.5,19932.25,20034.5,7478.0
1741564800,20033.25,20067.5,20007.0,20066.0,9280.0
1741568400,20067.0,20136.5,20060.5,20133.5,8688.0
1741572000,20133.0,20156.5,20117.0,20137.75,5225.0
1741575600,20136.5,20151.75,20102.25,20123.5,4662.0
1741579200,20126.5,20152.5,20091.25,20094.25,4387.0
1741582800,20094.5,20132.75,20078.0,20090.75,4774.0
1741586400,20091.75,20124.25,20091.75,20110.75,3561.0
1741590000,20112.0,20140.75,20085.25,20091.25,6129.0
1741593600,20094.0,20113.0,19949.0,19960.0,18002.0
1741597200,19958.0,20055.25,19951.25,20002.0,15633.0
1741600800,20006.5,20024.5,19940.0,19970.0,8966.0
1741604400,19970.75,20020.5,19920.5,19951.5,12812.0
1741608000,19951.75,19955.75,19861.0,19913.75,19765.0
1741611600,19914.0,19942.0,19744.25,19790.25,79794.0
1741615200,19791.0,19791.0,19521.0,19554.25,115492.0
1741618800,19554.0,19702.75,19550.0,19587.5,86519.0
1741622400,19586.5,19639.25,19522.75,19542.75,61626.0
1741626000,19542.5,19553.0,19422.0,19441.75,73018.0
1741629600,19442.0,19500.0,19330.0,19338.75,66637.0
1741633200,19338.5,19551.25,19272.5,19464.0,129435.0
1741636800,19463.75,19488.75,19416.25,19472.0,29019.0
1741644000,19440.0,19461.5,19370.5,19376.5,0.0
1741647600,19377.5,19401.0,19229.25,19304.25,14388.0
1741651200,19306.5,19329.5,19139.25,19206.0,14621.0
1741654800,19208.0,19272.0,19146.75,19254.75,13279.0
1741658400,19256.75,19420.0,19247.25,19391.25,15619.0
1741662000,19393.25,19494.5,19393.25,19437.25,10665.0
1741665600,19435.0,19494.5,19433.5,19465.5,5900.0
1741669200,19465.5,19491.75,19446.0,19477.75,4889.0
1741672800,19475.75,19519.75,19458.0,19474.25,6045.0
1741676400,19474.25,19494.5,19403.0,19482.0,9583.0
1741680000,19481.0,19568.5,19468.75,19564.0,14488.0
1741683600,19563.25,19581.75,19531.0,19544.75,12639.0
1741687200,19544.5,19561.5,19507.0,19534.0,14013.0
1741690800,19533.75,19578.0,19470.5,19578.0,12439.0
1741694400,19576.75,19585.0,19439.25,19453.0,24449.0
1741698000,19453.75,19599.0,19385.75,19521.0,83770.0
1741701600,19523.25,19613.25,19264.5,19315.0,136254.0
1741705200,19311.5,19544.25,19286.0,19423.25,88835.0
1741708800,19422.25,19446.0,19296.0,19323.0,62435.0
1741712400,19323.0,19369.5,19201.0,19325.0,77917.0
1741716000,19326.0,19686.75,19319.0,19638.75,91972.0
1741719600,19640.0,19677.25,19391.75,19393.25,100556.0
1741723200,19392.5,19446.0,19371.75,19401.25,25056.0
1741730400,19412.75,19479.75,19399.25,19469.75,0.0
1741734000,19468.75,19477.25,19423.5,19476.75,5213.0
1741737600,19478.0,19499.75,19438.5,19466.25,6456.0
1741741200,19467.0,19482.75,19442.25,19471.5,4887.0
1741744800,19472.5,19492.5,19449.5,19452.5,3221.0
1741748400,19455.25,19468.75,19436.0,19453.75,2675.0
1741752000,19442.25,19473.0,19440.5,19454.0,2746.0
1741755600,19455.0,19483.5,19447.75,19480.0,1920.0
1741759200,19480.25,19480.75,19397.0,19412.0,3749.0
1741762800,19412.0,19483.0,19387.0,19474.5,8921.0
1741766400,19474.75,19555.5,19442.0,19547.25,13014.0
1741770000,19546.0,19565.0,19523.5,19560.25,7936.0
1741773600,19559.5,19567.25,19524.25,19550.5,6488.0
1741777200,19551.0,19608.25,19546.75,19582.75,10758.0
1741780800,19582.5,19788.5,19564.75,19722.0,43881.0
1741784400,19722.5,19777.5,19589.75,19645.0,96677.0
1741788000,19643.25,19724.5,19469.5,19475.75,105600.0
1741791600,19475.0,19638.0,19395.25,19633.0,86211.0
1741795200,19634.0,19727.75,19586.5,19626.5,77450.0
1741798800,19627.0,19719.5,19535.5,19539.75,58833.0
1741802400,19540.0,19706.25,19531.25,19677.75,52139.0
1741806000,19677.5,19677.75,19554.0,19609.5,74614.0
1741809600,19609.5,19609.5,19561.5,19572.75,14912.0
1741816800,19572.0,19637.25,19567.5,19627.25,0.0
1741820400,19626.25,19688.0,19626.25,19685.25,4642.0
1741824000,19683.75,19694.0,19639.75,19644.5,4772.0
1741827600,19643.25,19656.5,19607.0,19638.5,5221.0
1741831200,19638.0,19644.0,19587.25,19592.25,3903.0
1741834800,19592.25,19592.75,19510.0,19521.25,6767.0
1741838400,19538.75,19544.75,19463.0,19481.0,6895.0
1741842000,19481.75,19504.0,19435.0,19464.0,7484.0
1741845600,19465.75,19499.0,19400.75,19483.5,9693.0
1741849200,19483.0,19512.0,19416.75,19432.0,11949.0
1741852800,19430.75,19494.5,19409.5,19492.75,14955.0
1741856400,19491.75,19609.0,19460.25,19606.0,15533.0
1741860000,19605.5,19631.0,19560.25,19575.25,14051.0
1741863600,19575.5,19595.0,19494.75,19532.0,17654.0
1741867200,19529.25,19600.0,19477.25,19555.75,28321.0
1741870800,19556.0,19590.75,19339.5,19368.0,87832.0
1741874400,19367.5,19570.0,19324.5,19423.25,125470.0
1741878000,19424.5,19477.5,19276.5,19296.75,90383.0
1741881600,19297.0,19390.75,19240.5,19288.25,61553.0
1741885200,19287.5,19312.75,19170.0,19191.0,58230.0
1741888800,19190.0,19377.0,19186.75,19363.5,67547.0
1741892400,19362.25,19396.25,19184.25,19251.5,79262.0
1741896000,19251.75,19328.5,19243.75,19293.0,21655.0
1741903200,19312.75,19382.0,19296.75,19362.5,0.0
1741906800,19362.25,19386.5,19349.25,19356.25,5788.0
1741910400,19358.25,19425.75,19335.0,19400.5,13808.0
1741914000,19401.25,19432.75,19387.5,19402.75,8083.0
1741917600,19403.5,19441.5,19401.5,19435.5,5485.0
1741921200,19434.25,19460.0,19433.0,19449.75,4787.0
1741924800,19449.75,19458.75,19431.0,19442.0,3824.0
1741928400,19441.75,19455.25,19404.25,19410.25,4462.0
1741932000,19410.5,19420.5,19383.75,19413.0,4992.0
1741935600,19411.25,19422.0,19370.0,19391.75,8321.0
1741939200,19392.25,19454.0,19375.25,19427.75,11663.0
1741942800,19428.75,19462.5,19427.0,19441.5,10987.0
1741946400,19443.0,19487.75,19398.5,19456.5,17635.0
1741950000,19456.75,19487.25,19424.0,19472.25,14217.0
1741953600,19472.25,19533.5,19467.0,19496.0,20560.0
1741957200,19495.75,19620.75,19450.75,19548.25,87855.0
1741960800,19545.25,19611.0,19437.0,19609.75,135774.0
1741964400,19610.25,19703.0,19589.25,19680.0,85379.0
1741968000,19680.0,19707.75,19604.5,19687.0,63753.0
1741971600,19686.75,19707.25,19619.75,19629.75,57036.0
1741975200,19630.0,19704.5,19612.25,19674.25,51360.0
1741978800,19673.75,19742.5,19650.0,19705.25,84990.0
1741982400,19705.0,19707.25,19640.75,19665.0,24431.0
1742162400,19668.25,19686.25,19559.5,19569.5,11211.0
1742166000,19569.25,19611.25,19550.5,19584.0,4705.0
1742169600,19586.0,19622.75,19564.5,19601.75,7001.0
1742173200,19600.0,19628.25,19598.75,19609.0,4251.0
1742176800,19609.25,19611.25,19592.25,19602.5,3327.0
1742180400,19600.75,19610.0,19583.25,19586.0,2561.0
1742184000,19584.5,19606.5,19584.25,19595.0,2147.0
1742187600,19595.75,19600.0,19585.0,19593.75,1325.0
1742191200,19594.0,19601.75,19562.0,19577.5,2658.0
1742194800,19577.0,19600.0,19555.0,19592.0,4718.0
1742198400,19593.25,19627.75,19575.75,19618.25,7316.0
1742202000,19618.75,19636.5,19604.75,19625.25,5591.0
1742205600,19624.5,19688.75,19617.25,19680.25,7027.0
1742209200,19679.0,19717.0,19677.5,19682.75,9225.0
1742212800,19683.25,19778.5,19660.25,19752.75,20441.0
1742216400,19751.25,19847.75,19683.25,19789.0,76167.0
1742220000,19790.0,19816.75,19671.25,19686.0,99448.0
1742223600,19686.25,19734.5,19628.75,19681.5,53877.0
1742227200,19682.25,19745.0,19654.75,19699.25,48514.0
1742230800,19698.5,19833.25,19673.25,19816.0,54868.0
1742234400,19815.75,19959.25,19814.75,19937.5,62186.0
1742238000,19936.75,19944.5,19826.0,19832.5,65050.0
1742241600,19832.5,19838.5,19800.5,19831.25,14808.0
1742248800,19821.0,19858.0,19813.25,19850.5,0.0
1742252400,19850.5,19853.0,19817.25,19820.75,3553.0
1742256000,19821.5,19827.0,19782.75,19794.0,5516.0
1742259600,19794.0,19806.25,19744.25,19749.75,4810.0
1742263200,19749.0,19768.25,19747.25,19761.5,2490.0
1742266800,19760.25,19764.25,19725.75,19732.0,1977.0
1742270400,19736.75,19747.0,19711.5,19719.0,2047.0
1742274000,19719.5,19746.75,19718.5,19744.25,2331.0
1742277600,19743.75,19771.5,19733.5,19767.0,2482.0
1742281200,19765.75,19780.75,19753.75,19770.75,3213.0
1742284800,19773.0,19827.75,19761.5,19815.75,6125.0
1742288400,19814.5,19828.75,19768.0,19771.25,9439.0
1742292000,19768.75,19776.25,19715.5,19773.0,10095.0
1742295600,19774.25,19788.25,19722.0,19762.5,5752.0
1742299200,19761.5,19768.5,19695.5,19698.75,9748.0
1742302800,19699.0,19724.25,19454.25,19468.25,55239.0
1742306400,19469.25,19530.0,19431.25,19478.0,52108.0
1742310000,19476.0,19497.5,19397.75,19456.5,35993.0
1742313600,19456.5,19548.0,19446.75,19529.0,34061.0
1742317200,19529.0,19545.0,19447.5,19508.25,26129.0
1742320800,19508.0,19579.0,19454.75,19542.75,27806.0
1742324400,19541.5,19547.75,19458.0,19500.25,28913.0
1742328000,19500.75,19531.5,19495.25,19496.75,7860.0
1742335200,19496.75,19517.75,19462.5,19503.0,0.0
1742338800,19503.5,19514.5,19482.0,19504.25,1914.0
1742342400,19504.25,19591.75,19502.0,19569.25,7764.0
1742346000,19570.0,19580.0,19555.0,19564.25,3231.0
1742349600,19567.5,19575.0,19547.25,19547.75,6077.0
1742353200,19548.25,19568.0,19548.25,19556.25,1442.0
1742356800,19544.25,19544.25,19524.75,19528.75,1022.0
1742360400,19530.25,19556.0,19517.5,19532.75,904.0
1742364000,19531.75,19537.75,19511.25,19533.25,1088.0
1742367600,19533.25,19533.25,19455.5,19468.75,3690.0
1742371200,19469.0,19541.25,19467.25,19516.0,4621.0
1742374800,19516.0,19560.25,19501.0,19558.0,4549.0
1742378400,19557.5,19578.5,19541.25,19551.5,3807.0
1742382000,19551.5,19584.75,19542.25,19568.25,4591.0
1742385600,19567.5,19579.25,19539.0,19557.5,3818.0
1742389200,19557.75,19639.0,19504.25,19618.75,26036.0
1742392800,19618.75,19694.25,19585.0,19595.0,24235.0
1742396400,19590.5,19731.5,19588.0,19715.0,17355.0
1742400000,19715.0,19728.0,19651.5,19672.0,12302.0
1742403600,19672.25,19680.75,19584.75,19610.5,10335.0
1742407200,19603.25,19824.0,19550.0,19820.25,30490.0
1742410800,19819.0,19935.0,19729.5,19748.5,27007.0
1742414400,19748.25,19775.25,19735.0,19739.0,4764.0
1742421600,19746.75,19820.0,19730.25,19807.0,0.0
1742425200,19806.0,19826.25,19797.0,19823.5,1973.0
1742428800,19823.5,19847.75,19803.75,19839.0,1336.0
1742432400,19838.25,19849.0,19817.0,19819.75,1194.0
1742436000,19820.0,19866.75,19820.0,19860.5,1232.0
1742439600,19860.75,19885.75,19860.75,19870.5,889.0
1742443200,19873.0,19883.75,19861.0,19872.25,645.0
1742446800,19872.5,19881.25,19860.0,19879.5,748.0
1742450400,19877.75,19880.5,19836.75,19842.0,1097.0
1742454000,19842.5,19868.25,19830.0,19833.75,1608.0
1742457600,19835.5,19866.5,19834.75,19846.5,2260.0
1742461200,19846.75,19850.5,19728.75,19746.75,4388.0
1742464800,19747.0,19747.0,19530.25,19611.5,7479.0
1742468400,19616.25,19655.25,19592.25,19641.0,1841.0
1742472000,19654.0,19658.5,19619.0,19626.5,1588.0
1742475600,19623.0,19733.5,19554.25,19729.5,10171.0
1742479200,19728.5,19898.75,19723.25,19838.0,14565.0
1742482800,19840.5,19857.75,19757.0,19784.0,12084.0
1742486400,19779.25,19835.0,19659.25,19674.5,12475.0
1742490000,19675.0,19742.5,19627.25,19650.25,9049.0
1742493600,19650.75,19699.0,19597.75,19618.25,8265.0
1742497200,19620.5,19720.0,19615.0,19681.0,12020.0
1742500800,19682.0,19712.25,19678.0,19690.5,2671.0
1742508000,19690.75,19715.25,19678.75,19684.0,0.0
1742511600,19685.0,19686.25,19647.25,19683.25,495.0
1742515200,19682.25,19720.25,19678.0,19711.0,375.0
1742518800,19713.5,19728.75,19697.0,19721.0,275.0
1742522400,19725.0,19725.0,19688.0,19705.25,252.0
1742526000,19695.0,19696.0,19663.0,19678.75,284.0
1742529600,19686.25,19689.5,19664.0,19667.75,184.0
1742533200,19664.75,19666.5,19626.25,19643.25,262.0
1742536800,19640.75,19689.5,19638.5,19689.5,295.0
1742540400,19690.0,19690.25,19624.75,19640.0,281.0
1742544000,19633.25,19670.0,19569.0,19597.75,660.0
1742547600,19600.0,19614.25,19563.5,19592.75,294.0
1742551200,19601.5,19646.0,19571.25,19603.5,320.0
1742554800,19609.0,19626.5,19592.5,19595.75,507.0
1742558400,19594.25,19631.5,19477.0,19485.5,1280.0
1742562000,19483.75,19491.0,19408.0,19451.25,1754.0
1742587200,19970.75,19970.80078125,19970.75,19970.75,589029.0
1742767200,20050.5,20102.5,20050.5,20063.5,15018.0
1742770800,20063.75,20114.25,20056.5,20107.5,8188.0
1742774400,20109.75,20139.0,20102.0,20123.0,12894.0
1742778000,20122.25,20127.0,20099.25,20109.25,10256.0
1742781600,20109.75,20117.0,20097.25,20113.75,3031.0
1742785200,20114.0,20125.0,20100.75,20105.0,3157.0
1742788800,20104.0,20113.75,20096.0,20112.5,1949.0
1742792400,20111.75,20126.0,20111.75,20117.0,1857.0
1742796000,20116.5,20149.75,20110.25,20146.75,3891.0
1742799600,20146.5,20172.75,20140.5,20167.5,8898.0
1742803200,20166.75,20227.25,20158.75,20210.75,12890.0
1742806800,20210.0,20221.5,20184.0,20189.25,9504.0
1742810400,20188.5,20230.0,20183.25,20214.75,6223.0
1742814000,20214.0,20262.75,20210.25,20253.0,14015.0
1742817600,20253.75,20276.25,20237.75,20273.0,12957.0
1742821200,20272.75,20338.5,20229.25,20316.0,74518.0
1742824800,20315.5,20359.25,20275.0,20349.25,74212.0
1742828400,20349.25,20370.25,20328.25,20354.5,46953.0
1742832000,20354.75,20380.75,20319.0,20341.75,50064.0
1742835600,20342.5,20350.25,20309.0,20342.5,37005.0
1742839200,20342.75,20373.5,20308.25,20366.0,49802.0
1742842800,20366.25,20409.5,20359.75,20365.75,69956.0
1742846400,20365.75,20379.25,20356.25,20357.25,18871.0
1742853600,20353.0,20366.25,20342.25,20348.25,0.0
1742857200,20348.5,20367.75,20343.5,20355.0,2888.0
1742860800,20354.75,20371.5,20334.0,20368.75,7020.0
1742864400,20367.75,20374.75,20358.5,20361.0,3257.0
1742868000,20360.75,20360.75,20338.0,20344.25,5144.0
1742871600,20343.5,20348.25,20329.75,20336.5,2198.0
1742875200,20333.0,20338.75,20328.5,20336.0,1744.0
1742878800,20336.0,20343.0,20333.0,20341.25,1390.0
1742882400,20341.5,20351.0,20332.25,20351.0,2209.0
1742886000,20350.25,20372.0,20338.25,20338.25,4560.0
1742889600,20339.0,20350.5,20293.25,20303.75,11459.0
1742893200,20303.75,20345.5,20296.5,20343.5,10858.0
1742896800,20343.0,20383.0,20320.75,20374.5,8481.0
1742900400,20373.75,20416.5,20364.0,20411.75,9939.0
1742904000,20412.0,20447.5,20403.5,20407.0,12748.0
1742907600,20407.0,20434.75,20361.75,20410.75,64951.0
1742911200,20414.5,20491.0,20371.0,20477.0,71490.0
1742914800,20476.0,20495.25,20432.25,20442.5,44461.0
1742918400,20443.25,20461.25,20417.5,20450.0,44140.0
1742922000,20450.25,20480.0,20402.0,20414.25,41406.0
1742925600,20414.25,20457.25,20402.75,20427.75,40913.0
1742929200,20427.5,20492.75,20425.0,20488.0,57019.0
1742932800,20487.75,20524.75,20486.75,20517.25,15277.0
1742940000,20511.5,20531.5,20504.0,20508.75,0.0
1742943600,20508.75,20534.0,20508.75,20523.5,2373.0
1742947200,20524.0,20536.75,20511.0,20527.0,3234.0
1742950800,20526.25,20526.5,20505.0,20510.5,3291.0
1742954400,20510.75,20513.0,20471.75,20493.5,5038.0
1742958000,20493.25,20494.25,20469.25,20478.0,2455.0
1742961600,20477.75,20484.25,20472.75,20483.5,1383.0
1742965200,20483.25,20494.75,20458.5,20459.5,2214.0
1742968800,20460.0,20474.5,20453.25,20473.75,2379.0
1742972400,20473.25,20498.0,20469.5,20478.5,3558.0
1742976000,20478.75,20484.0,20440.75,20452.5,7820.0
1742979600,20453.75,20468.0,20432.75,20432.75,6162.0
1742983200,20432.75,20473.75,20429.5,20473.5,7083.0
1742986800,20473.5,20493.0,20458.5,20482.5,5531.0
1742990400,20482.25,20485.5,20450.0,20480.5,12549.0
1742994000,20480.0,20486.5,20306.0,20315.75,80424.0
1742997600,20316.5,20356.25,20227.0,20295.5,101561.0
1743001200,20295.75,20320.5,20170.25,20192.5,70742.0
1743004800,20193.0,20218.0,20124.75,20132.25,64110.0
1743008400,20132.5,20157.75,20076.5,20083.75,66005.0
1743012000,20083.25,20146.25,20050.0,20057.25,58042.0
1743015600,20056.25,20135.0,20045.0,20112.5,84370.0
1743019200,20112.25,20120.5,20081.5,20090.5,17199.0
1743026400,20046.0,20098.0,20003.25,20019.0,0.0
1743030000,20019.75,20070.75,20012.5,20059.75,5751.0
1743033600,20059.5,20092.5,20049.5,20072.0,7449.0
1743037200,20073.25,20101.25,20070.5,20088.75,5219.0
1743040800,20088.5,20123.5,20088.0,20118.25,4351.0
1743044400,20118.75,20147.75,20115.0,20136.25,4155.0
1743048000,20144.0,20147.5,20125.5,20134.25,2547.0
1743051600,20134.0,20143.75,20112.25,20114.5,3328.0
1743055200,20114.5,20140.0,20103.0,20112.0,5497.0
1743058800,20111.25,20120.25,20068.25,20073.25,8569.0
1743062400,20075.0,20114.75,20020.0,20112.25,13796.0
1743066000,20112.25,20129.25,20094.25,20116.25,6482.0
1743069600,20117.25,20138.5,20073.0,20075.5,7065.0
1743073200,20074.75,20097.0,20031.0,20090.25,10985.0
1743076800,20088.75,20105.25,20049.5,20064.5,17908.0
1743080400,20065.5,20091.0,19937.25,20077.25,99730.0
1743084000,20076.5,20199.5,20028.0,20189.25,93078.0
1743087600,20189.75,20193.75,20040.5,20048.0,65381.0
1743091200,20048.25,20155.75,20006.0,20008.5,62176.0
1743094800,20008.5,20070.75,20001.0,20015.0,47283.0
1743098400,20014.75,20109.25,20011.0,20045.25,50386.0
1743102000,20045.0,20129.75,19975.0,19994.75,75434.0
1743105600,19995.0,20019.0,19988.0,19997.25,15156.0
1743112800,19995.25,20011.75,19983.25,19991.0,0.0
1743116400,19992.0,19996.0,19953.5,19964.75,4384.0
1743120000,19965.0,19986.75,19931.25,19984.0,4850.0
1743123600,19984.0,19991.75,19961.0,19965.25,3241.0
1743127200,19965.25,19998.0,19963.25,19983.25,2498.0
1743130800,19984.25,19993.25,19968.25,19988.25,2159.0
1743134400,19974.0,19983.25,19966.25,19982.0,2147.0
1743138000,19982.75,19989.5,19964.25,19976.0,1940.0
1743141600,19974.5,20008.75,19921.0,19923.25,5661.0
1743145200,19924.5,19945.25,19845.25,19857.5,12447.0
1743148800,19857.25,19911.75,19853.0,19904.5,11233.0
1743152400,19905.5,19929.0,19897.75,19909.5,6704.0
1743156000,19909.75,19969.75,19907.0,19951.0,7606.0
1743159600,19951.0,19958.25,19908.75,19948.75,7529.0
1743163200,19949.0,19955.25,19863.25,19863.75,20408.0
1743166800,19864.75,19966.0,19840.0,19856.0,87252.0
1743170400,19856.75,19879.0,19575.75,19605.5,131724.0
1743174000,19605.25,19632.0,19542.0,19542.25,84308.0
1743177600,19542.75,19582.5,19485.25,19493.0,64720.0
1743181200,19492.5,19500.0,19439.0,19482.75,59930.0
1743184800,19482.75,19518.5,19444.25,19481.5,48607.0
1743188400,19481.5,19504.25,19421.5,19461.75,83802.0
1743192000,19461.5,19462.75,19367.0,19371.25,27476.0
1743372000,19319.75,19365.0,19275.0,19312.0,9932.0
1743375600,19312.0,19314.0,19215.5,19258.5,12865.0
1743379200,19256.5,19261.75,19160.25,19211.75,17559.0
1743382800,19213.0,19272.0,19211.25,19241.75,11501.0
1743386400,19242.0,19254.75,19209.5,19226.25,6434.0
1743390000,19227.25,19232.5,19179.75,19194.5,6195.0
1743393600,19199.75,19237.25,19181.75,19229.5,4950.0
1743397200,19229.0,19259.25,19218.25,19238.5,5778.0
1743400800,19237.25,19246.75,19193.75,19220.25,9424.0
1743404400,19219.25,19265.25,19198.75,19260.5,14772.0
1743408000,19260.25,19272.25,19202.75,19204.5,11917.0
1743411600,19203.5,19227.75,19163.5,19196.0,13203.0
1743415200,19196.25,19231.25,19182.75,19216.0,8830.0
1743418800,19217.0,19228.75,19118.5,19170.75,19227.0
1743422400,19172.0,19223.0,19148.5,19220.5,18095.0
1743426000,19220.0,19236.75,18977.0,19089.25,110900.0
1743429600,19090.0,19168.0,19056.0,19139.5,110549.0
1743433200,19139.5,19263.75,19113.75,19221.5,88889.0
1743436800,19220.75,19286.25,19174.25,19217.25,62575.0
1743440400,19217.75,19307.5,19207.5,19222.75,59216.0
1743444000,19222.5,19416.0,19218.25,19348.5,83210.0
1743447600,19348.25,19489.75,19346.0,19449.75,121315.0
1743451200,19450.0,19454.25,19392.25,19413.0,20027.0
1743458400,19411.25,19413.75,19326.75,19375.0,0.0
1743462000,19374.75,19407.0,19340.0,19358.25,6509.0
1743465600,19359.0,19364.75,19292.5,19318.5,7998.0
1743469200,19318.0,19346.25,19283.25,19340.75,6282.0
1743472800,19340.75,19381.75,19335.75,19380.0,4226.0
1743476400,19380.25,19386.75,19354.5,19365.0,3083.0
1743480000,19350.75,19367.5,19347.5,19366.75,2776.0
1743483600,19366.25,19400.0,19357.75,19360.5,4151.0
1743487200,19359.25,19436.5,19349.75,19429.75,6884.0
1743490800,19430.75,19479.25,19380.75,19393.75,12232.0
1743494400,19394.0,19473.0,19384.25,19469.0,10617.0
1743498000,19468.75,19511.0,19458.5,19487.75,10332.0
1743501600,19488.0,19491.25,19343.75,19405.0,19782.0
1743505200,19405.5,19407.75,19311.25,19354.25,14641.0
1743508800,19353.75,19394.25,19337.75,19382.0,15875.0
1743512400,19383.5,19462.25,19338.25,19398.75,94666.0
1743516000,19410.5,19519.5,19261.25,19516.0,135004.0
1743519600,19516.0,19606.0,19503.0,19592.0,93790.0
1743523200,19592.75,19644.0,19496.5,19564.25,86435.0
1743526800,19564.0,19582.5,19500.75,19505.5,56976.0
1743530400,19505.75,19514.25,19385.0,19448.0,74970.0
1743534000,19448.25,19626.25,19437.5,19603.25,88865.0
1743537600,19603.5,19629.0,19574.75,19598.0,19484.0
1743544800,19600.5,19697.0,19595.25,19643.0,0.0
1743548400,19641.75,19666.75,19631.25,19644.75,4223.0
1743552000,19643.75,19646.75,19556.75,19572.0,8994.0
1743555600,19571.0,19603.0,19561.25,19593.0,4201.0
1743559200,19594.75,19598.5,19568.0,19580.25,2793.0
1743562800,19579.75,19588.75,19561.0,19570.0,2206.0
1743566400,19570.25,19591.0,19565.0,19590.0,2018.0
1743570000,19590.75,19592.75,19548.0,19557.5,2433.0
1743573600,19557.25,19589.5,19544.75,19562.75,4246.0
1743577200,19563.0,19585.0,19516.0,19535.5,10476.0
1743580800,19535.75,19565.25,19499.0,19530.5,8233.0
1743584400,19527.25,19554.75,19511.5,19515.25,4950.0
1743588000,19516.75,19523.75,19453.5,19471.0,13275.0
1743591600,19471.75,19483.0,19424.0,19428.75,10687.0
1743595200,19429.5,19431.5,19343.25,19387.0,30368.0
1743598800,19386.5,19580.5,19316.5,19532.25,96903.0
1743602400,19530.75,19639.75,19491.25,19632.5,108081.0
1743606000,19632.5,19714.0,19578.5,19668.5,88831.0
1743609600,19668.75,19829.0,19658.5,19813.25,74731.0
1743613200,19815.5,19890.25,19718.75,19744.5,84168.0
1743616800,19744.75,19762.25,19604.75,19607.25,80567.0
1743620400,19608.0,19796.0,19608.0,19746.5,81149.0
1743624000,19746.25,20044.25,19076.75,19152.25,98298.0
1743631200,19020.0,19037.0,18819.0,18951.5,0.0
1743634800,18948.0,18950.25,18845.5,18877.25,13895.0
1743638400,18879.75,19068.25,18879.75,18995.25,16273.0
1743642000,18995.25,19127.75,18993.5,19078.0,10923.0
1743645600,19080.0,19134.75,19060.75,19131.25,8363.0
1743649200,19132.0,19140.0,19069.5,19098.5,4897.0
1743652800,19117.75,19150.25,19098.25,19124.75,4677.0
1743656400,19121.5,19142.25,19038.5,19042.5,8047.0
1743660000,19044.25,19100.0,19023.75,19045.75,8750.0
1743663600,19046.0,19125.0,19025.5,19095.75,14400.0
1743667200,19094.25,19173.0,19076.25,19152.5,11206.0
1743670800,19151.5,19177.0,19017.0,19034.5,11194.0
1743674400,19034.25,19047.75,18948.0,18990.25,13563.0
1743678000,18992.75,19037.0,18958.75,18987.75,15398.0
1743681600,18985.75,19061.25,18845.0,18850.5,36227.0
1743685200,18850.0,19074.0,18830.25,18989.25,111020.0
1743688800,18984.5,19002.25,18762.25,18766.25,127240.0
1743692400,18766.0,18934.5,18720.0,18885.0,105007.0
1743696000,18885.0,18987.75,18858.75,18875.0,73051.0
1743699600,18875.75,18918.5,18812.0,18814.0,51265.0
1743703200,18814.25,18862.0,18754.75,18850.25,61596.0
1743706800,18850.5,18862.75,18664.75,18686.0,107584.0
1743710400,18685.75,18708.75,18614.0,18648.5,28924.0
1743717600,18660.0,18698.0,18588.5,18642.0,0.0
1743721200,18645.0,18686.75,18615.0,18654.25,5506.0
1743724800,18654.0,18713.0,18638.25,18673.75,7325.0
1743728400,18674.25,18700.25,18633.75,18638.5,6326.0
1743732000,18641.0,18680.0,18635.5,18636.0,4569.0
1743735600,18635.75,18638.75,18520.0,18559.25,10139.0
1743739200,18554.0,18574.0,18476.0,18483.5,7407.0
1743742800,18485.0,18643.5,18458.0,18642.75,10520.0
1743746400,18640.25,18675.75,18604.5,18605.0,10981.0
1743750000,18606.75,18649.5,18579.0,18586.5,15104.0
1743753600,18585.75,18658.25,18566.0,18587.5,16653.0
1743757200,18588.5,18597.75,18540.25,18573.0,13353.0
1743760800,18572.5,18601.25,18031.25,18085.75,49481.0
1743764400,18087.5,18160.0,17820.75,18128.0,39584.0
1743768000,18127.0,18240.0,18029.75,18212.0,43152.0
1743771600,18208.75,18273.0,18005.75,18195.5,125253.0
1743775200,18195.0,18200.25,17656.0,17855.75,150808.0
1743778800,17855.0,18147.75,17823.0,17881.0,144139.0
1743782400,17881.0,17978.25,17710.0,17751.75,97577.0
1743786000,17752.75,17867.25,17619.75,17866.25,93724.0
1743789600,17867.25,17913.0,17548.5,17623.5,101808.0
1743793200,17625.25,17870.25,17528.5,17535.25,160137.0
1743796800,17535.0,17570.0,17387.5,17493.0,52855.0
1743976800,17100.0,17100.0,16550.0,16665.0,32643.0
1743980400,16671.25,16795.0,16460.0,16718.75,19515.0
1743984000,16721.25,16775.0,16505.0,16768.75,22780.0
1743987600,16768.5,17011.75,16730.0,16985.25,24703.0
1743991200,16980.0,17025.0,16858.5,16896.25,14138.0
1743994800,16898.25,16900.75,16739.25,16787.5,12659.0
1743998400,16813.5,16860.5,16668.75,16736.5,11840.0
1744002000,16739.25,16913.75,16704.0,16761.5,14765.0
1744005600,16750.75,16817.0,16507.25,16541.25,16901.0
1744009200,16540.5,16696.75,16480.0,16682.75,25227.0
1744012800,16683.0,16958.5,16668.5,16842.75,26724.0
1744016400,16844.75,16960.0,16742.25,16888.25,16827.0
1744020000,16889.75,17278.0,16855.5,17121.25,34396.0
1744023600,17123.0,17232.25,17001.75,17063.25,24197.0
1744027200,17061.75,17231.0,16960.75,17167.5,47959.0
1744030800,17168.0,17296.25,16673.5,17274.5,146830.0
1744034400,17273.0,18361.5,17163.0,17658.5,248378.0
1744038000,17657.75,17799.0,17150.0,17389.25,109858.0
1744041600,17388.25,17496.75,17212.75,17255.25,49173.0
1744045200,17253.25,17792.0,17248.0,17783.5,64756.0
1744048800,17784.75,17824.0,17498.0,17531.25,53865.0
1744052400,17532.5,17660.75,17405.0,17561.5,77840.0
1744056000,17561.0,17757.5,17542.25,17628.75,26933.0
1744063200,17665.0,17753.75,17644.5,17748.25,0.0
1744066800,17750.25,17784.0,17725.75,17763.75,6366.0
1744070400,17763.75,17854.5,17703.75,17713.75,9902.0
1744074000,17712.0,17885.5,17662.5,17867.5,12327.0
1744077600,17867.75,17876.0,17808.0,17817.5,5684.0
1744081200,17816.0,17835.75,17740.75,17768.5,4951.0
1744084800,17765.5,17796.75,17708.0,17780.25,5076.0
1744088400,17779.5,17785.75,17669.0,17753.75,5536.0
1744092000,17750.0,17803.0,17701.0,17785.0,6104.0
1744095600,17782.0,17883.0,17750.5,17881.0,11875.0
1744099200,17879.5,17893.25,17713.0,17826.5,13732.0
1744102800,17823.25,17830.25,17721.0,17724.25,7539.0
1744106400,17725.0,17821.75,17693.75,17785.0,10596.0
1744110000,17785.0,18021.0,17760.25,18016.25,21751.0
1744113600,18015.0,18062.25,17926.0,17983.0,35053.0
1744117200,17982.0,18265.25,17964.5,18248.5,104012.0
1744120800,18247.75,18356.75,18117.25,18119.25,111876.0
1744124400,18120.25,18182.25,17952.5,18054.0,98441.0
1744128000,18053.75,18073.25,17655.5,17662.75,109187.0
1744131600,17661.0,17761.25,17488.25,17669.25,116611.0
1744135200,17670.5,17703.5,17438.5,17439.5,76249.0
1744138800,17441.0,17462.0,16973.5,17237.0,130159.0
1744142400,17239.5,17331.0,17139.5,17232.0,31895.0
1744149600,17220.25,17240.0,16970.75,17067.0,0.0
1744153200,17066.5,17069.25,16876.5,16994.0,12204.0
1744156800,16995.5,16999.0,16839.5,16899.0,10070.0
1744160400,16895.75,17154.25,16845.0,17119.0,14562.0
1744164000,17115.5,17207.5,17033.75,17051.0,11300.0
1744167600,17051.25,17093.75,16903.0,16919.5,9300.0
1744171200,16897.25,16955.5,16750.5,16825.0,17361.0
1744174800,16821.5,16895.75,16735.0,16895.75,13621.0
1744178400,16895.75,17121.5,16888.5,17020.5,13436.0
1744182000,17020.25,17425.0,17011.0,17342.75,33466.0
1744185600,17345.5,17419.0,17126.5,17350.0,19254.0
1744189200,17348.75,17399.0,17224.0,17268.5,11675.0
1744192800,17277.25,17373.5,17129.75,17248.0,17393.0
1744196400,17245.25,17250.0,16867.5,16959.5,42734.0
1744200000,16959.5,17218.5,16900.25,17130.75,31509.0
1744203600,17128.25,17554.0,17121.25,17446.5,94914.0
1744207200,17446.75,17597.25,17219.0,17225.0,103497.0
1744210800,17224.5,17462.0,17206.0,17322.5,75102.0
1744214400,17320.25,17579.75,17281.5,17530.25,52377.0
1744218000,17532.25,18897.75,17422.5,18878.25,166231.0
1744221600,18877.75,19112.25,18743.5,18776.25,119012.0
1744225200,18776.75,19386.75,18719.25,19271.5,132001.0
1744228800,19270.5,19365.5,19229.25,19353.5,43093.0
1744236000,19266.75,19359.0,19242.25,19343.75,0.0
1744239600,19345.75,19383.5,19288.75,19313.5,5336.0
1744243200,19312.25,19336.0,19143.75,19228.0,14267.0
1744246800,19227.0,19279.0,19114.0,19148.25,10546.0
1744250400,19149.0,19187.5,19103.0,19104.5,7434.0
1744254000,19104.25,19114.75,18969.25,19009.75,9829.0
1744257600,19001.25,19068.75,18978.5,19048.25,5828.0
1744261200,19046.25,19153.0,19018.0,19152.0,6369.0
1744264800,19153.75,19163.75,19062.75,19121.75,8861.0
1744268400,19124.5,19185.75,18866.0,18897.5,19361.0
1744272000,18898.5,18960.25,18703.5,18784.75,20258.0
1744275600,18784.5,18892.5,18750.5,18853.0,14609.0
1744279200,18851.75,19004.25,18847.0,18874.25,15820.0
1744282800,18876.0,18958.25,18867.25,18926.0,12562.0
1744286400,18926.25,18985.5,18733.25,18823.0,35921.0
1744290000,18822.5,18902.25,18658.0,18661.75,86651.0
1744293600,18661.25,18800.75,18568.5,18585.0,107609.0
1744297200,18586.5,18677.75,18257.5,18277.25,88888.0
1744300800,18278.25,18335.0,17919.0,18313.0,135373.0
1744304400,18309.0,18515.75,18030.25,18458.75,100792.0
1744308000,18460.25,18674.75,18300.75,18538.25,95814.0
1744311600,18537.25,18657.75,18241.25,18482.0,118522.0
1744315200,18483.25,18573.75,18437.0,18501.5,24611.0
1744322400,18464.75,18597.75,18464.75,18525.0,0.0
1744326000,18527.25,18536.0,18312.25,18357.0,7832.0
1744329600,18352.75,18362.75,18067.25,18183.0,11840.0
1744333200,18176.75,18376.75,18159.75,18364.25,8143.0
1744336800,18365.0,18449.5,18260.0,18354.75,8186.0
1744340400,18360.75,18531.25,18354.25,18475.25,6836.0
1744344000,18540.75,18546.75,18449.0,18486.75,5271.0
1744347600,18488.5,18709.75,18436.0,18695.5,8260.0
1744351200,18697.25,18795.0,18669.0,18682.0,12883.0
1744354800,18687.75,18695.0,18553.75,18566.75,14647.0
1744358400,18564.5,18615.5,18314.25,18398.75,23181.0
1744362000,18395.0,18647.5,18358.0,18641.25,16464.0
1744365600,18640.5,18702.75,18577.0,18629.5,15136.0
1744369200,18629.75,18654.75,18462.5,18564.75,14127.0
1744372800,18562.0,18672.25,18478.0,18490.75,18262.0
1744376400,18491.25,18647.5,18352.0,18570.0,72422.0
1744380000,18562.0,18623.0,18270.0,18413.0,101293.0
1744383600,18412.0,18576.0,18323.0,18568.5,62741.0
1744387200,18568.75,18790.0,18532.0,18736.25,54995.0
1744390800,18737.25,18873.5,18594.75,18822.5,64504.0
1744394400,18821.5,18838.25,18713.25,18739.5,49029.0
1744398000,18742.25,18867.5,18735.0,18810.0,64131.0
1744401600,18810.25,18838.25,18783.0,18820.5,15210.0
1744581600,19225.0,19250.0,18931.5,18956.0,17107.0
1744585200,18957.75,19053.25,18932.75,19013.25,6876.0
1744588800,19011.5,19076.25,18990.0,19008.25,9451.0
1744592400,19008.75,19027.25,18957.25,19006.0,6911.0
1744596000,19007.25,19060.5,19005.25,19053.75,5582.0
1744599600,19054.0,19083.25,19005.5,19052.5,6579.0
1744603200,19058.5,19131.5,19047.5,19117.25,4452.0
1744606800,19117.5,19127.0,19075.25,19086.75,4021.0
1744610400,19088.25,19155.75,19062.0,19119.0,5105.0
1744614000,19121.0,19163.25,19070.75,19157.5,8079.0
1744617600,19155.5,19181.5,19114.75,19121.0,6866.0
1744621200,19121.0,19146.25,19025.75,19065.75,6704.0
1744624800,19067.25,19112.5,19043.75,19103.75,4828.0
1744628400,19101.75,19175.5,19066.0,19072.25,10688.0
1744632000,19073.25,19196.5,19063.0,19185.0,13923.0
1744635600,19185.5,19256.0,18988.25,19046.0,76057.0
1744639200,19046.75,19193.0,19030.0,19128.25,68119.0
1744642800,19128.25,19151.0,18803.5,18828.75,71341.0
1744646400,18829.5,18898.0,18737.5,18784.5,63162.0
1744650000,18784.75,18951.75,18772.0,18941.0,48058.0
1744653600,18940.75,19044.25,18936.0,19014.0,38924.0
1744657200,19015.0,19095.0,18921.25,18940.25,59542.0
1744660800,18940.75,18961.5,18792.25,18902.5,20357.0
1744668000,18902.5,18909.0,18809.0,18817.0,0.0
1744671600,18814.5,18879.5,18814.0,18850.75,4970.0
1744675200,18849.5,18923.75,18848.5,18913.5,5932.0
1744678800,18912.0,18950.0,18892.0,18900.5,5482.0
1744682400,18900.75,18937.0,18869.0,18874.0,5415.0
1744686000,18876.0,18921.5,18861.5,18915.5,3583.0
1744689600,18915.75,18932.5,18892.5,18913.5,3907.0
1744693200,18913.5,18920.5,18869.5,18890.5,4087.0
1744696800,18890.25,18924.25,18876.25,18921.0,4013.0
1744700400,18920.5,19040.25,18917.75,19009.75,10479.0
1744704000,19012.0,19020.75,18964.25,19000.25,8909.0
1744707600,18999.5,19026.0,18959.25,18979.75,6134.0
1744711200,18980.25,19007.75,18948.25,18984.5,5647.0
1744714800,18984.25,18994.25,18870.25,18888.25,11046.0
1744718400,18889.5,18942.25,18835.75,18936.0,15860.0
1744722000,18936.25,19117.5,18936.25,19067.75,60400.0
1744725600,19068.25,19144.5,18924.5,19019.5,99310.0
1744729200,19019.0,19088.75,18983.0,19049.25,60389.0
1744732800,19050.0,19090.5,18943.5,18964.0,42055.0
1744736400,18964.5,19009.5,18908.0,18952.0,50178.0
1744740000,18951.25,18994.25,18884.25,18975.0,47500.0
1744743600,18975.5,19000.75,18922.5,18960.5,50811.0
1744747200,18959.5,18979.0,18930.25,18938.0,9851.0
1744754400,18790.0,18800.0,18700.0,18748.5,0.0
1744758000,18747.0,18761.75,18692.75,18729.0,7177.0
1744761600,18728.25,18736.25,18636.25,18670.25,8427.0
1744765200,18671.5,18730.25,18670.0,18707.0,5344.0
1744768800,18707.5,18721.75,18676.5,18693.25,4815.0
1744772400,18693.25,18721.5,18672.0,18676.0,3590.0
1744776000,18671.5,18683.0,18656.25,18666.0,3222.0
1744779600,18667.0,18668.25,18504.5,18524.5,12473.0
1744783200,18526.75,18601.25,18512.75,18576.25,8144.0
1744786800,18575.25,18615.5,18511.5,18519.5,8381.0
1744790400,18523.25,18861.25,18514.5,18712.25,23470.0
1744794000,18715.0,18763.0,18676.5,18679.25,12437.0
1744797600,18678.75,18729.5,18670.75,18689.25,7165.0
1744801200,18689.0,18724.0,18651.25,18695.5,9758.0
1744804800,18694.0,18713.25,18630.0,18636.25,13687.0
1744808400,18636.5,18679.5,18523.25,18524.0,72917.0
1744812000,18522.75,18669.5,18509.25,18628.0,67656.0
1744815600,18628.0,18735.0,18576.25,18587.75,63131.0
1744819200,18588.5,18616.5,18548.0,18560.0,50085.0
1744822800,18561.0,18595.75,18288.0,18293.0,73113.0
1744826400,18292.5,18387.75,18209.5,18213.5,77374.0
1744830000,18213.25,18400.0,18116.25,18388.25,104742.0
1744833600,18387.5,18441.0,18338.5,18369.25,26954.0
1744840800,18391.25,18426.75,18370.0,18408.5,0.0
1744844400,18407.75,18428.25,18345.25,18402.0,6896.0
1744848000,18403.5,18498.0,18375.5,18487.5,8085.0
1744851600,18487.5,18491.0,18452.75,18476.25,4671.0
1744855200,18474.5,18512.5,18453.75,18497.5,5688.0
1744858800,18497.25,18538.75,18495.75,18537.25,3507.0
1744862400,18532.25,18543.5,18526.25,18535.5,2721.0
1744866000,18535.75,18578.25,18517.5,18551.25,5807.0
1744869600,18551.5,18602.5,18530.75,18555.5,9554.0
1744873200,18556.75,18652.75,18555.5,18617.0,11980.0
1744876800,18617.0,18620.25,18533.5,18537.75,8080.0
1744880400,18538.75,18592.25,18524.75,18577.5,8043.0
1744884000,18576.25,18583.5,18496.5,18509.25,12121.0
1744887600,18510.25,18532.25,18456.75,18516.0,12501.0
1744891200,18514.75,18624.25,18514.5,18530.5,20485.0
1744894800,18529.75,18546.75,18376.25,18467.75,78252.0
1744898400,18466.25,18488.0,18261.5,18304.0,87604.0
1744902000,18304.0,18443.75,18291.0,18339.5,73680.0
1744905600,18340.25,18478.75,18317.0,18454.0,77548.0
1744909200,18454.0,18487.5,18366.75,18453.0,50291.0
1744912800,18453.75,18526.0,18418.0,18420.0,51895.0
1744916400,18419.75,18431.25,18330.0,18373.25,63424.0
1744920000,18373.75,18455.75,18364.25,18427.75,14652.0
1745186400,18306.25,18383.5,18231.25,18290.0,4626.0
1745190000,18286.5,18327.5,18279.0,18314.75,2738.0
1745193600,18313.25,18378.25,18298.25,18300.75,6530.0
1745197200,18303.0,18315.0,18257.25,18286.0,7543.0
1745200800,18286.75,18305.5,18189.0,18217.25,7639.0
1745204400,18219.25,18235.0,18209.5,18218.5,3318.0
1745208000,18220.0,18245.5,18212.5,18220.0,2708.0
1745211600,18221.25,18254.0,18216.25,18246.25,2609.0
1745215200,18245.0,18256.75,18196.75,18218.0,3952.0
1745218800,18219.0,18226.75,18150.5,18152.75,5513.0
1745222400,18153.75,18194.75,18144.25,18172.25,5312.0
1745226000,18172.75,18181.75,18135.0,18171.75,4897.0
1745229600,18172.25,18192.0,18144.5,18188.75,3916.0
1745233200,18187.75,18213.75,18080.0,18106.25,14325.0
1745236800,18105.75,18148.0,18091.0,18122.0,9978.0
1745240400,18121.25,18165.0,17994.0,17994.5,56538.0
1745244000,17994.5,17998.25,17899.75,17931.25,63836.0
1745247600,17931.75,17949.5,17786.5,17796.75,53562.0
1745251200,17796.0,17875.0,17788.25,17794.75,39486.0
1745254800,17794.5,17812.75,17703.0,17712.25,41930.0
1745258400,17712.75,17781.25,17700.0,17709.0,40228.0
1745262000,17708.0,17952.0,17705.25,17923.0,74872.0
1745265600,17923.0,17929.75,17889.75,17914.0,16810.0
1745272800,17914.0,17934.25,17863.75,17893.25,0.0
1745276400,17893.75,18005.75,17892.75,18003.5,6476.0
1745280000,18003.5,18021.25,17976.0,17996.25,6808.0
1745283600,17997.25,18068.25,17989.0,18030.5,9527.0
1745287200,18030.0,18049.0,18012.0,18028.5,5201.0
1745290800,18030.75,18037.25,17946.5,17980.0,7969.0
1745294400,17980.0,17995.25,17972.25,17986.25,2783.0
1745298000,17984.75,18013.0,17971.75,17998.25,3725.0
1745301600,17997.25,18163.0,17985.25,18146.5,9283.0
1745305200,18147.75,18171.0,18078.5,18086.0,11460.0
1745308800,18085.5,18123.5,18055.25,18114.5,9366.0
1745312400,18114.0,18121.5,18077.0,18093.0,4866.0
1745316000,18091.0,18105.5,18072.75,18094.75,6516.0
1745319600,18096.0,18100.25,18043.75,18055.0,8901.0
1745323200,18054.25,18140.5,18046.25,18138.25,10936.0
1745326800,18138.0,18255.0,18100.5,18253.0,65405.0
1745330400,18253.75,18354.75,18241.0,18340.5,78477.0
1745334000,18340.75,18396.25,18287.25,18378.5,58483.0
1745337600,18378.75,18513.75,18378.75,18450.5,68695.0
1745341200,18449.75,18493.0,18211.25,18223.25,93425.0
1745344800,18223.5,18399.75,18218.0,18382.75,47007.0
1745348400,18383.0,18406.25,18240.5,18379.5,73914.0
1745352000,18380.0,18437.25,18345.0,18359.0,16675.0
1745359200,18646.0,18771.75,18644.0,18765.5,0.0
1745362800,18764.25,18802.75,18727.0,18760.75,11637.0
1745366400,18761.75,18771.25,18673.25,18701.75,8132.0
1745370000,18700.75,18725.0,18623.75,18640.25,7428.0
1745373600,18641.0,18712.25,18627.25,18683.75,5348.0
1745377200,18684.75,18706.5,18661.5,18704.25,4271.0
1745380800,18722.0,18732.0,18707.5,18724.25,4096.0
1745384400,18723.5,18751.25,18681.75,18739.0,5860.0
1745388000,18739.75,18770.5,18730.5,18735.25,7462.0
1745391600,18735.0,18790.5,18713.5,18782.75,10973.0
1745395200,18782.75,18859.0,18775.0,18830.75,12335.0
1745398800,18832.5,18851.5,18814.0,18844.75,7777.0
1745402400,18845.25,18928.75,18839.0,18919.75,10146.0
1745406000,18919.0,18945.0,18859.75,18859.75,14297.0
1745409600,18860.25,18972.0,18857.75,18966.25,15488.0
1745413200,18966.75,19122.25,18889.0,19072.0,103735.0
1745416800,19074.25,19165.5,18974.0,19061.75,99215.0
1745420400,19062.25,19104.75,18797.25,18876.75,98188.0
1745424000,18876.5,18933.75,18747.0,18916.75,69084.0
1745427600,18915.75,18966.25,18832.0,18925.75,52282.0
1745431200,18927.5,18959.0,18846.75,18869.5,48533.0
1745434800,18869.25,18894.25,18729.75,18788.0,81811.0
1745438400,18788.75,18927.0,18771.0,18850.0,26910.0
1745445600,18826.5,18842.25,18740.5,18819.25,0.0
1745449200,18815.25,18857.5,18806.25,18839.5,4273.0
1745452800,18840.0,18875.75,18826.25,18841.25,5914.0
1745456400,18841.75,18850.0,18770.75,18771.75,6599.0
1745460000,18771.0,18807.0,18747.0,18748.0,5602.0
1745463600,18746.5,18763.5,18735.25,18756.25,3473.0
1745467200,18752.75,18769.25,18710.75,18763.5,5074.0
1745470800,18764.25,18781.75,18678.5,18710.5,6097.0
1745474400,18711.5,18779.0,18706.0,18743.75,7130.0
1745478000,18744.25,18755.0,18650.75,18676.0,14051.0
1745481600,18675.25,18704.5,18594.75,18629.75,13305.0
1745485200,18630.0,18696.0,18630.0,18693.75,7721.0
1745488800,18695.25,18839.5,18693.5,18817.0,15186.0
1745492400,18816.25,18823.0,18729.5,18769.25,15960.0
1745496000,18769.5,18865.75,18769.0,18851.0,16848.0
1745499600,18853.0,19060.5,18824.0,19051.75,63860.0
1745503200,19052.5,19180.0,19044.75,19141.25,86799.0
1745506800,19141.0,19215.0,19120.75,19162.25,64023.0
1745510400,19163.0,19278.0,19140.25,19262.5,59721.0
1745514000,19262.0,19273.5,19203.5,19265.0,44983.0
1745517600,19265.75,19325.0,19258.5,19293.25,42734.0
1745521200,19292.0,19338.0,19221.0,19319.0,69360.0
1745524800,19319.25,19418.0,19312.75,19347.5,25332.0
1745532000,19405.0,19427.0,19352.25,19405.25,0.0
1745535600,19406.75,19435.5,19396.5,19412.5,5344.0
1745539200,19412.75,19462.75,19390.0,19456.5,6782.0
1745542800,19456.0,19469.75,19401.25,19411.5,7351.0
1745546400,19410.75,19422.75,19363.0,19384.5,6414.0
1745550000,19382.5,19454.0,19367.0,19450.5,6060.0
1745553600,19479.0,19497.5,19397.25,19408.0,8144.0
1745557200,19408.25,19434.0,19391.75,19412.0,4121.0
1745560800,19412.25,19478.0,19403.0,19462.0,6140.0
1745564400,19462.0,19465.75,19373.25,19418.0,10363.0
1745568000,19416.5,19451.25,19383.5,19403.75,9458.0
1745571600,19403.75,19404.0,19344.25,19396.75,8687.0
1745575200,19396.0,19416.0,19218.0,19230.5,19787.0
1745578800,19230.75,19322.0,19229.75,19255.25,15517.0
1745582400,19255.0,19298.0,19233.0,19245.25,15152.0
1745586000,19245.0,19363.75,19216.25,19263.75,66053.0
1745589600,19257.0,19405.75,19233.75,19338.25,88886.0
1745593200,19338.0,19393.0,19309.25,19362.75,50233.0
1745596800,19363.0,19469.0,19349.75,19466.5,43029.0
1745600400,19467.0,19554.25,19374.25,19428.25,74671.0
1745604000,19428.75,19528.5,19414.25,19500.5,49322.0
1745607600,19500.5,19546.75,19447.25,19531.0,57399.0
1745611200,19530.5,19589.0,19526.0,19554.75,15410.0
1745791200,19524.5,19524.5,19450.0,19460.5,6276.0
1745794800,19459.75,19475.0,19435.25,19454.75,3272.0
1745798400,19457.0,19471.5,19402.5,19413.5,4500.0
1745802000,19413.0,19432.75,19392.25,19429.5,3666.0
1745805600,19430.0,19452.0,19406.5,19417.5,3797.0
1745809200,19417.75,19422.25,19395.5,19403.25,2611.0
1745812800,19403.25,19427.75,19403.25,19411.25,2213.0
1745816400,19411.75,19429.75,19404.0,19416.25,2731.0
1745820000,19416.75,19505.5,19416.75,19502.75,5676.0
1745823600,19503.25,19518.0,19467.5,19469.0,6784.0
1745827200,19468.25,19502.75,19440.75,19500.0,6189.0
1745830800,19500.25,19540.0,19482.75,19515.0,5973.0
1745834400,19516.25,19523.0,19466.25,19477.0,7481.0
1745838000,19475.5,19533.75,19466.25,19514.5,9118.0
1745841600,19514.75,19550.0,19470.25,19540.0,12411.0
1745845200,19540.0,19623.0,19454.0,19465.25,69916.0
1745848800,19464.5,19539.25,19433.25,19471.75,72581.0
1745852400,19471.5,19496.0,19311.75,19347.75,70643.0
1745856000,19347.0,19356.25,19267.5,19318.0,52644.0
1745859600,19317.0,19378.75,19257.25,19371.25,45116.0
1745863200,19372.0,19438.75,19356.75,19428.5,38625.0
1745866800,19429.0,19578.75,19423.5,19524.5,59950.0
1745870400,19524.75,19526.5,19475.25,19483.75,13432.0
1745877600,19478.25,19490.25,19455.5,19486.0,0.0
1745881200,19485.75,19532.25,19478.25,19528.5,4576.0
1745884800,19528.25,19561.0,19496.25,19555.0,4315.0
1745888400,19554.0,19600.0,19544.5,19594.25,4701.0
1745892000,19594.25,19630.75,19559.0,19569.5,7743.0
1745895600,19570.5,19591.0,19561.0,19573.5,3363.0
1745899200,19566.75,19597.5,19541.5,19552.75,4648.0
1745902800,19552.5,19570.5,19530.0,19532.75,3877.0
1745906400,19531.5,19565.5,19525.5,19542.75,3882.0
1745910000,19543.5,19621.75,19532.75,19609.75,7367.0
1745913600,19610.25,19610.75,19541.25,19581.25,6992.0
1745917200,19582.0,19589.5,19545.75,19567.0,5642.0
1745920800,19566.25,19580.75,19447.25,19496.25,11521.0
1745924400,19496.0,19531.5,19488.25,19504.25,9873.0
1745928000,19503.25,19538.0,19445.5,19450.0,20529.0
1745931600,19450.5,19546.0,19378.0,19506.25,74125.0
1745935200,19506.0,19609.0,19466.25,19597.0,87100.0
1745938800,19598.0,19615.25,19500.0,19539.0,58557.0
1745942400,19538.5,19606.0,19471.0,19494.25,57303.0
1745946000,19494.0,19667.5,19483.0,19656.0,55581.0
1745949600,19656.5,19688.5,19638.75,19646.25,47467.0
1745953200,19646.5,19683.25,19615.0,19645.0,61184.0
1745956800,19645.25,19668.5,19567.25,19614.25,16773.0
1745964000,19599.75,19611.75,19563.25,19564.5,0.0
1745967600,19564.5,19574.5,19544.75,19563.0,3807.0
1745971200,19562.5,19584.5,19518.75,19531.25,6970.0
1745974800,19530.0,19544.75,19506.0,19512.75,4753.0
1745978400,19513.25,19528.5,19500.0,19509.25,4161.0
1745982000,19509.5,19527.75,19485.25,19526.0,4864.0
1745985600,19514.25,19540.25,19511.75,19519.75,3425.0
1745989200,19520.25,19538.25,19503.5,19537.5,3999.0
1745992800,19536.75,19572.75,19534.0,19564.25,5968.0
1745996400,19564.75,19594.75,19562.5,19587.75,5827.0
1746000000,19585.25,19622.75,19557.75,19575.25,7902.0
1746003600,19574.5,19615.0,19573.5,19589.0,4065.0
1746007200,19589.75,19593.0,19543.5,19570.75,6052.0
1746010800,19571.5,19601.0,19511.25,19527.25,9200.0
1746014400,19527.0,19535.5,19257.5,19286.25,40146.0
1746018000,19285.5,19307.5,19106.0,19121.25,97121.0
1746021600,19120.25,19356.75,19103.75,19333.0,103366.0
1746025200,19332.75,19455.0,19327.5,19443.25,74266.0
1746028800,19442.75,19473.5,19356.75,19438.25,58687.0
1746032400,19438.25,19509.0,19337.0,19478.25,54488.0
1746036000,19478.5,19582.0,19447.5,19474.25,68518.0
1746039600,19474.75,19715.75,19467.25,19642.5,89921.0
1746043200,19643.0,19880.0,19591.25,19848.5,43567.0
1746050400,19834.0,19936.0,19805.0,19903.25,0.0
1746054000,19903.25,19934.0,19868.0,19917.25,9130.0
1746057600,19917.75,19955.5,19912.5,19946.75,9557.0
1746061200,19947.0,19951.75,19910.75,19929.0,7035.0
1746064800,19928.5,19951.25,19907.5,19913.75,4490.0
1746068400,19913.5,19963.0,19907.0,19958.5,4105.0
1746072000,19956.5,19958.25,19934.25,19941.5,2459.0
1746075600,19941.75,19974.0,19918.25,19921.5,4303.0
1746079200,19922.25,19948.5,19915.25,19922.0,4461.0
1746082800,19922.5,19976.5,19901.25,19956.25,6631.0
1746086400,19955.75,19987.75,19931.5,19984.0,7442.0
1746090000,19984.5,20023.5,19973.0,20017.75,7494.0
1746093600,20017.0,20027.5,19983.0,20001.5,7999.0
1746097200,20001.75,20027.0,19980.5,20010.0,9407.0
1746100800,20008.75,20035.75,19949.5,19953.5,16754.0
1746104400,19954.0,19996.25,19860.0,19860.0,76478.0
1746108000,19877.0,20073.5,19866.0,20072.75,81460.0
1746111600,20073.25,20125.75,19933.0,19962.0,72522.0
1746115200,19963.0,19999.5,19910.0,19942.75,57576.0
1746118800,19942.25,20029.0,19939.0,19982.0,43273.0
1746122400,19982.0,20049.25,19976.5,20009.0,38420.0
1746126000,20009.0,20022.5,19857.75,19878.0,67979.0
1746129600,19878.25,19923.0,19757.25,19799.0,30804.0
1746136800,19782.5,19797.25,19749.5,19788.5,0.0
1746140400,19788.0,19826.0,19778.0,19789.5,4244.0
1746144000,19790.0,19968.75,19755.0,19943.25,15412.0
1746147600,19941.75,19981.25,19915.25,19928.75,9413.0
1746151200,19928.5,19972.75,19906.75,19959.0,5057.0
1746154800,19959.0,19987.0,19952.5,19977.0,3036.0
1746158400,19993.5,19997.25,19965.75,19985.0,4026.0
1746162000,19986.0,19989.0,19940.5,19950.5,3853.0
1746165600,19948.75,19948.75,19883.25,19930.25,7171.0
1746169200,19930.75,19959.25,19901.0,19903.0,8882.0
1746172800,19902.0,19949.5,19867.0,19870.25,8397.0
1746176400,19869.0,19934.0,19864.0,19918.5,6168.0
1746180000,19919.5,19956.0,19909.5,19932.0,6297.0
1746183600,19932.0,19958.0,19901.5,19917.75,7771.0
1746187200,19918.25,20105.5,19911.0,20095.25,27953.0
1746190800,20095.75,20141.25,20020.0,20073.0,72341.0
1746194400,20073.25,20180.5,20062.0,20166.0,67007.0
1746198000,20166.0,20207.0,20127.25,20197.25,47246.0
1746201600,20197.0,20266.0,20192.0,20241.75,51293.0
1746205200,20242.0,20254.5,20196.25,20226.0,36755.0
1746208800,20225.75,20276.75,20198.75,20221.25,32956.0
1746212400,20220.75,20235.5,20152.25,20185.5,64478.0
1746216000,20186.0,20225.0,20177.5,20204.5,14117.0
1746396000,20181.5,20201.75,20108.25,20115.0,5496.0
1746399600,20113.75,20122.25,20052.5,20085.0,7094.0
1746403200,20084.75,20111.5,20067.75,20104.0,5960.0
1746406800,20102.5,20103.0,19991.5,20004.0,9383.0
1746410400,20003.75,20050.25,19995.25,20035.25,5343.0
1746414000,20035.25,20073.75,20021.75,20056.5,5014.0
1746417600,20056.5,20059.5,20017.0,20036.5,4521.0
1746421200,20037.75,20072.75,20037.75,20062.75,3539.0
1746424800,20062.0,20098.75,20060.0,20061.75,5144.0
1746428400,20062.25,20070.0,20037.0,20057.25,6280.0
1746432000,20058.0,20077.75,19977.25,20000.75,8692.0
1746435600,20000.5,20028.25,19982.75,20011.5,6597.0
1746439200,20012.0,20020.5,19981.5,20010.0,5980.0
1746442800,20011.0,20019.75,19966.0,19980.5,8536.0
1746446400,19980.75,20012.25,19970.5,20004.75,9625.0
1746450000,20004.25,20070.75,19985.25,20051.25,48934.0
1746453600,20059.25,20115.25,20009.0,20105.0,67204.0
1746457200,20103.75,20124.0,20065.5,20102.0,40850.0
1746460800,20102.25,20146.75,20094.5,20134.25,27860.0
1746464400,20134.0,20156.25,20106.25,20143.75,26138.0
1746468000,20144.0,20191.5,20138.25,20151.5,29922.0
1746471600,20152.0,20155.0,20044.75,20065.5,51027.0
1746475200,20065.75,20070.5,20002.25,20042.25,18453.0
1746482400,20014.25,20036.75,20007.0,20017.75,0.0
1746486000,20016.5,20035.25,20005.0,20008.25,3213.0
1746489600,20008.75,20030.5,19975.25,19992.75,5181.0
1746493200,19993.75,20004.25,19952.5,19958.25,6063.0
1746496800,19959.0,19971.25,19937.0,19955.0,5297.0
1746500400,19955.25,19988.5,19932.25,19987.75,3719.0
1746504000,19985.5,19986.5,19953.25,19973.25,2366.0
1746507600,19973.25,19976.25,19913.0,19923.0,3965.0
1746511200,19922.5,19965.25,19919.25,19961.25,4857.0
1746514800,19962.0,19974.75,19893.5,19902.25,10052.0
1746518400,19902.5,19910.0,19832.0,19873.75,13492.0
1746522000,19873.75,19875.75,19824.25,19866.5,9513.0
1746525600,19866.0,19893.25,19852.25,19891.75,6508.0
1746529200,19892.0,19908.25,19806.0,19840.0,13514.0
1746532800,19840.25,19854.75,19803.0,19840.5,12122.0
1746536400,19840.5,19864.0,19747.0,19757.75,66974.0
1746540000,19757.5,19937.75,19739.25,19905.0,73800.0
1746543600,19903.75,19952.5,19885.25,19897.0,46672.0
1746547200,19895.75,20026.25,19860.25,19864.25,67197.0
1746550800,19864.75,19920.0,19837.5,19846.75,40503.0
1746554400,19847.0,19955.0,19845.5,19954.25,39102.0
1746558000,19953.75,19972.5,19870.75,19875.5,52133.0
1746561600,19876.0,19905.5,19809.0,19846.75,20811.0
1746568800,19809.0,20133.75,19799.5,20078.25,0.0
1746572400,20079.75,20086.25,20030.0,20068.0,7033.0
1746576000,20067.25,20105.5,20005.25,20082.75,9033.0
1746579600,20082.0,20108.0,20033.75,20052.0,6715.0
1746583200,20052.75,20055.75,19976.0,19996.0,6425.0
1746586800,19997.0,20021.75,19992.75,20005.0,4019.0
1746590400,20017.5,20035.5,20001.25,20013.0,3520.0
1746594000,20014.0,20015.25,19971.25,19978.5,4202.0
1746597600,19978.25,20001.25,19953.0,19981.0,5442.0
1746601200,19981.0,20020.75,19973.5,20013.5,6503.0
1746604800,20014.25,20025.0,19969.5,20007.5,8039.0
1746608400,20007.0,20018.25,19971.0,19990.5,5360.0
1746612000,19990.0,20007.5,19966.75,19996.25,6084.0
1746615600,19997.5,20030.25,19980.25,19995.75,6970.0
1746619200,19995.5,19997.5,19908.0,19932.5,15857.0
1746622800,19932.25,19944.75,19857.5,19937.5,60533.0
1746626400,19936.75,19977.25,19829.25,19842.5,61098.0
1746630000,19843.0,19857.25,19787.0,19850.0,65791.0
1746633600,19848.0,19904.25,19806.0,19898.75,38610.0
1746637200,19898.5,19925.75,19802.5,19818.75,35694.0
1746640800,19817.5,19902.75,19678.75,19886.25,87731.0
1746644400,19886.75,20053.5,19764.0,19949.5,102347.0
1746648000,19949.25,19998.25,19915.5,19957.5,20021.0
1746655200,19934.5,19957.25,19910.75,19943.5,0.0
1746658800,19943.75,19978.25,19940.75,19953.0,3364.0
1746662400,19952.75,20039.5,19925.5,20027.75,8945.0
1746666000,20027.75,20123.25,20013.75,20066.0,12682.0
1746669600,20068.0,20116.0,20068.0,20098.25,4662.0
1746673200,20098.0,20170.0,20096.25,20166.5,6655.0
1746676800,20173.75,20197.75,20168.0,20183.5,6171.0
1746680400,20183.5,20195.25,20147.75,20156.75,5654.0
1746684000,20155.5,20160.0,20124.0,20145.75,6361.0
1746687600,20145.25,20192.0,20136.75,20177.25,7818.0
1746691200,20178.0,20231.25,20153.75,20225.75,8064.0
1746694800,20225.75,20262.25,20214.25,20245.5,6253.0
1746698400,20246.25,20257.25,20226.5,20253.75,6831.0
1746702000,20253.5,20257.25,20185.0,20197.75,11015.0
1746705600,20198.0,20226.5,20134.5,20174.75,23242.0
1746709200,20175.25,20183.75,20061.0,20089.25,56928.0
1746712800,20090.5,20124.25,19979.0,20017.25,71690.0
1746716400,20016.25,20316.5,19993.25,20273.0,101809.0
1746720000,20273.0,20337.25,20268.75,20331.75,45335.0
1746723600,20331.0,20335.75,20246.75,20250.75,36717.0
1746727200,20250.0,20317.75,20234.25,20283.75,36910.0
1746730800,20283.75,20331.25,20141.25,20152.5,72040.0
1746734400,20153.0,20179.5,20143.5,20156.25,16586.0
1746741600,20157.0,20182.5,20137.0,20161.0,0.0
1746745200,20160.75,20172.0,20124.0,20139.25,4601.0
1746748800,20138.25,20140.0,20080.75,20121.75,6148.0
1746752400,20121.75,20160.75,20112.25,20158.75,4144.0
1746756000,20160.25,20201.0,20148.75,20153.25,5956.0
1746759600,20152.0,20189.5,20124.25,20187.75,5343.0
1746763200,20188.0,20194.0,20170.25,20183.5,2625.0
1746766800,20182.5,20203.0,20156.25,20192.5,4319.0
1746770400,20193.0,20205.5,20172.75,20191.25,3999.0
1746774000,20191.25,20232.25,20167.75,20193.0,8310.0
1746777600,20191.75,20201.75,20165.0,20174.0,6003.0
1746781200,20173.25,20199.75,20172.0,20198.0,3527.0
1746784800,20198.75,20238.0,20196.0,20230.5,5402.0
1746788400,20230.75,20288.75,20140.0,20206.5,19574.0
1746792000,20205.5,20256.0,20195.0,20232.25,12967.0
1746795600,20232.75,20279.75,20205.0,20254.25,49527.0
1746799200,20254.0,20275.0,20058.0,20142.0,81203.0
1746802800,20143.0,20176.25,20103.0,20169.75,52128.0
1746806400,20170.25,20174.75,20072.0,20087.75,41888.0
1746810000,20088.25,20161.0,20061.5,20156.0,37366.0
1746813600,20155.25,20160.25,20110.0,20141.5,27319.0
1746817200,20141.25,20185.5,20127.75,20136.25,47481.0
1746820800,20136.25,20149.25,20120.5,20146.5,13069.0
1747000800,20398.5,20474.75,20376.75,20407.0,9875.0
1747004400,20409.75,20503.25,20404.0,20453.5,8755.0
1747008000,20452.25,20508.5,20441.0,20492.75,8176.0
1747011600,20493.5,20547.0,20488.75,20516.5,9809.0
1747015200,20516.0,20533.5,20503.75,20529.5,4643.0
1747018800,20528.25,20538.0,20511.75,20526.5,3603.0
1747022400,20526.5,20535.0,20520.5,20530.5,2263.0
1747026000,20530.5,20563.25,20523.25,20552.25,4225.0
1747029600,20553.25,20593.25,20541.0,20563.5,8394.0
1747033200,20563.25,20930.25,20563.25,20810.75,36189.0
1747036800,20812.25,20898.25,20779.0,20876.25,16755.0
1747040400,20877.5,20914.0,20874.0,20906.5,8989.0
1747044000,20907.5,20983.0,20882.5,20971.5,17067.0
1747047600,20972.0,20991.5,20883.0,20913.5,22293.0
1747051200,20913.5,20965.25,20906.5,20916.75,17712.0
1747054800,20916.5,20939.75,20746.5,20786.75,84320.0
1747058400,20796.25,20849.25,20690.0,20770.5,84900.0
1747062000,20772.0,20806.5,20753.75,20764.75,49344.0
1747065600,20765.25,20883.5,20756.75,20877.75,45810.0
1747069200,20878.25,20935.0,20872.25,20914.0,45643.0
1747072800,20919.5,20943.5,20893.25,20896.5,38479.0
1747076400,20896.0,20954.25,20859.0,20950.25,74074.0
1747080000,20950.0,20996.0,20937.75,20957.0,21718.0
1747087200,20954.75,20963.5,20913.25,20919.5,0.0
1747090800,20920.5,20968.0,20908.0,20908.75,4548.0
1747094400,20908.5,20909.25,20866.0,20875.25,6582.0
1747098000,20876.25,20895.25,20864.0,20875.25,5063.0
1747101600,20875.25,20894.0,20850.0,20872.25,5935.0
1747105200,20871.75,20875.25,20842.25,20848.0,3225.0
1747108800,20844.0,20854.25,20818.0,20839.25,4755.0
1747112400,20838.5,20867.25,20837.0,20861.25,3554.0
1747116000,20861.25,20882.75,20846.75,20848.5,5003.0
1747119600,20848.5,20869.25,20831.0,20846.5,7428.0
1747123200,20847.75,20877.0,20824.5,20833.75,8618.0
1747126800,20835.25,20881.75,20827.75,20881.75,5205.0
1747130400,20881.5,20911.0,20860.5,20890.25,8455.0
1747134000,20891.25,20945.25,20886.5,20942.0,8914.0
1747137600,20941.5,21065.75,20931.0,21008.75,24021.0
1747141200,21006.25,21131.75,20972.75,21124.5,67123.0
1747144800,21125.0,21260.0,21115.5,21250.0,87967.0
1747148400,21250.75,21304.75,21230.75,21284.25,55103.0
1747152000,21284.0,21338.5,21252.5,21321.25,46991.0
1747155600,21322.0,21346.5,21294.0,21295.75,41637.0
1747159200,21296.5,21331.25,21275.0,21327.5,35078.0
1747162800,21326.75,21341.5,21257.75,21291.25,51266.0
1747166400,21260.25,21268.5,21247.5,21254.75,25822.0
1747173600,21250.0,21273.0,21249.5,21260.75,0.0
1747177200,21260.75,21301.0,21252.25,21292.5,5714.0
1747180800,21292.25,21297.5,21260.75,21267.5,6182.0
1747184400,21267.75,21283.75,21247.0,21283.75,6001.0
1747188000,21283.5,21291.5,21262.25,21275.25,4785.0
1747191600,21275.25,21299.0,21271.75,21288.0,3802.0
1747195200,21282.5,21316.0,21282.5,21307.5,4423.0
1747198800,21306.75,21323.5,21302.5,21317.0,4671.0
1747202400,21317.5,21355.75,21305.5,21348.5,6731.0
1747206000,21349.0,21353.0,21289.0,21305.75,10641.0
1747209600,21306.0,21314.5,21257.0,21274.25,9333.0
1747213200,21273.0,21290.0,21238.25,21260.75,10095.0
1747216800,21260.0,21303.5,21254.0,21293.5,7903.0
1747220400,21293.25,21382.5,21292.75,21344.75,15823.0
1747224000,21344.25,21367.25,21317.5,21324.25,14562.0
1747227600,21325.0,21405.25,21273.75,21330.75,75785.0
1747231200,21331.75,21370.0,21297.75,21357.0,64892.0
1747234800,21357.5,21389.25,21289.0,21376.25,53499.0
1747238400,21375.75,21419.5,21355.75,21367.5,35942.0
1747242000,21367.25,21369.75,21281.5,21365.25,45688.0
1747245600,21365.25,21400.5,21336.0,21369.5,40673.0
1747249200,21369.75,21406.5,21331.0,21396.5,60119.0
1747252800,21396.5,21412.75,21379.25,21399.75,14354.0
1747260000,21379.75,21386.5,21361.5,21380.0,0.0
1747263600,21379.25,21382.5,21357.5,21375.25,4734.0
1747267200,21375.5,21390.75,21367.25,21381.75,3819.0
1747270800,21381.5,21397.75,21365.5,21373.5,5180.0
1747274400,21373.5,21412.0,21365.25,21406.5,4177.0
1747278000,21407.25,21409.75,21376.5,21380.0,2974.0
1747281600,21382.5,21388.5,21372.75,21384.25,1664.0
1747285200,21385.0,21386.75,21317.25,21331.25,5956.0
1747288800,21331.25,21370.5,21325.25,21344.5,5413.0
1747292400,21344.25,21357.25,21265.5,21272.5,11276.0
1747296000,21272.25,21290.5,21198.5,21214.75,13114.0
1747299600,21215.25,21264.25,21192.0,21259.0,9166.0
1747303200,21258.25,21258.25,21225.0,21250.25,6431.0
1747306800,21250.25,21301.25,21247.75,21275.25,9872.0
1747310400,21272.25,21330.0,21236.25,21288.0,19174.0
1747314000,21288.0,21339.25,21247.75,21299.0,59512.0
1747317600,21299.0,21346.5,21257.25,21335.25,67477.0
1747321200,21335.25,21446.5,21327.75,21429.25,61600.0
1747324800,21429.5,21492.75,21419.0,21491.75,42347.0
1747328400,21491.5,21529.75,21468.0,21475.5,39849.0
1747332000,21474.75,21474.75,21376.0,21392.5,57613.0
1747335600,21392.25,21423.25,21303.75,21418.5,83549.0
1747339200,21419.25,21445.0,21395.25,21395.5,17149.0
1747342800,21396.25,21396.5,21396.25,21396.5,2.0
1747346400,21396.0,21403.25,21379.5,21383.75,0.0
1747350000,21383.5,21415.75,21381.25,21414.25,2786.0
1747353600,21415.0,21436.25,21358.5,21360.75,6623.0
1747357200,21359.75,21377.5,21348.75,21370.25,4692.0
1747360800,21370.0,21409.25,21360.75,21401.75,4215.0
1747364400,21401.25,21416.25,21396.75,21405.75,2476.0
1747368000,21409.5,21418.5,21398.25,21402.5,2529.0
1747371600,21401.75,21406.5,21384.0,21387.0,2542.0
1747375200,21387.75,21409.5,21363.0,21369.0,4032.0
1747378800,21369.5,21455.75,21362.0,21442.5,6690.0
1747382400,21443.0,21478.5,21438.25,21460.5,7223.0
1747386000,21461.75,21467.5,21437.75,21440.25,4891.0
1747389600,21440.0,21472.0,21430.5,21457.75,5605.0
1747393200,21458.25,21488.25,21447.25,21481.25,6197.0
1747396800,21480.25,21501.0,21434.0,21439.25,12517.0
1747400400,21438.75,21504.75,21388.25,21437.5,68015.0
1747404000,21435.75,21456.5,21320.5,21391.0,71178.0
1747407600,21391.5,21443.25,21373.75,21412.5,40922.0
1747411200,21411.5,21451.25,21405.5,21427.5,29443.0
1747414800,21427.25,21478.0,21419.25,21445.0,30581.0
1747418400,21445.5,21493.25,21435.25,21476.5,26953.0
1747422000,21477.0,21512.0,21461.75,21504.75,47811.0
1747425600,21505.25,21509.75,21384.0,21400.25,16901.0
1747605600,21310.75,21374.75,21283.75,21370.0,11010.0
1747609200,21370.75,21418.0,21355.75,21381.25,6005.0
1747612800,21381.75,21383.0,21264.75,21302.75,12622.0
1747616400,21302.5,21309.0,21273.25,21274.75,6125.0
1747620000,21274.5,21300.0,21260.75,21263.75,5976.0
1747623600,21264.0,21265.25,21196.25,21212.0,7249.0
1747627200,21212.25,21239.0,21205.5,21221.0,6119.0
1747630800,21221.0,21253.25,21212.5,21247.0,5100.0
1747634400,21247.25,21290.0,21186.5,21187.25,9910.0
1747638000,21188.25,21226.75,21162.25,21194.5,10424.0
1747641600,21193.75,21194.0,21112.5,21135.25,13718.0
1747645200,21134.75,21179.5,21118.0,21164.75,7137.0
1747648800,21165.0,21205.25,21130.5,21186.25,8014.0
1747652400,21186.5,21213.25,21161.0,21204.25,8180.0
1747656000,21204.0,21220.0,21164.5,21212.25,12148.0
1747659600,21212.5,21375.0,21153.25,21356.25,73015.0
1747663200,21356.0,21462.25,21347.75,21394.0,68523.0
1747666800,21394.0,21476.25,21379.75,21433.75,41938.0
1747670400,21434.0,21503.5,21428.25,21498.5,34777.0
1747674000,21498.25,21544.5,21493.5,21499.25,43212.0
1747677600,21499.25,21505.75,21449.75,21495.75,38110.0
1747681200,21496.25,21533.5,21443.5,21523.25,58982.0
1747684800,21523.25,21527.25,21478.25,21517.0,14536.0
1747692000,21513.0,21515.0,21493.0,21500.0,0.0
1747695600,21499.75,21562.0,21497.75,21539.25,7136.0
1747699200,21539.0,21562.25,21513.25,21514.0,5519.0
1747702800,21513.25,21514.0,21436.25,21458.0,8263.0
1747706400,21458.5,21466.75,21434.5,21454.5,4271.0
1747710000,21453.5,21454.75,21427.75,21436.25,3354.0
1747713600,21434.75,21452.0,21420.0,21447.5,3078.0
1747717200,21446.25,21487.0,21415.75,21419.0,5953.0
1747720800,21419.0,21431.75,21393.75,21422.75,6466.0
1747724400,21422.25,21481.0,21408.0,21446.5,8582.0
1747728000,21444.25,21461.25,21410.0,21434.5,6787.0
1747731600,21434.25,21452.5,21415.25,21425.5,4693.0
1747735200,21427.75,21464.75,21419.75,21462.75,5572.0
1747738800,21463.0,21483.75,21456.5,21463.75,6937.0
1747742400,21462.75,21474.25,21418.5,21435.25,9150.0
1747746000,21435.5,21458.25,21355.0,21394.75,61314.0
1747749600,21394.75,21451.0,21363.0,21408.0,56540.0
1747753200,21407.25,21445.75,21387.5,21435.5,37547.0
1747756800,21435.5,21472.0,21402.75,21458.75,31466.0
1747760400,21459.25,21474.25,21408.0,21431.5,30641.0
1747764000,21430.5,21441.5,21340.75,21348.75,45946.0
1747767600,21348.75,21452.0,21298.0,21447.0,64739.0
1747771200,21447.25,21452.0,21398.5,21420.0,14329.0
1747778400,21414.75,21417.25,21342.0,21400.25,0.0
1747782000,21400.25,21431.5,21397.25,21431.5,3357.0
1747785600,21431.75,21444.0,21403.0,21423.25,4671.0
1747789200,21423.25,21435.0,21388.75,21401.5,4869.0
1747792800,21402.0,21405.75,21373.25,21378.75,4395.0
1747796400,21377.75,21397.75,21369.25,21381.5,2933.0
1747800000,21371.75,21377.75,21349.75,21357.75,2900.0
1747803600,21358.25,21384.25,21327.0,21331.25,4381.0
1747807200,21330.5,21340.5,21286.5,21294.5,9416.0
1747810800,21294.0,21348.75,21293.25,21343.25,5485.0
1747814400,21343.25,21348.25,21289.25,21322.5,5621.0
1747818000,21323.0,21336.0,21261.25,21269.75,7219.0
1747821600,21269.5,21302.5,21229.75,21300.25,8452.0
1747825200,21300.0,21355.75,21296.0,21340.0,9161.0
1747828800,21339.75,21342.5,21284.0,21311.75,12420.0
1747832400,21312.75,21404.75,21262.5,21373.75,57617.0
1747836000,21374.25,21459.0,21363.0,21456.25,64560.0
1747839600,21456.5,21535.0,21447.0,21515.75,57284.0
1747843200,21515.0,21558.5,21508.5,21515.25,34769.0
1747846800,21515.25,21523.25,21159.5,21271.25,126208.0
1747850400,21271.5,21282.5,21167.0,21176.5,60812.0
1747854000,21178.0,21221.0,21072.75,21149.0,86139.0
1747857600,21148.75,21155.5,21111.5,21145.5,17865.0
1747864800,21145.0,21177.0,21113.75,21143.5,0.0
1747868400,21144.25,21175.75,21133.5,21145.75,4792.0
1747872000,21147.5,21201.0,21135.25,21197.25,6575.0
1747875600,21197.25,21208.5,21150.25,21155.25,4898.0
1747879200,21154.75,21182.25,21145.5,21156.75,4379.0
1747882800,21157.25,21180.25,21157.0,21169.0,3070.0
1747886400,21163.25,21173.0,21160.75,21165.0,1775.0
1747890000,21164.75,21202.75,21154.75,21196.75,3769.0
1747893600,21198.25,21205.0,21164.25,21192.5,4345.0
1747897200,21192.0,21226.75,21170.75,21197.5,8252.0
1747900800,21196.5,21223.0,21185.75,21198.25,5808.0
1747904400,21197.25,21212.75,21178.25,21204.5,4807.0
1747908000,21204.25,21210.5,21170.5,21189.25,6043.0
1747911600,21189.5,21243.5,21075.25,21080.0,15715.0
1747915200,21080.25,21197.5,21040.0,21190.75,25931.0
1747918800,21191.25,21292.25,21113.75,21285.5,77298.0
1747922400,21285.75,21330.25,21166.5,21231.25,81592.0
1747926000,21231.75,21281.25,21198.75,21271.75,50400.0
1747929600,21272.25,21324.5,21208.75,21218.0,45214.0
1747933200,21217.75,21310.25,21196.5,21292.5,41136.0
1747936800,21292.25,21317.75,21268.25,21305.25,31150.0
1747940400,21305.25,21337.5,21166.0,21184.25,60147.0
1747944000,21184.0,21215.0,21174.75,21214.5,15779.0
1747951200,21223.75,21236.0,21139.0,21146.75,0.0
1747954800,21145.75,21182.75,21134.0,21178.75,4312.0
1747958400,21179.25,21204.0,21177.0,21201.0,5096.0
1747962000,21201.25,21201.25,21152.5,21162.25,4892.0
1747965600,21163.5,21200.5,21159.0,21183.75,3220.0
1747969200,21184.25,21208.5,21175.0,21190.25,3766.0
1747972800,21178.5,21179.25,21141.0,21153.25,3168.0
1747976400,21154.25,21181.5,21136.75,21153.25,3788.0
1747980000,21152.0,21154.75,21092.25,21133.25,7113.0
1747983600,21134.0,21218.75,21130.75,21207.25,8260.0
1747987200,21207.25,21231.0,21180.5,21188.0,6050.0
1747990800,21186.75,21192.0,21118.0,21181.25,7585.0
1747994400,21181.75,21191.25,21147.75,21177.0,4937.0
1747998000,21176.75,21183.25,20803.0,20833.75,41659.0
1748001600,20835.0,20840.0,20727.25,20800.75,42638.0
1748005200,20801.75,20953.75,20756.75,20884.75,78650.0
1748008800,20888.25,20994.25,20882.0,20911.25,62290.0
1748012400,20911.25,21008.75,20885.25,20935.25,46516.0
1748016000,20935.75,21006.0,20917.75,20983.0,36643.0
1748019600,20983.5,21074.25,20971.75,21052.0,39575.0
1748023200,21051.75,21083.0,21006.25,21039.0,36163.0
1748026800,21038.75,21069.75,20958.75,20978.5,53528.0
1748030400,20979.5,20980.5,20930.75,20953.25,15392.0
1748210400,20978.0,21229.25,20954.25,21164.75,11268.0
1748214000,21164.0,21213.0,21162.5,21188.75,5421.0
1748217600,21187.5,21212.0,21168.0,21186.5,5746.0
1748221200,21185.25,21209.0,21168.25,21205.75,4810.0
1748224800,21206.75,21233.25,21189.75,21193.5,4613.0
1748228400,21194.25,21222.75,21193.5,21210.5,2394.0
1748232000,21212.5,21227.75,21203.25,21220.0,1833.0
1748235600,21219.5,21221.75,21195.0,21202.25,2671.0
1748239200,21202.0,21262.5,21189.75,21251.25,5761.0
1748242800,21251.75,21279.5,21231.0,21274.25,4470.0
1748246400,21274.25,21286.0,21238.25,21246.75,3535.0
1748250000,21246.75,21263.0,21243.75,21250.25,1528.0
1748253600,21251.0,21277.75,21246.25,21262.25,1661.0
1748257200,21262.25,21280.5,21255.0,21274.75,1937.0
1748260800,21275.0,21289.0,21259.5,21262.0,2796.0
1748264400,21263.0,21307.75,21248.5,21279.25,8263.0
1748268000,21280.5,21282.0,21224.75,21230.25,7393.0
1748271600,21231.25,21276.25,21215.5,21273.5,6196.0
1748275200,21274.0,21294.0,21268.0,21283.5,4795.0
1748296800,21281.25,21292.0,21224.0,21228.5,5170.0
1748300400,21229.25,21246.5,21218.25,21235.25,4135.0
1748304000,21236.25,21242.5,21202.5,21240.5,5183.0
1748307600,21240.5,21240.5,21173.75,21176.0,7036.0
1748311200,21175.25,21183.75,21162.0,21181.5,4491.0
1748314800,21180.0,21189.0,21141.5,21150.5,4311.0
1748318400,21166.25,21177.0,21161.5,21176.0,2848.0
1748322000,21175.5,21217.5,21159.75,21208.0,4973.0
1748325600,21207.75,21255.0,21204.75,21242.75,4798.0
1748329200,21243.0,21359.75,21235.5,21333.75,13020.0
1748332800,21331.75,21346.75,21298.5,21313.25,7771.0
1748336400,21313.25,21353.0,21310.0,21333.0,6936.0
1748340000,21333.0,21351.25,21300.75,21303.0,5580.0
1748343600,21302.25,21310.5,21272.25,21296.5,7709.0
1748347200,21295.5,21305.0,21253.75,21275.75,11722.0
1748350800,21276.75,21315.25,21192.75,21293.75,59486.0
1748354400,21292.5,21389.5,21292.25,21355.25,61271.0
1748358000,21355.5,21406.5,21353.0,21399.5,39160.0
1748361600,21400.0,21459.25,21395.5,21430.25,39142.0
1748365200,21430.5,21480.25,21430.0,21476.75,31738.0
1748368800,21476.5,21488.5,21440.75,21442.75,32453.0
1748372400,21442.5,21469.5,21414.25,21466.5,61255.0
1748376000,21465.5,21479.5,21443.5,21477.0,17524.0
1748383200,21480.0,21480.0,21453.5,21470.75,0.0
1748386800,21470.25,21484.75,21467.0,21470.75,3669.0
1748390400,21470.25,21472.5,21456.75,21469.75,3220.0
1748394000,21469.75,21484.0,21460.25,21463.0,3141.0
1748397600,21463.25,21474.75,21461.0,21465.5,1883.0
1748401200,21465.5,21477.25,21438.5,21442.75,3024.0
1748404800,21445.5,21447.25,21435.0,21439.0,2092.0
1748408400,21438.5,21461.75,21435.5,21452.25,3637.0
1748412000,21452.75,21462.25,21433.25,21436.0,3325.0
1748415600,21436.75,21458.5,21428.0,21433.5,5657.0
1748419200,21433.0,21443.25,21416.5,21419.5,4463.0
1748422800,21419.75,21431.25,21407.0,21430.0,4850.0
1748426400,21429.5,21518.75,21424.0,21516.5,10033.0
1748430000,21516.5,21523.75,21486.25,21504.0,8536.0
1748433600,21504.0,21537.5,21500.25,21507.0,10941.0
1748437200,21507.0,21567.5,21451.5,21472.25,63195.0
1748440800,21477.5,21486.5,21426.0,21432.5,55121.0
1748444400,21432.0,21477.5,21428.5,21437.0,39964.0
1748448000,21437.25,21481.0,21436.5,21465.25,27560.0
1748451600,21465.5,21490.5,21456.25,21470.5,25199.0
1748455200,21469.75,21502.25,21401.5,21469.0,35532.0
1748458800,21468.25,21514.25,21349.0,21372.5,65929.0
1748462400,21372.0,21528.75,21321.25,21379.75,31220.0
1748469600,21513.0,21597.0,21489.0,21587.75,0.0
1748473200,21589.0,21777.0,21587.75,21766.25,26969.0
1748476800,21766.5,21833.5,21709.75,21820.5,16624.0
1748480400,21820.75,21822.25,21753.0,21794.25,9954.0
1748484000,21795.0,21823.5,21782.0,21791.0,7477.0
1748487600,21791.0,21817.0,21778.0,21783.25,4977.0
1748491200,21795.25,21807.25,21775.25,21796.0,4220.0
1748494800,21796.5,21824.0,21791.0,21805.25,5377.0
1748498400,21804.75,21806.0,21766.75,21770.5,5497.0
1748502000,21771.0,21849.5,21746.5,21849.5,9345.0
1748505600,21849.5,21858.75,21775.0,21782.75,9584.0
1748509200,21782.75,21818.5,21775.0,21785.0,7308.0
1748512800,21786.25,21787.75,21710.0,21735.5,10703.0
1748516400,21735.5,21739.5,21648.25,21654.5,12110.0
1748520000,21654.75,21689.25,21620.5,21644.75,21394.0
1748523600,21645.5,21692.75,21485.25,21518.75,72999.0
1748527200,21517.5,21533.25,21380.5,21516.0,76188.0
1748530800,21515.0,21519.5,21325.5,21348.75,55818.0
1748534400,21348.0,21471.5,21301.0,21456.25,47971.0
1748538000,21455.25,21485.0,21368.0,21372.25,37592.0
1748541600,21373.0,21405.0,21317.25,21362.75,39479.0
1748545200,21363.0,21447.25,21338.5,21411.75,54225.0
1748548800,21411.5,21427.5,21367.5,21385.0,14941.0
1748556000,21371.25,21391.75,21335.25,21353.75,0.0
1748559600,21352.25,21369.5,21313.75,21317.0,4958.0
1748563200,21317.25,21356.5,21315.0,21342.25,5256.0
1748566800,21340.75,21348.25,21269.0,21343.0,7689.0
1748570400,21343.5,21362.75,21333.5,21358.75,3497.0
1748574000,21360.0,21365.0,21334.25,21344.25,2479.0
1748577600,21349.0,21356.25,21330.5,21349.25,1806.0
1748581200,21349.75,21412.25,21347.75,21387.25,5165.0
1748584800,21386.5,21398.0,21333.75,21336.25,5509.0
1748588400,21336.25,21382.5,21318.25,21363.0,6965.0
1748592000,21362.5,21395.0,21352.75,21359.75,5663.0
1748595600,21359.5,21392.25,21357.25,21363.25,4312.0
1748599200,21363.5,21390.0,21349.5,21384.5,4321.0
1748602800,21384.25,21421.0,21376.5,21387.5,5647.0
1748606400,21388.5,21420.0,21226.25,21335.0,29781.0
1748610000,21338.0,21390.5,21234.75,21257.5,59966.0
1748613600,21257.25,21399.5,21254.0,21354.5,61106.0
1748617200,21356.5,21378.75,21288.25,21323.5,49716.0
1748620800,21323.75,21337.0,21071.5,21109.0,79837.0
1748624400,21109.25,21214.75,21089.0,21176.0,48107.0
1748628000,21176.5,21307.25,21174.75,21300.75,44856.0
1748631600,21300.5,21433.5,21295.75,21369.25,78383.0
1748635200,21369.75,21406.0,21330.0,21369.0,21790.0
1748815200,21303.75,21348.5,21295.25,21313.75,5238.0
1748818800,21314.0,21315.0,21277.0,21304.75,4853.0
1748822400,21304.75,21326.0,21285.0,21294.0,4710.0
1748826000,21294.5,21313.5,21267.25,21277.75,4277.0
1748829600,21279.5,21284.75,21256.25,21265.25,4167.0
1748833200,21264.0,21265.0,21226.75,21236.25,4912.0
1748836800,21231.5,21254.5,21218.75,21236.0,2857.0
1748840400,21236.25,21250.75,21213.75,21230.25,3465.0
1748844000,21230.25,21248.5,21198.0,21228.5,5456.0
1748847600,21227.5,21267.5,21163.25,21211.5,10965.0
1748851200,21210.75,21263.5,21206.5,21235.75,7449.0
1748854800,21234.0,21242.5,21201.25,21226.0,6528.0
1748858400,21225.25,21253.5,21214.25,21250.25,5941.0
1748862000,21250.25,21291.5,21238.75,21255.25,7132.0
1748865600,21256.0,21294.5,21239.75,21284.75,9972.0
1748869200,21285.0,21458.0,21257.75,21317.25,66237.0
1748872800,21311.0,21418.75,21235.0,21397.25,72715.0
1748876400,21396.75,21444.75,21355.25,21434.25,45806.0
1748880000,21434.0,21454.5,21401.25,21445.5,29424.0
1748883600,21445.75,21474.25,21425.25,21445.5,28590.0
1748887200,21445.5,21525.75,21426.75,21517.75,37263.0
1748890800,21517.75,21543.75,21495.25,21534.0,43390.0
1748894400,21534.25,21576.25,21527.75,21554.5,17281.0
1748901600,21555.0,21555.25,21515.0,21519.5,0.0
1748905200,21518.75,21544.25,21465.75,21494.25,8181.0
1748908800,21495.0,21502.5,21474.0,21483.5,3306.0
1748912400,21483.75,21500.0,21476.5,21487.25,3482.0
1748916000,21488.25,21490.25,21445.25,21468.25,4741.0
1748919600,21467.0,21467.75,21437.0,21460.5,3447.0
1748923200,21456.5,21460.25,21444.75,21453.75,1910.0
1748926800,21452.5,21471.75,21451.75,21464.5,2595.0
1748930400,21464.25,21477.0,21438.25,21470.0,4287.0
1748934000,21469.0,21481.5,21404.5,21438.75,8883.0
1748937600,21439.75,21448.5,21399.25,21443.5,6670.0
1748941200,21443.25,21465.0,21431.0,21451.0,5114.0
1748944800,21451.0,21494.25,21436.25,21494.0,6187.0
1748948400,21495.0,21535.75,21484.0,21527.25,8151.0
1748952000,21527.75,21543.5,21503.0,21534.5,10512.0
1748955600,21535.0,21606.0,21509.75,21594.75,53829.0
1748959200,21594.75,21664.0,21557.5,21661.0,62230.0
1748962800,21661.0,21688.25,21652.5,21684.5,44496.0
1748966400,21684.5,21747.75,21675.25,21737.75,35421.0
1748970000,21738.25,21759.75,21715.75,21717.75,31566.0
1748973600,21718.25,21721.75,21635.75,21710.75,45951.0
1748977200,21710.75,21725.75,21673.5,21704.25,50570.0
1748980800,21704.25,21706.25,21666.25,21688.0,15338.0
1748988000,21688.25,21721.5,21684.0,21709.5,0.0
1748991600,21709.75,21719.25,21690.25,21705.0,3640.0
1748995200,21705.25,21727.0,21691.75,21698.5,4133.0
1748998800,21700.0,21710.75,21672.0,21681.25,4288.0
1749002400,21682.5,21686.0,21667.0,21673.25,3771.0
1749006000,21673.25,21683.25,21670.0,21680.0,1807.0
1749009600,21677.75,21696.25,21676.0,21678.0,2062.0
1749013200,21678.0,21695.5,21673.5,21695.0,1937.0
1749016800,21695.25,21715.25,21680.25,21691.0,4539.0
1749020400,21691.75,21722.25,21674.5,21720.75,5042.0
1749024000,21720.5,21748.75,21713.75,21718.0,7200.0
1749027600,21718.0,21745.75,21717.5,21736.25,4761.0
1749031200,21736.5,21763.0,21719.75,21750.25,6184.0
1749034800,21749.25,21756.0,21727.25,21747.0,5043.0
1749038400,21748.0,21767.0,21655.5,21708.5,21284.0
1749042000,21709.5,21790.5,21699.5,21754.0,51589.0
1749045600,21746.0,21764.25,21641.0,21761.0,73463.0
1749049200,21761.25,21784.5,21731.75,21754.25,43105.0
1749052800,21753.75,21758.0,21707.25,21754.25,35025.0
1749056400,21754.25,21787.0,21752.75,21786.0,26771.0
1749060000,21785.75,21803.0,21771.75,21782.75,30587.0
1749063600,21783.0,21798.25,21748.25,21757.5,43425.0
1749067200,21757.5,21764.75,21740.25,21748.0,14541.0
1749074400,21744.75,21772.5,21731.75,21750.75,0.0
1749078000,21751.0,21759.0,21737.0,21741.0,2438.0
1749081600,21742.0,21766.75,21738.25,21744.5,3092.0
1749085200,21746.0,21757.25,21730.75,21756.75,3237.0
1749088800,21757.0,21758.75,21736.75,21745.25,3492.0
1749092400,21745.75,21754.5,21741.75,21749.75,2527.0
1749096000,21747.5,21759.25,21745.25,21748.5,2466.0
1749099600,21748.5,21749.0,21724.75,21734.25,3074.0
1749103200,21734.0,21744.25,21723.0,21737.25,3249.0
1749106800,21741.0,21840.0,21741.0,21812.5,11638.0
1749110400,21813.0,21842.5,21773.5,21790.0,8135.0
1749114000,21790.5,21791.5,21764.0,21775.75,5288.0
1749117600,21775.75,21804.75,21753.75,21777.0,5728.0
1749121200,21776.5,21780.0,21745.75,21769.75,6378.0
1749124800,21767.25,21898.0,21712.5,21826.25,22076.0
1749128400,21802.5,21840.5,21691.5,21723.5,71360.0
1749132000,21724.75,21878.75,21704.0,21858.25,88677.0
1749135600,21858.25,21935.0,21844.5,21920.0,50002.0
1749139200,21920.25,21923.0,21670.25,21687.25,73911.0
1749142800,21687.0,21789.75,21659.5,21729.0,44275.0
1749146400,21730.0,21740.0,21606.5,21686.75,58996.0
1749150000,21686.5,21698.0,21503.5,21587.0,90318.0
1749153600,21587.25,21619.25,21510.75,21515.0,18338.0
1749160800,21471.0,21560.5,21471.0,21558.0,0.0
1749164400,21558.5,21571.25,21540.0,21545.5,5322.0
1749168000,21545.25,21588.25,21544.0,21571.75,5817.0
1749171600,21571.25,21600.5,21563.0,21585.0,4739.0
1749175200,21584.5,21591.0,21572.5,21588.25,2824.0
1749178800,21589.0,21617.75,21579.75,21610.5,3864.0
1749182400,21606.75,21651.0,21602.25,21649.5,4904.0
1749186000,21649.0,21669.75,21647.75,21656.75,4346.0
1749189600,21657.75,21686.0,21629.5,21667.25,6755.0
1749193200,21667.75,21681.0,21647.75,21660.25,5974.0
1749196800,21660.75,21672.0,21637.75,21661.0,5539.0
1749200400,21661.75,21690.5,21651.25,21685.25,4718.0
1749204000,21685.75,21694.5,21655.5,21656.75,4510.0
1749207600,21657.25,21684.5,21642.75,21670.75,7793.0
1749211200,21670.75,21785.5,21662.25,21761.25,23845.0
1749214800,21761.0,21864.25,21746.75,21840.25,69480.0
1749218400,21840.25,21852.25,21762.75,21820.0,60117.0
1749222000,21819.75,21870.0,21736.5,21806.0,60079.0
1749225600,21806.5,21834.5,21722.0,21755.25,37321.0
1749229200,21755.25,21826.75,21737.0,21821.5,31827.0
1749232800,21822.25,21873.5,21821.5,21835.0,42398.0
1749236400,21834.5,21847.5,21784.75,21789.0,49424.0
1749240000,21789.5,21819.0,21780.25,21809.5,13507.0
1749420000,21799.25,21820.75,21730.25,21741.5,5549.0
1749423600,21742.0,21773.0,21726.0,21762.0,4614.0
1749427200,21763.5,21783.5,21745.0,21749.0,5158.0
1749430800,21749.0,21751.75,21731.5,21742.0,3021.0
1749434400,21742.25,21756.0,21716.0,21741.25,3847.0
1749438000,21741.0,21746.75,21726.0,21744.75,1941.0
1749441600,21744.0,21752.5,21731.25,21747.0,2507.0
1749445200,21746.0,21748.75,21729.0,21746.25,2536.0
1749448800,21746.75,21768.0,21732.0,21766.25,3436.0
1749452400,21766.75,21797.25,21750.0,21794.5,5741.0
1749456000,21793.25,21800.0,21757.5,21792.25,6744.0
1749459600,21792.25,21794.0,21773.25,21779.75,2918.0
1749463200,21779.5,21791.0,21763.25,21775.25,3259.0
1749466800,21774.5,21824.25,21774.0,21810.75,8187.0
1749470400,21812.0,21818.0,21791.0,21797.0,7265.0
1749474000,21797.5,21817.75,21750.75,21787.0,49638.0
1749477600,21787.0,21880.5,21787.0,21842.5,55719.0
1749481200,21842.5,21867.25,21816.5,21838.5,34311.0
1749484800,21839.25,21885.0,21815.5,21870.25,28725.0
1749488400,21870.25,21881.75,21834.25,21867.25,30127.0
1749492000,21867.5,21879.25,21845.25,21869.25,23641.0
1749495600,21869.75,21875.25,21814.0,21818.5,49317.0
1749499200,21818.25,21825.0,21797.0,21822.25,0.0
1749506400,21824.0,21847.75,21823.25,21825.5,2476.0
1749510000,21829.75,21838.25,21821.5,21832.5,1794.0
1749513600,21833.0,21873.0,21815.25,21864.0,4547.0
1749517200,21863.75,21973.25,21862.75,21966.25,10233.0
1749520800,21965.75,21968.0,21944.25,21948.5,4245.0
1749524400,21947.25,21952.5,21932.75,21937.0,2505.0
1749528000,21930.75,21932.75,21911.75,21917.25,2743.0
1749531600,21918.0,21931.0,21756.5,21829.0,15771.0
1749535200,21829.0,21840.0,21801.0,21808.0,5869.0
1749538800,21808.75,21826.0,21732.25,21796.25,10434.0
1749542400,21799.75,21821.75,21760.75,21812.25,7189.0
1749546000,21812.25,21841.75,21805.75,21829.0,3886.0
1749549600,21828.5,21857.5,21828.5,21840.75,4643.0
1749553200,21841.75,21858.5,21803.0,21857.75,7056.0
1749556800,21858.25,21868.0,21847.0,21854.0,7230.0
1749560400,21854.75,21893.25,21818.0,21857.0,50568.0
1749564000,21857.25,21890.75,21847.5,21865.25,38355.0
1749567600,21873.25,21878.5,21743.25,21874.5,59829.0
1749571200,21874.25,21918.0,21871.75,21909.75,34025.0
1749574800,21905.5,21931.0,21867.0,21873.0,31805.0
1749578400,21873.5,21967.25,21820.75,21948.5,49136.0
1749582000,21949.0,21992.25,21910.75,21964.75,62350.0
1749585600,21965.0,21969.25,21936.0,21951.0,14715.0
1749592800,21945.75,21983.75,21937.0,21972.75,0.0
1749596400,21974.25,22002.75,21916.5,21953.75,5882.0
1749600000,21954.0,21965.75,21911.0,21914.0,4742.0
1749603600,21914.0,21923.75,21881.25,21908.0,5304.0
1749607200,21908.5,21911.5,21891.75,21895.25,2186.0
1749610800,21894.5,21910.0,21886.25,21907.5,2283.0
1749614400,21903.0,21915.25,21872.75,21876.5,2855.0
1749618000,21878.0,21900.25,21866.0,21881.25,3327.0
1749621600,21881.75,21906.0,21878.25,21896.0,3514.0
1749625200,21896.75,21934.75,21891.5,21929.0,5845.0
1749628800,21929.25,21959.5,21919.5,21942.75,5106.0
1749632400,21943.0,21949.0,21914.5,21916.75,3363.0
1749636000,21917.75,21937.75,21909.0,21929.25,3774.0
1749639600,21929.0,21940.25,21882.0,21930.0,6145.0
1749643200,21931.0,22106.0,21888.5,22028.75,36586.0
1749646800,22029.75,22041.0,21915.75,21980.75,65720.0
1749650400,21981.0,22062.0,21973.75,22059.25,54270.0
1749654000,22058.75,22066.25,21986.25,21993.5,55242.0
1749657600,21994.25,22006.75,21908.0,21977.5,49808.0
1749661200,21978.25,22018.5,21910.75,21916.5,39023.0
1749664800,21917.25,21931.0,21790.75,21861.0,86916.0
1749668400,21862.25,21892.5,21824.25,21887.5,58781.0
1749672000,21887.5,21910.75,21870.25,21883.25,12245.0
1749679200,21871.0,21894.25,21827.25,21836.25,0.0
1749682800,21834.75,21866.0,21818.0,21837.75,3238.0
1749686400,21838.75,21849.0,21782.5,21801.75,5910.0
1749690000,21800.75,21813.5,21754.25,21786.0,5386.0
1749693600,21787.0,21794.75,21772.0,21785.75,2867.0
1749697200,21787.0,21824.75,21784.25,21807.25,2294.0
1749700800,21816.75,21831.25,21802.25,21830.0,1900.0
1749704400,21829.75,21840.0,21805.75,21828.5,2425.0
1749708000,21825.0,21847.75,21809.5,21838.5,2546.0
1749711600,21839.75,21863.25,21751.0,21775.25,7036.0
1749715200,21775.25,21805.25,21713.25,21799.25,8857.0
1749718800,21799.5,21843.25,21791.0,21811.25,5744.0
1749722400,21810.0,21826.0,21759.25,21805.5,6636.0
1749726000,21804.0,21806.0,21732.0,21739.0,6641.0
1749729600,21739.0,21847.75,21714.0,21835.5,15429.0
1749733200,21836.25,21892.5,21818.5,21858.0,45398.0
1749736800,21857.25,21948.25,21840.5,21934.75,53289.0
1749740400,21934.5,21977.25,21881.0,21922.5,52642.0
1749744000,21922.25,21969.75,21901.5,21923.5,46016.0
1749747600,21924.25,21967.5,21917.0,21937.0,30913.0
1749751200,21937.75,21950.0,21903.75,21937.25,31128.0
1749754800,21937.0,21953.0,21893.5,21936.75,40736.0
1749758400,21938.5,21947.75,21906.25,21909.0,13541.0
1749765600,21909.0,21915.75,21861.75,21881.0,0.0
1749769200,21880.5,21889.0,21782.75,21786.75,4620.0
1749772800,21786.0,21793.5,21524.0,21566.5,25674.0
1749776400,21566.0,21619.25,21489.0,21612.5,13237.0
1749780000,21613.25,21614.25,21471.0,21530.25,10096.0
1749783600,21532.5,21583.0,21525.0,21573.75,6394.0
1749787200,21542.75,21569.75,21514.0,21543.5,3533.0
1749790800,21543.75,21570.25,21520.0,21570.25,3205.0
1749794400,21570.5,21613.25,21565.0,21605.75,6461.0
1749798000,21607.25,21652.0,21587.25,21636.75,9263.0
1749801600,21637.5,21664.0,21582.75,21600.25,8419.0
1749805200,21598.75,21644.0,21577.25,21623.0,8024.0
1749808800,21622.75,21657.75,21594.5,21652.75,6448.0
1749812400,21652.5,21702.75,21642.5,21683.75,9583.0
1749816000,21684.25,21701.25,21643.25,21658.25,12609.0
1749819600,21659.0,21794.5,21626.0,21729.0,60368.0
1749823200,21727.0,21751.75,21617.0,21743.5,75402.0
1749826800,21743.75,21843.0,21735.5,21833.75,53126.0
1749830400,21833.25,21853.75,21798.75,21827.5,37815.0
1749834000,21827.25,21834.75,21749.75,21787.75,42728.0
1749837600,21788.25,21805.25,21601.5,21668.25,66063.0
1749841200,21668.0,21693.0,21600.25,21652.25,66672.0
1749844800,21661.75,21679.0,21643.25,21652.0,15859.0
1750024800,21554.0,21690.0,21501.75,21648.5,6969.0
1750028400,21649.75,21710.0,21612.25,21689.5,3600.0
1750032000,21687.25,21704.5,21660.25,21694.5,3112.0
1750035600,21695.25,21700.0,21666.5,21688.0,1747.0
1750039200,21688.5,21727.5,21680.25,21705.0,1675.0
1750042800,21702.25,21707.25,21680.0,21691.0,866.0
1750046400,21691.0,21703.0,21670.0,21681.25,1256.0
1750050000,21683.0,21740.0,21680.5,21716.75,2026.0
1750053600,21715.0,21757.5,21707.0,21744.5,2901.0
1750057200,21745.0,21787.0,21740.75,21784.75,4778.0
1750060800,21783.25,21791.5,21751.0,21782.0,3349.0
1750064400,21784.0,21787.25,21731.5,21748.0,3658.0
1750068000,21746.75,21781.5,21741.0,21781.5,2492.0
1750071600,21781.5,21811.75,21752.0,21809.75,4468.0
1750075200,21809.5,21841.75,21799.75,21816.75,12036.0
1750078800,21816.0,21931.5,21790.0,21928.25,51800.0
1750082400,21928.0,21981.25,21921.75,21958.25,54464.0
1750086000,21958.75,21999.25,21930.5,21945.75,42003.0
1750089600,21946.25,21969.75,21918.0,21938.75,28356.0
1750093200,21944.0,21983.0,21923.5,21938.25,25806.0
1750096800,21938.75,21956.5,21910.75,21940.75,23830.0
1750100400,21940.0,21957.0,21914.25,21948.5,35462.0
1750104000,21949.0,21964.5,21929.75,21936.0,8762.0
1750111200,21950.0,21952.0,21840.25,21859.75,0.0
1750114800,21860.25,21892.75,21790.25,21790.75,4462.0
1750118400,21793.25,21863.0,21782.0,21859.5,4345.0
1750122000,21861.25,21875.75,21816.5,21853.0,2635.0
1750125600,21853.75,21888.5,21794.5,21884.5,2877.0
1750129200,21884.0,21886.0,21831.75,21852.75,2076.0
1750132800,21863.5,21865.0,21827.25,21842.25,1393.0
1750136400,21841.5,21869.5,21830.25,21857.25,1323.0
1750140000,21858.25,21897.5,21833.25,21841.25,3063.0
1750143600,21839.0,21863.25,21781.0,21815.0,4248.0
1750147200,21813.25,21857.0,21798.5,21838.0,2609.0
1750150800,21839.25,21857.0,21796.0,21806.75,3058.0
1750154400,21806.5,21828.25,21771.5,21813.25,2803.0
1750158000,21812.5,21849.25,21804.0,21845.5,4918.0
1750161600,21846.75,21870.25,21806.75,21827.0,8496.0
1750165200,21827.0,21885.5,21802.25,21867.75,25611.0
1750168800,21871.5,21907.5,21845.0,21850.25,20132.0
1750172400,21849.25,21910.0,21847.75,21872.0,13406.0
1750176000,21874.75,21905.75,21801.25,21812.0,13024.0
1750179600,21809.5,21832.5,21718.5,21738.0,13541.0
1750183200,21736.5,21753.5,21685.0,21751.5,11859.0
1750186800,21752.25,21779.5,21720.5,21730.25,12449.0
1750190400,21730.25,21758.0,21704.25,21722.5,5320.0
1750197600,21705.0,21730.5,21641.0,21648.75,0.0
1750201200,21650.0,21701.75,21640.5,21681.0,2062.0
1750204800,21681.0,21761.75,21678.5,21751.5,2297.0
1750208400,21755.25,21785.25,21738.75,21747.25,1652.0
1750212000,21748.25,21777.0,21740.5,21753.0,779.0
1750215600,21751.75,21761.0,21743.75,21749.0,956.0
1750219200,21756.5,21762.25,21722.75,21757.0,512.0
1750222800,21757.0,21773.0,21755.75,21764.0,401.0
1750226400,21763.0,21806.0,21760.25,21778.0,1312.0
1750230000,21779.75,21806.25,21774.25,21788.25,1623.0
1750233600,21789.25,21812.25,21782.0,21807.75,1486.0
1750237200,21810.0,21839.25,21805.75,21806.5,2090.0
1750240800,21806.5,21809.5,21730.0,21735.75,2227.0
1750244400,21732.75,21806.5,21729.75,21783.25,2176.0
1750248000,21782.75,21795.5,21756.75,21763.0,2572.0
1750251600,21763.25,21801.25,21704.5,21778.75,13370.0
1750255200,21761.75,21871.25,21761.75,21854.0,14992.0
1750258800,21846.5,21854.25,21810.0,21815.0,6840.0
1750262400,21813.75,21840.75,21797.75,21804.5,5949.0
1750266000,21801.75,21815.25,21716.25,21808.75,6013.0
1750269600,21836.25,21846.25,21667.75,21692.75,16179.0
1750273200,21692.5,21787.75,21660.0,21718.75,18664.0
1750276800,21737.5,21752.5,21723.25,21732.0,5492.0
1750284000,21726.75,21732.25,21686.75,21713.0,0.0
1750287600,21710.0,21729.0,21698.75,21723.0,383.0
1750291200,21725.0,21727.0,21627.25,21666.5,1440.0
1750294800,21668.0,21670.0,21568.0,21617.5,1352.0
1750298400,21619.5,21646.0,21599.75,21620.25,567.0
1750302000,21628.5,21669.0,21626.25,21665.25,266.0
1750305600,21663.5,21681.5,21658.0,21677.25,202.0
1750309200,21680.0,21680.0,21631.0,21632.25,344.0
1750312800,21631.0,21655.75,21601.0,21629.5,760.0
1750316400,21639.25,21650.25,21567.5,21577.75,734.0
1750320000,21580.5,21621.5,21580.5,21614.5,677.0
1750323600,21620.0,21632.0,21607.5,21612.5,369.0
1750327200,21616.25,21637.75,21595.75,21629.5,300.0
1750330800,21621.25,21625.25,21572.5,21601.0,322.0
1750334400,21596.25,21601.0,21530.0,21547.75,522.0
1750338000,21553.0,21571.0,21443.75,21469.5,1811.0
1750341600,21467.25,21516.25,21457.0,21509.25,2486.0
1750345200,21509.5,21522.5,21459.25,21463.75,3049.0
1750348800,21461.75,21524.75,21461.75,21484.75,0.0
1750370400,21524.0,21705.25,21524.0,21676.0,17781.0
1750374000,21674.75,21681.25,21651.5,21665.0,154.0
1750377600,21672.0,21705.5,21665.0,21665.75,375.0
1750381200,21666.5,21673.25,21629.75,21659.0,311.0
1750384800,21653.75,21679.5,21653.75,21672.5,189.0
1750388400,21670.75,21692.0,21664.0,21680.25,196.0
1750392000,21678.5,21700.0,21678.5,21687.0,55.0
1750395600,21682.0,21702.5,21668.5,21699.25,166.0
1750399200,21702.75,21724.5,21690.75,21690.75,393.0
1750402800,21687.5,21718.5,21675.5,21710.0,220.0
1750406400,21706.75,21731.5,21644.5,21644.5,386.0
1750410000,21652.5,21688.25,21652.5,21683.75,403.0
1750413600,21691.75,21692.5,21668.0,21684.5,470.0
1750417200,21680.5,21782.25,21680.5,21746.5,966.0
1750420800,21754.5,21817.0,21748.75,21805.0,1544.0
1750424400,21806.5,21888.0,21803.5,21865.25,0.0
1750629600,21648.25,21787.0,21566.75,21759.25,14490.0
1750633200,21758.25,21771.25,21727.0,21760.5,5371.0
1750636800,21761.0,21761.25,21708.0,21730.5,6671.0
1750640400,21730.5,21753.0,21711.0,21740.0,4256.0
1750644000,21740.0,21771.5,21737.5,21759.25,3838.0
1750647600,21758.25,21774.0,21755.75,21761.75,2117.0
1750651200,21766.75,21774.0,21757.5,21765.0,1944.0
1750654800,21765.0,21816.0,21764.25,21809.75,4830.0
1750658400,21809.25,21832.0,21797.75,21819.25,5080.0
1750662000,21820.0,21904.75,21819.0,21895.5,10136.0
1750665600,21896.0,21944.25,21879.0,21905.75,8402.0
1750669200,21906.5,21934.25,21881.5,21883.5,5909.0
1750672800,21883.75,21924.75,21846.25,21857.75,8209.0
1750676400,21858.25,21864.25,21775.0,21827.5,10991.0
1750680000,21831.0,21886.5,21817.25,21883.5,9790.0
1750683600,21883.5,21928.5,21758.5,21925.25,62631.0
1750687200,21925.75,22016.0,21925.75,21952.75,67287.0
1750690800,21988.5,22004.0,21922.25,21938.5,43280.0
1750694400,21938.5,21945.25,21738.25,21840.75,89997.0
1750698000,21841.25,22088.0,21821.75,22052.0,78428.0
1750701600,22052.0,22085.5,22021.25,22036.0,34293.0
1750705200,22036.0,22093.0,22024.0,22073.0,49801.0
1750708800,22073.0,22086.0,22052.75,22072.25,14864.0
1750716000,22079.0,22217.0,22065.75,22203.5,0.0
1750719600,22204.5,22255.0,22200.5,22237.25,8019.0
1750723200,22237.25,22248.75,22194.0,22226.75,7080.0
1750726800,22227.0,22271.5,22214.75,22265.75,5773.0
1750730400,22265.5,22268.25,22215.25,22235.0,7011.0
1750734000,22234.25,22252.0,22229.0,22248.0,2604.0
1750737600,22244.5,22249.25,22220.25,22243.0,2788.0
1750741200,22243.5,22302.75,22241.75,22294.5,5661.0
1750744800,22294.5,22370.75,22294.5,22359.25,10798.0
1750748400,22359.25,22377.0,22262.0,22306.25,15244.0
1750752000,22306.75,22333.5,22289.5,22303.75,8763.0
1750755600,22303.75,22352.25,22303.75,22314.5,6041.0
1750759200,22314.25,22322.25,22280.0,22285.0,7236.0
1750762800,22285.0,22311.0,22251.75,22306.5,11209.0
1750766400,22305.75,22314.25,22258.5,22285.75,10803.0
1750770000,22286.25,22333.25,22260.0,22291.25,55970.0
1750773600,22292.0,22340.25,22282.0,22314.75,57040.0
1750777200,22345.25,22388.0,22335.75,22362.25,47020.0
1750780800,22362.5,22417.75,22357.25,22400.0,36662.0
1750784400,22400.0,22426.0,22379.75,22417.5,31169.0
1750788000,22417.5,22432.0,22408.0,22426.0,24667.0
1750791600,22425.5,22448.25,22405.25,22405.75,53036.0
1750795200,22406.0,22419.0,22395.25,22407.75,14321.0
1750802400,22412.0,22412.0,22384.5,22396.25,0.0
1750806000,22397.5,22430.25,22387.5,22424.5,3504.0
1750809600,22425.25,22434.75,22410.25,22424.75,4253.0
1750813200,22423.75,22424.5,22393.25,22400.0,3310.0
1750816800,22400.25,22407.0,22394.25,22405.0,1804.0
1750820400,22405.5,22422.75,22405.5,22406.5,1984.0
1750824000,22411.5,22427.0,22411.5,22425.0,1045.0
1750827600,22426.0,22436.75,22420.0,22426.5,2179.0
1750831200,22426.0,22434.0,22419.5,22420.0,2655.0
1750834800,22419.75,22433.0,22406.0,22423.5,5152.0
1750838400,22423.5,22435.0,22407.0,22434.25,4819.0
1750842000,22434.75,22454.25,22422.0,22425.0,4947.0
1750845600,22425.75,22458.0,22413.5,22448.5,5533.0
1750849200,22448.75,22492.5,22443.75,22491.0,7686.0
1750852800,22490.25,22509.5,22480.5,22508.0,9254.0
1750856400,22508.0,22548.25,22485.75,22522.25,60629.0
1750860000,22523.0,22530.0,22463.75,22497.0,61290.0
1750863600,22491.25,22492.25,22429.0,22444.0,47107.0
1750867200,22444.0,22458.0,22410.0,22442.75,33620.0
1750870800,22442.75,22462.75,22388.75,22412.25,40072.0
1750874400,22413.0,22434.75,22402.0,22420.0,23393.0
1750878000,22420.5,22465.75,22418.75,22462.75,47522.0
1750881600,22463.0,22484.75,22451.0,22472.5,14788.0
1750888800,22461.25,22488.25,22450.25,22464.0,0.0
1750892400,22464.0,22469.5,22437.75,22464.75,4274.0
1750896000,22464.75,22482.0,22456.75,22475.75,2956.0
1750899600,22476.5,22480.0,22461.25,22468.0,2661.0
1750903200,22468.25,22485.5,22467.25,22477.25,2141.0
1750906800,22478.25,22504.0,22478.25,22495.0,3164.0
1750910400,22494.25,22508.0,22489.5,22505.0,1982.0
1750914000,22504.5,22513.0,22494.0,22510.0,2318.0
1750917600,22510.0,22545.0,22509.25,22532.75,5063.0
1750921200,22533.0,22559.5,22523.75,22532.5,5883.0
1750924800,22532.25,22576.75,22526.0,22561.5,6576.0
1750928400,22560.75,22565.75,22545.25,22551.75,4467.0
1750932000,22552.5,22581.25,22541.75,22558.25,5821.0
1750935600,22557.5,22577.25,22554.5,22577.0,5912.0
1750939200,22577.25,22585.0,22520.0,22551.5,12932.0
1750942800,22555.0,22566.5,22476.0,22520.0,59891.0
1750946400,22564.0,22597.0,22537.25,22571.25,58586.0
1750950000,22570.0,22618.75,22550.0,22610.0,51493.0
1750953600,22610.0,22632.75,22596.75,22607.25,30743.0
1750957200,22607.25,22652.0,22597.5,22640.0,29967.0
1750960800,22640.25,22687.0,22634.25,22667.0,36241.0
1750964400,22667.25,22694.0,22652.5,22672.75,51775.0
1750968000,22673.0,22677.25,22641.0,22672.5,16163.0
1750975200,22676.25,22713.5,22669.25,22695.5,0.0
1750978800,22695.5,22700.25,22670.25,22678.5,3349.0
1750982400,22678.5,22692.0,22665.5,22667.75,3779.0
1750986000,22665.75,22689.75,22660.25,22680.5,3078.0
1750989600,22679.5,22696.25,22675.0,22695.25,2503.0
1750993200,22695.5,22708.0,22690.5,22692.0,2893.0
1750996800,22693.75,22698.5,22686.75,22688.5,1359.0
1751000400,22688.0,22718.0,22687.75,22708.75,2781.0
1751004000,22709.0,22747.5,22707.0,22735.75,5009.0
1751007600,22735.0,22759.75,22724.25,22735.25,6140.0
1751011200,22736.0,22750.5,22723.5,22747.25,4682.0
1751014800,22748.25,22750.25,22729.75,22745.0,3173.0
1751018400,22745.0,22748.75,22725.5,22734.75,3311.0
1751022000,22734.75,22780.0,22732.75,22779.0,6519.0
1751025600,22779.5,22788.0,22722.75,22731.0,15579.0
1751029200,22731.0,22770.0,22685.25,22764.0,49646.0
1751032800,22764.5,22825.5,22748.5,22759.0,69688.0
1751036400,22760.5,22820.0,22745.0,22809.25,43125.0
1751040000,22809.25,22810.0,22770.25,22795.0,34719.0
1751043600,22794.75,22798.25,22696.0,22736.0,51287.0
1751047200,22736.25,22742.5,22600.0,22609.75,65013.0
1751050800,22611.0,22759.75,22605.25,22751.75,69934.0
1751054400,22751.75,22752.5,22727.25,22740.25,18565.0
1751234400,22751.5,22842.5,22751.5,22819.5,7264.0
1751238000,22818.75,22847.0,22808.25,22817.75,5298.0
1751241600,22817.25,22842.5,22804.5,22834.0,5035.0
1751245200,22832.75,22836.25,22813.0,22822.25,3945.0
1751248800,22822.5,22873.25,22818.75,22861.75,5897.0
1751252400,22861.75,22880.25,22857.0,22872.5,3427.0
1751256000,22873.25,22885.25,22871.0,22874.25,2333.0
1751259600,22874.0,22883.5,22862.0,22875.5,2661.0
1751263200,22876.5,22901.5,22874.25,22882.0,5099.0
1751266800,22882.5,22882.5,22849.75,22868.5,6194.0
1751270400,22870.0,22893.5,22857.0,22874.0,5077.0
1751274000,22874.25,22915.0,22867.5,22881.5,5490.0
1751277600,22881.25,22908.75,22879.25,22890.5,3972.0
1751281200,22890.5,22905.75,22881.0,22894.5,5900.0
1751284800,22893.75,22897.25,22853.75,22867.75,8653.0
1751288400,22868.0,22889.5,22794.25,22826.75,55790.0
1751292000,22837.0,22853.75,22807.5,22821.5,52923.0
1751295600,22821.75,22858.5,22801.5,22843.25,39303.0
1751299200,22843.5,22867.5,22832.25,22842.25,30321.0
1751302800,22842.25,22849.5,22786.25,22821.0,33421.0
1751306400,22821.0,22853.25,22781.0,22849.5,40474.0
1751310000,22849.25,22934.75,22848.25,22885.25,79084.0
1751313600,22885.0,22897.5,22852.5,22866.75,17020.0
1751320800,22867.5,22886.75,22852.5,22857.5,0.0
1751324400,22857.5,22887.25,22846.25,22880.75,2955.0
1751328000,22882.0,22905.75,22882.0,22900.0,4084.0
1751331600,22901.25,22914.75,22885.0,22911.25,4133.0
1751335200,22910.0,22913.75,22876.0,22878.75,3008.0
1751338800,22878.75,22885.0,22867.75,22871.5,2279.0
1751342400,22875.5,22878.0,22854.0,22857.25,2514.0
1751346000,22857.0,22861.75,22837.25,22840.75,3745.0
1751349600,22841.5,22847.0,22827.25,22840.5,3422.0
1751353200,22841.0,22865.75,22822.75,22842.75,6060.0
1751356800,22844.25,22858.25,22818.25,22846.5,6071.0
1751360400,22845.25,22849.5,22812.75,22830.75,5509.0
1751364000,22830.75,22840.0,22825.0,22838.5,2471.0
1751367600,22837.75,22848.5,22808.75,22826.0,6027.0
1751371200,22825.75,22833.5,22755.75,22794.25,13942.0
1751374800,22794.0,22834.0,22780.0,22815.0,48289.0
1751378400,22809.75,22848.25,22674.5,22688.0,85881.0
1751382000,22687.25,22718.0,22594.5,22659.25,82554.0
1751385600,22659.75,22736.75,22631.75,22700.75,50905.0
1751389200,22701.5,22762.25,22701.25,22742.5,35942.0
1751392800,22742.5,22753.5,22701.0,22702.75,29608.0
1751396400,22702.5,22745.25,22647.25,22692.25,68254.0
1751400000,22692.25,22698.0,22671.25,22691.75,12546.0
1751407200,22694.5,22723.0,22683.0,22722.25,0.0
1751410800,22722.0,22729.0,22702.25,22708.5,2708.0
1751414400,22709.75,22723.0,22705.25,22713.0,2430.0
1751418000,22713.25,22718.25,22688.5,22690.25,2762.0
1751421600,22689.5,22739.75,22675.5,22739.5,5110.0
1751425200,22739.75,22746.0,22732.0,22739.0,2731.0
1751428800,22742.75,22781.25,22741.25,22772.25,3686.0
1751432400,22771.75,22772.5,22746.25,22769.25,3230.0
1751436000,22768.5,22778.75,22755.75,22772.0,3453.0
1751439600,22772.5,22776.25,22717.5,22723.75,6155.0
1751443200,22724.5,22737.25,22702.25,22709.75,5587.0
1751446800,22708.25,22716.0,22693.75,22712.75,3777.0
1751450400,22713.75,22717.75,22672.0,22688.0,5958.0
1751454000,22687.0,22701.75,22638.25,22662.5,7598.0
1751457600,22662.25,22685.75,22582.0,22616.75,21659.0
1751461200,22616.25,22728.25,22599.25,22707.0,52984.0
1751464800,22706.5,22831.5,22702.75,22811.5,74164.0
1751468400,22811.75,22847.5,22798.25,22822.0,43621.0
1751472000,22822.0,22845.0,22809.5,22840.25,32934.0
1751475600,22840.75,22848.25,22808.5,22825.25,30514.0
1751479200,22823.75,22838.25,22818.0,22828.25,25841.0
1751482800,22829.0,22854.0,22813.25,22844.5,48000.0
1751486400,22844.75,22858.75,22827.75,22852.75,13967.0
1751493600,22845.0,22863.25,22831.25,22845.5,0.0
1751497200,22846.5,22850.0,22841.0,22848.75,1222.0
1751500800,22848.0,22856.75,22839.25,22851.0,2178.0
1751504400,22850.75,22872.0,22842.75,22849.75,2905.0
1751508000,22850.0,22851.25,22827.0,22847.75,2963.0
1751511600,22847.0,22882.0,22845.5,22862.75,3171.0
1751515200,22868.5,22874.25,22862.0,22866.75,1622.0
1751518800,22867.0,22874.5,22850.25,22874.0,2116.0
1751522400,22874.0,22890.0,22861.75,22881.25,2478.0
1751526000,22880.25,22901.0,22871.25,22880.5,4341.0
1751529600,22880.5,22892.0,22853.5,22853.5,3747.0
1751533200,22853.0,22872.75,22846.75,22849.75,4535.0
1751536800,22849.5,22856.0,22830.0,22854.0,3467.0
1751540400,22853.5,22867.5,22848.5,22863.25,4369.0
1751544000,22862.75,22928.0,22851.5,22892.5,20293.0
1751549400,22893.25,23004.5,22891.25,22997.5,57749.0
1751553000,23027.75,23067.75,23023.25,23051.5,54288.0
1751556600,23050.0,23102.5,23048.5,23081.75,38287.0
1751560200,23086.5,23094.5,23027.5,23057.5,42703.0
1751562000,23056.75,23070.75,23033.25,23062.5,0.0
1751580000,23062.5,23062.5,23062.5,23062.5,0.0
1751583600,23062.5,23062.5,23062.5,23062.5,0.0
1751601600,23007.75,23015.25,22994.0,23005.25,16192.0
1751605200,23006.0,23010.0,22986.75,23005.5,1732.0
1751608800,23005.0,23007.0,22982.5,22985.0,2860.0
1751612400,22985.75,22999.25,22942.5,22947.0,5382.0
1751616000,22946.0,22972.0,22923.25,22926.5,6349.0
1751619600,22926.75,22951.5,22910.0,22946.25,6091.0
1751623200,22945.25,22950.5,22882.0,22905.25,5299.0
1751626800,22904.25,22942.75,22898.5,22921.75,3800.0
1751630400,22921.75,22938.0,22910.75,22921.75,2479.0
1751634000,22921.5,22935.0,22888.0,22923.5,7750.0
1751637600,22923.75,22945.5,22908.5,22936.75,5993.0
1751641200,22936.25,22943.0,22910.75,22934.25,4677.0
1751644800,22933.75,22936.25,22896.0,22906.75,3956.0
1751839200,22970.0,23028.5,22943.0,22975.25,6056.0
1751842800,22976.25,23005.75,22960.0,22983.5,4460.0
1751846400,22983.75,22999.75,22964.25,22970.25,3812.0
1751850000,22969.75,22970.5,22914.5,22942.75,6765.0
1751853600,22942.75,22969.5,22939.25,22958.25,4029.0
1751857200,22957.0,22976.75,22941.5,22972.75,3885.0
1751860800,22974.5,22990.25,22944.0,22946.75,3546.0
1751864400,22946.25,22951.75,22932.5,22948.5,2869.0
1751868000,22949.0,22952.0,22918.0,22938.0,3651.0
1751871600,22938.0,22949.5,22926.25,22949.0,3881.0
1751875200,22949.25,22949.25,22908.5,22912.25,5663.0
1751878800,22912.5,22966.25,22909.0,22964.0,4222.0
1751882400,22964.5,22990.0,22959.5,22962.0,5090.0
1751886000,22962.0,22985.0,22954.25,22981.5,4591.0
1751889600,22980.75,23001.75,22941.5,22952.0,9442.0
1751893200,22951.5,22977.5,22900.5,22945.5,53247.0
1751896800,22944.5,22962.75,22882.5,22895.5,56102.0
1751900400,22894.75,22937.5,22892.5,22929.0,41718.0
1751904000,22928.5,22962.5,22833.75,22870.5,73108.0
1751907600,22870.0,22930.0,22846.0,22871.0,45284.0
1751911200,22876.0,22881.25,22779.75,22877.5,51755.0
1751914800,22877.25,22891.25,22840.75,22883.25,51317.0
1751918400,22883.75,22887.0,22822.0,22839.0,13140.0
1751925600,22837.75,22853.5,22808.5,22847.0,0.0
1751929200,22847.75,22879.75,22842.5,22874.25,3389.0
1751932800,22873.5,22914.0,22857.5,22906.75,4717.0
1751936400,22905.5,22923.75,22888.0,22893.75,4473.0
1751940000,22893.25,22939.0,22886.25,22936.5,4301.0
1751943600,22936.75,22938.5,22910.0,22917.5,2885.0
1751947200,22920.5,22926.75,22906.75,22910.0,2033.0
1751950800,22910.25,22935.0,22903.75,22933.75,2416.0
1751954400,22933.5,22952.5,22923.5,22947.0,3746.0
1751958000,22946.75,22972.75,22918.0,22963.0,5999.0
1751961600,22963.0,22963.75,22933.25,22946.75,4497.0
1751965200,22946.0,22953.75,22917.5,22924.0,3660.0
1751968800,22925.0,22953.0,22905.5,22944.0,4662.0
1751972400,22944.25,22957.0,22930.5,22939.75,3760.0
1751976000,22939.0,22955.25,22914.75,22940.0,8719.0
1751979600,22939.75,22956.25,22881.0,22881.5,48800.0
1751983200,22882.0,22942.75,22841.0,22866.75,80194.0
1751986800,22885.5,22915.0,22853.75,22906.0,48257.0
1751990400,22906.5,22962.75,22888.0,22916.5,52770.0
1751994000,22916.75,22939.0,22875.75,22934.0,38445.0
1751997600,22934.0,22942.75,22890.25,22899.0,31069.0
1752001200,22899.0,22903.75,22870.25,22898.0,35610.0
1752004800,22891.25,22908.5,22890.75,22903.25,18280.0
1752012000,22906.5,22923.0,22900.5,22912.75,0.0
1752015600,22913.75,22924.5,22894.5,22901.75,2156.0
1752019200,22900.5,22900.5,22864.0,22875.5,3026.0
1752022800,22874.75,22892.5,22854.5,22890.25,3966.0
1752026400,22890.5,22901.25,22878.5,22880.5,2394.0
1752030000,22880.75,22885.75,22868.5,22874.25,1951.0
1752033600,22871.75,22895.5,22870.75,22891.75,1817.0
1752037200,22892.0,22896.0,22869.75,22874.0,1966.0
1752040800,22873.75,22898.5,22843.75,22895.5,4514.0
1752044400,22895.75,22903.5,22874.5,22893.0,3912.0
1752048000,22892.5,22901.25,22878.0,22890.5,3264.0
1752051600,22890.5,22942.25,22890.5,22924.0,5290.0
1752055200,22924.5,22934.5,22910.0,22923.0,4524.0
1752058800,22923.5,22952.25,22919.5,22938.75,4825.0
1752062400,22937.75,22955.75,22922.75,22935.75,8215.0
1752066000,22935.25,23097.0,22931.0,23081.0,62449.0
1752069600,23105.25,23112.0,22928.0,22947.5,102160.0
1752073200,22945.25,22990.0,22920.0,22948.25,58017.0
1752076800,22948.25,23008.5,22937.0,22983.0,34072.0
1752080400,22982.75,23000.5,22960.0,22983.5,40747.0
1752084000,22983.25,23039.75,22981.75,23032.25,36034.0
1752087600,23032.5,23057.0,23022.75,23051.0,44184.0
1752091200,23051.25,23060.5,23031.0,23043.5,13467.0
1752098400,23041.0,23065.25,23033.25,23057.25,0.0
1752102000,23057.25,23059.25,23030.75,23034.25,2478.0
1752105600,23035.0,23035.0,23003.5,23006.0,3934.0
1752109200,23005.75,23012.5,22987.75,22990.75,4091.0
1752112800,22990.75,23021.75,22989.75,23018.5,3148.0
1752116400,23018.0,23018.0,22993.0,22997.5,2811.0
1752120000,22992.25,22997.75,22984.0,22995.0,1684.0
1752123600,22995.25,23002.0,22976.5,22992.5,3052.0
1752127200,22992.0,22996.5,22980.75,22992.5,2594.0
1752130800,22992.5,23022.0,22983.25,23019.5,5078.0
1752134400,23020.0,23046.5,23016.5,23046.0,4880.0
1752138000,23045.75,23050.25,23013.75,23025.0,4201.0
1752141600,23024.0,23053.5,23021.5,23044.0,3458.0
1752145200,23043.5,23077.0,23038.25,23071.0,5604.0
1752148800,23070.5,23072.25,23035.0,23048.75,9025.0
1752152400,23049.0,23078.75,22938.25,22960.75,59611.0
1752156000,22960.75,22986.75,22901.25,22963.25,76528.0
1752159600,22963.25,23024.25,22940.0,23020.0,44377.0
1752163200,23018.25,23022.75,22963.25,22992.0,37332.0
1752166800,22992.0,23041.75,22988.25,23037.0,31479.0
1752170400,23037.25,23050.0,23024.0,23037.5,26321.0
1752174000,23037.25,23044.5,22990.75,23015.0,40223.0
1752177600,23015.25,23025.0,22997.25,23010.0,10953.0
1752184800,23011.75,23039.75,23004.5,23037.5,0.0
1752188400,23038.75,23048.75,23029.5,23044.75,2671.0
1752192000,23044.25,23046.0,22831.5,22882.5,23961.0
1752195600,22882.5,22940.5,22865.5,22927.25,8532.0
1752199200,22927.5,22950.0,22918.0,22946.75,3933.0
1752202800,22946.5,22970.5,22944.5,22966.0,3387.0
1752206400,22963.25,22974.25,22962.0,22966.25,2101.0
1752210000,22966.0,22976.75,22937.5,22941.0,2804.0
1752213600,22942.75,22969.75,22941.25,22956.0,3824.0
1752217200,22958.5,22968.25,22897.75,22901.0,8607.0
1752220800,22901.75,22915.75,22870.5,22903.75,7570.0
1752224400,22903.5,22913.75,22858.25,22865.0,5904.0
1752228000,22863.5,22892.25,22852.0,22872.0,5812.0
1752231600,22873.0,22924.0,22868.25,22908.5,6726.0
1752235200,22908.0,22920.0,22883.5,22904.5,8509.0
1752238800,22904.25,22967.25,22863.0,22963.75,59500.0
1752242400,22963.75,23009.0,22942.0,22970.0,62412.0
1752246000,22970.0,23005.0,22908.75,22976.75,57617.0
1752249600,22976.75,23008.25,22958.75,23003.75,40864.0
1752253200,23003.25,23021.5,22960.0,22998.5,35281.0
1752256800,22997.75,23018.5,22969.5,22976.5,31579.0
1752260400,22976.75,22997.25,22924.0,22955.5,57878.0
1752264000,22955.25,22959.0,22930.25,22959.0,13664.0
1752465600,22873.0,22879.5,22861.5,22862.0,0.0
1752469200,22862.75,22870.0,22826.75,22831.25,3597.0
1752472800,22830.25,22846.75,22815.25,22841.5,5001.0
1752476400,22842.5,22883.75,22804.5,22881.75,9564.0
1752480000,22881.75,22898.5,22865.0,22887.25,5902.0
1752483600,22887.5,22903.75,22879.0,22898.5,3535.0
1752487200,22899.75,22900.0,22870.25,22877.25,3711.0
1752490800,22877.5,22899.5,22864.5,22887.5,7157.0
1752494400,22887.25,22909.0,22879.75,22898.75,6912.0
1752498000,22898.0,22979.25,22842.25,22911.75,73536.0
1752501600,22912.0,22992.5,22905.5,22991.5,63642.0
1752505200,22991.25,23022.5,22984.75,23009.0,48754.0
1752508800,23008.75,23040.75,22999.5,23034.0,30075.0
1752512400,23034.25,23066.5,23033.75,23045.25,32027.0
1752516000,23045.0,23060.0,23035.75,23051.25,21762.0
1752519600,23051.5,23059.25,23016.0,23034.0,47213.0
1752523200,23034.0,23039.0,23022.25,23036.25,10865.0
1752530400,23034.25,23036.0,23000.0,23002.0,0.0
1752534000,23001.75,23016.5,22996.0,23011.5,2098.0
1752537600,23011.75,23019.75,22997.5,23005.0,2725.0
1752541200,23005.5,23173.75,22996.5,23143.0,13421.0
1752544800,23143.5,23164.0,23040.0,23056.0,14144.0
1752548400,23055.25,23101.0,23047.0,23093.75,5987.0
1752552000,23093.0,23121.0,23089.75,23117.5,3158.0
1752555600,23115.5,23169.5,23114.25,23147.0,6402.0
1752559200,23147.25,23155.0,23132.0,23143.5,3761.0
1752562800,23144.25,23170.0,23132.5,23161.5,6425.0
1752566400,23160.25,23179.5,23144.0,23156.5,7221.0
1752570000,23156.5,23178.25,23150.0,23174.0,3502.0
1752573600,23174.5,23190.0,23162.25,23170.5,5250.0
1752577200,23170.0,23192.0,23154.0,23167.0,7521.0
1752580800,23167.0,23208.0,23135.25,23195.5,21841.0
1752584400,23196.0,23222.75,23123.0,23138.5,69388.0
1752588000,23139.0,23198.5,23096.0,23099.5,82116.0
1752591600,23100.25,23181.0,23099.75,23158.0,54919.0
1752595200,23157.5,23168.0,23083.0,23098.75,43584.0
1752598800,23098.5,23171.0,23086.75,23169.5,40446.0
1752602400,23170.0,23180.0,23094.5,23094.5,40157.0
1752606000,23114.0,23119.0,23069.25,23073.75,52393.0
1752609600,23058.0,23058.0,23009.5,23017.75,29599.0
1752616800,23018.75,23034.25,22973.75,23009.0,0.0
1752620400,23009.75,23020.0,22980.0,23014.25,4417.0
1752624000,23014.0,23019.0,22977.25,22999.5,5998.0
1752627600,22999.25,23032.5,22997.0,23030.25,4698.0
1752631200,23030.5,23033.75,23006.75,23012.0,2606.0
1752634800,23012.5,23027.75,23011.5,23018.25,2334.0
1752638400,23029.0,23032.0,23016.0,23021.25,1787.0
1752642000,23021.5,23045.25,22993.25,23008.0,5637.0
1752645600,23006.0,23008.75,22966.25,22971.75,4393.0
1752649200,22971.5,22990.5,22929.25,22982.0,8073.0
1752652800,22982.5,23014.5,22969.25,23002.0,5674.0
1752656400,23002.25,23004.5,22980.0,23000.5,4570.0
1752660000,23000.25,23021.0,22992.75,23013.75,3627.0
1752663600,23014.0,23024.0,22995.25,23020.25,5039.0
1752667200,23020.5,23085.0,23010.0,23073.75,16962.0
1752670800,23073.25,23089.5,22957.25,22968.5,66880.0
1752674400,22968.5,23033.75,22948.75,22990.25,86447.0
1752678000,22989.75,23045.75,22835.75,22990.75,137042.0
1752681600,22990.0,23051.25,22953.0,23045.75,46233.0
1752685200,23045.75,23069.5,23020.0,23028.0,31902.0
1752688800,23028.5,23074.0,23016.5,23072.75,29483.0
1752692400,23074.0,23100.0,23058.25,23074.5,48881.0
1752696000,23075.0,23075.75,23055.5,23063.25,11989.0
1752703200,23065.5,23072.0,23031.25,23034.5,0.0
1752706800,23035.5,23046.5,23029.0,23040.5,2089.0
1752710400,23040.0,23054.25,23024.0,23051.75,3654.0
1752714000,23050.75,23058.75,23025.25,23034.25,3290.0
1752717600,23034.0,23034.0,23021.25,23023.75,2197.0
1752721200,23025.0,23040.5,23017.0,23038.5,2250.0
1752724800,23040.75,23043.0,23027.0,23041.0,1792.0
1752728400,23041.0,23100.0,23039.25,23087.25,5928.0
1752732000,23087.75,23151.75,23086.75,23138.0,8715.0
1752735600,23138.0,23141.0,23100.25,23113.0,7629.0
1752739200,23112.75,23119.0,23088.5,23103.25,6363.0
1752742800,23104.5,23125.5,23103.25,23109.5,3418.0
1752746400,23109.25,23115.25,23087.5,23091.0,3587.0
1752750000,23090.25,23095.75,23072.0,23087.5,6106.0
1752753600,23086.75,23147.5,23073.25,23146.5,13430.0
1752757200,23145.75,23158.5,23065.75,23149.75,65928.0
1752760800,23150.5,23198.75,23115.0,23194.5,70089.0
1752764400,23194.25,23255.5,23193.75,23249.5,54587.0
1752768000,23249.0,23276.0,23246.0,23256.75,37944.0
1752771600,23257.25,23276.0,23240.5,23275.25,27021.0
1752775200,23276.0,23279.75,23236.5,23252.5,33199.0
1752778800,23253.0,23278.0,23245.25,23258.25,55227.0
1752782400,23257.75,23275.5,23234.25,23265.5,19071.0
1752789600,23261.25,23262.75,23245.25,23256.5,0.0
1752793200,23257.75,23288.75,23256.25,23280.75,4429.0
1752796800,23280.5,23284.75,23264.25,23267.75,2895.0
1752800400,23267.0,23272.5,23258.75,23265.5,2266.0
1752804000,23266.75,23287.25,23260.0,23279.5,2244.0
1752807600,23279.5,23285.5,23273.75,23276.25,2026.0
1752811200,23274.25,23282.0,23271.5,23278.75,1320.0
1752814800,23279.0,23309.25,23277.75,23304.0,3412.0
1752818400,23303.0,23309.5,23282.75,23284.0,3297.0
1752822000,23283.5,23292.75,23269.0,23269.75,5215.0
1752825600,23269.25,23286.5,23266.25,23281.75,3213.0
1752829200,23281.25,23290.25,23275.0,23278.75,2432.0
1752832800,23277.75,23281.5,23252.25,23266.25,4646.0
1752836400,23267.0,23272.75,23251.25,23264.25,4735.0
1752840000,23264.5,23272.25,23254.0,23268.5,7215.0
1752843600,23269.0,23320.75,23252.5,23257.5,74200.0
1752847200,23257.25,23295.0,23188.5,23217.0,77241.0
1752850800,23195.0,23254.25,23186.75,23247.5,49681.0
1752854400,23247.75,23249.25,23169.5,23187.5,58683.0
1752858000,23187.25,23222.75,23172.25,23198.5,41209.0
1752861600,23199.25,23227.0,23193.75,23204.0,28794.0
1752865200,23203.5,23232.5,23198.5,23226.5,44501.0
1752868800,23226.25,23229.75,23217.0,23228.5,11311.0
1753048800,23211.75,23245.5,23203.75,23244.0,3287.0
1753052400,23245.25,23262.75,23237.0,23260.25,3487.0
1753056000,23260.5,23263.0,23250.5,23252.0,2467.0
1753059600,23253.0,23277.25,23251.0,23264.25,3453.0
1753063200,23264.25,23270.5,23255.25,23257.0,2049.0
1753066800,23257.25,23261.5,23251.5,23254.5,884.0
1753070400,23253.0,23270.5,23252.25,23270.0,2723.0
1753074000,23270.0,23275.75,23262.5,23268.5,1993.0
1753077600,23269.0,23295.0,23265.75,23277.25,3964.0
1753081200,23277.0,23298.5,23276.75,23295.75,3775.0
1753084800,23296.0,23308.25,23282.0,23289.25,4881.0
1753088400,23291.0,23299.0,23285.75,23289.5,2088.0
1753092000,23289.75,23305.25,23281.0,23290.75,4176.0
1753095600,23291.0,23292.5,23275.0,23277.0,3749.0
1753099200,23277.5,23283.75,23236.0,23238.0,8480.0
1753102800,23238.0,23396.0,23223.75,23376.25,66853.0
1753106400,23389.75,23424.75,23380.0,23397.5,58988.0
1753110000,23397.5,23404.75,23378.75,23385.5,35746.0
1753113600,23385.5,23410.25,23358.75,23405.25,43025.0
1753117200,23405.25,23423.5,23404.0,23411.25,23757.0
1753120800,23411.5,23417.75,23386.25,23390.5,26779.0
1753124400,23390.5,23392.75,23330.5,23344.5,68847.0
1753128000,23344.25,23354.5,23338.25,23347.0,13428.0
1753135200,23339.5,23353.0,23336.0,23343.5,0.0
1753138800,23343.75,23350.5,23335.5,23346.75,1880.0
1753142400,23346.5,23361.25,23338.0,23340.5,3379.0
1753146000,23340.0,23367.0,23335.0,23365.5,3988.0
1753149600,23365.5,23366.0,23344.0,23347.25,2374.0
1753153200,23347.5,23349.25,23321.0,23329.25,3650.0
1753156800,23324.0,23325.0,23297.0,23306.25,4645.0
1753160400,23306.0,23316.25,23298.5,23314.5,2522.0
1753164000,23314.5,23319.5,23305.5,23314.0,2437.0
1753167600,23314.0,23347.5,23283.25,23304.75,9474.0
1753171200,23304.5,23316.5,23271.5,23276.75,8549.0
1753174800,23276.5,23286.75,23267.5,23281.5,4972.0
1753178400,23281.25,23301.75,23277.5,23300.0,6432.0
1753182000,23299.25,23332.25,23293.75,23331.5,9089.0
1753185600,23330.5,23341.25,23320.25,23334.75,7571.0
1753189200,23334.75,23345.25,23121.75,23142.0,104130.0
1753192800,23142.25,23228.25,23108.0,23224.25,100779.0
1753196400,23224.5,23237.25,23194.5,23221.0,48492.0
1753200000,23208.5,23224.5,23159.5,23198.75,52985.0
1753203600,23198.5,23250.75,23195.25,23217.5,38419.0
1753207200,23217.0,23253.5,23171.0,23251.75,42345.0
1753210800,23251.5,23257.75,23219.25,23222.0,50124.0
1753214400,23222.0,23223.75,23188.0,23199.0,20782.0
1753221600,23191.25,23205.0,23170.25,23182.0,0.0
1753225200,23182.5,23268.0,23181.0,23261.75,9690.0
1753228800,23261.75,23267.0,23198.5,23204.5,7737.0
1753232400,23203.5,23253.75,23198.75,23252.0,6289.0
1753236000,23251.5,23252.0,23226.0,23245.0,3466.0
1753239600,23246.5,23255.0,23231.25,23240.0,2575.0
1753243200,23234.75,23251.5,23232.0,23248.5,1798.0
1753246800,23248.5,23259.5,23244.75,23250.5,2330.0
1753250400,23251.0,23271.25,23243.0,23268.0,3558.0
1753254000,23267.75,23277.25,23248.25,23260.75,6601.0
1753257600,23259.5,23281.75,23257.0,23279.25,5783.0
1753261200,23278.25,23283.5,23259.5,23271.75,3147.0
1753264800,23272.75,23281.5,23260.0,23261.25,3699.0
1753268400,23261.0,23264.0,23232.75,23257.5,7617.0
1753272000,23256.5,23268.75,23230.25,23236.75,9231.0
1753275600,23236.25,23274.75,23160.5,23166.5,73868.0
1753279200,23165.5,23203.5,23146.75,23199.25,65706.0
1753282800,23199.5,23289.0,23179.0,23257.75,63837.0
1753286400,23257.0,23262.75,23192.75,23228.5,54913.0
1753290000,23228.25,23269.75,23213.75,23263.25,42649.0
1753293600,23263.75,23323.75,23263.25,23301.5,47295.0
1753297200,23302.25,23324.75,23269.0,23324.0,51009.0
1753300800,23324.25,23418.0,23303.25,23411.25,31850.0
1753308000,23402.25,23404.25,23383.0,23387.5,0.0
1753311600,23388.75,23405.0,23385.75,23401.0,2769.0
1753315200,23400.25,23407.0,23382.0,23394.5,3283.0
1753318800,23394.0,23422.75,23390.0,23408.0,3759.0
1753322400,23408.25,23415.0,23400.75,23404.75,1992.0
1753326000,23404.5,23405.5,23374.0,23379.5,2759.0
1753329600,23381.5,23384.75,23372.25,23380.0,2027.0
1753333200,23380.0,23384.75,23372.5,23373.75,1901.0
1753336800,23373.75,23391.5,23353.75,23360.0,4591.0
1753340400,23359.0,23370.25,23352.5,23369.5,4268.0
1753344000,23369.25,23391.25,23346.75,23390.75,5926.0
1753347600,23391.0,23397.0,23382.25,23390.0,3307.0
1753351200,23390.5,23394.75,23363.5,23373.25,4734.0
1753354800,23373.5,23402.75,23366.5,23386.75,5307.0
1753358400,23386.0,23392.25,23327.25,23359.75,13823.0
1753362000,23360.5,23401.0,23334.25,23362.75,67360.0
1753365600,23364.0,23381.0,23298.25,23372.5,69010.0
1753369200,23372.75,23400.5,23368.75,23388.25,46111.0
1753372800,23388.0,23388.75,23340.0,23370.5,42206.0
1753376400,23370.25,23423.0,23365.75,23384.25,36839.0
1753380000,23383.75,23422.0,23376.75,23400.75,38379.0
1753383600,23400.0,23424.5,23372.25,23376.5,52005.0
1753387200,23376.75,23401.0,23366.25,23395.0,14850.0
1753394400,23391.5,23420.5,23385.0,23401.25,0.0
1753398000,23400.75,23409.75,23390.0,23406.25,2497.0
1753401600,23406.5,23423.25,23400.5,23414.25,4037.0
1753405200,23414.75,23434.75,23409.0,23426.5,3301.0
1753408800,23427.5,23436.5,23420.0,23421.5,2403.0
1753412400,23422.0,23441.75,23420.75,23429.25,2403.0
1753416000,23428.75,23431.75,23392.5,23397.75,3203.0
1753419600,23397.75,23409.5,23395.5,23407.75,1993.0
1753423200,23407.75,23412.5,23389.0,23390.75,2549.0
1753426800,23391.5,23394.0,23355.0,23366.0,7532.0
1753430400,23369.0,23381.25,23348.75,23374.75,5802.0
1753434000,23375.5,23376.0,23356.5,23374.0,3371.0
1753437600,23374.25,23391.25,23370.5,23387.75,3352.0
1753441200,23388.0,23389.0,23360.75,23365.25,4457.0
1753444800,23365.25,23386.5,23359.5,23371.25,7462.0
1753448400,23371.25,23408.0,23330.75,23389.25,64302.0
1753452000,23389.5,23423.5,23384.0,23405.25,62046.0
1753455600,23405.5,23429.25,23392.75,23421.0,39059.0
1753459200,23421.0,23476.0,23416.0,23450.5,44715.0
1753462800,23450.25,23455.0,23432.0,23439.0,28991.0
1753466400,23439.5,23459.75,23424.0,23443.0,30685.0
1753470000,23443.0,23455.5,23408.25,23422.25,44526.0
1753473600,23422.0,23448.75,23407.0,23421.25,18214.0
1753660800,23540.75,23546.0,23533.75,23543.75,1824.0
1753664400,23543.5,23544.5,23531.0,23542.0,2584.0
1753668000,23541.75,23566.5,23537.25,23551.75,3186.0
1753671600,23551.25,23552.75,23541.75,23549.75,1618.0
1753675200,23549.25,23565.25,23545.0,23560.0,1906.0
1753678800,23559.5,23578.75,23558.75,23573.75,2929.0
1753682400,23573.75,23585.25,23560.0,23560.75,3788.0
1753686000,23561.0,23567.5,23533.5,23547.5,6555.0
1753689600,23547.25,23549.25,23533.5,23537.0,4451.0
1753693200,23537.0,23542.5,23522.25,23526.75,3128.0
1753696800,23526.0,23527.0,23484.75,23494.25,6537.0
1753700400,23493.5,23507.5,23490.0,23502.0,5623.0
1753704000,23501.5,23521.0,23486.25,23514.5,8860.0
1753707600,23514.25,23521.25,23464.75,23520.0,66206.0
1753711200,23520.0,23529.0,23473.5,23493.0,66817.0
1753714800,23493.5,23500.0,23442.5,23493.5,49959.0
1753718400,23494.0,23509.25,23474.0,23485.75,36663.0
1753722000,23486.0,23488.25,23455.0,23461.25,34077.0
1753725600,23461.0,23471.0,23440.0,23463.0,35967.0
1753729200,23462.5,23496.25,23450.0,23491.75,46182.0
1753732800,23491.75,23512.75,23489.0,23509.25,16817.0
1753740000,23504.25,23531.0,23503.0,23526.75,0.0
1753743600,23526.0,23531.25,23517.5,23528.25,2167.0
1753747200,23528.75,23537.0,23516.5,23533.5,3381.0
1753750800,23533.5,23545.0,23526.0,23528.0,2857.0
1753754400,23527.75,23539.25,23521.25,23538.5,2268.0
1753758000,23537.75,23547.5,23535.75,23543.75,1941.0
1753761600,23546.25,23552.0,23539.25,23542.75,1725.0
1753765200,23541.5,23554.0,23541.0,23547.25,1106.0
1753768800,23547.75,23555.0,23541.5,23545.25,2749.0
1753772400,23545.5,23598.5,23545.0,23588.5,7333.0
1753776000,23588.25,23593.25,23575.5,23582.5,4769.0
1753779600,23582.75,23607.0,23579.75,23599.25,5173.0
1753783200,23598.5,23609.0,23592.25,23599.0,5328.0
1753786800,23599.0,23606.75,23578.5,23600.25,6493.0
1753790400,23600.75,23613.5,23572.5,23579.0,8708.0
1753794000,23579.25,23652.5,23555.75,23581.0,79794.0
1753797600,23588.5,23593.5,23514.5,23525.5,78797.0
1753801200,23540.25,23542.5,23438.25,23503.75,94460.0
1753804800,23503.25,23513.75,23448.5,23507.25,52709.0
1753808400,23507.5,23525.75,23462.0,23491.5,48810.0
1753812000,23491.5,23507.5,23467.75,23479.0,36657.0
1753815600,23478.25,23486.0,23421.5,23457.25,66268.0
1753819200,23457.25,23462.25,23445.5,23452.0,13982.0
1753826400,23452.0,23474.75,23449.25,23470.5,0.0
1753830000,23470.5,23481.5,23465.25,23475.0,2496.0
1753833600,23474.75,23490.75,23471.5,23486.25,2906.0
1753837200,23485.5,23493.75,23466.25,23485.25,3175.0
1753840800,23486.0,23496.5,23480.25,23493.5,2379.0
1753844400,23493.75,23506.75,23493.0,23498.0,2030.0
1753848000,23502.0,23507.75,23498.75,23504.25,1245.0
1753851600,23503.0,23509.75,23488.0,23503.5,2110.0
1753855200,23503.0,23510.5,23496.25,23499.25,2248.0
1753858800,23499.0,23508.0,23474.0,23500.0,5212.0
1753862400,23499.25,23512.5,23462.25,23483.25,5427.0
1753866000,23482.5,23498.0,23475.0,23492.25,3993.0
1753869600,23493.25,23508.5,23488.75,23508.5,4260.0
1753873200,23508.0,23522.0,23497.75,23507.75,5813.0
1753876800,23507.75,23508.0,23471.5,23491.0,13875.0
1753880400,23489.75,23526.25,23450.75,23483.75,59073.0
1753884000,23483.25,23541.25,23467.0,23516.75,56110.0
1753887600,23523.0,23530.5,23475.5,23530.0,43310.0
1753891200,23529.75,23547.0,23518.25,23534.0,30153.0
1753894800,23534.0,23551.0,23523.0,23544.75,22289.0
1753898400,23542.0,23589.5,23400.25,23412.5,87858.0
1753902000,23412.25,23490.25,23356.5,23483.75,117665.0
1753905600,23484.0,23689.0,23470.5,23661.75,51032.0
1753912800,23705.0,23744.25,23686.0,23728.75,0.0
1753916400,23728.0,23740.0,23722.75,23725.0,4139.0
1753920000,23725.5,23758.5,23712.0,23753.75,5996.0
1753923600,23753.75,23780.0,23746.0,23769.5,4926.0
1753927200,23769.25,23793.0,23767.5,23787.0,3974.0
1753930800,23786.5,23800.75,23778.5,23798.0,3135.0
1753934400,23799.5,23809.0,23783.5,23805.25,3780.0
1753938000,23805.75,23809.75,23784.5,23800.25,3872.0
1753941600,23799.75,23806.25,23777.0,23796.75,4886.0
1753945200,23797.5,23845.0,23783.25,23825.5,10138.0
1753948800,23825.25,23826.25,23794.25,23799.25,7424.0
1753952400,23800.0,23807.0,23782.0,23783.75,4845.0
1753956000,23783.5,23803.25,23773.0,23777.0,4565.0
1753959600,23776.25,23800.75,23752.75,23763.5,10255.0
1753963200,23763.5,23812.0,23756.0,23801.75,15916.0
1753966800,23801.5,23804.0,23609.5,23671.25,98905.0
1753970400,23671.5,23700.0,23546.75,23547.25,88992.0
1753974000,23553.5,23585.0,23483.25,23584.0,83547.0
1753977600,23583.75,23617.0,23557.5,23570.0,44482.0
1753981200,23570.25,23571.75,23365.0,23389.5,88971.0
1753984800,23389.75,23465.75,23305.75,23414.75,86569.0
1753988400,23415.0,23443.0,23311.25,23354.25,100816.0
1753992000,23354.25,23458.75,23290.5,23329.5,40399.0
1753999200,23308.5,23347.5,23241.75,23285.0,0.0
1754002800,23286.5,23309.5,23265.0,23297.5,7025.0
1754006400,23297.5,23303.5,23231.5,23279.5,8603.0
1754010000,23279.75,23328.75,23272.0,23322.25,7291.0
1754013600,23322.5,23340.0,23314.75,23332.5,4511.0
1754017200,23333.75,23342.5,23302.5,23305.0,3462.0
1754020800,23316.0,23321.5,23306.5,23318.5,2824.0
1754024400,23317.75,23325.0,23290.25,23292.75,2950.0
1754028000,23292.25,23296.5,23255.5,23269.75,5236.0
1754031600,23268.75,23278.5,23127.25,23169.5,18468.0
1754035200,23170.0,23172.5,23063.0,23114.0,22541.0
1754038800,23113.75,23140.25,23086.0,23127.75,12368.0
1754042400,23126.75,23127.5,23031.5,23054.75,15842.0
1754046000,23055.75,23129.5,23051.5,23126.0,12961.0
1754049600,23125.75,23167.5,23059.5,23068.25,39570.0
1754053200,23068.75,23102.25,22858.0,22883.0,118612.0
1754056800,22872.25,23017.75,22800.0,22929.75,136690.0
1754060400,22929.5,23018.75,22896.0,23006.5,70743.0
1754064000,23006.25,23045.5,22872.75,22879.0,63384.0
1754067600,22879.0,22899.75,22827.5,22845.0,60995.0
1754071200,22844.75,22942.75,22775.0,22870.25,67999.0
1754074800,22870.25,22944.5,22836.25,22881.0,79864.0
1754078400,22881.0,22894.25,22867.5,22883.75,19005.0
1754258400,22883.75,22915.75,22821.75,22908.75,7017.0
1754262000,22909.5,22931.5,22881.75,22927.25,7521.0
1754265600,22927.5,22963.75,22916.5,22956.25,7169.0
1754269200,22956.0,22973.0,22932.0,22959.75,6925.0
1754272800,22958.5,22982.25,22950.0,22978.5,4397.0
1754276400,22978.5,22988.5,22966.25,22986.75,3026.0
1754280000,22987.0,22987.75,22952.5,22970.0,3514.0
1754283600,22970.0,22996.0,22961.25,22983.0,4002.0
1754287200,22983.25,23000.5,22947.75,22990.75,6405.0
1754290800,22991.5,23044.75,22978.25,23010.75,9994.0
1754294400,23011.25,23063.25,23006.0,23061.0,8059.0
1754298000,23060.25,23077.5,23054.0,23055.25,5583.0
1754301600,23055.75,23078.0,23052.25,23061.75,6035.0
1754305200,23062.25,23076.0,23031.5,23044.75,8380.0
1754308800,23045.5,23081.5,23036.75,23076.0,9623.0
1754312400,23075.5,23257.75,23070.5,23246.5,78396.0
1754316000,23246.75,23264.25,23194.0,23215.25,68196.0
1754319600,23215.0,23263.5,23187.75,23254.0,43970.0
1754323200,23254.25,23279.5,23248.0,23270.5,32291.0
1754326800,23270.0,23285.25,23241.25,23268.0,30673.0
1754330400,23268.25,23283.75,23255.75,23261.5,26644.0
1754334000,23261.0,23307.25,23253.25,23296.75,58336.0
1754337600,23296.75,23352.5,23285.0,23350.75,23899.0
1754344800,23354.0,23360.0,23316.25,23326.75,0.0
1754348400,23327.25,23349.5,23314.75,23334.75,3661.0
1754352000,23334.0,23374.5,23313.75,23347.25,5819.0
1754355600,23346.25,23372.5,23335.0,23341.0,5064.0
1754359200,23340.25,23348.0,23332.25,23340.25,1695.0
1754362800,23341.25,23357.25,23325.0,23344.0,2627.0
1754366400,23341.25,23359.5,23337.0,23359.0,1658.0
1754370000,23359.75,23367.5,23351.25,23363.0,1959.0
1754373600,23363.5,23394.5,23356.0,23385.5,3772.0
1754377200,23386.0,23397.25,23323.5,23329.75,7406.0
1754380800,23330.5,23343.0,23313.0,23331.25,6783.0
1754384400,23332.0,23349.25,23326.0,23348.5,4917.0
1754388000,23348.5,23392.75,23344.75,23385.75,6883.0
1754391600,23384.75,23396.25,23362.0,23384.0,7955.0
1754395200,23383.75,23404.25,23343.0,23360.5,15229.0
1754398800,23360.75,23397.25,23303.5,23374.25,63738.0
1754402400,23374.0,23374.0,23138.5,23181.25,105566.0
1754406000,23180.5,23219.75,23113.5,23156.25,72579.0
1754409600,23155.75,23225.25,23137.0,23180.5,52025.0
1754413200,23180.0,23252.0,23166.75,23241.25,33968.0
1754416800,23241.0,23249.0,23115.0,23147.0,50816.0
1754420400,23147.75,23178.5,23121.25,23133.5,57121.0
1754424000,23133.75,23166.75,23084.5,23092.0,21075.0
1754431200,23091.75,23112.75,23045.5,23086.0,0.0
1754434800,23084.5,23097.5,23053.0,23053.0,4677.0
1754438400,23052.25,23094.75,23049.75,23072.5,4773.0
1754442000,23072.0,23140.25,23064.0,23136.5,5679.0
1754445600,23136.25,23168.25,23123.0,23155.75,5605.0
1754449200,23156.0,23170.0,23144.25,23166.25,3067.0
1754452800,23173.0,23173.25,23157.75,23161.0,2158.0
1754456400,23162.25,23201.75,23154.75,23184.5,3964.0
1754460000,23184.5,23207.0,23180.5,23192.25,4090.0
1754463600,23192.25,23224.0,23191.0,23220.25,6690.0
1754467200,23221.0,23227.0,23156.0,23166.25,7409.0
1754470800,23166.5,23180.25,23131.75,23146.0,6678.0
1754474400,23147.25,23156.75,23107.25,23144.0,9451.0
1754478000,23144.25,23196.75,23137.5,23176.0,9215.0
1754481600,23175.75,23186.5,23140.25,23179.0,11053.0
1754485200,23178.25,23244.5,23148.5,23201.5,78720.0
1754488800,23201.5,23287.0,23164.25,23282.25,91586.0
1754492400,23282.25,23375.5,23258.0,23368.0,76808.0
1754496000,23367.75,23389.5,23346.0,23371.0,43341.0
1754499600,23370.75,23396.5,23358.5,23373.0,28243.0
1754503200,23373.0,23435.25,23370.5,23416.0,37557.0
1754506800,23415.5,23445.25,23407.5,23423.75,50478.0
1754510400,23424.25,23425.75,23398.0,23413.25,17985.0
1754517600,23418.5,23481.0,23384.5,23461.0,0.0
1754521200,23461.0,23477.0,23444.25,23452.0,5194.0
1754524800,23451.75,23502.0,23444.25,23488.75,6661.0
1754528400,23488.0,23511.25,23478.0,23496.0,4758.0
1754532000,23495.75,23505.25,23485.25,23488.25,3663.0
1754535600,23488.25,23499.0,23483.25,23490.25,1968.0
1754539200,23493.25,23499.25,23457.25,23464.75,2989.0
1754542800,23464.25,23483.5,23454.5,23483.0,3157.0
1754546400,23482.75,23497.0,23467.5,23472.0,4075.0
1754550000,23472.0,23513.5,23470.75,23509.5,6048.0
1754553600,23508.75,23574.5,23507.5,23555.75,10892.0
1754557200,23556.5,23608.25,23537.75,23600.5,8559.0
1754560800,23602.0,23626.25,23596.5,23617.25,11004.0
1754564400,23617.75,23639.0,23580.0,23582.0,10791.0
1754568000,23581.25,23614.0,23575.75,23597.0,11471.0
1754571600,23597.75,23658.75,23570.0,23654.25,74872.0
1754575200,23654.0,23671.0,23516.0,23538.25,92658.0
1754578800,23546.25,23558.5,23477.0,23497.75,57579.0
1754582400,23497.5,23513.75,23397.0,23461.5,57670.0
1754586000,23460.25,23488.0,23381.0,23419.25,50272.0
1754589600,23418.75,23430.5,23329.0,23406.0,49120.0
1754593200,23406.5,23503.75,23379.75,23501.5,53533.0
1754596800,23501.25,23534.0,23499.25,23521.75,19571.0
1754604000,23518.25,23568.0,23516.0,23554.25,0.0
1754607600,23554.5,23557.5,23537.0,23539.25,2679.0
1754611200,23540.5,23582.75,23528.5,23572.0,5278.0
1754614800,23572.0,23578.5,23554.75,23562.5,2565.0
1754618400,23563.5,23579.5,23562.5,23575.75,1733.0
1754622000,23574.0,23577.75,23551.25,23554.0,2428.0
1754625600,23546.25,23554.25,23536.75,23542.75,2343.0
1754629200,23543.5,23554.0,23503.0,23509.0,4049.0
1754632800,23510.5,23554.5,23508.75,23537.25,3981.0
1754636400,23536.0,23550.0,23525.0,23528.25,2967.0
1754640000,23529.0,23559.75,23527.75,23553.75,3910.0
1754643600,23554.25,23578.0,23551.25,23562.25,4011.0
1754647200,23563.25,23575.75,23560.5,23566.75,3328.0
1754650800,23567.25,23582.0,23561.25,23574.25,5747.0
1754654400,23574.75,23576.25,23518.25,23533.25,13759.0
1754658000,23533.5,23649.25,23521.25,23643.5,61690.0
1754661600,23643.75,23703.0,23626.25,23652.5,78157.0
1754665200,23652.25,23681.75,23612.0,23680.5,58948.0
1754668800,23680.0,23707.5,23674.5,23677.0,40740.0
1754672400,23677.0,23703.5,23655.25,23699.75,36842.0
1754676000,23700.5,23724.0,23689.75,23711.0,32506.0
1754679600,23711.5,23721.0,23677.75,23713.75,54305.0
1754683200,23713.5,23767.75,23713.0,23713.75,19452.0
1754863200,23764.0,23770.75,23713.75,23731.75,5092.0
1754866800,23731.75,23742.25,23701.0,23708.0,3782.0
1754870400,23707.75,23737.5,23706.75,23732.0,4139.0
1754874000,23732.5,23762.5,23726.0,23757.5,4306.0
1754877600,23758.0,23770.5,23750.0,23756.75,3563.0
1754881200,23757.5,23773.0,23750.25,23756.0,3651.0
1754884800,23754.75,23758.0,23734.25,23742.0,2598.0
1754888400,23742.0,23748.75,23731.75,23738.75,2176.0
1754892000,23739.75,23760.25,23729.25,23760.25,3398.0
1754895600,23759.75,23764.25,23693.25,23706.75,5922.0
1754899200,23706.25,23709.25,23667.75,23701.5,8386.0
1754902800,23700.5,23731.75,23698.5,23723.25,4642.0
1754906400,23722.75,23744.25,23709.75,23725.5,4307.0
1754910000,23725.25,23740.5,23719.0,23735.5,4162.0
1754913600,23735.25,23756.25,23707.75,23722.5,9399.0
1754917200,23722.5,23745.25,23680.75,23744.25,58415.0
1754920800,23744.75,23767.5,23722.5,23727.0,55748.0
1754924400,23726.75,23764.25,23715.0,23764.25,47865.0
1754928000,23763.75,23804.5,23733.25,23736.5,48205.0
1754931600,23736.75,23753.0,23688.5,23697.75,37748.0
1754935200,23698.0,23701.25,23650.75,23685.75,45740.0
1754938800,23686.5,23690.0,23587.5,23638.75,61394.0
1754942400,23638.5,23648.75,23616.0,23629.5,14283.0
1754949600,23635.0,23650.0,23614.5,23641.5,0.0
1754953200,23641.0,23647.5,23625.5,23636.25,2198.0
1754956800,23636.0,23666.75,23628.0,23638.75,4311.0
1754960400,23638.5,23659.25,23631.5,23658.75,2983.0
1754964000,23659.75,23667.25,23648.25,23651.5,1836.0
1754967600,23651.25,23665.0,23651.25,23656.5,1110.0
1754971200,23651.25,23676.75,23650.25,23671.5,1600.0
1754974800,23672.0,23672.5,23596.25,23629.25,7322.0
1754978400,23630.0,23668.75,23627.5,23648.75,3414.0
1754982000,23649.0,23675.5,23638.5,23666.0,4038.0
1754985600,23665.75,23672.5,23635.0,23641.5,3214.0
1754989200,23641.25,23652.5,23634.0,23636.0,2585.0
1754992800,23636.0,23645.25,23626.0,23635.25,3284.0
1754996400,23635.5,23642.25,23608.5,23640.5,5296.0
1755000000,23641.0,23822.25,23638.75,23773.25,34623.0
1755003600,23772.5,23808.25,23649.25,23653.0,93995.0
1755007200,23653.75,23781.75,23622.0,23776.5,79264.0
1755010800,23776.75,23871.0,23773.0,23868.0,66477.0
1755014400,23867.5,23910.75,23846.25,23899.75,38453.0
1755018000,23900.25,23916.0,23885.5,23914.5,27266.0
1755021600,23914.25,23932.75,23905.5,23907.0,27203.0
1755025200,23907.0,23950.0,23902.25,23934.5,52755.0
1755028800,23934.0,23953.5,23924.25,23949.5,13527.0
1755036000,23945.0,23945.0,23925.5,23930.0,0.0
1755039600,23930.0,23970.0,23927.5,23960.25,4690.0
1755043200,23959.5,23967.25,23936.75,23941.75,5503.0
1755046800,23941.25,23948.0,23925.25,23928.5,2421.0
1755050400,23928.0,23951.5,23921.75,23945.5,3400.0
1755054000,23945.5,23958.75,23940.75,23942.75,1825.0
1755057600,23946.75,23962.75,23946.75,23956.0,1719.0
1755061200,23956.0,23960.25,23942.75,23945.0,1499.0
1755064800,23946.0,23972.75,23934.25,23959.0,2726.0
1755068400,23959.5,23991.0,23957.5,23989.5,5461.0
1755072000,23990.0,24016.5,23977.25,23994.25,6538.0
1755075600,23994.5,24009.75,23984.75,24007.0,3251.0
1755079200,24006.0,24013.25,23987.25,23993.0,3242.0
1755082800,23992.75,24003.75,23984.25,23993.75,4421.0
1755086400,23993.5,24033.25,23988.75,24019.0,9509.0
1755090000,24019.75,24068.5,24005.0,24017.25,63025.0
1755093600,24017.5,24018.25,23932.5,23959.5,81423.0
1755097200,23959.0,23961.0,23892.25,23924.75,65747.0
1755100800,23925.5,23940.0,23886.0,23899.25,36850.0
1755104400,23899.25,23947.5,23895.5,23939.0,42246.0
1755108000,23938.75,23954.25,23887.25,23933.75,39380.0
1755111600,23934.0,23958.5,23911.5,23943.0,48494.0
1755115200,23943.0,23960.0,23922.0,23927.75,12874.0
1755122400,23927.75,23951.5,23911.75,23949.0,0.0
1755126000,23948.75,23964.25,23938.25,23949.25,2375.0
1755129600,23950.0,23959.0,23930.0,23932.5,3195.0
1755133200,23932.0,23936.0,23917.0,23930.75,2846.0
1755136800,23931.25,23940.75,23924.0,23940.0,2053.0
1755140400,23939.25,23945.25,23922.0,23927.75,1514.0
1755144000,23929.25,23935.75,23920.25,23933.75,1239.0
1755147600,23933.5,23934.5,23897.75,23909.75,2484.0
1755151200,23908.25,23918.0,23899.5,23915.5,2631.0
1755154800,23915.25,23933.75,23912.0,23933.75,3158.0
1755158400,23933.75,23942.0,23920.75,23924.25,2483.0
1755162000,23923.75,23935.0,23917.0,23926.25,2529.0
1755165600,23926.25,23936.5,23918.75,23935.0,2156.0
1755169200,23934.25,23957.0,23926.75,23955.5,3902.0
1755172800,23955.0,23966.75,23793.25,23843.5,31592.0
1755176400,23843.75,23960.25,23816.5,23935.5,76346.0
1755180000,23935.75,24007.75,23904.75,23955.0,66270.0
1755183600,23955.75,23960.75,23863.25,23931.25,68110.0
1755187200,23931.5,23951.25,23864.75,23947.5,51399.0
1755190800,23947.5,23980.0,23937.5,23962.25,36233.0
1755194400,23963.0,23963.0,23893.5,23923.5,41980.0
1755198000,23924.0,23958.5,23917.0,23922.0,50509.0
1755201600,23922.0,23923.0,23870.0,23891.5,29090.0
1755208800,23888.75,23899.25,23871.0,23895.5,0.0
1755212400,23896.5,23911.0,23888.25,23888.5,2413.0
1755216000,23889.25,23913.5,23873.75,23892.0,3514.0
1755219600,23892.25,23911.5,23890.25,23903.0,2185.0
1755223200,23903.0,23927.0,23903.0,23918.5,2812.0
1755226800,23917.0,23929.5,23910.0,23927.75,1748.0
1755230400,23940.0,23946.5,23931.5,23937.75,2191.0
1755234000,23937.5,23944.75,23923.5,23941.25,1724.0
1755237600,23941.0,23960.25,23933.75,23950.25,2818.0
1755241200,23950.5,23963.0,23928.75,23940.25,3337.0
1755244800,23940.25,23953.75,23876.0,23883.5,5516.0
1755248400,23883.25,23896.75,23878.0,23879.75,4055.0
1755252000,23880.25,23919.25,23872.0,23907.5,6822.0
1755255600,23907.25,23927.25,23905.0,23920.25,3600.0
1755259200,23920.5,23921.25,23885.0,23905.25,10268.0
1755262800,23904.5,23924.25,23770.25,23807.0,74620.0
1755266400,23800.75,23881.0,23770.25,23800.5,73666.0
1755270000,23800.25,23836.25,23734.5,23787.75,57424.0
1755273600,23787.75,23826.0,23763.75,23819.0,41239.0
1755277200,23818.25,23843.25,23786.0,23839.75,35406.0
1755280800,23839.75,23847.5,23790.0,23811.5,33717.0
1755284400,23811.0,23830.5,23775.75,23806.0,49932.0
1755288000,23806.0,23811.25,23777.75,23804.0,12637.0
1755468000,23795.0,23853.5,23795.0,23847.75,3798.0
1755471600,23848.0,23860.0,23840.5,23851.0,2832.0
1755475200,23850.75,23867.0,23845.75,23857.0,3027.0
1755478800,23857.25,23881.25,23855.25,23881.25,2836.0
1755482400,23881.0,23881.75,23867.75,23877.25,1846.0
1755486000,23877.25,23879.25,23856.0,23862.0,1574.0
1755489600,23857.25,23860.0,23845.25,23849.0,2332.0
1755493200,23849.25,23858.5,23841.75,23852.0,2107.0
1755496800,23852.0,23854.75,23771.25,23802.25,7141.0
1755500400,23803.0,23816.25,23780.75,23806.25,6543.0
1755504000,23805.5,23811.5,23743.5,23778.5,8120.0
1755507600,23778.25,23781.0,23739.5,23759.5,4157.0
1755511200,23758.75,23792.0,23756.75,23788.0,3559.0
1755514800,23788.25,23791.0,23746.75,23770.75,5784.0
1755518400,23770.25,23777.0,23746.25,23775.5,6943.0
1755522000,23775.0,23817.25,23735.0,23749.0,61996.0
1755525600,23749.25,23824.25,23719.0,23778.0,74420.0
1755529200,23777.5,23784.25,23728.75,23747.75,40483.0
1755532800,23747.25,23780.5,23722.5,23735.0,37598.0
1755536400,23735.25,23800.0,23733.0,23760.0,36493.0
1755540000,23761.25,23802.0,23748.25,23795.5,30017.0
1755543600,23795.75,23816.25,23784.5,23796.25,41496.0
1755547200,23796.5,23806.25,23783.75,23788.0,11051.0
1755554400,23800.75,23838.0,23792.25,23820.25,0.0
1755558000,23820.25,23824.5,23802.0,23804.75,1912.0
1755561600,23805.5,23805.5,23761.0,23780.75,4566.0
1755565200,23782.75,23792.25,23770.5,23771.0,3279.0
1755568800,23770.75,23784.75,23762.25,23764.0,2680.0
1755572400,23764.25,23787.5,23750.5,23755.5,3328.0
1755576000,23748.0,23761.25,23738.5,23757.75,2966.0
1755579600,23757.75,23763.75,23730.75,23736.0,3050.0
1755583200,23735.5,23766.75,23734.0,23763.25,2864.0
1755586800,23763.25,23772.25,23755.5,23770.25,3587.0
1755590400,23770.0,23787.75,23745.5,23786.75,4297.0
1755594000,23786.25,23804.75,23781.75,23787.25,3893.0
1755597600,23787.75,23790.75,23751.0,23763.75,6398.0
1755601200,23763.5,23777.75,23754.5,23775.25,4713.0
1755604800,23774.5,23783.0,23739.0,23744.0,10372.0
1755608400,23744.0,23770.5,23638.5,23678.75,86508.0
1755612000,23677.75,23728.75,23540.0,23540.75,105329.0
1755615600,23541.0,23589.5,23514.5,23559.25,59779.0
1755619200,23558.75,23577.75,23472.75,23482.25,60694.0
1755622800,23482.75,23517.25,23445.0,23506.75,49834.0
1755626400,23507.0,23508.0,23444.25,23462.25,45069.0
1755630000,23462.0,23477.0,23426.0,23470.5,62476.0
1755633600,23470.25,23487.5,23463.5,23473.5,16542.0
1755640800,23461.0,23485.5,23450.0,23458.25,0.0
1755644400,23458.25,23467.5,23413.5,23422.0,5785.0
1755648000,23423.25,23424.0,23396.75,23415.25,6676.0
1755651600,23414.0,23424.75,23372.0,23380.25,7648.0
1755655200,23374.5,23394.5,23368.0,23392.5,4769.0
1755658800,23392.0,23395.5,23336.5,23345.75,5916.0
1755662400,23351.5,23368.5,23344.75,23352.25,4605.0
1755666000,23351.75,23366.75,23334.25,23365.5,3830.0
1755669600,23365.0,23392.0,23344.25,23388.75,6873.0
1755673200,23388.5,23430.0,23386.0,23399.5,8367.0
1755676800,23399.75,23421.5,23371.25,23414.25,8552.0
1755680400,23414.75,23439.75,23406.75,23432.5,6196.0
1755684000,23433.25,23442.0,23403.75,23425.25,5840.0
1755687600,23425.0,23452.0,23385.75,23414.25,10702.0
1755691200,23413.25,23436.25,23396.5,23426.75,11642.0
1755694800,23427.0,23432.0,23146.0,23173.25,104943.0
1755698400,23174.0,23215.0,23035.0,23057.0,139664.0
1755702000,23057.75,23266.0,23046.0,23171.75,100013.0
1755705600,23171.25,23305.0,23168.75,23234.0,64226.0
1755709200,23233.5,23315.5,23225.25,23264.75,53457.0
1755712800,23264.5,23281.0,23191.0,23243.75,57963.0
1755716400,23243.75,23368.75,23243.75,23335.25,57895.0
1755720000,23322.5,23325.25,23307.0,23319.0,25073.0
1755727200,23323.0,23342.5,23313.25,23320.0,0.0
1755730800,23319.75,23330.0,23305.75,23318.5,3026.0
1755734400,23318.5,23323.5,23268.5,23292.25,6250.0
1755738000,23291.5,23355.0,23267.25,23353.75,6648.0
1755741600,23353.0,23369.25,23341.5,23354.5,4967.0
1755745200,23354.25,23360.25,23336.25,23344.5,2143.0
1755748800,23336.25,23346.75,23330.0,23340.25,2356.0
1755752400,23340.0,23349.0,23311.25,23340.75,3224.0
1755756000,23340.75,23368.0,23331.75,23355.5,4239.0
1755759600,23354.0,23359.25,23322.0,23343.0,5205.0
1755763200,23343.5,23357.25,23295.25,23298.25,5912.0
1755766800,23297.75,23328.75,23290.0,23304.75,4705.0
1755770400,23304.5,23318.0,23273.0,23312.5,5894.0
1755774000,23312.0,23334.25,23264.5,23281.0,8836.0
1755777600,23281.5,23281.5,23215.25,23224.0,16738.0
1755781200,23223.5,23290.25,23175.75,23187.5,80055.0
1755784800,23184.5,23348.25,23156.0,23295.0,82375.0
1755788400,23295.0,23312.75,23191.25,23204.25,68188.0
1755792000,23204.5,23213.75,23150.5,23161.25,51967.0
1755795600,23161.75,23224.25,23119.0,23215.0,54945.0
1755799200,23214.5,23235.0,23179.5,23225.5,39726.0
1755802800,23225.0,23255.25,23203.75,23218.5,46935.0
1755806400,23218.0,23226.25,23200.0,23221.75,12555.0
1755813600,23225.25,23250.25,23223.25,23244.5,0.0
1755817200,23244.0,23252.5,23231.0,23248.25,2116.0
1755820800,23249.5,23250.0,23181.25,23212.5,5942.0
1755824400,23214.0,23221.75,23192.25,23207.0,3237.0
1755828000,23206.75,23233.5,23203.0,23206.75,2537.0
1755831600,23207.0,23211.0,23191.75,23194.25,2302.0
1755835200,23202.0,23215.75,23201.25,23209.5,1130.0
1755838800,23209.75,23212.25,23181.0,23191.25,2316.0
1755842400,23191.0,23191.5,23076.75,23139.5,8687.0
1755846000,23139.25,23200.25,23134.25,23196.5,5819.0
1755849600,23196.25,23256.5,23191.0,23253.0,6859.0
1755853200,23254.0,23254.25,23230.75,23251.75,2900.0
1755856800,23253.25,23274.75,23251.0,23265.5,3692.0
1755860400,23265.75,23280.75,23240.75,23253.25,4542.0
1755864000,23252.25,23275.0,23239.5,23242.75,7068.0
1755867600,23242.0,23342.25,23205.5,23268.5,58659.0
1755871200,23269.0,23647.25,23269.0,23603.0,119587.0
1755874800,23603.75,23650.0,23565.0,23569.0,52697.0
1755878400,23569.25,23591.5,23507.25,23528.5,46495.0
1755882000,23528.0,23625.0,23527.75,23605.75,42420.0
1755885600,23606.25,23616.75,23582.25,23586.5,28909.0
1755889200,23586.0,23593.75,23531.25,23565.75,55834.0
1755892800,23565.5,23587.5,23549.5,23569.75,13605.0
1756072800,23602.0,23607.5,23545.0,23572.5,5293.0
1756076400,23571.25,23589.25,23561.25,23574.75,4297.0
1756080000,23575.25,23598.0,23550.0,23556.25,5585.0
1756083600,23556.0,23558.5,23534.0,23534.25,3479.0
1756087200,23535.5,23550.0,23522.75,23524.75,4062.0
1756090800,23523.5,23552.25,23520.5,23548.75,3201.0
1756094400,23547.0,23559.5,23543.75,23554.75,2185.0
1756098000,23554.75,23568.0,23550.5,23565.5,2392.0
1756101600,23565.5,23568.25,23519.0,23522.25,3764.0
1756105200,23522.5,23536.25,23507.75,23526.25,4920.0
1756108800,23526.25,23537.5,23507.0,23510.0,5082.0
1756112400,23509.25,23513.75,23485.75,23504.0,5689.0
1756116000,23504.25,23504.5,23462.0,23480.25,7927.0
1756119600,23480.75,23501.0,23470.0,23497.5,4702.0
1756123200,23497.5,23498.0,23462.75,23479.25,10116.0
1756126800,23479.25,23519.5,23443.25,23519.25,66097.0
1756130400,23519.0,23574.25,23505.0,23571.0,67786.0
1756134000,23570.75,23616.25,23564.25,23601.25,44511.0
1756137600,23600.75,23613.75,23588.75,23596.25,24961.0
1756141200,23596.25,23598.0,23557.25,23578.0,28645.0
1756144800,23578.5,23583.75,23549.25,23552.5,27004.0
1756148400,23552.25,23573.5,23489.0,23495.5,49829.0
1756152000,23495.25,23518.5,23485.75,23502.25,14450.0
1756159200,23505.75,23520.25,23499.0,23511.75,0.0
1756162800,23512.25,23516.25,23488.25,23496.5,3177.0
1756166400,23496.0,23509.75,23371.5,23417.0,21627.0
1756170000,23417.5,23456.25,23410.0,23425.25,7846.0
1756173600,23425.25,23475.25,23423.0,23448.75,4874.0
1756177200,23449.25,23457.5,23440.25,23451.75,2246.0
1756180800,23456.5,23460.25,23440.75,23456.0,2157.0
1756184400,23456.25,23484.25,23455.75,23476.75,2883.0
1756188000,23476.25,23483.75,23443.25,23454.75,4161.0
1756191600,23453.75,23461.75,23415.25,23442.5,8623.0
1756195200,23443.25,23474.0,23440.0,23459.0,4426.0
1756198800,23459.25,23479.25,23452.75,23473.5,3165.0
1756202400,23474.5,23505.5,23470.75,23491.0,4737.0
1756206000,23491.5,23494.75,23444.25,23470.5,6512.0
1756209600,23469.0,23480.5,23439.5,23471.0,8933.0
1756213200,23471.0,23518.5,23427.0,23494.75,73704.0
1756216800,23494.75,23553.75,23483.5,23522.25,66344.0
1756220400,23521.75,23537.5,23493.25,23517.75,40139.0
1756224000,23517.5,23556.75,23517.5,23539.5,30060.0
1756227600,23539.25,23544.0,23479.0,23502.75,33908.0
1756231200,23502.75,23556.0,23498.75,23550.0,30932.0
1756234800,23549.75,23600.0,23534.5,23586.75,60985.0
1756238400,23586.75,23611.0,23583.25,23607.5,13812.0
1756245600,23604.0,23622.75,23601.25,23616.0,0.0
1756249200,23615.5,23624.25,23609.5,23614.0,2088.0
1756252800,23614.5,23617.0,23594.0,23598.25,2687.0
1756256400,23598.5,23628.75,23598.0,23627.25,3349.0
1756260000,23627.75,23628.5,23609.0,23611.75,2434.0
1756263600,23611.25,23621.25,23609.25,23613.25,1384.0
1756267200,23608.75,23621.5,23607.5,23616.75,1424.0
1756270800,23616.75,23617.25,23591.5,23600.25,2275.0
1756274400,23600.75,23619.0,23595.5,23602.25,2880.0
1756278000,23602.75,23615.0,23575.5,23594.25,5634.0
1756281600,23595.25,23599.0,23567.5,23586.75,4265.0
1756285200,23587.25,23602.25,23585.25,23596.5,2739.0
1756288800,23597.0,23606.75,23591.25,23600.5,2550.0
1756292400,23600.0,23614.75,23596.75,23607.75,3139.0
1756296000,23608.0,23621.0,23563.5,23582.25,12199.0
1756299600,23581.5,23586.0,23487.5,23535.5,73556.0
1756303200,23534.75,23616.0,23526.5,23600.0,59880.0
1756306800,23600.75,23630.75,23572.25,23623.25,40133.0
1756310400,23623.25,23624.25,23542.0,23600.0,49041.0
1756314000,23600.5,23624.5,23587.25,23621.25,23758.0
1756317600,23621.25,23657.5,23613.25,23626.75,30144.0
1756321200,23626.5,23646.75,23553.5,23620.0,58390.0
1756324800,23620.25,23689.0,23434.75,23542.0,42541.0
1756332000,23542.25,23550.25,23498.0,23518.5,0.0
1756335600,23518.25,23525.5,23502.0,23508.5,2634.0
1756339200,23507.75,23523.75,23487.5,23520.5,5513.0
1756342800,23521.0,23552.5,23518.0,23547.75,3617.0
1756346400,23548.25,23564.5,23545.25,23555.5,3068.0
1756350000,23555.0,23584.25,23554.25,23577.25,3786.0
1756353600,23561.5,23575.0,23557.75,23561.75,2612.0
1756357200,23561.25,23567.25,23540.75,23542.5,2725.0
1756360800,23543.0,23612.25,23539.75,23606.5,5578.0
1756364400,23606.75,23635.5,23603.0,23632.25,6436.0
1756368000,23631.25,23662.0,23615.0,23617.0,8617.0
1756371600,23616.0,23628.25,23608.75,23615.0,4233.0
1756375200,23614.25,23626.25,23597.75,23612.25,3754.0
1756378800,23611.0,23618.75,23582.75,23617.75,6572.0
1756382400,23617.75,23653.75,23593.5,23633.25,20489.0
1756386000,23634.0,23742.25,23572.5,23609.25,96428.0
1756389600,23608.5,23730.0,23593.25,23714.25,84159.0
1756393200,23714.5,23752.75,23665.0,23687.5,58333.0
1756396800,23688.0,23766.0,23682.5,23732.0,39776.0
1756400400,23732.25,23773.25,23722.25,23766.75,28370.0
1756404000,23766.25,23792.5,23761.5,23789.0,24955.0
1756407600,23788.5,23803.75,23765.0,23766.5,47107.0
1756411200,23766.75,23774.0,23744.75,23762.0,14939.0
1756418400,23760.5,23762.0,23735.0,23741.5,0.0
1756422000,23740.75,23752.75,23737.0,23747.25,2087.0
1756425600,23747.5,23755.75,23738.25,23746.5,2617.0
1756429200,23746.25,23751.75,23729.75,23733.0,3100.0
1756432800,23732.0,23733.25,23717.75,23726.25,2517.0
1756436400,23726.75,23741.0,23724.0,23727.75,2131.0
1756440000,23723.25,23727.0,23718.25,23720.0,1272.0
1756443600,23720.75,23728.0,23714.25,23723.75,1768.0
1756447200,23724.75,23733.75,23713.75,23717.0,3301.0
1756450800,23717.5,23737.0,23683.25,23684.5,5720.0
1756454400,23685.0,23697.0,23625.0,23632.25,10706.0
1756458000,23632.75,23658.5,23612.5,23646.0,7206.0
1756461600,23646.25,23662.25,23623.0,23636.5,5252.0
1756465200,23636.25,23654.5,23630.75,23639.25,5432.0
1756468800,23639.5,23681.5,23621.75,23666.5,14687.0
1756472400,23665.5,23670.25,23507.25,23514.5,82726.0
1756476000,23507.0,23515.75,23415.25,23435.5,121274.0
1756479600,23434.25,23498.75,23425.0,23431.75,51673.0
1756483200,23431.5,23492.0,23428.75,23477.75,36798.0
1756486800,23477.75,23477.75,23397.5,23459.5,48410.0
1756490400,23459.25,23467.25,23433.5,23459.0,30302.0
1756494000,23459.0,23495.25,23426.0,23473.25,65960.0
1756497600,23473.0,23488.5,23452.25,23461.75,20686.0
1756785600,23440.5,23451.0,23427.75,23437.5,61020.0
1756789200,23438.25,23439.0,23404.75,23412.75,4112.0
1756792800,23412.75,23448.0,23407.25,23447.75,3601.0
1756796400,23448.0,23452.0,23270.0,23278.25,16792.0
1756800000,23278.5,23333.5,23267.75,23310.5,11445.0
1756803600,23310.75,23331.5,23291.25,23292.0,4928.0
1756807200,23292.0,23311.0,23231.75,23252.75,10247.0
1756810800,23254.5,23260.25,23218.75,23224.75,10595.0
1756814400,23224.25,23224.25,23060.5,23095.5,36199.0
1756818000,23096.25,23260.75,23025.25,23237.5,106384.0
1756821600,23230.0,23280.0,23135.5,23161.75,97232.0
1756825200,23162.25,23179.5,23027.0,23048.75,70503.0
1756828800,23047.75,23131.0,23037.75,23126.75,48937.0
1756832400,23126.5,23225.5,23104.5,23189.25,54525.0
1756836000,23189.0,23232.75,23157.5,23189.0,43970.0
1756839600,23189.0,23290.25,23188.5,23277.0,63684.0
1756843200,23277.0,23386.0,23269.75,23379.5,39391.0
1756850400,23382.0,23387.75,23335.25,23341.5,0.0
1756854000,23341.5,23345.5,23326.75,23334.0,3485.0
1756857600,23333.75,23340.75,23316.75,23331.5,6584.0
1756861200,23331.0,23340.25,23311.25,23336.5,3866.0
1756864800,23336.0,23339.0,23312.5,23322.25,2533.0
1756868400,23321.75,23333.0,23298.25,23325.0,5404.0
1756872000,23326.75,23336.0,23319.0,23331.0,1977.0
1756875600,23331.25,23336.75,23308.0,23317.0,4223.0
1756879200,23316.0,23365.5,23309.5,23345.5,6020.0
1756882800,23345.75,23382.75,23320.5,23375.75,7412.0
1756886400,23376.0,23431.25,23370.25,23419.25,9453.0
1756890000,23418.75,23444.25,23398.5,23438.0,5180.0
1756893600,23437.5,23448.0,23423.25,23441.5,4882.0
1756897200,23441.0,23458.5,23408.25,23415.5,10447.0
1756900800,23416.75,23448.0,23399.75,23423.0,12123.0
1756904400,23422.25,23457.0,23370.0,23384.25,74685.0
1756908000,23380.0,23525.25,23372.5,23504.75,87325.0
1756911600,23504.5,23515.0,23400.25,23415.5,70567.0
1756915200,23415.0,23464.0,23391.5,23410.75,49441.0
1756918800,23411.0,23462.0,23346.75,23364.75,58530.0
1756922400,23365.25,23366.0,23318.25,23342.5,48482.0
1756926000,23342.5,23455.0,23330.0,23452.25,60414.0
1756929600,23452.0,23471.75,23447.5,23455.75,18626.0
1756936800,23456.75,23458.25,23434.25,23434.75,0.0
1756940400,23435.0,23457.25,23431.75,23438.5,2265.0
1756944000,23437.5,23515.0,23431.25,23502.5,7603.0
1756947600,23503.75,23509.75,23484.75,23498.25,3547.0
1756951200,23498.25,23532.0,23475.75,23480.25,5222.0
1756954800,23480.5,23484.0,23459.0,23467.75,3120.0
1756958400,23479.25,23495.0,23478.75,23491.0,2747.0
1756962000,23490.5,23502.75,23459.75,23469.0,3135.0
1756965600,23467.75,23482.25,23452.75,23454.0,3966.0
1756969200,23454.5,23497.5,23451.0,23488.75,6580.0
1756972800,23488.25,23509.75,23476.75,23496.5,5656.0
1756976400,23497.75,23518.0,23491.5,23515.5,2721.0
1756980000,23516.25,23535.0,23503.0,23509.0,5516.0
1756983600,23509.0,23520.75,23480.0,23497.5,5731.0
1756987200,23496.5,23522.75,23469.5,23485.25,12884.0
1756990800,23485.0,23548.25,23457.25,23470.5,72744.0
1756994400,23477.5,23530.25,23410.0,23522.25,88845.0
1756998000,23522.0,23556.0,23492.25,23538.75,57410.0
1757001600,23538.5,23565.25,23512.5,23538.25,38180.0
1757005200,23538.5,23608.25,23536.5,23583.75,39082.0
1757008800,23583.25,23625.0,23582.5,23620.25,29967.0
1757012400,23620.0,23680.0,23616.5,23666.0,54017.0
1757016000,23666.25,23708.75,23658.5,23684.0,21914.0
1757023200,23700.0,23713.75,23691.75,23706.75,0.0
1757026800,23707.0,23716.25,23704.5,23706.75,2801.0
1757030400,23706.0,23731.75,23701.25,23729.25,3959.0
1757034000,23729.0,23739.75,23722.25,23734.75,2524.0
1757037600,23734.5,23742.0,23716.25,23737.0,2507.0
1757041200,23736.0,23742.75,23726.0,23742.5,1731.0
1757044800,23743.5,23751.75,23743.0,23744.5,1833.0
1757048400,23745.0,23770.75,23740.75,23761.5,2779.0
1757052000,23761.5,23788.0,23759.25,23772.0,3533.0
1757055600,23771.75,23776.0,23743.5,23756.5,5753.0
1757059200,23755.75,23787.25,23749.0,23787.0,4690.0
1757062800,23787.5,23791.75,23777.5,23783.75,4252.0
1757066400,23783.5,23789.5,23774.0,23776.75,3233.0
1757070000,23776.25,23800.0,23768.25,23769.25,6609.0
1757073600,23769.75,23875.0,23725.5,23873.75,35696.0
1757077200,23873.75,23902.0,23821.75,23852.5,104799.0
1757080800,23852.75,23853.5,23544.75,23547.75,160444.0
1757084400,23547.75,23669.0,23505.0,23619.0,95577.0
1757088000,23618.5,23658.75,23595.0,23654.5,52664.0
1757091600,23654.0,23663.75,23585.75,23613.5,46792.0
1757095200,23614.25,23664.0,23603.25,23657.25,35433.0
1757098800,23657.0,23694.25,23641.25,23690.75,69086.0
1757102400,23690.5,23696.25,23666.75,23673.25,13887.0
1757282400,23673.5,23748.0,23650.25,23740.75,7740.0
1757286000,23740.75,23784.25,23740.75,23778.0,6613.0
1757289600,23778.25,23791.25,23764.0,23764.25,5675.0
1757293200,23764.75,23779.75,23757.0,23767.75,3849.0
1757296800,23768.25,23770.75,23736.0,23741.25,3471.0
1757300400,23741.75,23763.5,23741.25,23756.75,2388.0
1757304000,23754.0,23755.5,23724.5,23734.0,2750.0
1757307600,23734.75,23751.25,23729.5,23731.5,2276.0
1757311200,23730.5,23763.0,23730.25,23753.0,3468.0
1757314800,23753.25,23781.5,23750.75,23753.5,4674.0
1757318400,23753.25,23768.5,23741.5,23765.0,3300.0
1757322000,23765.0,23786.0,23755.0,23780.25,2868.0
1757325600,23781.25,23790.0,23769.25,23771.5,3213.0
1757329200,23771.5,23782.25,23760.5,23762.75,4208.0
1757332800,23762.5,23779.5,23743.5,23779.0,8478.0
1757336400,23778.25,23876.25,23767.0,23846.0,80213.0
1757340000,23846.25,23888.0,23806.25,23859.5,74558.0
1757343600,23859.5,23884.75,23829.75,23872.5,47238.0
1757347200,23873.0,23873.75,23790.0,23811.75,47537.0
1757350800,23811.5,23817.0,23762.75,23782.25,37373.0
1757354400,23782.75,23819.75,23772.25,23793.75,32263.0
1757358000,23793.75,23812.5,23760.0,23803.0,56239.0
1757361600,23803.25,23810.25,23791.75,23798.5,12095.0
1757368800,23799.0,23829.0,23798.0,23825.25,0.0
1757372400,23825.75,23830.25,23803.75,23808.0,2491.0
1757376000,23807.5,23826.75,23802.5,23807.75,2572.0
1757379600,23806.75,23818.25,23790.75,23813.75,2680.0
1757383200,23814.0,23848.25,23814.0,23827.75,4005.0
1757386800,23828.0,23842.25,23826.25,23837.75,2150.0
1757390400,23836.75,23840.5,23830.5,23838.0,1747.0
1757394000,23836.5,23842.25,23814.75,23834.5,3796.0
1757397600,23835.0,23855.75,23830.75,23849.5,5060.0
1757401200,23850.5,23874.5,23846.5,23855.5,5917.0
1757404800,23855.0,23857.25,23834.0,23843.25,4732.0
1757408400,23843.75,23856.0,23835.75,23844.25,2874.0
1757412000,23844.5,23860.25,23837.75,23845.5,3654.0
1757415600,23845.25,23853.25,23811.75,23849.75,7523.0
1757419200,23849.5,23857.25,23833.0,23839.75,7047.0
1757422800,23839.25,23857.5,23800.25,23815.0,67271.0
1757426400,23815.5,23850.75,23726.0,23785.75,102289.0
1757430000,23785.75,23812.75,23752.0,23784.5,55653.0
1757433600,23784.5,23833.75,23781.5,23821.5,38033.0
1757437200,23821.25,23855.5,23821.0,23839.5,37997.0
1757440800,23839.5,23849.0,23823.5,23843.75,31142.0
1757444400,23843.5,23890.0,23834.75,23867.25,49838.0
1757448000,23867.5,23921.25,23850.75,23889.75,27685.0
1757455200,23898.5,23911.5,23890.0,23895.75,0.0
1757458800,23896.25,23898.0,23874.0,23885.75,3828.0
1757462400,23884.75,23899.5,23881.25,23886.0,2907.0
1757466000,23886.25,23906.25,23878.0,23903.0,2933.0
1757469600,23903.5,23917.75,23897.25,23911.0,2263.0
1757473200,23911.0,23918.75,23910.75,23917.25,1200.0
1757476800,23919.25,23925.0,23917.0,23922.0,1381.0
1757480400,23921.5,23928.75,23912.0,23918.5,3297.0
1757484000,23919.5,23948.75,23912.5,23944.25,5865.0
1757487600,23943.25,23954.0,23935.25,23938.0,4549.0
1757491200,23938.0,23940.0,23887.25,23895.75,7850.0
1757494800,23896.25,23910.25,23882.25,23909.25,4210.0
1757498400,23908.0,23926.75,23903.5,23924.75,3982.0
1757502000,23925.0,23957.5,23922.5,23948.25,6475.0
1757505600,23948.5,24044.25,23926.5,24004.25,23654.0
1757509200,24004.25,24015.0,23905.0,23929.5,91619.0
1757512800,23930.75,23991.0,23924.75,23967.0,76065.0
1757516400,23966.75,23979.0,23922.5,23950.0,56204.0
1757520000,23950.25,23950.75,23897.25,23924.5,40750.0
1757523600,23924.0,23940.25,23872.5,23897.25,43537.0
1757527200,23897.75,23899.75,23835.75,23862.25,43354.0
1757530800,23862.5,23893.0,23785.0,23874.0,72234.0
1757534400,23874.25,23885.25,23857.25,23858.0,13167.0
1757541600,23853.75,23908.75,23852.75,23897.0,0.0
1757545200,23897.0,23915.0,23892.5,23901.0,2816.0
1757548800,23900.25,23912.25,23871.5,23904.5,3617.0
1757552400,23904.25,23916.75,23899.0,23908.0,2390.0
1757556000,23907.0,23916.0,23899.75,23908.0,1878.0
1757559600,23907.5,23919.0,23905.25,23913.0,1567.0
1757563200,23914.75,23914.75,23877.5,23879.5,2666.0
1757566800,23880.0,23896.25,23871.0,23885.75,2929.0
1757570400,23885.0,23923.0,23878.75,23918.25,4058.0
1757574000,23918.25,23935.75,23906.5,23931.5,3755.0
1757577600,23931.5,23942.25,23917.25,23922.0,3635.0
1757581200,23922.5,23929.75,23908.0,23920.0,2647.0
1757584800,23920.0,23950.0,23918.25,23946.0,3419.0
1757588400,23946.75,23956.0,23939.0,23946.25,3621.0
1757592000,23946.0,23976.0,23838.0,23959.75,28678.0
1757595600,23959.0,23997.5,23909.75,23979.25,81551.0
1757599200,23978.75,24020.0,23947.0,24003.5,81947.0
1757602800,24003.25,24046.0,24000.5,24024.75,54166.0
1757606400,24024.5,24043.5,23994.0,24008.5,33124.0
1757610000,24009.0,24033.75,23997.25,24032.25,32894.0
1757613600,24032.75,24044.5,24014.25,24033.75,26548.0
1757617200,24033.75,24044.0,24007.75,24011.75,43134.0
1757620800,24011.5,24023.75,24003.75,24006.75,14558.0
1757628000,24028.25,24029.25,24001.0,24013.75,0.0
1757631600,24013.5,24025.75,24005.0,24020.25,2057.0
1757635200,24019.75,24022.75,24006.25,24009.5,3165.0
1757638800,24010.5,24017.75,24001.25,24004.5,2496.0
1757642400,24005.25,24007.25,23992.0,24003.0,2548.0
1757646000,24004.0,24009.25,24000.0,24007.75,1335.0
1757649600,24012.0,24025.25,24012.0,24019.5,1907.0
1757653200,24020.25,24039.75,24018.25,24034.0,2351.0
1757656800,24035.0,24035.75,24006.25,24023.5,3545.0
1757660400,24023.0,24031.5,24006.75,24011.0,4258.0
1757664000,24010.0,24018.5,23969.0,24002.75,6985.0
1757667600,24002.25,24018.75,23996.25,24010.5,3163.0
1757671200,24010.75,24023.75,24005.5,24023.25,3212.0
1757674800,24023.0,24048.75,24009.5,24044.5,6212.0
1757678400,24044.5,24047.0,24015.0,24042.0,10104.0
1757682000,24041.75,24064.5,24001.5,24042.5,62599.0
1757685600,24049.25,24115.25,24023.25,24106.0,68101.0
1757689200,24106.25,24111.5,24072.25,24090.75,46471.0
1757692800,24090.75,24122.0,24071.75,24110.75,39012.0
1757696400,24111.25,24128.25,24091.5,24123.75,27668.0
1757700000,24123.75,24159.0,24113.0,24154.0,36403.0
1757703600,24154.0,24157.75,24087.5,24109.5,65697.0
1757707200,24109.5,24119.25,24097.0,24115.25,14716.0
1757887200,24115.25,24129.5,24099.75,24124.5,2688.0
1757890800,24124.5,24128.5,24100.0,24110.75,2129.0
1757894400,24111.0,24115.0,24092.0,24109.0,2819.0
1757898000,24110.5,24118.5,24105.25,24114.0,1294.0
1757901600,24114.0,24123.25,24108.25,24118.25,1528.0
1757905200,24118.5,24131.0,24116.5,24121.5,1702.0
1757908800,24121.25,24133.0,24120.5,24130.75,891.0
1757912400,24131.5,24144.0,24123.0,24139.5,1446.0
1757916000,24140.25,24150.0,24132.25,24147.0,2351.0
1757919600,24146.0,24154.75,24138.0,24138.75,3886.0
1757923200,24140.0,24141.75,24076.0,24095.75,9598.0
1757926800,24094.75,24100.0,24080.25,24097.0,3893.0
1757930400,24095.5,24133.25,24092.25,24127.0,3978.0
1757934000,24128.5,24147.75,24125.75,24144.5,3824.0
1757937600,24143.25,24174.25,24139.5,24173.0,9168.0
1757941200,24172.75,24262.25,24162.25,24260.5,57578.0
1757944800,24260.5,24265.25,24227.75,24262.0,68562.0
1757948400,24262.0,24289.75,24240.25,24279.75,45428.0
1757952000,24280.0,24295.0,24261.0,24266.0,31350.0
1757955600,24266.0,24288.5,24248.75,24286.75,27244.0
1757959200,24286.5,24290.5,24245.0,24270.75,31834.0
1757962800,24271.25,24315.5,24261.75,24311.75,36423.0
1757966400,24311.75,24314.25,24286.0,24296.5,9337.0
1757973600,24290.0,24295.75,24284.25,24288.75,0.0
1757977200,24289.5,24292.5,24289.25,24290.5,76.0
1757980800,24302.5,24303.25,24300.25,24302.75,2689.0
1757984400,24303.0,24320.25,24300.5,24314.0,1697.0
1757988000,24314.5,24342.25,24312.25,24328.5,1823.0
1757991600,24329.75,24345.5,24328.5,24344.5,1284.0
1757995200,24339.75,24343.0,24334.75,24336.0,896.0
1757998800,24340.5,24360.0,24337.75,24353.0,1143.0
1758002400,24353.75,24361.25,24343.5,24346.0,1303.0
1758006000,24346.75,24375.0,24340.5,24360.25,2785.0
1758009600,24359.0,24403.5,24359.0,24396.0,5037.0
1758013200,24396.0,24401.25,24373.0,24381.75,3256.0
1758016800,24381.75,24386.5,24374.5,24380.25,4245.0
1758020400,24380.5,24380.75,24354.25,24361.0,6400.0
1758024000,24361.5,24364.5,24341.5,24353.0,10018.0
1758027600,24353.0,24366.0,24280.5,24294.0,32164.0
1758031200,24292.5,24318.0,24279.5,24295.25,31551.0
1758034800,24295.5,24300.5,24261.25,24267.25,26706.0
1758038400,24267.75,24291.75,24258.25,24283.0,17454.0
1758042000,24282.75,24305.25,24282.0,24294.0,12967.0
1758045600,24294.25,24310.5,24283.75,24308.25,12121.0
1758049200,24308.75,24563.0,24279.25,24524.25,240907.0
1758052800,24524.25,24543.25,24283.25,24292.5,11917.0
1758060000,24526.75,24551.75,24287.25,24546.0,0.0
1758063600,24307.5,24550.25,24306.25,24543.5,1314.0
1758067200,24543.0,24549.75,24309.25,24540.25,2436.0
1758070800,24541.0,24547.25,24528.75,24531.25,1972.0
1758074400,24530.5,24532.75,24513.0,24523.75,2578.0
1758078000,24523.75,24526.0,24517.25,24518.0,1255.0
1758081600,24518.25,24521.75,24507.75,24518.75,1430.0
1758085200,24519.25,24527.0,24497.5,24518.5,2527.0
1758088800,24518.5,24534.75,24288.75,24532.25,2773.0
1758092400,24531.75,24553.0,24524.5,24550.0,4020.0
1758096000,24550.0,24550.5,24456.25,24513.0,13167.0
1758099600,24513.75,24528.5,24506.5,24511.5,5441.0
1758103200,24511.75,24520.5,24490.0,24500.0,4780.0
1758106800,24500.5,24516.25,24486.5,24502.5,6366.0
1758110400,24502.5,24526.0,24498.5,24524.75,8346.0
1758114000,24524.5,24540.75,24251.5,24477.25,67826.0
1758117600,24477.5,24481.0,24410.0,24420.25,69212.0
1758121200,24420.25,24445.0,24398.0,24411.25,44713.0
1758124800,24410.75,24422.0,24374.75,24389.75,36968.0
1758128400,24389.75,24461.25,24388.0,24455.5,30803.0
1758132000,24455.75,24524.0,24242.0,24393.0,155132.0
1758135600,24392.25,24550.5,24382.75,24475.25,122951.0
1758139200,24475.0,24523.75,24472.25,24502.0,17895.0
1758146400,24498.5,24574.25,24495.25,24567.5,0.0
1758150000,24567.5,24589.0,24567.5,24583.5,4340.0
1758153600,24584.25,24584.25,24332.25,24564.5,4345.0
1758157200,24564.25,24598.0,24560.5,24593.0,4246.0
1758160800,24592.0,24623.25,24587.0,24620.75,3674.0
1758164400,24620.75,24645.0,24620.0,24638.25,5372.0
1758168000,24631.0,24653.25,24631.0,24646.0,3198.0
1758171600,24645.5,24650.75,24611.0,24615.0,3453.0
1758175200,24614.5,24625.75,24348.0,24624.5,5727.0
1758178800,24625.25,24670.75,24619.75,24663.5,8086.0
1758182400,24663.5,24732.75,24656.25,24727.5,10872.0
1758186000,24728.75,24732.25,24708.25,24718.0,6262.0
1758189600,24717.75,24729.5,24693.0,24706.5,5544.0
1758193200,24706.75,24755.75,24700.5,24742.25,12044.0
1758196800,24742.5,24762.75,24689.5,24689.75,14234.0
1758200400,24690.25,24713.25,24430.25,24697.0,97483.0
1758204000,24696.75,24809.25,24694.0,24734.5,89439.0
1758207600,24734.75,24816.0,24517.5,24736.5,66153.0
1758211200,24736.25,24793.25,24720.75,24787.75,39396.0
1758214800,24787.5,24796.75,24723.5,24734.25,43385.0
1758218400,24734.5,24769.0,24727.75,24756.25,39008.0
1758222000,24756.0,24758.75,24696.75,24698.5,62330.0
1758225600,24698.75,24722.75,24685.0,24713.75,17839.0
1758232800,24717.75,24743.0,24711.5,24738.0,0.0
1758236400,24737.75,24748.75,24731.0,24740.0,2969.0
1758240000,24739.5,24749.0,24694.75,24710.25,5520.0
1758243600,24710.0,24720.75,24701.5,24716.75,3304.0
1758247200,24716.75,24722.75,24700.5,24712.0,2489.0
1758250800,24712.25,24737.5,24703.5,24710.25,4345.0
1758254400,24700.5,24722.75,24682.0,24720.0,4799.0
1758258000,24720.5,24723.5,24697.0,24706.25,3159.0
1758261600,24706.25,24716.75,24672.0,24673.0,5588.0
1758265200,24672.0,24692.0,24655.0,24685.0,5914.0
1758268800,24684.0,24714.75,24680.5,24705.0,4690.0
1758272400,24706.25,24729.75,24703.25,24706.75,4020.0
1758276000,24708.5,24732.25,24700.25,24724.5,4219.0
1758279600,24724.5,24736.25,24713.0,24736.25,4041.0
1758283200,24735.75,24754.75,24731.5,24738.25,9320.0
1758286800,24738.25,24817.5,24517.0,24790.75,85624.0
1758290400,24790.5,24807.5,24734.0,24763.5,69766.0
1758294000,24763.5,24778.5,24708.0,24771.25,57692.0
1758297600,24771.0,24835.5,24770.5,24821.5,54877.0
1758301200,24821.5,24829.25,24795.5,24815.75,31117.0
1758304800,24816.5,24833.0,24804.0,24825.25,26716.0
1758308400,24825.0,24888.0,24821.5,24860.25,67954.0
1758312000,24860.0,24880.0,24853.0,24866.25,20589.0
1758492000,24850.0,24867.0,24826.75,24849.75,5581.0
1758495600,24850.25,24855.0,24844.0,24850.75,2315.0
1758499200,24851.0,24876.0,24828.0,24832.25,6131.0
1758502800,24832.0,24852.25,24829.5,24844.5,4016.0
1758506400,24845.0,24854.75,24842.25,24852.75,1934.0
1758510000,24852.0,24864.5,24841.25,24857.25,2535.0
1758513600,24858.25,24859.5,24848.25,24852.25,1702.0
1758517200,24852.75,24861.75,24840.0,24841.0,2633.0
1758520800,24841.25,24847.0,24816.0,24818.25,5232.0
1758524400,24818.75,24831.0,24749.0,24785.75,11121.0
1758528000,24786.75,24820.0,24778.5,24781.25,6957.0
1758531600,24782.0,24792.25,24760.25,24784.5,4982.0
1758535200,24784.0,24807.75,24772.25,24776.25,4448.0
1758538800,24775.75,24790.0,24768.0,24789.5,5265.0
1758542400,24789.0,24806.0,24765.75,24799.0,8302.0
1758546000,24798.5,24880.5,24783.0,24872.25,63323.0
1758549600,24872.75,24931.0,24855.0,24926.75,63395.0
1758553200,24926.5,24937.75,24897.25,24911.25,45056.0
1758556800,24911.25,24994.5,24910.0,24986.75,66457.0
1758560400,24986.5,25000.5,24973.25,24988.75,38600.0
1758564000,24988.5,25019.25,24986.75,25012.75,36780.0
1758567600,25012.5,25027.25,24989.75,24999.0,60706.0
1758571200,24998.5,25001.75,24980.5,24996.25,20210.0
1758578400,24995.0,25002.25,24974.0,24987.5,0.0
1758582000,24987.0,25006.25,24984.0,24997.25,3302.0
1758585600,24998.5,25005.0,24986.25,24989.5,3300.0
1758589200,24989.5,25007.75,24985.0,24995.0,3378.0
1758592800,24995.25,25005.0,24994.0,25000.0,2059.0
1758596400,24998.75,25006.5,24996.25,25003.75,1644.0
1758600000,24999.25,25000.5,24977.5,24987.75,2471.0
1758603600,24987.0,25015.0,24983.5,24997.0,3277.0
1758607200,24997.0,25015.0,24993.75,25012.75,2738.0
1758610800,25012.5,25012.75,24980.0,25000.5,5670.0
1758614400,24999.0,25026.0,24998.25,25002.5,5504.0
1758618000,25003.0,25014.0,24996.0,25013.5,3322.0
1758621600,25014.25,25016.75,24987.75,25000.5,4278.0
1758625200,25001.5,25004.0,24973.0,25000.25,5768.0
1758628800,25000.5,25011.0,24983.75,25009.5,7272.0
1758632400,25009.25,25010.75,24932.5,24940.0,67976.0
1758636000,24940.5,24975.25,24929.5,24944.5,74554.0
1758639600,24944.5,24969.75,24929.5,24946.25,52551.0
1758643200,24945.75,24954.5,24915.0,24928.75,53306.0
1758646800,24928.75,24930.5,24780.5,24835.75,102063.0
1758650400,24835.25,24846.25,24784.0,24790.25,58915.0
1758654000,24790.75,24843.0,24789.75,24830.25,68838.0
1758657600,24830.75,24856.0,24824.25,24833.75,15385.0
1758664800,24839.5,24863.0,24836.0,24853.5,0.0
1758668400,24852.75,24855.25,24839.75,24841.25,2170.0
1758672000,24841.5,24847.0,24810.5,24837.75,5212.0
1758675600,24837.25,24839.25,24817.5,24823.0,3191.0
1758679200,24824.0,24837.75,24817.25,24835.25,2115.0
1758682800,24835.25,24842.0,24832.5,24836.0,1996.0
1758686400,24841.0,24852.25,24837.0,24851.75,1983.0
1758690000,24851.25,24861.25,24846.25,24861.0,2411.0
1758693600,24860.75,24893.0,24859.25,24881.75,4644.0
1758697200,24882.0,24898.5,24846.5,24898.5,7184.0
1758700800,24898.25,24907.0,24884.5,24896.25,5798.0
1758704400,24896.0,24910.25,24894.5,24905.75,3262.0
1758708000,24905.75,24913.5,24883.0,24904.5,4334.0
1758711600,24904.0,24912.75,24876.0,24889.25,6205.0
1758715200,24888.75,24896.5,24869.5,24881.5,10308.0
1758718800,24881.5,24899.25,24784.5,24820.75,76504.0
1758722400,24821.0,24841.0,24790.25,24794.0,68782.0
1758726000,24794.0,24810.0,24678.25,24679.75,77043.0
1758729600,24679.75,24706.0,24627.0,24685.0,73947.0
1758733200,24685.25,24759.0,24682.75,24709.75,53428.0
1758736800,24709.5,24741.5,24682.75,24739.0,42318.0
1758740400,24739.75,24749.25,24700.5,24740.0,52374.0
1758744000,24739.5,24754.75,24739.25,24747.5,13460.0
1758751200,24746.0,24753.0,24740.0,24750.25,0.0
1758754800,24749.5,24757.0,24740.25,24755.75,1711.0
1758758400,24756.0,24779.0,24752.5,24775.75,4686.0
1758762000,24775.0,24793.5,24772.25,24784.0,3026.0
1758765600,24784.0,24791.75,24776.75,24789.75,1742.0
1758769200,24789.0,24789.0,24780.75,24785.0,1651.0
1758772800,24781.75,24782.5,24754.75,24760.25,3091.0
1758776400,24760.0,24763.0,24737.5,24753.25,3517.0
1758780000,24752.75,24758.5,24719.25,24727.25,4106.0
1758783600,24728.75,24747.75,24694.25,24736.75,7541.0
1758787200,24737.5,24764.0,24718.25,24728.5,6434.0
1758790800,24728.5,24737.75,24689.0,24706.25,6617.0
1758794400,24706.25,24713.75,24668.5,24689.0,8202.0
1758798000,24688.5,24691.25,24586.75,24595.0,16432.0
1758801600,24594.5,24630.75,24545.75,24568.25,25328.0
1758805200,24567.75,24587.0,24422.5,24452.75,119747.0
1758808800,24452.5,24656.75,24445.0,24635.25,118973.0
1758812400,24635.0,24696.75,24583.75,24677.75,82243.0
1758816000,24677.25,24691.75,24613.0,24625.0,49981.0
1758819600,24624.75,24644.75,24511.75,24517.25,58956.0
1758823200,24517.5,24640.25,24453.5,24628.0,84901.0
1758826800,24627.75,24646.25,24592.0,24630.75,60070.0
1758830400,24632.5,24648.25,24611.0,24635.5,15891.0
1758837600,24642.5,24665.25,24625.75,24637.25,0.0
1758841200,24636.75,24642.0,24616.0,24616.75,3248.0
1758844800,24616.75,24632.75,24606.0,24626.5,4465.0
1758848400,24624.5,24625.0,24593.5,24597.5,4684.0
1758852000,24597.5,24623.0,24594.75,24604.25,2956.0
1758855600,24604.25,24606.25,24579.5,24594.0,3873.0
1758859200,24593.75,24614.5,24579.0,24580.5,4516.0
1758862800,24580.75,24617.5,24577.5,24615.5,2989.0
1758866400,24616.0,24672.25,24611.25,24649.25,7399.0
1758870000,24649.0,24671.5,24629.0,24646.0,7834.0
1758873600,24647.0,24659.25,24585.0,24585.5,7654.0
1758877200,24585.75,24619.5,24569.25,24616.5,7334.0
1758880800,24616.5,24628.0,24583.25,24599.0,5226.0
1758884400,24598.5,24654.75,24590.5,24639.25,8121.0
1758888000,24639.0,24747.5,24628.25,24694.75,25523.0
1758891600,24694.0,24715.0,24597.0,24706.25,81765.0
1758895200,24707.5,24733.25,24520.0,24565.0,124859.0
1758898800,24566.25,24636.5,24545.75,24581.0,65562.0
1758902400,24581.5,24700.0,24568.25,24691.0,48045.0
1758906000,24691.5,24717.0,24665.0,24692.0,34035.0
1758909600,24691.75,24737.0,24671.75,24725.75,36389.0
1758913200,24725.5,24735.75,24700.25,24726.0,39362.0
1758916800,24725.5,24746.5,24722.25,24726.75,12740.0
1759096800,24744.25,24769.75,24740.5,24756.0,3451.0
1759100400,24755.25,24777.75,24755.25,24771.75,3651.0
1759104000,24772.5,24807.0,24765.0,24793.5,5400.0
1759107600,24793.25,24805.0,24775.0,24793.75,5111.0
1759111200,24793.0,24813.75,24786.25,24813.5,3014.0
1759114800,24813.0,24818.0,24804.75,24815.25,1968.0
1759118400,24815.0,24834.25,24813.25,24828.25,2883.0
1759122000,24828.5,24837.75,24821.5,24825.75,2528.0
1759125600,24826.25,24855.5,24813.5,24844.75,4975.0
1759129200,24845.0,24864.25,24823.25,24853.5,6345.0
1759132800,24852.75,24894.75,24851.0,24893.5,6484.0
1759136400,24894.5,24898.75,24871.5,24872.0,4773.0
1759140000,24872.0,24902.25,24865.25,24888.5,4418.0
1759143600,24889.75,24893.75,24853.75,24876.5,7797.0
1759147200,24876.5,24909.5,24864.25,24900.0,10476.0
1759150800,24899.25,24955.5,24846.5,24942.0,71273.0
1759154400,24942.0,24975.5,24917.5,24929.0,70293.0
1759158000,24929.25,24942.75,24830.75,24849.25,76666.0
1759161600,24849.0,24867.5,24822.0,24834.75,47137.0
1759165200,24835.0,24849.25,24800.25,24844.75,41998.0
1759168800,24845.0,24869.25,24834.25,24843.0,32179.0
1759172400,24842.75,24848.25,24780.5,24837.75,72684.0
1759176000,24837.0,24846.25,24805.25,24811.25,13814.0
1759183200,24817.75,24837.75,24807.75,24833.75,0.0
1759186800,24834.75,24842.0,24821.5,24824.0,2172.0
1759190400,24822.5,24840.5,24805.75,24837.25,3627.0
1759194000,24836.5,24837.0,24810.75,24819.5,2877.0
1759197600,24819.5,24854.0,24817.25,24849.25,2571.0
1759201200,24849.0,24856.75,24839.0,24842.75,2212.0
1759204800,24843.25,24844.5,24823.0,24823.25,1915.0
1759208400,24823.0,24840.25,24816.25,24836.25,2316.0
1759212000,24836.5,24855.5,24810.0,24812.25,4058.0
1759215600,24812.25,24818.25,24754.75,24790.75,9725.0
1759219200,24790.0,24812.0,24763.0,24801.0,5846.0
1759222800,24800.5,24820.25,24786.0,24794.75,5271.0
1759226400,24794.25,24815.0,24774.0,24808.5,5095.0
1759230000,24807.75,24817.0,24789.75,24803.0,4791.0
1759233600,24803.0,24845.0,24788.0,24833.75,9364.0
1759237200,24833.0,24837.0,24722.25,24785.5,66833.0
1759240800,24785.5,24854.5,24747.0,24842.25,81515.0
1759244400,24842.5,24862.75,24755.5,24810.75,71792.0
1759248000,24810.5,24843.75,24767.75,24783.25,39164.0
1759251600,24783.0,24797.5,24731.75,24769.0,43639.0
1759255200,24768.5,24851.75,24762.0,24837.75,41895.0
1759258800,24838.0,24913.75,24821.5,24897.5,74396.0
1759262400,24899.75,24901.25,24834.75,24838.25,19352.0
1759269600,24843.0,24876.75,24822.0,24835.5,0.0
1759273200,24834.5,24848.75,24820.25,24830.25,3473.0
1759276800,24830.75,24837.0,24785.5,24794.25,6139.0
1759280400,24794.25,24811.0,24783.75,24804.0,3726.0
1759284000,24804.0,24805.5,24781.0,24787.25,2922.0
1759287600,24787.25,24788.25,24763.5,24771.0,3113.0
1759291200,24777.75,24782.25,24769.5,24773.75,2137.0
1759294800,24774.5,24780.0,24758.0,24761.25,2739.0
1759298400,24762.0,24769.5,24633.25,24652.0,10590.0
1759302000,24651.5,24689.75,24637.5,24671.5,9537.0
1759305600,24670.75,24732.5,24653.25,24720.25,8825.0
1759309200,24719.5,24766.75,24713.75,24745.75,6463.0
1759312800,24745.75,24764.0,24721.75,24731.5,4785.0
1759316400,24732.75,24803.25,24731.0,24798.5,8130.0
1759320000,24798.5,24805.5,24747.25,24777.0,16525.0
1759323600,24777.5,24841.5,24726.5,24784.75,73900.0
1759327200,24781.25,24912.0,24750.0,24897.5,72535.0
1759330800,24896.75,24938.5,24875.25,24931.0,49821.0
1759334400,24931.5,24957.75,24928.75,24955.0,30616.0
1759338000,24955.0,24990.0,24952.25,24983.5,35787.0
1759341600,24983.0,25034.75,24972.75,25024.0,41839.0
1759345200,25023.75,25036.75,25000.75,25011.5,51910.0
1759348800,25011.25,25014.75,24992.75,25009.25,15192.0
1759356000,25009.25,25020.25,25001.75,25012.25,0.0
1759359600,25012.75,25029.0,25003.25,25022.25,3038.0
1759363200,25022.0,25063.5,25019.25,25060.0,5100.0
1759366800,25060.5,25076.5,25046.5,25074.0,4250.0
1759370400,25074.0,25075.5,25052.0,25057.25,2334.0
1759374000,25058.5,25067.5,25040.0,25062.75,3068.0
1759377600,25070.0,25074.5,25051.0,25066.75,2494.0
1759381200,25066.75,25076.25,25061.25,25069.25,2191.0
1759384800,25069.5,25076.25,25056.5,25063.0,2822.0
1759388400,25061.25,25088.0,25053.75,25077.25,6482.0
1759392000,25076.75,25114.25,25073.75,25113.0,6259.0
1759395600,25113.75,25117.0,25075.75,25096.0,5485.0
1759399200,25095.0,25124.75,25093.5,25111.0,6197.0
1759402800,25111.0,25151.0,25107.5,25149.0,7133.0
1759406400,25149.25,25164.25,25143.25,25162.0,8564.0
1759410000,25162.0,25180.0,25014.25,25062.75,84864.0
1759413600,25063.5,25091.5,25019.0,25022.0,78563.0
1759417200,25021.25,25082.25,24993.75,25077.5,67435.0
1759420800,25077.5,25080.25,25034.0,25077.25,39328.0
1759424400,25077.0,25113.0,25059.5,25085.5,31371.0
1759428000,25085.5,25120.0,25079.25,25112.25,28465.0
1759431600,25111.75,25126.5,25091.25,25108.5,42126.0
1759435200,25108.75,25125.25,25099.5,25105.0,11955.0
1759442400,25101.5,25107.75,25073.0,25104.25,0.0
1759446000,25103.75,25125.0,25097.25,25123.25,2446.0
1759449600,25124.5,25157.5,25116.0,25146.75,4381.0
1759453200,25146.25,25162.0,25137.25,25160.75,3139.0
1759456800,25161.25,25164.0,25146.25,25158.0,2438.0
1759460400,25156.75,25175.25,25155.5,25172.0,1868.0
1759464000,25175.0,25175.25,25166.25,25174.25,1274.0
1759467600,25173.75,25192.0,25171.0,25171.0,2916.0
1759471200,25171.5,25191.75,25156.0,25183.0,3583.0
1759474800,25183.5,25193.75,25172.75,25181.75,3090.0
1759478400,25181.0,25185.75,25173.25,25183.0,2586.0
1759482000,25183.25,25193.0,25171.75,25192.75,2533.0
1759485600,25193.0,25196.5,25157.5,25161.75,3350.0
1759489200,25162.25,25171.0,25128.25,25137.0,7669.0
1759492800,25137.25,25148.25,25103.0,25120.25,10335.0
1759496400,25119.75,25168.0,25100.75,25105.75,55367.0
1759500000,25105.5,25128.75,25051.0,25116.75,77945.0
1759503600,25117.25,25152.0,25099.25,25145.25,47368.0
1759507200,25144.75,25156.0,25108.0,25118.0,29707.0
1759510800,25117.5,25117.5,24923.25,24973.5,94800.0
1759514400,24973.5,25044.5,24926.0,25009.0,63409.0
1759518000,25008.5,25030.0,24980.0,24996.25,47452.0
1759521600,24996.5,25006.5,24973.75,24992.0,11243.0
1759701600,25021.75,25058.5,24992.0,25053.75,4856.0
1759705200,25053.5,25086.75,25053.0,25066.75,4207.0
1759708800,25066.5,25074.5,25050.5,25064.0,3927.0
1759712400,25064.25,25078.0,25056.0,25076.0,2697.0
1759716000,25076.25,25083.0,25073.5,25081.5,1471.0
1759719600,25081.0,25098.75,25080.75,25090.75,2168.0
1759723200,25088.75,25109.25,25068.25,25101.5,2851.0
1759726800,25101.5,25102.75,25080.0,25088.5,1947.0
1759730400,25088.5,25107.25,25082.0,25101.5,2349.0
1759734000,25101.0,25106.0,25045.5,25080.25,7378.0
1759737600,25081.25,25114.75,25078.5,25106.75,5171.0
1759741200,25106.5,25139.5,25104.25,25134.5,3917.0
1759744800,25134.5,25185.0,25126.75,25171.25,8319.0
1759748400,25171.0,25186.0,25128.5,25184.25,10362.0
1759752000,25185.0,25241.5,25179.0,25191.25,14617.0
1759755600,25191.75,25221.75,25116.75,25155.75,67273.0
1759759200,25156.0,25185.0,25108.5,25152.25,65879.0
1759762800,25152.0,25216.0,25143.0,25208.0,43439.0
1759766400,25207.75,25211.5,25182.75,25202.25,27788.0
1759770000,25202.5,25231.75,25183.0,25227.5,33552.0
1759773600,25227.75,25252.75,25218.5,25238.75,30509.0
1759777200,25238.25,25239.0,25180.5,25184.25,51818.0
1759780800,25184.5,25190.0,25174.0,25184.0,13754.0
1759824000,25147.5,25173.75,25127.75,25172.5,3332.0
1759827600,25173.0,25192.0,25168.75,25189.0,4185.0
1759831200,25189.5,25195.75,25172.5,25174.0,4422.0
1759834800,25174.25,25211.75,25170.0,25211.75,4664.0
1759838400,25211.25,25257.5,25195.75,25254.0,12194.0
1759842000,25254.5,25275.0,25217.0,25241.25,60272.0
1759845600,25242.0,25257.5,25172.25,25186.0,73526.0
1759849200,25186.5,25191.5,24984.75,25029.5,129209.0
1759852800,25029.75,25092.0,24998.0,25024.75,69856.0
1759856400,25024.5,25065.0,25013.5,25015.5,40656.0
1759860000,25016.0,25053.25,24991.0,25053.25,35617.0
1759863600,25053.0,25072.75,25027.0,25045.25,47754.0
1759867200,25045.25,25069.0,25045.25,25054.75,11982.0
1759874400,25059.75,25083.25,25054.5,25080.75,0.0
1759878000,25079.25,25080.25,25029.5,25033.75,4162.0
1759881600,25033.25,25066.75,25027.5,25061.5,3791.0
1759885200,25061.0,25085.0,25059.0,25073.5,4554.0
1759888800,25073.75,25092.25,25072.25,25088.0,2723.0
1759892400,25088.0,25091.0,25079.25,25086.75,1796.0
1759896000,25091.0,25094.0,25081.0,25087.5,1885.0
1759899600,25088.0,25088.0,25058.0,25058.25,2830.0
1759903200,25059.25,25064.75,25026.25,25052.75,4172.0
1759906800,25052.5,25092.0,25041.0,25083.5,6277.0
1759910400,25083.75,25111.25,25071.25,25086.5,5495.0
1759914000,25086.75,25098.25,25074.5,25087.5,3568.0
1759917600,25087.75,25100.5,25058.5,25097.5,4239.0
1759921200,25097.5,25104.5,25058.25,25089.0,7114.0
1759924800,25088.25,25089.25,25042.5,25062.5,9323.0
1759928400,25063.25,25183.5,25054.75,25174.5,67501.0
1759932000,25174.25,25231.0,25172.75,25193.75,79380.0
1759935600,25193.75,25261.0,25190.0,25254.5,47032.0
1759939200,25254.75,25276.25,25233.5,25251.5,33865.0
1759942800,25251.25,25290.75,25238.25,25273.75,28869.0
1759946400,25273.25,25297.5,25265.25,25270.75,35645.0
1759950000,25270.5,25344.25,25267.0,25329.75,61871.0
1759953600,25330.0,25364.75,25320.5,25354.0,17054.0
1759960800,25351.5,25369.5,25340.5,25366.0,0.0
1759964400,25366.25,25394.0,25363.25,25378.75,4244.0
1759968000,25379.0,25379.0,25357.0,25363.0,3227.0
1759971600,25362.5,25369.5,25320.5,25330.75,6521.0
1759975200,25331.25,25339.0,25307.0,25309.75,3612.0
1759978800,25309.5,25345.0,25309.5,25326.0,4369.0
1759982400,25327.25,25342.25,25325.0,25340.25,2153.0
1759986000,25340.0,25364.75,25336.0,25355.25,3324.0
1759989600,25356.25,25367.5,25326.25,25337.25,3496.0
1759993200,25336.75,25349.25,25323.25,25337.75,4146.0
1759996800,25336.75,25343.75,25294.5,25300.25,6601.0
1760000400,25300.5,25339.25,25295.5,25320.5,4227.0
1760004000,25321.25,25330.5,25303.5,25318.25,4360.0
1760007600,25317.75,25341.25,25311.75,25313.75,4889.0
1760011200,25314.25,25334.25,25310.5,25332.5,6359.0
1760014800,25332.75,25337.75,25251.5,25278.75,72478.0
1760018400,25279.5,25288.5,25193.5,25250.5,84106.0
1760022000,25251.5,25274.5,25197.75,25263.0,64170.0
1760025600,25263.25,25274.0,25196.0,25203.75,49056.0
1760029200,25204.25,25233.75,25160.75,25215.5,57296.0
1760032800,25215.5,25244.0,25182.5,25235.0,36060.0
1760036400,25235.25,25295.75,25233.25,25294.5,53383.0
1760040000,25294.75,25299.75,25270.25,25287.25,12375.0
1760047200,25287.75,25321.5,25286.5,25319.25,0.0
1760050800,25319.5,25336.0,25308.75,25335.0,3169.0
1760054400,25335.0,25346.75,25321.25,25336.5,3422.0
1760058000,25336.75,25353.0,25333.0,25351.75,2264.0
1760061600,25351.25,25355.0,25336.25,25338.25,1977.0
1760065200,25338.0,25341.75,25310.5,25317.75,3290.0
1760068800,25320.25,25326.75,25300.0,25307.0,2301.0
1760072400,25307.75,25334.0,25296.5,25333.25,2540.0
1760076000,25333.75,25354.25,25295.0,25303.75,5668.0
1760079600,25304.75,25326.25,25298.5,25318.5,4993.0
1760083200,25318.5,25342.5,25313.75,25336.25,3682.0
1760086800,25336.75,25339.25,25251.25,25256.5,9502.0
1760090400,25255.5,25301.5,25254.25,25300.25,5919.0
1760094000,25300.0,25324.5,25299.5,25323.25,5367.0
1760097600,25322.25,25335.0,25288.75,25298.0,9913.0
1760101200,25297.5,25388.0,25293.5,25355.5,70813.0
1760104800,25357.5,25370.75,25127.75,25194.5,92752.0
1760108400,25191.75,25195.25,24670.75,24827.5,240452.0
1760112000,24825.0,24848.0,24647.5,24658.0,114146.0
1760115600,24657.25,24751.0,24604.0,24680.0,94485.0
1760119200,24680.25,24718.5,24572.0,24588.25,66373.0
1760122800,24589.0,24635.75,24384.5,24402.75,123602.0
1760126400,24402.25,24448.0,24158.5,24397.0,45159.0
1760306400,24542.0,24752.0,24397.0,24689.25,19321.0
1760310000,24689.75,24794.0,24650.75,24785.75,13944.0
1760313600,24786.75,24835.0,24756.25,24827.0,14031.0
1760317200,24826.25,24855.25,24821.75,24852.25,10457.0
1760320800,24852.25,24855.25,24805.0,24806.75,5163.0
1760324400,24806.75,24845.5,24763.75,24777.5,7485.0
1760328000,24778.0,24825.75,24774.0,24818.5,4724.0
1760331600,24818.0,24841.25,24802.0,24836.75,4634.0
1760335200,24836.25,24853.25,24787.25,24850.75,7650.0
1760338800,24851.25,24945.5,24833.0,24904.5,16464.0
1760342400,24904.0,24908.75,24841.25,24875.25,9878.0
1760346000,24874.25,24880.75,24836.25,24846.0,5240.0
1760349600,24846.0,24877.75,24828.0,24850.0,7514.0
1760353200,24851.5,24866.25,24733.0,24797.25,27895.0
1760356800,24795.5,24836.0,24766.75,24787.75,16401.0
1760360400,24787.25,24892.0,24724.5,24888.0,107106.0
1760364000,24887.0,24913.25,24744.0,24758.25,102225.0
1760367600,24758.25,24901.75,24745.75,24893.5,60439.0
1760371200,24893.75,24956.25,24869.0,24948.25,54721.0
1760374800,24948.0,24959.0,24888.5,24926.5,40184.0
1760378400,24926.25,24965.0,24889.75,24901.0,36068.0
1760382000,24901.25,24948.5,24883.0,24921.0,60572.0
1760385600,24921.0,24927.25,24899.0,24904.5,14705.0
1760389200,24904.5,24904.5,24904.5,24904.5,1.0
1760392800,24913.75,24931.5,24897.0,24930.5,0.0
1760396400,24930.5,24933.0,24898.75,24912.25,2722.0
1760400000,24911.5,25044.25,24904.5,25007.5,11394.0
1760403600,25006.0,25012.5,24967.0,25005.75,5990.0
1760407200,25005.25,25020.5,24950.75,24954.25,4937.0
1760410800,24955.0,24958.25,24904.0,24915.25,6767.0
1760414400,24877.75,24878.25,24750.0,24806.0,18226.0
1760418000,24805.5,24814.5,24650.5,24706.5,15807.0
1760421600,24706.5,24749.0,24665.5,24686.0,13011.0
1760425200,24684.75,24726.0,24598.75,24647.75,20828.0
1760428800,24647.5,24697.75,24586.25,24692.25,14540.0
1760432400,24692.25,24713.0,24629.75,24639.5,9044.0
1760436000,24637.75,24643.0,24502.5,24558.25,18236.0
1760439600,24559.25,24665.0,24546.0,24653.75,15866.0
1760443200,24653.75,24661.5,24555.5,24620.5,20912.0
1760446800,24620.75,24656.25,24421.25,24576.25,115542.0
1760450400,24575.0,24743.75,24556.75,24690.0,91095.0
1760454000,24689.5,24839.25,24684.25,24805.0,72003.0
1760457600,24805.0,24947.25,24762.0,24892.25,71200.0
1760461200,24892.0,24938.0,24858.0,24899.5,46099.0
1760464800,24900.25,24926.75,24881.5,24899.25,32900.0
1760468400,24899.25,24927.0,24685.75,24756.5,89946.0
1760472000,24757.0,24789.75,24697.25,24756.25,20884.0
1760479200,24754.0,24816.25,24750.5,24779.25,0.0
1760482800,24777.75,24817.75,24768.75,24773.25,3485.0
1760486400,24772.0,24799.5,24740.5,24797.75,6096.0
1760490000,24797.0,24814.75,24763.0,24801.25,4160.0
1760493600,24801.75,24855.75,24800.0,24813.0,5558.0
1760497200,24812.5,24830.25,24788.75,24801.25,4446.0
1760500800,24814.75,24847.75,24814.0,24843.5,2638.0
1760504400,24844.5,24920.0,24844.5,24885.0,7138.0
1760508000,24885.0,24908.75,24868.5,24902.0,4806.0
1760511600,24901.5,24926.25,24876.5,24899.5,6429.0
1760515200,24900.25,24930.75,24898.25,24928.75,6756.0
1760518800,24928.5,24991.25,24925.25,24972.5,8502.0
1760522400,24972.0,24980.0,24949.25,24966.75,4545.0
1760526000,24965.25,24972.0,24937.75,24960.0,6813.0
1760529600,24960.5,25025.5,24955.0,25021.75,16395.0
1760533200,25022.5,25023.5,24897.25,25014.0,83757.0
1760536800,25013.75,25115.0,25013.0,25100.0,74898.0
1760540400,25100.5,25109.75,24877.25,24934.25,87493.0
1760544000,24934.5,24992.25,24892.25,24903.0,58143.0
1760547600,24902.75,24914.0,24663.25,24903.5,101477.0
1760551200,24904.0,24959.0,24859.0,24953.0,44184.0
1760554800,24952.75,24956.25,24845.0,24924.75,60092.0
1760558400,24924.75,24964.25,24912.5,24941.25,20211.0
1760565600,24937.0,24992.25,24936.5,24976.25,0.0
1760569200,24976.25,24979.25,24925.0,24943.25,3424.0
1760572800,24943.0,24956.25,24874.75,24913.75,6991.0
1760576400,24913.0,24946.25,24905.75,24937.5,4783.0
1760580000,24938.75,24949.25,24895.5,24936.75,4315.0
1760583600,24937.75,24947.25,24906.75,24916.25,3733.0
1760587200,24927.0,24940.25,24917.25,24929.25,2374.0
1760590800,24929.75,24976.0,24919.0,24953.75,5427.0
1760594400,24954.25,25028.25,24954.25,25025.5,7043.0
1760598000,25024.25,25055.5,24973.25,25039.25,11891.0
1760601600,25039.0,25057.0,25005.25,25019.0,6812.0
1760605200,25020.0,25046.0,25006.0,25041.75,5899.0
1760608800,25042.5,25071.5,25039.75,25053.0,6325.0
1760612400,25053.5,25085.25,25045.75,25065.25,5590.0
1760616000,25064.0,25099.5,25020.0,25080.0,13846.0
1760619600,25080.25,25125.25,25026.75,25062.25,80619.0
1760623200,25062.5,25179.5,25013.75,25106.5,98399.0
1760626800,25107.5,25131.25,24946.0,24972.75,87032.0
1760630400,24972.25,24996.5,24732.0,24927.5,117084.0
1760634000,24926.75,24967.0,24826.25,24865.5,73275.0
1760637600,24864.5,24871.5,24643.5,24798.5,85475.0
1760641200,24797.0,24846.0,24692.5,24831.0,73319.0
1760644800,24831.25,24854.5,24745.5,24794.25,18082.0
1760652000,24793.75,24858.5,24740.25,24741.5,0.0
1760655600,24742.75,24768.5,24720.0,24758.25,7908.0
1760659200,24759.25,24795.0,24745.25,24778.0,7004.0
1760662800,24778.25,24835.75,24729.75,24758.75,7464.0
1760666400,24758.25,24772.75,24729.25,24765.0,4641.0
1760670000,24764.5,24768.0,24705.25,24733.75,4851.0
1760673600,24728.0,24738.0,24700.25,24706.75,4085.0
1760677200,24707.75,24711.25,24616.25,24660.5,10770.0
1760680800,24662.0,24690.75,24570.0,24580.75,10749.0
1760684400,24581.0,24588.5,24428.0,24475.75,26685.0
1760688000,24478.25,24527.5,24410.0,24492.0,19555.0
1760691600,24491.75,24561.5,24486.0,24496.5,12270.0
1760695200,24497.0,24575.5,24483.0,24574.25,19142.0
1760698800,24574.5,24733.5,24568.5,24729.0,34387.0
1760702400,24728.5,24802.75,24710.5,24738.25,26819.0
1760706000,24737.0,24889.75,24672.5,24822.0,95288.0
1760709600,24822.25,24960.75,24749.0,24764.0,107303.0
1760713200,24764.5,24873.25,24675.0,24849.5,94162.0
1760716800,24849.75,24973.25,24849.0,24902.75,68880.0
1760720400,24903.25,24946.5,24829.0,24936.5,50015.0
1760724000,24935.25,25030.0,24935.0,24996.75,43792.0
1760727600,24997.75,25055.75,24979.25,24988.25,54347.0
1760731200,24988.25,25043.0,24976.0,24986.5,17325.0
1760911200,25065.75,25099.25,24986.5,25060.25,5224.0
1760914800,25061.5,25064.0,24987.25,25012.0,5603.0
1760918400,25011.75,25055.75,24955.75,25046.75,10608.0
1760922000,25049.25,25076.5,25030.75,25046.75,6604.0
1760925600,25046.0,25058.25,25026.75,25051.75,3591.0
1760929200,25054.0,25099.0,25051.5,25095.0,3177.0
1760932800,25095.75,25119.75,25085.0,25111.75,4835.0
1760936400,25111.5,25127.75,25095.25,25113.0,4194.0
1760940000,25112.25,25125.75,25087.25,25111.25,4789.0
1760943600,25111.75,25152.5,25099.0,25121.75,6485.0
1760947200,25121.75,25133.25,25066.5,25074.5,7167.0
1760950800,25073.75,25099.5,25061.75,25087.0,5390.0
1760954400,25087.25,25102.75,25040.0,25041.5,6827.0
1760958000,25040.75,25090.0,25038.0,25084.5,5056.0
1760961600,25083.5,25132.25,25076.0,25129.5,8590.0
1760965200,25129.5,25240.0,25114.75,25222.0,62934.0
1760968800,25222.5,25322.0,25212.0,25314.25,74549.0
1760972400,25314.5,25345.5,25289.25,25316.75,55092.0
1760976000,25319.0,25327.5,25290.75,25314.5,33797.0
1760979600,25314.25,25354.5,25311.75,25336.75,26662.0
1760983200,25336.25,25353.25,25306.5,25327.25,26807.0
1760986800,25327.5,25336.5,25297.0,25300.0,46610.0
1760990400,25300.25,25327.75,25289.75,25326.75,14927.0
1760997600,25326.75,25330.0,25308.0,25320.5,0.0
1761001200,25321.0,25345.0,25316.5,25323.25,3844.0
1761004800,25323.5,25343.25,25310.75,25341.75,3442.0
1761008400,25342.0,25359.25,25330.0,25344.5,3193.0
1761012000,25344.25,25368.0,25342.25,25347.75,3137.0
1761015600,25346.75,25355.75,25318.25,25330.0,2894.0
1761019200,25324.75,25327.75,25295.5,25307.75,3279.0
1761022800,25308.5,25317.5,25275.75,25297.0,4331.0
1761026400,25297.75,25298.0,25266.25,25278.75,4888.0
1761030000,25278.75,25291.0,25261.25,25276.75,5658.0
1761033600,25278.0,25284.5,25253.0,25267.75,4471.0
1761037200,25267.5,25296.0,25265.75,25281.5,4159.0
1761040800,25282.0,25288.25,25258.75,25279.25,4160.0
1761044400,25279.5,25308.5,25274.0,25307.5,7042.0
1761048000,25306.75,25315.25,25291.0,25298.25,8150.0
1761051600,25298.5,25305.75,25211.5,25234.5,68995.0
1761055200,25235.0,25301.75,25203.25,25298.0,75726.0
1761058800,25297.75,25326.75,25242.25,25322.75,58399.0
1761062400,25322.0,25348.5,25277.5,25285.5,40707.0
1761066000,25285.75,25317.5,25250.0,25313.25,40184.0
1761069600,25313.5,25327.0,25290.0,25309.75,24465.0
1761073200,25309.25,25334.25,25286.75,25291.5,34288.0
1761076800,25291.0,25299.25,25228.75,25265.25,23837.0
1761084000,25283.75,25285.5,25257.75,25270.5,0.0
1761087600,25271.0,25271.75,25240.25,25245.75,3027.0
1761091200,25246.5,25255.75,25221.0,25225.0,5196.0
1761094800,25225.5,25268.75,25214.5,25266.0,3659.0
1761098400,25266.0,25282.25,25253.0,25273.25,2551.0
1761102000,25273.0,25290.0,25244.0,25289.75,3024.0
1761105600,25316.75,25332.75,25310.75,25317.0,4722.0
1761109200,25317.0,25326.0,25297.75,25308.25,2838.0
1761112800,25309.0,25338.25,25294.0,25318.0,4386.0
1761116400,25318.5,25320.75,25270.0,25297.75,6353.0
1761120000,25297.25,25299.0,25251.0,25267.25,4918.0
1761123600,25266.75,25274.0,25231.5,25271.5,5500.0
1761127200,25272.0,25305.5,25263.5,25286.25,5239.0
1761130800,25286.5,25290.5,25206.5,25225.0,11849.0
1761134400,25224.75,25268.25,25218.25,25260.5,8773.0
1761138000,25260.75,25289.25,25172.25,25258.0,68520.0
1761141600,25258.0,25280.75,25050.75,25173.25,126177.0
1761145200,25173.75,25192.25,25003.25,25100.25,91732.0
1761148800,25101.0,25110.0,24867.0,24992.75,99137.0
1761152400,24991.5,25011.0,24804.75,24874.0,72218.0
1761156000,24873.75,24960.0,24827.0,24957.5,63971.0
1761159600,24957.75,25058.0,24923.25,25040.5,68628.0
1761163200,25040.5,25076.5,25023.5,25040.0,17830.0
1761170400,25012.25,25059.5,25000.25,25044.5,0.0
1761174000,25044.25,25064.5,24992.0,24997.0,4197.0
1761177600,24996.0,25055.0,24951.25,25048.5,8227.0
1761181200,25048.25,25105.0,25047.25,25098.75,5627.0
1761184800,25099.0,25111.5,25090.25,25099.0,2874.0
1761188400,25100.0,25113.25,25074.25,25083.75,4121.0
1761192000,25085.75,25087.75,25062.0,25071.25,3095.0
1761195600,25072.75,25093.75,25053.75,25091.0,2772.0
1761199200,25091.0,25112.0,25075.25,25104.25,4256.0
1761202800,25104.5,25128.0,25069.0,25092.25,6347.0
1761206400,25091.75,25115.5,25069.5,25084.75,4884.0
1761210000,25083.75,25092.5,25025.25,25059.0,8764.0
1761213600,25059.75,25067.5,25035.25,25048.75,4924.0
1761217200,25049.0,25053.0,24962.75,24973.25,12534.0
1761220800,24973.25,25011.75,24937.0,25008.25,16125.0
1761224400,25008.0,25179.75,24940.75,25160.5,86079.0
1761228000,25160.75,25198.5,25084.0,25190.0,89692.0
1761231600,25189.75,25216.5,25119.75,25193.75,67564.0
1761235200,25194.75,25241.25,25183.75,25240.0,42216.0
1761238800,25240.0,25283.25,25189.5,25278.75,53436.0
1761242400,25279.5,25288.0,25245.5,25273.75,30442.0
1761246000,25274.25,25282.5,25230.75,25252.75,41853.0
1761249600,25252.5,25296.0,25247.5,25278.0,16818.0
1761256800,25283.25,25303.0,25276.0,25291.75,0.0
1761260400,25291.75,25304.5,25291.0,25297.25,1732.0
1761264000,25298.25,25305.5,25284.75,25301.0,3191.0
1761267600,25299.75,25321.25,25297.0,25318.25,4082.0
1761271200,25317.5,25326.0,25303.25,25309.25,3053.0
1761274800,25310.0,25330.0,25305.0,25328.5,2408.0
1761278400,25321.0,25335.25,25320.25,25332.75,2158.0
1761282000,25331.5,25347.5,25327.5,25346.5,2473.0
1761285600,25346.75,25381.5,25345.0,25360.75,5962.0
1761289200,25361.75,25368.5,25333.5,25337.25,5161.0
1761292800,25338.0,25371.5,25324.0,25353.75,6744.0
1761296400,25352.5,25393.5,25352.0,25377.0,5168.0
1761300000,25377.0,25391.0,25364.5,25366.75,5806.0
1761303600,25366.0,25386.25,25363.0,25374.25,5115.0
1761307200,25374.5,25523.25,25344.0,25457.75,29119.0
1761310800,25459.0,25535.0,25429.75,25506.0,76857.0
1761314400,25506.0,25548.75,25431.5,25468.0,83341.0
1761318000,25468.75,25546.5,25456.75,25523.0,56341.0
1761321600,25522.5,25563.0,25520.0,25551.5,36353.0
1761325200,25551.0,25570.75,25538.75,25549.25,24954.0
1761328800,25549.0,25555.0,25528.25,25544.0,25409.0
1761332400,25543.75,25566.75,25497.5,25509.0,55076.0
1761336000,25509.5,25525.75,25497.5,25509.25,15682.0
1761516000,25723.5,25768.25,25509.25,25721.25,9567.0
1761519600,25722.0,25742.0,25709.75,25717.75,3485.0
1761523200,25717.0,25743.75,25706.75,25722.75,5750.0
1761526800,25723.25,25732.0,25711.0,25717.5,3777.0
1761530400,25717.75,25750.75,25712.75,25750.0,3287.0
1761534000,25750.25,25773.0,25747.75,25761.0,3824.0
1761537600,25760.25,25768.75,25753.0,25762.0,3035.0
1761541200,25764.0,25789.75,25761.5,25783.0,3752.0
1761544800,25783.0,25802.0,25780.0,25783.75,4020.0
1761548400,25782.5,25816.5,25779.25,25793.0,5998.0
1761552000,25793.0,25807.25,25768.75,25802.5,6824.0
1761555600,25803.75,25839.5,25790.0,25839.5,6398.0
1761559200,25839.5,25852.5,25829.25,25838.5,5532.0
1761562800,25838.0,25848.5,25811.0,25819.75,7245.0
1761566400,25819.5,25845.75,25817.25,25831.0,8167.0
1761570000,25830.75,25859.5,25796.75,25848.75,61613.0
1761573600,25849.0,25892.0,25823.0,25857.5,68982.0
1761577200,25857.75,25910.0,25855.5,25893.0,42760.0
1761580800,25893.0,25918.0,25889.0,25913.75,26580.0
1761584400,25913.5,25929.0,25891.0,25926.5,27757.0
1761588000,25926.75,25946.25,25919.5,25941.5,27129.0
1761591600,25941.75,25981.25,25920.5,25960.75,62993.0
1761595200,25960.5,26013.5,25960.0,26003.75,20915.0
1761602400,26002.5,26002.75,25986.0,25996.0,0.0
1761606000,25996.5,26018.75,25993.5,25995.0,3731.0
1761609600,25994.0,25995.5,25974.0,25975.75,4249.0
1761613200,25975.25,25981.5,25961.75,25969.5,4257.0
1761616800,25968.75,25981.0,25963.75,25977.0,2460.0
1761620400,25977.5,25989.0,25967.25,25979.25,2000.0
1761624000,25979.0,25982.5,25956.25,25956.75,2599.0
1761627600,25957.5,25967.25,25946.5,25961.0,3371.0
1761631200,25961.75,25985.5,25953.75,25957.5,3322.0
1761634800,25958.5,25980.75,25951.75,25957.75,3774.0
1761638400,25958.75,25973.5,25943.0,25968.5,5300.0
1761642000,25968.75,25981.75,25962.75,25975.75,3069.0
1761645600,25975.5,25989.5,25967.75,25977.5,4038.0
1761649200,25978.0,26004.0,25977.25,25993.75,6429.0
1761652800,25993.75,26025.0,25992.5,26012.5,9148.0
1761656400,26012.25,26094.75,26008.25,26065.0,70474.0
1761660000,26065.0,26076.5,26008.75,26035.0,56021.0
1761663600,26035.5,26061.75,26006.0,26060.5,37898.0
1761667200,26060.75,26146.0,26060.5,26108.5,52466.0
1761670800,26108.5,26158.25,26102.75,26153.25,41206.0
1761674400,26153.5,26197.0,26147.25,26194.5,35555.0
1761678000,26194.75,26231.5,26157.75,26160.5,67929.0
1761681600,26160.25,26178.0,26150.5,26172.5,18193.0
1761688800,26179.75,26190.25,26168.5,26173.5,0.0
1761692400,26172.25,26189.75,26164.5,26183.5,2207.0
1761696000,26184.25,26194.0,26166.0,26175.0,3701.0
1761699600,26174.25,26222.0,26172.75,26215.5,7131.0
1761703200,26216.0,26252.5,26214.25,26239.25,6585.0
1761706800,26239.75,26250.75,26224.25,26244.0,3203.0
1761710400,26229.25,26249.5,26221.0,26246.25,2925.0
1761714000,26245.5,26263.75,26245.0,26261.0,2974.0
1761717600,26261.25,26290.75,26256.75,26281.0,4446.0
1761721200,26281.25,26299.0,26261.0,26292.75,5029.0
1761724800,26291.75,26306.25,26260.25,26269.75,7596.0
1761728400,26268.75,26271.25,26226.5,26237.75,8303.0
1761732000,26237.0,26273.25,26230.25,26250.25,7195.0
1761735600,26249.5,26296.75,26245.5,26275.5,6497.0
1761739200,26274.75,26288.0,26244.0,26260.25,8698.0
1761742800,26260.75,26319.5,26254.75,26318.75,68167.0
1761746400,26319.5,26326.5,26243.5,26259.5,65408.0
1761750000,26260.25,26278.0,26218.5,26237.75,54156.0
1761753600,26237.75,26266.5,26203.5,26254.25,41395.0
1761757200,26254.0,26268.25,26219.0,26254.0,21906.0
1761760800,26255.0,26290.0,26049.25,26184.75,96093.0
1761764400,26185.25,26287.5,26111.75,26280.0,81992.0
1761768000,26280.25,26379.75,26159.75,26221.0,40509.0
1761775200,26154.5,26255.75,26150.0,26200.0,0.0
1761778800,26199.25,26247.25,26162.75,26234.75,6351.0
1761782400,26236.25,26318.25,26236.25,26288.75,7033.0
1761786000,26288.5,26311.5,26260.0,26298.25,5864.0
1761789600,26298.75,26371.75,26296.0,26356.0,7655.0
1761793200,26357.0,26399.0,26356.25,26371.0,5884.0
1761796800,26322.5,26323.5,26140.0,26206.0,26210.0
1761800400,26206.5,26328.25,26194.75,26281.25,9572.0
1761804000,26280.5,26283.5,26211.75,26223.75,5133.0
1761807600,26224.5,26285.5,26190.0,26269.75,7522.0
1761811200,26269.75,26290.0,26232.75,26269.75,6173.0
1761814800,26271.5,26291.25,26195.25,26206.25,7182.0
1761818400,26205.5,26244.5,26197.0,26231.75,6325.0
1761822000,26232.25,26287.0,26225.0,26260.5,6077.0
1761825600,26260.5,26272.5,26086.25,26087.25,27021.0
1761829200,26087.0,26147.25,25942.25,26125.0,106653.0
1761832800,26124.75,26182.5,25979.0,26016.5,102279.0
1761836400,26016.25,26077.0,25965.25,25991.0,56430.0
1761840000,25991.75,26097.0,25985.25,26073.25,50958.0
1761843600,26073.25,26075.5,25999.0,26067.5,39984.0
1761847200,26067.5,26067.5,25975.25,25989.0,41936.0
1761850800,25989.0,25993.75,25869.75,25869.75,71397.0
1761854400,25872.0,26149.5,25853.0,26149.25,43617.0
1761861600,26150.5,26192.0,26134.5,26148.5,0.0
1761865200,26149.75,26175.0,26127.25,26170.25,5617.0
1761868800,26171.25,26199.75,26136.5,26195.0,6851.0
1761872400,26193.75,26209.0,26170.0,26206.75,4587.0
1761876000,26207.5,26213.5,26164.75,26185.5,4008.0
1761879600,26184.75,26198.25,26160.75,26192.5,3416.0
1761883200,26202.75,26210.0,26186.75,26192.25,2225.0
1761886800,26192.0,26194.25,26160.25,26165.25,2778.0
1761890400,26164.25,26192.25,26154.75,26160.75,3536.0
1761894000,26161.0,26219.75,26144.0,26217.5,5394.0
1761897600,26217.0,26218.0,26157.5,26197.25,6925.0
1761901200,26199.25,26210.75,26177.5,26182.0,3646.0
1761904800,26182.25,26195.5,26161.75,26181.0,3782.0
1761908400,26181.75,26232.25,26166.75,26220.75,6481.0
1761912000,26220.5,26274.0,26204.25,26211.25,16713.0
1761915600,26211.5,26217.0,26080.25,26101.75,80647.0
1761919200,26102.25,26182.0,26060.0,26164.5,76445.0
1761922800,26164.0,26182.75,26050.0,26052.25,67697.0
1761926400,26052.25,26053.5,25929.75,25949.5,70374.0
1761930000,25949.25,25980.75,25888.75,25947.75,68866.0
1761933600,25948.0,26022.5,25944.5,26014.0,45643.0
1761937200,26014.5,26118.25,25992.25,25994.25,78085.0
1761940800,25993.0,26004.0,25967.0,26004.0,20840.0
1762124400,26064.25,26092.75,26049.75,26080.75,4863.0
1762128000,26081.75,26118.0,26004.0,26116.0,4800.0
1762131600,26116.25,26123.0,26087.5,26089.5,5444.0
1762135200,26088.75,26114.5,26070.0,26083.0,4730.0
1762138800,26083.0,26084.75,26050.75,26076.0,3745.0
1762142400,26075.5,26086.25,26065.25,26082.25,2271.0
1762146000,26085.0,26088.0,26056.5,26067.5,3088.0
1762149600,26068.25,26081.75,26031.75,26048.0,3503.0
1762153200,26047.25,26049.0,26017.25,26031.0,3747.0
1762156800,26031.25,26097.0,26019.5,26086.0,5263.0
1762160400,26086.75,26156.0,26082.25,26129.25,6952.0
1762164000,26131.25,26163.0,26123.5,26138.5,4916.0
1762167600,26139.0,26178.25,26139.0,26153.25,5205.0
1762171200,26153.0,26182.0,26144.0,26153.0,5982.0
1762174800,26152.25,26191.25,26133.0,26189.0,11354.0
1762178400,26189.5,26266.0,26118.75,26134.25,76463.0
1762182000,26140.5,26155.75,26015.5,26088.5,92387.0
1762185600,26088.5,26128.0,26043.5,26118.5,53350.0
1762189200,26118.75,26159.5,26083.25,26149.75,42125.0
1762192800,26150.0,26166.25,26123.75,26129.5,28322.0
1762196400,26129.5,26138.5,26066.25,26116.5,37933.0
1762200000,26116.5,26124.5,26071.5,26111.0,42940.0
1762203600,26110.5,26180.0,26097.25,26109.5,16717.0
1762210800,26104.5,26104.5,26060.75,26069.75,0.0
1762214400,26068.0,26068.0,25981.25,26013.75,8204.0
1762218000,26015.0,26031.0,25988.75,26008.5,5470.0
1762221600,26007.25,26008.0,25940.25,25941.75,6343.0
1762225200,25941.25,25975.75,25924.25,25928.25,5813.0
1762228800,25929.0,25941.75,25905.5,25925.0,5088.0
1762232400,25917.5,25922.25,25807.0,25821.5,11211.0
1762236000,25822.0,25825.5,25742.0,25776.0,15160.0
1762239600,25775.25,25801.5,25735.5,25792.25,10924.0
1762243200,25791.75,25791.75,25729.75,25765.0,10914.0
1762246800,25766.25,25789.5,25668.25,25674.75,13931.0
1762250400,25675.0,25772.75,25645.0,25758.25,11642.0
1762254000,25758.75,25792.5,25747.25,25766.75,7284.0
1762257600,25767.5,25790.75,25725.0,25754.5,11651.0
1762261200,25754.25,25766.0,25684.5,25716.25,19653.0
1762264800,25715.75,25880.75,25663.0,25875.25,98792.0
1762268400,25874.75,25893.5,25763.75,25789.5,84076.0
1762272000,25789.0,25822.75,25723.25,25756.25,64867.0
1762275600,25756.25,25757.75,25642.25,25679.25,64107.0
1762279200,25677.25,25684.5,25601.75,25669.25,58170.0
1762282800,25668.0,25688.25,25574.25,25605.25,50569.0
1762286400,25605.75,25642.5,25544.0,25579.5,70741.0
1762290000,25579.25,25593.0,25522.75,25577.0,22645.0
1762297200,25545.0,25574.25,25501.75,25504.25,0.0
1762300800,25503.25,25503.25,25407.5,25410.25,14504.0
1762304400,25409.25,25411.0,25282.0,25337.75,24958.0
1762308000,25338.5,25423.75,25296.0,25415.25,15844.0
1762311600,25416.0,25520.0,25415.25,25516.25,14440.0
1762315200,25515.25,25517.0,25442.75,25462.0,7819.0
1762318800,25496.25,25535.5,25463.75,25481.75,8366.0
1762322400,25481.0,25554.0,25456.0,25529.0,8467.0
1762326000,25529.5,25535.75,25470.25,25473.75,7051.0
1762329600,25475.25,25538.0,25453.5,25512.75,9666.0
1762333200,25513.75,25552.25,25480.75,25519.25,7403.0
1762336800,25517.75,25536.75,25412.0,25414.0,6616.0
1762340400,25413.0,25484.5,25404.0,25481.75,8326.0
1762344000,25480.0,25536.0,25458.25,25529.0,8741.0
1762347600,25528.0,25596.0,25508.25,25587.0,19393.0
1762351200,25586.75,25696.0,25488.0,25696.0,85045.0
1762354800,25680.5,25736.0,25615.0,25720.75,92042.0
1762358400,25719.75,25788.5,25658.25,25774.25,66269.0
1762362000,25774.0,25828.25,25740.25,25812.25,43623.0
1762365600,25811.75,25872.75,25804.5,25864.5,32049.0
1762369200,25864.25,25880.0,25823.25,25863.25,35547.0
1762372800,25863.25,25877.75,25729.5,25741.5,63035.0
1762376400,25741.25,25764.0,25694.5,25729.0,24424.0
1762383600,25738.5,25774.0,25702.25,25772.75,0.0
1762387200,25773.0,25775.0,25653.0,25699.25,9925.0
1762390800,25696.75,25697.75,25617.25,25673.5,9375.0
1762394400,25673.0,25718.5,25639.25,25715.5,5983.0
1762398000,25714.5,25735.75,25700.25,25721.0,5087.0
1762401600,25719.5,25742.0,25704.5,25738.25,2788.0
1762405200,25729.25,25736.75,25688.0,25693.0,3452.0
1762408800,25692.25,25712.5,25672.5,25682.75,4012.0
1762412400,25682.25,25716.0,25643.0,25646.5,6853.0
1762416000,25645.0,25684.0,25629.5,25672.25,7906.0
1762419600,25672.5,25747.0,25671.0,25727.25,7526.0
1762423200,25728.25,25778.25,25725.75,25752.0,5058.0
1762426800,25752.5,25776.0,25742.5,25747.5,4711.0
1762430400,25747.25,25791.0,25746.25,25779.5,7191.0
1762434000,25778.5,25822.25,25761.25,25766.0,11973.0
1762437600,25766.75,25774.25,25510.0,25513.0,103715.0
1762441200,25513.25,25547.0,25290.75,25303.0,155031.0
1762444800,25302.75,25370.25,25201.75,25220.5,94373.0
1762448400,25220.25,25356.25,25197.75,25337.25,74237.0
1762452000,25337.25,25371.25,25225.5,25330.25,61265.0
1762455600,25331.25,25438.5,25321.0,25404.25,61312.0
1762459200,25403.75,25414.75,25226.75,25258.75,77023.0
1762462800,25258.25,25319.0,25241.75,25310.5,21330.0
1762466400,25311.25,25311.5,25311.25,25311.5,5.0
1762470000,25314.75,25335.75,25272.0,25316.75,0.0
1762473600,25317.0,25349.75,25279.25,25322.0,8807.0
1762477200,25324.0,25332.75,25201.0,25271.5,13497.0
1762480800,25272.75,25275.0,25207.25,25267.5,7372.0
1762484400,25269.25,25281.5,25203.0,25223.0,6387.0
1762488000,25222.5,25265.0,25162.0,25253.0,7613.0
1762491600,25295.75,25333.0,25286.5,25332.0,6199.0
1762495200,25332.5,25340.75,25307.25,25325.5,4415.0
1762498800,25326.25,25349.0,25313.5,25336.25,5084.0
1762502400,25336.25,25354.75,25272.0,25313.25,10363.0
1762506000,25311.75,25328.5,25241.25,25260.0,8305.0
1762509600,25259.75,25277.75,25185.75,25219.25,7829.0
1762513200,25219.25,25220.25,25084.25,25180.25,19840.0
1762516800,25178.5,25195.5,25061.75,25092.75,15690.0
1762520400,25092.5,25147.25,25066.75,25111.5,20787.0
1762524000,25111.25,25124.0,24918.0,25028.0,98206.0
1762527600,25018.0,25045.0,24823.0,24823.5,126350.0
1762531200,24822.75,24861.0,24718.75,24746.75,82342.0
1762534800,24745.75,24864.5,24709.25,24841.25,68918.0
1762538400,24841.5,24953.5,24821.25,24922.5,63389.0
1762542000,24922.5,25116.75,24900.75,25114.5,64720.0
1762545600,25113.75,25172.75,25023.5,25163.5,81122.0
1762549200,25168.75,25228.25,25160.75,25166.25,20500.0
1762729200,25337.5,25357.5,25166.25,25335.25,6397.0
1762732800,25336.0,25345.5,25269.0,25330.75,10682.0
1762736400,25329.25,25437.0,25326.25,25428.5,13296.0
1762740000,25428.75,25449.0,25409.0,25432.0,5294.0
1762743600,25431.75,25489.0,25431.25,25461.0,7523.0
1762747200,25460.75,25486.0,25455.25,25470.75,4626.0
1762750800,25466.75,25496.75,25466.75,25483.75,4363.0
1762754400,25483.25,25503.5,25466.5,25470.5,4329.0
1762758000,25469.5,25499.5,25463.25,25489.5,4792.0
1762761600,25490.0,25540.25,25457.0,25532.0,8097.0
1762765200,25532.5,25569.5,25518.0,25553.0,8425.0
1762768800,25554.5,25558.25,25525.75,25529.0,4277.0
1762772400,25530.25,25546.5,25504.0,25545.75,6478.0
1762776000,25546.25,25551.5,25513.0,25538.25,7221.0
1762779600,25540.25,25559.0,25519.5,25556.0,11638.0
1762783200,25555.75,25657.25,25521.5,25638.25,86309.0
1762786800,25637.25,25666.5,25516.5,25524.0,88349.0
1762790400,25523.75,25537.75,25452.0,25521.25,88330.0
1762794000,25521.25,25647.25,25507.5,25635.0,60316.0
1762797600,25635.5,25682.5,25628.75,25646.75,40963.0
1762801200,25647.25,25716.5,25642.5,25702.0,39861.0
1762804800,25702.25,25760.5,25696.75,25713.0,75844.0
1762808400,25713.0,25746.25,25707.0,25720.75,18749.0
1762815600,25722.25,25746.0,25701.0,25742.0,0.0
1762819200,25741.75,25768.75,25729.25,25739.0,6296.0
1762822800,25740.75,25768.25,25733.5,25743.5,4779.0
1762826400,25743.25,25754.5,25720.25,25736.0,4678.0
1762830000,25736.0,25745.75,25717.25,25737.25,2670.0
1762833600,25736.75,25740.75,25683.0,25683.5,4094.0
1762837200,25671.0,25682.75,25652.75,25654.0,6799.0
1762840800,25653.0,25705.0,25652.0,25683.75,4491.0
1762844400,25684.75,25690.25,25646.0,25652.0,5885.0
1762848000,25653.25,25682.75,25630.25,25632.75,6298.0
1762851600,25635.75,25654.75,25596.75,25602.25,8171.0
1762855200,25602.25,25632.75,25596.25,25620.75,4382.0
1762858800,25621.25,25647.75,25608.5,25623.0,5444.0
1762862400,25623.25,25639.75,25582.25,25591.0,7119.0
1762866000,25591.5,25627.25,25571.75,25597.0,13276.0
1762869600,25596.75,25646.0,25560.25,25627.0,69720.0
1762873200,25626.75,25628.0,25486.5,25513.0,89234.0
1762876800,25513.0,25591.5,25478.5,25510.25,74500.0
1762880400,25510.25,25631.25,25506.75,25618.0,51423.0
1762884000,25617.5,25696.25,25607.25,25690.5,52805.0
1762887600,25690.5,25691.25,25637.75,25663.25,34622.0
1762891200,25663.75,25688.5,25619.75,25647.0,47741.0
1762894800,25647.75,25687.5,25626.75,25659.0,15165.0
1762902000,25668.0,25673.5,25629.5,25650.25,0.0
1762905600,25650.5,25699.5,25649.25,25684.5,5599.0
1762909200,25685.5,25738.5,25679.0,25731.0,7774.0
1762912800,25731.0,25761.5,25708.5,25725.0,7562.0
1762916400,25725.5,25734.5,25709.5,25729.0,3133.0
1762920000,25728.5,25732.0,25694.25,25713.5,3527.0
1762923600,25724.0,25754.75,25717.5,25743.75,3399.0
1762927200,25742.5,25775.5,25740.75,25771.0,3613.0
1762930800,25772.0,25813.0,25772.0,25778.25,6101.0
1762934400,25779.0,25810.75,25764.0,25793.25,5668.0
1762938000,25793.0,25826.0,25770.5,25819.5,6520.0
1762941600,25818.25,25830.0,25779.5,25797.25,4813.0
1762945200,25797.5,25804.25,25729.5,25736.25,6833.0
1762948800,25737.25,25803.5,25721.0,25792.25,9060.0
1762952400,25791.25,25812.5,25787.25,25800.5,7979.0
1762956000,25800.75,25801.0,25561.5,25593.25,88776.0
1762959600,25593.5,25660.0,25528.5,25557.0,106830.0
1762963200,25557.25,25608.5,25488.75,25532.0,84090.0
1762966800,25532.25,25629.0,25518.0,25608.75,68247.0
1762970400,25608.75,25637.25,25582.75,25612.5,43870.0
1762974000,25613.0,25624.5,25552.25,25580.25,45249.0
1762977600,25580.25,25651.5,25545.0,25625.5,60801.0
1762981200,25625.25,25654.5,25619.5,25625.0,16378.0
1762988400,25624.0,25635.25,25501.5,25542.0,0.0
1762992000,25542.0,25600.0,25538.5,25564.25,9262.0
1762995600,25564.5,25720.0,25557.5,25691.5,15123.0
1762999200,25691.0,25702.0,25645.0,25659.0,4729.0
1763002800,25659.75,25693.25,25633.5,25677.0,5602.0
1763006400,25675.5,25699.25,25664.5,25691.75,2943.0
1763010000,25698.0,25710.0,25692.25,25697.25,2739.0
1763013600,25696.5,25721.5,25684.5,25711.5,3523.0
1763017200,25711.25,25721.25,25663.0,25667.25,5240.0
1763020800,25667.25,25687.25,25643.5,25677.75,5867.0
1763024400,25677.75,25684.25,25531.25,25567.75,11686.0
1763028000,25567.75,25629.25,25562.0,25597.5,7557.0
1763031600,25597.0,25627.0,25548.0,25590.75,7347.0
1763035200,25590.0,25615.75,25550.5,25585.5,7166.0
1763038800,25585.5,25597.0,25491.75,25497.25,17388.0
1763042400,25497.75,25509.5,25281.0,25381.25,104566.0
1763046000,25382.0,25496.75,25197.0,25258.5,129217.0
1763049600,25257.75,25277.75,25159.0,25192.5,88370.0
1763053200,25192.5,25254.75,25125.75,25136.0,69984.0
1763056800,25137.5,25166.0,25012.75,25070.5,75431.0
1763060400,25070.0,25132.5,25002.5,25054.5,66877.0
1763064000,25054.25,25145.0,25015.0,25100.25,87595.0
1763067600,25100.0,25167.0,25079.5,25087.5,23690.0
1763074800,25095.25,25151.75,25087.75,25108.75,0.0
1763078400,25108.25,25143.75,25095.0,25105.75,5720.0
1763082000,25106.0,25149.25,25103.5,25118.75,5917.0
1763085600,25118.5,25159.75,25118.0,25134.25,3462.0
1763089200,25134.25,25144.25,25085.5,25110.5,4319.0
1763092800,25111.0,25117.75,25026.5,25027.5,8706.0
1763096400,25024.75,25118.25,24973.25,25101.25,11802.0
1763100000,25100.25,25103.5,25005.0,25069.5,8857.0
1763103600,25067.5,25073.75,24932.5,25000.25,15017.0
1763107200,25000.75,25012.0,24900.25,24984.5,15001.0
1763110800,24984.0,25039.75,24928.75,24941.0,10326.0
1763114400,24938.75,24994.25,24927.5,24944.75,6249.0
1763118000,24943.5,24943.5,24775.75,24828.5,19894.0
1763121600,24830.0,24833.0,24670.5,24724.25,27850.0
1763125200,24724.0,24766.25,24657.0,24716.75,30541.0
1763128800,24717.0,24970.25,24626.0,24953.0,137209.0
1763132400,24953.0,25179.0,24863.25,25143.0,149407.0
1763136000,25142.5,25268.25,25069.0,25247.75,87079.0
1763139600,25247.75,25293.25,25160.25,25203.5,73024.0
1763143200,25204.0,25224.25,25088.25,25172.75,78253.0
1763146800,25172.5,25241.75,25124.5,25228.0,46649.0
1763150400,25228.0,25251.25,25071.25,25106.0,72310.0
1763154000,25105.0,25162.5,25076.0,25094.0,23337.0
1763334000,25073.0,25188.25,25056.5,25170.75,7274.0
1763337600,25169.25,25243.5,25114.0,25232.25,10661.0
1763341200,25231.75,25257.5,25197.75,25198.0,8709.0
1763344800,25199.75,25259.25,25199.75,25252.75,6248.0
1763348400,25251.0,25269.75,25236.5,25265.5,4300.0
1763352000,25265.5,25284.75,25257.0,25273.0,3394.0
1763355600,25275.25,25286.25,25240.75,25246.25,4548.0
1763359200,25246.75,25271.25,25229.0,25238.0,4403.0
1763362800,25236.25,25327.75,25231.0,25312.25,7615.0
1763366400,25314.5,25361.25,25302.25,25355.25,8671.0
1763370000,25355.25,25360.5,25264.5,25284.25,8405.0
1763373600,25284.0,25290.75,25168.75,25199.0,8928.0
1763377200,25199.25,25244.5,25170.5,25202.75,7581.0
1763380800,25203.25,25203.5,25112.0,25131.0,11184.0
1763384400,25131.0,25139.5,25010.0,25078.25,20250.0
1763388000,25078.5,25254.0,24955.0,25198.5,95732.0
1763391600,25199.25,25216.0,25053.75,25080.5,104905.0
1763395200,25080.5,25201.0,24945.0,25196.75,88204.0
1763398800,25196.25,25199.75,24997.0,25001.0,62990.0
1763402400,25001.0,25050.75,24886.75,24895.25,68491.0
1763406000,24895.5,24911.5,24754.25,24756.25,74731.0
1763409600,24756.25,24890.75,24731.75,24887.75,89403.0
1763413200,24888.25,24926.25,24877.25,24905.5,20548.0
1763420400,24905.5,24954.5,24882.0,24920.5,0.0
1763424000,24920.75,24938.0,24830.25,24851.5,9574.0
1763427600,24852.5,24959.5,24852.5,24934.75,9252.0
1763431200,24934.5,24953.75,24838.0,24840.25,7263.0
1763434800,24839.75,24841.0,24762.0,24785.5,11206.0
1763438400,24784.75,24784.75,24607.0,24732.5,17153.0
1763442000,24744.0,24767.5,24707.25,24709.5,8665.0
1763445600,24710.25,24747.5,24640.25,24660.25,9039.0
1763449200,24659.0,24741.75,24603.75,24699.75,12207.0
1763452800,24699.5,24857.0,24697.0,24802.25,14798.0
1763456400,24803.25,24859.5,24767.0,24837.25,11114.0
1763460000,24836.75,24847.0,24788.25,24827.5,7099.0
1763463600,24825.25,24836.75,24760.5,24800.75,8053.0
1763467200,24800.75,24802.0,24659.5,24692.5,16389.0
1763470800,24694.5,24771.0,24694.5,24731.75,19019.0
1763474400,24731.75,24832.0,24522.0,24522.5,122956.0
1763478000,24521.75,24613.0,24430.0,24458.5,152350.0
1763481600,24458.75,24696.75,24378.0,24653.25,110530.0
1763485200,24653.0,24783.25,24493.5,24752.75,83376.0
1763488800,24753.5,24804.5,24692.0,24708.75,63028.0
1763492400,24710.25,24810.25,24686.0,24775.5,58309.0
1763496000,24775.25,24795.75,24578.75,24583.5,77553.0
1763499600,24583.5,24593.25,24524.75,24531.25,25077.0
1763506800,24551.0,24635.25,24540.75,24590.5,0.0
1763510400,24588.5,24601.5,24497.5,24557.0,10681.0
1763514000,24557.25,24628.0,24510.25,24551.0,10063.0
1763517600,24552.5,24648.5,24552.25,24646.5,7218.0
1763521200,24647.0,24655.5,24534.75,24542.75,6989.0
1763524800,24542.75,24562.75,24492.25,24525.25,7539.0
1763528400,24532.75,24558.75,24445.0,24534.75,7568.0
1763532000,24534.75,24572.75,24521.0,24553.25,3999.0
1763535600,24551.0,24626.25,24531.75,24607.75,6636.0
1763539200,24607.25,24652.0,24571.0,24590.75,7963.0
1763542800,24590.25,24682.5,24570.0,24676.5,7679.0
1763546400,24676.5,24710.25,24663.0,24700.25,6444.0
1763550000,24699.5,24733.25,24688.0,24693.0,8121.0
1763553600,24691.75,24722.25,24673.0,24695.25,7577.0
1763557200,24695.5,24709.0,24640.75,24664.75,14630.0
1763560800,24664.75,24903.75,24573.0,24893.75,96717.0
1763564400,24894.0,24988.0,24748.0,24769.5,123164.0
1763568000,24768.75,24785.75,24648.75,24714.5,102668.0
1763571600,24714.5,24721.25,24507.0,24635.25,81462.0
1763575200,24633.5,24712.75,24587.25,24686.75,56374.0
1763578800,24688.25,24701.25,24571.0,24658.5,52765.0
1763582400,24656.75,24830.25,24644.5,24724.75,77009.0
1763586000,24725.0,24976.25,24675.75,24958.75,50930.0
1763593200,24966.75,25110.75,24955.25,25108.75,0.0
1763596800,25107.75,25162.0,25087.25,25128.5,9806.0
1763600400,25126.5,25166.75,25102.75,25156.25,6672.0
1763604000,25156.0,25170.75,25129.0,25168.0,5644.0
1763607600,25167.75,25196.0,25139.0,25168.5,6644.0
1763611200,25168.5,25188.25,25151.25,25186.0,3399.0
1763614800,25208.0,25209.0,25157.75,25167.75,4378.0
1763618400,25169.0,25185.0,25133.0,25175.0,4865.0
1763622000,25176.0,25207.0,25137.5,25150.5,7128.0
1763625600,25150.25,25185.0,25120.75,25133.5,8399.0
1763629200,25133.5,25144.5,25045.75,25058.5,9111.0
1763632800,25061.5,25126.25,25022.25,25113.5,7721.0
1763636400,25113.5,25132.0,25047.25,25087.25,10674.0
1763640000,25089.5,25158.25,25060.75,25156.25,8429.0
1763643600,25156.0,25264.75,25120.75,25229.5,28952.0
1763647200,25230.0,25291.5,25146.0,25274.25,92002.0
1763650800,25275.0,25310.0,25156.75,25162.75,110964.0
1763654400,25162.75,25164.75,24512.0,24554.75,188902.0
1763658000,24554.0,24641.5,24308.5,24395.0,151996.0
1763661600,24395.25,24598.75,24235.5,24278.5,102153.0
1763665200,24278.75,24402.0,24205.0,24396.5,73176.0
1763668800,24396.25,24396.25,24098.0,24137.25,93184.0
1763672400,24137.75,24142.75,24073.25,24073.75,27099.0
1763679600,24110.0,24166.25,24018.0,24136.75,0.0
1763683200,24133.75,24206.0,24111.25,24182.5,10849.0
1763686800,24183.5,24235.25,24165.25,24206.25,9877.0
1763690400,24206.0,24219.5,24155.75,24172.75,7716.0
1763694000,24172.25,24238.5,24159.5,24192.25,6782.0
1763697600,24192.75,24202.75,24095.0,24158.25,8477.0
1763701200,24179.0,24210.0,24127.5,24141.0,7061.0
1763704800,24141.75,24201.75,24129.0,24174.25,5577.0
1763708400,24174.25,24199.0,24060.25,24078.25,9976.0
1763712000,24078.75,24215.0,24078.5,24207.0,14051.0
1763715600,24207.75,24217.0,24030.0,24035.25,12949.0
1763719200,24034.5,24095.5,23904.5,24092.25,28047.0
1763722800,24091.25,24153.25,24010.25,24055.5,18270.0
1763726400,24056.5,24261.5,23952.5,24190.75,48181.0
1763730000,24191.75,24292.0,24144.5,24244.5,33820.0
1763733600,24242.0,24298.0,24101.5,24174.25,111166.0
1763737200,24174.25,24228.5,23927.25,24022.25,150210.0
1763740800,24018.5,24373.25,23935.0,24372.25,95087.0
1763744400,24371.75,24415.5,24305.5,24350.25,68502.0
1763748000,24350.5,24559.5,24203.5,24477.25,84010.0
1763751600,24477.5,24596.25,24427.5,24458.75,63057.0
1763755200,24458.75,24496.25,24285.0,24317.75,72239.0
1763758800,24309.0,24358.25,24302.75,24305.5,20755.0
1763938800,24495.0,24521.75,24455.25,24471.5,5506.0
1763942400,24470.25,24475.0,24404.0,24447.25,6960.0
1763946000,24445.5,24482.75,24414.75,24450.25,7505.0
1763949600,24450.25,24516.25,24433.5,24515.25,6800.0
1763953200,24516.5,24522.75,24474.25,24484.75,4454.0
1763956800,24483.0,24491.5,24431.75,24454.75,5451.0
1763960400,24452.0,24511.0,24445.0,24495.5,4232.0
1763964000,24496.25,24501.5,24462.0,24475.5,2780.0
1763967600,24475.0,24525.0,24450.5,24513.5,4835.0
1763971200,24513.0,24563.25,24456.25,24552.75,9504.0
1763974800,24551.75,24562.25,24365.0,24422.75,14920.0
1763978400,24424.0,24438.75,24361.75,24402.5,8890.0
1763982000,24401.25,24462.5,24378.0,24455.75,7997.0
1763985600,24455.0,24516.25,24423.0,24505.75,11239.0
1763989200,24505.25,24564.0,24491.0,24499.25,14443.0
1763992800,24498.0,24722.75,24495.25,24683.5,86925.0
1763996400,24683.0,24817.25,24664.0,24780.25,96442.0
1764000000,24780.0,24889.75,24779.5,24846.25,59780.0
1764003600,24847.0,24939.75,24829.0,24920.5,52104.0
1764007200,24920.25,24953.75,24914.0,24925.5,36455.0
1764010800,24925.25,24961.0,24893.0,24914.0,43358.0
1764014400,24914.25,24993.5,24912.75,24942.5,76273.0
1764018000,24933.0,24975.5,24925.75,24962.75,23902.0
1764025200,24966.25,24986.5,24950.75,24960.0,0.0
1764028800,24959.25,24967.5,24918.75,24958.25,7695.0
1764032400,24957.75,24962.5,24919.25,24923.5,4253.0
1764036000,24924.25,24956.0,24920.75,24947.0,3578.0
1764039600,24947.75,24959.0,24915.25,24922.5,3906.0
1764043200,24924.0,24953.75,24920.75,24932.5,2244.0
1764046800,24940.0,24955.25,24913.25,24921.0,2728.0
1764050400,24921.25,24938.75,24894.5,24901.5,3816.0
1764054000,24902.25,24937.75,24880.75,24914.25,5044.0
1764057600,24913.75,24931.0,24856.5,24865.5,7152.0
1764061200,24867.0,24899.25,24822.0,24857.75,9286.0
1764064800,24857.5,24893.5,24835.75,24886.25,6005.0
1764068400,24887.75,24897.75,24844.75,24875.0,6010.0
1764072000,24874.5,24975.25,24866.25,24910.25,16222.0
1764075600,24910.25,24960.0,24873.5,24883.5,21749.0
1764079200,24884.0,24892.75,24602.0,24817.0,119440.0
1764082800,24819.0,24873.0,24655.5,24818.0,122365.0
1764086400,24818.25,24913.5,24773.5,24899.25,58778.0
1764090000,24899.25,25060.75,24893.75,24986.25,61296.0
1764093600,24986.5,25049.5,24982.75,25023.75,35785.0
1764097200,25024.0,25033.25,24938.0,25013.75,40346.0
1764100800,25014.5,25135.25,25012.5,25079.75,62008.0
1764104400,25080.25,25099.75,25059.5,25085.5,13840.0
1764111600,25071.25,25094.0,25061.25,25086.25,0.0
1764115200,25085.75,25127.0,25066.5,25120.25,4924.0
1764118800,25120.0,25171.0,25111.25,25166.0,6433.0
1764122400,25165.25,25183.75,25156.25,25181.75,4826.0
1764126000,25182.5,25196.5,25168.25,25180.75,3624.0
1764129600,25181.25,25188.5,25160.5,25169.5,2369.0
1764133200,25186.0,25202.5,25181.5,25199.5,3254.0
1764136800,25200.0,25221.5,25186.75,25211.25,3042.0
1764140400,25211.0,25235.75,25208.75,25212.0,4232.0
1764144000,25212.5,25224.75,25171.0,25172.5,6898.0
1764147600,25172.5,25175.0,25137.5,25148.5,7121.0
1764151200,25149.75,25203.5,25148.5,25197.0,4941.0
1764154800,25196.25,25215.25,25173.75,25179.5,5599.0
1764158400,25178.75,25185.0,25118.5,25175.0,13067.0
1764162000,25175.5,25220.5,25168.0,25214.0,15652.0
1764165600,25214.25,25280.25,25155.25,25167.5,79150.0
1764169200,25167.0,25271.5,25133.75,25268.0,87844.0
1764172800,25268.25,25376.0,25263.25,25354.25,63158.0
1764176400,25355.0,25369.25,25313.25,25338.75,40549.0
1764180000,25339.0,25360.0,25281.0,25316.5,50492.0
1764183600,25316.5,25355.25,25297.75,25332.5,37672.0
1764187200,25332.5,25360.75,25294.75,25296.25,51026.0
1764190800,25296.5,25331.5,25293.25,25314.0,13982.0
1764198000,25313.0,25336.75,25312.0,25323.75,0.0
1764201600,25323.5,25333.25,25315.0,25330.25,1952.0
1764205200,25330.75,25339.25,25304.0,25333.75,2531.0
1764208800,25334.75,25338.5,25314.75,25316.25,1561.0
1764212400,25316.75,25324.0,25305.0,25313.5,1325.0
1764216000,25313.0,25326.0,25308.75,25323.25,893.0
1764334800,25368.5,25399.0,25362.75,25373.0,2412.0
1764340200,25373.0,25422.0,25331.0,25369.25,23792.0
1764343800,25370.5,25421.75,25352.25,25409.5,26400.0
1764347400,25409.0,25436.25,25367.5,25426.25,34404.0
1764351000,25426.75,25490.5,25394.25,25487.0,41805.0
1764352800,25486.75,25499.75,25467.25,25482.0,13456.0
1764543600,25498.5,25524.25,25442.75,25466.25,7883.0
1764547200,25467.5,25471.0,25305.25,25321.0,16697.0
1764550800,25320.75,25344.25,25266.0,25318.25,14330.0
1764554400,25319.0,25327.75,25267.5,25282.75,8806.0
1764558000,25281.25,25283.75,25237.25,25260.25,7504.0
1764561600,25258.5,25266.0,25227.25,25235.25,4448.0
1764565200,25231.0,25257.5,25193.25,25252.0,6948.0
1764568800,25251.25,25271.25,25232.25,25267.75,5078.0
1764572400,25268.0,25285.0,25238.25,25280.0,5508.0
1764576000,25278.75,25342.75,25268.0,25307.75,8298.0
1764579600,25308.0,25341.5,25273.25,25283.25,7171.0
1764583200,25282.25,25333.5,25282.25,25313.0,4549.0
1764586800,25312.5,25319.75,25279.75,25295.0,4489.0
1764590400,25296.0,25307.5,25210.75,25226.0,10490.0
1764594000,25226.75,25270.75,25214.75,25266.0,13380.0
1764597600,25266.0,25379.5,25209.25,25365.5,82471.0
1764601200,25365.75,25420.0,25267.5,25412.75,94809.0
1764604800,25413.0,25451.0,25322.5,25435.5,60880.0
1764608400,25434.75,25495.75,25414.25,25450.5,42008.0
1764612000,25450.75,25492.75,25446.5,25486.5,26876.0
1764615600,25486.75,25488.0,25357.0,25373.75,56745.0
1764619200,25373.75,25421.25,25365.0,25402.0,62520.0
1764622800,25402.0,25413.5,25383.25,25399.75,12647.0
1764630000,25411.5,25425.0,25378.5,25398.75,0.0
1764633600,25399.0,25419.5,25383.0,25408.0,3516.0
1764637200,25408.0,25445.0,25400.0,25413.5,4782.0
1764640800,25413.0,25432.25,25386.0,25424.0,4407.0
1764644400,25423.75,25426.5,25348.25,25391.0,6407.0
1764648000,25390.5,25400.0,25366.5,25369.0,2335.0
1764651600,25376.25,25380.0,25359.5,25373.0,2442.0
1764655200,25373.0,25386.75,25334.25,25368.5,3627.0
1764658800,25369.5,25388.0,25351.0,25358.75,3081.0
1764662400,25357.0,25426.75,25324.75,25421.0,7314.0
1764666000,25420.5,25451.5,25418.75,25442.25,5969.0
1764669600,25441.5,25499.75,25436.5,25490.0,5436.0
1764673200,25489.5,25508.75,25476.25,25481.25,5124.0
1764676800,25481.25,25501.25,25458.0,25498.75,7183.0
1764680400,25498.5,25514.75,25480.5,25506.75,9529.0
1764684000,25507.25,25613.0,25471.25,25597.75,78078.0
1764687600,25598.5,25670.0,25531.0,25647.75,97069.0
1764691200,25648.0,25663.5,25414.5,25509.25,106762.0
1764694800,25509.75,25622.25,25504.5,25506.25,56304.0
1764698400,25506.25,25587.25,25496.5,25577.0,44662.0
1764702000,25577.25,25643.0,25563.25,25633.75,38457.0
1764705600,25634.0,25646.75,25591.5,25600.5,46000.0
1764709200,25600.75,25607.5,25586.5,25603.75,11219.0
1764716400,25611.0,25633.5,25610.0,25623.75,0.0
1764720000,25624.75,25639.5,25576.0,25626.5,6848.0
1764723600,25627.25,25649.5,25625.25,25640.0,3886.0
1764727200,25640.0,25673.75,25637.0,25655.25,4816.0
1764730800,25654.75,25677.0,25642.25,25668.5,2838.0
1764734400,25668.0,25672.75,25657.25,25660.5,1491.0
1764738000,25673.25,25678.25,25654.5,25660.25,2096.0
1764741600,25660.5,25665.75,25637.5,25657.25,2762.0
1764745200,25657.5,25676.75,25643.0,25651.75,2933.0
1764748800,25651.25,25667.75,25613.25,25659.5,5474.0
1764752400,25659.25,25661.0,25613.75,25638.25,5642.0
1764756000,25637.75,25650.75,25605.25,25624.25,3905.0
1764759600,25624.75,25644.75,25610.25,25634.5,3290.0
1764763200,25633.75,25663.75,25614.75,25654.75,5578.0
1764766800,25654.5,25677.75,25639.5,25648.5,9326.0
1764770400,25648.0,25653.0,25421.5,25494.5,105271.0
1764774000,25497.5,25605.5,25482.25,25563.0,97862.0
1764777600,25563.25,25621.5,25521.75,25560.25,59700.0
1764781200,25560.75,25637.25,25555.0,25625.5,41886.0
1764784800,25625.25,25654.75,25608.25,25629.0,32987.0
1764788400,25628.5,25672.25,25625.75,25669.75,27796.0
1764792000,25670.0,25685.25,25640.75,25657.25,45299.0
1764795600,25657.5,25662.0,25636.0,25657.5,12630.0
1764802800,25650.25,25658.75,25633.75,25647.5,0.0
1764806400,25647.5,25666.0,25622.0,25632.75,3305.0
1764810000,25632.5,25662.75,25628.5,25639.25,3327.0
1764813600,25640.25,25657.5,25619.25,25649.0,3321.0
1764817200,25649.25,25650.0,25613.25,25630.25,2790.0
1764820800,25631.5,25643.0,25618.5,25640.5,2071.0
1764824400,25637.5,25649.75,25628.25,25639.25,1955.0
1764828000,25640.25,25665.75,25639.25,25654.25,2284.0
1764831600,25655.25,25669.75,25651.25,25657.0,2343.0
1764835200,25656.0,25657.5,25603.25,25634.0,5950.0
1764838800,25634.25,25692.5,25611.5,25684.25,6033.0
1764842400,25685.0,25691.25,25640.75,25644.0,3956.0
1764846000,25644.75,25657.5,25626.25,25656.0,4482.0
1764849600,25656.0,25674.5,25651.75,25658.75,4638.0
1764853200,25657.75,25666.5,25618.25,25632.0,8680.0
1764856800,25631.75,25732.5,25540.25,25555.5,86731.0
1764860400,25555.5,25639.25,25520.5,25569.75,83398.0
1764864000,25569.5,25650.25,25505.0,25642.0,72362.0
1764867600,25642.0,25653.25,25585.75,25617.5,41848.0
1764871200,25617.5,25632.5,25574.75,25604.0,35893.0
1764874800,25603.75,25612.0,25488.75,25589.0,60494.0
1764878400,25589.25,25632.75,25551.75,25627.25,53268.0
1764882000,25627.75,25637.75,25617.25,25632.5,12959.0
1764889200,25629.75,25648.75,25608.5,25621.0,0.0
1764892800,25620.75,25657.5,25611.0,25654.0,3387.0
1764896400,25654.0,25684.0,25652.5,25682.0,3578.0
1764900000,25681.75,25713.25,25679.0,25689.5,4238.0
1764903600,25689.75,25707.0,25683.25,25701.0,2345.0
1764907200,25700.25,25717.25,25696.75,25713.0,2568.0
1764910800,25718.0,25724.25,25708.0,25723.5,2132.0
1764914400,25723.75,25730.0,25702.25,25713.0,2968.0
1764918000,25712.0,25729.25,25704.0,25725.0,3349.0
1764921600,25725.5,25755.75,25721.5,25725.75,6259.0
1764925200,25724.25,25736.25,25706.25,25718.5,3810.0
1764928800,25717.5,25736.75,25712.5,25715.75,2523.0
1764932400,25716.0,25727.25,25704.25,25719.0,2691.0
1764936000,25720.25,25736.0,25688.5,25703.25,5980.0
1764939600,25703.0,25710.0,25579.75,25614.25,20280.0
1764943200,25613.75,25803.25,25611.5,25791.25,74138.0
1764946800,25791.25,25868.0,25716.25,25743.0,92669.0
1764950400,25743.0,25767.0,25651.25,25730.25,81936.0
1764954000,25729.5,25740.75,25664.75,25730.5,45267.0
1764957600,25729.75,25758.5,25700.0,25726.75,34938.0
1764961200,25727.75,25743.75,25702.5,25737.5,31401.0
1764964800,25737.75,25740.25,25677.75,25726.0,47838.0
1764968400,25726.25,25743.75,25723.25,25732.0,11673.0
1765148400,25738.75,25756.5,25723.5,25746.5,2894.0
1765152000,25746.25,25750.25,25700.25,25747.25,4463.0
1765155600,25746.25,25772.0,25743.0,25768.25,3897.0
1765159200,25768.0,25783.25,25761.5,25782.5,3352.0
1765162800,25783.0,25794.25,25777.0,25789.5,2539.0
1765166400,25789.75,25803.25,25787.0,25800.25,1592.0
1765170000,25798.25,25804.25,25791.0,25794.25,1715.0
1765173600,25794.75,25811.5,25785.5,25790.5,2675.0
1765177200,25789.5,25821.25,25775.25,25805.25,4228.0
1765180800,25805.5,25806.25,25768.25,25774.75,4647.0
1765184400,25774.75,25798.0,25768.5,25774.5,3972.0
1765188000,25774.0,25799.0,25762.5,25793.0,3682.0
1765191600,25793.5,25797.75,25771.0,25773.5,3341.0
1765195200,25775.0,25811.25,25764.75,25803.5,4067.0
1765198800,25803.25,25833.0,25784.5,25810.5,10876.0
1765202400,25810.25,25860.75,25721.5,25744.5,69606.0
1765206000,25744.75,25778.0,25649.75,25663.0,69668.0
1765209600,25662.75,25671.5,25626.25,25639.5,55898.0
1765213200,25640.25,25690.0,25593.75,25680.5,54365.0
1765216800,25680.25,25696.25,25564.75,25592.5,53415.0
1765220400,25592.75,25622.25,25568.0,25591.75,36805.0
1765224000,25591.75,25671.75,25582.5,25669.0,46594.0
1765227600,25669.0,25707.5,25656.25,25706.75,23151.0
1765234800,25713.0,25728.5,25692.0,25726.25,0.0
1765238400,25727.25,25727.25,25711.5,25719.75,2707.0
1765242000,25719.25,25729.5,25684.0,25693.5,5458.0
1765245600,25693.25,25708.5,25675.25,25692.75,3100.0
1765249200,25692.25,25702.25,25685.25,25698.0,2510.0
1765252800,25698.75,25699.75,25682.75,25687.0,1668.0
1765256400,25676.0,25679.25,25662.0,25663.5,2592.0
1765260000,25664.0,25688.25,25646.75,25683.25,2999.0
1765263600,25683.0,25697.0,25676.25,25691.25,1960.0
1765267200,25690.5,25712.5,25682.25,25695.75,3786.0
1765270800,25695.5,25696.0,25650.0,25656.25,3598.0
1765274400,25655.5,25692.5,25601.0,25668.75,9277.0
1765278000,25668.5,25681.75,25630.75,25672.5,5530.0
1765281600,25672.75,25676.25,25645.5,25663.75,3989.0
1765285200,25663.5,25666.0,25607.0,25617.0,9105.0
1765288800,25616.5,25653.5,25560.0,25629.5,64394.0
1765292400,25630.5,25685.25,25605.5,25684.5,67690.0
1765296000,25683.75,25716.0,25668.25,25709.0,51909.0
1765299600,25709.0,25733.0,25689.25,25717.75,38618.0
1765303200,25716.75,25735.75,25690.75,25721.75,38976.0
1765306800,25721.75,25724.25,25683.0,25702.5,30377.0
1765310400,25701.75,25722.0,25683.75,25703.25,37881.0
1765314000,25703.0,25703.75,25674.75,25676.25,10364.0
1765321200,25680.0,25691.5,25669.5,25671.5,0.0
1765324800,25671.75,25693.75,25650.5,25651.25,3868.0
1765328400,25650.5,25664.5,25639.25,25656.25,3822.0
1765332000,25656.0,25679.0,25655.0,25674.25,2365.0
1765335600,25673.5,25686.5,25662.75,25673.75,2010.0
1765339200,25674.0,25710.0,25674.0,25692.5,2437.0
1765342800,25677.0,25686.75,25668.25,25681.5,2348.0
1765346400,25682.25,25713.25,25681.0,25703.75,2292.0
1765350000,25703.25,25730.5,25698.25,25728.25,2589.0
1765353600,25728.75,25745.75,25705.25,25720.5,4602.0
1765357200,25721.0,25732.25,25703.75,25709.25,2769.0
1765360800,25709.0,25734.0,25616.0,25650.25,9486.0
1765364400,25650.75,25694.75,25638.5,25665.5,6069.0
1765368000,25666.25,25668.75,25627.25,25648.25,4676.0
1765371600,25649.0,25720.0,25645.0,25672.5,9652.0
1765375200,25673.0,25682.75,25567.0,25631.25,73938.0
1765378800,25630.5,25656.5,25550.25,25566.75,73573.0
1765382400,25567.0,25658.25,25528.75,25650.5,55942.0
1765386000,25650.5,25682.25,25615.75,25665.25,33387.0
1765389600,25664.75,25667.75,25595.0,25616.75,30692.0
1765393200,25614.5,25834.75,25602.5,25824.75,128266.0
1765396800,25824.0,25870.75,25788.0,25800.0,73747.0
1765400400,25799.25,25811.25,25758.75,25800.5,17142.0
1765407600,25769.5,25796.0,25715.75,25730.5,0.0
1765411200,25730.25,25734.0,25671.0,25684.0,5370.0
1765414800,25683.25,25683.75,25650.5,25660.75,4953.0
1765418400,25659.25,25661.25,25523.75,25549.25,10977.0
1765422000,25550.0,25550.25,25383.0,25486.5,18912.0
1765425600,25486.5,25534.0,25476.0,25509.5,6904.0
1765429200,25497.5,25521.5,25483.5,25514.0,3860.0
1765432800,25514.5,25523.5,25470.75,25510.0,4026.0
1765436400,25510.25,25542.25,25475.0,25539.75,4880.0
1765440000,25539.0,25544.25,25474.25,25536.5,8489.0
1765443600,25536.25,25623.75,25529.25,25603.5,8730.0
1765447200,25604.0,25616.5,25580.0,25598.0,4874.0
1765450800,25598.0,25630.0,25591.25,25623.5,4272.0
1765454400,25622.75,25701.0,25617.0,25692.5,11356.0
1765458000,25692.5,25699.5,25632.0,25643.5,11897.0
1765461600,25643.75,25681.0,25400.5,25414.5,113190.0
1765465200,25414.75,25629.25,25390.25,25531.0,120822.0
1765468800,25531.25,25589.25,25456.25,25501.25,76225.0
1765472400,25501.25,25647.5,25494.75,25592.5,55226.0
1765476000,25592.0,25687.0,25582.0,25637.5,46946.0
1765479600,25636.75,25722.75,25635.25,25689.5,34340.0
1765483200,25690.25,25720.0,25660.5,25715.0,46829.0
1765486800,25715.0,25861.5,25708.5,25834.75,23832.0
1765494000,25701.0,25733.25,25648.75,25671.75,0.0
1765497600,25670.75,25686.25,25640.75,25646.75,5630.0
1765501200,25647.75,25681.25,25646.5,25678.5,2983.0
1765504800,25677.5,25703.75,25674.25,25694.5,2765.0
1765508400,25695.0,25697.5,25663.75,25669.25,2227.0
1765512000,25669.75,25673.5,25653.75,25658.0,2621.0
1765515600,25668.75,25699.25,25659.25,25691.25,2879.0
1765519200,25691.25,25704.25,25676.0,25679.75,2625.0
1765522800,25679.0,25679.0,25657.25,25665.25,2861.0
1765526400,25666.5,25682.75,25651.0,25662.75,4249.0
1765530000,25662.0,25667.25,25562.0,25587.75,8571.0
1765533600,25586.75,25622.0,25565.25,25583.25,5607.0
1765537200,25584.5,25588.5,25532.5,25552.0,6657.0
1765540800,25553.75,25596.0,25538.25,25567.25,7366.0
1765544400,25568.25,25626.25,25558.5,25625.75,10059.0
1765548000,25625.5,25632.25,25501.5,25558.25,91854.0
1765551600,25558.25,25559.0,25214.0,25240.5,166012.0
1765555200,25240.25,25277.25,25118.0,25174.5,124420.0
1765558800,25173.5,25311.5,25162.75,25276.5,72664.0
1765562400,25277.25,25372.5,25262.75,25278.25,62249.0
1765566000,25279.0,25285.5,25215.25,25244.0,51415.0
1765569600,25244.25,25262.75,25145.5,25209.75,81969.0
1765573200,25209.5,25226.0,25199.25,25213.5,19052.0
1765753200,25146.5,25200.0,25141.25,25194.0,3391.0
1765756800,25191.0,25241.75,25188.0,25234.25,3815.0
1765760400,25235.5,25265.0,25221.75,25260.75,4332.0
1765764000,25260.75,25284.25,25254.0,25262.25,3319.0
1765767600,25261.5,25273.25,25244.5,25255.25,2162.0
1765771200,25255.75,25275.0,25233.25,25267.0,2403.0
1765774800,25269.25,25282.5,25254.5,25278.0,1541.0
1765778400,25275.75,25279.5,25249.25,25274.0,2011.0
1765782000,25274.25,25282.25,25237.75,25253.0,2960.0
1765785600,25253.5,25291.25,25230.25,25286.25,3393.0
1765789200,25284.75,25333.5,25274.75,25325.0,3769.0
1765792800,25324.0,25346.0,25316.5,25338.75,3851.0
1765796400,25337.0,25357.5,25328.0,25354.75,3629.0
1765800000,25354.5,25361.5,25324.0,25352.75,5550.0
1765803600,25351.25,25383.5,25336.25,25380.75,13481.0
1765807200,25380.0,25410.0,25213.75,25223.75,65420.0
1765810800,25225.75,25235.75,25033.25,25153.0,91087.0
1765814400,25154.25,25266.75,25119.0,25162.5,58377.0
1765818000,25161.0,25187.75,25084.25,25131.25,43669.0
1765821600,25130.0,25169.5,25080.25,25152.5,36237.0
1765825200,25152.5,25181.5,25106.25,25150.0,29878.0
1765828800,25149.5,25157.25,25082.5,25084.0,39569.0
1765832400,25085.25,25107.5,25077.0,25101.5,7178.0
1765839600,25101.25,25122.0,25037.0,25058.25,0.0
1765843200,25058.75,25068.25,24993.0,25003.0,3306.0
1765846800,25005.0,25014.0,24864.75,24903.5,4355.0
1765850400,24902.75,24937.0,24878.25,24903.0,2701.0
1765854000,24902.75,24921.75,24855.75,24912.5,2054.0
1765857600,24915.75,24927.5,24874.25,24917.0,1037.0
1765861200,24905.0,24909.0,24858.5,24865.25,995.0
1765864800,24867.5,24888.25,24857.75,24883.75,897.0
1765868400,24886.0,24899.0,24828.0,24877.75,2201.0
1765872000,24880.5,25211.75,24880.5,25203.5,38045.0
1765875600,25204.0,25231.5,24919.5,24936.25,0.0
1765879200,24936.25,25274.5,24922.0,25247.0,44769.0
1765882800,25246.0,25294.0,24988.75,25293.0,4406.0
1765886400,25047.0,25324.25,25034.5,25298.0,10478.0
1765890000,25298.0,25386.5,24994.5,25252.0,27522.0
1765893600,25252.5,25398.75,24961.0,25147.0,0.0
1765897200,25149.25,25409.0,24937.25,25321.75,236454.0
1765900800,25322.0,25344.0,24971.0,25335.5,75744.0
1765904400,25335.75,25355.0,24952.5,25200.0,65717.0
1765908000,25200.5,25350.25,24934.0,25316.25,64919.0
1765911600,25315.75,25349.25,24985.5,25318.5,54324.0
1765915200,25318.25,25444.0,25072.0,25132.75,0.0
1765918800,25131.5,25376.0,25069.25,25321.5,434518.0
1765926000,25332.0,25363.0,25059.0,25077.25,0.0
1765929600,25315.0,25327.75,25026.25,25305.25,11093.0
1765933200,25306.75,25359.5,25062.75,25357.0,6039.0
1765936800,25357.25,25374.0,25089.25,25121.75,0.0
1765940400,25360.0,25380.25,25100.75,25349.25,20753.0
1765944000,25351.5,25366.5,25072.25,25314.25,3328.0
1765947600,25318.5,25357.25,25061.25,25353.0,4326.0
1765951200,25113.75,25417.75,25111.5,25395.75,5035.0
1765954800,25394.25,25432.25,25142.75,25412.75,5012.0
1765958400,25412.75,25436.5,25149.75,25415.75,5764.0
1765962000,25415.25,25470.0,25162.25,25463.5,6446.0
1765965600,25462.75,25491.75,25213.0,25482.75,5677.0
1765969200,25483.5,25499.0,25224.25,25494.75,4610.0
1765972800,25494.25,25508.5,25232.5,25486.75,5318.0
1765976400,25244.0,25497.0,25152.0,25464.5,25376.0
1765980000,25464.75,25482.0,25011.5,25332.0,101686.0
1765983600,25099.5,25345.75,24807.5,25059.5,133625.0
1765987200,25058.25,25122.5,24758.75,25034.5,105398.0
1765990800,25035.25,25085.0,24756.25,25022.5,70764.0
1765994400,25022.0,25078.0,24795.25,24957.75,49108.0
1765998000,24956.5,24985.5,24922.0,24975.5,43370.0
1766001600,24975.0,24983.25,24887.75,24892.0,61619.0
1766005200,24892.5,24995.75,24892.5,24951.75,25983.0
1766012400,24983.5,24999.0,24925.0,24932.0,0.0
1766016000,24933.5,24998.0,24901.25,24987.0,7872.0
1766019600,24987.75,24993.75,24950.5,24962.25,5482.0
1766023200,24965.0,25012.25,24956.75,24970.25,5505.0
1766026800,24969.75,24972.0,24902.25,24941.0,5504.0
1766030400,24941.5,24991.0,24938.75,24987.25,3401.0
1766034000,24992.75,24993.0,24965.5,24985.25,3018.0
1766037600,24984.75,24991.25,24953.75,24983.0,3578.0
1766041200,24984.0,25041.25,24982.5,25031.75,7072.0
1766044800,25030.25,25073.0,25008.25,25055.25,6823.0
1766048400,25055.0,25097.25,25031.0,25096.5,5761.0
1766052000,25096.75,25099.5,25065.5,25079.25,3807.0
1766055600,25079.0,25104.0,25074.5,25100.0,3754.0
1766059200,25101.5,25114.5,25085.0,25093.75,5589.0
1766062800,25094.75,25264.0,25064.75,25223.0,33964.0
1766066400,25221.5,25329.5,25161.25,25277.5,104960.0
1766070000,25277.5,25407.25,25174.75,25366.0,117828.0
1766073600,25365.75,25412.5,25343.25,25386.5,60492.0
1766077200,25386.75,25386.75,25184.5,25355.25,101231.0
1766080800,25355.5,25402.25,25317.25,25338.5,51661.0
1766084400,25338.0,25340.0,25193.75,25208.0,70462.0
1766088000,25208.25,25343.5,25192.5,25252.0,72742.0
1766091600,25252.25,25257.25,25196.5,25219.0,17258.0
1766098800,25240.0,25257.5,25209.75,25257.0,0.0
1766102400,25257.25,25266.5,25220.5,25243.25,5281.0
1766106000,25244.0,25277.25,25211.25,25266.75,6324.0
1766109600,25266.25,25286.75,25250.0,25251.75,4571.0
1766113200,25251.0,25321.75,25236.0,25306.0,6507.0
1766116800,25307.5,25318.25,25286.25,25307.0,3097.0
1766120400,25291.5,25312.75,25282.0,25291.75,2697.0
1766124000,25291.75,25305.25,25266.75,25298.25,3393.0
1766127600,25299.0,25372.5,25298.5,25348.25,6354.0
1766131200,25346.25,25387.25,25340.75,25370.5,6671.0
1766134800,25370.0,25393.5,25355.5,25383.75,4240.0
1766138400,25383.25,25383.5,25354.0,25361.0,4240.0
1766142000,25360.5,25365.0,25315.5,25340.75,5479.0
1766145600,25341.75,25356.75,25279.0,25280.25,7945.0
1766149200,25280.25,25339.75,25273.75,25323.5,11031.0
1766152800,25323.0,25573.0,25298.25,25560.25,105294.0
1766156400,25558.75,25600.25,25465.25,25483.0,81974.0
1766160000,25483.0,25565.0,25460.0,25505.25,56775.0
1766163600,25505.25,25597.5,25502.0,25578.25,40406.0
1766167200,25577.75,25592.0,25543.75,25551.75,27927.0
1766170800,25551.5,25589.5,25550.5,25569.0,20572.0
1766174400,25569.5,25593.0,25549.75,25581.0,55108.0
1766178000,25581.5,25599.25,25568.0,25574.75,17350.0
1766358000,25643.5,25675.0,25632.25,25668.5,4548.0
1766361600,25669.5,25682.75,25645.0,25654.75,5362.0
1766365200,25654.75,25697.0,25653.75,25688.75,4339.0
1766368800,25689.0,25698.5,25680.75,25695.5,2585.0
1766372400,25695.75,25699.25,25673.5,25678.75,2636.0
1766376000,25679.0,25691.25,25672.0,25683.0,1961.0
1766379600,25680.25,25682.5,25662.25,25674.5,2271.0
1766383200,25674.25,25699.0,25674.0,25690.0,1823.0
1766386800,25690.25,25711.0,25688.75,25702.25,2393.0
1766390400,25703.0,25716.5,25681.0,25687.75,3455.0
1766394000,25687.5,25725.75,25683.25,25712.5,3378.0
1766397600,25712.5,25720.5,25706.0,25707.25,1583.0
1766401200,25707.75,25719.25,25698.5,25699.75,2715.0
1766404800,25700.25,25740.25,25696.25,25736.75,5056.0
1766408400,25736.75,25757.0,25730.75,25752.5,7255.0
1766412000,25753.0,25794.75,25672.25,25748.0,76049.0
1766415600,25747.0,25754.75,25628.0,25674.5,67091.0
1766419200,25674.25,25721.25,25672.5,25714.75,38433.0
1766422800,25715.0,25727.25,25686.5,25721.0,30789.0
1766426400,25721.25,25722.25,25673.0,25689.5,29437.0
1766430000,25689.75,25712.25,25676.25,25690.5,22906.0
1766433600,25690.75,25703.5,25679.25,25688.25,33732.0
1766437200,25688.25,25706.5,25688.0,25700.25,8213.0
1766444400,25701.0,25722.5,25700.5,25714.25,0.0
1766448000,25713.5,25724.25,25709.0,25722.0,1833.0
1766451600,25722.5,25730.0,25695.0,25710.5,3382.0
1766455200,25710.75,25738.75,25709.25,25723.0,3639.0
1766458800,25723.5,25731.5,25708.25,25712.25,1916.0
1766462400,25711.25,25713.5,25683.0,25688.0,2058.0
1766466000,25687.25,25698.5,25677.5,25677.75,1971.0
1766469600,25677.25,25681.25,25653.25,25667.75,2799.0
1766473200,25667.5,25679.25,25658.0,25670.75,2106.0
1766476800,25669.5,25708.25,25666.25,25691.0,3478.0
1766480400,25690.0,25728.5,25688.75,25718.75,2702.0
1766484000,25718.5,25725.0,25699.0,25706.5,2391.0
1766487600,25706.5,25709.5,25687.0,25694.0,2033.0
1766491200,25694.25,25702.0,25661.0,25685.25,3884.0
1766494800,25684.75,25687.0,25608.25,25619.75,13013.0
1766498400,25621.0,25751.25,25609.0,25692.75,65045.0
1766502000,25692.25,25741.0,25628.25,25731.25,66020.0
1766505600,25731.5,25776.5,25726.5,25773.25,40649.0
1766509200,25774.0,25777.75,25750.75,25754.75,24433.0
1766512800,25754.25,25780.25,25751.5,25774.0,19535.0
1766516400,25774.0,25800.5,25772.5,25797.25,20387.0
1766520000,25797.0,25820.5,25792.25,25811.25,34744.0
1766523600,25811.25,25822.5,25801.75,25811.5,10166.0
1766530800,25815.75,25819.25,25800.25,25809.75,0.0
1766534400,25810.0,25827.0,25808.5,25815.75,2220.0
1766538000,25816.5,25822.5,25802.0,25808.0,2075.0
1766541600,25807.0,25812.25,25782.75,25793.25,2629.0
1766545200,25793.0,25802.5,25786.25,25797.0,1428.0
1766548800,25796.25,25802.25,25781.0,25783.0,1397.0
1766552400,25783.5,25799.0,25780.0,25791.25,1566.0
1766556000,25791.0,25800.5,25790.25,25793.0,917.0
1766559600,25792.75,25796.25,25784.25,25787.75,1186.0
1766563200,25788.5,25797.0,25786.75,25789.5,1392.0
1766566800,25789.75,25807.0,25783.5,25798.75,1494.0
1766570400,25798.75,25799.0,25787.0,25792.75,1160.0
1766574000,25792.75,25800.5,25785.5,25792.0,1076.0
1766577600,25792.25,25817.5,25789.0,25815.75,2238.0
1766581200,25815.75,25831.75,25800.5,25822.5,4873.0
1766586600,25822.75,25827.5,25784.0,25809.75,34303.0
1766590200,25809.5,25840.75,25803.75,25828.75,34124.0
1766593800,25829.0,25885.0,25828.0,25876.25,31422.0
1766597400,25876.5,25892.0,25864.0,25877.75,26844.0
1766599200,25877.5,25881.75,25852.5,25880.5,5273.0
1766725200,25879.5,25888.5,25871.0,25876.25,1152.0
1766728800,25876.5,25880.75,25868.0,25871.75,1115.0
1766732400,25871.5,25873.25,25849.5,25860.25,1694.0
1766736000,25859.5,25862.0,25843.25,25857.5,1708.0
1766739600,25857.25,25878.5,25854.75,25876.0,1720.0
1766743200,25876.5,25899.0,25875.5,25882.25,1761.0
1766746800,25884.25,25888.5,25866.25,25876.5,1547.0
1766750400,25876.0,25897.0,25869.0,25890.0,1896.0
1766754000,25890.0,25923.25,25886.75,25896.5,5772.0
1766757600,25897.0,25935.25,25864.5,25881.0,40248.0
1766761200,25881.0,25906.0,25834.25,25899.5,45918.0
1766764800,25899.0,25912.0,25857.0,25873.75,27951.0
1766768400,25873.5,25881.75,25847.75,25871.75,21696.0
1766772000,25871.75,25893.25,25854.5,25891.75,16975.0
1766775600,25891.75,25899.0,25873.0,25891.25,17696.0
1766779200,25890.75,25892.0,25853.5,25866.75,27054.0
1766782800,25866.75,25874.0,25850.75,25863.25,7960.0
1766962800,25870.5,25879.0,25843.0,25870.5,2692.0
1766966400,25870.0,25893.75,25853.75,25891.25,3315.0
1766970000,25890.0,25892.5,25835.5,25842.0,3661.0
1766973600,25842.5,25850.0,25821.0,25846.0,2616.0
1766977200,25844.25,25854.0,25825.0,25852.75,2290.0
1766980800,25852.5,25868.0,25852.5,25859.75,1534.0
1766984400,25856.0,25856.0,25817.75,25820.0,3889.0
1766988000,25820.25,25842.75,25811.0,25816.25,2818.0
1766991600,25816.25,25822.75,25785.25,25800.0,3561.0
1766995200,25800.5,25803.5,25732.0,25738.75,5695.0
1766998800,25739.0,25770.5,25733.75,25762.5,4689.0
1767002400,25762.5,25769.25,25744.0,25746.0,2798.0
1767006000,25747.0,25775.5,25736.0,25770.25,3631.0
1767009600,25770.25,25776.75,25734.25,25746.5,4009.0
1767013200,25745.5,25762.75,25660.75,25693.0,11513.0
1767016800,25694.75,25819.0,25656.75,25724.5,65720.0
1767020400,25723.0,25772.75,25661.75,25702.75,63573.0
1767024000,25702.5,25718.25,25680.0,25695.5,33196.0
1767027600,25695.5,25707.75,25648.0,25700.0,29091.0
1767031200,25699.25,25729.0,25680.5,25694.5,23480.0
1767034800,25694.0,25774.25,25683.5,25765.5,28393.0
1767038400,25765.75,25766.25,25729.25,25741.0,31045.0
1767042000,25741.25,25748.5,25727.75,25744.5,7314.0
1767049200,25740.0,25747.75,25705.25,25707.25,0.0
1767052800,25707.5,25727.0,25700.25,25704.5,2536.0
1767056400,25705.0,25725.25,25696.75,25724.0,2281.0
1767060000,25724.5,25728.5,25700.75,25710.25,1992.0
1767063600,25711.5,25742.0,25709.5,25734.5,1982.0
1767067200,25736.25,25752.5,25729.0,25748.25,1719.0
1767070800,25747.5,25748.0,25721.0,25744.5,2282.0
1767074400,25744.5,25744.5,25715.25,25726.5,1581.0
1767078000,25725.75,25726.5,25684.75,25703.75,2464.0
1767081600,25704.25,25741.25,25703.0,25738.75,2719.0
1767085200,25739.5,25752.25,25729.25,25739.0,2333.0
1767088800,25738.75,25745.75,25718.75,25727.25,2211.0
1767092400,25728.5,25736.0,25702.5,25732.5,3122.0
1767096000,25732.5,25743.5,25712.25,25726.5,3030.0
1767099600,25726.25,25744.75,25691.25,25713.75,6887.0
1767103200,25714.25,25774.75,25674.25,25756.75,55371.0
1767106800,25756.0,25761.5,25681.5,25744.0,52761.0
1767110400,25744.5,25793.75,25717.0,25720.5,38613.0
1767114000,25720.0,25739.0,25699.5,25728.75,25479.0
1767117600,25728.75,25744.25,25707.5,25732.5,19582.0
1767121200,25732.5,25743.0,25705.5,25712.0,21698.0
1767124800,25711.5,25717.75,25668.25,25677.5,33595.0
1767128400,25678.0,25691.75,25669.75,25676.0,8593.0
1767135600,25683.25,25689.5,25643.75,25657.0,0.0
1767139200,25656.75,25657.0,25604.75,25614.25,4810.0
1767142800,25614.0,25624.5,25588.0,25618.0,4707.0
1767146400,25617.5,25635.75,25605.0,25626.25,3466.0
1767150000,25626.25,25633.5,25606.75,25615.75,1470.0
1767153600,25616.75,25633.75,25614.0,25619.0,1523.0
1767157200,25620.5,25626.25,25593.75,25599.0,2115.0
1767160800,25599.0,25606.0,25579.25,25596.0,2519.0
1767164400,25595.5,25609.75,25576.5,25598.25,3303.0
1767168000,25597.25,25603.5,25552.5,25559.0,4390.0
1767171600,25558.5,25584.75,25555.75,25569.5,3455.0
1767175200,25569.25,25591.5,25561.0,25584.5,1950.0
1767178800,25585.0,25611.75,25581.5,25609.5,2361.0
1767182400,25609.25,25632.0,25598.25,25629.0,3843.0
1767186000,25629.25,25714.75,25621.75,25703.0,10067.0
1767189600,25702.75,25716.75,25581.5,25605.5,50737.0
1767193200,25606.25,25618.0,25542.5,25555.0,42444.0
1767196800,25554.25,25607.5,25552.75,25605.0,27312.0
1767200400,25605.0,25606.5,25568.0,25581.5,22184.0
1767204000,25581.5,25629.5,25572.5,25614.25,20214.0
1767207600,25614.5,25634.5,25532.0,25535.75,28955.0
1767211200,25535.75,25539.5,25444.5,25455.25,57219.0
1767214800,25455.0,25471.5,25429.0,25434.75,16673.0
1767330000,25625.75,25644.0,25612.5,25639.0,3059.0
1767333600,25638.25,25650.0,25634.0,25636.5,2254.0
1767337200,25636.25,25647.5,25624.75,25637.5,2898.0
1767340800,25637.75,25718.5,25637.0,25710.25,8750.0
1767344400,25709.0,25740.5,25705.25,25733.0,6239.0
1767348000,25734.0,25737.25,25707.5,25730.75,3701.0
1767351600,25730.25,25742.75,25714.0,25727.25,3616.0
1767355200,25726.25,25727.25,25680.0,25703.0,6449.0
1767358800,25703.25,25709.0,25679.25,25692.75,7009.0
1767362400,25692.0,25803.75,25638.25,25733.0,78071.0
1767366000,25733.75,25780.0,25360.5,25375.0,123411.0
1767369600,25375.75,25427.25,25294.25,25341.5,85884.0
1767373200,25341.25,25405.5,25310.75,25323.75,40356.0
1767376800,25323.5,25363.75,25265.25,25295.0,36929.0
1767380400,25294.5,25457.0,25288.5,25399.5,42858.0
1767384000,25399.5,25450.5,25362.0,25386.0,49650.0
1767387600,25386.0,25415.0,25379.25,25385.25,12655.0
1767567600,25426.75,25463.25,25408.0,25457.0,6773.0
1767571200,25459.25,25479.5,25434.75,25466.75,6613.0
1767574800,25467.0,25487.5,25450.0,25458.25,6792.0
1767578400,25459.25,25483.25,25452.25,25474.0,3301.0
1767582000,25474.25,25482.75,25457.5,25464.0,2231.0
1767585600,25463.75,25491.75,25457.75,25486.25,2371.0
1767589200,25488.0,25497.0,25465.5,25495.25,2704.0
1767592800,25494.5,25507.25,25468.75,25506.25,3265.0
1767596400,25506.25,25509.0,25455.0,25478.0,3683.0
1767600000,25478.0,25556.75,25467.75,25512.0,7666.0
1767603600,25511.25,25532.25,25495.75,25512.0,4212.0
1767607200,25512.25,25559.0,25511.25,25553.75,3908.0
1767610800,25554.25,25577.0,25544.0,25567.5,3829.0
1767614400,25567.5,25588.25,25544.5,25557.25,5100.0
1767618000,25558.25,25592.75,25520.25,25576.0,10481.0
1767621600,25576.0,25672.5,25538.75,25599.75,100070.0
1767625200,25593.25,25690.5,25566.0,25665.0,71997.0
1767628800,25665.25,25708.0,25651.25,25658.25,44850.0
1767632400,25659.0,25673.5,25607.5,25626.75,41602.0
1767636000,25627.0,25632.25,25557.0,25612.75,36633.0
1767639600,25612.75,25618.75,25549.5,25577.5,30774.0
1767643200,25577.0,25613.0,25565.0,25587.0,42872.0
1767646800,25586.75,25590.75,25573.25,25578.25,9326.0
1767654000,25583.0,25598.75,25560.75,25565.5,0.0
1767657600,25566.0,25582.25,25552.25,25563.25,4087.0
1767661200,25563.5,25602.75,25555.25,25597.5,3898.0
1767664800,25598.0,25625.5,25592.25,25623.5,2826.0
1767668400,25623.75,25629.25,25616.0,25620.25,1893.0
1767672000,25620.75,25647.0,25620.5,25647.0,3216.0
1767675600,25643.5,25653.25,25638.5,25642.75,1774.0
1767679200,25643.0,25674.25,25641.75,25668.25,2587.0
1767682800,25669.5,25670.0,25642.25,25646.75,1913.0
1767686400,25647.5,25647.75,25527.5,25572.25,10949.0
1767690000,25572.5,25608.0,25557.0,25586.75,5749.0
1767693600,25585.5,25597.0,25571.75,25592.0,2529.0
1767697200,25593.5,25610.25,25590.25,25596.75,3109.0
1767700800,25596.0,25649.0,25591.5,25641.25,4890.0
1767704400,25640.25,25650.5,25590.5,25616.5,8597.0
1767708000,25616.75,25761.25,25592.5,25753.0,85107.0
1767711600,25753.0,25779.0,25676.75,25687.5,78197.0
1767715200,25687.0,25706.75,25644.75,25695.5,61540.0
1767718800,25696.0,25772.5,25674.5,25760.25,43504.0
1767722400,25759.75,25805.75,25745.0,25800.0,31573.0
1767726000,25805.0,25821.0,25794.0,25809.75,24717.0
1767729600,25812.25,25837.75,25802.0,25834.75,32208.0
1767733200,25818.5,25833.0,25817.0,25831.25,20492.0
1767740400,25831.25,25844.75,25815.5,25824.75,0.0
1767744000,25825.25,25842.25,25819.0,25829.5,4380.0
1767747600,25828.75,25835.0,25811.5,25817.5,3693.0
1767751200,25815.75,25832.75,25801.75,25806.25,2941.0
1767754800,25807.25,25822.0,25796.75,25799.5,2711.0
1767758400,25800.0,25804.0,25780.5,25785.25,3072.0
1767762000,25782.25,25794.25,25779.0,25783.5,2321.0
1767765600,25782.75,25799.75,25768.25,25769.25,2836.0
1767769200,25768.75,25779.5,25764.75,25766.5,2187.0
1767772800,25766.0,25788.0,25753.5,25753.75,4584.0
1767776400,25753.75,25758.75,25727.0,25753.0,6495.0
1767780000,25752.5,25762.0,25727.75,25739.5,3270.0
1767783600,25740.25,25768.5,25732.0,25768.0,3997.0
1767787200,25768.0,25782.25,25753.0,25766.25,5435.0
1767790800,25765.0,25793.75,25755.25,25788.75,9868.0
1767794400,25788.25,25880.0,25761.5,25855.0,67442.0
1767798000,25857.25,25911.25,25810.75,25903.25,78758.0
1767801600,25919.25,25971.0,25879.25,25970.0,59659.0
1767805200,25970.25,25996.25,25960.0,25971.0,42024.0
1767808800,25971.0,25979.0,25926.0,25955.5,40804.0
1767812400,25956.0,25956.25,25890.0,25902.75,40804.0
1767816000,25902.75,25913.5,25814.5,25834.25,66681.0
1767819600,25834.75,25839.25,25820.0,25835.75,12937.0
1767826800,25838.75,25849.75,25818.75,25822.75,0.0
1767830400,25822.75,25843.5,25805.75,25842.5,3609.0
1767834000,25842.0,25844.5,25817.0,25837.75,3663.0
1767837600,25837.0,25840.5,25774.0,25786.25,4520.0
1767841200,25786.5,25795.25,25769.75,25776.75,3128.0
1767844800,25776.25,25794.0,25772.75,25779.25,1887.0
1767848400,25778.75,25779.5,25737.25,25738.25,3340.0
1767852000,25738.5,25742.5,25670.0,25705.75,8146.0
1767855600,25705.75,25805.25,25680.5,25749.75,9910.0
1767859200,25749.0,25803.5,25747.5,25780.5,6442.0
1767862800,25780.75,25795.5,25751.0,25770.0,4340.0
1767866400,25769.0,25774.25,25744.0,25772.25,3347.0
1767870000,25772.75,25786.0,25738.75,25771.75,5535.0
1767873600,25770.25,25778.0,25746.5,25767.0,5269.0
1767877200,25766.5,25818.0,25758.0,25799.5,8456.0
1767880800,25799.5,25811.0,25597.25,25603.25,101620.0
1767884400,25603.75,25713.5,25569.0,25684.25,100524.0
1767888000,25684.25,25686.5,25583.75,25671.25,60366.0
1767891600,25670.75,25703.75,25627.0,25680.5,35637.0
1767895200,25681.0,25684.75,25619.25,25631.75,35316.0
1767898800,25631.25,25657.75,25595.0,25634.25,34689.0
1767902400,25633.5,25700.0,25625.5,25683.0,44798.0
1767906000,25683.0,25741.75,25681.25,25712.0,13313.0
1767913200,25725.0,25727.25,25671.75,25675.75,0.0
1767916800,25675.25,25695.0,25664.25,25666.0,3817.0
1767920400,25666.5,25679.25,25627.5,25651.75,5212.0
1767924000,25651.5,25694.0,25649.5,25684.0,4218.0
1767927600,25682.75,25690.5,25666.0,25674.5,2300.0
1767931200,25675.25,25680.75,25657.0,25677.5,1889.0
1767934800,25684.0,25695.25,25666.75,25693.5,2528.0
1767938400,25693.25,25702.5,25672.5,25689.75,1814.0
1767942000,25691.5,25691.75,25652.25,25672.75,2706.0
1767945600,25673.75,25701.75,25665.25,25674.5,5036.0
1767949200,25674.25,25725.25,25662.75,25721.75,4653.0
1767952800,25722.5,25738.0,25717.0,25727.75,3075.0
1767956400,25729.0,25767.25,25721.25,25740.5,4243.0
1767960000,25740.0,25753.75,25712.0,25748.75,4753.0
1767963600,25749.0,25807.5,25726.5,25804.75,17880.0
1767967200,25805.25,25824.75,25648.5,25734.75,94342.0
1767970800,25734.0,25879.0,25615.5,25812.25,116964.0
1767974400,25811.75,25920.5,25810.75,25910.25,61920.0
1767978000,25910.0,25936.0,25885.5,25923.5,39396.0
1767981600,25923.5,25967.75,25882.0,25961.25,41137.0
1767985200,25961.25,25972.75,25948.0,25954.5,23267.0
1767988800,25954.25,25985.5,25930.25,25932.75,43532.0
1767992400,25932.0,25943.0,25923.25,25938.25,14086.0
1768172400,25914.25,25919.5,25879.75,25894.25,3642.0
1768176000,25893.25,25902.75,25772.5,25789.5,11900.0
1768179600,25789.75,25797.0,25723.25,25778.5,13451.0
1768183200,25777.5,25778.25,25731.5,25748.0,8769.0
1768186800,25748.25,25753.25,25710.25,25737.75,5781.0
1768190400,25738.25,25739.5,25715.0,25729.25,3019.0
1768194000,25727.0,25742.5,25676.25,25698.75,6379.0
1768197600,25699.75,25726.0,25696.75,25716.75,3200.0
1768201200,25718.0,25746.25,25715.75,25731.5,4077.0
1768204800,25731.75,25750.0,25632.75,25660.5,13733.0
1768208400,25660.0,25706.5,25660.0,25698.0,7808.0
1768212000,25698.5,25723.0,25686.25,25707.25,4719.0
1768215600,25707.5,25733.0,25705.25,25718.75,4826.0
1768219200,25718.5,25761.5,25713.5,25752.75,8313.0
1768222800,25752.5,25763.0,25728.25,25743.5,9748.0
1768226400,25743.75,25924.0,25719.75,25901.0,83807.0
1768230000,25901.25,25933.5,25863.75,25915.5,70197.0
1768233600,25915.5,25969.5,25901.0,25961.0,46839.0
1768237200,25961.0,25974.0,25938.25,25968.0,26929.0
1768240800,25968.5,25997.5,25965.0,25978.5,25934.0
1768244400,25978.5,26016.5,25962.0,26014.75,26699.0
1768248000,26015.0,26020.5,25950.5,25952.25,44466.0
1768251600,25952.25,25974.0,25932.75,25942.25,12380.0
1768258800,25953.5,25954.0,25893.5,25895.5,0.0
1768262400,25895.25,25898.25,25871.5,25875.25,5006.0
1768266000,25875.0,25891.25,25845.75,25878.75,6165.0
1768269600,25879.75,25897.75,25874.25,25878.25,3826.0
1768273200,25877.75,25892.25,25861.5,25882.25,3076.0
1768276800,25883.5,25891.75,25869.0,25886.25,2284.0
1768280400,25881.5,25907.25,25877.5,25901.5,2708.0
1768284000,25902.0,25932.75,25900.75,25917.0,3092.0
1768287600,25916.25,25925.25,25906.5,25917.25,2476.0
1768291200,25917.25,25924.25,25895.5,25906.25,4376.0
1768294800,25907.0,25936.75,25893.5,25909.75,4250.0
1768298400,25908.75,25914.25,25871.75,25878.0,4052.0
1768302000,25878.5,25900.75,25870.5,25900.5,4479.0
1768305600,25901.25,25918.75,25888.25,25895.25,4978.0
1768309200,25895.25,26045.5,25887.0,25971.25,27951.0
1768312800,25970.25,26042.75,25930.75,25948.75,86079.0
1768316400,25947.25,25969.75,25809.25,25894.5,104591.0
1768320000,25894.5,26025.75,25847.25,26008.5,66405.0
1768323600,26008.75,26018.25,25857.75,25877.25,58248.0
1768327200,25876.5,25910.75,25833.75,25839.75,47501.0
1768330800,25840.25,25885.25,25821.25,25866.25,42467.0
1768334400,25866.0,25912.0,25803.25,25903.75,51450.0
1768338000,25903.75,25926.5,25896.0,25898.25,13608.0
1768345200,25900.75,25913.75,25886.5,25891.0,0.0
1768348800,25891.0,25924.75,25882.5,25907.25,3421.0
1768352400,25906.75,25924.5,25879.0,25886.5,3810.0
1768356000,25885.5,25898.75,25876.0,25894.0,1912.0
1768359600,25893.0,25925.75,25890.0,25915.0,2575.0
1768363200,25914.75,25919.25,25873.25,25882.5,2407.0
1768366800,25877.25,25882.25,25852.75,25856.25,2945.0
1768370400,25856.5,25863.75,25835.5,25859.5,3626.0
1768374000,25861.25,25871.75,25848.75,25862.75,2165.0
1768377600,25862.25,25876.0,25840.25,25858.0,3709.0
1768381200,25858.5,25879.0,25835.75,25852.0,3826.0
1768384800,25852.75,25852.75,25712.25,25737.5,12677.0
1768388400,25737.75,25769.25,25714.25,25743.0,7368.0
1768392000,25743.0,25784.5,25701.25,25779.75,7775.0
1768395600,25779.0,25805.5,25732.5,25754.75,15024.0
1768399200,25754.25,25790.25,25582.0,25585.0,102684.0
1768402800,25586.25,25693.5,25469.5,25492.0,127424.0
1768406400,25491.75,25592.25,25440.0,25460.25,72993.0
1768410000,25459.5,25509.0,25433.25,25449.75,55917.0
1768413600,25449.75,25526.0,25420.75,25515.0,49799.0
1768417200,25515.25,25534.0,25486.0,25500.5,35458.0
1768420800,25500.0,25643.5,25460.5,25636.75,93705.0
1768424400,25636.75,25659.0,25553.25,25612.0,20738.0
1768431600,25593.0,25615.25,25563.5,25605.25,0.0
1768435200,25605.0,25610.75,25586.0,25603.25,3778.0
1768438800,25602.5,25643.0,25562.5,25629.75,8229.0
1768442400,25630.25,25634.25,25595.75,25609.0,3143.0
1768446000,25609.75,25627.25,25579.5,25581.5,3618.0
1768449600,25581.5,25599.75,25569.5,25580.0,3490.0
1768453200,25601.5,25647.5,25598.75,25622.75,6282.0
1768456800,25622.0,25723.0,25611.25,25700.75,10692.0
1768460400,25700.5,25708.0,25677.75,25689.0,5333.0
1768464000,25689.0,25747.25,25673.75,25738.25,9156.0
1768467600,25737.5,25832.75,25733.25,25812.75,11566.0
1768471200,25812.25,25830.25,25800.0,25817.0,5079.0
1768474800,25817.75,25855.75,25816.25,25842.5,5963.0
1768478400,25841.25,25854.25,25811.25,25852.75,8396.0
1768482000,25852.0,25916.75,25834.0,25893.75,16212.0
1768485600,25893.75,25952.75,25843.0,25864.0,101559.0
1768489200,25863.5,25925.75,25803.25,25884.25,93760.0
1768492800,25884.5,25937.25,25877.25,25924.75,52788.0
1768496400,25924.5,25938.0,25849.25,25853.5,39485.0
1768500000,25853.25,25911.0,25848.75,25886.0,30783.0
1768503600,25885.0,25885.0,25746.25,25757.5,67368.0
1768507200,25756.0,25771.75,25676.5,25719.25,77971.0
1768510800,25718.5,25727.25,25693.75,25707.0,13500.0
1768518000,25720.5,25750.75,25704.25,25741.5,0.0
1768521600,25741.0,25762.25,25731.0,25760.75,3230.0
1768525200,25760.0,25783.25,25748.5,25769.5,4956.0
1768528800,25769.75,25797.0,25762.5,25787.25,3137.0
1768532400,25787.75,25800.0,25784.0,25786.5,1835.0
1768536000,25787.25,25811.0,25784.75,25809.0,1956.0
1768539600,25811.75,25820.25,25803.0,25807.75,2413.0
1768543200,25808.0,25827.0,25803.25,25823.0,2419.0
1768546800,25823.75,25838.0,25807.5,25824.5,3030.0
1768550400,25823.5,25845.25,25795.5,25817.25,5582.0
1768554000,25816.25,25842.5,25810.0,25815.5,3685.0
1768557600,25815.5,25864.25,25810.25,25855.0,4590.0
1768561200,25855.5,25873.25,25825.75,25833.25,4465.0
1768564800,25832.75,25853.0,25805.75,25831.0,7036.0
1768568400,25830.25,25838.5,25802.0,25826.5,10216.0
1768572000,25826.0,25891.0,25726.25,25728.5,82572.0
1768575600,25729.0,25765.5,25591.5,25680.5,108023.0
1768579200,25680.25,25752.75,25661.0,25716.5,57045.0
1768582800,25716.5,25721.5,25657.75,25660.0,35319.0
1768586400,25660.75,25732.25,25654.0,25716.5,28491.0
1768590000,25716.25,25748.0,25672.75,25716.25,38607.0
1768593600,25715.75,25729.5,25681.5,25684.75,55638.0
1768597200,25684.25,25702.25,25671.0,25681.25,14386.0
1768795200,25689.0,25689.0,25381.75,25385.0,450.0
1768885200,25379.75,25412.5,25367.25,25383.5,4151.0
1768888800,25382.5,25390.5,25260.0,25310.5,11379.0
1768892400,25311.0,25320.5,25256.75,25284.25,8324.0
1768896000,25284.0,25288.25,25166.75,25201.0,17291.0
1768899600,25201.75,25220.25,25095.25,25134.25,17931.0
1768903200,25134.5,25207.5,25109.5,25176.0,9844.0
1768906800,25174.75,25228.0,25172.75,25205.5,8385.0
1768910400,25204.75,25283.75,25191.75,25256.75,14055.0
1768914000,25258.0,25277.25,25181.0,25212.5,26624.0
1768917600,25211.75,25368.5,25201.5,25324.75,107423.0
1768921200,25322.0,25417.0,25254.75,25362.75,95340.0
1768924800,25363.0,25429.75,25333.75,25398.75,74879.0
1768928400,25398.5,25406.75,25257.5,25292.75,57209.0
1768932000,25293.0,25311.25,25170.5,25199.25,46802.0
1768935600,25199.0,25225.0,25128.0,25168.75,52416.0
1768939200,25169.25,25169.75,25098.0,25141.25,80629.0
1768942800,25142.25,25167.25,25122.5,25142.75,19192.0
1768950000,25149.5,25175.25,25103.5,25116.5,0.0
1768953600,25117.25,25186.0,25116.25,25179.0,6455.0
1768957200,25179.0,25218.75,25179.0,25202.0,6194.0
1768960800,25202.25,25209.0,25168.0,25179.0,5190.0
1768964400,25179.75,25227.5,25178.75,25197.5,6852.0
1768968000,25196.75,25213.25,25183.0,25198.75,3488.0
1768971600,25204.5,25225.5,25200.75,25220.25,4014.0
1768975200,25219.75,25231.5,25191.75,25196.25,5172.0
1768978800,25196.25,25246.5,25193.25,25213.5,6209.0
1768982400,25212.5,25234.0,25194.25,25204.75,5810.0
1768986000,25204.5,25225.25,25128.75,25129.0,8895.0
1768989600,25129.5,25188.25,25121.75,25153.25,6720.0
1768993200,25153.0,25159.25,25040.5,25045.5,12021.0
1768996800,25047.0,25089.75,25025.0,25085.75,13962.0
1769000400,25086.5,25125.5,25041.0,25085.0,20957.0
1769004000,25083.0,25339.25,25072.25,25324.75,117449.0
1769007600,25323.5,25488.0,25294.75,25470.0,96192.0
1769011200,25469.75,25494.25,25220.5,25229.25,100955.0
1769014800,25229.75,25262.75,25142.0,25246.25,88644.0
1769018400,25244.75,25294.75,25150.75,25283.25,64064.0
1769022000,25282.25,25648.25,25232.75,25638.75,106875.0
1769025600,25639.0,25653.5,25446.0,25471.5,87403.0
1769029200,25473.5,25530.75,25473.5,25509.5,15656.0
1769036400,25529.5,25569.25,25523.25,25552.5,0.0
1769040000,25553.0,25583.25,25538.5,25558.5,5842.0
1769043600,25559.5,25601.0,25552.75,25594.5,5039.0
1769047200,25595.25,25602.5,25565.0,25568.0,3306.0
1769050800,25568.25,25595.0,25568.25,25589.5,2699.0
1769054400,25589.75,25590.25,25566.0,25574.5,1861.0
1769058000,25575.75,25575.75,25527.75,25534.25,3920.0
1769061600,25533.5,25548.0,25483.75,25539.75,7158.0
1769065200,25539.25,25593.5,25499.0,25588.5,6492.0
1769068800,25587.75,25707.25,25583.0,25683.25,13792.0
1769072400,25682.5,25715.75,25672.25,25698.5,5937.0
1769076000,25699.25,25703.75,25670.5,25688.25,5557.0
1769079600,25688.75,25714.0,25667.0,25675.0,7387.0
1769083200,25674.75,25696.25,25659.0,25691.5,6439.0
1769086800,25691.5,25739.75,25677.75,25736.25,14798.0
1769090400,25735.75,25739.0,25554.25,25578.0,93782.0
1769094000,25582.0,25658.75,25536.75,25606.0,91838.0
1769097600,25605.25,25700.0,25603.75,25669.5,50565.0
1769101200,25668.75,25722.0,25652.5,25712.25,40162.0
1769104800,25711.75,25723.5,25667.0,25673.5,32845.0
1769108400,25673.5,25715.25,25634.0,25639.75,36657.0
1769112000,25639.5,25665.75,25584.75,25663.0,69450.0
1769115600,25661.75,25676.5,25609.75,25630.0,16041.0
1769122800,25605.0,25629.25,25575.5,25617.75,0.0
1769126400,25616.75,25654.75,25597.5,25654.25,3650.0
1769130000,25653.5,25688.0,25649.25,25686.75,5583.0
1769133600,25686.75,25689.5,25665.0,25668.75,2418.0
1769137200,25668.25,25707.75,25667.75,25695.75,3410.0
1769140800,25696.0,25707.5,25684.25,25702.25,2303.0
1769144400,25703.0,25714.5,25698.75,25713.5,1978.0
1769148000,25713.5,25731.5,25703.25,25704.75,3158.0
1769151600,25705.75,25724.75,25682.25,25691.75,3959.0
1769155200,25692.0,25692.0,25581.0,25600.75,9870.0
1769158800,25602.25,25629.5,25540.25,25558.25,10129.0
1769162400,25558.25,25574.75,25550.0,25574.25,4960.0
1769166000,25574.75,25658.0,25571.0,25606.75,13053.0
1769169600,25606.5,25632.75,25584.0,25628.75,8442.0
1769173200,25628.75,25635.5,25560.25,25570.75,11164.0
1769176800,25570.75,25668.0,25556.75,25663.75,70292.0
1769180400,25668.0,25827.5,25661.5,25826.5,85406.0
1769184000,25826.5,25845.75,25761.0,25789.0,61038.0
1769187600,25789.0,25808.0,25683.0,25693.75,52202.0
1769191200,25693.75,25764.25,25688.5,25725.5,41274.0
1769194800,25726.25,25774.75,25719.5,25748.0,31747.0
1769198400,25748.0,25755.75,25691.25,25734.5,53785.0
1769202000,25734.75,25738.25,25672.25,25680.5,14068.0
1769382000,25465.5,25572.25,25463.25,25559.0,8813.0
1769385600,25559.75,25618.25,25544.75,25582.0,8970.0
1769389200,25582.0,25668.75,25571.25,25649.5,10610.0
1769392800,25649.25,25665.75,25595.25,25609.25,5880.0
1769396400,25611.0,25657.5,25610.5,25634.75,7182.0
1769400000,25634.5,25659.0,25622.75,25639.0,4120.0
1769403600,25635.75,25676.0,25627.25,25674.0,3449.0
1769407200,25675.5,25702.0,25665.75,25668.0,5463.0
1769410800,25669.5,25711.0,25666.75,25700.0,3630.0
1769414400,25700.75,25742.0,25699.75,25727.5,4888.0
1769418000,25727.75,25735.0,25582.0,25618.25,10113.0
1769421600,25618.25,25674.5,25614.25,25651.25,6038.0
1769425200,25651.5,25673.0,25641.75,25670.5,3051.0
1769428800,25669.5,25714.5,25668.75,25688.0,6060.0
1769432400,25688.5,25721.75,25658.0,25716.25,10222.0
1769436000,25716.25,25853.5,25704.25,25837.25,66850.0
1769439600,25837.0,25898.5,25803.0,25881.25,72027.0
1769443200,25881.0,25928.5,25850.75,25906.25,50514.0
1769446800,25906.5,25936.5,25881.75,25891.25,30995.0
1769450400,25890.5,25932.25,25873.5,25898.75,30416.0
1769454000,25898.25,25913.75,25877.75,25878.5,25564.0
1769457600,25879.0,25895.0,25840.5,25844.5,47136.0
1769461200,25844.25,25871.0,25834.0,25861.25,16338.0
1769468400,25861.25,25897.0,25838.5,25890.5,0.0
1769472000,25890.5,25902.75,25875.0,25898.75,2944.0
1769475600,25898.5,25927.0,25895.25,25922.0,3231.0
1769479200,25922.0,25975.0,25921.25,25971.25,5305.0
1769482800,25970.5,25979.5,25962.5,25975.5,2899.0
1769486400,25975.75,26002.75,25971.5,25990.0,3383.0
1769490000,25980.5,26009.75,25972.5,26008.25,3053.0
1769493600,26007.75,26028.25,25999.0,26001.25,4387.0
1769497200,26002.5,26020.5,25992.0,26006.25,4043.0
1769500800,26006.0,26011.75,25967.0,25984.5,6336.0
1769504400,25983.75,25994.75,25967.25,25973.75,4993.0
1769508000,25974.0,26007.75,25970.0,26005.75,3846.0
1769511600,26005.5,26043.0,25991.75,26032.0,6608.0
1769515200,26031.5,26033.5,25991.0,26004.0,6603.0
1769518800,26003.75,26018.0,25982.5,25989.75,8596.0
1769522400,25990.5,26058.0,25917.25,26053.25,82115.0
1769526000,26052.5,26098.5,26021.5,26078.5,74137.0
1769529600,26078.5,26106.75,26073.25,26079.75,40325.0
1769533200,26080.0,26092.0,26050.25,26061.75,35465.0
1769536800,26062.0,26097.75,26038.0,26090.25,30527.0
1769540400,26090.0,26099.75,26072.75,26091.75,23275.0
1769544000,26092.0,26114.25,26068.25,26075.5,46922.0
1769547600,26075.5,26118.0,26058.75,26110.0,16793.0
1769554800,26111.25,26148.0,26111.25,26137.5,0.0
1769558400,26138.25,26208.5,26135.5,26206.0,7407.0
1769562000,26206.75,26228.25,26201.75,26205.25,5297.0
1769565600,26204.0,26221.75,26203.75,26214.0,2960.0
1769569200,26213.75,26218.75,26192.5,26199.0,3143.0
1769572800,26200.5,26227.5,26200.5,26219.75,2712.0
1769576400,26224.75,26248.75,26224.75,26245.5,2929.0
1769580000,26246.0,26349.0,26246.0,26302.75,13253.0
1769583600,26301.75,26324.0,26289.0,26316.0,6098.0
1769587200,26315.5,26331.5,26271.0,26279.0,8039.0
1769590800,26279.5,26290.5,26252.5,26284.5,7210.0
1769594400,26285.25,26320.75,26272.5,26316.75,5072.0
1769598000,26317.25,26326.75,26287.5,26318.75,5398.0
1769601600,26319.25,26320.75,26264.75,26281.0,10136.0
1769605200,26281.25,26306.0,26255.25,26273.5,10754.0
1769608800,26273.5,26301.0,26213.75,26253.5,73098.0
1769612400,26253.0,26265.5,26159.5,26162.75,72391.0
1769616000,26162.5,26198.5,26100.75,26116.75,45972.0
1769619600,26117.25,26165.5,26110.5,26140.75,39705.0
1769623200,26140.5,26180.0,26122.0,26171.5,25475.0
1769626800,26171.0,26210.25,26112.75,26160.75,59204.0
1769630400,26161.0,26212.25,26131.25,26150.75,50323.0
1769634000,26150.0,26287.75,25993.25,26268.25,45557.0
1769641200,26282.5,26296.0,26160.0,26170.25,0.0
1769644800,26173.25,26180.5,26104.25,26163.0,10932.0
1769648400,26163.25,26168.25,26085.5,26128.75,8038.0
1769652000,26129.25,26177.25,26122.75,26162.5,5686.0
1769655600,26163.0,26199.75,26162.0,26198.75,3596.0
1769659200,26198.0,26233.25,26195.25,26229.75,2845.0
1769662800,26221.0,26249.5,26210.25,26234.25,3087.0
1769666400,26233.25,26268.5,26231.75,26246.75,3267.0
1769670000,26246.5,26276.5,26231.5,26255.25,3587.0
1769673600,26255.5,26280.5,26226.5,26248.75,7103.0
1769677200,26248.75,26273.25,26210.0,26211.75,5331.0
1769680800,26211.0,26237.0,26187.0,26191.75,5951.0
1769684400,26191.75,26208.75,26175.25,26200.0,6972.0
1769688000,26201.0,26221.75,26156.5,26176.25,7033.0
1769691600,26176.0,26203.5,26150.5,26194.75,9125.0
1769695200,26194.25,26196.75,25858.0,25864.0,110997.0
1769698800,25864.5,25868.25,25536.0,25576.75,160333.0
1769702400,25576.75,25739.75,25538.0,25711.25,90904.0
1769706000,25711.25,25878.75,25708.75,25760.5,61914.0
1769709600,25760.25,25891.5,25758.25,25836.75,45077.0
1769713200,25836.25,25898.5,25820.0,25849.0,35238.0
1769716800,25849.25,26020.0,25841.5,25992.75,61925.0
1769720400,25993.0,26050.0,25951.0,25982.5,26449.0
1769727600,25998.5,26020.0,25882.75,25972.25,0.0
1769731200,25972.5,25993.75,25907.25,25930.0,9378.0
1769734800,25931.0,25933.75,25796.75,25852.25,11157.0
1769738400,25852.25,25866.25,25736.0,25843.0,12105.0
1769742000,25843.75,25999.25,25827.75,25847.0,7985.0
1769745600,25846.75,25896.0,25843.25,25853.75,3579.0
1769749200,25886.0,25886.0,25832.25,25833.0,3311.0
1769752800,25833.75,25838.5,25737.0,25751.5,8099.0
1769756400,25750.75,25804.0,25700.0,25707.25,7900.0
1769760000,25710.5,25792.5,25682.0,25768.75,11686.0
1769763600,25768.75,25786.75,25649.75,25696.75,11261.0
1769767200,25696.5,25790.0,25694.0,25764.75,8455.0
1769770800,25765.25,25884.0,25763.75,25871.0,10318.0
1769774400,25870.25,25905.25,25821.75,25846.5,10352.0
1769778000,25847.0,25888.0,25752.5,25826.25,15174.0
1769781600,25825.75,25940.0,25805.5,25827.75,83468.0
1769785200,25827.25,25925.5,25810.25,25859.25,40155.0
1770055200,25929.0,25949.5,25926.5,25941.75,201706.0
1770058800,25941.75,25945.0,25841.5,25846.5,27676.0
1770062400,25846.75,25900.0,25821.75,25855.75,58946.0
1770066000,25856.5,25896.0,25835.75,25873.25,16383.0
1770073200,25876.5,25977.0,25866.5,25948.25,0.0
1770076800,25947.75,25984.75,25913.5,25953.0,5468.0
1770080400,25954.0,25990.75,25948.0,25960.25,5104.0
1770084000,25959.0,25960.0,25900.5,25928.75,5423.0
1770087600,25926.5,25964.75,25913.0,25956.5,3627.0
1770091200,25955.75,25988.0,25953.0,25978.5,2440.0
1770094800,25960.5,25996.75,25952.0,25986.25,2754.0
1770098400,25987.75,26007.25,25973.5,25992.25,3936.0
1770102000,25991.25,26027.75,25974.25,26012.5,4456.0
1770105600,26012.0,26024.0,25970.25,25977.75,6044.0
1770109200,25977.0,26009.75,25958.25,25969.25,4933.0
1770112800,25970.5,25990.0,25944.75,25955.75,3355.0
1770116400,25955.75,25965.25,25935.0,25945.5,4284.0
1770120000,25945.25,25996.25,25923.5,25981.75,6688.0
1770123600,25983.0,26003.5,25961.5,25967.25,7842.0
1770127200,25967.0,25976.75,25623.25,25633.0,99307.0
1770130800,25632.75,25646.75,25470.25,25617.5,138944.0
1770134400,25617.5,25619.75,25467.75,25491.25,75628.0
1770138000,25491.5,25502.5,25345.0,25387.25,71904.0
1770141600,25386.5,25423.5,25245.5,25245.5,57831.0
1770145200,25245.5,25359.25,25219.0,25316.25,72440.0
1770148800,25316.25,25459.0,25269.5,25446.25,68763.0
1770152400,25445.75,25477.0,25380.5,25421.25,28113.0
1770159600,25387.5,25442.0,25362.0,25428.0,0.0
1770163200,25427.75,25435.75,25375.75,25376.5,5718.0
1770166800,25377.5,25454.75,25377.5,25440.75,6604.0
1770170400,25441.5,25473.75,25399.5,25412.25,5160.0
1770174000,25412.75,25451.75,25402.25,25433.25,4155.0
1770177600,25433.5,25448.0,25418.0,25426.5,2398.0
1770181200,25421.5,25443.25,25408.75,25443.0,2425.0
1770184800,25442.5,25489.75,25435.5,25471.5,4428.0
1770188400,25470.75,25514.25,25469.25,25503.0,4966.0
1770192000,25502.25,25509.5,25400.75,25426.5,9341.0
1770195600,25427.75,25449.5,25354.5,25403.75,8800.0
1770199200,25402.25,25466.25,25395.25,25449.5,7779.0
1770202800,25450.75,25483.5,25436.75,25474.25,5937.0
1770206400,25474.75,25490.5,25396.75,25405.75,7638.0
1770210000,25406.25,25418.0,25342.0,25358.0,14447.0
1770213600,25356.25,25390.0,25186.0,25194.25,97020.0
1770217200,25194.25,25305.0,25108.0,25151.5,125690.0
1770220800,25152.25,25171.5,24928.0,25035.5,89902.0
1770224400,25035.75,25057.5,24783.5,24874.25,84863.0
1770228000,24873.75,24959.75,24819.0,24925.0,68756.0
1770231600,24923.5,25115.5,24863.75,25106.25,72445.0
1770235200,25106.0,25123.75,24979.0,24996.5,59864.0
1770238800,24996.5,25181.25,24876.0,25117.0,38045.0
1770242400,25116.5,25116.5,25116.25,25116.25,3.0
1770246000,25061.75,25125.0,25042.0,25067.0,0.0
1770249600,25067.5,25135.5,25030.75,25107.25,6023.0
1770253200,25109.25,25169.0,25099.25,25122.75,6534.0
1770256800,25124.0,25135.0,24959.25,24961.75,13790.0
1770260400,24962.0,25037.0,24929.75,24947.5,9381.0
1770264000,24949.0,25027.0,24915.75,25006.0,6396.0
1770267600,24983.25,25045.5,24963.75,24996.75,5116.0
1770271200,24996.75,25077.25,24992.5,25073.0,5182.0
1770274800,25072.5,25089.75,25041.25,25044.75,5726.0
1770278400,25043.75,25123.75,24998.0,24998.25,11904.0
1770282000,25000.0,25096.75,24978.75,25030.75,10286.0
1770285600,25031.0,25092.0,25022.5,25033.75,6008.0
1770289200,25033.75,25065.0,24991.0,25028.25,6750.0
1770292800,25031.5,25056.5,24707.5,24793.5,30546.0
1770296400,24792.5,24869.25,24758.75,24767.75,27610.0
1770300000,24768.25,24960.75,24652.0,24769.25,116175.0
1770303600,24769.0,24800.75,24550.0,24634.5,130047.0
1770307200,24634.25,24856.5,24543.25,24829.0,93393.0
1770310800,24829.5,24887.5,24722.25,24782.25,55374.0
1770314400,24783.75,24834.5,24662.0,24700.25,44225.0
1770318000,24700.25,24839.25,24672.5,24712.0,48015.0
1770321600,24711.75,24808.0,24567.75,24638.75,75907.0
1770325200,24638.75,24720.0,24407.25,24425.25,42046.0
1770332400,24416.0,24474.0,24294.0,24336.0,0.0
1770336000,24334.75,24409.25,24239.75,24400.0,18279.0
1770339600,24401.0,24536.0,24340.75,24531.25,14588.0
1770343200,24531.0,24579.5,24510.75,24534.25,10233.0
1770346800,24534.25,24565.5,24472.25,24528.25,6386.0
1770350400,24527.5,24527.5,24425.25,24448.0,5169.0
1770354000,24442.75,24597.25,24430.75,24582.75,6796.0
1770357600,24582.0,24613.75,24540.25,24547.75,5352.0
1770361200,24546.75,24578.25,24506.0,24557.25,6681.0
1770364800,24556.75,24606.0,24490.75,24583.75,10581.0
1770368400,24584.0,24783.75,24562.25,24750.75,17941.0
1770372000,24749.5,24798.5,24712.0,24794.75,9403.0
1770375600,24793.0,24873.25,24789.0,24855.0,13351.0
1770379200,24854.0,24860.5,24761.0,24782.0,12081.0
1770382800,24782.75,24851.75,24758.25,24799.75,18739.0
1770386400,24797.0,24984.0,24719.5,24850.75,105610.0
1770390000,24856.75,24962.25,24743.25,24878.0,111080.0
1770393600,24945.25,25051.75,24940.5,25000.75,72562.0
1770397200,25001.0,25108.75,24986.5,25097.0,44797.0
1770400800,25096.0,25124.0,25074.0,25084.5,30852.0
1770404400,25084.25,25108.75,25065.25,25070.75,24219.0
1770408000,25070.25,25222.0,25052.75,25148.0,59977.0
1770411600,25147.5,25164.0,25090.0,25107.75,19350.0
1770591600,25242.75,25294.5,25223.25,25276.75,5998.0
1770595200,25275.0,25346.5,25258.0,25262.75,10615.0
1770598800,25263.75,25266.0,25194.5,25217.75,8145.0
1770602400,25216.5,25263.75,25208.75,25227.75,5144.0
1770606000,25228.0,25242.0,25188.75,25189.25,4262.0
1770609600,25189.5,25223.0,25179.5,25185.75,3536.0
1770613200,25187.5,25228.0,25176.5,25215.25,3999.0
1770616800,25216.0,25222.0,25156.5,25166.75,6686.0
1770620400,25167.0,25181.25,25120.75,25159.75,5273.0
1770624000,25158.25,25215.25,25148.25,25161.0,7529.0
1770627600,25160.5,25185.25,25073.0,25089.0,7535.0
1770631200,25088.25,25093.75,24968.5,25044.0,15270.0
1770634800,25045.75,25071.75,25018.75,25047.5,6527.0
1770638400,25049.25,25104.0,25015.25,25101.0,8738.0
1770642000,25101.0,25155.75,25074.25,25079.0,12081.0
1770645600,25080.0,25188.5,24955.5,25113.25,89190.0
1770649200,25112.25,25329.0,25102.75,25312.25,68931.0
1770652800,25311.5,25404.0,25305.75,25391.0,49248.0
1770656400,25390.75,25416.5,25349.5,25355.25,36844.0
1770660000,25355.0,25388.75,25312.25,25369.5,38192.0
1770663600,25370.0,25428.75,25363.75,25399.0,24463.0
1770667200,25399.25,25413.0,25332.25,25338.5,49387.0
1770670800,25338.5,25374.75,25337.25,25361.5,13253.0
1770678000,25363.0,25395.5,25328.0,25344.25,0.0
1770681600,25344.75,25362.75,25310.0,25335.25,6246.0
1770685200,25335.5,25352.0,25300.0,25334.75,7601.0
1770688800,25334.0,25336.0,25287.25,25306.25,4551.0
1770692400,25307.0,25313.75,25278.5,25300.25,3573.0
1770696000,25299.0,25346.5,25298.75,25343.5,2981.0
1770699600,25334.25,25358.25,25311.75,25351.75,4208.0
1770703200,25352.5,25354.25,25291.75,25313.25,3671.0
1770706800,25314.25,25349.0,25307.0,25348.5,3542.0
1770710400,25349.75,25367.0,25322.75,25334.25,6258.0
1770714000,25335.0,25407.5,25334.25,25364.0,6212.0
1770717600,25363.75,25374.25,25341.75,25355.25,5593.0
1770721200,25355.0,25373.75,25334.0,25370.0,4649.0
1770724800,25369.75,25421.5,25337.0,25339.25,9144.0
1770728400,25339.0,25374.75,25292.25,25372.75,16014.0
1770732000,25372.75,25410.0,25255.75,25392.25,75439.0
1770735600,25392.5,25447.25,25348.0,25375.0,73772.0
1770739200,25375.0,25400.25,25316.25,25327.0,50979.0
1770742800,25327.25,25397.75,25304.0,25384.0,32816.0
1770746400,25383.75,25386.0,25270.75,25312.5,48537.0
1770750000,25312.5,25323.25,25274.5,25294.5,29738.0
1770753600,25292.5,25296.75,25198.25,25219.0,52198.0
1770757200,25219.0,25258.0,25208.75,25257.25,11524.0
1770764400,25259.0,25287.75,25252.75,25272.75,0.0
1770768000,25273.5,25297.0,25266.25,25290.5,2586.0
1770771600,25291.0,25326.25,25290.25,25316.25,3774.0
1770775200,25315.75,25330.0,25306.75,25322.25,3189.0
1770778800,25322.25,25345.5,25303.25,25337.75,3012.0
1770782400,25338.5,25340.0,25295.75,25304.75,2449.0
1770786000,25315.75,25325.75,25278.75,25287.5,3127.0
1770789600,25287.75,25316.0,25267.5,25270.75,3369.0
1770793200,25270.25,25290.0,25253.0,25271.0,3561.0
1770796800,25271.0,25278.5,25209.75,25250.25,5952.0
1770800400,25250.0,25279.0,25204.0,25205.25,6105.0
1770804000,25204.25,25207.5,25146.25,25207.5,8908.0
1770807600,25207.5,25250.0,25205.75,25209.0,6472.0
1770811200,25210.0,25276.0,25206.0,25247.5,7466.0
1770814800,25245.75,25452.0,25236.25,25444.25,27580.0
1770818400,25443.5,25465.25,25290.0,25305.25,84626.0
1770822000,25306.5,25343.25,25058.25,25244.0,122373.0
1770825600,25244.25,25275.0,25175.0,25181.0,50899.0
1770829200,25180.75,25325.0,25141.75,25263.75,46980.0
1770832800,25264.5,25312.5,25200.75,25301.25,41048.0
1770836400,25302.0,25360.5,25257.75,25309.0,35035.0
1770840000,25308.75,25322.5,25271.75,25278.25,39954.0
1770843600,25278.0,25308.0,25268.0,25278.75,12653.0
1770850800,25289.0,25296.5,25206.0,25235.25,0.0
1770854400,25233.25,25273.0,25214.25,25265.25,4849.0
1770858000,25266.25,25314.75,25242.5,25301.0,5079.0
1770861600,25301.75,25310.5,25268.75,25293.5,3408.0
1770865200,25292.5,25320.75,25282.0,25310.0,2731.0
1770868800,25311.5,25339.5,25303.0,25328.5,2954.0
1770872400,25334.0,25344.75,25327.75,25337.0,2106.0
1770876000,25338.5,25344.5,25292.0,25319.75,3912.0
1770879600,25319.25,25359.25,25313.0,25351.0,3631.0
1770883200,25350.25,25369.25,25324.75,25353.5,5255.0
1770886800,25352.75,25364.25,25330.0,25355.75,3546.0
1770890400,25354.75,25374.0,25334.0,25349.75,3740.0
1770894000,25349.75,25370.5,25338.25,25366.5,3534.0
1770897600,25365.75,25384.0,25343.0,25356.75,5074.0
1770901200,25356.25,25419.75,25320.25,25395.75,13358.0
1770904800,25396.25,25400.25,25186.25,25206.5,79304.0
1770908400,25208.25,25260.25,25006.5,25010.25,100860.0
1770912000,25011.0,25031.75,24805.75,24878.5,116307.0
1770915600,24878.0,24940.75,24823.75,24825.25,67482.0
1770919200,24825.5,24929.75,24800.25,24905.5,61135.0
1770922800,24906.25,24943.75,24846.5,24898.5,56805.0
1770926400,24899.75,24912.75,24721.5,24762.75,81536.0
1770930000,24765.25,24839.75,24743.75,24822.0,21916.0
1770937200,24842.25,24856.75,24744.75,24824.0,0.0
1770940800,24820.0,24864.75,24709.75,24731.25,15161.0
1770944400,24731.25,24821.25,24730.25,24787.0,11631.0
1770948000,24786.75,24832.25,24786.25,24802.75,5745.0
1770951600,24803.75,24820.75,24745.25,24750.25,4051.0
1770955200,24750.5,24802.5,24744.5,24762.5,3568.0
1770958800,24759.0,24767.25,24690.75,24712.5,7027.0
1770962400,24711.75,24731.0,24642.25,24714.25,8510.0
1770966000,24713.5,24762.25,24711.25,24747.0,7639.0
1770969600,24746.75,24785.5,24675.0,24775.25,12530.0
1770973200,24775.5,24808.0,24732.0,24774.0,9345.0
1770976800,24773.25,24799.5,24727.5,24729.75,6904.0
1770980400,24730.75,24738.5,24624.0,24721.25,14800.0
1770984000,24721.5,24745.75,24667.25,24695.5,12076.0
1770987600,24694.0,24823.25,24620.5,24781.5,38741.0
1770991200,24780.75,24849.5,24578.75,24698.25,130709.0
1770994800,24699.0,24928.5,24692.25,24810.25,107593.0
1770998400,24811.0,24934.5,24762.75,24894.5,58541.0
1771002000,24894.25,24993.5,24883.5,24938.25,42596.0
1771005600,24938.5,24995.5,24900.75,24939.75,40810.0
1771009200,24940.5,24968.5,24848.75,24852.75,38179.0
1771012800,24852.25,24890.5,24731.75,24802.75,75056.0
1771016400,24801.75,24828.0,24771.0,24773.5,15365.0
1771196400,24803.25,24838.75,24793.25,24836.25,2194.0
1771200000,24831.75,24849.25,24810.5,24834.25,3576.0
1771203600,24835.0,24868.75,24822.25,24861.0,2759.0
1771207200,24860.5,24872.5,24827.5,24832.0,2298.0
1771210800,24832.75,24836.5,24808.25,24823.5,1903.0
1771214400,24824.25,24840.0,24820.0,24826.0,1448.0
1771304400,24623.75,24626.0,24558.25,24582.75,5535.0
1771308000,24582.75,24641.0,24582.75,24627.25,4540.0
1771311600,24628.0,24663.75,24584.0,24660.0,6466.0
1771315200,24659.75,24726.75,24623.75,24639.5,9595.0
1771318800,24641.25,24695.5,24636.75,24686.75,6002.0
1771322400,24687.5,24697.5,24590.0,24607.5,5554.0
1771326000,24606.75,24638.0,24572.25,24623.75,6173.0
1771329600,24622.75,24666.75,24577.75,24584.5,7206.0
1771333200,24584.25,24705.25,24518.0,24612.0,23863.0
1771336800,24613.0,24815.75,24475.0,24485.75,94233.0
1771340400,24483.75,24641.0,24449.25,24600.25,114005.0
1771344000,24599.25,24796.75,24593.25,24759.25,75964.0
1771347600,24759.0,24764.5,24608.75,24697.5,51888.0
1771351200,24698.0,24874.75,24649.25,24845.0,55677.0
1771354800,24845.5,24889.75,24807.75,24815.0,43026.0
1771358400,24815.0,24841.75,24735.75,24776.75,62988.0
1771362000,24776.75,24818.5,24755.25,24768.25,17467.0
1771369200,24773.75,24783.25,24700.75,24711.0,0.0
1771372800,24711.25,24754.75,24708.5,24727.0,6508.0
1771376400,24724.75,24746.25,24709.5,24744.5,3894.0
1771380000,24745.75,24770.75,24736.0,24758.0,2865.0
1771383600,24758.75,24798.75,24736.5,24794.25,3076.0
1771387200,24794.0,24840.0,24783.25,24837.0,4085.0
1771390800,24828.0,24847.0,24820.0,24825.5,2165.0
1771394400,24826.0,24846.75,24809.0,24823.5,3121.0
1771398000,24823.0,24842.0,24802.0,24834.75,2697.0
1771401600,24833.5,24916.0,24833.5,24903.5,10711.0
1771405200,24903.25,24941.5,24899.75,24909.0,6509.0
1771408800,24910.0,24940.5,24908.0,24921.75,4751.0
1771412400,24921.75,24928.0,24889.75,24895.0,4810.0
1771416000,24894.5,24962.5,24844.0,24889.5,14182.0
1771419600,24890.5,24921.75,24817.25,24828.0,14157.0
1771423200,24828.75,24958.5,24752.0,24940.0,95293.0
1771426800,24940.75,25099.75,24937.5,25086.75,84633.0
1771430400,25086.5,25117.25,25057.5,25061.5,44394.0
1771434000,25061.25,25128.25,25058.75,25098.25,38420.0
1771437600,25097.75,25127.25,24981.75,25027.5,41814.0
1771441200,25025.75,25036.75,24862.0,24883.0,57208.0
1771444800,24884.0,24998.0,24856.0,24957.5,67097.0
1771448400,24957.5,24967.0,24926.5,24936.5,13350.0
1771455600,24943.5,24995.0,24942.25,24964.5,0.0
1771459200,24964.5,24974.0,24916.25,24948.0,5034.0
1771462800,24946.75,24994.5,24937.75,24972.5,5012.0
1771466400,24972.75,24988.25,24953.5,24978.75,2602.0
1771470000,24980.0,24999.5,24966.0,24984.0,2594.0
1771473600,24985.5,24994.25,24953.5,24956.0,1950.0
1771477200,24947.5,25005.5,24944.0,24996.5,2873.0
1771480800,24996.0,25023.5,24988.25,25018.5,3197.0
1771484400,25019.5,25047.25,25008.0,25020.75,3533.0
1771488000,25019.75,25054.0,24946.0,24954.25,7608.0
1771491600,24955.0,24973.0,24850.5,24894.25,9840.0
1771495200,24892.5,24902.75,24825.0,24854.25,9666.0
1771498800,24855.0,24885.75,24836.25,24878.5,5464.0
1771502400,24877.75,24897.0,24815.0,24868.0,8369.0
1771506000,24869.0,24881.0,24798.0,24853.5,14009.0
1771509600,24855.0,24920.0,24763.0,24881.5,81137.0
1771513200,24880.0,24956.5,24848.25,24924.25,80529.0
1771516800,24925.0,24959.5,24801.25,24843.75,62372.0
1771520400,24844.25,24904.75,24764.75,24780.0,47871.0
1771524000,24779.5,24849.0,24749.0,24842.0,45832.0
1771527600,24840.75,24849.25,24751.5,24782.0,35077.0
1771531200,24781.25,24866.0,24777.5,24863.5,46074.0
1771534800,24863.5,24871.5,24828.75,24836.0,14888.0
1771542000,24837.75,24889.25,24826.0,24877.25,0.0
1771545600,24878.25,24912.5,24858.5,24901.0,6468.0
1771549200,24901.5,24936.0,24892.0,24906.75,5907.0
1771552800,24908.25,24934.0,24878.0,24897.0,4747.0
1771556400,24897.75,24911.0,24888.25,24891.0,2029.0
1771560000,24889.25,24913.75,24885.5,24898.5,2295.0
1771563600,24907.25,24948.5,24904.75,24943.0,3570.0
1771567200,24944.0,24956.0,24930.75,24943.0,2348.0
1771570800,24942.75,24954.5,24907.5,24921.5,4067.0
1771574400,24921.25,24942.5,24896.75,24936.75,4800.0
1771578000,24936.5,24984.75,24931.75,24937.25,6302.0
1771581600,24935.75,24946.75,24900.75,24902.0,3913.0
1771585200,24902.5,24902.5,24811.25,24830.5,9195.0
1771588800,24829.0,24849.5,24791.0,24829.0,10104.0
1771592400,24828.0,24864.0,24722.5,24769.25,21720.0
1771596000,24769.75,24957.5,24678.5,24897.5,88249.0
1771599600,24900.5,25127.0,24858.25,25118.75,120568.0
1771603200,25118.25,25139.5,24967.25,25098.0,69876.0
1771606800,25098.5,25109.25,24879.25,25034.25,79254.0
1771610400,25034.25,25122.25,24928.0,25097.75,68220.0
1771614000,25098.5,25118.75,25018.0,25023.0,33277.0
1771617600,25023.0,25079.25,25014.25,25074.0,44287.0
1771621200,25075.0,25088.0,25064.25,25067.5,14192.0
1771801200,25031.0,25057.75,24936.5,24971.0,9501.0
1771804800,24970.0,24971.0,24848.5,24852.75,12106.0
1771808400,24853.75,24882.75,24832.5,24844.25,12034.0
1771812000,24844.25,24857.25,24808.0,24839.0,7489.0
1771815600,24839.5,24863.5,24813.25,24841.75,5797.0
1771819200,24842.5,24853.0,24811.0,24828.25,3218.0
1771822800,24833.5,24844.25,24807.25,24838.25,3817.0
1771826400,24838.5,24869.5,24832.25,24867.0,2838.0
1771830000,24868.5,24914.75,24863.25,24898.0,5957.0
1771833600,24898.75,24934.5,24877.5,24929.75,5851.0
1771837200,24931.0,25004.0,24930.75,24983.5,8086.0
1771840800,24985.5,25002.75,24945.0,24969.5,5431.0
1771844400,24970.75,24987.25,24907.25,24929.5,4981.0
1771848000,24928.25,24943.5,24883.75,24904.75,7793.0
1771851600,24903.75,24954.5,24887.25,24934.75,10530.0
1771855200,24935.0,25040.0,24857.75,24913.75,85956.0
1771858800,24913.25,24952.25,24738.75,24743.25,98412.0
1771862400,24743.25,24789.25,24668.0,24734.75,78592.0
1771866000,24735.0,24763.75,24677.5,24744.75,47609.0
1771869600,24744.5,24820.25,24720.0,24727.5,45176.0
1771873200,24727.75,24755.0,24683.75,24692.0,40840.0
1771876800,24692.0,24772.75,24678.75,24768.0,63702.0
1771880400,24769.25,24796.5,24758.0,24786.25,16207.0
1771887600,24788.0,24826.75,24767.0,24788.0,0.0
1771891200,24789.0,24823.5,24773.5,24816.0,6697.0
1771894800,24815.5,24835.5,24795.0,24822.0,5597.0
1771898400,24822.0,24879.0,24816.75,24869.75,4942.0
1771902000,24869.75,24884.25,24866.75,24873.25,3436.0
1771905600,24874.0,24884.0,24865.75,24878.75,2264.0
1771909200,24884.0,24886.5,24825.75,24841.0,3914.0
1771912800,24840.5,24853.25,24822.75,24837.75,2877.0
1771916400,24837.5,24868.5,24830.5,24833.25,3181.0
1771920000,24834.0,24834.0,24761.0,24791.75,9305.0
1771923600,24791.25,24848.0,24788.25,24846.5,6504.0
1771927200,24847.0,24865.5,24825.75,24842.0,4026.0
1771930800,24842.5,24853.25,24808.75,24833.0,4493.0
1771934400,24832.5,24902.25,24795.25,24816.25,14675.0
1771938000,24816.75,24892.0,24814.25,24877.25,12077.0
1771941600,24876.75,24964.25,24694.5,24877.25,100736.0
1771945200,24878.5,25031.0,24819.5,24976.5,92008.0
1771948800,24976.5,25047.25,24969.25,25028.75,55564.0
1771952400,25028.75,25076.25,25021.25,25046.0,37479.0
1771956000,25046.0,25078.75,25011.5,25030.0,33174.0
1771959600,25030.0,25060.25,24988.5,25021.5,32640.0
1771963200,25021.75,25072.0,24994.75,25029.5,53209.0
1771966800,25029.5,25037.0,25003.25,25016.25,14649.0
1771974000,25016.25,25051.0,24992.0,25043.5,0.0
1771977600,25044.5,25075.0,25018.5,25071.0,5715.0
1771981200,25071.25,25113.25,25061.5,25103.5,7922.0
1771984800,25103.0,25114.5,25082.25,25107.5,4777.0
1771988400,25106.75,25109.5,24994.0,25066.75,8101.0
1771992000,25066.75,25067.75,25034.5,25049.25,3004.0
1771995600,25059.0,25067.5,25030.75,25040.75,2918.0
1771999200,25041.5,25058.75,25032.0,25041.75,2415.0
1772002800,25043.0,25053.5,25017.5,25036.25,2917.0
1772006400,25036.0,25090.0,25036.0,25074.5,5576.0
1772010000,25072.5,25087.75,25055.25,25082.5,3787.0
1772013600,25082.75,25094.75,25065.5,25073.25,3293.0
1772017200,25074.25,25128.5,25068.5,25124.75,4454.0
1772020800,25124.5,25150.0,25105.0,25138.5,8272.0
1772024400,25139.25,25165.75,25123.75,25150.25,8341.0
1772028000,25150.75,25353.25,25129.75,25344.0,81537.0
1772031600,25343.25,25361.75,25264.5,25295.25,72760.0
1772035200,25295.25,25333.25,25282.75,25316.5,39633.0
1772038800,25316.75,25355.0,25310.5,25352.25,28249.0
1772042400,25352.75,25358.0,25334.25,25350.5,17073.0
1772046000,25350.25,25378.5,25349.5,25368.75,18793.0
1772049600,25368.5,25396.5,25352.0,25383.25,45165.0
1772053200,25383.75,25494.75,25370.0,25461.75,30417.0
1772060400,25388.25,25418.25,25274.75,25317.25,0.0
1772064000,25315.75,25341.5,25302.0,25315.75,8146.0
1772067600,25316.25,25320.0,25264.75,25316.25,7741.0
1772071200,25315.5,25319.25,25288.75,25308.0,3535.0
1772074800,25306.75,25323.5,25294.75,25301.75,2666.0
1772078400,25300.5,25310.5,25293.25,25299.25,2091.0
1772082000,25286.0,25309.75,25283.5,25308.0,2759.0
1772085600,25308.0,25345.0,25307.0,25327.5,4011.0
1772089200,25327.25,25364.75,25326.25,25347.25,4538.0
1772092800,25348.0,25392.25,25343.25,25350.0,6265.0
1772096400,25349.75,25401.5,25346.0,25378.5,5122.0
1772100000,25379.25,25388.25,25347.5,25356.5,3553.0
1772103600,25357.5,25370.0,25345.25,25362.0,3369.0
1772107200,25361.75,25390.75,25360.25,25374.0,4440.0
1772110800,25372.75,25415.25,25361.25,25383.75,10141.0
1772114400,25383.0,25398.75,25181.25,25193.0,91530.0
1772118000,25193.5,25210.75,24861.75,24998.75,141357.0
1772121600,24999.5,25085.5,24954.25,24963.5,65793.0
1772125200,24963.75,25009.25,24912.0,24934.75,42556.0
1772128800,24935.25,25030.75,24888.75,25001.5,49465.0
1772132400,25002.0,25099.0,24988.25,25063.0,40668.0
1772136000,25062.75,25094.75,25024.0,25083.25,52419.0
1772139600,25082.75,25090.0,25024.75,25028.0,16062.0
1772146800,25024.25,25038.0,24955.0,24995.25,0.0
1772150400,24995.0,25026.5,24954.75,24986.0,8170.0
1772154000,24986.0,25018.25,24971.0,24991.75,6892.0
1772157600,24994.5,25033.25,24985.25,25031.75,4605.0
1772161200,25032.0,25036.0,25001.75,25024.75,3370.0
1772164800,25026.5,25036.25,25012.0,25021.5,2357.0
1772168400,25041.0,25061.0,25033.0,25039.5,3040.0
1772172000,25040.0,25046.25,24991.75,25032.0,3910.0
1772175600,25033.0,25079.0,25032.75,25074.5,4269.0
1772179200,25072.5,25089.75,25038.25,25067.25,5775.0
1772182800,25067.75,25098.75,25024.5,25029.25,7618.0
1772186400,25030.0,25045.0,24966.75,25001.25,9371.0
1772190000,25000.25,25012.75,24928.75,24954.0,8769.0
1772193600,24952.75,24994.0,24898.0,24921.75,12624.0
1772197200,24919.5,24942.75,24793.75,24870.5,28304.0
1772200800,24871.0,24938.5,24782.0,24880.0,83772.0
1772204400,24879.5,25017.25,24866.5,24982.75,78804.0
1772208000,24983.5,25021.5,24931.5,24968.75,52984.0
1772211600,24969.25,25036.75,24900.25,24945.5,53647.0
1772215200,24945.0,24955.25,24874.75,24902.75,35868.0
1772218800,24902.5,24963.0,24873.0,24895.25,31525.0
1772222400,24894.25,25022.75,24893.5,24998.25,74903.0
1772226000,24998.25,25004.75,24939.25,25004.75,21510.0
1772406000,24785.5,24815.0,24714.5,24742.0,10997.0
1772409600,24739.25,24796.25,24712.75,24786.0,13345.0
1772413200,24785.5,24901.25,24772.5,24861.75,16188.0
1772416800,24864.0,24873.75,24796.5,24821.0,7157.0
1772420400,24821.25,24835.5,24785.25,24791.5,4421.0
1772424000,24792.75,24817.75,24740.75,24761.75,6771.0
1772427600,24759.0,24769.5,24672.0,24677.25,6510.0
1772431200,24675.75,24703.0,24528.0,24590.75,12837.0
1772434800,24588.0,24602.5,24531.0,24540.5,13633.0
1772438400,24542.0,24591.0,24477.0,24563.5,20247.0
1772442000,24562.25,24654.25,24552.0,24629.0,13867.0
1772445600,24628.5,24684.5,24625.5,24657.75,10717.0
1772449200,24657.75,24729.0,24635.0,24688.0,10318.0
1772452800,24685.75,24705.5,24609.75,24629.0,11781.0
1772456400,24630.0,24739.25,24592.75,24620.75,19814.0
1772460000,24621.5,24898.5,24605.0,24862.0,81238.0
1772463600,24862.0,24958.5,24802.0,24924.5,76550.0
1772467200,24923.75,25044.25,24852.0,25033.5,68063.0
1772470800,25033.75,25076.5,25007.5,25065.75,37356.0
1772474400,25066.0,25074.75,24968.5,24972.5,33277.0
1772478000,24972.0,25101.0,24966.25,25082.75,43573.0
1772481600,25082.5,25090.5,24946.75,25021.75,74986.0
1772485200,25022.0,25028.75,24976.5,24995.75,14682.0
1772492400,25002.75,25011.0,24944.25,24971.0,0.0
1772496000,24972.5,24982.25,24925.0,24931.5,5745.0
1772499600,24931.75,24960.0,24869.0,24872.75,7992.0
1772503200,24874.0,24879.25,24806.5,24861.25,10720.0
1772506800,24862.75,24883.25,24804.25,24846.0,6708.0
1772510400,24846.5,24864.0,24788.75,24802.75,6733.0
1772514000,24823.25,24829.0,24744.0,24765.5,7858.0
1772517600,24765.25,24800.0,24736.0,24754.0,8222.0
1772521200,24753.25,24767.5,24668.5,24676.0,11753.0
1772524800,24674.75,24694.5,24505.0,24516.5,27306.0
1772528400,24516.25,24581.75,24444.0,24453.75,20907.0
1772532000,24454.0,24484.0,24393.0,24452.75,22698.0
1772535600,24450.25,24514.25,24370.0,24488.5,17789.0
1772539200,24487.0,24606.75,24478.5,24583.5,19344.0
1772542800,24584.0,24590.0,24447.75,24495.0,22852.0
1772546400,24496.0,24661.25,24456.0,24489.25,101256.0
1772550000,24489.0,24562.5,24352.0,24446.75,105104.0
1772553600,24447.25,24724.75,24436.5,24671.0,83104.0
1772557200,24672.0,24712.25,24602.5,24641.5,48539.0
1772560800,24641.0,24832.5,24640.75,24800.25,49796.0
1772564400,24799.5,24850.0,24709.5,24787.25,49276.0
1772568000,24787.25,24821.75,24718.0,24756.5,53655.0
1772571600,24756.5,24758.25,24691.5,24709.75,14223.0
1772578800,24710.75,24765.0,24669.75,24703.0,0.0
1772582400,24702.0,24803.5,24676.0,24747.5,12202.0
1772586000,24749.0,24772.25,24630.75,24676.0,12678.0
1772589600,24676.5,24703.25,24588.0,24637.0,9676.0
1772593200,24637.0,24638.0,24525.0,24599.25,10786.0
1772596800,24600.25,24644.75,24566.0,24595.75,7131.0
1772600400,24580.5,24617.75,24532.5,24574.25,6510.0
1772604000,24573.5,24590.0,24499.0,24572.25,8618.0
1772607600,24570.25,24677.75,24535.5,24657.0,9788.0
1772611200,24657.0,24688.25,24611.5,24644.0,10329.0
1772614800,24648.25,24771.25,24621.0,24754.75,10520.0
1772618400,24754.25,24866.25,24734.25,24842.5,17497.0
1772622000,24842.75,24895.0,24801.25,24805.5,12775.0
1772625600,24806.25,24844.25,24720.5,24800.75,15027.0
1772629200,24800.5,24930.25,24795.5,24889.25,27025.0
1772632800,24889.5,24970.25,24826.0,24922.5,80279.0
1772636400,24919.25,25148.5,24891.5,25127.5,101718.0
1772640000,25127.25,25170.5,25051.0,25145.5,63304.0
1772643600,25146.25,25181.5,25105.0,25168.75,37499.0
1772647200,25170.0,25214.25,25140.5,25192.75,33756.0
1772650800,25192.5,25217.75,25180.25,25189.0,23411.0
1772654400,25188.75,25195.25,25113.5,25120.5,52616.0
1772658000,25120.25,25163.25,25092.5,25138.0,20465.0
1772665200,25156.5,25190.75,25140.0,25171.75,0.0
1772668800,25171.0,25250.0,25160.25,25208.25,9651.0
1772672400,25209.75,25217.5,25044.0,25071.0,16527.0
1772676000,25070.75,25125.5,25050.0,25091.25,8225.0
1772679600,25090.75,25101.5,25025.25,25048.25,8224.0
1772683200,25046.75,25106.75,25031.75,25098.5,5123.0
1772686800,25097.0,25104.25,25033.0,25034.75,4878.0
1772690400,25035.0,25092.75,24981.0,25092.0,11172.0
1772694000,25091.75,25098.0,25041.0,25073.0,7526.0
1772697600,25072.0,25078.25,24973.25,25051.75,13634.0
1772701200,25052.5,25205.75,25041.0,25114.0,22624.0
1772704800,25115.0,25143.25,25085.0,25106.25,7352.0
1772708400,25107.5,25153.75,25085.25,25093.5,8581.0
1772712000,25094.5,25157.75,25036.75,25069.0,13001.0
1772715600,25069.5,25076.0,24980.75,24993.75,19330.0
1772719200,24994.5,25187.75,24962.75,25186.0,83048.0
1772722800,25185.5,25209.75,24930.5,25082.5,100179.0
1772726400,25080.25,25093.25,24942.0,25042.5,62324.0
1772730000,25043.0,25123.0,24789.0,24807.0,81381.0
1772733600,24807.0,24888.75,24772.5,24814.0,53072.0
1772737200,24814.0,24882.25,24792.5,24858.0,37461.0
1772740800,24857.75,25056.0,24826.75,25048.0,75404.0
1772744400,25047.75,25051.0,25000.25,25010.5,17541.0
1772751600,25019.75,25070.0,25001.0,25060.0,0.0
1772755200,25059.75,25098.0,25059.25,25075.0,6756.0
1772758800,25073.5,25091.25,25038.0,25066.0,7068.0
1772762400,25069.75,25116.0,25060.0,25071.75,5414.0
1772766000,25070.25,25115.0,25070.0,25114.5,3640.0
1772769600,25113.0,25137.75,25093.5,25106.25,3617.0
1772773200,25118.25,25141.5,25106.75,25118.75,3561.0
1772776800,25117.5,25135.5,25100.75,25106.5,3550.0
1772780400,25106.5,25140.5,25091.75,25125.0,5131.0
1772784000,25125.5,25128.5,25033.0,25074.0,11356.0
1772787600,25074.25,25082.0,24882.25,24920.25,16795.0
1772791200,24920.75,24981.0,24918.25,24949.75,9914.0
1772794800,24948.0,24962.75,24835.0,24856.25,16623.0
1772798400,24858.75,24884.75,24805.5,24835.75,17120.0
1772802000,24835.0,24908.75,24618.25,24645.75,43054.0
1772805600,24644.5,24742.5,24608.75,24690.0,93411.0
1772809200,24691.25,24893.25,24664.5,24858.5,92265.0
1772812800,24859.0,24915.0,24790.0,24880.75,61280.0
1772816400,24881.0,24926.25,24744.25,24784.25,46944.0
1772820000,24783.75,24898.5,24779.0,24799.75,46433.0
1772823600,24800.5,24854.0,24773.5,24808.25,36584.0
1772827200,24808.0,24853.25,24601.0,24667.25,74971.0
1772830800,24667.25,24682.25,24618.0,24670.25,20630.0
1773007200,24245.0,24320.0,24224.0,24306.25,14737.0
1773010800,24304.5,24326.25,24168.25,24215.25,13665.0
1773014400,24215.5,24238.75,24092.0,24117.75,17857.0
1773018000,24118.5,24137.75,24004.5,24007.5,16719.0
1773021600,24009.5,24103.0,24000.0,24084.0,15622.0
1773025200,24085.0,24132.0,24077.0,24095.5,9367.0
1773028800,24095.0,24134.25,24092.5,24101.0,5498.0
1773032400,24102.0,24258.5,24086.25,24258.5,13322.0
1773036000,24258.5,24315.75,24226.75,24245.25,12931.0
1773039600,24247.75,24315.25,24210.0,24277.0,13045.0
1773043200,24278.0,24337.25,24233.25,24312.5,18588.0
1773046800,24315.75,24495.75,24284.5,24419.75,19983.0
1773050400,24420.25,24434.25,24340.0,24370.75,14859.0
1773054000,24372.0,24423.5,24348.0,24384.75,12698.0
1773057600,24384.5,24459.25,24350.0,24379.75,15939.0
1773061200,24380.75,24525.25,24313.0,24370.75,76622.0
1773064800,24370.75,24585.5,24320.0,24549.0,88626.0
1773068400,24549.5,24659.25,24549.5,24642.5,51691.0
1773072000,24642.75,24749.25,24631.25,24709.25,46272.0
1773075600,24709.75,24712.25,24575.75,24611.0,39871.0
1773079200,24611.25,24708.25,24609.0,24655.5,36126.0
1773082800,24655.5,25058.0,24640.0,24992.0,109803.0
1773086400,24992.25,25025.75,24907.5,24958.0,24407.0
1773093600,24981.5,24981.5,24870.0,24908.75,0.0
1773097200,24908.25,24933.5,24858.0,24883.25,5588.0
1773100800,24881.0,24970.0,24830.0,24936.0,8920.0
1773104400,24935.0,24998.0,24925.25,24988.0,6429.0
1773108000,24987.0,24999.0,24907.0,24927.0,5364.0
1773111600,24926.75,24963.0,24854.75,24888.75,5997.0
1773115200,24885.25,24919.75,24874.25,24903.75,3676.0
1773118800,24905.0,24963.0,24903.75,24955.5,3648.0
1773122400,24957.5,24986.25,24941.0,24954.5,3799.0
1773126000,24953.0,25076.5,24939.0,25072.5,10331.0
1773129600,25073.0,25150.5,25063.5,25087.75,14056.0
1773133200,25088.0,25134.0,25080.75,25089.5,6826.0
1773136800,25090.5,25095.75,25020.25,25066.0,9241.0
1773140400,25065.25,25109.0,24958.75,24972.0,12978.0
1773144000,24972.75,24999.5,24892.0,24968.5,17296.0
1773147600,24970.25,25081.75,24947.25,24962.25,63597.0
1773151200,24964.75,25152.75,24892.25,25151.25,77277.0
1773154800,25151.25,25182.0,25109.75,25148.75,51167.0
1773158400,25149.5,25169.25,25080.25,25156.25,40763.0
1773162000,25155.75,25217.5,25102.25,25170.25,51982.0
1773165600,25169.75,25181.0,24987.75,25030.0,67950.0
1773169200,25030.25,25072.5,24940.25,24986.25,62795.0
1773172800,24986.5,25039.0,24985.0,25010.5,13608.0
1773180000,25010.25,25018.5,24951.5,24970.25,0.0
1773183600,24969.75,25025.5,24963.75,25016.0,4012.0
1773187200,25019.5,25086.0,25009.75,25062.0,6177.0
1773190800,25063.5,25098.0,25051.0,25091.0,3782.0
1773194400,25091.5,25102.75,25074.0,25094.25,3029.0
1773198000,25094.0,25125.0,25086.25,25117.5,2422.0
1773201600,25115.5,25118.75,25086.5,25090.75,2044.0
1773205200,25092.0,25095.5,25025.75,25030.5,3556.0
1773208800,25029.25,25053.25,25007.0,25041.0,4426.0
1773212400,25041.25,25047.25,24945.0,25005.5,8211.0
1773216000,25006.0,25037.5,24934.0,24967.5,9354.0
1773219600,24968.25,24970.75,24899.5,24903.25,7578.0
1773223200,24902.0,25025.0,24895.75,25017.5,7826.0
1773226800,25017.0,25043.5,24928.25,24947.5,11890.0
1773230400,24947.25,25058.0,24909.25,24945.25,13971.0
1773234000,24946.25,25115.5,24943.5,25101.25,59692.0
1773237600,25101.5,25180.0,24958.25,25065.0,78074.0
1773241200,25065.75,25090.0,24888.0,24934.75,67894.0
1773244800,24934.25,25012.5,24897.75,25007.25,40974.0
1773248400,25006.5,25026.5,24873.5,24951.0,45619.0
1773252000,24951.5,24977.0,24888.75,24957.5,36689.0
1773255600,24958.0,25006.75,24913.5,24984.0,37263.0
1773259200,24984.0,24990.75,24940.0,24945.5,11359.0
1773266400,24934.5,24949.25,24816.5,24849.5,0.0
1773270000,24848.25,24853.75,24733.25,24787.75,13093.0
1773273600,24788.0,24805.0,24740.0,24791.25,8206.0
1773277200,24790.75,24842.25,24770.0,24789.5,6816.0
1773280800,24790.5,24796.0,24704.25,24731.0,7165.0
1773284400,24729.75,24758.5,24695.5,24726.5,5054.0
1773288000,24744.0,24752.0,24709.5,24718.5,3500.0
1773291600,24718.25,24777.75,24717.75,24771.0,5559.0
1773295200,24769.75,24814.5,24746.5,24809.5,5022.0
1773298800,24809.75,24872.0,24807.75,24871.75,6211.0
1773302400,24872.0,24902.5,24836.75,24878.0,9042.0
1773306000,24879.25,24921.5,24813.0,24917.0,7979.0
1773309600,24917.75,24927.0,24875.25,24884.75,6171.0
1773313200,24883.0,24928.0,24847.5,24857.0,9355.0
1773316800,24858.25,24862.75,24801.25,24834.25,11923.0
1773320400,24834.5,24852.75,24630.5,24657.75,75575.0
1773324000,24658.75,24747.5,24572.5,24619.75,89311.0
1773327600,24620.5,24709.75,24561.0,24665.5,67617.0
1773331200,24666.0,24735.25,24587.75,24662.25,63043.0
1773334800,24661.5,24724.0,24585.25,24625.5,39293.0
1773338400,24625.25,24671.5,24595.25,24599.75,31710.0
1773342000,24599.5,24643.0,24542.75,24555.75,54173.0
1773345600,24555.25,24577.5,24517.75,24568.5,17364.0
1773352800,24567.0,24601.75,24540.0,24586.75,0.0
1773356400,24587.0,24614.0,24526.5,24528.0,5523.0
1773360000,24529.0,24643.0,24491.25,24624.0,10625.0
1773363600,24624.5,24662.25,24618.25,24629.5,5654.0
1773367200,24629.25,24651.5,24599.25,24603.75,4395.0
1773370800,24605.0,24629.0,24581.75,24625.5,4207.0
1773374400,24619.25,24619.5,24562.75,24576.5,3682.0
1773378000,24576.5,24599.5,24553.5,24585.75,3479.0
1773381600,24584.0,24596.0,24476.5,24479.75,6637.0
1773385200,24479.25,24488.0,24410.5,24447.5,10503.0
1773388800,24448.75,24524.25,24397.0,24512.5,12146.0
1773392400,24513.75,24574.25,24508.5,24532.0,10496.0
1773396000,24531.75,24623.0,24525.25,24619.0,10215.0
1773399600,24617.5,24665.25,24602.0,24662.75,13630.0
1773403200,24663.75,24738.0,24630.5,24681.0,20982.0
1773406800,24680.5,24805.25,24611.0,24726.0,73000.0
1773410400,24728.5,24765.0,24482.0,24489.75,100078.0
1773414000,24490.5,24569.25,24391.75,24408.75,81123.0
1773417600,24408.75,24488.5,24382.0,24397.25,56014.0
1773421200,24396.0,24473.75,24353.0,24374.25,48202.0
1773424800,24374.75,24472.5,24367.25,24448.5,41134.0
1773428400,24448.25,24449.5,24350.5,24397.25,54282.0
1773432000,24398.0,24400.25,24333.75,24394.25,16122.0
1773612000,24326.0,24475.5,24295.25,24464.75,5649.0
1773615600,24468.75,24496.75,24408.5,24439.5,6142.0
1773619200,24439.0,24525.5,24437.25,24508.25,6965.0
1773622800,24511.5,24523.75,24468.75,24514.5,5585.0
1773626400,24516.0,24518.5,24474.25,24492.0,3149.0
1773630000,24490.5,24540.25,24488.25,24531.75,2365.0
1773633600,24531.25,24550.0,24506.0,24507.25,2367.0
1773637200,24506.25,24561.25,24506.25,24560.0,2945.0
1773640800,24558.75,24566.0,24536.25,24563.25,2432.0
1773644400,24564.5,24583.25,24503.75,24513.75,4876.0
1773648000,24512.0,24570.0,24497.5,24525.25,6775.0
1773651600,24531.25,24536.25,24478.0,24494.0,5533.0
1773655200,24491.25,24614.0,24487.0,24604.25,7987.0
1773658800,24603.75,24636.0,24576.25,24626.0,7389.0
1773662400,24624.25,24688.75,24623.75,24658.25,15024.0
1773666000,24658.0,24741.0,24623.0,24736.75,55700.0
1773669600,24735.5,24764.5,24610.75,24693.75,70565.0
1773673200,24694.25,24954.0,24647.5,24890.25,51652.0
1773676800,24889.25,24917.75,24832.25,24890.0,42893.0
1773680400,24891.5,24939.5,24867.0,24897.0,33257.0
1773684000,24896.75,24949.75,24891.75,24919.0,29108.0
1773687600,24919.75,25035.0,24850.0,24884.75,57526.0
1773691200,24885.0,24901.5,24861.5,24872.25,10449.0
1773698400,24870.0,24880.25,24833.75,24839.75,0.0
1773702000,24841.5,24882.0,24836.25,24881.75,3703.0
1773705600,24880.25,24881.75,24805.0,24813.0,6464.0
1773709200,24813.75,24848.0,24810.25,24835.0,4849.0
1773712800,24835.75,24839.5,24786.75,24791.75,3831.0
1773716400,24791.5,24811.5,24780.5,24787.5,3878.0
1773720000,24796.5,24847.75,24795.75,24835.5,2727.0
1773723600,24836.5,24852.5,24752.5,24755.5,4108.0
1773727200,24754.25,24774.0,24728.25,24754.5,5770.0
1773730800,24754.0,24816.0,24737.5,24772.25,5344.0
1773734400,24770.75,24809.0,24739.75,24769.75,8154.0
1773738000,24768.5,24850.0,24768.25,24844.25,7784.0
1773741600,24843.0,24843.75,24793.5,24834.25,6821.0
1773745200,24832.5,24860.25,24812.5,24814.75,9712.0
1773748800,24814.75,24940.25,24812.75,24932.75,20203.0
1773752400,24932.75,25117.0,24929.5,25093.0,75002.0
1773756000,25092.75,25098.0,24995.75,25075.75,72147.0
1773759600,25076.0,25089.5,24951.25,24991.0,64590.0
1773763200,24990.75,25026.25,24946.25,24995.5,47204.0
1773766800,24995.5,25044.25,24994.0,25034.5,34465.0
1773770400,25034.25,25057.75,24989.75,25003.25,33841.0
1773774000,25003.5,25027.75,24982.0,25010.5,40799.0
1773777600,25010.5,25030.0,25004.25,25027.5,13410.0
1773784800,25019.75,25028.25,24990.75,25006.75,0.0
1773788400,25006.75,25023.75,24995.5,25003.5,3137.0
1773792000,25003.25,25083.0,24998.0,25078.5,6068.0
1773795600,25079.5,25098.5,25079.5,25096.5,4392.0
1773799200,25096.0,25130.0,25094.25,25118.5,4328.0
1773802800,25117.75,25144.25,25107.0,25136.25,3132.0
1773806400,25140.75,25148.5,25130.5,25139.5,2788.0
1773810000,25140.0,25170.5,25135.25,25168.5,2866.0
1773813600,25169.0,25210.5,25166.0,25181.75,5842.0
1773817200,25183.0,25188.75,25158.5,25161.75,4831.0
1773820800,25161.25,25186.0,25153.5,25171.75,5927.0
1773824400,25171.0,25190.5,25158.5,25169.5,4784.0
1773828000,25169.75,25198.25,25158.5,25161.5,5604.0
1773831600,25161.25,25177.25,25097.5,25113.0,12410.0
1773835200,25112.5,25119.0,24869.75,24881.25,39476.0
1773838800,24880.75,24998.25,24864.0,24971.75,64193.0
1773842400,24969.0,24984.75,24811.75,24882.25,69627.0
1773846000,24883.25,24931.75,24860.0,24899.25,47926.0
1773849600,24899.0,24912.0,24830.75,24845.0,33257.0
1773853200,24844.25,24884.75,24795.5,24880.0,29618.0
1773856800,24881.5,24916.5,24741.25,24743.75,49209.0
1773860400,24742.75,24801.5,24641.75,24651.5,69732.0
1773864000,24651.5,24690.0,24565.5,24606.25,24102.0
1773871200,24622.0,24628.5,24562.25,24593.5,0.0
1773874800,24594.25,24644.25,24586.75,24616.75,8332.0
1773878400,24618.25,24644.25,24586.5,24619.5,7908.0
1773882000,24619.75,24670.0,24605.0,24640.0,5818.0
1773885600,24639.75,24725.25,24600.5,24695.75,10278.0
1773889200,24696.0,24715.0,24667.5,24669.0,4240.0
1773892800,24641.5,24648.25,24610.5,24629.75,5190.0
1773896400,24630.25,24648.0,24576.0,24597.75,6349.0
1773900000,24596.5,24639.0,24573.75,24605.25,7002.0
1773903600,24605.25,24626.75,24543.5,24557.25,10641.0
1773907200,24557.25,24593.5,24505.5,24546.0,16975.0
1773910800,24546.0,24650.25,24500.0,24627.25,25104.0
1773914400,24627.75,24627.75,24572.0,24591.0,9908.0
1773918000,24591.5,24613.5,24509.0,24545.75,13115.0
1773921600,24546.5,24558.25,24422.5,24446.75,28956.0
1773925200,24447.0,24521.25,24326.75,24504.5,79422.0
1773928800,24501.75,24546.75,24407.25,24489.0,70729.0
1773932400,24488.75,24577.5,24397.0,24475.0,63701.0
1773936000,24474.75,24522.75,24423.75,24454.75,42556.0
1773939600,24454.5,24488.25,24377.75,24453.5,41007.0
1773943200,24452.75,24524.5,24418.0,24509.75,42882.0
1773946800,24508.75,24691.5,24506.0,24574.75,93878.0
1773950400,24574.25,24633.0,24563.5,24617.0,19004.0
1773957600,24632.75,24658.5,24603.5,24635.25,0.0
1773961200,24636.75,24658.75,24605.0,24620.0,5665.0
1773964800,24619.5,24642.75,24581.75,24598.25,6654.0
1773968400,24599.0,24660.5,24590.0,24617.25,6401.0
1773972000,24619.75,24641.75,24611.5,24620.0,2979.0
1773975600,24622.75,24628.75,24597.75,24606.5,3460.0
1773979200,24613.0,24616.0,24585.0,24586.0,2179.0
1773982800,24585.0,24603.0,24559.5,24592.5,3366.0
1773986400,24592.25,24604.25,24518.5,24529.0,4444.0
1773990000,24527.75,24607.5,24482.75,24593.75,8168.0
1773993600,24594.0,24616.25,24553.0,24559.25,11085.0
1773997200,24560.0,24585.5,24408.5,24432.0,15927.0
1774000800,24430.75,24440.25,24319.0,24406.75,19649.0
1774004400,24408.0,24468.5,24397.5,24444.25,12504.0
1774008000,24444.25,24502.0,24424.75,24496.5,18919.0
1774011600,24496.25,24527.5,24279.75,24285.0,72080.0
1774015200,24285.75,24328.0,24231.25,24271.0,77975.0
1774018800,24270.0,24343.25,24237.0,24310.75,54523.0
1774022400,24311.75,24356.75,24235.5,24272.25,45024.0
1774026000,24272.5,24292.5,24164.0,24212.25,44933.0
1774029600,24211.75,24222.25,24070.5,24094.25,45698.0
1774033200,24094.5,24118.0,23971.25,24113.0,87781.0
1774036800,24114.0,24216.0,24096.0,24206.5,28444.0
1774216800,24005.0,24095.0,23956.25,24044.0,12539.0
1774220400,24046.75,24084.5,23975.5,24007.25,9042.0
1774224000,24008.0,24091.0,23940.25,23949.25,15539.0
1774227600,23950.25,24072.75,23936.25,24044.5,11203.0
1774231200,24045.0,24068.5,23989.75,24009.25,6857.0
1774234800,24010.0,24027.25,23950.25,23954.75,5578.0
1774238400,23955.75,24004.0,23946.0,23996.0,4363.0
1774242000,23995.75,24033.75,23932.75,23974.5,6948.0
1774245600,23972.75,23975.75,23827.0,23854.5,10152.0
1774249200,23855.75,23913.25,23772.5,23842.75,13999.0
1774252800,23841.5,23955.25,23839.75,23932.0,15500.0
1774256400,23932.25,23971.5,23845.25,23882.25,13111.0
1774260000,23884.0,23929.0,23815.75,23881.25,14304.0
1774263600,23881.25,24763.0,23875.5,24390.0,64619.0
1774267200,24392.75,24621.0,24345.0,24608.5,39422.0
1774270800,24610.0,24648.0,24432.5,24599.25,73304.0
1774274400,24600.5,24688.25,24527.5,24609.5,72171.0
1774278000,24611.0,24690.0,24370.25,24381.5,68035.0
1774281600,24382.0,24465.5,24308.5,24368.75,63545.0
1774285200,24369.0,24473.75,24311.25,24468.25,41552.0
1774288800,24468.5,24536.75,24416.75,24514.0,38854.0
1774292400,24514.25,24516.5,24398.25,24399.25,49336.0
1774296000,24399.5,24433.75,24359.0,24400.0,16300.0
1774303200,24417.25,24489.75,24377.25,24482.0,0.0
1774306800,24483.25,24484.0,24426.75,24455.5,4883.0
1774310400,24454.75,24457.75,24266.75,24322.5,13068.0
1774314000,24326.25,24326.5,24232.25,24263.75,7767.0
1774317600,24263.0,24294.0,24222.75,24249.5,6025.0
1774321200,24250.0,24282.5,24231.0,24274.75,3451.0
1774324800,24292.0,24303.5,24241.25,24256.5,3696.0
1774328400,24258.0,24305.0,24193.5,24262.5,7152.0
1774332000,24263.0,24397.75,24259.75,24376.5,6531.0
1774335600,24376.5,24507.25,24371.25,24467.0,11601.0
1774339200,24466.5,24491.0,24361.0,24377.5,11291.0
1774342800,24379.25,24429.25,24304.25,24420.25,9111.0
1774346400,24421.5,24434.0,24369.5,24406.5,6823.0
1774350000,24407.0,24424.25,24297.5,24383.0,10915.0
1774353600,24384.0,24397.75,24263.75,24280.25,15300.0
1774357200,24279.5,24317.5,24134.0,24215.75,68721.0
1774360800,24215.75,24343.0,24175.75,24242.5,83483.0
1774364400,24244.5,24385.25,24240.5,24295.5,51675.0
1774368000,24295.0,24346.25,24244.25,24281.25,37262.0
1774371600,24280.75,24294.75,24160.25,24242.5,48606.0
1774375200,24243.0,24348.0,24209.25,24275.75,41650.0
1774378800,24276.25,24319.75,24188.5,24218.75,44274.0
1774382400,24218.75,24550.0,24214.25,24403.75,39016.0
1774389600,24420.0,24458.5,24380.75,24426.5,0.0
1774393200,24425.25,24444.0,24402.25,24411.75,4932.0
1774396800,24412.0,24494.0,24382.75,24449.75,10125.0
1774400400,24449.0,24468.5,24392.5,24395.25,6403.0
1774404000,24396.5,24401.0,24334.0,24335.25,6309.0
1774407600,24337.0,24389.0,24320.5,24376.5,4113.0
1774411200,24387.5,24421.5,24385.75,24418.5,3631.0
1774414800,24419.25,24429.0,24372.5,24382.0,3408.0
1774418400,24382.5,24390.0,24323.75,24378.0,5946.0
1774422000,24377.0,24419.75,24352.0,24408.25,5664.0
1774425600,24408.5,24535.0,24408.5,24439.0,15280.0
1774429200,24441.25,24481.25,24412.5,24453.75,9609.0
1774432800,24454.75,24487.5,24426.75,24449.0,7872.0
1774436400,24447.75,24522.0,24440.25,24495.0,12926.0
1774440000,24494.5,24539.75,24373.0,24448.0,24976.0
1774443600,24448.75,24526.0,24360.75,24368.5,59648.0
1774447200,24368.5,24519.5,24327.5,24484.25,70402.0
1774450800,24483.75,24494.25,24286.5,24378.25,75517.0
1774454400,24377.5,24450.25,24330.75,24422.0,44574.0
1774458000,24422.5,24493.75,24377.25,24427.75,44719.0
1774461600,24426.0,24453.0,24322.75,24354.5,32537.0
1774465200,24354.75,24395.0,24311.75,24372.0,48365.0
1774468800,24371.75,24393.0,24349.25,24367.75,10592.0
1774476000,24373.5,24373.5,24308.0,24316.25,0.0
1774479600,24314.75,24332.5,24283.25,24323.75,5559.0
1774483200,24323.5,24410.0,24316.25,24354.75,7608.0
1774486800,24355.75,24381.75,24330.75,24363.75,4602.0
1774490400,24360.25,24378.75,24247.75,24284.25,8247.0
1774494000,24284.0,24421.25,24281.75,24378.5,7880.0
1774497600,24368.0,24377.5,24317.0,24324.75,3294.0
1774501200,24326.0,24340.25,24251.0,24255.5,5960.0
1774504800,24255.75,24295.75,24232.0,24288.25,5019.0
1774508400,24288.75,24298.0,24199.0,24259.5,6256.0
1774512000,24258.5,24288.0,24152.5,24193.75,10507.0
1774515600,24194.5,24197.75,24107.0,24155.0,10895.0
1774519200,24155.75,24202.25,24132.25,24176.5,8745.0
1774522800,24178.25,24188.5,24098.75,24102.0,9883.0
1774526400,24101.75,24147.75,24069.0,24118.0,16931.0
1774530000,24117.25,24233.25,24064.0,24215.5,68710.0
1774533600,24216.0,24242.5,24030.25,24103.0,74239.0
1774537200,24104.0,24129.75,24051.25,24093.0,47477.0
1774540800,24092.5,24101.75,23970.0,23998.0,48843.0
1774544400,23998.5,24018.0,23851.5,23861.25,40512.0
1774548000,23860.75,23900.75,23844.5,23882.75,37951.0
1774551600,23882.75,23886.5,23775.0,23787.25,66117.0
1774555200,23787.25,24022.25,23763.25,23822.0,38995.0
1774562400,23824.0,23890.75,23824.0,23870.5,0.0
1774566000,23868.75,23892.25,23841.5,23876.75,5571.0
1774569600,23877.0,23908.75,23807.0,23818.25,9556.0
1774573200,23818.75,23875.0,23806.0,23872.0,5563.0
1774576800,23872.25,23886.0,23845.0,23854.25,4375.0
1774580400,23855.5,23898.0,23839.0,23898.0,3574.0
1774584000,23883.5,23921.0,23882.25,23917.75,3522.0
1774587600,23916.25,23976.0,23914.5,23927.25,7739.0
1774591200,23926.5,23955.25,23894.75,23905.25,6331.0
1774594800,23905.0,23906.75,23853.75,23872.0,6459.0
1774598400,23872.0,23897.5,23770.5,23779.25,15584.0
1774602000,23779.5,23812.5,23710.0,23738.75,13873.0
1774605600,23739.5,23769.25,23633.0,23649.5,13069.0
1774609200,23649.25,23690.0,23608.25,23664.0,15428.0
1774612800,23663.0,23667.5,23596.75,23613.0,14119.0
1774616400,23615.5,23664.0,23470.0,23478.75,70842.0
1774620000,23481.0,23558.5,23440.0,23511.5,70469.0
1774623600,23511.5,23610.5,23458.5,23549.5,63413.0
1774627200,23550.5,23556.75,23444.25,23473.5,38459.0
1774630800,23473.5,23529.5,23344.0,23360.25,47108.0
1774634400,23359.75,23396.25,23325.25,23340.0,39095.0
1774638000,23339.25,23360.5,23269.0,23309.0,63710.0
1774641600,23309.0,23330.5,23232.5,23254.25,24428.0
1774821600,23164.25,23242.25,23154.25,23208.25,10137.0
1774825200,23209.5,23224.0,23108.5,23127.5,10680.0
1774828800,23128.25,23263.75,23093.0,23149.75,17617.0
1774832400,23151.25,23210.0,23136.0,23201.0,7807.0
1774836000,23201.75,23275.0,23195.25,23252.25,8139.0
1774839600,23252.0,23306.5,23250.25,23299.75,7002.0
1774843200,23296.25,23356.25,23288.25,23321.5,7812.0
1774846800,23321.5,23362.75,23319.0,23345.5,5125.0
1774850400,23345.5,23416.0,23337.25,23390.5,7645.0
1774854000,23389.5,23414.25,23360.0,23396.75,8299.0
1774857600,23397.5,23449.5,23374.0,23443.5,9554.0
1774861200,23443.5,23451.25,23390.0,23403.0,8173.0
1774864800,23403.75,23417.0,23373.25,23410.5,5680.0
1774868400,23412.0,23574.0,23406.25,23457.75,19555.0
1774872000,23459.75,23524.0,23436.5,23506.0,11781.0
1774875600,23505.75,23538.25,23292.75,23302.0,62596.0
1774879200,23302.5,23382.75,23262.25,23377.5,73231.0
1774882800,23377.5,23436.25,23282.0,23375.0,63348.0
1774886400,23374.5,23380.25,23267.0,23288.0,39051.0
1774890000,23288.0,23306.25,23169.5,23210.75,47246.0
1774893600,23210.5,23212.75,23115.25,23120.75,31652.0
1774897200,23120.75,23165.25,23024.5,23135.5,66567.0
1774900800,23135.5,23144.5,23091.75,23106.25,15985.0
1774908000,23119.5,23147.75,23097.75,23100.25,0.0
1774911600,23100.0,23100.0,23021.25,23046.0,9885.0
1774915200,23045.5,23283.75,22961.5,23202.25,27035.0
1774918800,23203.0,23397.25,23160.25,23339.25,23062.0
1774922400,23340.0,23405.0,23322.75,23345.5,10250.0
1774926000,23346.25,23397.5,23310.0,23320.25,6592.0
1774929600,23324.0,23342.0,23277.75,23283.75,5640.0
1774933200,23283.0,23338.5,23235.0,23310.5,6957.0
1774936800,23311.25,23319.0,23265.25,23292.0,6132.0
1774940400,23292.25,23371.5,23238.25,23369.75,11362.0
1774944000,23369.5,23390.25,23293.25,23313.25,10590.0
1774947600,23311.75,23351.75,23293.75,23305.75,8023.0
1774951200,23306.5,23332.5,23238.5,23286.75,9937.0
1774954800,23284.5,23398.0,23264.0,23360.0,20536.0
1774958400,23359.75,23439.25,23312.0,23370.25,27309.0
1774962000,23370.75,23575.0,23357.0,23565.0,70254.0
1774965600,23569.0,23587.75,23376.5,23409.5,77924.0
1774969200,23409.25,23558.75,23407.5,23446.5,61901.0
1774972800,23446.25,23857.25,23435.75,23775.25,109422.0
1774976400,23775.75,23876.0,23747.5,23761.0,81436.0
1774980000,23760.0,23872.0,23760.0,23855.5,41982.0
1774983600,23856.25,23975.25,23833.5,23909.75,77958.0
1774987200,23909.5,23945.5,23868.25,23905.5,25428.0
1774994400,23889.0,23974.0,23880.0,23958.0,0.0
1774998000,23957.0,24045.75,23943.0,24038.0,9195.0
1775001600,24036.25,24048.25,23992.25,24036.25,8817.0
1775005200,24037.0,24042.25,23967.0,23976.25,8584.0
1775008800,23978.25,23996.25,23956.25,23966.25,4265.0
1775012400,23966.75,23993.5,23963.25,23980.0,2566.0
1775016000,23986.5,24022.5,23978.5,24011.75,3423.0
1775019600,24013.75,24073.75,24007.5,24041.25,6056.0
1775023200,24041.5,24176.75,24039.0,24169.0,14145.0
1775026800,24169.5,24181.25,24072.25,24079.25,12598.0
1775030400,24078.75,24106.5,24026.75,24071.75,13812.0
1775034000,24072.0,24090.75,24003.5,24068.0,9643.0
1775037600,24070.75,24140.0,24050.75,24127.0,9252.0
1775041200,24128.5,24205.0,24123.5,24191.0,12640.0
1775044800,24189.75,24246.0,24050.0,24062.25,26755.0
1775048400,24061.0,24194.75,24036.0,24120.75,72136.0
1775052000,24121.75,24270.0,24108.75,24260.0,81192.0
1775055600,24260.25,24327.0,24229.75,24313.25,50782.0
1775059200,24314.0,24330.75,24288.25,24318.75,31162.0
1775062800,24319.75,24348.25,24265.5,24266.75,30558.0
1775066400,24266.75,24273.5,24124.5,24159.0,65668.0
1775070000,24159.0,24255.75,24153.75,24200.5,67048.0
1775073600,24200.75,24215.75,24176.5,24187.25,14019.0
1775080800,24180.0,24206.0,24158.0,24170.5,0.0
1775084400,24170.5,24203.75,24159.25,24183.5,4001.0
1775088000,24183.0,24245.75,24154.5,24236.25,8899.0
1775091600,24236.0,24240.0,23912.5,23938.5,29502.0
1775095200,23940.5,23967.0,23856.0,23884.75,12721.0
1775098800,23885.5,23894.75,23815.0,23821.5,6968.0
1775102400,23814.75,23841.25,23795.0,23803.0,5628.0
1775106000,23805.25,23827.0,23753.75,23756.0,7011.0
1775109600,23757.5,23819.0,23752.5,23815.5,8093.0
1775113200,23815.75,23882.0,23795.25,23879.25,9047.0
1775116800,23878.5,23881.75,23823.25,23834.75,7576.0
1775120400,23835.25,23860.0,23818.5,23830.25,4240.0
1775124000,23831.5,23840.75,23775.0,23813.25,6922.0
1775127600,23811.75,23822.0,23682.0,23682.75,12650.0
1775131200,23684.0,23757.75,23666.0,23725.5,17328.0
1775134800,23725.25,23908.25,23678.0,23898.0,71195.0
1775138400,23897.75,24266.75,23859.0,24175.0,125169.0
1775142000,24174.5,24214.5,24089.0,24136.0,67292.0
1775145600,24136.0,24177.0,24057.5,24121.0,42629.0
1775149200,24120.5,24182.75,24063.5,24090.75,31591.0
1775152800,24091.25,24165.0,24091.0,24140.5,29013.0
1775156400,24141.0,24225.75,24135.0,24220.75,39924.0
1775160000,24220.75,24233.75,24199.75,24219.5,15092.0
1775167200,24219.5,24219.5,24177.5,24203.5,0.0
1775170800,24203.0,24216.75,24189.0,24213.25,2354.0
1775174400,24214.75,24255.0,24212.5,24225.25,4350.0
1775178000,24226.0,24231.75,24195.75,24196.75,2437.0
1775181600,24196.0,24205.5,24150.5,24181.25,4356.0
1775185200,24180.25,24192.5,24161.0,24168.0,2514.0
1775426400,24093.5,24097.0,23981.5,24079.25,17807.0
1775430000,24079.25,24094.5,24041.0,24091.75,10617.0
1775433600,24091.5,24216.0,24087.75,24208.75,9766.0
1775437200,24209.75,24240.0,24183.75,24193.75,6187.0
1775440800,24193.25,24326.75,24188.25,24223.0,11065.0
1775444400,24223.0,24230.0,24120.5,24212.25,7597.0
1775448000,24213.0,24265.0,24207.75,24253.5,4463.0
1775451600,24253.0,24268.0,24212.0,24232.75,3300.0
1775455200,24232.25,24290.25,24215.75,24255.5,6890.0
1775458800,24257.25,24325.5,24207.25,24309.5,7194.0
1775462400,24310.0,24393.25,24308.75,24370.5,8047.0
1775466000,24370.5,24398.25,24332.0,24337.5,5501.0
1775469600,24338.0,24359.0,24262.5,24315.5,7059.0
1775473200,24315.5,24316.5,24282.0,24306.5,6617.0
1775476800,24306.0,24338.0,24288.25,24307.0,8335.0
1775480400,24307.5,24416.75,24245.75,24411.75,62842.0
1775484000,24411.5,24452.25,24262.25,24306.25,75644.0
1775487600,24306.25,24337.5,24252.25,24323.25,37674.0
1775491200,24324.0,24346.75,24283.25,24309.25,25550.0
1775494800,24309.0,24334.25,24202.75,24263.5,37072.0
1775498400,24264.5,24364.25,24245.5,24351.25,31897.0
1775502000,24351.5,24376.25,24326.25,24363.0,31050.0
1775505600,24363.25,24370.0,24334.0,24349.75,10997.0
1775512800,24348.75,24384.0,24299.75,24303.25,0.0
1775516400,24302.25,24333.0,24298.25,24299.5,2947.0
1775520000,24299.25,24358.5,24278.75,24303.5,7523.0
1775523600,24303.0,24310.5,24168.25,24177.0,9726.0
1775527200,24178.75,24220.25,24153.0,24211.0,6819.0
1775530800,24212.5,24231.5,24192.75,24223.5,3099.0
1775534400,24214.75,24264.0,24198.25,24247.25,3809.0
1775538000,24248.25,24259.5,24204.5,24228.5,3916.0
1775541600,24228.5,24244.75,24207.0,24241.25,3162.0
1775545200,24242.75,24257.5,24209.25,24246.25,4154.0
1775548800,24247.75,24382.5,24246.75,24359.25,12368.0
1775552400,24359.5,24422.0,24352.75,24385.25,7481.0
1775556000,24387.0,24400.25,24185.25,24202.75,16137.0
1775559600,24205.5,24258.0,24178.25,24210.75,12344.0
1775563200,24211.0,24280.0,24133.0,24214.75,22957.0
1775566800,24216.25,24308.0,24118.0,24120.25,60492.0
1775570400,24121.25,24144.5,23994.0,24009.25,82638.0
1775574000,24009.25,24133.0,23941.5,24108.5,61263.0
1775577600,24107.5,24241.75,24105.5,24202.25,50084.0
1775581200,24201.75,24299.75,24169.75,24225.5,42770.0
1775584800,24226.0,24238.25,24076.75,24102.0,37403.0
1775588400,24102.5,24381.0,24083.25,24370.0,85924.0
1775592000,24369.25,24451.5,24345.75,24399.25,26959.0
1775599200,24514.0,24924.5,24355.0,24914.0,0.0
1775602800,24915.0,25086.0,24913.5,25050.75,29401.0
1775606400,25049.75,25101.5,25007.75,25080.25,20142.0
1775610000,25080.0,25109.5,25040.75,25095.25,9111.0
1775613600,25095.5,25111.5,25091.75,25110.5,5447.0
1775617200,25110.25,25118.75,25086.75,25102.5,4141.0
1775620800,25124.75,25156.25,25121.0,25125.25,6246.0
1775624400,25125.25,25195.25,25119.0,25192.25,7898.0
1775628000,25192.0,25202.0,25161.25,25171.25,10247.0
1775631600,25171.25,25190.0,25136.0,25141.75,10798.0
1775635200,25141.5,25225.0,25134.25,25215.25,9553.0
1775638800,25216.0,25245.25,25184.5,25200.0,8489.0
1775642400,25199.5,25231.75,25185.5,25204.5,6708.0
1775646000,25204.75,25235.0,25180.25,25209.25,10694.0
1775649600,25210.75,25257.0,25155.0,25212.75,26558.0
1775653200,25213.0,25249.75,25064.0,25080.75,84770.0
1775656800,25080.75,25105.0,24926.5,24993.0,85792.0
1775660400,24993.25,25089.0,24978.75,25078.5,52323.0
1775664000,25078.75,25157.5,25061.75,25142.25,37663.0
1775667600,25142.5,25156.75,25065.0,25094.25,34408.0
1775671200,25094.5,25131.75,24948.75,24953.25,46814.0
1775674800,24953.25,25097.0,24943.25,25079.75,67593.0
1775678400,25079.75,25095.25,25033.25,25039.0,16709.0
1775685600,25037.75,25065.0,25010.75,25034.5,0.0
1775689200,25034.25,25055.5,25022.5,25026.0,4496.0
1775692800,25026.5,25034.25,24999.0,25012.25,6804.0
1775696400,25012.0,25025.5,24980.5,25022.75,6524.0
1775700000,25022.75,25050.75,25022.75,25031.0,4173.0
1775703600,25031.75,25037.25,25009.0,25016.5,3253.0
1775707200,25013.25,25023.75,25006.0,25014.0,2526.0
1775710800,25014.5,25047.0,24994.25,25028.5,3696.0
1775714400,25030.0,25059.0,25017.0,25039.0,5892.0
1775718000,25039.75,25048.75,24965.0,24985.0,8130.0
1775721600,24986.0,25006.75,24953.0,24972.75,8280.0
1775725200,24972.5,25018.5,24964.25,25016.25,6243.0
1775728800,25017.25,25027.0,24981.0,24984.5,7522.0
1775732400,24983.75,25039.0,24976.75,25030.0,10637.0
1775736000,25030.25,25063.5,25016.5,25028.75,13827.0
1775739600,25029.25,25111.5,25005.5,25033.25,59054.0
1775743200,25033.0,25056.0,24960.5,25041.25,67167.0
1775746800,25041.5,25197.75,25016.0,25189.0,77645.0
1775750400,25189.0,25265.75,25161.75,25196.5,56481.0
1775754000,25196.75,25257.0,25188.0,25226.75,36354.0
1775757600,25227.0,25231.25,25145.0,25179.75,47793.0
1775761200,25180.25,25269.75,25175.75,25248.75,50358.0
1775764800,25248.75,25254.0,25220.25,25244.75,13241.0
1775772000,25237.0,25254.75,25202.75,25206.75,0.0
1775775600,25209.25,25238.0,25193.0,25224.0,3868.0
1775779200,25224.0,25280.0,25206.0,25270.75,5840.0
1775782800,25270.5,25298.5,25255.75,25285.0,5167.0
1775786400,25284.75,25290.25,25254.0,25273.0,3260.0
1775790000,25274.25,25303.75,25271.0,25291.5,2818.0
1775793600,25279.5,25283.5,25265.5,25269.25,1948.0
1775797200,25269.5,25284.75,25257.5,25263.0,2393.0
1775800800,25261.75,25268.0,25218.75,25228.25,5147.0
1775804400,25229.25,25256.0,25223.0,25242.0,5340.0
1775808000,25243.0,25243.75,25202.75,25209.5,7105.0
1775811600,25209.5,25274.75,25206.0,25259.0,9328.0
1775815200,25258.5,25283.75,25240.5,25271.25,5829.0
1775818800,25272.0,25302.25,25261.75,25268.75,6742.0
1775822400,25269.25,25386.0,25263.75,25304.5,13129.0
1775826000,25304.0,25369.25,25290.5,25320.5,55608.0
1775829600,25319.0,25373.75,25268.0,25352.5,65335.0
1775833200,25352.5,25393.0,25244.75,25264.5,59743.0
1775836800,25264.5,25301.5,25222.25,25264.5,43686.0
1775840400,25265.5,25276.0,25223.25,25272.0,29572.0
1775844000,25271.75,25281.25,25238.5,25260.75,29032.0
1775847600,25261.25,25302.0,25259.0,25284.25,44175.0
1775851200,25284.0,25338.0,25276.75,25281.25,12655.0
1776031200,24992.0,25019.25,24928.25,24956.25,12368.0
1776034800,24957.25,24989.25,24922.0,24984.0,7189.0
1776038400,24984.0,25056.0,24950.0,25055.0,11875.0
1776042000,25055.5,25093.75,25052.0,25083.0,8151.0
1776045600,25083.25,25085.5,25056.5,25077.25,4135.0
1776049200,25077.75,25084.25,25054.0,25062.0,3348.0
1776052800,25059.75,25096.0,25049.5,25081.0,3736.0
1776056400,25081.0,25089.25,25059.25,25079.75,3379.0
1776060000,25080.0,25119.0,25078.0,25115.5,4824.0
1776063600,25115.5,25128.25,25088.0,25101.5,5278.0
1776067200,25101.0,25130.25,25089.75,25097.75,7746.0
1776070800,25098.0,25133.0,25097.75,25116.0,4491.0
1776074400,25116.5,25164.25,25109.5,25156.75,4816.0
1776078000,25156.5,25194.75,25084.5,25089.25,12892.0
1776081600,25090.25,25179.5,25073.5,25168.75,13543.0
1776085200,25168.25,25310.0,25156.5,25307.0,74553.0
1776088800,25308.0,25360.75,25245.5,25351.75,71540.0
1776092400,25352.0,25355.0,25296.5,25309.5,43689.0
1776096000,25309.0,25435.0,25282.5,25410.75,65096.0
1776099600,25411.0,25439.5,25396.75,25404.0,30733.0
1776103200,25404.5,25454.5,25396.0,25445.25,26143.0
1776106800,25445.5,25550.25,25431.0,25537.75,53370.0
1776110400,25538.0,25599.25,25533.5,25585.5,19111.0
1776117600,25575.25,25597.5,25564.25,25594.0,0.0
1776121200,25593.75,25619.25,25583.0,25585.25,6916.0
1776124800,25585.0,25600.0,25560.0,25590.25,6366.0
1776128400,25590.75,25593.5,25571.25,25581.25,3244.0
1776132000,25582.0,25597.75,25575.75,25596.5,2694.0
1776135600,25595.75,25595.75,25574.5,25584.75,2063.0
1776139200,25584.0,25594.5,25580.75,25593.75,1676.0
1776142800,25593.5,25598.25,25571.5,25574.25,2508.0
1776146400,25574.5,25593.25,25564.5,25584.75,4092.0
1776150000,25586.0,25643.5,25581.5,25618.0,8952.0
1776153600,25618.25,25665.0,25609.75,25662.5,5764.0
1776157200,25663.0,25674.0,25631.75,25638.25,5412.0
1776160800,25638.0,25655.5,25622.75,25625.75,5529.0
1776164400,25625.0,25698.0,25620.0,25666.75,7917.0
1776168000,25667.5,25723.0,25656.5,25676.25,14866.0
1776171600,25675.5,25763.75,25651.75,25722.25,62735.0
1776175200,25721.5,25820.25,25712.0,25806.0,64170.0
1776178800,25805.75,25899.75,25762.5,25875.75,56734.0
1776182400,25876.0,25938.0,25872.0,25914.0,40265.0
1776186000,25914.25,25969.25,25911.75,25958.0,31295.0
1776189600,25958.75,25964.75,25884.25,25917.75,40537.0
1776193200,25917.5,26003.25,25915.0,26001.25,66066.0
1776196800,26001.25,26003.0,25972.0,25990.0,16248.0
1776204000,25985.75,26015.0,25976.5,25995.75,0.0
1776207600,25995.75,26035.5,25993.5,26018.25,5675.0
1776211200,26017.5,26023.0,25995.0,26018.75,6393.0
1776214800,26017.75,26042.5,26014.0,26038.5,4784.0
1776218400,26037.75,26038.5,25990.0,25996.0,4797.0
1776222000,25995.5,26026.25,25995.0,26023.0,3186.0
1776225600,26018.0,26025.5,26009.75,26014.0,1916.0
1776229200,26014.0,26058.0,25966.0,25978.5,8735.0
1776232800,25979.0,25998.0,25968.0,25988.0,4039.0
1776236400,25988.5,26009.25,25970.5,26004.75,6251.0
1776240000,26004.5,26038.0,26000.0,26032.0,5154.0
1776243600,26032.0,26038.25,25975.0,25978.25,6439.0
1776247200,25978.75,25998.5,25933.75,25985.25,11267.0
1776250800,25985.5,26048.0,25972.5,25998.25,10733.0
1776254400,25998.5,26007.25,25960.5,25990.0,11160.0
1776258000,25990.0,26072.25,25979.0,26068.5,63059.0
1776261600,26069.25,26176.25,26048.5,26163.0,69144.0
1776265200,26163.0,26215.5,26138.75,26196.75,51975.0
1776268800,26197.25,26251.5,26102.25,26144.25,58806.0
1776272400,26144.25,26220.0,26136.75,26190.75,37709.0
1776276000,26190.25,26315.25,26173.25,26303.25,45920.0
1776279600,26303.0,26377.5,26292.25,26363.5,65270.0
1776283200,26364.0,26371.25,26330.0,26359.5,16413.0
1776290400,26350.0,26393.25,26345.0,26389.75,0.0
1776294000,26389.5,26419.0,26383.5,26407.0,4158.0
1776297600,26408.0,26445.0,26388.75,26437.75,7411.0
1776301200,26437.5,26465.25,26426.0,26440.75,6351.0
1776304800,26440.75,26459.0,26439.75,26442.5,3302.0
1776308400,26442.0,26460.5,26437.5,26445.5,3269.0
1776312000,26436.0,26444.5,26429.0,26434.5,2590.0
1776315600,26435.0,26461.25,26416.5,26455.0,5100.0
1776319200,26455.75,26486.0,26455.25,26480.75,7010.0
1776322800,26479.75,26488.0,26452.25,26460.0,5987.0
1776326400,26459.5,26464.5,26408.5,26440.5,8856.0
1776330000,26440.5,26458.0,26433.75,26453.25,4410.0
1776333600,26453.75,26465.75,26364.5,26406.0,9829.0
1776337200,26407.5,26425.25,26383.0,26418.25,7943.0
1776340800,26419.0,26432.5,26392.75,26402.0,9334.0
1776344400,26402.0,26453.25,26275.5,26322.0,82800.0
1776348000,26321.25,26422.75,26290.5,26404.25,81626.0
1776351600,26403.75,26543.0,26403.75,26533.25,74598.0
1776355200,26533.75,26564.0,26430.5,26473.25,56987.0
1776358800,26474.25,26509.75,26431.0,26460.75,51513.0
1776362400,26460.25,26484.25,26355.0,26438.0,68984.0
1776366000,26438.0,26498.5,26434.25,26483.75,54378.0
1776369600,26483.75,26490.75,26440.75,26464.25,16439.0
1776376800,26460.0,26487.25,26445.25,26475.25,0.0
1776380400,26473.5,26488.5,26470.25,26479.5,3006.0
1776384000,26479.75,26497.25,26456.0,26487.5,6227.0
1776387600,26487.5,26497.75,26480.5,26488.25,4103.0
1776391200,26489.25,26495.0,26455.0,26465.0,3457.0
1776394800,26464.75,26468.25,26449.5,26459.5,2318.0
1776398400,26470.25,26481.75,26461.5,26463.25,2356.0
1776402000,26463.25,26470.0,26440.0,26465.5,3118.0
1776405600,26466.0,26480.25,26446.75,26456.75,3777.0
1776409200,26457.0,26492.25,26457.0,26488.25,4669.0
1776412800,26488.75,26521.0,26476.75,26518.75,4754.0
1776416400,26518.75,26541.5,26506.25,26537.0,5859.0
1776420000,26537.0,26547.0,26505.5,26526.5,5655.0
1776423600,26525.75,26568.25,26521.75,26565.75,6959.0
1776427200,26566.5,26745.75,26561.5,26741.5,32814.0
1776430800,26742.0,26817.75,26629.5,26731.25,107201.0
1776434400,26731.75,26855.75,26714.5,26827.25,83035.0
1776438000,26827.75,26877.0,26799.25,26804.75,64324.0
1776441600,26804.75,26884.75,26791.5,26859.25,44075.0
1776445200,26859.5,26877.25,26735.5,26808.0,70348.0
1776448800,26808.25,26822.0,26755.5,26784.75,50934.0
1776452400,26785.0,26831.0,26757.75,26827.5,54613.0
1776456000,26827.25,26845.0,26816.0,26825.5,14334.0
1776636000,26638.75,26675.0,26608.25,26665.0,9140.0
1776639600,26665.75,26682.0,26636.75,26659.75,6837.0
1776643200,26658.25,26665.0,26616.0,26656.75,9218.0
1776646800,26657.75,26714.75,26653.0,26705.25,7502.0
1776650400,26705.75,26706.25,26684.75,26694.5,3334.0
1776654000,26694.25,26701.25,26677.0,26678.5,2743.0
1776657600,26679.0,26682.25,26654.25,26675.5,3229.0
1776661200,26675.5,26678.5,26612.0,26635.0,5412.0
1776664800,26636.0,26647.25,26633.25,26646.25,416.0
1776675600,26825.5,26825.5,26693.0,26694.25,27815.0
1776679200,26695.25,26825.5,26691.5,26700.25,5319.0
1776682800,26701.0,26825.5,26680.75,26710.0,7675.0
1776686400,26710.5,26776.0,26702.0,26750.5,12140.0
1776690000,26751.75,26827.75,26715.75,26780.75,63776.0
1776693600,26782.75,26788.25,26611.25,26637.75,85545.0
1776697200,26638.25,26710.75,26568.75,26658.5,69428.0
1776700800,26658.25,26699.75,26639.25,26679.25,34153.0
1776704400,26679.5,26727.0,26660.5,26707.25,33252.0
1776708000,26707.5,26748.5,26696.75,26732.25,35082.0
1776711600,26732.0,26752.0,26709.25,26745.0,39581.0
1776715200,26745.0,26809.75,26729.25,26774.25,19715.0
1776722400,26776.75,26817.5,26756.5,26810.25,0.0
1776726000,26810.5,26812.5,26791.5,26796.75,2450.0
1776729600,26796.75,26838.5,26785.0,26824.0,7670.0
1776733200,26825.0,26837.25,26807.25,26812.75,4331.0
1776736800,26813.0,26823.0,26808.25,26812.0,2254.0
1776740400,26813.25,26817.0,26790.0,26811.75,2595.0
1776744000,26816.5,26831.25,26811.75,26825.5,1943.0
1776747600,26825.5,26844.25,26819.0,26826.75,3192.0
1776751200,26826.5,26857.25,26748.75,26846.25,3770.0
1776754800,26846.25,26847.25,26806.5,26813.25,4968.0
1776758400,26813.25,26854.75,26797.25,26837.0,4808.0
1776762000,26837.25,26847.0,26805.5,26840.75,4465.0
1776765600,26841.25,26882.5,26834.5,26872.0,4548.0
1776769200,26871.75,26901.75,26840.0,26871.25,10153.0
1776772800,26871.5,26880.25,26812.0,26820.75,16372.0
1776776400,26823.25,26839.0,26726.75,26838.5,61277.0
1776780000,26838.75,26885.25,26730.0,26736.75,76329.0
1776783600,26737.75,26786.25,26662.5,26731.5,84915.0
1776787200,26733.0,26782.75,26668.25,26670.75,53222.0
1776790800,26670.75,26765.75,26600.0,26699.25,81666.0
1776794400,26699.0,26746.25,26659.5,26724.0,46538.0
1776798000,26724.25,26786.5,26551.75,26641.5,87870.0
1776801600,26642.25,26794.25,26601.75,26721.25,30362.0
1776808800,26729.5,26760.5,26727.75,26740.25,0.0
1776812400,26740.25,26777.25,26735.0,26773.5,4113.0
1776816000,26774.75,26818.0,26771.75,26797.75,6677.0
1776819600,26797.25,26832.75,26792.75,26821.75,5467.0
1776823200,26821.25,26837.75,26816.0,26817.25,3377.0
1776826800,26817.25,26826.25,26804.0,26811.75,3260.0
1776830400,26812.75,26817.5,26774.5,26778.25,3587.0
1776834000,26777.25,26856.75,26765.5,26831.25,7983.0
1776837600,26833.0,26845.0,26802.0,26836.0,4398.0
1776841200,26835.75,26864.5,26825.75,26844.75,6243.0
1776844800,26845.5,26850.25,26779.75,26819.5,8177.0
1776848400,26818.0,26863.25,26807.75,26825.75,7515.0
1776852000,26826.0,26849.75,26806.0,26826.0,7863.0
1776855600,26826.25,26839.5,26806.0,26833.75,7471.0
1776859200,26835.0,26900.5,26819.5,26821.5,20810.0
1776862800,26821.75,26892.75,26811.5,26864.5,64868.0
1776866400,26864.25,27006.25,26852.0,26972.0,85076.0
1776870000,26972.25,27008.75,26940.25,26980.5,51858.0
1776873600,26980.5,27005.0,26957.25,26966.75,38333.0
1776877200,26966.5,27050.0,26965.75,27030.0,42045.0
1776880800,27029.75,27041.0,26992.5,27013.75,30323.0
1776884400,27014.0,27093.0,26978.0,27079.75,62217.0
1776888000,27079.5,27136.0,27069.0,27106.5,22308.0
1776895200,27075.0,27098.0,27066.0,27087.25,0.0
1776898800,27088.0,27099.75,27082.0,27096.0,1580.0
1776902400,27095.5,27098.0,26848.0,27060.75,23891.0
1776906000,27060.5,27062.5,26993.0,27000.25,5995.0
1776909600,27000.75,27000.75,26943.75,26950.5,7706.0
1776913200,26952.5,26962.0,26865.0,26904.75,10229.0
1776916800,26910.0,26957.25,26910.0,26956.0,4105.0
1776920400,26956.0,26981.75,26939.0,26978.25,5104.0
1776924000,26979.0,27007.25,26977.0,26990.75,5477.0
1776927600,26991.25,27013.5,26970.25,26997.5,5875.0
1776931200,26995.75,27002.0,26918.0,26928.0,7061.0
1776934800,26927.25,26961.5,26890.0,26941.75,6575.0
1776938400,26941.75,26985.0,26916.25,26978.75,7425.0
1776942000,26979.5,27048.5,26941.75,27032.5,12552.0
1776945600,27032.5,27079.75,26956.75,27009.25,19703.0
1776949200,27009.25,27102.75,26965.0,27016.75,59241.0
1776952800,27017.25,27106.25,26970.0,27094.25,74617.0
1776956400,27094.5,27155.75,27061.0,27093.0,57403.0
1776960000,27093.25,27119.0,27038.75,27087.75,40050.0
1776963600,27089.0,27099.0,26681.75,26880.5,143004.0
1776967200,26879.0,26982.25,26842.5,26860.5,59167.0
1776970800,26861.0,26944.5,26840.25,26926.5,55264.0
1776974400,26926.5,26988.5,26909.25,26942.75,19704.0
1776981600,26992.0,27053.0,26992.0,27042.75,0.0
1776985200,27041.75,27080.5,27033.5,27080.25,4089.0
1776988800,27081.0,27135.75,27070.75,27118.25,9169.0
1776992400,27119.75,27128.5,27099.5,27118.75,5167.0
1776996000,27118.0,27121.0,27059.0,27070.75,5192.0
1776999600,27070.25,27078.25,27023.25,27031.0,4706.0
1777003200,27036.25,27057.25,27016.25,27054.25,3853.0
1777006800,27054.5,27086.75,27031.75,27086.0,3836.0
1777010400,27086.25,27099.25,27066.75,27075.0,3615.0
1777014000,27074.25,27114.75,27071.25,27109.0,5415.0
1777017600,27109.5,27153.75,27073.25,27094.5,9965.0
1777021200,27096.0,27120.75,27064.5,27108.75,5599.0
1777024800,27109.25,27192.75,27108.0,27172.5,10038.0
1777028400,27171.5,27363.75,27170.5,27275.75,34711.0
1777032000,27277.0,27312.25,27203.0,27238.0,21532.0
1777035600,27238.0,27266.75,27130.25,27193.75,72104.0
1777039200,27193.75,27297.25,27158.5,27290.25,75098.0
1777042800,27290.5,27417.5,27286.25,27396.0,69321.0
1777046400,27396.25,27430.5,27360.0,27409.75,41651.0
1777050000,27409.75,27462.5,27367.0,27432.75,39054.0
1777053600,27433.0,27443.0,27383.75,27408.0,31653.0
1777057200,27408.5,27454.5,27404.0,27433.25,54835.0
1777060800,27433.5,27444.5,27409.0,27440.25,14691.0
1777240800,27357.25,27399.75,27345.0,27395.5,4866.0
1777244400,27395.25,27398.0,27366.75,27384.0,4868.0
1777248000,27385.0,27474.5,27379.0,27455.5,9211.0
1777251600,27456.0,27540.0,27456.0,27537.75,10760.0
1777255200,27537.5,27542.5,27511.0,27518.75,4667.0
1777258800,27518.75,27536.25,27512.75,27527.5,3557.0
1777262400,27524.5,27540.0,27508.0,27517.75,3838.0
1777266000,27518.75,27520.25,27443.5,27449.5,6625.0
1777269600,27449.25,27456.0,27421.25,27434.0,5949.0
1777273200,27433.75,27443.5,27405.75,27426.0,5924.0
1777276800,27425.0,27444.75,27388.0,27440.75,6322.0
1777280400,27439.25,27466.25,27435.75,27455.0,4450.0
1777284000,27455.25,27483.25,27440.0,27475.5,4364.0
1777287600,27475.5,27500.25,27475.0,27482.0,6687.0
1777291200,27482.0,27483.75,27390.0,27419.25,16998.0
1777294800,27419.75,27435.0,27298.5,27401.75,79166.0
1777298400,27401.5,27409.5,27321.5,27368.0,74251.0
1777302000,27369.0,27383.0,27307.5,27367.25,50847.0
1777305600,27367.0,27406.5,27347.75,27390.5,27813.0
1777309200,27391.0,27439.75,27380.25,27428.5,31847.0
1777312800,27428.5,27437.25,27391.0,27399.25,20002.0
1777316400,27399.75,27454.75,27390.5,27445.0,36641.0
1777320000,27445.0,27446.0,27411.25,27418.5,10646.0
1777327200,27423.0,27501.5,27420.25,27484.75,0.0
1777330800,27484.75,27504.5,27474.75,27490.0,3422.0
1777334400,27490.25,27512.0,27450.25,27467.5,6354.0
1777338000,27468.0,27484.5,27417.5,27421.75,7422.0
1777341600,27423.5,27437.25,27386.0,27395.25,5653.0
1777345200,27394.0,27429.25,27388.5,27410.25,3487.0
1777348800,27411.25,27439.5,27411.25,27417.75,2466.0
1777352400,27417.75,27423.0,27350.0,27364.0,6424.0
1777356000,27363.0,27378.25,27322.0,27337.75,6088.0
1777359600,27337.0,27352.25,27320.0,27338.0,7182.0
1777363200,27338.0,27360.0,27302.5,27352.0,8258.0
1777366800,27352.0,27355.25,27256.5,27284.25,10237.0
1777370400,27284.75,27300.75,27238.75,27262.0,10017.0
1777374000,27261.25,27269.75,27080.5,27094.0,27092.0
1777377600,27094.75,27153.5,27036.5,27149.0,35178.0
1777381200,27148.75,27252.0,27068.25,27202.5,89537.0
1777384800,27201.75,27235.0,27012.5,27091.75,99909.0
1777388400,27091.25,27119.75,27009.5,27053.5,66014.0
1777392000,27053.5,27095.75,27028.0,27084.25,46498.0
1777395600,27084.5,27144.25,27047.5,27141.5,36323.0
1777399200,27141.5,27194.75,27120.75,27194.25,38578.0
1777402800,27194.75,27224.5,27154.5,27169.25,52163.0
1777406400,27169.25,27207.25,27147.25,27191.5,16330.0
1777413600,27197.25,27233.0,27197.25,27223.75,0.0
1777417200,27224.25,27247.75,27213.75,27247.5,3512.0
1777420800,27246.25,27294.0,27246.25,27264.0,6851.0
1777424400,27263.5,27270.0,27191.75,27246.5,10060.0
1777428000,27247.25,27281.5,27242.25,27267.5,6120.0
1777431600,27269.0,27293.5,27266.0,27285.0,2862.0
1777435200,27291.25,27312.25,27289.0,27297.75,2849.0
1777438800,27299.25,27309.75,27276.25,27297.25,2830.0
1777442400,27297.25,27317.25,27260.5,27265.75,5122.0
1777446000,27265.5,27288.5,27210.0,27237.75,7592.0
1777449600,27238.75,27261.5,27198.0,27241.25,8876.0
1777453200,27241.0,27270.0,27222.25,27229.0,5409.0
1777456800,27227.0,27288.5,27212.0,27264.0,5796.0
1777460400,27262.25,27285.0,27235.0,27251.25,6677.0
1777464000,27251.75,27253.0,27191.75,27225.75,11139.0
1777467600,27225.75,27251.25,27124.25,27220.25,57052.0
1777471200,27220.75,27315.5,27177.75,27302.25,59520.0
1777474800,27303.0,27309.5,27199.25,27240.25,62965.0
1777478400,27239.75,27273.5,27153.5,27199.25,46668.0
1777482000,27199.0,27254.0,27170.0,27249.5,32107.0
1777485600,27249.5,27301.0,27158.0,27295.25,49651.0
1777489200,27295.5,27340.25,27262.25,27337.0,57273.0
1777492800,27337.0,27414.0,27094.0,27148.75,56607.0
1777500000,27207.0,27500.0,27207.0,27471.25,0.0
1777503600,27473.25,27557.5,27452.0,27550.75,10923.0
1777507200,27551.75,27622.75,27551.25,27595.25,13307.0
1777510800,27594.25,27601.25,27556.0,27581.25,7819.0
1777514400,27581.25,27588.5,27386.5,27427.5,16636.0
1777518000,27424.75,27453.5,27402.5,27413.75,6576.0
1777521600,27359.5,27367.0,27231.5,27234.25,15553.0
1777525200,27233.5,27308.75,27221.75,27223.75,9248.0
1777528800,27223.5,27307.5,27185.25,27283.5,12417.0
1777532400,27282.25,27377.25,27269.75,27352.25,11247.0
1777536000,27351.5,27396.75,27324.75,27360.0,9082.0
1777539600,27359.5,27442.0,27330.75,27367.75,9920.0
1777543200,27368.25,27432.75,27350.5,27374.75,11926.0
1777546800,27376.5,27494.25,27371.5,27440.5,13471.0
1777550400,27440.25,27550.0,27438.0,27524.75,19829.0
1777554000,27522.75,27540.0,27203.0,27245.75,92763.0
1777557600,27247.25,27376.0,27163.25,27359.5,107261.0
1777561200,27359.25,27435.75,27331.25,27388.5,73225.0
1777564800,27388.25,27435.0,27347.75,27371.25,43050.0
1777568400,27370.75,27548.0,27369.5,27543.25,50556.0
1777572000,27543.5,27591.75,27542.0,27551.25,41998.0
1777575600,27551.25,27622.0,27542.0,27577.5,61845.0
1777579200,27578.5,27617.5,27557.0,27598.5,27488.0
1777586400,27631.75,27646.5,27556.25,27579.75,0.0
1777590000,27579.75,27624.25,27576.5,27594.25,5098.0
1777593600,27594.5,27641.5,27591.0,27625.5,5912.0
1777597200,27624.75,27658.25,27613.0,27650.25,4462.0
1777600800,27648.5,27652.25,27624.5,27642.0,3203.0
1777604400,27642.5,27674.5,27634.25,27644.5,4244.0
1777608000,27628.5,27636.0,27620.75,27628.5,2469.0
1777611600,27628.25,27640.75,27612.25,27616.75,2548.0
1777615200,27617.75,27628.5,27591.5,27596.5,3784.0
1777618800,27595.75,27625.75,27572.0,27579.5,5565.0
1777622400,27580.5,27597.75,27554.5,27566.75,3915.0
1777626000,27566.0,27576.0,27545.5,27569.75,3149.0
1777629600,27570.25,27580.75,27536.25,27569.75,3780.0
1777633200,27570.25,27575.0,27537.25,27564.25,5243.0
1777636800,27564.5,27625.75,27547.0,27577.0,14628.0
1777640400,27576.5,27875.75,27575.75,27873.5,82467.0
1777644000,27873.5,27909.25,27751.0,27814.75,92006.0
1777647600,27815.25,27917.0,27769.0,27890.75,59836.0
1777651200,27890.75,27901.5,27805.5,27831.5,47514.0
1777654800,27831.0,27897.0,27828.5,27883.75,30057.0
1777658400,27883.25,27890.25,27794.75,27821.75,38788.0
1777662000,27822.25,27900.75,27818.0,27837.0,54088.0
1777665600,27837.25,27837.5,27755.75,27835.75,18329.0
1777867200,27835.75,27953.25,27835.75,27938.75,0.0
1777870800,27938.0,27965.75,27930.5,27935.5,4371.0
1777874400,27935.75,27940.25,27872.25,27895.5,6667.0
1777878000,27896.5,27951.25,27881.25,27912.25,6911.0
1777881600,27912.0,27914.25,27864.25,27892.5,7613.0
1777885200,27894.5,27924.75,27883.5,27890.25,4384.0
1777888800,27891.0,27897.0,27662.25,27813.75,34641.0
1777892400,27815.0,27847.75,27778.75,27826.75,13480.0
1777896000,27828.5,27881.5,27828.25,27844.5,13055.0
1777899600,27845.25,27898.75,27787.5,27895.5,63659.0
1777903200,27896.0,27941.0,27844.0,27882.0,63333.0
1777906800,27882.0,27914.25,27697.25,27734.75,93848.0
1777910400,27734.25,27747.75,27613.0,27706.25,67985.0
1777914000,27705.25,27803.75,27704.0,27792.25,41694.0
1777917600,27792.25,27818.75,27718.0,27759.75,35847.0
1777921200,27759.0,27794.0,27739.75,27780.25,43310.0
1777924800,27779.75,27781.0,27738.75,27743.0,10217.0
1777932000,27760.0,27789.5,27740.75,27753.5,0.0
1777935600,27752.0,27764.75,27731.75,27745.5,2821.0
1777939200,27747.0,27793.0,27739.75,27785.0,6547.0
1777942800,27785.0,27833.25,27767.75,27815.25,5227.0
1777946400,27815.5,27841.0,27801.0,27815.5,4598.0
1777950000,27816.0,27848.5,27811.25,27842.0,2653.0
1777953600,27851.5,27852.25,27826.75,27828.25,2739.0
1777957200,27827.25,27855.0,27818.75,27852.75,3131.0
1777960800,27852.5,27887.0,27818.25,27880.75,5900.0
1777964400,27880.0,27926.75,27874.75,27882.0,7447.0
1777968000,27882.5,27942.25,27879.5,27929.75,6479.0
1777971600,27930.0,27958.5,27908.5,27936.75,6281.0
1777975200,27936.75,27959.0,27921.75,27934.75,6065.0
1777978800,27934.0,27947.25,27900.0,27943.75,7303.0
1777982400,27942.5,28006.0,27928.5,27973.5,12716.0
1777986000,27973.5,28112.0,27971.0,28085.25,71058.0
1777989600,28085.0,28139.25,28031.75,28096.0,80823.0
1777993200,28095.75,28149.75,28087.75,28127.0,41678.0
1777996800,28126.75,28152.5,28090.25,28125.5,36618.0
1778000400,28125.5,28167.75,28107.75,28159.0,27692.0
1778004000,28159.5,28186.25,28154.25,28169.25,24313.0
1778007600,28168.75,28188.25,28108.75,28135.5,48794.0
1778011200,28135.25,28247.0,28110.0,28207.25,28918.0
1778018400,28250.0,28422.0,28243.0,28376.25,0.0
1778022000,28375.25,28385.25,28345.5,28370.0,9870.0
1778025600,28369.5,28372.75,28248.0,28275.75,15427.0
1778029200,28275.25,28309.0,28267.75,28292.75,8244.0
1778032800,28292.0,28296.5,28261.5,28288.0,5362.0
1778036400,28287.75,28334.5,28282.75,28313.75,4605.0
1778040000,28319.25,28344.5,28312.0,28335.5,4206.0
1778043600,28334.75,28359.75,28326.0,28355.0,4420.0
1778047200,28354.25,28369.0,28300.0,28336.25,6639.0
1778050800,28335.25,28352.75,28308.0,28347.75,7539.0
1778054400,28348.0,28517.75,28323.75,28482.75,19683.0
1778058000,28482.5,28514.25,28415.0,28506.25,15780.0
1778061600,28507.75,28614.5,28501.5,28585.0,20829.0
1778065200,28584.0,28634.25,28512.0,28538.25,22846.0
1778068800,28539.25,28540.25,28426.25,28458.0,26465.0
1778072400,28457.75,28506.0,28336.0,28469.0,95539.0
1778076000,28468.25,28550.75,28385.0,28537.25,96046.0
1778079600,28537.5,28586.75,28518.0,28560.25,51617.0
1778083200,28560.5,28601.25,28512.25,28539.25,36067.0
1778086800,28539.5,28610.25,28528.5,28600.0,27477.0
1778090400,28599.5,28665.75,28591.75,28640.25,34337.0
1778094000,28640.0,28725.75,28637.75,28711.25,64456.0
1778097600,28711.0,28800.0,28694.5,28712.25,29298.0
1778104800,28662.75,28702.0,28650.0,28676.5,0.0
1778108400,28677.25,28694.5,28654.25,28670.25,4449.0
1778112000,28669.5,28695.0,28637.0,28662.0,7190.0
1778115600,28661.5,28716.0,28638.25,28697.0,5926.0
1778119200,28698.5,28706.75,28652.5,28687.0,5385.0
1778122800,28686.5,28702.5,28673.75,28695.75,2675.0
1778126400,28693.25,28713.5,28692.0,28705.0,2529.0
1778130000,28704.75,28727.75,28694.25,28720.25,3489.0
1778133600,28720.0,28748.75,28695.0,28737.5,5651.0
1778137200,28737.25,28805.25,28728.5,28777.5,11353.0
1778140800,28779.5,28814.5,28728.75,28736.75,8718.0
1778144400,28736.25,28762.5,28711.0,28730.25,6294.0
1778148000,28729.75,28743.0,28690.25,28727.0,5726.0
1778151600,28728.0,28751.0,28705.25,28732.0,7897.0
1778155200,28732.25,28760.75,28717.0,28755.25,10326.0
1778158800,28755.25,28803.0,28708.0,28781.5,73171.0
1778162400,28781.5,28944.75,28779.0,28928.5,82644.0
1778166000,28928.0,28930.5,28772.75,28784.25,71365.0
1778169600,28785.5,28788.25,28637.0,28696.75,91043.0
1778173200,28697.5,28713.5,28552.0,28696.5,83794.0
1778176800,28696.75,28721.5,28582.75,28644.75,63658.0
1778180400,28645.0,28708.75,28586.75,28683.75,63669.0
1778184000,28684.25,28766.25,28633.0,28644.0,24833.0
1778191200,28582.0,28670.75,28541.0,28614.5,0.0
1778194800,28615.25,28679.75,28607.75,28679.5,3217.0
1778198400,28679.75,28747.5,28679.75,28744.75,6891.0
1778202000,28744.75,28782.25,28744.0,28760.5,5576.0
1778205600,28761.0,28773.25,28709.5,28747.5,6106.0
1778209200,28748.25,28776.75,28743.75,28775.25,2423.0
1778212800,28775.5,28796.0,28758.25,28779.0,2767.0
1778216400,28780.25,28829.5,28779.25,28804.5,4085.0
1778220000,28803.75,28838.5,28783.5,28836.25,4704.0
1778223600,28835.5,28837.0,28803.5,28828.0,5897.0
1778227200,28827.75,28869.0,28824.25,28862.0,6687.0
1778230800,28863.0,28897.0,28831.5,28852.25,7216.0
1778234400,28851.5,28890.0,28841.25,28863.5,5580.0
1778238000,28864.0,28915.0,28864.0,28898.5,7239.0
1778241600,28897.75,28976.0,28877.0,28912.25,20833.0
1778245200,28911.5,29111.25,28859.5,29107.25,76782.0
1778248800,29106.5,29175.25,29073.5,29162.0,79997.0
1778252400,29162.25,29217.75,29124.75,29191.5,59511.0
1778256000,29191.0,29247.75,29190.25,29241.0,42037.0
1778259600,29241.25,29317.5,29235.0,29264.25,48471.0
1778263200,29264.25,29305.5,29237.75,29240.5,34212.0
1778266800,29240.5,29341.0,29238.5,29340.0,63268.0
1778270400,29339.5,29386.75,29330.25,29332.5,23924.0
1778450400,29281.75,29299.25,29225.75,29294.5,6969.0
1778454000,29293.75,29346.25,29290.5,29305.0,9801.0
1778457600,29304.5,29399.75,29264.75,29295.75,17552.0
1778461200,29295.0,29353.0,29245.0,29339.25,14778.0
1778464800,29338.75,29361.0,29322.5,29337.25,6973.0
1778468400,29337.5,29348.25,29310.75,29325.0,6442.0
1778472000,29324.25,29344.25,29293.0,29342.25,3578.0
1778475600,29342.25,29356.25,29317.5,29321.75,4882.0
1778479200,29321.5,29354.0,29300.25,29321.5,5656.0
1778482800,29322.0,29330.0,29287.5,29322.5,6231.0
1778486400,29322.5,29330.75,29263.25,29298.0,7663.0
1778490000,29297.0,29366.0,29295.0,29315.5,8699.0
1778493600,29315.25,29333.5,29289.25,29301.25,5888.0
1778497200,29301.5,29389.0,29300.75,29347.75,10515.0
1778500800,29349.0,29353.25,29259.25,29297.75,17724.0
1778504400,29297.0,29434.75,29281.5,29310.25,78647.0
1778508000,29311.25,29417.75,29246.75,29391.5,80080.0
1778511600,29390.75,29475.25,29359.75,29465.25,51137.0
1778515200,29465.25,29480.0,29369.0,29405.0,43158.0
1778518800,29404.5,29476.5,29377.25,29441.5,35833.0
1778522400,29442.0,29475.0,29386.0,29387.75,32397.0
1778526000,29388.75,29434.5,29371.25,29429.25,62343.0
1778529600,29428.5,29430.0,29314.75,29400.0,18835.0
1778536800,29399.0,29455.75,29398.0,29444.5,0.0
1778540400,29446.5,29454.0,29418.25,29428.25,3730.0
1778544000,29428.25,29428.25,29353.25,29378.5,8179.0
1778547600,29378.5,29392.0,29227.0,29270.0,15887.0
1778551200,29270.5,29365.25,29260.0,29361.25,10919.0
1778554800,29361.5,29364.0,29320.25,29326.25,4371.0
1778558400,29332.25,29337.5,29282.5,29282.75,4240.0
1778562000,29282.75,29303.0,29271.0,29282.5,4643.0
1778565600,29282.25,29292.25,29214.0,29219.5,6274.0
1778569200,29219.25,29254.5,29176.0,29240.0,9737.0
1778572800,29240.75,29245.25,29174.0,29214.0,9821.0
1778576400,29213.75,29246.5,29175.25,29221.0,8720.0
1778580000,29221.5,29250.25,29184.5,29207.75,6824.0
1778583600,29207.5,29217.0,29133.0,29166.25,13136.0
1778587200,29165.75,29232.25,29113.0,29224.0,23138.0
1778590800,29222.75,29296.0,29109.75,29129.5,99330.0
1778594400,29129.0,29228.25,29000.0,29014.25,112278.0
1778598000,29013.75,29031.0,28828.5,28839.75,86908.0
1778601600,28840.0,28913.5,28742.0,28749.0,64678.0
1778605200,28749.5,28929.75,28749.0,28920.5,57324.0
1778608800,28920.25,29007.25,28911.25,28956.0,53945.0
1778612400,28956.25,29188.25,28955.75,29174.5,74187.0
1778616000,29174.25,29176.0,29103.0,29134.25,20596.0
1778623200,29143.75,29187.0,29133.5,29142.5,0.0
1778626800,29142.0,29158.75,29077.5,29082.0,7133.0
1778630400,29081.75,29157.0,29055.5,29145.25,9630.0
1778634000,29144.0,29260.25,29142.25,29214.75,12041.0
1778637600,29214.75,29240.5,29202.25,29223.0,5771.0
1778641200,29222.25,29264.75,29203.25,29252.5,4966.0
1778644800,29261.75,29297.75,29255.5,29287.5,5401.0
1778648400,29287.0,29310.0,29275.5,29297.0,4967.0
1778652000,29296.25,29352.0,29290.5,29309.0,7309.0
1778655600,29309.75,29371.5,29289.5,29370.25,6765.0
1778659200,29371.25,29447.0,29369.5,29412.75,10823.0
1778662800,29412.75,29426.5,29366.75,29421.0,6885.0
1778666400,29421.0,29423.25,29367.5,29384.5,5648.0
1778670000,29384.25,29394.5,29348.0,29370.0,7842.0
1778673600,29369.5,29404.75,29200.0,29236.25,29302.0
1778677200,29237.5,29304.75,29075.0,29169.25,95800.0
1778680800,29170.25,29322.0,29112.0,29317.5,84205.0
1778684400,29317.5,29386.75,29281.5,29310.0,52031.0
1778688000,29310.25,29463.5,29299.25,29447.75,49050.0
1778691600,29448.0,29496.25,29442.5,29444.25,33828.0
1778695200,29445.25,29565.5,29441.5,29472.25,47887.0
1778698800,29472.5,29540.0,29449.5,29476.0,51298.0
1778702400,29476.0,29547.0,29448.75,29536.0,16736.0
1778709600,29537.0,29609.25,29528.0,29590.25,0.0
1778713200,29590.25,29648.5,29590.25,29631.25,9305.0
1778716800,29631.75,29693.0,29590.5,29681.0,13662.0
1778720400,29680.75,29682.75,29603.0,29607.75,8881.0
1778724000,29609.0,29635.0,29572.0,29587.25,5771.0
1778727600,29586.75,29610.75,29521.5,29527.25,7227.0
1778731200,29533.75,29598.75,29533.75,29567.5,5935.0
1778734800,29568.0,29613.0,29535.25,29603.25,7302.0
1778738400,29603.75,29640.75,29602.75,29607.25,6693.0
1778742000,29608.75,29633.0,29567.0,29573.5,6342.0
1778745600,29574.75,29629.75,29546.5,29576.0,8556.0
1778749200,29577.25,29589.5,29480.5,29533.25,9078.0
1778752800,29532.75,29593.5,29514.5,29545.0,9885.0
1778756400,29544.0,29577.25,29508.25,29540.0,7377.0
1778760000,29540.0,29575.0,29476.5,29494.5,12485.0
1778763600,29494.25,29684.75,29448.25,29541.75,96104.0
1778767200,29542.0,29730.0,29533.0,29674.25,88933.0
1778770800,29674.75,29773.75,29665.0,29755.25,53805.0
1778774400,29756.0,29782.0,29692.25,29728.0,49743.0
1778778000,29728.25,29754.5,29595.25,29731.0,65693.0
1778781600,29730.75,29730.75,29640.5,29708.5,51007.0
1778785200,29709.0,29735.0,29678.5,29686.75,52971.0
1778788800,29686.75,29737.75,29633.75,29688.5,17229.0
1778796000,29690.0,29720.5,29670.0,29708.5,0.0
1778799600,29708.5,29734.0,29674.75,29687.5,4699.0
1778803200,29687.0,29727.0,29636.5,29684.0,9243.0
1778806800,29684.25,29691.5,29512.75,29519.0,13158.0
1778810400,29519.0,29600.25,29493.75,29581.0,11827.0
1778814000,29581.25,29593.5,29531.25,29568.75,6894.0
1778817600,29545.5,29555.0,29445.75,29462.5,9025.0
1778821200,29462.0,29464.0,29280.5,29282.5,15469.0
1778824800,29281.75,29414.5,29248.0,29404.5,20231.0
1778828400,29402.5,29469.25,29376.5,29405.75,13688.0
1778832000,29406.25,29413.0,29186.75,29264.25,22603.0
1778835600,29266.0,29289.25,29177.0,29223.25,17092.0
1778839200,29225.5,29375.5,29200.0,29328.25,20683.0
1778842800,29328.75,29355.0,29250.75,29254.5,11833.0
1778846400,29255.0,29255.5,29142.5,29190.0,25171.0
1778850000,29191.0,29291.0,29089.75,29143.25,113204.0
1778853600,29144.0,29382.75,29132.0,29281.25,111015.0
1778857200,29281.0,29382.0,29212.0,29281.25,72996.0
1778860800,29282.0,29351.0,29251.5,29322.75,46787.0
1778864400,29323.25,29453.75,29312.0,29447.25,40113.0
1778868000,29449.0,29486.75,29316.0,29389.75,52286.0
1778871600,29389.5,29398.25,29208.25,29231.25,66260.0
1778875200,29230.5,29233.75,29111.0,29231.75,30121.0
1779055200,29270.25,29279.25,29190.5,29232.75,11299.0
1779058800,29233.0,29248.5,29011.75,29119.0,20877.0
1779062400,29116.75,29145.0,28937.5,29033.75,27259.0
1779066000,29033.25,29051.0,28926.0,29023.25,16348.0
1779069600,29021.5,29093.5,28991.0,29010.75,11423.0
1779073200,29011.75,29071.25,29003.75,29058.5,7344.0
1779076800,29056.0,29116.5,29020.0,29051.0,8576.0
1779080400,29051.25,29097.25,29021.25,29043.25,8036.0
1779084000,29042.0,29113.0,28990.5,29111.5,11683.0
1779087600,29111.75,29175.75,29060.0,29121.0,16528.0
1779091200,29121.75,29242.5,29121.75,29241.0,14485.0
1779094800,29240.75,29249.25,29169.0,29189.0,9149.0
1779098400,29190.0,29195.75,29080.25,29120.0,9150.0
1779102000,29120.25,29274.25,29052.0,29177.5,23617.0
1779105600,29178.75,29419.75,29171.75,29408.0,33830.0
1779109200,29408.25,29419.0,29135.0,29243.75,107643.0
1779112800,29242.5,29299.0,28970.75,29082.5,125229.0
1779116400,29082.25,29126.25,28941.5,28997.25,77183.0
1779120000,28996.25,29074.0,28842.5,29006.0,76630.0
1779123600,29004.75,29038.0,28959.75,29014.0,44137.0
1779127200,29014.25,29020.5,28814.75,28840.0,61401.0
1779130800,28842.25,29114.0,28837.75,29098.75,98880.0
1779134400,29099.5,29110.0,29068.5,29076.0,13662.0
1779141600,29100.0,29173.5,29090.25,29158.0,0.0
1779145200,29158.0,29185.0,29114.25,29134.75,6939.0
1779148800,29134.5,29188.5,29076.25,29084.0,11932.0
1779152400,29080.75,29097.5,28989.5,29013.5,11087.0
1779156000,29012.5,29014.5,28929.75,28972.0,9951.0
1779159600,28971.5,29038.0,28944.75,28985.0,5555.0
1779163200,28951.0,28974.0,28905.0,28963.5,8174.0
1779166800,28964.25,28982.0,28885.0,28935.0,8231.0
1779170400,28936.25,29021.75,28905.0,29020.5,8768.0
1779174000,29020.75,29125.25,29005.75,29102.75,9580.0
1779177600,29103.25,29117.0,28973.75,29005.75,9990.0
1779181200,29004.75,29005.5,28836.0,28915.25,13611.0
1779184800,28914.5,28931.0,28840.0,28923.75,13344.0
1779188400,28923.25,28950.75,28853.75,28853.75,10455.0
1779192000,28854.5,28937.75,28831.0,28912.75,16315.0
1779195600,28912.25,29068.0,28802.75,28937.75,115679.0
1779199200,28936.75,28944.0,28663.0,28804.0,135025.0
1779202800,28803.75,28877.75,28726.0,28815.75,68756.0
1779206400,28818.0,29034.75,28791.5,29021.75,57143.0
1779210000,29022.5,29126.5,29007.0,29068.75,56186.0
1779213600,29069.25,29101.75,28941.75,28959.5,44667.0
1779217200,28959.75,29059.75,28867.0,28923.25,63437.0
1779220800,28923.75,28941.5,28887.5,28899.25,13325.0
1779228000,28929.75,28956.5,28863.25,28911.5,0.0
1779231600,28910.5,29024.25,28904.0,28950.5,7022.0
1779235200,28950.0,28971.5,28797.25,28938.75,16742.0
1779238800,28939.5,28999.0,28858.25,28980.25,11683.0
1779242400,28982.0,29017.25,28866.25,28884.75,9442.0
1779246000,28884.75,28914.0,28839.0,28897.0,6297.0
1779249600,28926.75,28949.5,28870.5,28882.25,4107.0
1779253200,28885.0,28982.5,28885.0,28955.0,6189.0
1779256800,28952.5,29039.75,28950.75,29038.75,6259.0
1779260400,29039.5,29065.0,29014.25,29027.25,6296.0
1779264000,29027.5,29136.75,29024.0,29099.25,9215.0
1779267600,29095.75,29149.75,29066.75,29124.0,5617.0
1779271200,29124.75,29157.75,29103.5,29109.0,6715.0
1779274800,29110.0,29129.0,29063.5,29080.75,6852.0
1779278400,29081.75,29169.25,29073.25,29104.5,14592.0
1779282000,29103.75,29194.75,29023.25,29100.5,94594.0
1779285600,29100.75,29279.5,29008.5,29261.25,108830.0
1779289200,29261.5,29395.5,29230.75,29331.5,68445.0
1779292800,29331.5,29337.5,29210.0,29261.75,51601.0
1779296400,29263.0,29326.0,29229.0,29301.25,34154.0
1779300000,29302.5,29345.0,29275.25,29300.5,30253.0
1779303600,29301.25,29396.75,29298.25,29396.0,49546.0
1779307200,29395.5,29397.5,29247.25,29390.5,31915.0
1779314400,29253.0,29278.5,29113.0,29191.5,0.0
1779318000,29191.75,29225.0,29164.0,29192.25,5156.0
1779321600,29193.0,29232.5,29171.0,29222.0,6484.0
1779325200,29221.75,29320.5,29221.75,29313.25,7635.0
1779328800,29315.0,29377.25,29312.5,29329.0,6305.0
1779332400,29329.75,29381.5,29325.25,29361.75,3914.0
1779336000,29377.75,29428.75,29374.25,29418.25,4818.0
1779339600,29420.75,29439.75,29298.0,29368.0,7008.0
1779343200,29366.25,29393.5,29280.0,29300.25,7447.0
1779346800,29299.0,29333.25,29200.0,29321.25,9931.0
1779350400,29321.5,29464.5,29311.25,29373.25,12150.0
1779354000,29374.0,29429.75,29367.0,29380.25,5388.0
1779357600,29381.5,29393.0,29192.25,29246.5,14054.0
1779361200,29247.25,29293.75,29204.0,29253.25,9452.0
1779364800,29252.75,29292.75,29185.5,29194.0,17408.0
1779368400,29193.5,29315.0,29174.0,29288.25,90268.0
1779372000,29287.5,29340.0,29127.0,29235.75,98835.0
1779375600,29235.5,29304.5,29139.0,29266.25,63922.0
1779379200,29267.0,29310.5,29207.75,29257.75,33742.0
1779382800,29258.75,29554.0,29258.25,29497.25,69792.0
1779386400,29497.0,29521.5,29293.25,29337.0,55462.0
1779390000,29338.5,29466.0,29335.25,29445.25,54223.0
1779393600,29445.5,29471.0,29433.75,29455.5,10753.0
1779400800,29444.0,29543.75,29444.0,29537.75,0.0
1779404400,29538.5,29584.75,29534.5,29550.5,5119.0
1779408000,29550.75,29603.5,29534.5,29566.0,8880.0
1779411600,29563.5,29578.75,29491.0,29529.5,7363.0
1779415200,29530.0,29556.75,29504.25,29549.75,4798.0
1779418800,29548.5,29573.0,29527.75,29570.0,2747.0
1779422400,29588.75,29598.0,29564.5,29592.5,3672.0
1779426000,29592.5,29606.25,29534.75,29547.0,5155.0
1779429600,29545.25,29593.25,29533.25,29563.75,5474.0
1779433200,29562.25,29587.5,29528.75,29583.75,5921.0
1779436800,29584.0,29665.25,29562.75,29565.25,10266.0
1779440400,29564.25,29566.0,29477.0,29527.25,9225.0
1779444000,29527.0,29527.25,29436.0,29465.5,7161.0
1779447600,29464.75,29527.75,29452.75,29509.5,6572.0
1779451200,29508.25,29595.75,29495.75,29593.75,14765.0
1779454800,29594.25,29715.5,29548.5,29640.5,79314.0
1779458400,29643.0,29655.0,29490.25,29647.25,76881.0
1779462000,29647.0,29713.75,29644.5,29687.5,44678.0
1779465600,29687.0,29694.75,29632.5,29671.5,33535.0
1779469200,29671.75,29749.0,29645.0,29678.5,44712.0
1779472800,29679.25,29688.75,29624.0,29650.25,30341.0
1779476400,29650.5,29664.5,29532.0,29551.25,55496.0
1779480000,29551.75,29580.75,29502.25,29558.75,14714.0
1779768000,29821.0,29829.0,29793.0,29800.5,2925.0
1779771600,29800.0,29816.5,29782.5,29806.0,2866.0
1779775200,29807.0,29845.25,29798.75,29826.25,5222.0
1779778800,29825.25,29830.0,29744.0,29773.0,8090.0
1779782400,29774.5,29811.0,29758.0,29808.75,4409.0
1779786000,29809.0,29850.5,29805.0,29847.0,4440.0
1779789600,29848.25,29915.0,29844.0,29854.25,7698.0
1779793200,29855.75,29874.25,29818.0,29865.75,7925.0
1779796800,29864.0,29930.5,29851.0,29920.5,10598.0
1779800400,29920.0,30007.0,29826.75,30007.0,89078.0
1779804000,30006.75,30118.75,29976.0,30054.75,77646.0
1779807600,30055.5,30066.75,29886.0,29927.25,80529.0
1779811200,29926.75,30015.5,29921.75,29974.75,48629.0
1779814800,29975.5,30013.25,29954.5,29996.75,34656.0
1779818400,29996.5,30060.75,29982.0,30014.5,36373.0
1779822000,30014.0,30112.0,30005.75,30079.25,54362.0
1779825600,30079.25,30084.0,30031.5,30044.25,14942.0
1779832800,30050.0,30077.25,30028.5,30039.75,0.0
1779836400,30040.0,30104.25,30039.25,30099.5,5458.0
1779840000,30098.0,30137.0,30071.0,30129.0,10325.0
1779843600,30129.75,30159.25,30115.0,30122.25,7758.0
1779847200,30125.0,30159.0,30120.75,30138.25,5040.0
1779850800,30138.0,30155.0,30093.75,30103.25,4865.0
1779854400,30119.0,30123.75,30074.75,30105.5,5081.0
1779858000,30105.25,30120.5,30067.75,30103.5,5188.0
1779861600,30103.5,30110.75,30055.75,30075.75,5684.0
1779865200,30076.5,30144.0,30076.25,30140.25,6644.0
1779868800,30141.0,30217.75,30130.25,30195.5,10013.0
1779872400,30197.25,30213.5,30173.25,30213.25,6336.0
1779876000,30214.0,30248.5,30212.25,30235.5,6199.0
1779879600,30236.0,30297.0,30235.25,30264.75,11795.0
1779883200,30265.25,30379.0,30243.25,30261.25,29168.0
1779886800,30260.75,30271.0,29937.0,30059.75,119536.0
1779890400,30060.75,30099.25,29877.5,29940.75,119731.0
1779894000,29940.5,29981.25,29882.5,29936.0,69301.0
1779897600,29934.75,30048.25,29917.25,29988.0,48539.0
1779901200,29989.75,29997.25,29894.75,29972.5,43462.0
1779904800,29972.5,30060.25,29963.0,30038.75,37407.0
1779908400,30039.0,30072.0,30009.5,30047.25,46142.0
1779912000,30047.0,30129.5,30031.0,30125.25,17884.0
1779919200,30120.0,30136.25,30026.5,30061.5,0.0
1779922800,30061.5,30080.0,29966.75,29979.0,8177.0
1779926400,29978.0,30090.0,29963.25,30070.5,9674.0
1779930000,30073.25,30080.25,30034.0,30071.0,5933.0
1779933600,30071.25,30079.5,29970.75,29973.25,7845.0
1779937200,29974.25,29985.0,29795.75,29823.0,16079.0
1779940800,29822.0,29824.5,29763.0,29788.25,12423.0
1779944400,29789.0,29911.75,29769.0,29905.0,10181.0
1779948000,29905.5,29938.0,29880.5,29908.25,7440.0
1779951600,29908.5,29965.0,29908.5,29955.75,7504.0
1779955200,29958.25,29995.25,29947.5,29984.25,6402.0
1779958800,29984.25,29998.0,29941.75,29975.75,4789.0
1779962400,29975.25,29975.5,29863.5,29885.0,7408.0
1779966000,29884.5,29940.0,29871.25,29924.0,8086.0
1779969600,29923.25,30067.5,29922.0,30056.0,15658.0
1779973200,30056.75,30112.0,29920.25,29990.75,88651.0
1779976800,29992.25,30191.5,29963.25,30187.75,103778.0
1779980400,30188.0,30293.0,30180.75,30264.5,52590.0
1779984000,30264.75,30329.75,30238.5,30327.0,36140.0
1779987600,30326.75,30344.5,30282.5,30319.5,37358.0
1779991200,30319.5,30337.5,30280.5,30293.5,33103.0
1779994800,30292.0,30331.5,30274.25,30306.75,48196.0
1779998400,30306.25,30344.0,30292.0,30313.0,13109.0
1780005600,30328.0,30362.0,30287.25,30297.5,0.0
1780009200,30297.0,30327.5,30295.0,30301.5,2789.0
1780012800,30301.25,30301.75,30234.0,30247.75,6840.0
1780016400,30248.25,30263.25,30216.5,30248.75,6713.0
1780020000,30246.75,30272.0,30227.75,30237.25,4110.0
1780023600,30241.25,30274.5,30235.75,30260.75,3046.0
1780027200,30269.0,30307.25,30266.25,30298.0,4401.0
1780030800,30298.0,30317.75,30292.0,30299.0,4434.0
1780034400,30301.0,30350.5,30299.75,30348.25,6050.0
1780038000,30348.25,30349.5,30265.75,30300.5,7632.0
1780041600,30299.5,30326.0,30287.0,30314.25,6320.0
1780045200,30316.25,30369.25,30309.0,30331.5,7781.0
1780048800,30332.0,30350.0,30301.0,30340.5,5674.0
1780052400,30339.75,30372.25,30298.75,30349.0,10334.0
1780056000,30350.0,30351.0,30297.0,30349.0,9357.0
1780059600,30349.5,30520.75,30336.0,30519.0,77197.0
1780063200,30518.0,30536.0,30270.0,30359.5,137208.0
1780066800,30359.75,30439.75,30335.25,30362.5,61395.0
1780070400,30364.0,30447.75,30357.75,30396.75,41555.0
1780074000,30398.0,30410.75,30296.0,30302.0,37835.0
1780077600,30301.75,30402.25,30291.0,30324.5,42423.0
1780081200,30324.0,30445.25,30315.25,30396.25,61184.0
1780084800,30396.25,30411.0,30376.5,30405.25,15679.0
1780264800,30379.25,30473.0,30373.25,30455.5,6551.0
1780268400,30456.0,30485.0,30450.25,30477.0,4493.0
1780272000,30478.25,30554.75,30470.25,30539.5,10814.0
1780275600,30541.0,30553.0,30519.75,30548.5,7197.0
1780279200,30548.5,30568.75,30543.25,30549.25,5309.0
1780282800,30549.75,30595.25,30535.5,30546.5,7684.0
1780286400,30546.5,30581.25,30543.75,30573.75,3786.0
1780290000,30572.75,30592.25,30551.0,30578.25,4832.0
1780293600,30579.5,30589.5,30554.5,30578.75,5379.0
1780297200,30578.75,30591.75,30486.5,30510.0,9545.0
1780300800,30510.5,30516.5,30443.75,30499.25,9508.0
1780304400,30499.75,30512.25,30453.75,30462.0,6216.0
1780308000,30462.5,30504.75,30453.5,30494.0,5251.0
1780311600,30493.5,30502.25,30451.75,30462.5,9060.0
1780315200,30462.25,30496.25,30415.0,30449.5,14840.0
1780318800,30449.0,30467.25,30291.5,30321.5,96578.0
1780322400,30314.5,30447.25,30292.0,30436.75,82561.0
1780326000,30437.0,30554.25,30412.5,30502.25,60505.0
1780329600,30501.5,30584.25,30450.0,30580.75,49136.0
1780333200,30581.25,30693.0,30535.0,30670.0,58236.0
1780336800,30670.0,30675.75,30614.0,30623.5,30068.0
1780340400,30622.75,30648.75,30555.75,30571.25,49814.0
1780344000,30571.0,30575.0,30506.75,30522.5,18720.0
1780351200,30544.75,30547.25,30431.0,30458.5,0.0
1780354800,30457.75,30479.75,30442.0,30469.25,5208.0
1780358400,30469.75,30470.25,30363.25,30372.75,12784.0
1780362000,30372.75,30401.0,30333.0,30333.5,10312.0
1780365600,30333.25,30385.0,30321.75,30374.0,6871.0
1780369200,30373.0,30383.75,30317.75,30359.5,7399.0
1780372800,30383.75,30445.0,30370.5,30442.75,6747.0
1780376400,30444.0,30495.0,30428.75,30476.25,7052.0
1780380000,30476.0,30515.75,30469.0,30514.5,7119.0
1780383600,30514.25,30547.25,30509.75,30529.5,7413.0
1780387200,30529.75,30569.0,30529.75,30547.75,7417.0
1780390800,30548.0,30586.0,30525.75,30565.5,6123.0
1780394400,30565.75,30571.75,30527.75,30529.25,4283.0
1780398000,30529.75,30574.5,30502.5,30531.25,8827.0
1780401600,30531.5,30560.0,30523.0,30529.75,9160.0
1780405200,30529.75,30604.75,30423.75,30601.75,81742.0
1780408800,30603.0,30647.25,30537.75,30642.25,78735.0
1780412400,30642.5,30697.75,30611.75,30689.5,52519.0
1780416000,30690.0,30713.25,30640.5,30691.25,40978.0
1780419600,30691.0,30703.25,30608.75,30627.5,38785.0
1780423200,30628.5,30664.0,30598.5,30638.5,32582.0
1780426800,30639.0,30721.25,30637.5,30707.25,51985.0
1780430400,30707.25,30763.25,30697.75,30743.0,19589.0
1780437600,30741.75,30757.0,30698.0,30703.5,0.0
1780441200,30705.0,30715.0,30561.25,30708.0,19104.0
1780444800,30708.25,30727.5,30671.0,30720.0,9415.0
1780448400,30720.5,30723.75,30653.0,30683.0,8540.0
1780452000,30683.75,30696.25,30662.75,30679.0,4611.0
1780455600,30678.75,30710.0,30668.5,30707.25,3801.0
1780459200,30718.75,30730.5,30700.5,30702.5,4345.0
1780462800,30702.5,30723.25,30675.0,30689.25,4068.0
1780466400,30689.75,30718.0,30670.25,30698.0,5826.0
1780470000,30697.75,30742.0,30687.0,30722.5,6154.0
1780473600,30722.75,30751.5,30700.0,30717.25,7739.0
1780477200,30717.0,30770.0,30711.5,30733.5,7109.0
1780480800,30733.75,30785.0,30716.0,30753.75,10073.0
1780484400,30753.5,30794.25,30753.25,30780.0,7484.0
1780488000,30780.5,30799.0,30700.0,30717.25,14896.0
1780491600,30716.75,30807.75,30496.0,30558.75,113597.0
1780495200,30562.0,30739.5,30547.5,30667.25,93981.0
1780498800,30667.75,30715.5,30568.0,30604.25,61581.0
1780502400,30605.0,30623.25,30505.75,30606.75,57343.0
1780506000,30607.25,30647.25,30516.25,30642.75,43837.0
1780509600,30643.25,30682.25,30608.0,30652.0,37969.0
1780513200,30652.0,30694.75,30611.25,30635.75,59408.0
1780516800,30635.75,30639.75,30478.25,30495.0,34498.0
1780524000,30453.0,30499.0,30368.5,30457.75,0.0
1780527600,30458.75,30463.0,30370.75,30395.25,9003.0
1780531200,30393.0,30502.75,30377.5,30498.75,11529.0
1780534800,30498.0,30531.0,30438.25,30453.5,9272.0
1780538400,30453.75,30456.75,30352.5,30412.0,11143.0
1780542000,30412.25,30486.75,30409.25,30477.5,6446.0
1780545600,30475.0,30508.25,30470.0,30497.5,4226.0
1780549200,30497.25,30499.75,30450.0,30484.5,5370.0
1780552800,30484.5,30535.0,30465.5,30528.25,5518.0
1780556400,30530.0,30544.5,30490.25,30500.0,7001.0
1780560000,30499.25,30500.25,30326.5,30344.5,15813.0
1780563600,30344.0,30349.0,30248.5,30336.25,15755.0
1780567200,30337.0,30337.0,30204.25,30245.25,12986.0
1780570800,30245.25,30290.0,30164.25,30280.75,23611.0
1780574400,30279.25,30330.0,30223.0,30309.75,21483.0
1780578000,30310.25,30364.5,30187.75,30248.0,110002.0
1780581600,30247.75,30360.0,30151.0,30356.75,101536.0
1780585200,30357.25,30469.5,30354.5,30413.75,68304.0
1780588800,30413.25,30493.25,30393.0,30479.0,43471.0
1780592400,30479.0,30563.25,30464.25,30559.5,41859.0
1780596000,30559.25,30598.5,30550.0,30558.0,43789.0
1780599600,30558.0,30603.25,30481.25,30485.25,64712.0
1780603200,30485.5,30495.0,30397.5,30399.5,23959.0
1780610400,30414.0,30422.0,30316.0,30366.5,0.0
1780614000,30365.75,30371.25,30255.0,30264.25,7947.0
1780617600,30262.25,30264.0,30130.75,30142.75,17200.0
1780621200,30143.5,30202.0,30052.25,30195.5,18563.0
1780624800,30196.5,30249.0,30170.75,30214.25,10467.0
1780628400,30214.5,30229.5,30146.0,30166.0,8090.0
1780632000,30177.75,30243.0,30163.5,30229.75,6379.0
1780635600,30230.25,30233.25,30163.0,30170.25,6754.0
1780639200,30170.25,30213.75,30113.0,30123.5,9991.0
1780642800,30124.25,30158.25,30062.0,30150.25,11838.0
1780646400,30151.25,30222.5,30120.25,30158.75,11654.0
1780650000,30159.5,30259.0,30152.25,30198.25,9988.0
1780653600,30199.0,30236.0,30192.0,30195.5,4867.0
1780657200,30194.25,30197.0,30135.5,30147.75,8471.0
1780660800,30147.5,30157.5,30042.5,30054.5,26816.0
1780664400,30054.25,30100.5,29771.0,29773.75,122416.0
1780668000,29774.25,29942.5,29758.0,29853.0,124936.0
1780671600,29853.25,29870.0,29614.5,29658.5,93976.0
1780675200,29658.75,29660.25,29379.0,29490.5,113050.0
1780678800,29490.5,29505.0,29361.75,29471.0,85478.0
1780682400,29471.5,29477.0,29096.0,29191.0,112919.0
1780686000,29191.5,29211.0,28974.25,29016.5,136646.0
1780689600,29015.75,29042.25,28781.25,29026.5,50921.0
1780869600,28898.5,29023.0,28872.25,28893.0,19423.0
1780873200,28894.75,29103.5,28894.5,29087.75,14331.0
1780876800,29083.5,29287.5,29059.5,29216.75,26112.0
1780880400,29218.5,29236.75,29025.25,29158.75,23381.0
1780884000,29161.5,29243.5,29105.0,29211.25,13928.0
1780887600,29211.75,29232.25,29176.5,29205.0,6799.0
1780891200,29212.5,29223.25,29088.5,29092.0,11343.0
1780894800,29089.75,29144.0,28972.75,29017.5,13449.0
1780898400,29016.75,29151.0,29000.0,29101.75,14498.0
1780902000,29101.0,29281.0,29082.75,29257.0,16928.0
1780905600,29255.25,29267.75,29157.0,29176.25,15244.0
1780909200,29179.0,29254.5,29145.0,29240.5,10693.0
1780912800,29239.0,29273.5,29175.0,29240.75,10763.0
1780916400,29241.5,29437.75,29212.0,29375.0,23337.0
1780920000,29374.75,29510.5,29364.75,29486.0,23175.0
1780923600,29484.5,29604.25,29341.0,29349.75,115295.0
1780927200,29350.25,29681.0,29331.5,29676.5,109496.0
1780930800,29676.5,29743.0,29559.0,29610.0,84684.0
1780934400,29610.25,29692.25,29554.0,29580.5,57175.0
1780938000,29580.75,29624.25,29485.25,29558.25,64553.0
1780941600,29559.25,29617.75,29527.5,29542.0,43673.0
1780945200,29543.0,29548.0,29377.0,29452.75,82644.0
1780948800,29453.0,29470.0,29401.0,29435.25,18463.0
1780956000,29435.0,29468.75,29321.25,29425.5,0.0
1780959600,29426.5,29482.0,29385.0,29425.0,8637.0
1780963200,29425.75,29441.0,29303.5,29337.75,12629.0
1780966800,29341.75,29547.75,29329.0,29492.0,13141.0
1780970400,29492.5,29523.75,29460.5,29514.0,6809.0
1780974000,29514.0,29593.0,29501.0,29574.5,6409.0
1780977600,29594.25,29631.25,29594.25,29603.25,6090.0
1780981200,29604.5,29651.5,29588.75,29633.25,6860.0
1780984800,29634.75,29674.75,29601.5,29622.25,7485.0
1780988400,29623.0,29689.25,29583.5,29593.0,8644.0
1780992000,29593.5,29686.25,29566.0,29641.5,8831.0
1780995600,29641.75,29696.25,29636.0,29678.75,5155.0
1780999200,29680.5,29698.75,29617.75,29685.25,8983.0
1781002800,29686.0,29727.5,29670.75,29681.5,8946.0
1781006400,29681.0,29739.5,29652.25,29735.25,13548.0
1781010000,29735.75,29848.25,29633.25,29672.75,100559.0
1781013600,29672.75,29712.0,29083.75,29239.75,188891.0
1781017200,29242.0,29302.0,28681.5,28695.25,141921.0
1781020800,28696.0,28787.5,28227.75,28480.0,172882.0
1781024400,28480.25,28924.5,28462.5,28832.5,121570.0
1781028000,28831.5,29091.25,28784.75,29065.75,75324.0
1781031600,29066.0,29146.5,28839.0,29117.0,106395.0
1781035200,29116.0,29196.25,29082.25,29140.5,24233.0
1781042400,29094.75,29118.0,28982.0,29029.0,0.0
1781046000,29029.25,29102.75,28980.25,29064.5,7552.0
1781049600,29065.75,29169.0,28960.0,29075.25,15839.0
1781053200,29077.25,29115.0,29011.25,29033.5,9041.0
1781056800,29035.0,29042.0,28960.25,28970.5,7225.0
1781060400,28972.5,29046.25,28967.25,28997.5,4590.0
1781064000,28956.0,28977.75,28867.25,28898.5,8427.0
1781067600,28898.75,28968.0,28853.75,28943.25,8257.0
1781071200,28945.0,29014.0,28935.75,28968.5,7863.0
1781074800,28969.0,29001.0,28926.25,28964.25,6800.0
1781078400,28964.25,28965.0,28742.25,28762.0,14215.0
1781082000,28763.5,28830.0,28684.0,28777.75,13412.0
1781085600,28779.5,28844.0,28699.25,28827.5,10556.0
1781089200,28831.5,28845.25,28610.0,28679.5,24357.0
1781092800,28680.75,28992.25,28657.75,28832.0,40046.0
1781096400,28833.25,29163.25,28772.5,29020.75,93245.0
1781100000,29021.25,29250.0,28856.0,28900.25,111092.0
1781103600,28901.25,28985.75,28627.0,28855.25,106006.0
1781107200,28855.25,28896.5,28664.75,28717.5,50388.0
1781110800,28717.75,28793.75,28616.0,28780.0,55703.0
1781114400,28779.5,28832.5,28574.0,28607.5,50483.0
1781118000,28608.25,28669.0,28493.0,28527.25,77922.0
1781121600,28527.5,28536.75,28409.0,28472.0,22808.0
1781128800,28455.0,28470.0,28328.25,28342.5,0.0
1781132400,28344.5,28446.75,28265.75,28364.0,14010.0
1781136000,28363.5,28571.75,28332.0,28549.5,15693.0
1781139600,28551.5,28765.0,28549.25,28641.25,18056.0
1781143200,28643.0,28696.5,28531.25,28636.75,9560.0
1781146800,28636.0,28743.5,28581.25,28734.5,6669.0
1781150400,28726.75,28803.0,28704.75,28776.5,6567.0
1781154000,28776.5,28782.0,28712.0,28746.5,6262.0
1781157600,28746.0,28797.5,28685.5,28792.0,8981.0
1781161200,28791.75,28868.5,28764.0,28844.25,8870.0
1781164800,28845.0,28936.0,28839.25,28910.75,9428.0
1781168400,28909.0,28922.0,28858.0,28878.25,5992.0
1781172000,28877.5,28917.0,28873.5,28877.75,4907.0
1781175600,28878.0,28909.25,28812.5,28901.0,9622.0
1781179200,28900.25,28915.0,28637.5,28812.5,30376.0
1781182800,28814.5,29016.75,28650.75,28900.5,86105.0
1781186400,28899.5,29049.5,28607.5,28648.25,92108.0
1781190000,28649.5,28907.25,28577.5,28858.0,69617.0
1781193600,28858.5,28975.25,28763.25,28769.5,52853.0
1781197200,28770.0,29302.25,28678.5,29214.0,89685.0
1781200800,29213.5,29312.25,29068.5,29268.75,58232.0
1781204400,29269.0,29544.25,29229.5,29457.75,85469.0
1781208000,29457.5,29522.0,29408.0,29433.25,19960.0
1781215200,29456.75,29586.5,29443.0,29557.75,0.0
1781218800,29560.0,29597.5,29480.25,29577.25,4624.0
1781222400,29576.25,29645.5,29536.0,29588.25,7330.0
1781226000,29589.0,29589.5,29464.75,29552.0,7128.0
1781229600,29553.0,29587.0,29503.0,29562.5,4598.0
1781233200,29562.0,29562.0,29488.75,29529.5,3334.0
1781236800,29504.25,29549.0,29488.0,29543.75,2800.0
1781240400,29546.25,29554.75,29375.0,29401.0,6216.0
1781244000,29401.75,29474.75,29335.0,29361.0,6446.0
1781247600,29361.75,29458.5,29260.0,29430.5,8266.0
1781251200,29434.5,29575.0,29416.25,29478.25,9017.0
1781254800,29481.25,29675.0,29477.25,29623.25,8008.0
1781258400,29623.5,29657.5,29517.75,29551.0,7178.0
1781262000,29553.0,29660.0,29549.0,29638.25,5573.0
1781265600,29637.0,29646.0,29383.25,29413.25,14097.0
1781269200,29412.25,29502.0,29230.0,29349.5,67800.0
1781272800,29354.0,29644.0,29339.0,29631.0,93369.0
1781276400,29634.0,29760.0,29410.0,29439.75,64032.0
1781280000,29440.25,29678.75,29409.0,29673.0,44021.0
1781283600,29673.0,29752.25,29647.75,29682.5,31253.0
1781287200,29684.0,29719.0,29608.5,29645.0,29350.0
1781290800,29645.0,29711.0,29580.5,29650.5,43513.0
1781294400,29650.25,29732.25,29646.0,29662.0,16260.0
1781474400,30074.0,30094.0,30012.0,30049.25,5056.0
1781478000,30051.5,30071.0,29987.75,30054.0,2869.0
1781481600,30052.5,30172.0,30043.5,30140.75,5783.0
1781485200,30139.75,30184.75,30126.25,30168.25,2768.0
1781488800,30167.25,30211.75,30165.0,30199.5,2049.0
1781492400,30202.75,30220.0,30181.0,30188.25,1983.0
1781496000,30188.75,30232.5,30171.0,30232.5,1428.0
1781499600,30230.0,30244.75,30204.0,30234.25,2306.0
1781503200,30235.75,30257.75,30220.0,30251.25,3101.0
1781506800,30251.75,30574.25,30220.75,30545.25,18972.0
1781510400,30544.5,30628.25,30539.5,30591.75,7716.0
1781514000,30592.75,30604.25,30509.5,30550.25,6956.0
1781517600,30549.75,30571.75,30530.0,30561.5,4696.0
1781521200,30562.5,30622.75,30554.25,30599.25,9153.0
1781524800,30599.5,30616.75,30538.5,30581.5,18074.0
1781528400,30581.25,30800.0,30562.5,30703.75,80350.0
1781532000,30703.75,30800.0,30671.25,30775.0,82811.0
1781535600,30776.25,30887.0,30772.5,30879.25,55400.0
1781539200,30879.25,30915.0,30850.5,30867.5,46373.0
1781542800,30868.0,30893.0,30833.0,30858.75,38432.0
1781546400,30858.5,30891.0,30824.0,30861.25,35809.0
1781550000,30861.25,30879.0,30815.0,30872.75,60400.0
1781553600,30872.25,30894.0,30826.25,30832.0,0.0
1781560800,30838.0,30868.0,30755.0,30808.0,8539.0
1781564400,30806.5,30843.25,30794.75,30835.25,4417.0
1781568000,30833.5,30853.5,30767.75,30775.25,8166.0
1781571600,30775.25,30803.75,30755.5,30784.25,5840.0
1781575200,30784.25,30808.75,30770.0,30782.5,4068.0
1781578800,30785.0,30860.0,30779.0,30831.75,4850.0
1781582400,30825.0,30834.75,30794.25,30814.75,3352.0
1781586000,30815.5,30846.5,30796.0,30805.25,4205.0
1781589600,30806.5,30838.75,30797.75,30828.0,5408.0
1781593200,30827.5,30848.5,30808.0,30840.5,6806.0
1781596800,30841.25,30944.5,30829.0,30927.25,10765.0
1781600400,30926.0,30931.75,30863.25,30870.25,9328.0
1781604000,30870.0,30936.75,30869.25,30934.25,8701.0
1781607600,30932.75,30975.5,30923.5,30940.25,11824.0
1781611200,30940.0,30952.75,30815.75,30826.25,21983.0
1781614800,30826.0,30889.0,30750.75,30806.5,75594.0
1781618400,30808.0,30858.5,30562.5,30602.75,100899.0
1781622000,30601.0,30665.25,30407.75,30467.25,75828.0
1781625600,30466.25,30575.0,30444.0,30496.5,50244.0
1781629200,30495.5,30521.0,30401.75,30477.25,42982.0
1781632800,30477.25,30496.5,30422.0,30443.0,35362.0
1781636400,30443.25,30480.75,30302.25,30309.75,81142.0
1781640000,30310.0,30330.5,30272.25,30300.5,21361.0
1781647200,30306.5,30389.25,30306.5,30378.0,0.0
1781650800,30378.75,30380.0,30307.0,30329.0,5844.0
1781654400,30330.5,30402.75,30330.5,30383.75,6511.0
1781658000,30384.0,30449.75,30368.25,30446.25,6161.0
1781661600,30447.25,30463.0,30432.5,30440.25,4119.0
1781665200,30441.0,30469.75,30416.75,30466.75,3583.0
1781668800,30465.5,30487.25,30447.0,30486.75,3545.0
1781672400,30485.75,30526.5,30480.25,30500.25,4704.0
1781676000,30501.25,30545.75,30484.5,30544.5,5509.0
1781679600,30544.5,30579.75,30538.5,30559.25,6413.0
1781683200,30560.5,30584.5,30464.5,30509.75,8774.0
1781686800,30510.75,30526.5,30448.0,30463.0,6184.0
1781690400,30462.75,30499.25,30418.5,30459.75,6852.0
1781694000,30458.75,30492.25,30387.75,30416.0,7638.0
1781697600,30416.75,30521.0,30415.5,30491.25,12205.0
1781701200,30491.25,30542.25,30346.0,30347.75,65845.0
1781704800,30346.0,30545.75,30284.75,30359.25,85174.0
1781708400,30357.5,30458.5,30346.0,30450.0,42706.0
1781712000,30450.0,30472.25,30396.25,30410.25,26198.0
1781715600,30408.25,30484.75,30326.5,30466.75,29038.0
1781719200,30465.5,30520.0,30070.25,30274.75,104233.0
1781722800,30274.5,30370.0,29923.0,29994.75,104322.0
1781726400,29995.0,30159.5,29993.0,30141.75,23308.0
1781733600,30142.5,30259.0,30096.0,30236.5,0.0
1781737200,30236.25,30312.25,30225.0,30312.25,7345.0
1781740800,30313.5,30432.25,30306.5,30368.25,15603.0
1781744400,30367.75,30438.25,30363.25,30380.0,8769.0
1781748000,30382.5,30430.75,30373.5,30400.25,4158.0
1781751600,30401.5,30419.75,30370.0,30398.75,4110.0
1781755200,30373.75,30381.25,30284.0,30342.0,7340.0
1781758800,30341.0,30378.25,30325.0,30354.0,4951.0
1781762400,30353.75,30434.5,30320.0,30419.5,7886.0
1781766000,30419.5,30447.25,30382.5,30444.5,6430.0
1781769600,30445.25,30500.0,30387.0,30396.25,11361.0
1781773200,30397.5,30495.0,30387.5,30488.5,6275.0
1781776800,30490.25,30494.75,30421.0,30434.75,6484.0
1781780400,30435.75,30457.0,30355.0,30423.5,11083.0
1781784000,30423.75,30538.0,30397.0,30514.75,14992.0
1781787600,30514.0,30619.75,30391.0,30468.75,95612.0
1781791200,30469.25,30660.75,30449.5,30623.5,83916.0
1781794800,30623.75,30675.75,30496.25,30640.75,59453.0
1781798400,30641.0,30707.75,30628.75,30684.75,43095.0
1781802000,30685.5,30736.75,30656.25,30708.5,30295.0
1781805600,30708.75,30718.75,30666.0,30690.75,27516.0
1781809200,30690.75,30783.25,30645.25,30693.5,62775.0
1781812800,30693.0,30748.0,30683.0,30726.5,22049.0
1781820000,30740.0,30770.75,30650.0,30662.75,0.0
1781823600,30661.25,30703.25,30656.75,30692.5,3575.0
1781827200,30690.0,30694.25,30628.0,30642.75,6027.0
1781830800,30644.0,30664.75,30592.0,30594.5,4718.0
1781834400,30594.25,30619.5,30575.0,30593.75,3206.0
1781838000,30593.0,30606.5,30505.5,30506.5,4486.0
1782079200,30577.0,30647.0,30463.0,30522.25,11489.0
1782082800,30520.75,30647.0,30337.5,30355.75,12915.0
1782086400,30353.25,30647.0,30347.75,30616.75,14790.0
1782090000,30620.0,30659.0,30603.5,30606.75,9339.0
1782093600,30608.5,30647.0,30577.25,30583.5,5516.0
1782097200,30585.25,30647.0,30545.0,30554.5,6931.0
1782100800,30556.5,30592.25,30524.0,30582.75,6340.0
1782104400,30582.75,30665.0,30571.25,30640.25,5398.0
1782108000,30641.5,30742.25,30638.0,30736.75,7663.0
1782111600,30737.25,30781.75,30733.5,30759.0,5929.0
1782115200,30758.0,30765.5,30687.25,30731.25,7264.0
1782118800,30730.75,30758.0,30699.0,30699.0,5240.0
1782122400,30700.5,30766.75,30700.5,30720.0,6478.0
1782126000,30720.25,30828.0,30710.75,30757.75,11298.0
1782129600,30755.75,30844.75,30752.5,30800.5,9724.0
1782133200,30801.0,30937.25,30756.75,30937.0,75519.0
1782136800,30936.25,30968.0,30545.0,30639.0,100911.0
1782140400,30639.75,30680.0,30541.25,30557.25,65988.0
1782144000,30556.75,30615.25,30503.0,30589.0,41523.0
1782147600,30589.5,30650.0,30532.0,30615.0,26557.0
1782151200,30614.5,30665.0,30550.5,30558.5,26169.0
1782154800,30560.5,30673.5,30534.5,30654.0,44386.0
1782158400,30653.25,30677.75,30639.0,30662.5,16114.0
1782165600,30662.75,30701.25,30566.5,30582.25,0.0
1782169200,30581.5,30588.5,30540.0,30575.0,5247.0
1782172800,30574.25,30636.0,30461.25,30602.0,14195.0
1782176400,30602.75,30616.25,30406.0,30459.75,14544.0
1782180000,30462.25,30472.75,30389.0,30405.25,8747.0
1782183600,30406.0,30412.5,30301.0,30383.0,10724.0
1782187200,30370.0,30370.25,30231.0,30242.5,10308.0
1782190800,30243.0,30268.75,30093.0,30108.5,14307.0
1782194400,30107.25,30133.25,29950.0,29969.75,20729.0
1782198000,29969.5,30054.25,29889.0,29909.0,18441.0
1782201600,29909.5,29919.25,29776.0,29827.25,23872.0
1782205200,29830.0,29933.75,29824.0,29886.25,14803.0
1782208800,29887.25,29916.25,29752.0,29818.0,15106.0
1782212400,29818.5,29884.0,29787.5,29873.25,17825.0
1782216000,29872.0,29900.75,29706.5,29735.0,21785.0
1782219600,29735.0,29934.75,29616.5,29926.0,99870.0
1782223200,29926.0,30047.0,29812.5,29854.5,105239.0
1782226800,29854.25,29886.25,29695.25,29797.75,64556.0
1782230400,29798.0,29915.75,29790.25,29864.0,44099.0
1782234000,29864.0,29896.5,29732.0,29733.0,37968.0
1782237600,29732.75,29782.5,29577.25,29630.0,45189.0
1782241200,29628.75,29753.0,29612.5,29651.0,77430.0
1782244800,29651.0,29757.5,29633.25,29752.0,17273.0
1782252000,29770.0,29803.5,29632.5,29680.0,0.0
1782255600,29680.0,29763.5,29585.5,29748.25,10417.0
1782259200,29745.0,29891.75,29736.75,29846.5,15131.0
1782262800,29848.25,29852.25,29761.0,29826.5,10761.0
1782266400,29827.5,29838.5,29636.75,29637.75,10773.0
1782270000,29638.5,29779.0,29616.5,29744.5,11016.0
1782273600,29687.0,29790.0,29654.75,29784.5,7044.0
1782277200,29784.5,29884.25,29780.0,29819.0,7739.0
1782280800,29819.5,29866.0,29797.25,29822.75,5607.0
1782284400,29824.25,29840.75,29764.5,29770.0,7076.0
1782288000,29771.25,29866.25,29763.0,29820.0,6569.0
1782291600,29819.25,29843.75,29755.0,29808.25,4522.0
1782295200,29809.25,29851.0,29774.0,29794.75,5389.0
1782298800,29794.75,29865.0,29734.0,29862.25,9674.0
1782302400,29861.0,29872.75,29752.5,29762.0,9806.0
1782306000,29764.25,29841.5,29562.25,29684.25,86427.0
1782309600,29684.25,29893.25,29525.0,29891.0,82992.0
1782313200,29891.0,29907.5,29700.0,29756.0,57481.0
1782316800,29757.25,29806.25,29596.25,29606.5,45022.0
1782320400,29606.5,29661.5,29364.75,29387.25,66864.0
1782324000,29389.25,29563.5,29325.0,29345.25,57449.0
1782327600,29346.0,29529.0,29264.75,29514.0,79882.0
1782331200,29515.25,30157.75,29486.75,30095.25,62170.0
1782338400,30089.75,30168.5,30046.25,30049.5,0.0
1782342000,30050.25,30135.25,30047.25,30096.75,5580.0
1782345600,30097.0,30102.5,29936.0,29965.0,10213.0
1782349200,29967.5,30031.0,29950.25,29998.75,7853.0
1782352800,29997.5,30020.5,29924.5,29998.0,5936.0
1782356400,29999.25,30045.25,29981.75,30036.75,5740.0
1782360000,30033.5,30064.75,29998.5,30041.0,4571.0
1782363600,30040.25,30121.25,30040.0,30089.25,6126.0
1782367200,30091.0,30131.75,30077.5,30105.25,6957.0
1782370800,30106.5,30186.5,30105.75,30181.75,7418.0
1782374400,30182.0,30219.0,30111.0,30119.5,7944.0
1782378000,30121.0,30158.0,30114.0,30131.0,4746.0
1782381600,30131.75,30185.0,30125.75,30160.5,4852.0
1782385200,30160.25,30193.0,30099.0,30131.25,8033.0
1782388800,30130.25,30263.75,30117.0,30201.25,16579.0
1782392400,30202.75,30214.75,29295.75,29316.0,116134.0
1782396000,29316.75,29776.75,29306.5,29633.25,116617.0
1782399600,29633.25,29761.5,29462.5,29659.75,62939.0
1782403200,29661.75,29872.0,29586.5,29682.0,56007.0
1782406800,29681.5,29811.0,29671.75,29794.5,40956.0
1782410400,29793.75,29891.25,29678.75,29773.5,56405.0
1782414000,29773.75,29777.5,29616.25,29749.25,53645.0
1782417600,29750.0,29922.5,29747.75,29759.25,26300.0
1782424800,29742.0,29761.25,29605.5,29678.25,0.0
1782428400,29678.75,29892.75,29666.25,29707.0,15335.0
1782432000,29704.25,29772.75,29615.75,29636.0,12296.0
1782435600,29638.0,29676.75,29461.75,29494.25,10839.0
1782439200,29494.0,29506.0,29230.0,29265.25,14328.0
1782442800,29267.25,29356.5,29160.5,29356.5,15001.0
1782446400,29365.5,29386.75,29252.25,29270.0,11796.0
1782450000,29270.75,29410.0,29255.5,29325.25,9224.0
1782453600,29326.5,29535.25,29289.0,29503.75,11135.0
1782457200,29502.25,29562.75,29435.0,29527.75,10302.0
1782460800,29528.25,29557.75,29364.0,29399.5,8917.0
1782464400,29400.75,29444.25,29344.0,29370.75,9419.0
1782468000,29372.5,29400.25,29317.75,29361.5,5876.0
1782471600,29363.25,29425.5,29304.75,29351.0,9086.0
1782475200,29350.0,29450.0,29298.25,29315.25,13161.0
1782478800,29317.25,29464.5,29181.5,29440.5,71708.0
1782482400,29444.0,29665.25,29414.0,29501.75,74704.0
1782486000,29505.25,29716.0,29408.75,29621.25,61186.0
1782489600,29620.75,29645.5,29493.75,29612.25,39843.0
1782493200,29612.0,29700.0,29535.75,29544.0,33382.0
1782496800,29545.25,29582.0,29388.75,29415.5,33190.0
1782500400,29417.0,29569.5,29283.75,29317.75,59022.0
1782504000,29318.0,29410.0,29255.0,29368.25,33179.0
1782684000,29504.5,29598.75,29485.0,29560.5,6776.0
1782687600,29558.25,29683.25,29548.75,29617.0,8564.0
1782691200,29621.0,29622.0,29363.25,29494.0,18582.0
1782694800,29494.0,29558.25,29420.25,29516.25,9490.0
1782698400,29518.5,29544.25,29389.0,29523.25,7119.0
1782702000,29525.75,29605.75,29482.25,29594.25,6551.0
1782705600,29592.0,29593.25,29505.0,29518.0,5645.0
1782709200,29520.0,29672.25,29491.5,29670.75,7071.0
1782712800,29670.25,29684.75,29590.0,29631.5,6994.0
1782716400,29631.5,29698.5,29575.75,29664.25,6304.0
1782720000,29663.5,29732.75,29652.75,29660.25,6770.0
1782723600,29658.75,29688.25,29620.0,29664.0,5169.0
1782727200,29666.25,29746.0,29666.25,29740.5,6223.0
1782730800,29742.25,29759.75,29683.5,29705.5,7466.0
1782734400,29705.25,29739.25,29650.25,29705.0,7438.0
1782738000,29705.75,29840.0,29557.0,29617.75,63495.0
1782741600,29618.75,29716.5,29273.75,29713.75,103994.0
1782745200,29714.25,29847.25,29659.25,29838.75,55089.0
1782748800,29839.75,29932.5,29834.25,29915.5,38612.0
1782752400,29916.0,30038.25,29915.75,30003.5,35209.0
1782756000,30004.0,30069.5,29986.5,30032.25,29251.0
1782759600,30032.75,30069.0,29973.75,30047.5,52992.0
1782763200,30046.25,30051.75,29991.25,29995.0,16216.0
1782770400,30007.25,30035.5,29970.25,30012.25,0.0
1782774000,30011.25,30054.0,30006.0,30041.0,4216.0
1782777600,30040.0,30086.0,29934.75,30009.5,11289.0
1782781200,30010.75,30079.25,29951.0,30053.25,8776.0
1782784800,30054.5,30056.75,29977.5,30020.25,4811.0
1782788400,30021.5,30130.75,30011.0,30103.0,5121.0
1782792000,30134.0,30209.5,30128.5,30186.5,6574.0
1782795600,30187.75,30217.0,30117.0,30167.0,7162.0
1782799200,30167.75,30173.25,30098.0,30132.5,6622.0
1782802800,30133.25,30151.25,30069.25,30081.25,5257.0
1782806400,30081.0,30135.0,30018.75,30069.25,7903.0
1782810000,30071.25,30093.75,30034.5,30082.5,4521.0
1782813600,30083.0,30151.5,30068.25,30139.75,6665.0
1782817200,30141.25,30175.5,30114.25,30137.0,7716.0
1782820800,30139.0,30142.75,30004.75,30013.5,13050.0
1782824400,30014.25,30366.75,29997.0,30366.75,74747.0
1782828000,30366.75,30442.5,30274.5,30305.25,75126.0
1782831600,30305.25,30482.0,30299.75,30459.75,43368.0
1782835200,30460.5,30546.5,30452.5,30528.0,32728.0
1782838800,30528.25,30562.75,30515.75,30524.5,28586.0
1782842400,30524.75,30575.25,30498.75,30554.5,26607.0
1782846000,30554.0,30599.75,30510.0,30514.0,62668.0
1782849600,30512.0,30543.0,30484.75,30500.75,21667.0
1782856800,30505.75,30536.0,30492.25,30510.0,0.0
1782860400,30511.5,30543.5,30509.75,30534.0,3992.0
1782864000,30535.25,30553.75,30507.0,30524.0,7176.0
1782867600,30523.75,30530.25,30450.5,30453.5,9212.0
1782871200,30453.5,30456.25,30367.75,30438.5,7549.0
1782874800,30438.5,30477.75,30429.5,30466.75,4333.0
1782878400,30452.25,30474.5,30429.0,30443.5,3616.0
1782882000,30445.75,30463.0,30422.25,30429.5,3148.0
1782885600,30430.0,30444.0,30364.5,30391.5,8396.0
1782889200,30391.75,30394.75,30299.0,30374.0,9971.0
1782892800,30374.75,30378.0,30317.5,30377.0,6040.0
1782896400,30376.25,30386.25,30338.75,30385.0,3044.0
1782900000,30384.75,30414.5,30351.75,30407.75,5374.0
1782903600,30406.75,30435.25,30355.0,30362.75,6906.0
1782907200,30363.0,30395.0,30233.25,30268.75,25175.0
1782910800,30267.75,30314.5,30087.75,30283.75,93164.0
1782914400,30280.0,30327.25,30137.25,30192.25,74880.0
1782918000,30193.0,30356.5,30186.0,30254.75,54386.0
1782921600,30255.0,30284.25,30172.75,30190.25,32689.0
1782925200,30190.0,30240.5,30152.25,30163.75,30416.0
1782928800,30164.25,30190.0,30099.0,30132.75,29254.0
1782932400,30132.75,30231.5,30054.0,30080.25,59179.0
1782936000,30080.25,30086.25,30008.5,30064.25,24452.0
1782943200,30089.75,30118.0,30051.5,30107.25,0.0
1782946800,30108.25,30111.0,30010.25,30042.75,5437.0
1782950400,30046.0,30117.25,29952.5,30110.25,11307.0
1782954000,30110.5,30229.0,30098.0,30203.75,7908.0
1782957600,30203.75,30239.5,30180.75,30207.5,5714.0
1782961200,30208.25,30212.75,30134.5,30171.25,5381.0
1782964800,30155.5,30157.0,30050.0,30111.25,5699.0
1782968400,30114.0,30159.75,30037.25,30051.0,6964.0
1782972000,30052.0,30066.0,29895.0,29919.75,10894.0
1782975600,29921.25,29944.5,29826.25,29891.25,10691.0
1782979200,29893.5,30038.25,29827.25,30033.0,9730.0
1782982800,30032.75,30033.5,29943.5,29957.75,6395.0
1782986400,29959.5,30008.5,29920.0,30005.75,5871.0
1782990000,30005.25,30079.0,29967.0,30034.25,9644.0
1782993600,30035.25,30320.0,30022.25,30182.75,26551.0
1782997200,30185.0,30263.0,30007.75,30257.5,77496.0
1783000800,30257.75,30293.5,29730.75,29840.25,108482.0
1783004400,29840.25,29852.0,29610.75,29676.0,72684.0
1783008000,29676.75,29688.25,29434.0,29462.25,61788.0
1783011600,29461.0,29482.75,29328.5,29338.5,48159.0
1783015200,29339.5,29528.0,29330.5,29489.0,46994.0
1783018800,29488.75,29588.0,29349.5,29539.5,62920.0
1783022400,29539.25,29564.75,29514.0,29551.75,18996.0
1783029600,29566.0,29622.25,29559.25,29618.75,0.0
1783033200,29615.75,29618.75,29552.0,29600.5,4937.0
1783036800,29598.75,29638.75,29522.0,29536.5,6700.0
1783040400,29539.5,29699.5,29535.25,29682.5,6840.0
1783044000,29684.75,29755.75,29680.5,29750.75,4049.0
1783047600,29749.75,29775.25,29717.75,29768.0,3630.0
1783288800,29930.25,29979.5,29860.75,29946.0,8656.0
1783292400,29946.5,30011.25,29901.75,29983.75,6704.0
1783296000,29987.75,30004.75,29845.0,29928.25,11654.0
1783299600,29926.5,29932.0,29750.0,29792.75,11361.0
1783303200,29793.25,29901.75,29683.0,29725.25,10053.0
1783306800,29726.5,29901.75,29693.25,29718.75,8432.0
1783310400,29730.25,29840.5,29703.0,29828.25,6073.0
1783314000,29829.5,29830.5,29752.5,29790.5,4029.0
1783317600,29791.5,29858.25,29754.75,29847.25,5157.0
1783321200,29846.25,29876.25,29816.25,29852.5,3582.0
1783324800,29852.75,29884.0,29780.0,29867.0,4668.0
1783328400,29869.75,29888.5,29827.5,29877.0,3442.0
1783332000,29878.0,29891.5,29847.25,29884.5,3091.0
1783335600,29884.25,29915.0,29841.75,29877.75,5845.0
1783339200,29879.0,29936.0,29865.5,29934.0,9279.0
1783342800,29934.75,30009.0,29776.25,29932.5,69434.0
1783346400,29935.5,30067.5,29903.25,30025.25,62489.0
1783350000,30025.75,30083.75,29941.25,30074.25,44660.0
1783353600,30074.0,30094.0,29981.0,29990.0,31501.0
1783357200,29989.0,30036.75,29882.25,29896.75,39481.0
1783360800,29896.25,30004.0,29895.5,29990.0,32137.0
1783364400,29990.75,30052.0,29931.5,29951.0,51173.0
1783368000,29950.75,29972.75,29931.25,29947.75,14257.0
1783375200,29960.0,29973.75,29889.0,29894.75,0.0
1783378800,29893.5,29928.75,29839.25,29852.25,6427.0
1783382400,29851.0,29914.25,29808.25,29816.75,10497.0
1783386000,29819.75,29835.75,29716.5,29773.0,10181.0
1783389600,29774.25,29819.25,29738.75,29748.0,6179.0
1783393200,29748.0,29784.75,29628.25,29661.75,10396.0
1783396800,29666.25,29669.75,29607.5,29625.5,6037.0
1783400400,29626.25,29704.5,29558.5,29689.75,8812.0
1783404000,29688.75,29701.25,29631.25,29688.75,6182.0
1783407600,29689.0,29744.0,29644.0,29645.5,8265.0
1783411200,29646.75,29709.25,29641.25,29660.25,5490.0
1783414800,29660.75,29693.5,29622.5,29662.25,5530.0
1783418400,29663.25,29689.5,29625.25,29659.25,9023.0
1783422000,29660.5,29661.75,29591.25,29642.5,6969.0
1783425600,29640.75,29716.0,29622.0,29642.25,12134.0
1783429200,29642.25,29685.75,29420.25,29469.0,87303.0
1783432800,29468.75,29505.75,29210.0,29302.5,99922.0
1783436400,29302.25,29389.25,29248.25,29386.75,54117.0
1783440000,29388.0,29558.25,29377.0,29540.0,56185.0
1783443600,29539.5,29580.75,29510.0,29567.25,35209.0
1783447200,29567.5,29574.25,29385.25,29391.0,40005.0
1783450800,29390.25,29410.0,29271.0,29395.5,65476.0
1783454400,29395.75,29437.25,29387.75,29419.5,17179.0
1783461600,29373.75,29400.0,29319.5,29386.75,0.0
1783465200,29391.5,29407.0,29292.5,29300.5,6684.0
1783468800,29300.0,29547.0,29266.0,29543.5,16415.0
1783472400,29543.75,29558.75,29427.0,29438.0,10576.0
1783476000,29437.75,29475.0,29388.0,29461.25,7490.0
1783479600,29461.5,29532.25,29461.25,29470.75,5362.0
1783483200,29465.25,29470.0,29376.75,29415.0,6853.0
1783486800,29417.0,29447.25,29311.75,29347.5,6883.0
1783490400,29346.75,29363.5,29282.25,29329.25,7703.0
1783494000,29329.25,29404.25,29281.0,29381.0,8314.0
1783497600,29383.0,29414.75,28957.25,29009.5,26790.0
1783501200,29010.75,29034.0,28909.75,28957.75,14254.0
1783504800,28960.75,29063.0,28922.75,29018.75,9688.0
1783508400,29020.75,29124.75,28973.0,29089.25,12653.0
1783512000,29088.0,29239.5,29054.25,29155.0,17093.0
1783515600,29154.75,29399.0,29148.0,29367.5,72681.0
1783519200,29366.25,29389.25,29151.0,29210.25,77369.0
1783522800,29212.0,29224.25,29034.0,29096.25,54994.0
1783526400,29097.25,29377.0,29092.75,29373.25,53184.0
1783530000,29372.25,29457.75,29324.25,29352.5,38876.0
1783533600,29352.25,29429.25,29330.0,29405.75,29582.0
1783537200,29405.75,29500.0,29375.75,29457.75,42862.0
1783540800,29457.75,29468.5,29353.25,29391.25,16179.0
1783548000,29412.0,29449.25,29402.75,29425.5,0.0
1783551600,29424.0,29503.25,29395.0,29491.25,5867.0
1783555200,29491.0,29583.0,29486.25,29503.5,11271.0
1783558800,29504.5,29555.25,29444.5,29449.0,8308.0
1783562400,29450.5,29579.0,29419.0,29429.5,10386.0
1783566000,29430.75,29518.0,29396.5,29505.75,5680.0
1783569600,29506.75,29558.5,29462.5,29554.0,4501.0
1783573200,29554.75,29610.0,29474.75,29607.75,7887.0
1783576800,29606.5,29644.25,29572.25,29612.0,7249.0
1783580400,29613.25,29706.75,29603.75,29686.25,8870.0
1783584000,29684.75,29735.75,29643.0,29661.25,7195.0
1783587600,29663.5,29669.0,29613.75,29644.0,4156.0
1783591200,29645.5,29669.0,29564.5,29600.25,5624.0
1783594800,29601.75,29721.75,29579.0,29696.0,9804.0
1783598400,29696.75,29786.5,29681.0,29736.0,14099.0
1783602000,29735.25,29931.25,29672.0,29909.5,68232.0
1783605600,29909.75,29922.75,29614.5,29787.75,83694.0
1783609200,29788.25,29905.25,29779.5,29886.25,39798.0
1783612800,29886.5,29924.25,29864.0,29897.25,29530.0
1783616400,29897.0,29993.5,29893.5,29973.75,31856.0
1783620000,29974.75,29985.0,29929.5,29939.25,25264.0
1783623600,29939.75,29958.25,29896.75,29948.0,48990.0
1783627200,29948.5,29973.75,29926.25,29931.25,14361.0
1783634400,29937.75,29961.0,29904.0,29922.0,0.0
1783638000,29921.5,29964.25,29907.0,29932.5,4502.0
1783641600,29933.25,29952.0,29804.25,29866.5,13168.0
1783645200,29866.5,29922.75,29817.5,29891.5,7736.0
1783648800,29895.0,29952.5,29854.25,29951.25,6747.0
1783652400,29952.0,29963.5,29912.5,29930.5,3301.0
1783656000,29936.75,29948.75,29875.25,29881.75,4349.0
1783659600,29883.75,29897.0,29840.0,29845.5,5129.0
1783663200,29847.25,29856.75,29775.25,29819.5,9290.0
1783666800,29819.25,29827.75,29761.75,29774.0,4722.0
1783670400,29773.75,29803.75,29743.75,29773.25,6067.0
1783674000,29776.75,29827.75,29717.25,29814.75,6147.0
1783677600,29820.75,29862.25,29805.5,29850.75,4601.0
1783681200,29850.0,29887.75,29806.75,29816.0,7015.0
1783684800,29816.75,29878.75,29771.25,29800.0,12501.0
1783688400,29800.5,29968.5,29790.5,29923.0,60963.0
1783692000,29922.75,29966.0,29675.0,29818.25,71988.0
1783695600,29818.5,29991.5,29780.0,29944.25,57546.0
1783699200,29944.25,30043.25,29943.75,30026.75,35107.0
1783702800,30026.5,30072.25,29996.5,30038.0,22704.0
1783706400,30039.0,30071.0,30021.5,30038.25,24375.0
1783710000,30038.5,30077.75,30024.75,30037.25,36455.0
1783713600,30037.25,30073.75,30031.75,30032.25,10527.0
1783893600,29894.25,29915.0,29855.0,29910.25,6836.0
1783897200,29909.75,29910.5,29845.0,29893.25,6041.0
1783900800,29892.0,30041.0,29807.5,29832.5,17304.0
1783904400,29836.75,29851.25,29737.25,29761.25,12668.0
1783908000,29762.75,29808.75,29714.5,29717.0,9377.0
1783911600,29717.5,29727.25,29682.0,29695.25,7331.0
1783915200,29689.75,29690.0,29612.75,29627.0,6837.0
1783918800,29627.75,29693.75,29542.75,29649.0,10972.0
1783922400,29650.5,29666.0,29585.5,29632.5,7279.0
1783926000,29631.5,29690.25,29607.0,29652.75,5933.0
1783929600,29654.25,29754.0,29647.5,29747.5,7471.0
1783933200,29747.5,29776.5,29718.0,29770.75,3657.0
1783936800,29772.0,29778.0,29735.75,29756.75,4108.0
1783940400,29755.75,29799.75,29728.75,29741.0,6470.0
1783944000,29742.0,29757.25,29655.5,29719.0,11777.0
1783947600,29719.25,29748.0,29518.0,29630.0,69627.0
1783951200,29631.0,29724.0,29488.5,29717.75,75945.0
1783954800,29718.0,29752.5,29596.75,29612.25,39143.0
1783958400,29611.25,29638.5,29460.75,29525.75,50481.0
1783962000,29526.5,29580.75,29468.0,29479.5,29043.0
1783965600,29480.0,29539.5,29454.5,29493.5,28684.0
1783969200,29493.5,29525.75,29393.25,29466.5,66857.0
1783972800,29466.5,29474.0,29386.5,29428.75,15969.0
1783980000,29446.0,29479.5,29393.75,29399.5,0.0
1783983600,29399.5,29423.75,29327.25,29420.75,7699.0
1783987200,29422.5,29535.0,29325.75,29521.0,15667.0
1783990800,29521.0,29541.25,29437.0,29445.0,9396.0
1783994400,29447.25,29489.0,29365.25,29389.0,8242.0
1783998000,29390.75,29426.0,29303.5,29423.5,9900.0
1784001600,29406.5,29516.5,29371.25,29508.5,5481.0
1784005200,29509.75,29631.25,29490.0,29593.0,8001.0
1784008800,29592.0,29649.75,29562.75,29564.25,6504.0
1784012400,29564.0,29621.25,29545.5,29574.5,5396.0
1784016000,29575.0,29636.25,29547.75,29573.0,5622.0
1784019600,29573.0,29629.5,29557.75,29602.25,3751.0
1784023200,29603.25,29633.0,29578.75,29607.25,2944.0
1784026800,29606.75,29670.5,29555.0,29632.0,10797.0
1784030400,29635.0,29921.75,29570.0,29772.5,29863.0
1784034000,29773.75,29832.0,29685.0,29781.25,56934.0
1784037600,29780.25,29839.75,29567.5,29772.5,77331.0
1784041200,29773.5,29895.75,29753.75,29785.5,54910.0
1784044800,29786.0,29830.0,29704.5,29826.75,36133.0
1784048400,29826.75,29867.0,29807.0,29863.25,24238.0
1784052000,29863.0,29878.25,29810.5,29824.0,22897.0
1784055600,29824.5,29837.75,29771.0,29786.75,41404.0
1784059200,29786.5,29810.0,29767.75,29793.5,13461.0
1784066400,29805.0,29806.25,29745.5,29773.25,0.0
1784070000,29772.75,29900.0,29758.0,29889.25,6034.0
1784073600,29889.0,29938.0,29837.5,29918.0,8494.0
1784077200,29920.0,29959.25,29860.0,29957.25,6614.0
1784080800,29958.75,29987.25,29949.25,29960.75,4635.0
1784084400,29961.0,30019.25,29947.25,30014.0,4115.0
1784088000,30000.25,30025.0,29983.25,30021.75,3183.0
1784091600,30022.5,30058.25,29967.75,30032.0,8058.0
1784095200,30031.75,30050.0,30009.75,30030.0,4966.0
1784098800,30030.5,30062.5,29928.0,29996.25,7986.0
1784102400,29997.25,29998.75,29872.0,29936.5,6824.0
1784106000,29937.75,29963.5,29914.25,29924.75,2785.0
1784109600,29926.0,29947.25,29886.0,29927.25,3415.0
1784113200,29926.0,29953.0,29904.5,29912.5,3536.0
1784116800,29914.5,29995.25,29856.25,29980.0,13321.0
1784120400,29980.0,29999.75,29754.5,29822.5,62667.0
1784124000,29823.5,29892.5,29536.75,29630.75,92068.0
1784127600,29632.0,29661.75,29526.5,29582.0,50387.0
1784131200,29580.25,29599.5,29397.0,29512.75,55063.0
1784134800,29512.75,29705.75,29504.75,29686.5,42167.0
1784138400,29686.5,29742.75,29595.0,29613.25,42022.0
1784142000,29613.0,29707.0,29589.0,29700.5,49692.0
1784145600,29700.75,29737.0,29664.0,29707.5,12480.0
1784152800,29709.0,29749.0,29677.0,29716.25,0.0
1784156400,29716.0,29736.25,29682.0,29690.0,3817.0
1784160000,29690.0,29763.25,29622.25,29651.25,8947.0
1784163600,29653.75,29685.75,29595.75,29651.0,6740.0
1784167200,29651.25,29736.0,29620.0,29727.0,6424.0
1784170800,29728.0,29751.75,29701.75,29737.75,3588.0
1784174400,29727.25,29756.25,29691.25,29708.0,2897.0
1784178000,29709.0,29797.0,29666.5,29686.5,6187.0
1784181600,29687.75,29749.75,29641.25,29683.75,7884.0
1784185200,29684.75,29686.5,29548.5,29562.25,6267.0
1784188800,29563.5,29595.5,29478.75,29591.5,6948.0
1784192400,29593.25,29645.25,29528.0,29531.25,5503.0
1784196000,29530.25,29561.25,29502.5,29531.0,4539.0
1784199600,29528.75,29532.0,29361.0,29446.75,10317.0
1784203200,29445.75,29457.25,29363.5,29392.25,11913.0
1784206800,29393.25,29532.0,29255.5,29347.5,69847.0
1784210400,29346.5,29513.5,29315.25,29433.75,68786.0
1784214000,29435.5,29468.0,29336.0,29392.0,52429.0
1784217600,29392.5,29395.25,29260.75,29338.25,43088.0
1784221200,29339.0,29345.0,29219.0,29244.5,35699.0
1784224800,29244.25,29304.0,29198.5,29210.5,35628.0
1784228400,29210.0,29242.0,29078.5,29217.0,68267.0
1784232000,29217.75,29231.25,29162.75,29179.0,18268.0
1784239200,29191.0,29220.0,29115.25,29136.5,0.0
1784242800,29134.75,29144.75,29060.0,29096.5,5739.0
1784246400,29095.5,29124.25,28993.5,29057.0,11618.0
1784250000,29059.75,29105.5,28945.75,28972.0,10235.0
1784253600,28970.75,28985.75,28902.25,28925.0,7213.0
1784257200,28926.25,29026.0,28913.75,28922.25,7893.0
1784260800,28873.5,28879.25,28774.5,28804.75,12052.0
1784264400,28806.0,28823.0,28725.0,28756.25,8781.0
1784268000,28755.0,28825.0,28722.5,28743.0,9701.0
1784271600,28744.25,28767.5,28682.5,28688.0,8720.0
1784275200,28687.5,28735.0,28550.0,28630.0,15808.0
1784278800,28628.75,28728.0,28618.75,28711.5,8416.0
1784282400,28711.75,28825.5,28691.5,28785.0,12366.0
1784286000,28786.75,28808.25,28713.5,28741.5,9387.0
1784289600,28740.0,28744.75,28645.5,28664.5,11837.0
1784293200,28664.75,28686.0,28408.25,28676.0,86550.0
1784296800,28676.0,28896.0,28665.25,28727.0,103749.0
1784300400,28727.0,28948.5,28672.25,28933.5,64666.0
1784304000,28934.0,29028.0,28846.0,28974.25,56629.0
1784307600,28974.75,29050.25,28883.75,28895.75,41827.0
1784311200,28896.25,28937.0,28797.0,28861.25,41962.0
1784314800,28861.0,28869.25,28718.5,28764.25,59301.0
1784318400,28764.5,28779.75,28712.5,28773.25,19577.0
1784498400,28733.75,28851.0,28709.75,28814.5,7469.0
1784502000,28818.0,28880.25,28781.0,28868.25,6202.0
1784505600,28870.0,28963.5,28806.0,28859.25,11738.0
1784509200,28861.75,28917.5,28762.75,28795.75,9505.0
1784512800,28798.5,28948.0,28793.0,28886.0,8290.0
1784516400,28888.0,28937.75,28851.0,28894.5,5256.0
1784520000,28900.0,28942.0,28844.5,28897.75,5132.0
1784523600,28898.0,28901.75,28789.0,28807.25,5620.0
1784527200,28808.0,28823.75,28766.0,28803.5,4759.0
1784530800,28805.75,28926.0,28797.75,28911.0,7044.0
1784534400,28908.25,28939.75,28860.0,28882.0,4920.0
1784538000,28879.25,28998.25,28854.0,28952.5,5828.0
1784541600,28952.75,28980.0,28920.5,28969.0,4839.0
1784545200,28970.75,29109.5,28963.75,29072.5,13760.0
1784548800,29072.5,29075.5,28981.75,29025.0,10809.0
1784552400,29025.0,29192.5,28979.75,28994.75,68384.0
1784556000,28996.0,29053.75,28874.0,28891.5,75455.0
1784559600,28891.75,29066.75,28873.25,29050.75,50660.0
1784563200,29050.75,29119.0,28956.0,28983.75,46136.0
1784566800,28983.0,28999.75,28900.75,28956.5,32688.0
1784570400,28957.0,29009.75,28855.75,28870.0,35112.0
1784574000,28871.0,28896.0,28767.75,28785.75,58242.0
1784577600,28785.25,28831.5,28750.5,28777.0,13475.0
1784584800,28778.25,28803.5,28701.0,28717.75,0.0
1784588400,28717.75,28832.5,28711.25,28779.25,6832.0
1784592000,28777.5,28897.0,28707.25,28856.25,11904.0
1784595600,28859.75,28920.5,28837.5,28885.25,7399.0
1784599200,28885.25,28956.75,28859.0,28955.0,5771.0
1784602800,28954.0,29078.0,28951.25,29058.25,7371.0
1784606400,29075.75,29077.25,29048.0,29054.0,5367.0
1784610000,29055.75,29105.0,29016.5,29098.25,5657.0
1784613600,29096.25,29155.5,29096.25,29146.5,6914.0
1784617200,29147.75,29162.0,29088.0,29117.25,6003.0
1784620800,29118.0,29176.75,29104.0,29167.0,6306.0
1784624400,29168.0,29195.25,29151.25,29155.0,5093.0
1784628000,29155.25,29207.0,29154.75,29166.25,5686.0
1784631600,29167.75,29184.0,29119.5,29154.25,8680.0
1784635200,29153.5,29195.25,29111.5,29171.5,11536.0
1784638800,29173.5,29246.25,29092.5,29152.75,68251.0
1784642400,29153.5,29256.5,29064.25,29237.5,71917.0
1784646000,29237.25,29320.0,29181.0,29259.25,48629.0
1784649600,29259.25,29352.5,29254.25,29331.75,32918.0
1784653200,29331.5,29364.75,29323.0,29341.25,24413.0
1784656800,29341.5,29361.75,29310.5,29328.5,24145.0
1784660400,29328.25,29352.0,29290.75,29310.75,51969.0
1784664000,29312.0,29316.75,29279.0,29289.75,15478.0
1784671200,29310.75,29310.75,29253.0,29273.75,0.0
1784674800,29273.5,29304.75,29261.0,29298.5,3880.0
1784678400,29298.5,29337.0,29258.25,29288.0,7690.0
1784682000,29289.75,29307.0,29232.0,29277.25,6547.0
1784685600,29277.25,29284.5,29228.0,29238.25,4924.0
1784689200,29239.25,29267.25,29190.25,29197.0,5804.0
1784692800,29223.0,29238.5,29193.75,29221.5,4035.0
1784696400,29222.25,29225.25,29145.5,29172.75,5426.0
1784700000,29171.25,29173.0,29060.0,29092.75,8748.0
1784703600,29091.75,29124.5,29025.75,29056.0,8741.0
1784707200,29059.75,29117.75,29038.75,29110.0,5883.0
1784710800,29110.25,29150.0,29089.25,29127.0,5026.0
1784714400,29128.25,29173.0,29113.0,29153.0,5970.0
1784718000,29154.0,29164.75,29017.5,29054.0,9913.0
1784721600,29056.5,29071.0,28952.0,29017.25,17992.0
1784725200,29017.5,29277.25,29017.5,29276.75,64343.0
1784728800,29277.0,29283.75,29172.75,29241.0,68109.0
1784732400,29241.25,29342.25,29240.25,29329.5,44382.0
1784736000,29330.25,29335.0,29276.75,29310.5,25129.0
1784739600,29310.5,29331.25,29234.25,29244.25,27689.0
1784743200,29244.0,29271.25,29207.75,29245.25,31336.0
1784746800,29245.75,29260.0,29158.25,29160.5,44293.0
1784750400,29161.0,29260.0,29119.0,29165.0,27703.0
1784757600,29100.0,29142.5,29039.25,29072.75,0.0
1784761200,29073.5,29145.5,29021.75,29142.25,6627.0
1784764800,29143.75,29282.5,29132.5,29255.0,10969.0
1784768400,29256.25,29273.5,29175.5,29176.0,8531.0
1784772000,29176.0,29201.0,29057.0,29089.0,8572.0
1784775600,29093.5,29128.0,29029.5,29125.0,7315.0
1784779200,29097.75,29165.25,29084.5,29125.25,6346.0
1784782800,29126.0,29183.25,29079.25,29088.0,5777.0
1784786400,29088.0,29119.25,29074.0,29084.0,5186.0
1784790000,29083.75,29086.75,28922.25,28987.5,12550.0
1784793600,28988.75,29111.0,28958.25,29103.0,8276.0
1784797200,29103.5,29137.75,29045.0,29055.25,5832.0
1784800800,29054.25,29122.25,29036.0,29103.0,5971.0
1784804400,29103.0,29106.5,28913.0,28965.0,13488.0
1784808000,28964.0,28967.75,28754.75,28787.5,23547.0
1784811600,28786.5,28883.0,28657.0,28707.75,100735.0
1784815200,28709.25,28801.25,28577.25,28596.75,99521.0
1784818800,28597.25,28604.5,28432.5,28588.5,84293.0
1784822400,28588.5,28738.25,28573.25,28640.75,56795.0
1784826000,28641.25,28676.75,28565.5,28568.0,42650.0
1784829600,28568.25,28603.5,28525.25,28550.0,35820.0
1784833200,28550.0,28633.5,28486.25,28615.0,63943.0
1784836800,28615.25,28782.0,28610.5,28739.25,28046.0
1784844000,28700.25,28732.75,28624.0,28731.25,0.0
1784847600,28729.5,28736.0,28658.25,28679.0,6238.0
1784851200,28680.25,28724.0,28615.75,28672.0,11163.0
1784854800,28672.25,28701.5,28607.0,28614.25,7008.0
1784858400,28612.75,28632.0,28515.0,28519.25,7445.0
1784862000,28520.0,28560.75,28482.0,28486.0,7776.0
1784865600,28513.75,28571.5,28481.25,28565.25,6476.0
1784869200,28564.5,28607.0,28544.0,28545.0,5632.0
1784872800,28546.75,28576.25,28481.0,28543.75,7378.0
1784876400,28544.0,28663.0,28539.25,28614.25,8333.0
1784880000,28615.75,28649.5,28556.5,28622.0,6433.0
1784883600,28623.5,28704.25,28612.0,28700.5,6445.0
1784887200,28700.25,28706.25,28633.25,28640.5,5536.0
1784890800,28640.0,28700.0,28601.5,28680.5,8728.0
1784894400,28678.5,28698.5,28587.25,28592.0,12861.0
1784898000,28591.25,28622.0,28313.5,28322.25,78133.0
1784901600,28323.0,28461.5,28254.5,28449.25,97938.0
1784905200,28449.0,28583.75,28355.0,28576.0,78958.0
1784908800,28576.75,28630.75,28460.25,28495.75,45983.0
1784912400,28494.75,28544.0,28427.0,28466.0,39419.0
1784916000,28467.0,28486.0,28259.0,28302.5,45305.0
1784919600,28301.75,28328.5,28212.5,28283.25,65993.0
1784923200,28283.5,28329.5,28259.25,28282.25,15319.0
1785103200,28594.5,28647.0,28585.5,28609.5,4915.0
1785106800,28612.25,28731.0,28597.75,28727.5,6882.0
1785110400,28728.25,28733.75,28581.75,28598.25,12460.0
1785114000,28599.75,28634.5,28525.0,28614.0,9965.0
1785117600,28614.75,28658.5,28587.0,28615.5,5462.0
1785121200,28615.5,28650.75,28592.75,28613.5,4018.0
1785124800,28614.0,28663.0,28597.75,28644.0,3578.0
1785128400,28646.25,28704.25,28638.0,28694.5,4325.0
1785132000,28694.5,28728.5,28680.0,28695.0,5611.0
1785135600,28692.75,28732.0,28661.25,28661.75,5660.0
1785139200,28661.0,28749.5,28658.5,28736.0,5286.0
1785142800,28737.0,28763.25,28718.25,28744.75,4902.0
1785146400,28744.0,28758.0,28726.25,28740.75,3809.0
1785150000,28742.0,28743.5,28645.5,28673.0,8280.0
1785153600,28673.25,28697.75,28629.25,28690.25,9859.0
1785157200,28692.0,28700.0,28341.25,28347.75,78253.0
1785160800,28347.75,28372.75,27939.0,28169.25,127092.0
1785164400,28171.0,28198.5,27980.25,28062.5,73189.0
1785168000,28062.75,28204.5,28027.75,28048.5,59027.0
1785171600,28047.0,28106.25,27986.0,28104.75,37800.0
1785175200,28104.75,28191.0,28019.25,28188.25,39666.0
1785178800,28188.75,28255.75,28155.25,28192.75,52744.0
1785182400,28193.25,28230.0,28169.25,28210.0,13688.0
1785189600,28210.5,28228.0,28123.5,28132.5,0.0
1785193200,28131.75,28179.25,28105.25,28163.5,5657.0
1785196800,28164.75,28195.0,28052.75,28072.0,10331.0
1785200400,28072.0,28095.5,27969.0,28022.0,11341.0
1785204000,28021.75,28030.25,27951.5,27993.0,8348.0
1785207600,27993.0,28070.5,27932.5,28050.75,9792.0
1785211200,28013.5,28017.0,27951.0,27954.75,5335.0
1785214800,27957.0,28190.0,27870.75,27880.0,7892.0
1785218400,27882.25,27958.25,27839.5,27947.25,11019.0
1785222000,27945.5,27989.0,27908.0,27933.5,8239.0
1785225600,27934.25,28052.0,27880.0,27994.25,11613.0
1785229200,27992.25,28016.5,27941.5,27956.0,5551.0
1785232800,27956.0,27980.5,27904.25,27942.75,7727.0
1785236400,27945.75,27975.0,27848.25,27963.75,15268.0
1785240000,27962.5,28032.75,27949.25,27993.25,16127.0
1785243600,27993.75,28028.5,27641.75,27665.25,102737.0
1785247200,27665.5,27890.0,27603.5,27801.75,117955.0
1785250800,27803.0,28062.5,27768.0,28048.0,81015.0
1785254400,28047.75,28080.0,27953.5,28057.5,52172.0
1785258000,28057.5,28066.5,27925.0,27972.5,44514.0
1785261600,27974.0,27999.5,27912.5,27972.75,35021.0
1785265200,27972.25,28023.75,27911.0,27919.5,54843.0
1785268800,27919.25,27991.25,27884.25,27960.5,20847.0
1785276000,27962.0,28013.25,27756.25,27756.75,0.0
1785279600,27758.25,28104.5,27728.5,28102.5,18597.0
1785283200,28102.75,28178.25,28000.25,28013.25,14594.0
1785286800,28011.75,28041.25,27784.0,27785.25,13888.0
1785290400,27785.0,27912.75,27770.25,27839.5,11403.0
1785294000,27839.0,27882.5,27702.0,27718.0,9686.0
1785297600,27700.0,27759.0,27640.0,27756.0,10333.0
1785301200,27758.75,27852.75,27735.75,27794.0,9923.0
1785304800,27794.0,27942.25,27736.25,27928.75,9796.0
1785308400,27928.75,27962.75,27891.25,27906.0,7948.0
1785312000,27906.25,27939.25,27820.0,27904.0,7983.0
1785315600,27904.5,28060.0,27901.0,28019.75,8536.0
1785319200,28018.25,28046.0,27931.5,27948.0,7825.0
1785322800,27950.25,28023.75,27934.5,28002.75,8387.0
1785326400,28002.0,28007.75,27844.25,27907.75,13531.0
1785330000,27909.0,27996.0,27667.75,27733.75,76656.0
1785333600,27735.25,27826.5,27510.0,27600.0,107456.0
1785337200,27600.5,27657.5,27464.5,27517.0,67761.0
1785340800,27518.25,27603.5,27409.25,27603.25,56866.0
1785344400,27603.75,27750.0,27595.25,27721.75,48402.0
1785348000,27723.0,28096.75,27709.0,28056.75,99576.0
1785351600,28057.5,28099.5,27317.5,27336.75,133677.0
1785355200,27338.25,27364.0,27201.5,27259.25,42409.0
1785362400,27202.0,27489.5,27202.0,27451.5,0.0
1785366000,27449.5,27559.25,27446.25,27520.75,12596.0
1785369600,27521.75,27611.0,27472.25,27547.25,16328.0
1785373200,27547.25,27696.75,27535.25,27653.0,13353.0
1785376800,27652.0,27687.5,27539.0,27541.75,9746.0
1785380400,27542.0,27576.25,27471.25,27521.5,9006.0
1785384000,27507.5,27543.75,27434.75,27447.75,6900.0
1785387600,27446.25,27546.25,27421.0,27487.75,7076.0
1785391200,27487.0,27507.0,27415.0,27434.25,5776.0
1785394800,27433.75,27521.75,27351.25,27395.25,12033.0
1785398400,27394.5,27527.25,27337.5,27485.25,9604.0
1785402000,27486.0,27586.0,27469.75,27514.75,7447.0
1785405600,27515.5,27648.0,27488.25,27618.5,9690.0
1785409200,27619.0,27745.25,27613.0,27725.0,12685.0
1785412800,27723.5,27821.75,27695.75,27805.5,19852.0
1785416400,27807.0,28162.25,27793.0,28151.75,107055.0
1785420000,28150.5,28246.5,28022.5,28070.75,118443.0
1785423600,28071.5,28137.75,27996.25,28079.5,79402.0
1785427200,28078.75,28192.75,28054.5,28126.75,51322.0
1785430800,28127.0,28208.5,28126.0,28177.5,37789.0
1785434400,28177.5,28205.0,28148.5,28180.5,28849.0
1785438000,28180.75,28297.75,28179.75,28230.75,78565.0
1785441600,28230.75,28414.5,28205.5,28333.5,32156.0
1785448800,28317.0,28413.75,28300.0,28395.0,0.0
1785452400,28394.25,28445.0,28362.25,28422.75,6690.0
1785456000,28424.0,28524.5,28397.25,28521.75,11024.0
1785459600,28523.0,28572.0,28455.5,28478.0,9814.0
1785463200,28478.0,28499.5,28389.5,28431.25,8223.0
1785466800,28431.5,28478.25,28398.0,28461.75,5830.0
1785470400,28459.5,28557.0,28451.5,28549.0,5181.0
1785474000,28548.75,28590.75,28538.5,28585.0,6135.0
1785477600,28585.5,28611.75,28450.0,28488.25,10569.0
1785481200,28484.25,28584.25,28455.0,28575.0,9608.0
1785484800,28572.75,28611.0,28524.75,28602.75,7929.0
1785488400,28603.25,28640.75,28528.5,28533.0,8201.0
1785492000,28531.75,28591.25,28519.5,28565.5,5799.0
1785495600,28565.5,28626.0,28523.0,28553.5,7969.0
1785499200,28554.75,28555.25,28432.25,28468.25,15497.0
1785502800,28468.5,28725.75,28295.5,28360.5,111222.0
1785506400,28356.75,28393.0,28079.75,28307.5,129584.0
1785510000,28308.75,28342.25,28115.5,28274.0,80203.0
1785513600,28274.0,28390.0,28243.75,28367.5,50019.0
1785517200,28366.75,28503.0,28360.0,28429.0,43755.0
1785520800,28429.0,28462.0,28395.25,28433.75,30821.0
1785524400,28433.5,28524.0,28380.0,28402.75,63486.0
1785528000,28402.75,28434.25,28258.25,28404.25,25824.0
1785708000,28601.0,28641.25,28560.25,28570.25,6216.0
1785711600,28568.75,28637.5,28545.0,28614.0,8518.0
1785715200,28611.0,28630.5,28537.5,28622.0,12434.0
1785718800,28622.25,28650.0,28564.25,28644.0,8775.0
1785722400,28644.75,28681.5,28631.0,28660.5,5989.0
1785726000,28662.5,28698.25,28640.0,28674.5,4104.0
1785729600,28669.0,28688.5,28648.5,28651.0,2979.0
1785733200,28650.75,28666.25,28617.0,28641.25,4008.0
1785736800,28642.0,28661.0,28575.75,28593.25,5967.0
1785740400,28594.25,28634.5,28558.5,28588.25,7475.0
1785744000,28588.0,28595.0,28471.75,28594.0,9546.0
1785747600,28594.75,28601.0,28521.0,28559.0,5777.0
1785751200,28559.25,28565.25,28488.5,28541.0,5647.0
1785754800,28541.25,28547.0,28403.5,28420.25,10167.0
1785758400,28420.25,28491.5,28383.5,28459.25,13774.0
1785762000,28459.25,28628.0,28313.5,28626.25,87806.0
1785765600,28623.75,28803.75,28529.5,28801.75,89670.0
1785769200,28801.0,28814.5,28722.0,28792.5,51767.0
1785772800,28792.5,28847.25,28790.0,28822.5,35119.0
1785776400,28822.75,28921.75,28813.0,28917.5,33795.0
1785780000,28917.5,28964.25,28882.75,28907.0,41500.0
1785783600,28907.5,28943.75,28865.25,28900.25,56545.0
1785787200,28900.75,28945.0,28878.25,28929.25,13985.0
1785794400,28930.0,28962.25,28919.0,28945.75,0.0
1785798000,28944.0,28972.25,28930.25,28971.0,4265.0
1785801600,28971.25,28976.25,28864.25,28876.75,11462.0
1785805200,28876.0,29048.0,28831.75,29041.25,13274.0
1785808800,29041.75,29044.75,28942.5,28972.75,9392.0
1785812400,28972.5,29005.5,28931.75,29003.5,6399.0
1785816000,28990.75,29023.25,28968.5,29015.5,3144.0
1785819600,29016.25,29074.75,28978.25,29072.25,5440.0
1785823200,29073.5,29098.75,29042.5,29073.75,5580.0
1785826800,29072.0,29119.25,29036.5,29071.25,9095.0
1785830400,29072.0,29131.5,29039.0,29068.75,7807.0
1785834000,29069.0,29089.25,29007.5,29077.75,6350.0
1785837600,29078.5,29145.0,29067.25,29115.5,8504.0
1785841200,29116.75,29245.75,29114.25,29237.5,13172.0
1785844800,29238.0,29238.0,29188.0,29202.75,10326.0
1785848400,29203.25,29503.75,29191.25,29466.0,91567.0
1785852000,29465.25,29572.75,29432.0,29549.75,87259.0
1785855600,29549.75,29696.75,29544.0,29671.0,62625.0
1785859200,29671.0,29744.5,29661.25,29742.75,40887.0
1785862800,29742.75,29898.75,29739.25,29834.75,52371.0
1785866400,29835.25,29895.5,29808.0,29881.5,40069.0
1785870000,29881.75,29956.5,29847.5,29876.75,77820.0
1785873600,29875.25,29949.75,29761.25,29818.25,32908.0
1785880800,29777.25,29844.25,29776.5,29827.5,0.0
1785884400,29825.75,29857.25,29802.0,29834.75,6054.0
1785888000,29835.5,29877.0,29810.0,29848.75,9420.0
1785891600,29849.25,29887.5,29797.0,29869.0,8722.0
1785895200,29870.0,29889.25,29842.25,29860.75,4984.0
1785898800,29859.0,29893.75,29855.75,29890.0,4326.0
1785902400,29896.75,29917.0,29859.75,29902.75,4495.0
1785906000,29902.5,29985.25,29895.0,29980.5,6937.0
1785909600,29980.0,29990.0,29925.5,29969.75,6095.0
1785913200,29969.0,29987.0,29885.0,29903.25,7196.0
1785916800,29905.0,29926.0,29797.75,29836.5,10246.0
1785920400,29837.75,29893.5,29814.25,29857.5,7813.0
1785924000,29857.25,29871.75,29833.75,29862.25,5159.0
1785927600,29865.5,29943.5,29865.5,29919.5,9693.0
1785931200,29919.5,29950.0,29891.25,29915.0,11622.0
1785934800,29917.25,30074.0,29894.75,30048.75,85796.0
1785938400,30048.5,30048.5,29788.0,29848.25,106914.0
1785942000,29849.0,29890.75,29713.25,29739.0,67866.0
1785945600,29738.25,29839.75,29702.0,29808.25,48615.0
1785949200,29809.75,29819.75,29734.25,29757.0,29225.0
1785952800,29756.75,29788.5,29722.75,29725.75,26882.0
1785956400,29726.75,29779.25,29592.75,29607.5,52373.0
1785960000,29607.0,29618.25,29530.75,29600.25,29868.0
1785967200,29569.5,29679.5,29563.5,29623.25,0.0
1785970800,29622.75,29649.5,29566.0,29583.5,6134.0
1785974400,29584.25,29608.0,29535.25,29537.5,9474.0
1785978000,29539.25,29540.75,29454.25,29498.0,10509.0
1785981600,29497.75,29621.0,29490.75,29593.0,8708.0
1785985200,29593.75,29608.5,29525.0,29564.0,5957.0
1785988800,29571.5,29600.0,29541.75,29574.75,4558.0
1785992400,29575.25,29596.25,29544.25,29580.75,4174.0
1785996000,29580.0,29581.75,29485.0,29523.0,7486.0
1785999600,29520.25,29563.0,29500.75,29507.25,5665.0
1786003200,29507.25,29532.5,29443.75,29517.25,8005.0
1786006800,29517.25,29531.0,29437.5,29526.75,5002.0
1786010400,29526.75,29533.75,29468.0,29484.5,4732.0
1786014000,29484.5,29516.5,29364.75,29467.25,15682.0
1786017600,29466.0,29476.5,29387.5,29399.5,13761.0
1786021200,29400.25,29551.0,29241.25,29527.25,93151.0
1786024800,29528.25,29667.0,29488.0,29656.75,91432.0
1786028400,29656.5,29686.25,29506.0,29516.25,69666.0
1786032000,29516.25,29558.5,29448.5,29556.5,51394.0
1786035600,29557.25,29574.25,29493.75,29529.0,30648.0
1786039200,29529.0,29575.5,29498.5,29515.5,29793.0
1786042800,29515.75,29570.25,29475.0,29497.25,47622.0
1786046400,29497.25,29552.0,29480.25,29504.25,15393.0
1786053600,29514.25,29574.75,29494.5,29566.0,0.0
1786057200,29564.75,29603.5,29554.25,29593.25,4014.0
1786060800,29595.25,29618.75,29497.25,29561.25,11695.0
1786064400,29561.75,29582.0,29482.5,29526.25,9790.0
1786068000,29527.0,29548.0,29475.5,29527.0,6484.0
1786071600,29526.0,29548.0,29486.25,29489.25,3696.0
1786075200,29496.25,29526.0,29453.5,29511.5,5886.0
1786078800,29510.75,29556.75,29507.5,29523.5,4201.0
1786082400,29523.5,29583.5,29520.0,29553.0,6168.0
1786086000,29552.0,29592.5,29533.0,29583.75,5089.0
1786089600,29584.25,29647.25,29584.0,29632.5,7524.0
1786093200,29633.5,29649.0,29616.0,29616.5,3486.0
1786096800,29618.25,29628.0,29591.25,29607.25,3368.0
1786100400,29606.5,29673.25,29604.25,29614.0,7326.0
1786104000,29614.5,29867.75,29604.75,29843.25,28044.0
1786107600,29843.75,29850.5,29643.75,29677.25,92995.0
1786111200,29679.5,29779.5,29564.5,29721.0,102996.0
1786114800,29720.25,29855.25,29709.0,29814.0,53117.0
1786118400,29814.75,29830.0,29668.75,29739.5,47638.0
1786122000,29739.75,29768.0,29726.25,29743.25,23787.0
1786125600,29743.5,29754.75,29676.5,29725.0,23436.0
1786129200,29725.25,29860.25,29723.0,29834.25,54074.0
1786132800,29833.75,29850.75,29802.5,29834.75,13907.0
1786312800,29851.75,29860.25,29805.25,29844.25,5126.0
1786316400,29845.25,29882.25,29828.25,29829.5,4680.0
1786320000,29830.25,29906.5,29788.5,29802.0,9619.0
1786323600,29803.25,29895.0,29791.0,29885.0,6151.0
1786327200,29886.0,29899.5,29848.25,29880.25,3613.0
1786330800,29881.25,29899.0,29869.25,29880.0,2603.0
1786334400,29878.25,29904.0,29863.0,29882.75,2863.0
1786338000,29882.25,29930.5,29881.0,29930.5,3715.0
1786341600,29930.0,29962.75,29906.0,29908.5,5543.0
1786345200,29909.25,29984.0,29886.25,29951.5,5592.0
1786348800,29952.5,29981.0,29939.5,29971.5,3799.0
1786352400,29971.5,29983.75,29936.0,29938.75,2946.0
1786356000,29939.25,29959.0,29909.25,29912.25,4019.0
1786359600,29912.75,29926.0,29846.0,29871.0,8432.0
1786363200,29870.25,29883.75,29771.75,29777.0,9178.0
1786366800,29778.5,29841.75,29718.75,29806.75,69337.0
1786370400,29807.0,29900.0,29777.75,29779.25,64899.0
1786374000,29779.75,29854.5,29740.75,29844.0,45598.0
1786377600,29844.5,29858.75,29729.5,29780.0,35998.0
1786381200,29780.25,29811.25,29744.25,29759.75,23606.0
1786384800,29759.0,29784.5,29741.5,29782.0,18618.0
1786388400,29782.75,29796.0,29722.5,29744.25,39228.0
1786392000,29744.5,29770.0,29737.0,29764.25,10561.0
1786399200,29764.5,29788.5,29722.25,29732.5,0.0
1786402800,29732.5,29735.5,29677.5,29704.5,4407.0
1786406400,29703.75,29793.75,29666.0,29785.0,9471.0
1786410000,29784.75,29842.5,29764.5,29818.25,7176.0
1786413600,29818.0,29844.5,29812.0,29818.25,3268.0
1786417200,29817.75,29847.5,29815.0,29834.0,2703.0
1786420800,29838.25,29861.75,29834.5,29838.75,2665.0
1786424400,29838.75,29854.25,29786.75,29793.25,4030.0
1786428000,29792.5,29827.75,29732.5,29754.25,7285.0
1786431600,29755.75,29780.25,29728.0,29774.75,4693.0
1786435200,29776.0,29804.25,29717.75,29749.5,5623.0
1786438800,29748.0,29784.0,29718.75,29768.75,4124.0
1786442400,29770.25,29832.75,29750.25,29818.0,4300.0
1786446000,29818.75,29886.75,29811.0,29832.0,9502.0
1786449600,29832.75,29871.5,29819.0,29833.75,8167.0
1786453200,29832.5,29851.25,29631.75,29732.75,76789.0
1786456800,29732.5,29804.75,29718.25,29777.0,67871.0
1786460400,29776.5,29792.25,29658.75,29663.25,50111.0
1786464000,29663.75,29681.75,29614.75,29626.0,37032.0
1786467600,29626.75,29640.75,29573.0,29628.75,32414.0
1786471200,29629.25,29635.75,29533.5,29582.75,33814.0
1786474800,29582.25,29660.25,29571.5,29635.25,46651.0
1786478400,29635.75,29676.5,29614.75,29646.75,14096.0
1786485600,29657.75,29666.0,29626.75,29650.25,0.0
1786489200,29649.5,29663.0,29634.25,29662.25,2053.0
1786492800,29661.75,29680.0,29624.5,29665.75,5488.0
1786496400,29662.75,29683.5,29639.5,29658.25,4388.0
1786500000,29659.0,29703.0,29650.0,29702.5,3075.0
1786503600,29702.75,29710.0,29684.5,29695.0,2495.0
1786507200,29694.0,29715.5,29683.5,29713.0,2190.0
1786510800,29714.0,29718.0,29668.25,29715.5,2779.0
1786514400,29715.0,29737.25,29698.25,29736.75,3477.0
1786518000,29737.25,29753.75,29727.5,29751.5,4009.0
1786521600,29752.25,29799.5,29748.25,29793.75,4595.0
1786525200,29794.5,29848.25,29793.5,29815.25,5426.0
1786528800,29815.5,29845.25,29785.0,29814.5,5359.0
1786532400,29816.0,29846.5,29805.5,29845.5,4678.0
1786536000,29846.0,29960.0,29750.25,29919.25,21347.0
1786539600,29920.0,30001.75,29853.25,29907.5,79184.0
1786543200,29907.25,29945.75,29828.25,29868.0,73563.0
1786546800,29868.0,29892.0,29818.5,29831.75,38479.0
1786550400,29832.75,29918.0,29829.0,29905.5,31336.0
1786554000,29906.25,29924.5,29889.25,29910.25,23937.0
1786557600,29910.0,29932.0,29885.0,29889.75,20983.0
1786561200,29890.25,29905.0,29825.75,29852.75,42725.0
1786564800,29853.0,29906.0,29804.5,29805.75,15556.0
1786572000,29825.0,29831.75,29780.5,29797.75,0.0
1786575600,29797.25,29815.0,29792.0,29804.5,3004.0
1786579200,29805.25,29866.75,29796.75,29846.0,7088.0
1786582800,29845.75,29866.0,29808.25,29857.25,5671.0
1786586400,29858.0,29877.75,29833.5,29868.5,4373.0
1786590000,29868.5,29880.0,29865.5,29878.0,1957.0
1786593600,29886.75,29896.0,29853.75,29879.25,3614.0
1786597200,29878.5,29924.0,29874.0,29884.5,4489.0
1786600800,29884.5,29905.5,29858.25,29888.5,4413.0
1786604400,29888.0,29893.25,29845.0,29860.0,4814.0
1786608000,29859.75,29875.75,29827.0,29860.75,5111.0
1786611600,29861.5,29879.25,29821.0,29876.5,3096.0
1786615200,29876.25,29886.5,29863.25,29881.25,2655.0
1786618800,29881.5,29895.0,29855.5,29869.0,4038.0
1786622400,29869.5,29890.5,29812.25,29880.25,12687.0
1786626000,29880.75,30182.25,29863.5,30176.0,79458.0
1786629600,30175.75,30267.5,30155.75,30199.5,77640.0
1786633200,30199.25,30238.75,30104.0,30115.5,62087.0
1786636800,30117.25,30203.25,30114.25,30193.75,32617.0
1786640400,30193.75,30250.0,30193.25,30204.5,29346.0
1786644000,30205.0,30246.0,30181.0,30244.25,29127.0
1786647600,30244.25,30272.75,30173.0,30194.0,52297.0
1786651200,30194.25,30220.0,30144.5,30214.25,16450.0
1786658400,30210.75,30216.75,30186.0,30203.25,0.0
1786662000,30204.0,30226.0,30189.5,30203.25,3232.0
1786665600,30203.75,30232.0,30166.25,30170.0,7161.0
1786669200,30169.25,30169.75,30124.25,30151.5,7288.0
1786672800,30151.5,30181.5,30149.75,30154.75,3571.0
1786676400,30153.75,30182.5,30150.0,30153.75,2827.0
1786680000,30158.25,30165.0,30137.5,30147.0,3573.0
1786683600,30148.25,30182.0,30127.75,30174.0,3323.0
1786687200,30174.75,30178.0,30147.5,30172.5,2672.0
1786690800,30173.5,30203.75,30171.5,30194.75,3499.0
1786694400,30194.5,30240.25,30187.75,30220.75,4704.0
1786698000,30220.0,30236.0,30207.0,30235.0,3108.0
1786701600,30234.25,30252.5,30223.0,30252.0,3817.0
1786705200,30251.75,30268.0,30237.25,30263.75,4793.0
1786708800,30265.25,30280.25,30208.5,30268.25,11020.0
1786712400,30268.5,30283.0,30169.75,30228.25,70397.0
1786716000,30226.0,30272.25,30123.0,30123.0,66779.0
1786719600,30124.0,30143.0,30028.5,30065.75,55949.0
1786723200,30066.5,30107.75,30050.5,30059.0,35076.0
1786726800,30059.25,30084.5,30046.5,30081.5,24808.0
1786730400,30081.25,30104.0,30062.5,30088.5,22037.0
1786734000,30088.5,30148.0,30076.0,30145.0,42656.0
1786737600,30144.25,30154.75,30127.25,30141.75,12668.0
1786917600,30192.25,30211.75,30187.25,30205.0,2259.0
1786921200,30205.25,30228.0,30191.5,30214.25,2942.0
1786924800,30215.0,30227.25,30185.5,30201.75,4791.0
1786928400,30201.0,30239.0,30187.0,30192.0,6107.0
1786932000,30192.0,30231.25,30185.25,30222.25,3766.0
1786935600,30223.0,30247.25,30220.75,30245.75,2436.0
1786939200,30246.75,30255.0,30233.0,30234.75,2579.0
1786942800,30234.5,30274.0,30230.5,30272.0,2782.0
1786946400,30273.25,30327.0,30266.75,30324.5,6668.0
1786950000,30324.75,30331.5,30261.0,30313.0,6432.0
1786953600,30312.0,30328.0,30283.75,30298.25,4128.0
1786957200,30298.25,30301.5,30267.75,30282.0,2765.0
1786960800,30282.0,30343.0,30276.0,30315.0,4967.0
1786964400,30313.75,30325.0,30286.0,30286.75,5161.0
1786968000,30286.75,30288.75,30180.0,30202.5,13331.0
1786971600,30202.5,30266.0,30165.5,30235.0,65005.0
1786975200,30234.75,30246.0,30155.25,30244.0,58590.0
1786978800,30244.0,30287.5,30207.75,30239.5,48025.0
1786982400,30239.75,30243.25,30175.25,30183.5,27229.0
1786986000,30183.5,30187.25,30086.5,30102.25,45204.0
1786989600,30102.0,30136.5,30079.25,30122.25,27860.0
1786993200,30122.5,30124.75,30066.5,30090.5,42354.0
1786996800,30091.0,30098.0,30054.5,30078.25,11567.0
1787004000,30077.0,30091.75,30062.25,30079.75,0.0
1787007600,30079.25,30103.0,30070.0,30094.5,3640.0
1787011200,30094.25,30121.25,30083.75,30098.0,5238.0
1787014800,30099.25,30110.0,29968.25,30012.5,12214.0
1787018400,30012.0,30022.0,29880.25,29908.25,15170.0
1787022000,29909.0,29915.5,29853.0,29900.0,9267.0
1787025600,29888.75,29927.25,29879.25,29918.0,6731.0
1787029200,29917.75,29918.5,29835.25,29842.0,6347.0
1787032800,29841.5,29896.0,29786.0,29893.0,9178.0
1787036400,29892.0,29896.5,29808.0,29810.75,6196.0
1787040000,29811.0,29814.25,29735.75,29765.5,11538.0
1787043600,29765.0,29778.0,29687.25,29733.0,9196.0
1787047200,29732.25,29752.75,29703.75,29739.0,5560.0
1787050800,29739.0,29775.75,29727.0,29747.25,7667.0
1787054400,29748.5,29786.0,29680.5,29713.0,12552.0
1787058000,29713.0,29769.75,29604.75,29646.25,91353.0
1787061600,29647.5,29705.75,29536.25,29547.75,101128.0
1787065200,29547.5,29641.0,29514.0,29637.0,66265.0
1787068800,29636.75,29670.75,29603.25,29649.75,43592.0
1787072400,29649.75,29660.75,29565.0,29565.75,31753.0
1787076000,29566.0,29615.0,29547.25,29571.25,33139.0
1787079600,29571.0,29610.0,29559.25,29586.5,52864.0
1787083200,29586.75,29596.75,29550.25,29559.5,11679.0
1787090400,29566.5,29593.5,29516.75,29519.5,0.0
1787094000,29520.0,29567.25,29514.25,29528.5,6379.0
1787097600,29527.5,29586.0,29442.0,29539.25,15813.0
1787101200,29538.25,29609.5,29530.25,29577.75,11218.0
1787104800,29579.0,29583.25,29514.0,29532.0,7168.0
1787108400,29532.0,29567.0,29516.25,29527.75,5486.0
1787112000,29517.0,29543.5,29463.75,29506.0,6215.0
1787115600,29506.75,29535.0,29446.0,29457.5,6452.0
1787119200,29456.5,29561.5,29430.5,29559.75,8898.0
1787122800,29558.75,29606.5,29520.25,29601.25,8889.0
1787126400,29600.25,29640.75,29593.0,29609.5,9876.0
1787130000,29606.25,29630.0,29536.5,29553.75,6056.0
1787133600,29553.25,29558.75,29510.75,29521.0,6083.0
1787137200,29522.5,29578.0,29506.75,29536.0,6807.0
1787140800,29535.0,29757.25,29511.5,29742.75,31881.0
1787144400,29743.0,29748.25,29406.5,29496.5,113638.0
1787148000,29496.25,29624.5,29375.75,29623.25,103103.0
1787151600,29623.0,29631.25,29550.25,29606.25,47462.0
1787155200,29607.25,29667.25,29553.0,29559.5,33657.0
1787158800,29560.0,29573.25,29510.5,29544.25,28169.0
1787162400,29544.0,29592.5,29492.0,29535.0,35069.0
1787166000,29535.25,29590.0,29485.25,29521.5,46634.0
1787169600,29522.0,29562.5,29514.25,29561.0,11297.0
1787176800,29561.5,29654.25,29556.5,29649.5,0.0
1787180400,29650.75,29689.75,29626.0,29628.5,5459.0
1787184000,29629.0,29675.75,29581.5,29669.75,8737.0
1787187600,29670.5,29684.25,29623.75,29642.25,6961.0
1787191200,29641.75,29683.25,29610.0,29630.25,5939.0
1787194800,29632.0,29657.25,29593.5,29613.0,4835.0
1787198400,29646.25,29656.0,29608.5,29615.0,3187.0
1787202000,29617.0,29641.0,29587.75,29605.5,3919.0
1787205600,29607.0,29686.5,29602.25,29672.5,5359.0
1787209200,29672.75,29672.75,29592.75,29594.5,6540.0
1787212800,29595.75,29605.5,29452.75,29475.75,12536.0
1787216400,29477.25,29546.75,29468.0,29528.25,4766.0
1787220000,29527.25,29567.0,29511.75,29566.0,5040.0
1787223600,29566.0,29582.25,29348.75,29362.0,16102.0
1787227200,29361.25,29375.0,29240.0,29346.0,26334.0
1787230800,29346.75,29470.25,29308.75,29354.0,94748.0
1787234400,29354.0,29433.5,29305.0,29392.75,88894.0
1787238000,29392.5,29457.5,29269.25,29329.75,63966.0
1787241600,29329.75,29389.0,29302.75,29380.0,35619.0
1787245200,29380.0,29382.0,29282.75,29292.75,31916.0
1787248800,29292.5,29293.0,29202.75,29243.75,42657.0
1787252400,29243.75,29335.25,29242.25,29305.75,56621.0
1787256000,29306.0,29320.5,29262.5,29317.25,12478.0
1787263200,29327.0,29345.75,29274.25,29323.0,0.0
1787266800,29321.5,29328.5,29286.75,29293.0,3882.0
1787270400,29292.5,29365.5,29289.75,29320.5,7793.0
1787274000,29320.5,29372.5,29291.75,29354.25,6831.0
1787277600,29353.75,29399.25,29343.25,29384.0,4373.0
1787281200,29384.0,29388.25,29342.75,29360.25,3854.0
1787284800,29362.0,29371.75,29321.25,29356.25,3821.0
1787288400,29358.25,29380.75,29340.25,29366.25,3063.0
1787292000,29365.5,29401.5,29354.5,29386.5,4135.0
1787295600,29386.0,29458.75,29380.5,29446.0,7630.0
1787299200,29447.25,29467.5,29390.5,29453.0,8269.0
1787302800,29454.0,29495.0,29411.5,29485.0,7908.0
1787306400,29485.75,29518.5,29470.25,29479.5,6055.0
1787310000,29480.0,29539.0,29452.75,29500.0,10483.0
1787313600,29499.5,29539.0,29477.75,29511.5,10234.0
1787317200,29511.75,29516.0,29255.75,29303.5,86765.0
1787320800,29303.25,29335.5,29220.0,29331.75,89500.0
1787324400,29332.0,29488.75,29326.75,29443.0,66504.0
1787328000,29443.5,29452.75,29380.75,29412.25,39482.0
1787331600,29412.0,29424.0,29376.25,29383.75,25533.0
1787335200,29383.25,29405.25,29353.75,29400.25,23863.0
1787338800,29400.0,29432.25,29375.25,29395.25,46650.0
1787342400,29395.75,29398.0,29367.75,29387.75,12305.0
1787522400,29321.0,29400.0,29313.0,29390.5,3991.0
1787526000,29390.5,29480.5,29384.0,29467.75,5278.0
1787529600,29466.5,29472.5,29335.0,29427.25,13064.0
1787533200,29425.75,29449.0,29321.0,29323.25,8236.0
1787536800,29321.5,29377.25,29301.25,29370.5,8807.0
1787540400,29371.25,29372.5,29261.25,29271.0,6970.0
1787544000,29272.25,29304.0,29263.0,29265.75,4453.0
1787547600,29265.5,29297.25,29188.0,29200.75,8547.0
1787551200,29200.25,29219.25,29120.5,29164.5,9683.0
1787554800,29164.5,29212.5,29130.75,29143.75,6849.0
1787558400,29146.25,29240.0,29116.75,29215.0,7475.0
1787562000,29215.75,29249.75,29201.0,29231.5,4503.0
1787565600,29231.75,29247.0,29179.5,29184.75,4818.0
1787569200,29185.25,29283.0,29145.75,29245.5,11076.0
1787572800,29245.5,29245.75,29171.5,29206.0,9655.0
1787576400,29205.75,29243.0,28946.75,29021.75,93149.0
1787580000,29022.25,29110.75,28953.5,29082.75,78823.0
1787583600,29083.25,29205.5,29038.75,29168.75,62148.0
1787587200,29169.0,29224.75,29156.75,29171.0,34989.0
1787590800,29171.25,29210.5,29116.5,29123.0,35896.0
1787594400,29123.75,29233.25,29123.0,29154.0,36083.0
1787598000,29153.75,29173.0,29095.5,29099.5,48592.0
1787601600,29099.25,29136.5,29080.75,29131.25,12521.0
1787608800,29140.5,29152.75,29111.5,29121.0,0.0
1787612400,29121.0,29128.25,29072.0,29096.25,4874.0
1787616000,29095.75,29146.0,29017.0,29126.5,11769.0
1787619600,29128.0,29155.5,29095.5,29128.25,7355.0
1787623200,29127.0,29168.25,29093.5,29101.75,7061.0
1787626800,29102.5,29190.0,29100.25,29157.75,6476.0
1787630400,29190.0,29217.25,29183.25,29198.75,4535.0
1787634000,29200.25,29241.0,29190.0,29232.0,6456.0
1787637600,29231.75,29288.5,29105.75,29263.25,6634.0
1787641200,29263.5,29290.75,29226.25,29231.75,6060.0
1787644800,29233.5,29326.0,29212.25,29301.75,8602.0
1787648400,29302.0,29425.75,29286.0,29392.5,10397.0
1787652000,29389.25,29410.25,29346.25,29358.5,6228.0
1787655600,29358.0,29390.5,29304.0,29373.0,8289.0
1787659200,29372.75,29409.5,29312.5,29334.0,11623.0
1787662800,29334.0,29414.75,29279.25,29312.75,86891.0
1787666400,29313.25,29315.0,29138.0,29232.5,89236.0
1787670000,29233.0,29309.75,29197.0,29262.0,48036.0
1787673600,29263.25,29299.75,29252.75,29274.75,31662.0
1787677200,29275.5,29279.0,29214.5,29227.25,27430.0
1787680800,29226.75,29275.0,29202.0,29255.5,29333.0
1787684400,29256.0,29289.5,29211.5,29270.25,43828.0
1787688000,29270.5,29313.5,29262.0,29287.5,14671.0
1787695200,29288.0,29309.75,29280.0,29284.5,0.0
1787698800,29284.25,29288.5,29207.0,29211.5,5024.0
1787702400,29210.25,29238.5,29110.5,29112.25,12864.0
1787706000,29113.0,29147.0,29096.0,29133.5,8970.0
1787709600,29133.5,29229.75,29119.25,29220.25,8128.0
1787713200,29221.5,29275.25,29205.0,29267.0,6230.0
1787716800,29265.25,29283.25,29217.25,29226.75,5480.0
1787720400,29227.75,29262.75,29226.0,29243.0,4125.0
1787724000,29242.25,29277.25,29203.5,29252.75,5348.0
1787727600,29252.25,29257.75,29185.75,29212.25,6211.0
1787731200,29213.0,29251.0,29185.0,29228.0,5449.0
1787734800,29227.75,29236.5,29191.25,29234.5,3127.0
1787738400,29234.25,29242.25,29188.75,29237.5,4063.0
1787742000,29237.5,29278.75,29186.0,29219.5,8102.0
1787745600,29220.75,29263.25,29133.25,29150.75,20810.0
1787749200,29151.75,29332.75,29133.5,29331.25,76687.0
1787752800,29331.5,29332.5,29156.75,29252.25,62604.0
1787756400,29251.75,29291.5,29215.5,29217.75,42815.0
1787760000,29217.75,29224.75,29170.0,29216.75,30678.0
1787763600,29216.0,29293.75,29210.5,29284.25,28943.0
1787767200,29284.5,29329.75,29264.75,29321.75,26599.0
1787770800,29321.25,29368.25,29280.25,29297.25,50395.0
1787774400,29297.0,29437.75,29283.25,29432.5,26430.0
1787781600,29499.5,29628.5,29499.25,29606.5,0.0
1787785200,29605.0,29653.0,29585.0,29646.5,5838.0
1787788800,29648.25,29654.75,29438.25,29445.75,15824.0
1787792400,29443.75,29554.25,29432.5,29529.75,11814.0
1787796000,29531.75,29560.5,29516.75,29548.75,5126.0
1787799600,29550.5,29575.75,29526.5,29534.25,4653.0
1787803200,29533.75,29551.75,29493.0,29497.25,3808.0
1787806800,29501.5,29504.25,29428.5,29438.75,7418.0
1787810400,29437.5,29500.0,29401.75,29499.5,8110.0
1787814000,29498.75,29549.75,29477.25,29539.5,8818.0
1787817600,29538.75,29662.0,29537.0,29623.75,12656.0
1787821200,29624.75,29634.5,29568.0,29602.0,9860.0
1787824800,29602.25,29606.25,29568.25,29597.5,4943.0
1787828400,29599.0,29630.0,29514.75,29558.5,9332.0
1787832000,29557.75,29590.5,29515.5,29522.5,11165.0
1787835600,29522.0,29605.0,29423.75,29483.0,106884.0
1787839200,29484.0,29623.5,29478.5,29601.5,79975.0
1787842800,29601.75,29635.0,29511.5,29598.0,53352.0
1787846400,29597.25,29659.5,29570.0,29651.75,35409.0
1787850000,29652.0,29678.5,29607.0,29611.5,34362.0
1787853600,29612.0,29622.0,29526.5,29571.25,43554.0
1787857200,29571.5,29704.5,29567.0,29691.75,57501.0
1787860800,29691.75,29708.0,29620.5,29635.25,16898.0
1787868000,29635.5,29644.75,29600.0,29634.75,0.0
1787871600,29633.5,29637.5,29592.0,29600.75,3847.0
1787875200,29601.75,29667.25,29594.25,29645.0,8697.0
1787878800,29645.75,29679.75,29641.75,29677.75,6044.0
1787882400,29678.75,29703.0,29644.75,29663.75,5237.0
1787886000,29664.75,29707.0,29640.25,29671.5,5508.0
1787889600,29646.0,29669.75,29636.25,29641.75,3234.0
1787893200,29642.0,29643.75,29597.25,29598.25,4500.0
1787896800,29599.0,29645.25,29594.5,29645.25,5361.0
1787900400,29645.25,29653.5,29593.0,29607.0,6053.0
1787904000,29607.0,29633.5,29578.25,29619.75,6685.0
1787907600,29619.0,29620.5,29595.75,29605.5,3037.0
1787911200,29606.0,29625.0,29593.25,29622.0,3428.0
1787914800,29622.25,29640.0,29597.5,29603.5,4686.0
1787918400,29601.5,29665.0,29597.5,29659.0,9206.0
1787922000,29659.0,29703.25,29562.75,29629.0,70286.0
1787925600,29632.0,29799.0,29505.0,29796.5,123682.0
1787929200,29796.5,29811.5,29544.25,29552.5,81202.0
1787932800,29553.0,29593.0,29464.5,29501.25,75525.0
1787936400,29502.0,29529.25,29436.25,29514.75,45161.0
1787940000,29515.75,29521.5,29441.0,29455.5,30719.0
1787943600,29456.0,29521.5,29443.5,29496.0,54315.0
1787947200,29496.5,29519.25,29478.25,29491.75,11920.0
1788127200,29457.25,29495.0,29428.0,29442.5,5368.0
1788130800,29442.5,29449.25,29289.0,29289.75,12425.0
1788134400,29291.0,29398.5,29273.5,29357.0,11982.0
1788138000,29358.25,29358.25,29292.5,29327.0,10889.0
1788141600,29325.75,29362.75,29287.0,29344.25,9372.0
1788145200,29346.0,29367.25,29336.75,29348.75,3901.0
1788148800,29352.5,29423.75,29333.75,29414.75,4605.0
1788152400,29415.0,29477.25,29407.75,29462.25,6867.0
1788156000,29462.0,29528.5,29448.75,29517.75,6994.0
1788159600,29516.25,29522.75,29493.5,29508.25,3333.0
1788163200,29508.5,29535.0,29475.0,29485.0,6284.0
1788166800,29485.25,29509.25,29445.5,29450.5,4021.0
1788170400,29451.5,29471.5,29440.5,29458.75,4038.0
1788174000,29458.25,29471.0,29425.25,29429.75,5623.0
1788177600,29429.75,29486.0,29380.0,29389.0,12772.0
1788181200,29389.5,29516.75,29377.5,29438.75,75167.0
1788184800,29439.25,29447.75,29355.0,29416.0,65092.0
1788188400,29415.25,29445.75,29383.0,29388.75,45680.0
1788192000,29389.25,29443.25,29362.5,29440.5,35063.0
1788195600,29440.0,29457.5,29388.0,29442.0,26059.0
1788199200,29442.0,29464.25,29382.5,29403.75,28413.0
1788202800,29404.5,29538.25,29403.5,29506.0,57639.0
1788206400,29506.5,29527.5,29503.75,29521.0,11333.0
1788213600,29518.25,29522.5,29491.0,29493.5,0.0
1788217200,29493.25,29519.5,29486.0,29501.25,3460.0
1788220800,29503.25,29521.75,29478.25,29506.0,7411.0
1788224400,29506.0,29516.25,29475.0,29499.75,6488.0
1788228000,29498.0,29502.75,29434.75,29492.0,6681.0
1788231600,29491.5,29493.75,29459.25,29482.75,3575.0
1788235200,29485.0,29503.0,29466.0,29473.75,4424.0
1788238800,29473.25,29571.25,29447.25,29561.5,8275.0
1788242400,29561.75,29568.0,29513.75,29515.75,6012.0
1788246000,29515.5,29556.75,29430.0,29436.25,9937.0
1788249600,29436.25,29449.0,29231.0,29235.25,19134.0
1788253200,29235.75,29243.25,29184.25,29212.5,10004.0
1788256800,29212.5,29257.75,29197.25,29210.0,7440.0
1788260400,29209.25,29238.0,29167.75,29172.5,10016.0
1788264000,29171.5,29179.5,29122.25,29125.75,17016.0
1788267600,29125.75,29158.0,29040.25,29105.0,85142.0
1788271200,29106.0,29268.0,29085.25,29228.0,74389.0
1788274800,29228.5,29317.75,29178.25,29296.25,52871.0
1788278400,29295.5,29300.75,29131.25,29191.75,57429.0
1788282000,29191.25,29191.75,29100.5,29140.75,34351.0
1788285600,29139.75,29151.5,29002.0,29076.0,44616.0
1788289200,29075.5,29141.0,29070.5,29126.0,57287.0
1788292800,29126.0,29159.0,29113.5,29139.0,16464.0
1788300000,29136.5,29149.0,29102.25,29132.0,0.0
1788303600,29129.75,29148.25,29119.0,29134.5,2602.0
1788307200,29135.75,29170.0,29102.0,29104.0,8776.0
1788310800,29103.25,29129.5,29047.75,29075.5,9720.0
1788314400,29075.5,29100.0,29044.5,29084.25,5707.0
1788318000,29086.5,29089.5,29046.25,29054.0,3688.0
1788321600,29054.75,29065.0,29035.5,29058.25,3423.0
1788325200,29059.0,29104.25,29037.5,29073.0,5234.0
1788328800,29072.25,29098.25,29016.5,29077.25,7071.0
1788332400,29077.0,29120.75,29050.0,29061.75,6575.0
1788336000,29062.25,29097.25,28954.5,28977.75,8128.0
1788339600,28977.25,29027.5,28940.5,28973.25,8048.0
1788343200,28972.75,28996.0,28947.25,28988.0,5576.0
1788346800,28987.75,29084.5,28927.25,29084.5,13836.0
1788350400,29083.75,29149.5,29032.75,29040.0,16136.0
1788354000,29040.25,29119.0,29017.25,29062.25,68213.0
1788357600,29061.75,29213.0,29032.25,29120.25,75731.0
1788361200,29119.5,29208.5,29106.25,29185.25,49093.0
1788364800,29184.5,29198.5,29137.0,29155.0,26768.0
1788368400,29154.75,29182.5,29125.25,29158.75,29364.0
1788372000,29159.5,29199.75,29130.25,29145.5,29165.0
1788375600,29145.75,29197.25,29139.0,29190.25,35805.0
1788379200,29190.5,29212.0,29139.25,29141.0,13750.0
1788386400,29177.0,29208.75,29148.0,29180.5,0.0
1788390000,29180.75,29213.0,29167.5,29201.25,4232.0
1788393600,29200.75,29201.75,29141.0,29151.0,5789.0
1788397200,29150.75,29200.75,29136.25,29137.5,7603.0
1788400800,29136.75,29199.0,29132.75,29180.75,5270.0
1788404400,29182.25,29243.0,29179.5,29232.0,5132.0
1788408000,29245.5,29255.0,29204.5,29207.5,3927.0
1788411600,29207.25,29208.5,29075.0,29188.75,14665.0
1788415200,29188.5,29203.25,29159.5,29174.25,6125.0
1788418800,29173.25,29245.5,29160.0,29220.25,7961.0
1788422400,29220.25,29292.75,29213.25,29216.25,11678.0
1788426000,29218.5,29225.75,29126.5,29137.75,5771.0
1788429600,29138.0,29158.5,29105.5,29128.0,6654.0
1788433200,29129.0,29186.75,29101.0,29105.5,10085.0
1788436800,29105.5,29258.75,29104.0,29244.5,19739.0
1788440400,29243.75,29375.5,29194.25,29333.0,90850.0
1788444000,29331.75,29368.0,29241.75,29363.5,89183.0
1788447600,29363.25,29542.5,29362.25,29538.0,76136.0
1788451200,29538.75,29544.0,29483.0,29528.0,34985.0
1788454800,29528.25,29552.5,29476.0,29543.75,29256.0
1788458400,29551.5,29584.25,29551.5,29568.25,30688.0
1788462000,29568.25,29570.5,29509.25,29530.75,49329.0
1788465600,29530.75,29536.25,29499.25,29502.25,10888.0
1788472800,29505.0,29512.75,29482.0,29508.75,0.0
1788476400,29508.25,29516.75,29498.25,29504.0,2131.0
1788480000,29503.75,29542.25,29495.0,29530.75,5248.0
1788483600,29530.0,29548.75,29516.25,29548.0,5094.0
1788487200,29547.75,29568.0,29537.25,29564.5,3654.0
1788490800,29563.25,29578.75,29557.25,29571.5,2783.0
1788494400,29564.25,29601.25,29563.0,29598.25,3732.0
1788498000,29597.5,29643.0,29591.5,29620.75,6163.0
1788501600,29620.25,29643.75,29574.0,29576.75,5976.0
1788505200,29577.75,29658.25,29575.25,29652.25,5850.0
1788508800,29653.75,29673.0,29635.5,29658.5,5651.0
1788512400,29657.5,29661.75,29616.5,29657.25,4102.0
1788516000,29656.75,29704.5,29653.25,29680.0,4456.0
1788519600,29681.5,29690.0,29650.75,29683.25,4706.0
1788523200,29682.0,29694.0,29502.0,29546.5,29936.0
1788526800,29547.0,29691.75,29523.0,29691.0,76527.0
1788530400,29690.5,29691.0,29498.75,29521.0,84615.0
1788534000,29520.0,29543.0,29478.0,29515.0,51833.0
1788537600,29514.75,29595.75,29505.0,29576.0,35291.0
1788541200,29576.25,29580.5,29468.0,29491.75,35481.0
1788544800,29491.5,29542.5,29471.25,29538.75,28409.0
1788548400,29538.75,29586.5,29506.75,29569.25,45439.0
1788552000,29568.75,29569.0,29514.5,29565.25,13023.0
1788840000,29742.75,29764.75,29728.25,29737.25,6061.0
1788843600,29738.5,29739.75,29610.0,29612.25,12567.0
1788847200,29612.25,29622.25,29545.5,29600.25,12844.0
1788850800,29601.0,29638.75,29529.75,29535.5,9864.0
1788854400,29534.5,29541.25,29477.75,29507.0,12543.0
1788858000,29507.0,29600.5,29484.5,29599.75,6874.0
1788861600,29600.0,29649.0,29546.5,29568.0,8133.0
1788865200,29568.5,29601.75,29533.5,29601.0,8244.0
1788868800,29601.0,29654.75,29548.0,29654.0,11222.0
1788872400,29653.75,29686.5,29455.25,29502.75,87172.0
1788876000,29503.25,29563.5,29424.75,29563.0,75025.0
1788879600,29563.0,29645.25,29545.5,29604.25,51485.0
1788883200,29604.25,29622.0,29549.5,29573.5,37588.0
1788886800,29572.75,29641.5,29572.0,29590.0,27041.0
1788890400,29590.5,29615.5,29519.75,29576.25,37270.0
1788894000,29576.25,29586.25,29496.0,29543.5,51248.0
1788897600,29543.0,29550.75,29503.5,29525.75,13522.0
1788904800,29526.5,29547.0,29503.0,29544.75,0.0
1788908400,29544.5,29546.5,29489.75,29498.5,4529.0
1788912000,29500.75,29564.0,29499.5,29559.75,9768.0
1788915600,29559.75,29608.5,29555.75,29593.25,8934.0
1788919200,29593.5,29625.5,29583.25,29611.0,5853.0
1788922800,29611.5,29613.75,29560.5,29566.75,5595.0
1788926400,29577.0,29620.25,29549.0,29614.0,6336.0
1788930000,29614.5,29621.5,29562.0,29621.25,5742.0
1788933600,29621.75,29633.75,29578.0,29579.5,6478.0
1788937200,29581.5,29614.0,29558.0,29588.0,7843.0
1788940800,29589.5,29609.0,29538.75,29564.75,7183.0
1788944400,29565.0,29575.0,29388.75,29400.5,11183.0
1788948000,29401.0,29432.25,29368.25,29391.5,13408.0
1788951600,29392.0,29452.0,29376.5,29396.75,13260.0
1788955200,29397.0,29404.0,29333.0,29390.5,14994.0
1788958800,29390.75,29567.25,29382.5,29558.5,73718.0
1788962400,29558.25,29593.75,29459.5,29528.25,75047.0
1788966000,29528.75,29562.25,29358.0,29448.0,82314.0
1788969600,29448.25,29478.0,29386.75,29458.0,36660.0
1788973200,29457.5,29483.75,29428.25,29468.75,27619.0
1788976800,29468.25,29474.0,29436.75,29447.5,22430.0
1788980400,29448.0,29471.25,29423.25,29454.5,37281.0
1788984000,29455.0,29460.0,29428.75,29460.0,11856.0
1788991200,29458.5,29472.75,29423.75,29431.5,0.0
1788994800,29430.5,29470.75,29416.25,29463.5,3373.0
1788998400,29464.5,29480.25,29408.0,29412.0,8586.0
1789002000,29413.5,29426.25,29364.0,29410.5,10206.0
1789005600,29411.0,29423.25,29373.0,29418.25,5559.0
1789009200,29418.75,29437.0,29388.25,29424.5,4851.0
1789012800,29427.25,29462.5,29423.0,29458.75,3015.0
1789016400,29459.5,29508.25,29448.5,29484.75,5536.0
1789020000,29484.0,29492.5,29435.25,29476.25,6244.0
1789023600,29476.75,29478.25,29417.25,29445.0,5377.0
1789027200,29443.75,29460.25,29405.25,29414.0,5839.0
1789030800,29412.5,29431.0,29359.25,29406.5,5715.0
1789034400,29405.75,29423.75,29363.5,29376.0,6681.0
1789038000,29375.0,29376.0,29262.75,29264.5,11375.0
1789041600,29264.25,29278.25,29043.25,29056.5,40463.0
1789045200,29058.0,29098.25,29054.75,29082.75,4764.0
1789045617,29081.5,29081.5,29081.5,29081.5,0.0
