ts,open,high,low,close,volume
1770814800,189.45115226696967,192.161779482718,188.9778869943765,191.26490038034544,16277.783109499873
1770818400,191.26490038034544,193.5741224855492,191.0050628252613,191.3090131709496,47260.491119729246
1770822000,191.3090131709496,193.6599690134803,189.0667998949831,191.67986190016697,71481.84332699614
1770825600,191.67986190016697,194.04693925479248,190.88284784012717,191.111883888473,121026.01324139695
1770829200,191.111883888473,192.88346563632797,190.5722226146665,192.37926631993068,29769.910788215973
1770832800,192.37926631993068,192.57612468742724,190.9111105228476,191.7652090780445,7342.673621558712
1770836400,191.7652090780445,192.36134063760755,191.4867943165115,192.05562298396333,2721.577824585312
1770840000,192.05562298396333,192.056533833406,189.3497977196896,189.7008235339304,170289.67173897443
1770843600,189.7008235339304,190.1190110226301,186.9602737829817,190.10121410128485,335151.19549963647
1770847200,190.10121410128485,190.10121410128485,189.46273802347235,189.970159523831,1045.6289550615916
1770850800,189.970159523831,190.3234469165109,189.6369269665684,189.6369269665684,2859.3901409656582
1770854400,189.6369269665684,190.19357989354455,189.6369269665684,190.19357989354455,707.2831391340916
1770858000,190.19357989354455,190.53111380884212,190.19357989354455,190.53111380884212,798.5351027593293
1770861600,190.53111380884212,190.53111380884212,189.857742719746,190.10082255203156,104.7955610954416
1770865200,190.10082255203156,190.33876780741497,190.10082255203156,190.1411484274615,683.6659047785603
1770868800,190.1411484274615,191.0748025284321,189.9555779383209,190.44974125439668,1681.1228741295156
1770872400,190.44974125439668,190.4709875404032,190.24493230381245,190.38773201307544,114.38364473424654
1770876000,190.38773201307544,190.43174121956707,189.9489086755934,189.9489086755934,1522.8174899232458
1770879600,189.9489086755934,190.8755936561084,189.9489086755934,190.8755936561084,2436.529014229454
1770883200,190.8755936561084,191.0683339550544,190.3095709322608,190.5282296255784,2291.5948391981965
1770886800,190.5282296255784,191.2359887431813,190.5282296255784,190.9848754540027,2917.274883860276
1770890400,190.9848754540027,191.6767222040801,190.77516066696265,190.9956432314713,99.79466597345204
1770894000,190.9956432314713,191.86961593120088,190.9956432314713,191.86961593120088,1517.3547972404676
1770897600,191.86961593120088,192.35582579973112,191.0582753396164,192.1102241916473,2628.833552554229
1770901200,192.1102241916473,192.13565747457272,191.23680232133296,191.8780854060966,2510.050455144404
1770904800,191.8780854060966,192.7182067584013,190.9047721252494,191.51418443073115,20750.77746364552
1770908400,191.51418443073115,191.92737534476996,189.4111219862853,189.8571055463769,21167.71212916714
1770912000,189.8571055463769,189.8571055463769,187.6956400909109,189.0014924992457,24286.84409911707
1770915600,189.0014924992457,190.43697669103352,188.74041076612093,189.9481926687156,7329.400272260903
1770919200,189.9481926687156,189.9481926687156,188.83742509139643,189.8057911124448,10193.396818288462
1770922800,189.8057911124448,189.8057911124448,188.3632429336279,188.36963614481945,6013.607559878967
1770926400,188.36963614481945,188.6743324086592,186.7753421637804,186.7753421637804,12277.403527129689
1770930000,186.7753421637804,188.11064131290104,186.7753421637804,187.49747152041903,8720.911756458449
1770933600,187.49747152041903,187.74563012937352,187.23884053579596,187.4647612167965,821.6189393408993
1770937200,187.4647612167965,188.14684457324807,187.26367040594408,187.8530709065202,3885.615685480062
1770940800,187.8530709065202,188.3747580900502,187.0092797987284,187.0092797987284,5024.171548515486
1770944400,187.0092797987284,187.30954057444012,186.91585581961175,187.180578682476,832.6022378019256
1770948000,187.180578682476,188.22362901127647,187.180578682476,187.57373738494468,3269.018647543281
1770951600,187.57373738494468,187.77724643128207,187.0933297412365,187.6789902951521,2435.590732010196
1770955200,187.6789902951521,187.79159884272465,187.43178806227755,187.6120274042733,113.35493302165976
1770958800,187.6120274042733,187.96346722955093,186.3862773155616,187.2367903643907,3955.5257713082497
1770962400,187.2367903643907,187.2367903643907,186.0627099777235,186.1885141380348,6434.383667920492
1770966000,186.1885141380348,187.4089659123484,186.0652214437615,187.0034293136295,4148.158359694466
1770969600,187.0034293136295,187.03616344106888,186.07051510999676,187.03616344106888,3475.1743836405235
1770973200,187.03616344106888,188.1346395004224,186.93066000131864,187.92080780925457,8732.113444013015
1770976800,187.92080780925457,187.92080780925457,186.9348428564215,187.4092020449771,4483.890909193357
1770980400,187.4092020449771,187.59057239906076,186.29692072511716,186.29692072511716,6454.815319228123
1770984000,186.29692072511716,186.99479252330772,186.29692072511716,186.99479252330772,2582.3319922744
1770987600,186.99479252330772,187.90667220372703,186.07813608419897,187.8713493782188,17062.239114117492
1770991200,187.8713493782188,188.3575598673539,182.68637255787465,182.68637255787465,90319.5615886879
1770994800,182.68637255787465,184.9737676517313,181.9803595888264,183.3949932267792,44022.82877942653
1770998400,183.3949932267792,184.22336971933797,182.22483990788837,183.95106007463065,21339.495784950333
1771002000,183.95106007463065,185.04731229429845,183.70583648766896,184.3100642182012,9069.344307632924
1771005600,184.3100642182012,184.9076362232377,183.208128582554,184.36966360677545,12085.167722413678
1771009200,184.36966360677545,184.51154590290656,183.18963211007824,183.18963211007824,9936.529941108354
1771012800,183.18963211007824,183.5480090858492,181.56828293239184,182.790704635332,14936.073107800035
1771016400,182.790704635332,183.07132370608144,182.790704635332,182.91409342703164,834.5711468910888
1771020000,182.91409342703164,183.3044232922604,182.91409342703164,183.3044232922604,249.53477870529156
1771027200,183.3044232922604,183.3044232922604,182.54087584722583,182.60724732916404,210.28615288292897
1771030800,182.60724732916404,183.30012267449408,182.60724732916404,183.10280051381903,62.50470506653695
1771034400,183.10280051381903,183.50586063617664,182.60619178193068,182.60619178193068,4.450108057319158
1771038000,182.60619178193068,183.05435861271525,182.5416785988575,182.54578284836376,202.09586240620183
1771045200,182.54578284836376,183.2579902315217,182.54578284836376,183.2579902315217,42.42806032833282
1771052400,183.2579902315217,183.2579902315217,182.67510012181356,183.22346401243144,287.7414553783194
1771056000,183.22346401243144,183.38683449127367,182.6860904390228,183.13171961579204,631.3120866565239
1771059600,183.13171961579204,183.83495511992103,183.096819233979,183.096819233979,487.1089227680157
1771063200,183.096819233979,183.61916146807255,183.096819233979,183.61916146807255,514.7551053291774
1771066800,183.61916146807255,183.7076713418439,182.8995216362695,183.10431876508608,410.682565608593
1771070400,183.10431876508608,183.7921472608346,182.90764089939097,182.9603649480141,1847.939470867087
1771074000,182.9603649480141,183.54918134307695,182.793516126587,183.10184364618212,6631.675626041576
1771077600,183.10184364618212,183.14240599671385,182.4871502563776,182.52952289578965,1064.7044794267292
1771081200,182.52952289578965,184.66359960785135,182.52952289578965,183.13383100444025,412.9928257804367
1771084800,183.13383100444025,183.80813036492745,182.64198050357945,183.07704400328936,860.7835328419476
1771088400,183.07704400328936,183.5534123411128,183.07704400328936,183.2186356498632,529.1723278326738
1771092000,183.2186356498632,183.51217314012277,183.2186356498632,183.51217314012277,2.0878190582839737
1771102800,183.51217314012277,183.6208587228918,182.75098192951995,182.75098192951995,3007.80798746349
1771113600,182.75098192951995,183.52176234071385,182.75098192951995,183.41798435965885,69.23834212974478
1771128000,183.41798435965885,183.5649685419784,182.7418284943326,183.5649685419784,194.85742686193248
1771131600,183.5649685419784,183.5649685419784,182.9634546852324,182.9634546852324,562.3868425947388
1771135200,182.9634546852324,183.5813582687719,182.9131522462793,182.9131522462793,80.92436293010937
1771142400,182.9131522462793,183.7048822802221,182.5101958105384,182.94906051509648,725.4945096773979
1771146000,182.94906051509648,183.22537481395744,182.94906051509648,183.22537481395744,6.699062334649186
1771149600,183.22537481395744,183.39089226808676,183.1062906262425,183.22965570873865,69.51905217926391
1771156800,183.22965570873865,183.64781044183695,182.6296036138371,183.28306970075968,545.6820384415389
1771160400,183.28306970075968,183.3265191555567,182.8497547027855,183.23714482541567,328.2781573943613
1771164000,183.23714482541567,183.3264560219604,183.11575604407815,183.3264560219604,37.88716264763061
1771167600,183.3264560219604,183.3264560219604,182.3253935391687,182.70490336718436,1205.36379766026
1771171200,182.70490336718436,183.05152213964632,182.3153801917039,182.3153801917039,172.60482230049848
1771174800,182.3153801917039,183.83115145518863,182.0972208941292,182.1282403679855,1773.584741177883
1771178400,182.1282403679855,182.89285240001823,182.1282403679855,182.46003126129048,395.3442516267767
1771182000,182.46003126129048,182.98360279279007,182.28300904406095,182.62715556500407,453.4515642966559
1771185600,182.62715556500407,182.7433530061483,182.1444422604617,182.20179525768395,757.6821140604304
1771196400,182.20179525768395,182.86325070711013,181.96789455005447,181.96789455005447,455.8261572446449
1771200000,181.96789455005447,182.6276712084429,181.96789455005447,182.55353552126155,101.02156472098932
1771203600,182.55353552126155,182.87960041293297,182.01358454488272,182.01358454488272,1052.717144234503
1771207200,182.01358454488272,183.09194829085024,182.01358454488272,182.66626454945128,17902.761376463204
1771210800,182.66626454945128,182.70495567256927,182.2856354899216,182.2856354899216,24.975436366421064
1771218000,182.2856354899216,182.75277707398857,182.2856354899216,182.75277707398857,77.29903442409677
1771225200,182.75277707398857,183.1212758699602,182.14693230563068,182.9397621420201,1521.571560567964
1771228800,182.9397621420201,182.9397621420201,182.3624214586445,182.7085820081063,1628.4504657045836
1771232400,182.7085820081063,182.94207800066545,182.54042720370825,182.94207800066545,537.5155080888636
1771239600,182.94207800066545,183.36242764997223,182.4039056081949,182.4039056081949,574.025247186913
1771246800,182.4039056081949,183.7009644906072,182.4039056081949,182.92088798631897,1478.601230247895
1771250400,182.92088798631897,183.0611814906493,182.05091543086763,182.6624493090854,2935.581938671196
1771254000,182.6624493090854,183.1772154014845,182.0760407871258,182.0760407871258,1024.030232138571
1771257600,182.0760407871258,182.13038700517492,181.369259262324,182.13038700517492,2071.609645634179
1771261200,182.13038700517492,182.33787587488732,181.27933877249805,181.79557131268567,2487.505729090345
1771264800,181.79557131268567,182.6028795867669,181.53582791528464,182.49638634884184,1614.3159636702849
1771268400,182.49638634884184,182.49638634884184,181.30902375733436,182.11390423751928,2550.191282791035
1771272000,182.11390423751928,182.25102421150177,181.1956370279384,181.6637775187813,1625.3142342873175
1771275600,181.6637775187813,182.0622598273595,181.0544174513696,181.6114323097212,2050.560527981226
1771279200,181.6114323097212,182.31997747065145,181.05595213277545,181.74938205211637,2917.5188911723426
1771282800,181.74938205211637,182.10039846158048,181.29434630786247,181.9354705695246,4525.993611106406
1771286400,181.9354705695246,182.51183665777228,181.9354705695246,182.41247187125637,580.5297803957077
1771290000,182.41247187125637,184.3750069504899,182.11241008170285,182.25988739391667,24495.663060901923
1771293600,182.25988739391667,182.5413895587769,181.0625112884997,181.98832624806528,3479.0964747070548
1771297200,181.98832624806528,182.0292234957396,181.45477411298344,181.45477411298344,4820.748662704928
1771300800,181.45477411298344,181.5841909891874,181.0518451999348,181.57969768324728,635.0764649588156
1771304400,181.57969768324728,181.57969768324728,180.2790087235226,181.02498907685904,5020.84904209706
1771308000,181.02498907685904,181.75451373237163,180.7936388317977,181.75451373237163,2985.913062371721
1771311600,181.75451373237163,181.79981629416204,181.3783740058802,181.61335798314835,1818.7380410634064
1771315200,181.61335798314835,182.7501703095824,180.84881787835445,181.4822321861052,4236.674751086921
1771318800,181.4822321861052,182.21065710482907,181.45437115979124,181.61879348672264,1990.109454721539
1771322400,181.61879348672264,182.1328026263254,181.013962237486,181.4074835832642,4482.00441682718
1771326000,181.4074835832642,181.4074835832642,180.7429690281511,180.9439176868014,5236.054667072877
1771329600,180.9439176868014,181.7630873253407,180.78178221172357,181.6418547934528,8815.68539525692
1771333200,181.6418547934528,181.6418547934528,180.24694272708345,181.48138745540945,9643.602042367642
1771336800,181.48138745540945,183.4473874525422,179.38793524579734,179.56518297739737,72574.85793628202
1771340400,179.56518297739737,181.4265756773301,179.2015911578264,181.0934868631747,29993.23930546624
1771344000,181.0934868631747,185.54723044143944,180.98039809510144,184.377952561626,24439.91604993197
1771347600,184.377952561626,184.636045772802,183.5237170543796,184.636045772802,11838.26113552517
1771351200,184.636045772802,185.8032264973545,183.9045204008664,185.5439211010689,8195.02827663981
1771354800,185.5439211010689,187.24324599391025,185.4562768424572,186.47992951742305,12531.235103554398
1771358400,186.47992951742305,186.47992951742305,184.53569674551352,184.5699806381992,9287.568153179587
1771362000,184.5699806381992,188.14304296907173,184.5699806381992,186.48599308796625,60939.56381636682
1771365600,186.48599308796625,186.58738125625592,186.33453650728472,186.5663084136605,1257.5357997042531
1771369200,186.5663084136605,187.07202250276595,186.1133192997066,186.1133192997066,5893.253629708775
1771372800,186.1133192997066,186.1133192997066,185.71572522050676,186.08605061409196,1593.4110238733306
1771376400,186.08605061409196,186.46796857172387,186.0113063273671,186.36202805864468,975.7414563837171
1771380000,186.36202805864468,186.9978653801146,185.7234446349645,186.9978653801146,3066.398237076892
1771383600,186.9978653801146,187.03771881059484,186.05268993239665,187.03771881059484,5632.216750167275
1771387200,187.03771881059484,187.82777388403736,187.0356357422649,187.73374475245768,3195.7594725261624
1771390800,187.73374475245768,187.8723453536247,187.2185635817822,187.2185635817822,1500.3611491309512
1771394400,187.2185635817822,187.2185635817822,186.92095560618876,186.92598219048668,71.4554642875218
1771398000,186.92598219048668,187.57370025390043,186.7031245484825,187.08601128657577,216.03840628803616
1771401600,187.08601128657577,187.9105052594912,186.9314348638765,187.9105052594912,328.7155074235596
1771405200,187.9105052594912,188.33681152298476,187.69791526778783,188.33681152298476,6071.642788045353
1771408800,188.33681152298476,188.8874954125478,188.24589301311627,188.4077423466943,1481.5416225117067
1771412400,188.4077423466943,188.5613909261114,188.09238695397028,188.34051112860797,1481.0753731609216
1771416000,188.34051112860797,189.27256452168209,187.62359992644988,187.62359992644988,4727.225639443
1771419600,187.62359992644988,189.067920054272,187.62359992644988,188.5616118017781,7061.008953052769
1771423200,188.5616118017781,188.9356141164691,187.382406608819,188.83621333088595,26495.86287608507
1771426800,188.83621333088595,190.4980251926624,188.4810500264024,190.494726939974,18477.14241945239
1771430400,190.494726939974,190.95045610540504,189.2460260632032,189.2460260632032,31185.3143568769
1771434000,189.2460260632032,189.6703566743961,188.83771371219632,189.6703566743961,3161.2206568143824
1771437600,189.6703566743961,190.3044514980341,188.1500000518756,188.7318483480315,27014.29092294603
1771441200,188.7318483480315,188.74628949071212,187.4747089387733,187.4747089387733,12332.42771338318
1771444800,187.4747089387733,188.3672617399914,186.8392934013082,188.0143933805516,9961.391521792042
1771448400,188.0143933805516,188.2086676029576,187.5071696754125,187.5071696754125,436.1740164503378
1771452000,187.5071696754125,187.8883214626557,187.5071696754125,187.8883214626557,398.64157692611786
1771459200,187.8883214626557,187.8883214626557,187.6966701953374,187.70833992552312,20.58947642316444
1771462800,187.70833992552312,188.00924630396185,187.2470880537477,188.00924630396185,187.95582647486472
1771466400,188.00924630396185,188.00924630396185,187.8800051005512,187.8800051005512,3.205084532257896
1771470000,187.8800051005512,188.48651225350724,187.7294795586129,188.48651225350724,14.402929905668838
1771477200,188.48651225350724,188.48651225350724,187.96366594862195,187.96366594862195,868.4964877060473
1771480800,187.96366594862195,189.15579596314893,187.8368819164652,189.15579596314893,3345.505644140133
1771484400,189.15579596314893,189.15579596314893,188.8538390646013,188.9363539946304,798.6938305955671
1771488000,188.9363539946304,189.3095411441945,188.61393536161088,188.7251880720912,4105.687367556986
1771491600,188.7251880720912,188.7251880720912,187.73958535384247,187.8323095826472,6626.177824077287
1771495200,187.8323095826472,187.9830193862596,186.7807577225091,187.0635629901904,1855.079540193124
1771498800,187.0635629901904,187.47218631445187,187.0635629901904,187.16302276856848,99.0446418375186
1771502400,187.16302276856848,187.37110489168677,187.16302276856848,187.37110489168677,827.0204499536534
1771506000,187.37110489168677,187.7330002673897,186.9500177354037,186.9500177354037,426.9375118142172
1771509600,186.9500177354037,187.2684063996354,185.8388512995599,187.2684063996354,13741.914276889996
1771513200,187.2684063996354,188.41582222465823,186.51906546358512,187.3636376638569,19855.79789207872
1771516800,187.3636376638569,188.1372915466837,186.8079011314369,186.86380557419236,9486.60580801721
1771520400,186.86380557419236,187.1985575789626,186.13327929424588,186.4974700638042,11410.13443643657
1771524000,186.4974700638042,186.51182778520305,185.63064729292503,186.2591592898136,1206.2657708815557
1771527600,186.2591592898136,187.669426981228,186.2591592898136,186.9400515013042,6629.760514295858
1771531200,186.9400515013042,188.16196340725625,186.64140003375155,188.16196340725625,6526.641532040765
1771534800,188.16196340725625,188.16196340725625,187.51315957359375,187.6016333567029,5476.119535279588
1771538400,187.6016333567029,187.95383600634864,187.00058820503185,187.00058820503185,1073.9281684948332
1771542000,187.00058820503185,187.66965090442628,187.00058820503185,187.66965090442628,243.78585859560255
1771545600,187.66965090442628,188.4066034480489,187.05638148948896,188.4066034480489,1420.3736956331231
1771549200,188.4066034480489,188.44357581922037,188.02963215480548,188.44357581922037,1199.354352471861
1771560000,188.44357581922037,188.44357581922037,187.99514236639595,188.1624095853746,127.28691552238048
1771563600,188.1624095853746,188.524995567481,188.1624095853746,188.524995567481,1109.7180352685343
1771567200,188.524995567481,188.524995567481,187.55084212997028,187.55084212997028,689.2647240302156
1771574400,187.55084212997028,188.23795468199205,187.55084212997028,188.23795468199205,114.67413845687152
1771578000,188.23795468199205,188.88483203834411,187.5049754022009,188.2658878588888,4945.265288407652
1771585200,188.2658878588888,188.85773922126432,187.5927938340797,187.9643966931399,5797.336796153155
1771588800,187.9643966931399,188.0868410113582,187.19922405602412,187.82256749241017,4535.510646953945
1771592400,187.82256749241017,187.82256749241017,186.53233946051932,186.75679544565693,4953.456850629024
1771596000,186.75679544565693,188.78624544982316,186.1215006527914,187.18789279561236,21135.98846005489
1771599600,187.18789279561236,190.2977532785336,186.6270714252181,190.26811980421957,51015.28129688367
1771603200,190.26811980421957,190.26811980421957,188.66768126638587,189.57815837794843,13193.66465692727
1771606800,189.57815837794843,190.1043215282017,187.51694026782,188.42757782302456,16027.560161998725
1771610400,188.42757782302456,190.1923360136959,188.14867683030687,190.1923360136959,11823.060792707747
1771614000,190.1923360136959,190.1923360136959,189.03435961370587,189.8060016349468,4734.05685472419
1771617600,189.8060016349468,189.8152426915489,189.10068656315383,189.33884499652456,3806.853609712368
1771624800,189.33884499652456,189.76652681655528,189.33884499652456,189.76652681655528,797.8201089764021
1771632000,189.76652681655528,189.99660382856567,189.1651083126345,189.99660382856567,747.2450589742548
1771635600,189.99660382856567,190.0567151087218,189.9344739014461,190.0567151087218,1197.3031782066128
1771639200,190.0567151087218,190.0567151087218,189.6817500056708,189.6817500056708,398.2093359736076
1771642800,189.6817500056708,190.49712455643615,189.6817500056708,190.40023096695955,445.2085297122918
1771646400,190.40023096695955,190.40023096695955,190.19568531340252,190.19568531340252,35.96478766522971
1771653600,190.19568531340252,190.19568531340252,189.84555486559236,189.96777786853676,185.06965656416816
1771660800,189.96777786853676,189.96777786853676,189.79458778364707,189.79458778364707,167.59715381820303
1771664400,189.79458778364707,190.1931326984263,189.24859593468196,190.1931326984263,3865.548370287546
1771671600,190.1931326984263,190.27426898231664,189.65922877090892,190.27426898231664,417.8041237479661
1771675200,190.27426898231664,190.27426898231664,190.0348648466256,190.0348648466256,287.6547734345994
1771678800,190.0348648466256,190.15699715655788,189.4216386422038,190.15699715655788,448.6882101902565
1771682400,190.15699715655788,190.6509553704425,189.09294851263653,189.09294851263653,440.4890745629489
1771686000,189.09294851263653,190.2658759296489,189.09294851263653,190.2658759296489,0.3106502145153155
1771689600,190.2658759296489,190.51866891041,189.95091202771457,189.95091202771457,52.521308490601086
1771693200,189.95091202771457,190.81573809867737,189.95091202771457,190.81573809867737,2.58805102924879
1771696800,190.81573809867737,190.81573809867737,190.02223369014325,190.02223369014325,5.989125174739067
1771704000,190.02223369014325,190.58532657802013,190.02223369014325,190.36321553626743,549.9943183782015
1771707600,190.36321553626743,190.49043899985227,190.36321553626743,190.49043899985227,12.939518341214177
1771714800,190.49043899985227,190.49043899985227,189.78072872023088,189.78072872023088,64.64991015324402
1771718400,189.78072872023088,190.06457040178,189.7380671655625,190.05453888407985,76.86363322485846
1771722000,190.05453888407985,190.05453888407985,189.66968209613185,189.66968209613185,190.14486724077776
1771725600,189.66968209613185,190.10142228284303,189.66968209613185,190.01494525463977,44.41322930808853
1771729200,190.01494525463977,190.50579539656928,189.47775652182227,189.47775652182227,226.85392970091527
1771736400,189.47775652182227,189.98671173302915,189.47775652182227,189.98671173302915,46.94792031508761
1771740000,189.98671173302915,189.98671173302915,189.5523281822645,189.5523281822645,4.9666292522755935
1771747200,189.5523281822645,190.4225854868965,189.5523281822645,190.4225854868965,2763.7082661362224
1771750800,190.4225854868965,190.4225854868965,189.6623405619685,189.6623405619685,60.64163883226404
1771754400,189.6623405619685,190.1049756729885,188.92769691258417,189.6644754319049,3370.9602267266578
1771758000,189.6644754319049,189.8060420240012,189.6252258384405,189.8060420240012,1779.4967478974531
1771761600,189.8060420240012,190.2109936941289,189.7664254527048,189.9787022140938,734.8985530874462
1771765200,189.9787022140938,190.28806757820436,189.1840923921897,190.0942221558459,288.4202810578432
1771768800,190.0942221558459,190.21777322996468,189.4279322619785,189.4279322619785,242.3841939471329
1771772400,189.4279322619785,189.99624969530015,189.4279322619785,189.75555492893292,218.9884746224332
1771779600,189.75555492893292,190.4909298614481,189.75555492893292,190.4909298614481,96.27127382730237
1771783200,190.4909298614481,190.4909298614481,188.52861061581643,189.5969874704244,22029.63493966117
1771790400,189.5969874704244,190.1858348809316,189.5969874704244,189.6068165430732,249.8452219549037
1771794000,189.6068165430732,190.10268394623608,189.31674811829305,189.324145062268,129.52183878219424
1771797600,189.324145062268,190.14995909975903,189.3053693349126,189.87815111260147,1812.8854345198824
1771801200,189.87815111260147,190.3716487843405,189.5031875607847,189.7843254394365,3351.326457780329
1771804800,189.7843254394365,189.7843254394365,188.42871799600076,189.3365139961636,4407.670308642991
1771808400,189.3365139961636,189.50327622712584,188.0259695069913,188.0259695069913,8768.331811351016
1771812000,188.0259695069913,188.0259695069913,187.0978861573004,187.8840590181925,2324.69979642761
1771815600,187.8840590181925,188.4187712440268,187.5520484828565,187.73880031060503,1332.878171778648
1771819200,187.73880031060503,188.67137739271132,187.73880031060503,188.67137739271132,150.22838995912753
1771822800,188.67137739271132,188.67137739271132,187.22597604499543,187.707480360588,498.0727504606856
1771826400,187.707480360588,188.4270186627008,187.3982110214673,188.07022694505733,1961.9334856398484
1771830000,188.07022694505733,189.27645194924355,188.07022694505733,188.82508320329555,4767.430376533258
1771833600,188.82508320329555,189.6100354250417,188.7492384195977,189.0609235315889,1423.952557295871
1771837200,189.0609235315889,190.61010247170307,188.8139940013198,190.57283462440415,9570.194112058389
1771840800,190.57283462440415,190.57283462440415,189.5961871027457,190.12259861994312,5634.666988150898
1771844400,190.12259861994312,191.54158251721609,189.7042562846796,191.54158251721609,2105.353372936804
1771848000,191.54158251721609,191.54158251721609,189.06564010400487,189.92594844304992,535.9578064190622
1771851600,189.92594844304992,190.7148486056456,189.92337448981084,190.52720324408432,6158.849161609953
1771855200,190.52720324408432,193.6779581525454,190.52720324408432,192.8385712356272,70882.26228389824
1771858800,192.8385712356272,193.2793299683165,190.07573131920887,190.3557121883994,23752.281203722123
1771862400,190.3557121883994,191.5020616526632,189.53598883273693,190.935076641875,11341.166623767283
1771866000,190.935076641875,191.3902177188786,189.8908315422177,190.6816273605484,11845.407336752573
1771869600,190.6816273605484,191.78876525457952,190.6816273605484,191.48932653800827,5282.858575171027
1771873200,191.48932653800827,191.6413932779533,190.33771156071373,190.83817103836384,4496.264372196546
1771876800,190.83817103836384,191.63394562250943,190.2805736139883,191.63394562250943,9662.062679080927
1771880400,191.63394562250943,191.91193513685167,191.0867893032186,191.0867893032186,2397.549163840483
1771884000,191.0867893032186,191.7271357897899,191.0867893032186,191.53485033575757,405.8116765761828
1771887600,191.53485033575757,192.0472327961208,191.2536906043971,191.79263566367797,1037.7000236228257
1771891200,191.79263566367797,191.79409510576284,190.76439518031896,191.79409510576284,4445.875139535571
1771894800,191.79409510576284,193.9614997018706,190.9361916619022,192.38639344354976,10492.47071962821
1771898400,192.38639344354976,192.9266675067184,192.33341890262076,192.9266675067184,590.4073529945913
1771902000,192.9266675067184,193.2643520642741,192.20703601789725,193.2643520642741,2032.6709010144232
1771905600,193.2643520642741,193.2643520642741,191.78014218459063,192.53652360270016,876.433619120342
1771909200,192.53652360270016,193.41073738993427,191.98910472611325,192.46370135843327,1901.2788282906167
1771916400,192.46370135843327,193.40095524840385,192.40602248333315,192.89221149787997,1601.8173603975642
1771920000,192.89221149787997,193.703216803744,192.82203652145716,193.19774483226155,951.9600160080448
1771923600,193.19774483226155,193.2668974719578,192.45490937671477,192.74307365073045,7901.499284842467
1771927200,192.74307365073045,193.22354945132895,192.5207200784917,192.73538417392515,2160.929383388509
1771930800,192.73538417392515,192.73538417392515,192.06515300013197,192.45326043745035,305.49794104941844
1771934400,192.45326043745035,192.45326043745035,189.306011790998,190.3337590795688,27694.7561976156
1771938000,190.3337590795688,191.19913774873365,190.0957197328368,190.94310193962625,4506.268334425316
1771941600,190.94310193962625,192.01754253902143,187.7179304566024,189.95192172287688,56107.20419168705
1771945200,189.95192172287688,192.45585371380784,189.69409520711005,191.73918733464032,28910.831178274715
1771948800,191.73918733464032,193.3512324452769,191.55080487563237,193.22595066798195,17492.629710515273
1771952400,193.22595066798195,193.762118440484,193.17866024341564,193.74836994336997,1254.7641750031305
1771956000,193.74836994336997,193.74836994336997,192.48980650455024,192.73955794797763,3064.539428488395
1771959600,192.73955794797763,193.40225648014496,192.3889340019238,193.01225491820983,3795.349077714276
1771963200,193.01225491820983,193.94976912775425,192.62055069374435,193.14644906483636,6704.791659001861
1771966800,193.14644906483636,193.28482898466183,192.48717675584743,192.48717675584743,1642.1044082027645
1771970400,192.48717675584743,193.13599073704148,192.48717675584743,192.73904951109503,1907.0002780651291
1771974000,192.73904951109503,193.13904871580857,192.1289049584671,192.5900241425809,1273.1596803994046
1771977600,192.5900241425809,193.4263426945672,192.5900241425809,193.03310253485225,1198.028014904888
1771981200,193.03310253485225,193.5478108128144,191.54452977250608,192.99576717673207,3635.3373417737616
1771984800,192.99576717673207,193.64667947340484,192.99576717673207,193.64667947340484,6.909619485364653
1771988400,193.64667947340484,193.96398746155265,193.1615053479917,193.3134910697747,594.9241448648378
1771992000,193.3134910697747,193.8668650172426,192.9411284586689,193.72976248282103,2007.1059412258105
1771995600,193.72976248282103,193.72976248282103,193.0126244997071,193.2074869473932,5752.950985795507
1771999200,193.2074869473932,193.6399566577631,192.52236217694804,192.8971124394108,1185.1799163975595
1772002800,192.8971124394108,193.5371776211677,192.5621630998438,192.97775343497312,302.4508101240775
1772006400,192.97775343497312,193.5759814240373,192.97775343497312,193.5340487798834,1619.3684863213828
1772010000,193.5340487798834,193.84977030162503,193.1049597354221,193.60705917037825,1255.022765228291
1772013600,193.60705917037825,194.43718957632584,193.60705917037825,194.43718957632584,241.87407083687555
1772017200,194.43718957632584,194.7498246653385,193.93472406090095,194.7498246653385,5589.836552539241
1772020800,194.7498246653385,194.80744389570137,193.65203939569716,194.2921450181304,1129.421832563935
1772024400,194.2921450181304,194.99100093152808,193.74313034247743,194.99100093152808,4481.034826707708
1772028000,194.99100093152808,195.74485974361463,193.84785026940145,195.5424248492685,13836.98248652599
1772031600,195.5424248492685,196.84148482199467,194.9070169460447,195.88069406282568,21988.783647029893
1772035200,195.88069406282568,197.04334936478944,195.5383372442437,196.9475278021952,11086.02739424432
1772038800,196.9475278021952,198.39580462192276,196.3662899053707,197.50492983540207,66973.11306951454
1772042400,197.50492983540207,197.7509433674981,196.31343922586316,196.80611075616025,10598.213096424412
1772046000,196.80611075616025,197.6942101762521,196.50696218650495,196.74615786700008,2614.8384656217254
1772049600,196.74615786700008,198.48456045572664,196.06057747556247,196.24923683003607,74837.13373499908
1772053200,196.24923683003607,203.9219056478272,195.07853961918445,199.8890316142588,317337.628430936
1772056800,199.8890316142588,201.2169590457821,195.9405326897256,196.572475629518,103830.7041032949
1772060400,196.572475629518,197.9109762233242,193.19762770360097,195.2769367462197,93090.24296207806
1772064000,195.2769367462197,196.06693437634115,194.04716770301175,195.31035970015037,18082.25976702273
1772067600,195.31035970015037,195.6041843803524,195.0388376600714,195.51424663598968,6315.018612810211
1772071200,195.51424663598968,196.4523825817528,194.57316582975105,194.9902924965804,26858.657121582037
1772074800,194.9902924965804,195.7115041723125,194.9902924965804,195.42606782850388,3095.265739527581
1772078400,195.42606782850388,195.68326174925045,195.02313917860124,195.30442927513567,546.09982671147
1772082000,195.30442927513567,195.98620098755148,194.9250782884233,195.98620098755148,4381.097227016958
1772085600,195.98620098755148,197.78054083323647,195.70424038878463,197.78054083323647,17788.132483294296
1772089200,197.78054083323647,198.1242432536791,197.78054083323647,197.8988105919205,3664.1540351530266
1772092800,197.8988105919205,198.71434085330495,197.47235348385288,197.61894398961203,3538.323770393274
1772096400,197.61894398961203,198.66222698494607,196.60163802825096,198.2245614427364,8190.764552335948
1772100000,198.2245614427364,199.1057754880427,196.58678138503512,197.37135390188809,14097.038275749928
1772103600,197.37135390188809,197.56242033258928,196.88668673853465,197.47130466261655,6948.086416572251
1772107200,197.47130466261655,198.3188117874911,197.15669976043023,197.5778592014668,9608.828222198696
1772110800,197.5778592014668,198.69992679825543,196.635766570422,197.7180611634973,36891.18706988891
1772114400,197.7180611634973,197.7180611634973,188.4423718604379,189.38535297900071,126046.55708504104
1772118000,189.38535297900071,190.0048903921164,184.29898177256908,186.1924330919102,100955.07519023356
1772121600,186.1924330919102,187.83883434883987,184.4820128673588,186.10277948755552,485080.6787691404
1772125200,186.10277948755552,187.96709152136384,185.9932389969348,186.4675533612307,19760.609253180064
1772128800,186.4675533612307,186.59707712184556,184.8902266267847,185.2335511989796,16267.72748399142
1772132400,185.2335511989796,186.6046262132466,184.07956437096576,185.3421100921629,16057.590452389784
1772136000,185.3421100921629,186.13053407190003,184.4268204213925,185.24181455393244,14702.897435816889
1772139600,185.24181455393244,185.5667055769212,184.38208591087988,185.39798252106436,3188.139254075184
1772143200,185.39798252106436,185.77553993854613,184.8261648163825,185.1206583455132,4097.02136147115
1772146800,185.1206583455132,185.61057496680667,184.9483586006991,185.4075800168353,3907.4547760228033
1772150400,185.4075800168353,185.5588389702787,185.00244987278668,185.00244987278668,722.241692592006
1772154000,185.00244987278668,185.7963648425761,185.00244987278668,185.59410840721551,2517.595033263868
1772157600,185.59410840721551,185.6492430613445,184.86970797522463,185.38176520000616,7691.436214658881
1772161200,185.38176520000616,185.87157978310245,184.77052792464485,185.356550200926,3703.628325358857
1772164800,185.356550200926,185.9577196818305,184.26794345861663,185.47080173660137,6629.060177477113
1772168400,185.47080173660137,185.9676335118025,184.55854677742025,185.7413669146015,2404.777258420598
1772172000,185.7413669146015,186.2127541570796,184.72515553463148,184.72515553463148,507.3969927761294
1772175600,184.72515553463148,186.3601296549604,184.72515553463148,185.90573028950809,1971.442695700748
1772179200,185.90573028950809,186.79637030694508,185.39441730743135,186.04689417065492,9060.904912056829
1772182800,186.04689417065492,187.038303921362,185.4613130838986,185.8597093164413,3402.095344719936
1772186400,185.8597093164413,186.642925763629,185.37728758215167,185.56324044181252,3269.377782778074
1772190000,185.56324044181252,186.01936109598628,184.66861996370935,184.6694845153215,7944.711774735068
1772193600,184.6694845153215,185.60159298174824,183.3354215643623,183.3354215643623,11851.87357829333
1772197200,183.3354215643623,184.2309643301104,181.51849361771053,182.431532640028,22116.458929486373
1772200800,182.431532640028,182.63485312321072,179.61694451770876,180.17491184149392,52410.15697024391
1772204400,180.17491184149392,182.8874595277043,179.8021994599404,181.6784140047815,40993.09846496461
1772208000,181.6784140047815,182.31398009157624,180.0546301987976,180.92673552391872,30748.81505558951
1772211600,180.92673552391872,180.92673552391872,178.72570433089453,179.76885137170729,22562.955578450878
1772215200,179.76885137170729,179.92010153111167,178.35541522682382,178.53970075588242,21955.216547303367
1772218800,178.53970075588242,179.46929387960523,178.0549242779165,179.31927759056208,15122.69490114058
1772222400,179.31927759056208,179.38182890465723,176.85772061878538,177.5335980370404,38675.18978639512
1772226000,177.5335980370404,178.17003479090397,176.79898719371369,178.1497606547392,4718.83109820236
1772229600,178.1497606547392,178.1497606547392,177.0957611236951,177.82911014979965,4748.381277791311
1772233200,177.82911014979965,177.9532994558289,177.70540459847254,177.9532994558289,388.2501702891069
1772236800,177.9532994558289,178.57582518664503,177.79331472552414,177.93663053354626,558.305445238061
1772240400,177.93663053354626,177.99733873730236,177.74806994701763,177.92509760181966,58.818147207076834
1772244000,177.92509760181966,178.3434060113155,177.7913709444847,177.7913709444847,1903.032344811004
1772247600,177.7913709444847,178.30203619401084,177.7913709444847,178.17963913886263,212.3075906158201
1772251200,178.17963913886263,178.31727266007098,177.65228915848385,177.76105856099926,518.0692976587824
1772254800,177.76105856099926,178.28209529808507,177.76105856099926,178.13701845044267,890.9586724035021
1772258400,178.13701845044267,178.86911246353105,177.11222627495275,177.8254637651911,7568.127308610761
1772262000,177.8254637651911,178.01076538132563,176.52750576887513,177.91478186568236,6029.348738293009
1772265600,177.91478186568236,178.27663396603484,176.9906865911613,177.406602466732,37078.06271750312
1772269200,177.406602466732,177.7526114547609,176.46339010844346,176.75422452249603,13219.175965183167
1772272800,176.75422452249603,177.49357639999363,176.17924286241598,176.45203627689884,32525.310438513112
1772276400,176.45203627689884,177.2137843629738,175.68206502353473,177.04642360249008,61155.81709368961
1772280000,177.04642360249008,177.33294992634038,176.30138314988633,176.85170701352385,784.4635942682119
1772283600,176.85170701352385,178.08531073448123,175.44699685296123,177.11960382716677,10498.015110657128
1772287200,177.11960382716677,178.114684019103,176.3682250951441,176.8604785463723,16969.476772569087
1772290800,176.8604785463723,177.4669356946207,176.34598861317025,177.37799989790886,1334.0463013313242
1772294400,177.37799989790886,177.65549205241427,176.23893333602274,177.10340134260318,4862.558586383334
1772298000,177.10340134260318,177.35568562537927,176.05397696055695,176.65561297668285,5641.969160666622
1772301600,176.65561297668285,177.1269389434267,175.781670801451,175.8894237047091,11827.979110608016
1772305200,175.8894237047091,177.14184260661463,175.8894237047091,176.15360165311478,1962.1097566424316
1772308800,176.15360165311478,178.04370386429486,176.15360165311478,178.04370386429486,8795.495852777556
1772312400,178.04370386429486,178.28270004412147,177.33811068519648,177.79084413635658,2194.9350247709312
1772316000,177.79084413635658,179.27558818959474,177.41583921674712,178.88376804454563,7115.221412517737
1772319600,178.88376804454563,178.88376804454563,178.04825156203765,178.27131678823892,2775.2686692249117
1772323200,178.27131678823892,178.92916939925462,177.92849946917997,178.19325205869097,2146.8430476197773
1772326800,178.19325205869097,179.11618986326363,177.09628365673774,178.89387088076444,2716.331075248529
1772330400,178.89387088076444,179.0589392301944,177.37210133635352,178.62336685184593,4889.438814469888
1772334000,178.62336685184593,179.22957371970787,178.03426502513912,179.0381997221345,65435.20192367587
1772337600,179.0381997221345,179.72778655046102,178.09432253907227,179.36029441862615,6393.035159833068
1772341200,179.36029441862615,179.943729021804,179.18013626222535,179.54480720540735,6328.182642740334
1772344800,179.54480720540735,179.93848154214007,179.05326087224697,179.5301422608023,15797.607323191816
1772348400,179.5301422608023,180.82991784230788,179.16594252692337,179.21854335657986,39762.02855079954
1772352000,179.21854335657986,180.56422270155343,178.49564568527026,179.9871911242754,29997.437585900225
1772355600,179.9871911242754,180.27411157033524,178.92977444386452,179.54246306931054,5279.20773488202
1772359200,179.54246306931054,179.58394589280505,178.83088397865782,179.1041890453389,1317.68964366336
1772362800,179.1041890453389,179.42299158444507,178.59745713002283,178.82864177215947,861.3815293539269
1772366400,178.82864177215947,179.6188252982525,178.391564053535,178.94132391058204,1827.118067454936
1772370000,178.94132391058204,179.19498395190433,177.61179689375325,178.74295637362118,4883.940130320675
1772373600,178.74295637362118,179.13369440250068,177.9194500373475,178.3970709928614,2354.2737835049325
1772377200,178.3970709928614,178.974386196693,178.23379648294605,178.80734638428635,1139.2961190476826
1772380800,178.80734638428635,179.29070448661216,178.15289338698193,178.3877261306013,2206.236438795627
1772384400,178.3877261306013,178.84389173745774,177.7292944483819,178.5346484388141,841.6628434419448
1772388000,178.5346484388141,178.8905393446368,177.7589168750094,178.80615353299035,2780.24505708724
1772391600,178.80615353299035,179.01611409521325,177.9757938530399,177.9757938530399,1966.698328743556
1772395200,177.9757938530399,179.11165399890194,177.9757938530399,178.08573377194273,10125.209441437895
1772398800,178.08573377194273,179.80599642158387,177.65981758064407,178.0617428027088,3635.046255593777
1772402400,178.0617428027088,178.74393291297795,177.35380401377623,177.96038679422026,6956.317702235944
1772406000,177.96038679422026,179.00905707193203,177.12275319736074,178.45733515465815,17913.38510194669
1772409600,178.45733515465815,178.95799386693423,177.7035791872886,177.96053523328226,10989.002445092792
1772413200,177.96053523328226,177.96053523328226,174.65523554306634,176.54832538295526,67820.49196300781
1772416800,176.54832538295526,176.91872424767837,175.4457836131256,175.5128707227793,8261.08575842475
1772420400,175.5128707227793,176.67931673620942,175.46690511214652,175.87589846381022,4043.495761994527
1772424000,175.87589846381022,176.2754622043478,175.66091171474284,175.7275316473904,2589.6488182477424
1772427600,175.7275316473904,176.1088663178121,175.0416597494369,175.148295731442,6347.409024213778
1772431200,175.148295731442,175.6866079376313,173.8237582771792,174.19785709667232,17167.22671552148
1772434800,174.19785709667232,174.58250784406746,173.0491879506674,173.9573041589572,8923.63937486197
1772438400,173.9573041589572,174.81720350655115,173.4337272664673,174.81720350655115,7619.729932334036
1772442000,174.81720350655115,176.37731613105407,174.4028503193109,174.4028503193109,14405.38482701124
1772445600,174.4028503193109,175.29261300328187,174.134592485699,174.8886737527989,7175.860345368426
1772449200,174.8886737527989,176.7555103980236,174.7437371548052,176.7555103980236,10600.326163011454
1772452800,176.7555103980236,176.7555103980236,174.16117897940728,174.52648380765942,13584.623632475092
1772456400,174.52648380765942,175.74723963025576,174.2000167267551,174.6374498439428,14037.777618863178
1772460000,174.6374498439428,181.3855349676577,174.06293695512252,179.60316978123012,88545.28702393713
1772463600,179.60316978123012,181.84429525583897,178.91813265718326,180.54038912338663,48896.57165372095
1772467200,180.54038912338663,183.5893505860396,179.8354351364896,182.6687816685448,28478.179805972763
1772470800,182.6687816685448,183.77844567466624,181.89816080263876,182.5484432118117,23189.458128499427
1772474400,182.5484432118117,183.22217150133343,182.15282774159405,182.82856626664935,2886.640901447257
1772478000,182.82856626664935,182.82856626664935,181.93127001302645,182.7898138297529,3890.2808997698944
1772481600,182.7898138297529,183.08119968847075,181.5120516368357,182.8624273882,11920.712117912468
1772485200,182.8624273882,183.0964941901334,181.4179903103692,181.80144196529747,10573.984781599229
1772488800,181.80144196529747,182.2768015586059,181.69950274838143,182.2768015586059,1842.967814204331
1772492400,182.2768015586059,182.56910337028444,181.72979861067765,181.72979861067765,1476.7853011699913
1772496000,181.72979861067765,182.3812223783148,181.44267549942384,182.1659647689984,1461.3350237774375
1772499600,182.1659647689984,182.1792085462433,181.53489596023772,181.84255035480595,3120.538146112102
1772503200,181.84255035480595,181.84255035480595,179.70453043773975,180.17645281626835,13435.244935903598
1772506800,180.17645281626835,180.78525048457084,179.93358482113362,180.01914204715175,3593.0736766026
1772510400,180.01914204715175,180.14795558617888,179.99246380940738,180.14795558617888,1195.1414928021786
1772514000,180.14795558617888,180.6457407576873,179.60234240578205,180.09560569639393,1639.419711115586
1772517600,180.09560569639393,180.09560569639393,178.97857362766473,179.34850414593674,3738.851582046136
1772521200,179.34850414593674,179.78463205648077,178.9829300487669,179.21147236068185,6702.4588443891735
1772524800,179.21147236068185,179.21147236068185,176.7928272847286,176.7928272847286,21238.947992678284
1772528400,176.7928272847286,178.0618945017885,176.5496525606278,176.98258207559044,7076.892387237604
1772532000,176.98258207559044,177.50165354951884,176.3368132604823,177.04134975682217,15991.080509677213
1772535600,177.04134975682217,177.76957356281554,176.23071916737436,177.76957356281554,8821.793639757196
1772539200,177.76957356281554,178.78528802028873,176.93358734731495,178.29676833809305,11704.831731290966
1772542800,178.29676833809305,179.2062384613705,177.01630223497784,177.1163729307476,18846.000589050556
1772546400,177.1163729307476,180.10079927501266,176.75970665461824,178.60011784321551,132401.4120399781
1772550000,178.60011784321551,179.5680845586345,176.6998432795841,177.01656810994447,52315.75353914436
1772553600,177.01656810994447,180.3221251179521,176.90877225486162,180.1582779099853,47591.1110492599
1772557200,180.1582779099853,180.6811023646886,178.82585775563,179.67528374035663,13275.404044156
1772560800,179.67528374035663,181.5805263126601,179.22222558743852,180.66617672295652,8922.230392705324
1772564400,180.66617672295652,180.690239159018,178.71664276864834,179.84061882034263,21398.625790477785
1772568000,179.84061882034263,180.8849940682905,179.835577355481,180.30122532364015,8080.758031535576
1772571600,180.30122532364015,180.39288068858855,179.46421954428004,179.5494749477515,2968.5629508827024
1772575200,179.5494749477515,179.99224024477033,179.24235607648467,179.4231749853271,2136.0776272134462
1772578800,179.4231749853271,179.97384053259023,178.98383531586592,179.30829169010954,5612.7128438548025
1772582400,179.30829169010954,180.22656245740703,179.10559470233247,179.95875486587235,5811.956611597562
1772586000,179.95875486587235,180.1222824452962,178.0665976550553,179.3156211421046,16304.031773515218
1772589600,179.3156211421046,179.36086655814395,177.9773222851004,178.39117340798813,9611.314318581331
1772593200,178.39117340798813,178.39117340798813,176.70808576397073,177.13824044830503,12908.164504306507
1772596800,177.13824044830503,177.95301012602448,177.13824044830503,177.70473167491997,2607.13754373725
1772600400,177.70473167491997,178.36487996656228,177.17499001512147,177.92616247359493,16836.13556196653
1772604000,177.92616247359493,178.48144796879544,177.4496224424648,178.46994192585012,5759.58479150802
1772607600,178.46994192585012,179.39374836895755,177.74585426661488,179.39374836895755,7089.660525558545
1772611200,179.39374836895755,179.63699833959782,178.35344082839686,179.62038892886338,6410.412672031129
1772614800,179.62038892886338,181.4395897844045,178.93656945929428,181.0260988286584,27690.279736935867
1772618400,181.0260988286584,183.24984116798385,180.5816761624906,183.1049025665509,19774.528939110194
1772622000,183.1049025665509,183.1049025665509,181.4471630433299,181.8192592015996,15756.995648310154
1772625600,181.8192592015996,182.2636436729649,180.60423258764476,180.9149266306841,10344.264736817697
1772629200,180.9149266306841,182.42224248059972,180.9149266306841,182.1664373798226,13070.090681587126
1772632800,182.1664373798226,182.47779392835827,179.29614274720032,181.09156075684083,58668.60116632952
1772636400,181.09156075684083,183.9999785685136,180.26655594972715,182.40085257603863,35507.11793829571
1772640000,182.40085257603863,183.47433354739945,181.65352115788227,182.88122005567104,19954.114719045123
1772643600,182.88122005567104,183.1752516601116,182.0567437093191,183.05722318876835,6728.89552046753
1772647200,183.05722318876835,183.9542852418417,182.25313592350287,183.48628824428025,14289.036016335933
1772650800,183.48628824428025,184.2519196168568,183.4022998059364,183.97228922906896,7303.6752074849
1772654400,183.97228922906896,183.97228922906896,182.27799433703967,182.86561868704143,9087.501447457103
1772658000,182.86561868704143,183.35976274654652,182.65724581962544,183.16520785340364,261.35091849379546
1772661600,183.16520785340364,183.22977247258083,182.38554765092687,182.9823118567921,2767.5936100614385
1772665200,182.9823118567921,183.5091505616,182.5847894256204,183.01424177602223,3462.5713919935897
1772668800,183.01424177602223,183.35698511757624,182.43684238262955,183.0476080724192,13972.46979507372
1772672400,183.0476080724192,183.66919679430387,182.1984095124621,182.1984095124621,18395.8944912199
1772676000,182.1984095124621,182.66855369255376,181.72532643085265,182.04080688996797,332.6510349031448
1772679600,182.04080688996797,182.6801797980121,182.04080688996797,182.19122123564136,1451.3656597199304
1772683200,182.19122123564136,182.54820872946385,181.7332550917672,181.7332550917672,1151.8377131489171
1772686800,181.7332550917672,182.82174411495575,181.7332550917672,182.2420556399477,2054.301364270578
1772690400,182.2420556399477,182.5830544635861,181.10860847645583,181.7871374840118,9295.97933831634
1772694000,181.7871374840118,182.8193900363513,181.57199153274703,181.57199153274703,3133.401828425938
1772697600,181.57199153274703,181.93500329813688,180.92167470514332,181.76333449168223,7288.512141882577
1772701200,181.76333449168223,183.16286638045165,181.68812943989911,183.01782286945155,8792.40983214169
1772704800,183.01782286945155,183.08030975139997,182.32057613530196,182.4059437482905,2789.013172885435
1772708400,182.4059437482905,183.11351135265164,182.26410514663385,182.26410514663385,1967.8594982536315
1772712000,182.26410514663385,182.99823895542005,182.11770226754908,182.2356059524419,1093.815141728306
1772715600,182.2356059524419,182.7241339762611,181.4566823354045,181.55884887121968,5698.528370751864
1772719200,181.55884887121968,182.6931710001728,180.6894270247605,182.35560052513028,35510.015556233506
1772722800,182.35560052513028,184.0375666798328,180.8022576176284,183.69982245958323,72277.87056038101
1772726400,183.69982245958323,184.2554529312453,182.4311870229085,183.12416443745173,13367.442927728434
1772730000,183.12416443745173,183.66355842150628,177.89216232717854,177.95633319921296,51188.72341392999
1772733600,177.95633319921296,179.83112557540534,177.95633319921296,179.4571044820227,20084.955471841942
1772737200,179.4571044820227,180.96411938388005,179.40562398705234,180.45079768108448,13174.109651979074
1772740800,180.45079768108448,183.0320662467512,180.3337901635543,183.02640856017783,22403.603168836253
1772744400,183.02640856017783,183.45854560229188,182.152168567546,182.152168567546,2862.4113777551074
1772748000,182.152168567546,182.4192867041592,181.91434723130385,181.91434723130385,2554.522789259317
1772751600,181.91434723130385,182.85334517098852,181.91434723130385,182.44285617778337,366.5233521510801
1772755200,182.44285617778337,182.44285617778337,182.32981904684132,182.32981904684132,81.22961364300124
1772758800,182.32981904684132,182.5736977966835,181.5414959077049,182.09729769589435,2045.183681708889
1772762400,182.09729769589435,182.8840016972667,181.91214184711683,182.05540865186265,4438.331119933913
1772766000,182.05540865186265,182.81593541327103,182.05540865186265,182.71016722539767,937.648202483428
1772769600,182.71016722539767,183.19340924478823,182.28927548866972,182.28927548866972,1706.2323138809663
1772773200,182.28927548866972,183.26211058956792,181.9309467395972,182.3486245874288,1565.5194455511294
1772776800,182.3486245874288,183.0235116477392,182.2522147566405,182.73826307828105,547.8683557918607
1772780400,182.73826307828105,182.82980182471587,181.99036992014808,182.71046345818124,976.4443675314368
1772784000,182.71046345818124,182.71046345818124,182.20835866876712,182.50134053492204,3752.532630024861
1772787600,182.50134053492204,182.96054729052332,181.2924665607796,181.4454698023295,6762.511863945726
1772791200,181.4454698023295,182.09962338559436,181.4454698023295,181.5631794832273,1643.1503740722028
1772794800,181.5631794832273,181.5631794832273,180.8323474015756,180.8323474015756,7728.363992004656
1772798400,180.8323474015756,181.4516855940584,180.269495708694,180.269495708694,5538.103840246482
1772802000,180.269495708694,181.55859272281705,179.5315382656609,180.07701528508866,15833.348613938231
1772805600,180.07701528508866,183.7439775396957,178.76219732564616,181.315034082698,51212.90957125494
1772809200,181.315034082698,182.7940362503868,180.88741909011543,181.51311395202308,36127.48043000716
1772812800,181.51311395202308,182.56885818769732,180.9395107545621,182.2532838233093,15478.73825013684
1772816400,182.2532838233093,182.2532838233093,180.56353305037013,180.56353305037013,11133.964547156407
1772820000,180.56353305037013,181.67610100987653,180.42634983112265,180.9807072283209,10503.8608969668
1772823600,180.9807072283209,180.9807072283209,180.19728131385497,180.31884935535496,6562.808432209834
1772827200,180.31884935535496,180.31884935535496,177.2216301374262,177.5498148898688,46434.69025507077
1772830800,177.5498148898688,178.01811572597435,177.28287306078724,177.83235921665096,2743.748403633229
1772834400,177.83235921665096,178.02994010244984,177.77380388197665,177.84929934923505,2147.989305836168
1772838000,177.84929934923505,178.47904735947077,177.84929934923505,178.1553717505279,1194.1096205071276
1772841600,178.1553717505279,178.57973800620508,178.02740402756714,178.1362541312878,1419.5209137942863
1772845200,178.1362541312878,182.577585219102,177.07237051184504,177.41648559195335,13559.192400295467
1772848800,177.41648559195335,177.7221887090475,175.0123812076432,175.42401454736108,48954.10404440071
1772852400,175.42401454736108,176.8627299661691,175.29584436613524,176.48684703136377,20756.259498470943
1772856000,176.48684703136377,176.9021677419405,176.08006263266088,176.64049119167092,6843.194104747193
1772859600,176.64049119167092,176.73753487085193,175.93956915081984,176.55292102496242,13545.956185975829
1772863200,176.55292102496242,176.98032962057275,175.24691557208598,175.94367797480007,42631.106865332906
1772866800,175.94367797480007,176.27770738529986,175.56810144584998,176.25645741166937,8064.727116941743
1772870400,176.25645741166937,176.4928802940372,175.73991644296916,176.00818417313508,9418.000933678835
1772874000,176.00818417313508,176.21536424912802,175.79459840292108,175.82053837344614,6346.069001672505
1772877600,175.82053837344614,176.49429908672846,175.716140094168,176.2333101592107,3101.6570277815927
1772881200,176.2333101592107,176.76840484281632,175.8990918502556,176.48982666286452,6118.042134657042
1772884800,176.48982666286452,176.80323192780477,176.3072030034282,176.3072030034282,6279.303789726917
1772888400,176.3072030034282,177.05644176071263,176.07318134441238,176.74364616759954,5380.076701706522
1772892000,176.74364616759954,177.17360706453346,176.02147128078354,176.74168098858618,30882.90537245005
1772895600,176.74168098858618,177.15690036941655,176.0050907136473,176.3533850691487,8260.89837030208
1772899200,176.3533850691487,176.86849743561697,176.16507965554374,176.42294191087214,2721.807099109948
1772902800,176.42294191087214,176.6137634063722,175.65989216567027,176.38669936409556,4862.038435293895
1772906400,176.38669936409556,177.17686451780764,175.6221971462654,175.6221971462654,8030.677963422037
1772910000,175.6221971462654,176.63338115351524,175.6221971462654,176.02526270944628,7928.526560028703
1772913600,176.02526270944628,176.02526270944628,175.27804627051475,175.93152236672768,1974.1642849179289
1772917200,175.93152236672768,175.93152236672768,175.8391565254147,175.91395854468956,1461.2050584900949
1772920800,175.91395854468956,176.53585951878506,175.4780674955936,175.4976585690371,7052.455324365638
1772924400,175.4976585690371,175.8908376073824,175.4976585690371,175.83619448611077,1245.8393894790815
1772928000,175.83619448611077,176.44965118050476,175.59208571115553,176.13921978318743,2262.3428860822883
1772931600,176.13921978318743,176.4389237488689,176.04071913547597,176.04071913547597,2046.9984635211845
1772935200,176.04071913547597,176.34985076670185,175.45250210218973,175.73818540663962,5992.057968061147
1772938800,175.73818540663962,175.73839678778074,175.1426428921555,175.59000901211124,2510.6941594744862
1772942400,175.59000901211124,176.27119284990806,175.59000901211124,176.24624741767025,1922.7127344030453
1772946000,176.24624741767025,177.940018289342,175.43412181430168,177.67256096248192,16604.38717894422
1772949600,177.67256096248192,177.90676030617078,176.95554870522815,176.97885968185565,9226.976271207584
1772953200,176.97885968185565,177.08628109482572,175.64601635092131,176.40240748028577,26853.68066516937
1772956800,176.40240748028577,177.04936451750527,175.42732645093415,175.87745160741565,2695.962905370408
1772960400,175.87745160741565,176.11051434236404,175.48797266766266,176.0481275512995,5359.809293736854
1772964000,176.0481275512995,176.5949065891403,175.39791762324475,176.49029524794065,10516.45798269408
1772967600,176.49029524794065,176.86728709595118,175.59824222276632,176.25777667851614,13581.266261317513
1772971200,176.25777667851614,176.44879095550377,175.34028787117478,176.21978257104396,6667.029709571909
1772974800,176.21978257104396,176.5458571082064,174.9832685240523,175.59339938310936,6517.129791853447
1772978400,175.59339938310936,176.21691113161114,175.35421492513976,175.35421492513976,4650.463653167954
1772982000,175.35421492513976,176.2961812842264,175.04753151642478,175.76861138637082,8131.339715834692
1772985600,175.76861138637082,176.0175850549996,175.0795915970745,175.64815362777665,11888.15330499274
1772989200,175.64815362777665,176.1868766342548,175.3949477450614,175.95899609274164,8744.25776463482
1772992800,175.95899609274164,176.18496343373988,175.5248104376804,176.08525855026497,164.3496761493018
1772996400,176.08525855026497,176.08525855026497,175.16750131501223,175.85979213198925,3811.5086797184654
1773000000,175.85979213198925,176.02308000658508,175.30097790487628,175.93606827143853,3066.4679040507217
1773003600,175.93606827143853,176.22054602704503,175.5557455352361,175.90331489834347,1914.6323743046617
1773007200,175.90331489834347,176.70921012953798,173.65007806917225,174.54628407878292,24705.47691376663
1773010800,174.54628407878292,174.76143328450647,174.24460773450735,174.54065207220864,1912.695032045455
1773014400,174.54065207220864,174.85454555458557,173.38109401093342,174.24491858374273,29159.29637617697
1773018000,174.24491858374273,174.4865690767719,173.20541358506503,173.54523358470826,9323.086599822307
1773021600,173.54523358470826,173.92078256139635,172.79627799262394,173.58659163714876,5400.553830195722
1773025200,173.58659163714876,174.6134615922148,173.0813186385766,173.9269181513287,7254.378726781345
1773028800,173.9269181513287,174.42449959821587,173.33284105498493,174.14519062473386,3612.480739267823
1773032400,174.14519062473386,175.60050196812668,173.7868693884247,175.04766485951805,15371.080764750075
1773036000,175.04766485951805,176.29653409006158,174.9240860241785,175.37726517345038,11071.284727035414
1773039600,175.37726517345038,175.6739745282834,174.1928300741204,175.40133840762562,10953.10376014114
1773043200,175.40133840762562,175.75434679669155,174.87301162576458,175.4299886003998,7243.074142514251
1773046800,175.4299886003998,177.2331906143014,175.13083095578978,176.66418967973732,17890.123200022917
1773050400,176.66418967973732,176.87404180911875,175.6884859030216,175.6884859030216,5022.385537423018
1773054000,175.6884859030216,176.8305413061019,175.6884859030216,176.1981268016362,8618.479192893425
1773057600,176.1981268016362,176.47382260917274,175.8443485290024,175.8443485290024,5566.078621827311
1773061200,175.8443485290024,178.01143254052903,175.48672628157382,176.78811450475152,49174.53326147896
1773064800,176.78811450475152,179.48288122542314,176.2762183245031,179.03367910887508,34858.57429065117
1773068400,179.03367910887508,179.8375120140629,178.43577124353473,179.3313293844055,65095.031877984
1773072000,179.3313293844055,180.82030907333157,179.3313293844055,180.1478606426866,70516.76560162462
1773075600,180.1478606426866,180.1478606426866,178.78998738859823,179.12718570985388,55698.92979208835
1773079200,179.12718570985388,180.34235434153385,179.12718570985388,180.21141209452472,71126.4746504479
1773082800,180.21141209452472,182.59174247412184,179.36547609266682,182.24461114470583,180755.93479000876
1773086400,182.24461114470583,182.5919807283372,181.4269779854789,181.4269779854789,22041.733893463865
1773090000,181.4269779854789,182.16151665379965,181.32050458307555,181.68367105428288,6272.121454507326
1773093600,181.68367105428288,181.7874776098048,181.1121358135928,181.49679997317145,37554.624928575504
1773097200,181.49679997317145,182.0807739591916,181.0467899053362,181.095906840364,5585.496834400607
1773100800,181.095906840364,182.2844271611484,180.79979685875875,182.06470622622797,69685.62457019102
1773104400,182.06470622622797,182.51485874565697,181.58531893554164,182.2726783310892,33344.33235809291
1773108000,182.2726783310892,182.56013504089373,181.57356288293877,181.70079341537243,37750.33355667553
1773111600,181.70079341537243,182.03403905446905,181.1181402301365,181.61353392244715,30750.107617914528
1773115200,181.61353392244715,181.6282257305284,180.9825321704485,181.6282257305284,14816.081510660695
1773118800,181.6282257305284,182.12982430202092,181.27546135196772,182.06712537243988,15514.636070670502
1773122400,182.06712537243988,182.20923687353627,181.53093509963463,182.04266173222024,1576.2725785466755
1773126000,182.04266173222024,182.8803983064875,181.79449060898665,182.8803983064875,33255.010939362364
1773129600,182.8803983064875,183.95273669190024,182.0565804761068,183.3855155985773,74220.72083267299
1773133200,183.3855155985773,183.4009441743144,182.84562534313352,183.1720606591987,16808.620871440697
1773136800,183.1720606591987,183.29625899675776,182.40889931675932,182.92161525242085,20028.74971672022
1773140400,182.92161525242085,183.2563229194929,182.1240297579317,182.1240297579317,30661.361742861405
1773144000,182.1240297579317,182.51488429443836,181.5616877136397,181.77440143779944,49201.095112761424
1773147600,181.77440143779944,183.41079156225643,181.54581905270024,183.05314396285755,161806.04997978848
1773151200,183.05314396285755,185.17528997832187,182.104165866998,185.00961322416424,178198.67104027088
1773154800,185.00961322416424,186.36183009553423,185.00961322416424,185.47649915572825,14937.54001320212
1773158400,185.47649915572825,186.14191940015405,184.9514064398739,185.32692472878216,12650.995126803786
1773162000,185.32692472878216,186.35437010651376,185.30607741692756,185.63265444975485,9274.964967551368
1773165600,185.63265444975485,186.0015382248133,183.96512841362235,185.0466014415824,111109.6091013197
1773169200,185.0466014415824,185.0466014415824,182.59835872210084,184.06940907431945,173166.62028602316
1773172800,184.06940907431945,185.44221339192472,183.91087127225885,184.8371244407503,30898.5049410796
1773176400,184.8371244407503,185.46274894055895,184.6545367399645,185.1711854227036,987.0964198089404
1773180000,185.1711854227036,185.1711854227036,184.17569398267483,184.59298886939916,1347.6158779133457
1773183600,184.59298886939916,184.8108524981363,184.2159086133331,184.55483925089052,2941.330341580593
1773187200,184.55483925089052,185.376943999036,184.26703892662695,185.376943999036,6807.708793977223
1773190800,185.376943999036,185.4593643437946,185.1219695034294,185.16450557799865,844.9923883102832
1773194400,185.16450557799865,190.29344865144336,184.97838547465668,185.85400030409733,224543.1993479388
1773198000,185.85400030409733,187.39865883805237,185.3795459826564,185.7897520637683,40098.02387287884
1773201600,185.7897520637683,186.40655935900963,185.47838877884055,185.7917783721241,5392.440198069853
1773205200,185.7917783721241,186.5387714756448,185.2510387405823,185.4444986138593,6015.265565343035
1773208800,185.4444986138593,186.1177797108752,185.1042317779771,185.55295913919971,2245.9136753832945
1773212400,185.55295913919971,185.91050533510045,184.88098028459095,185.33726482303535,6454.370024155298
1773216000,185.33726482303535,185.78507779970624,184.91076627891096,184.91939768643448,2818.87317652809
1773219600,184.91939768643448,185.4335287893934,184.3509966823173,184.87589975821004,6455.496164651667
1773223200,184.87589975821004,185.07476641062303,184.2867805222177,185.07476641062303,6203.351013760982
1773226800,185.07476641062303,185.8783468598528,184.9467870053606,185.1975961792495,7513.136598557684
1773230400,185.1975961792495,185.70473581570212,184.4490421175485,184.7817596508296,20859.15168543534
1773234000,184.7817596508296,187.2248013340832,184.48758662814788,186.4989072588416,57518.32761884945
1773237600,186.4989072588416,187.60589946260063,185.69407134762636,186.52916699271643,32317.2523611992
1773241200,186.52916699271643,187.0546478845675,185.095581263257,185.58350438438512,21149.10817447107
1773244800,185.58350438438512,186.13703573080824,185.18070188691107,185.9713037688093,3341.56410959781
1773248400,185.9713037688093,186.40497878021705,184.5142855165805,184.63760774709385,18854.231882235254
1773252000,184.63760774709385,187.01217550407776,184.63760774709385,185.47517381050704,40696.1860208371
1773255600,185.47517381050704,185.9705806548353,184.9836835661085,185.71791966476096,9298.050684920565
1773259200,185.71791966476096,186.0920625487685,185.48513504580055,185.5075762369148,2326.295988506773
1773262800,185.5075762369148,186.3574144915467,185.29280502968936,185.29280502968936,1096.7015155234942
1773266400,185.29280502968936,186.148900277834,184.85970084959,185.42235057292865,8705.80304142444
1773270000,185.42235057292865,185.42235057292865,184.32545113023792,184.58703567303812,7885.7161441201315
1773273600,184.58703567303812,184.72832697618915,184.1507983519032,184.2219000546465,2696.1466753229265
1773277200,184.2219000546465,184.99898613021625,183.3682045088016,184.51272240162209,4819.711411542399
1773280800,184.51272240162209,184.8693676822111,183.85519636800356,184.11209179005695,10240.421531597343
1773284400,184.11209179005695,184.3336857000047,183.42572277318152,183.7446555625285,5804.242373095908
1773288000,183.7446555625285,184.13929058641108,183.20522292024168,183.57194172587617,2765.487472730731
1773291600,183.57194172587617,184.31944564644715,183.42246054883256,183.61732088549067,10330.013191660715
1773295200,183.61732088549067,184.42852544432557,183.61732088549067,184.0152905343365,4079.144777941361
1773298800,184.0152905343365,185.1013565820981,183.5191822058282,184.7186181192772,9245.276341298775
1773302400,184.7186181192772,185.54773987562768,184.7186181192772,184.85697486320169,6781.648771872388
1773306000,184.85697486320169,185.5752204004885,184.2193665184484,185.4719610460399,2873.8033267097303
1773309600,185.4719610460399,185.4719610460399,184.6794136494993,185.1971046018852,1735.7514984808308
1773313200,185.1971046018852,185.31535517184045,184.7892815254357,184.9758086050425,478.8593759126594
1773316800,184.9758086050425,185.2668291946144,184.47525720885656,185.0451267494449,7615.398797853968
1773320400,185.0451267494449,185.1590581516656,182.14136129400325,182.32506973282625,40281.25439480718
1773324000,182.32506973282625,183.2935167021789,182.0064330052888,182.81899255607,27125.86877431068
1773327600,182.81899255607,184.5358025273744,181.4660706324055,184.2138577062369,22767.05525352991
1773331200,184.2138577062369,185.35896393175207,183.8373338651248,184.2930240842812,22726.375635560435
1773334800,184.2930240842812,184.7707023814656,183.12678159399587,183.3941352322001,31047.84573052437
1773338400,183.3941352322001,184.001085576172,183.25644022900528,183.2951076960585,29691.19107922792
1773342000,183.2951076960585,184.86663607961333,182.58481645043145,183.305891418211,39068.54069325104
1773345600,183.305891418211,183.87049286924253,183.2546356377889,183.8250301819364,7939.488954535136
1773349200,183.8250301819364,183.8250301819364,183.01782542254543,183.52512506108704,413.8808618018532
1773352800,183.52512506108704,183.6376740646725,182.73903312116047,183.45128682595168,22719.83564737341
1773356400,183.45128682595168,183.7293243501114,182.70470491478892,183.11281288224225,13583.920307767718
1773360000,183.11281288224225,184.6307567786301,182.0610950280536,183.7807219039308,47281.878254090094
1773363600,183.7807219039308,184.0905536668978,183.46462417644457,183.88391842946064,4160.41997036913
1773367200,183.88391842946064,184.177424627079,183.32447292692183,183.59754691056617,5169.726950576818
1773370800,183.59754691056617,184.09479936025875,183.07811803450036,184.09479936025875,1762.9022590021193
1773374400,184.09479936025875,184.19367533477617,183.5288889463781,183.6110515949624,6563.104645727658
1773378000,183.6110515949624,184.3682883660929,183.43026478388765,183.96309151557244,3147.751509401859
1773381600,183.96309151557244,184.3350468593292,182.67245369123543,183.8063282264412,28744.844167745792
1773385200,183.8063282264412,183.8063282264412,181.6965894258925,182.3796535720714,48419.93441440669
1773388800,182.3796535720714,183.3773224366404,181.6977601592916,183.0988896853344,50104.66790917995
1773392400,183.0988896853344,183.6469611410189,182.74055426237712,183.1933425022848,15523.820991000912
1773396000,183.1933425022848,183.97469501487632,182.7033294913532,183.8558477885099,31030.77144527165
1773399600,183.8558477885099,184.79668399070516,183.5265236073692,184.2542539112286,15748.938841123178
1773403200,184.2542539112286,185.63860880444307,184.2542539112286,185.4608652512277,8705.820422853394
1773406800,185.4608652512277,186.21466435520009,184.07723158190143,185.1799834235956,41595.09152097748
1773410400,185.1799834235956,185.63744839800444,181.76314708366536,182.08966401009732,115137.98260391437
1773414000,182.08966401009732,182.7488620846769,180.68820660872024,181.0402067784349,117266.51474011144
1773417600,181.0402067784349,182.05261540710825,180.59465362616163,181.5909834588925,42867.504280622605
1773421200,181.5909834588925,181.7628434601696,180.17466311003412,180.73977672276692,45773.05160644484
1773424800,180.73977672276692,181.20786203798832,180.01188999400657,180.76421755352737,52205.95822769306
1773428400,180.76421755352737,181.1429577377108,179.7035816884208,179.7035816884208,34533.23341168441
1773432000,179.7035816884208,180.33179540268617,179.7035816884208,180.33179540268617,57.49011456782592
1773435600,180.33179540268617,180.7356898376221,180.33179540268617,180.7356898376221,100.16216317372069
1773439200,180.7356898376221,180.8851328821795,180.6635506937656,180.6635506937656,1471.0920282148304
1773442800,180.6635506937656,180.8956207288869,179.42744104217195,180.45646417821823,1262.683979186594
1773446400,180.45646417821823,180.6062822827473,179.91770861851742,180.32394066655303,1330.150202762829
1773450000,180.32394066655303,180.36827579404536,179.6879860609426,180.0988793375699,3970.985005977504
1773453600,180.0988793375699,180.0988793375699,180.0118209849428,180.0118209849428,0.0118609788846978
1773457200,180.0118209849428,180.30900723275116,179.66349563032506,179.66349563032506,8525.56219846194
1773460800,179.66349563032506,180.80500410144288,179.66349563032506,180.80500410144288,147.75858343661756
1773464400,180.80500410144288,180.80500410144288,180.42272100122963,180.42272100122963,279.5678458933587
1773468000,180.42272100122963,180.5969228638587,179.67246633545247,179.92818753607432,22792.78049823596
1773471600,179.92818753607432,180.0253980176878,179.56026694127976,179.93389186350825,367.18778081234
1773475200,179.93389186350825,180.1982564191353,179.47446276260638,180.1982564191353,4009.201527414418
1773478800,180.1982564191353,180.1982564191353,179.4154030145723,179.7023898187473,550.8899623232401
1773482400,179.7023898187473,180.18089975489133,179.32728653857097,179.32728653857097,1602.4794630838246
1773486000,179.32728653857097,179.72997712296404,179.32728653857097,179.63083108912036,285.90215906403205
1773489600,179.63083108912036,180.06375182320116,179.42128336057863,180.06375182320116,160.19388244609914
1773493200,180.06375182320116,180.06375182320116,178.92090612010958,179.9823908720058,516.8743138808246
1773496800,179.9823908720058,179.9984502271121,178.91531640249298,179.48283694807242,1099.3711786981414
1773500400,179.48283694807242,180.0877470853693,179.48283694807242,179.97296115677264,2780.4801051853437
1773504000,179.97296115677264,180.2678787065041,179.49530330641036,179.50912099416544,694.1686020208668
1773507600,179.50912099416544,179.7126513522775,179.50912099416544,179.63250399162996,1073.203561927221
1773511200,179.63250399162996,180.2193270385438,179.2978343638478,179.57053471984352,14181.082722519006
1773514800,179.57053471984352,180.56736097566528,179.26948975359971,179.5370535103009,38040.18938507882
1773518400,179.5370535103009,180.09544750077998,179.37658621278004,179.721764330931,3109.68945077309
1773522000,179.721764330931,179.721764330931,179.42434580310808,179.68979860760248,60.121134545825385
1773525600,179.68979860760248,179.89670959980103,179.68979860760248,179.83199522197992,59.91579640005153
1773529200,179.83199522197992,179.9942676103763,179.26448820674142,179.77847397850508,4918.7844815868575
1773532800,179.77847397850508,180.29741767199397,179.77847397850508,179.9275394082322,384.07206886911126
1773536400,179.9275394082322,180.8105960519877,179.847353803845,180.35720165808303,6565.749608091492
1773540000,180.35720165808303,180.93532441206008,179.9303927884391,180.9325262069064,20036.18097945613
1773543600,180.9325262069064,181.3517743860259,180.75190626022084,180.75190626022084,848.6354771532527
1773547200,180.75190626022084,180.94262320996413,180.75190626022084,180.900975379966,7338.137391005653
1773550800,180.900975379966,181.0722699049812,180.4484926846528,180.8242001993203,1699.9279932261295
1773554400,180.8242001993203,181.09294638921537,180.8242001993203,181.09294638921537,709.3739948476534
1773558000,181.09294638921537,181.50504368361396,180.79922607339708,180.9437660863003,4310.95373240619
1773561600,180.9437660863003,181.1067919519305,180.87261628842583,180.90795309132608,12504.134856527711
1773565200,180.90795309132608,181.73599090695672,180.90795309132608,181.5358057063032,20993.122641739425
1773568800,181.5358057063032,181.5358057063032,180.98559714653425,181.07104499810708,1625.3160214840154
1773572400,181.07104499810708,181.51783912320997,180.84961249500796,180.84961249500796,1034.634824209474
1773576000,180.84961249500796,181.42894080691312,180.84961249500796,181.28455168229755,5850.972127280518
1773579600,181.28455168229755,181.89224991456595,180.92099619059613,181.29121411963445,2585.5342370026683
1773583200,181.29121411963445,181.29121411963445,180.9814330881276,181.00596331529687,957.4565095046688
1773586800,181.00596331529687,181.4439837725109,180.9621965185669,181.3534101739712,2641.6591427445346
1773590400,181.3534101739712,181.774087167366,181.2939040794608,181.2939040794608,206.3617944921451
1773594000,181.2939040794608,181.3929423638838,180.63533337538257,180.83548332877209,2222.9111283536904
1773597600,180.83548332877209,181.72636595062485,180.83548332877209,181.6005856661313,698.1071744156782
1773601200,181.6005856661313,181.63072576499508,180.68857246288948,180.68857246288948,176.94643628835075
1773604800,180.68857246288948,181.55078327391908,180.68857246288948,181.376227505778,10796.306039895686
1773608400,181.376227505778,181.82231182092715,180.62420710748088,181.36574949086983,15214.013032341813
1773612000,181.36574949086983,181.8194186939169,180.15308204864232,181.78911731631607,8894.842774832223
1773615600,181.78911731631607,182.3872630907656,181.2143925793546,181.28976499247696,17312.011358499323
1773619200,181.28976499247696,182.3939800327088,180.83806493065745,181.7590493863937,12161.231312181648
1773622800,181.7590493863937,182.20693273930144,181.52054883059915,182.1716296328637,438.8054522719815
1773626400,182.1716296328637,182.1716296328637,181.1415084475402,181.3890861418755,31147.932212183103
1773630000,181.3890861418755,182.34433522700647,180.85352824815408,181.30918210941132,4043.032631512724
1773633600,181.30918210941132,182.10085972462332,180.94908242932047,181.2432378413069,2474.846093857779
1773637200,181.2432378413069,182.50414991883528,181.2432378413069,182.50414991883528,20322.818340680915
1773640800,182.50414991883528,182.9727654577576,181.72094034402355,182.4678438442364,16612.10304412952
1773644400,182.4678438442364,182.4678438442364,181.73439325955616,182.169628330057,13783.995415257568
1773648000,182.169628330057,182.55389398665343,181.90423513903795,182.0984477218876,2867.336952580629
1773651600,182.0984477218876,182.52743429875915,181.4264579144176,181.71337176721812,25112.118330921545
1773655200,181.71337176721812,182.43671765375132,181.60701890782323,182.07662345624405,28177.010559407023
1773658800,182.07662345624405,182.67533334766927,182.07662345624405,182.67533334766927,9591.343902268696
1773662400,182.67533334766927,183.90129107392704,182.5567246478225,183.4038846947369,67043.63775751783
1773666000,183.4038846947369,184.9775069963486,182.633058652913,184.27431760875425,89037.7060802481
1773669600,184.27431760875425,184.6897891681748,182.86938807025757,183.6313595680014,63557.852585764966
1773673200,183.6313595680014,184.98536084678625,183.2974476605462,184.40608510277963,13817.159114351643
1773676800,184.40608510277963,184.40608510277963,183.20835290460207,184.173321002058,8222.153620811405
1773680400,184.173321002058,185.14285272215463,184.16667119054304,184.96366436832548,5063.18002835207
1773684000,184.96366436832548,185.54116084203227,184.22242012448055,184.33199081522,13798.54799941824
1773687600,184.33199081522,188.95266773429825,181.23842417076517,182.73095518608088,280804.9150348596
1773691200,182.73095518608088,183.51836316229657,182.32871255168317,182.59165112079995,64548.518273991634
1773694800,182.59165112079995,182.97907973551864,181.79516911107967,182.66838225227968,3166.7853102582685
1773698400,182.66838225227968,183.0668084859099,182.03594110144525,183.0668084859099,2944.6466799049467
1773702000,183.0668084859099,183.25150394765677,182.2014341052753,183.25150394765677,1861.7253761061595
1773705600,183.25150394765677,183.32947731428672,182.0464026317993,183.01505326130777,22509.1880169986
1773709200,183.01505326130777,183.33507511969376,182.0581689641239,183.0670197064666,911.4662062382512
1773712800,183.0670197064666,183.17924305751012,182.4456353958068,183.03640682115557,993.7501140880108
1773716400,183.03640682115557,183.1531041185393,182.24269673438545,182.5323681660612,2574.5398183275342
1773720000,182.5323681660612,183.4094493813703,182.42624428692864,182.97705210487547,23337.23073808803
1773723600,182.97705210487547,183.8493163167065,182.1296909382837,183.4450581981735,29009.73356729491
1773727200,183.4450581981735,183.4450581981735,182.57444006259217,183.0983864268244,28192.635549162194
1773730800,183.0983864268244,183.41080785848004,182.75197819463395,183.40817663876945,14309.71433748572
1773734400,183.40817663876945,183.5277668657813,182.81666683026916,183.45531674965363,11237.768853188712
1773738000,183.45531674965363,184.3747578322601,182.94493435668085,183.7061484551255,16702.41024695034
1773741600,183.7061484551255,184.28154227599856,183.39173949760243,183.92230831024293,5895.073813278616
1773745200,183.92230831024293,183.92230831024293,182.97714140673312,183.61844190517536,9753.486096297494
1773748800,183.61844190517536,184.3764430730075,183.1776973164808,183.81950847257968,22379.13684588513
1773752400,183.81950847257968,185.28478765426493,182.84311334601,183.27944146629224,80205.04827911177
1773756000,183.27944146629224,183.61519746866352,181.92127036418628,183.0465792170396,142283.31515785915
1773759600,183.0465792170396,183.46834860526155,181.9055772593272,182.09248289343037,67024.34253859524
1773763200,182.09248289343037,183.10595083908828,181.3195583626521,181.82099553134688,71949.123928126
1773766800,181.82099553134688,183.32560405092292,181.71340067860572,182.86913033862976,41295.05594798867
1773770400,182.86913033862976,183.39688559717084,182.5059045328977,182.50842880155489,43603.59760480528
1773774000,182.50842880155489,183.58154465327095,181.9397632145089,182.24976688999357,89986.23561430254
1773777600,182.24976688999357,182.75184151779445,181.9710303162396,182.75184151779445,3741.4806310242902
1773781200,182.75184151779445,182.75184151779445,181.57058043827436,182.5244582799033,4436.923909572919
1773784800,182.5244582799033,182.68638427209652,181.64576023184995,182.62448803850515,9043.59877248645
1773788400,182.62448803850515,182.82512010243104,182.4101336780282,182.82512010243104,3815.895969302053
1773792000,182.82512010243104,183.07422890857535,182.1938821732091,182.25774654262173,9857.812637581674
1773795600,182.25774654262173,183.25642185494,182.2224494625768,183.20106504854715,20942.035680804413
1773799200,183.20106504854715,183.3236798207064,182.6055653919269,183.02564874368807,1848.2772155179036
1773802800,183.02564874368807,183.47277321031527,182.31213842185505,183.47277321031527,1677.0073502623
1773806400,183.47277321031527,183.5597699476349,182.58054966350772,183.2017810376892,6129.714772565617
1773810000,183.2017810376892,183.92652973121744,182.0163825451868,183.35979671215,21321.0525156379
1773813600,183.35979671215,183.7637405477703,182.75925702397475,183.29890053970072,6462.607846791752
1773817200,183.29890053970072,184.0383340288543,183.29890053970072,183.58130364773112,5919.709753016607
1773820800,183.58130364773112,184.7070645624948,182.84011545266048,184.11332681747476,16492.738370934603
1773824400,184.11332681747476,184.74117712805764,183.6613273874545,184.0119335224892,15629.97635232073
1773828000,184.0119335224892,184.6428640810958,183.21454516243435,183.5437464260216,25962.549328854504
1773831600,183.5437464260216,184.62168016013968,183.0545663230998,183.44899742960476,29926.42056623565
1773835200,183.44899742960476,183.95937909318704,181.53590519460045,182.58998474075156,118080.64933537527
1773838800,182.58998474075156,182.81298876586263,180.50270839085445,182.37430248227,150926.46411770122
1773842400,182.37430248227,183.4184612219717,181.96269908015395,182.7837258895255,152493.85303594233
1773846000,182.7837258895255,183.86023097777397,182.1161695472776,182.3829482843072,50405.25927746886
1773849600,182.3829482843072,183.22836219986615,182.31083435059256,182.9326529395391,14353.345078172231
1773853200,182.9326529395391,182.9811591387708,181.66919783980157,182.41261216212223,42007.57698201136
1773856800,182.41261216212223,183.15103603439047,181.58136813223496,182.05909606227544,101081.20436416604
1773860400,182.05909606227544,182.05909606227544,180.44648575017064,180.4842841650951,42201.77884082561
1773864000,180.4842841650951,181.22032541431287,180.08214592767234,180.44384562576025,17446.664784955035
1773867600,180.44384562576025,181.03867641569883,180.14270451969188,180.54620393699523,2807.958176300436
1773871200,180.54620393699523,180.9346208763746,180.0590578175257,180.44390854778163,27097.05044075725
1773874800,180.44390854778163,180.8308550950837,179.97848370398216,180.69058920355943,1046.999313460184
1773878400,180.69058920355943,181.00397189048564,180.3886370652324,180.4345340752023,3961.073010380201
1773882000,180.4345340752023,180.8719410915472,180.23118757352012,180.3489176709312,5215.7432814219765
1773885600,180.3489176709312,181.3364211107083,180.3489176709312,180.93492013243008,14376.506642840814
1773889200,180.93492013243008,181.5848831297562,180.33785117014224,181.1882187565781,25898.367462862578
1773892800,181.1882187565781,181.58793993902907,180.77259447326992,180.84892111418677,13612.587031344325
1773896400,180.84892111418677,181.2361980510979,180.7851372511878,181.1333097561576,14551.299700025796
1773900000,181.1333097561576,181.43855575533144,180.2811049419487,180.41473291732552,62951.99112062921
1773903600,180.41473291732552,181.19789798163052,179.98591814947915,180.64728872568512,15012.88096595127
1773907200,180.64728872568512,181.08899053143347,179.7425279557627,180.1677410952874,12626.261768333105
1773910800,180.1677410952874,180.53997238015512,179.4757882499283,179.77702059942183,12716.4813584157
1773914400,179.77702059942183,180.55573470169088,179.77702059942183,180.55573470169088,3378.090112437647
1773918000,180.55573470169088,180.55573470169088,179.14954902633175,179.6765311584317,24214.462671404828
1773921600,179.6765311584317,179.6765311584317,178.409439355669,178.99643790499638,10694.89534374598
1773925200,178.99643790499638,179.25721208324558,175.63367620120636,177.39093141625602,69645.65239547347
1773928800,177.39093141625602,178.54872309206814,177.34102312697436,177.91024378149783,25331.38859721724
1773932400,177.91024378149783,179.28694121223702,177.83331677874614,178.12920412529323,16904.654798161027
1773936000,178.12920412529323,179.04886366505352,178.00622218891093,178.22550964284545,11553.703702684576
1773939600,178.22550964284545,178.8540824144266,177.2540175587718,178.35467679345453,44752.005716041545
1773943200,178.35467679345453,179.45768814350367,178.18154831294277,178.26836937057385,16628.84777918163
1773946800,178.26836937057385,180.12348663175842,178.14213493819858,178.77355644636555,42585.50752669261
1773950400,178.77355644636555,178.92753289154405,178.35073966257184,178.92753289154405,4001.786681922036
1773954000,178.92753289154405,179.3454444296127,178.46212262546223,179.0465815703773,3253.3960428823966
1773957600,179.0465815703773,180.31568582444788,179.0465815703773,179.54794456921485,14706.02322263218
1773961200,179.54794456921485,179.54794456921485,178.98719539578386,179.1139226031808,4916.963293530445
1773964800,179.1139226031808,179.7494231711483,179.038437432898,179.6852993545742,1185.896905735773
1773968400,179.6852993545742,179.6852993545742,178.68423355168684,179.5153703000744,1287.560006746226
1773972000,179.5153703000744,179.94599778751365,179.12284910218995,179.52614213673505,1264.3135782231732
1773975600,179.52614213673505,179.52614213673505,178.8030691525047,179.0389096632706,3271.6280550353117
1773979200,179.0389096632706,179.66419627706745,178.92600272987963,179.356974549475,9832.911856952614
1773982800,179.356974549475,179.77560060905984,178.91344023501657,179.3368061836908,2357.602986220249
1773986400,179.3368061836908,179.53917612382853,178.429934698652,179.02638400715762,14933.927998276798
1773990000,179.02638400715762,179.02638400715762,178.04406650250002,178.33102931792513,17221.326315298218
1773993600,178.33102931792513,179.4897042709773,178.2975828708042,179.0567182707602,27810.145614349545
1773997200,179.0567182707602,179.3251056109555,177.8827905670991,178.23429237933803,26303.94839916098
1774000800,178.23429237933803,178.2360091292258,177.168985077868,177.86717845741774,17132.54701676005
1774004400,177.86717845741774,178.47615808898772,177.525136649341,177.68517405563077,13484.69420044485
1774008000,177.68517405563077,178.68749849511877,177.63514142671292,178.2996655854567,9697.341929265209
1774011600,178.2996655854567,178.68223222999495,176.30533699677488,176.36313290965347,54203.85555363542
1774015200,176.36313290965347,176.84530392084548,175.46396661059117,176.1620632712952,35504.74170310944
1774018800,176.1620632712952,176.49958254871743,175.41483558606245,176.1720706002257,13875.234712973172
1774022400,176.1720706002257,176.43163842431082,175.4396478828974,175.82398839151838,23270.958870639028
1774026000,175.82398839151838,176.0780156113057,174.5931546241963,174.81753081158624,14341.44451335258
1774029600,174.81753081158624,175.0157179164558,173.4230277541836,173.7428121410426,22981.13808380302
1774033200,173.7428121410426,174.1719032975307,172.1618517288824,172.83373285366184,53933.58342493662
1774036800,172.83373285366184,174.1746046989831,172.363619784879,174.1746046989831,28532.083876356493
1774040400,174.1746046989831,175.5083924772319,173.87389029623952,175.5083924772319,23223.20767425643
1774044000,175.5083924772319,175.65463322180997,174.36501049892132,175.14156199359104,7559.903028231496
1774047600,175.14156199359104,175.47932496490398,174.98838217844929,175.11394481400762,4792.408642399416
1774051200,175.11394481400762,176.1642148306588,174.83247361898248,175.18253259670658,45237.87311609201
1774054800,175.18253259670658,175.65444744635116,174.519288252465,175.65444744635116,141.8001106290276
1774058400,175.65444744635116,175.65444744635116,175.1818150300971,175.1818150300971,977.8758718186627
1774062000,175.1818150300971,175.50345136465893,174.74367113798422,174.74367113798422,536.8741753526689
1774065600,174.74367113798422,175.356795713366,174.67475816720832,175.30616771180476,1589.830830334727
1774069200,175.30616771180476,175.65420886730342,175.02902335703342,175.65420886730342,4056.0721088558175
1774072800,175.65420886730342,175.65420886730342,174.6573981930555,174.70878295304666,2841.071351629017
1774076400,174.70878295304666,175.3623660800789,174.62098480995462,175.28740176957513,3337.135970651693
1774080000,175.28740176957513,175.41345109366316,174.95981070068422,175.09987787910487,3145.6096420783656
1774083600,175.09987787910487,175.48082853940545,174.84057909977554,175.36565227499426,7785.341555144467
1774087200,175.36565227499426,176.18421949118058,175.2263395820435,175.52889953759137,18653.302529894583
1774090800,175.52889953759137,176.21426203654798,175.23431581388482,175.6626503316225,13035.237726265266
1774094400,175.6626503316225,176.38911584563743,175.00086982970777,175.24590809288117,16282.14573806287
1774098000,175.24590809288117,176.08779975778427,175.01752799781104,175.59544447390752,2800.224511672396
1774101600,175.59544447390752,175.9092646480235,174.84275269925445,175.67489831789382,12092.610511745495
1774105200,175.67489831789382,175.8523356520746,175.12924769739908,175.621454073489,3119.86323164086
1774108800,175.621454073489,176.11378695380597,175.2078078114612,175.85865083035984,2927.108520406676
1774112400,175.85865083035984,176.00388295434954,175.26765704280973,175.52093581266186,16785.88492660379
1774116000,175.52093581266186,175.7612633286633,175.16746699324352,175.60684621491436,4736.7950613307385
1774119600,175.60684621491436,175.77962306959543,175.05600635464162,175.19565591927116,3118.164676331871
1774123200,175.19565591927116,175.5831828097599,175.00857386147905,175.32635935502498,2151.9149956766423
1774126800,175.32635935502498,176.0467558568022,175.31633922133116,175.68694932427158,7991.630620805006
1774130400,175.68694932427158,175.9954210092623,175.11116811684886,175.69421967273942,5231.579359137466
1774134000,175.69421967273942,176.62014263591377,174.4670310097137,174.73367383186476,8755.572430563905
1774137600,174.73367383186476,175.64198453390998,174.22341016352803,175.16841327534436,9725.449584342296
1774141200,175.16841327534436,175.16841327534436,174.32110274953428,174.32110274953428,2276.243039226043
1774144800,174.32110274953428,175.29248457562286,174.00615825553058,174.18937451306408,27827.23419481659
1774148400,174.18937451306408,174.71177484753355,173.41765400109776,173.67230480920017,2075.8559726553576
1774152000,173.67230480920017,174.26321590476368,173.53069451825482,174.0533370695944,2813.138052417411
1774155600,174.0533370695944,174.47458018149487,174.0533370695944,174.47458018149487,638.4913104033685
1774159200,174.47458018149487,174.47458018149487,173.7700636866416,174.40591459997415,1596.888338705807
1774162800,174.40591459997415,174.4313043398134,174.1037045015941,174.3683900161723,2463.757306621916
1774166400,174.3683900161723,174.41574425649296,173.47605428066814,173.47605428066814,2975.621883703131
1774170000,173.47605428066814,174.226742608468,173.41334683551952,174.147849116095,15218.487436506955
1774173600,174.147849116095,174.2375887217983,173.4898519314501,173.4898519314501,12953.592387563202
1774177200,173.4898519314501,174.3496629513908,173.44326590694908,174.24840236928986,2259.6600949967537
1774180800,174.24840236928986,174.34173675511082,173.52256614770525,174.0281077843059,2408.8879765768947
1774184400,174.0281077843059,174.4270941992384,173.63309582776424,173.8750387424776,6345.526778165825
1774188000,173.8750387424776,174.25245896052843,173.6397971926662,174.0416855017926,3754.418737167811
1774191600,174.0416855017926,174.3876023123136,173.3991011598326,173.99798096819947,22674.652935159786
1774195200,173.99798096819947,174.14646555400574,173.66346752360874,173.66346752360874,454.92167229929714
1774198800,173.66346752360874,174.45456040019818,173.66346752360874,174.45456040019818,2693.913042438282
1774202400,174.45456040019818,174.55437133022087,173.44048619994928,173.44048619994928,10710.835422130262
1774206000,173.44048619994928,174.08952752384357,173.44048619994928,173.4889508689269,4558.883895316135
1774209600,173.4889508689269,173.86537934824872,173.16016985552818,173.57734262121042,3908.282161064849
1774213200,173.57734262121042,174.26872478521008,172.46020737227371,172.592263399234,10343.635999487797
1774216800,172.592263399234,173.11297873335184,171.88507518071538,172.8187850468765,11333.487505913472
1774220400,172.8187850468765,173.2686737758536,172.5459837685569,172.89018043150807,2271.399754454794
1774224000,172.89018043150807,173.58442795048936,172.09111681894618,172.59583034436503,17221.546728752808
1774227600,172.59583034436503,173.73354621402666,172.17942863857513,173.13445699757966,10965.57237736633
1774231200,173.13445699757966,173.3869060529101,172.4998946833227,173.14106071984176,4268.736963012078
1774234800,173.14106071984176,173.28834809895238,172.34478888931034,172.6265900128525,5252.438222994124
1774238400,172.6265900128525,173.014053331445,172.3222967876579,172.33450270471883,4607.452563624092
1774242000,172.33450270471883,173.06829274946256,172.12013665545678,172.28691839466904,7992.079137567274
1774245600,172.28691839466904,172.4979776967582,171.58898302027697,171.69072780975702,10828.714400852405
1774249200,171.69072780975702,171.9110897453188,169.83959765898297,170.68726543054822,23337.275089666688
1774252800,170.68726543054822,173.16375629221767,170.68726543054822,172.1161033455533,59219.32049610697
1774256400,172.1161033455533,172.1161033455533,170.82604689448152,170.87307984248105,7780.524239778239
1774260000,170.87307984248105,171.5818413267865,170.60047580910907,171.06580960950458,11256.187577691113
1774263600,171.06580960950458,178.0764723490483,170.94441973357954,175.52211228556587,206219.2933038594
1774267200,175.52211228556587,177.07438139579838,174.71799100927834,176.92674069393536,34954.97792789753
1774270800,176.92674069393536,178.43270828334826,176.21437691280437,177.0634301860331,55919.12740507323
1774274400,177.0634301860331,178.09399910196478,176.76231513643637,177.40297020966366,31275.096610489458
1774278000,177.40297020966366,178.30789155943376,175.40220231832166,175.40220231832166,42400.744034746655
1774281600,175.40220231832166,175.88823289455797,174.64333031673658,175.7128639825165,17225.307004076596
1774285200,175.7128639825165,176.08997961702116,174.9552064891624,175.9813202665834,13678.29794790211
1774288800,175.9813202665834,177.03679713134235,175.85628677422164,176.6997302329624,25518.98854448955
1774292400,176.6997302329624,176.9695541877216,175.82019790686277,175.82928643465883,19551.56798102179
1774296000,175.82928643465883,176.28551233705454,175.29253660972253,175.79934074954645,7325.607112135782
1774299600,175.79934074954645,176.03842203972567,175.3496508318181,175.83546638687758,1408.23562216576
1774303200,175.83546638687758,176.42118465110792,175.44549994867262,176.42118465110792,4722.598950028854
1774306800,176.42118465110792,176.55163554069048,176.07096939965362,176.20888750580158,1694.557826498252
1774310400,176.20888750580158,176.20888750580158,174.8257277975266,175.14342251309102,17970.78451967524
1774314000,175.14342251309102,175.42974408356946,173.71144993120896,174.402755042586,16643.125747872327
1774317600,174.402755042586,174.73930381636737,174.05827168135346,174.70411260120972,2399.707503029446
1774321200,174.70411260120972,174.84129923222622,174.17155367492214,174.75079821447778,781.781528242185
1774324800,174.75079821447778,175.23044901227476,174.36781075269587,175.11296392379893,3837.2421677306775
1774328400,175.11296392379893,175.20373586771512,174.53424637436368,174.98137634639988,11048.67040774024
1774332000,174.98137634639988,175.87205723684465,174.83967330707395,175.87205723684465,10723.44689021053
1774335600,175.87205723684465,176.94394357273043,175.59368636117335,176.2883306059375,34052.80591010725
1774339200,176.2883306059375,177.0394793645561,175.78599994297932,176.18952787929732,24514.48991017836
1774342800,176.18952787929732,176.18952787929732,175.1662904264085,175.55931772699375,13630.90560905235
1774346400,175.55931772699375,176.72379687848385,175.55931772699375,176.22150424145616,1935.3373685446843
1774350000,176.22150424145616,176.83595333247138,175.84696241398186,175.9968274421212,14567.984560064891
1774353600,175.9968274421212,175.9968274421212,174.61307466662953,174.61307466662953,8178.124720975596
1774357200,174.61307466662953,175.83989208055348,174.26693398273477,174.32249912902887,43414.63596568295
1774360800,174.32249912902887,176.65319525612725,173.82607790776902,174.58596497392594,34662.79726148439
1774364400,174.58596497392594,176.14807396174157,174.45883453153655,175.70931032628022,24072.38969474408
1774368000,175.70931032628022,175.78255047487846,174.42348919605988,175.07478524055864,14107.80982641536
1774371600,175.07478524055864,175.4749384583874,174.26484747368687,174.70688356898293,12605.919402243248
1774375200,174.70688356898293,176.26173663421514,174.70688356898293,175.8391511613781,16618.22148342195
1774378800,175.8391511613781,175.9677768784648,175.18878913420485,175.18878913420485,5561.5901818959055
1774382400,175.18878913420485,177.40709647446053,174.97065614884983,177.00574294538407,67188.22699004896
1774386000,177.00574294538407,177.27203572782517,176.47291431873367,177.19361658121267,1109.9483183417217
1774389600,177.19361658121267,177.46075087122344,176.72254181266095,177.1505260882733,1100.8717335563888
1774393200,177.1505260882733,177.28260893284045,176.62652331478043,176.995556759564,1274.7711797832296
1774396800,176.995556759564,178.15864027228184,176.5728008885607,177.7733654834183,28528.4810571982
1774400400,177.7733654834183,178.01770905253235,177.22450771723564,177.6508528625122,16662.877244629603
1774404000,177.6508528625122,177.6558724118889,176.34968357507486,177.09071542860676,18093.587006019352
1774407600,177.09071542860676,177.34361584930784,176.3905051114584,177.34361584930784,1416.5974445157285
1774411200,177.34361584930784,177.67800892357545,176.79965333599372,177.09165649358286,11563.34487060546
1774414800,177.09165649358286,177.7416627349668,176.99819613189575,177.41145454313897,7185.765291196711
1774418400,177.41145454313897,177.69246455534986,176.32342707658248,177.17323228502352,16426.97684315486
1774422000,177.17323228502352,177.35128426425635,176.9778460815338,176.9778460815338,2448.990123750571
1774425600,176.9778460815338,178.17383718177948,176.92302384050276,178.17383718177948,40238.927735478486
1774429200,178.17383718177948,178.17383718177948,177.43424257416672,177.43424257416672,5287.881552821359
1774432800,177.43424257416672,177.75948567089617,177.0368719007442,177.63684312415475,165.5070629731915
1774436400,177.63684312415475,178.41954915412978,177.02310082197636,178.19321206851,13960.786468650838
1774440000,178.19321206851,178.50175541233767,176.93527278493573,177.8834096859144,21349.302705190992
1774443600,177.8834096859144,179.6599890309004,176.99289188438425,178.4778197267617,104492.15980309034
1774447200,178.4778197267617,181.0053622020914,178.0881371180196,180.9518110559676,80399.38177892003
1774450800,180.9518110559676,180.9518110559676,179.115584382242,179.33391635012728,70486.2076592234
1774454400,179.33391635012728,179.69147575735974,178.44233725773196,179.2218474168924,16725.40444118027
1774458000,179.2218474168924,179.832770470978,178.85432769374728,179.24586236376226,24351.02284083238
1774461600,179.24586236376226,179.67991438771762,178.4945143687973,178.4945143687973,20604.12634736629
1774465200,178.4945143687973,178.87367016377814,177.7433106527658,178.72004581956912,29259.300996985254
1774468800,178.72004581956912,179.1483068883741,178.313686829859,178.85652918146923,4933.108326090118
1774472400,178.85652918146923,179.00894446409484,178.415928624796,178.62210828270278,3708.096737932015
1774476000,178.62210828270278,179.55299472942588,178.14648034570308,178.38254602247127,11579.461052464489
1774479600,178.38254602247127,178.8940196671405,177.78230410143172,178.43582772869246,10657.655576967049
1774483200,178.43582772869246,178.91859677734746,177.8850400170477,178.62822186394416,4757.564017223654
1774486800,178.62822186394416,178.62822186394416,177.84149755846005,178.53744590565964,5436.237576599368
1774490400,178.53744590565964,179.14812199185468,177.60977268044664,177.99604840985245,25569.467562595084
1774494000,177.99604840985245,179.0451026535707,177.92061435967477,177.97826975919517,20227.754231760107
1774497600,177.97826975919517,178.80344484310012,177.80117189998435,177.80117189998435,13400.277351914738
1774501200,177.80117189998435,178.30029832366574,177.57001134991097,177.72079752940246,14749.893660521362
1774504800,177.72079752940246,177.9700088585083,177.1058645693121,177.11251983983206,17595.912228232824
1774508400,177.11251983983206,177.60304859592551,176.8821596614991,177.11013086363351,22280.842589654192
1774512000,177.11013086363351,178.0018254364602,176.62974641910105,176.62974641910105,28044.363708652563
1774515600,176.62974641910105,177.09117847084698,175.57948173451618,176.06928681624757,18629.43279739493
1774519200,176.06928681624757,177.3883493898897,176.06928681624757,176.77086533401007,24535.722816515747
1774522800,176.77086533401007,177.37077560086718,176.14060686885534,176.70924598077497,74653.18867900426
1774526400,176.70924598077497,176.70924598077497,175.78213842878887,176.6253721970457,6632.516831771377
1774530000,176.6253721970457,177.345003323333,175.4110999368287,175.70501321718004,40310.58952589565
1774533600,175.5947498287139,175.9717838334501,173.13482875076892,173.6579694064555,55992.18650604626
1774537200,173.6579694064555,174.59629424624737,173.53278834578936,174.36321943753555,16255.434084972056
1774540800,174.36321943753555,175.07211033863672,173.39026516770977,173.39026516770977,19558.82645436053
1774544400,173.39026516770977,174.6003189131063,171.76256382279354,172.04478977888982,30043.82688838679
1774548000,172.04478977888982,172.64486094993842,171.9192546339156,171.9192546339156,6672.016551792056
1774551600,171.9192546339156,172.51439201373634,171.27649800501052,171.56437958849887,18025.67680337442
1774555200,171.56437958849887,172.8084936268162,170.80471506465736,172.35503615364487,24814.017115539667
1774558800,172.35503615364487,172.73233071136897,172.09574565848985,172.6723599499675,654.6735169955465
1774562400,172.6723599499675,172.76556665994713,171.8992398354758,172.11816411165313,1779.5476818317268
1774566000,172.11816411165313,172.63167531016458,171.73225149991768,171.73225149991768,828.4146596049278
1774569600,171.73225149991768,172.7781910209548,171.73225149991768,172.0469847388857,8641.323111251711
1774573200,172.0469847388857,174.12069768525788,171.66050536923495,174.12069768525788,3991.405948439529
1774576800,174.12069768525788,174.12069768525788,172.2165888930084,172.80089298923755,748.8785054429428
1774580400,172.80089298923755,172.89431347272037,172.13836782890166,172.47741590239195,5128.388564627659
1774584000,172.47741590239195,173.19358259694428,172.47741590239195,172.92657599132755,16537.72645935657
1774587600,172.92657599132755,173.85869286206471,172.67908578570933,173.24647921621707,48507.22264131583
1774591200,173.24647921621707,173.38174691752735,172.62151139937046,172.86764198864165,30666.695953181472
1774594800,172.86764198864165,173.0777761935268,172.44707334161097,172.73071702875444,2100.7639450216184
1774598400,172.73071702875444,173.20845417471662,171.74641258273505,172.16573994527474,34451.55712588477
1774602000,172.16573994527474,172.50102938954095,171.24992897838172,171.9029021003577,16386.756107340563
1774605600,171.9029021003577,173.27858043210085,170.46669116153896,170.67652135974805,10371.392944748764
1774609200,170.67652135974805,171.56067703300408,170.33105183602245,171.56067703300408,8468.236387580808
1774612800,171.56067703300408,172.10009034395668,171.12411934952098,171.41598071065866,18313.331275463108
1774616400,171.41598071065866,171.41598071065866,168.35903678613002,168.54563785598816,84730.45208096255
1774620000,168.54563785598816,169.927769373682,167.65591770115162,168.24985292226137,54473.073770807256
1774623600,168.24985292226137,170.18353547508215,168.1652347933429,169.95851098744046,29805.2591521173
1774627200,169.95851098744046,169.95851098744046,168.36066944038626,168.82224191378597,23265.550044721844
1774630800,168.82224191378597,169.36867336327072,167.4472366844667,167.9680146667346,18542.261196998446
1774634400,167.9680146667346,168.59968313001167,167.2973184936418,167.61394056307745,9181.517013940063
1774638000,167.61394056307745,167.91154282652468,167.0040483087204,167.70050105224516,16721.687353872712
1774641600,167.70050105224516,167.92899606240033,167.24701975455224,167.41848506262298,3705.0787667817312
1774645200,167.41848506262298,168.31546076933105,167.35204908782046,167.69810206415588,7037.770934229049
1774648800,167.69810206415588,167.9322042851292,167.19597154133112,167.29911044085264,6674.982178915927
1774652400,167.29911044085264,167.29911044085264,166.19010071834106,166.67181509388035,6096.95329181789
1774656000,166.67181509388035,167.2868935870082,166.1699126578371,166.4409577456839,28252.93862567285
1774659600,166.4409577456839,167.43109985893034,166.0712676699541,166.5896710223493,32420.2853864264
1774663200,166.5896710223493,167.22363200711098,166.1854641842696,166.453983276151,10059.111083141326
1774666800,166.453983276151,166.6206350293602,166.08152841397907,166.26772321547242,1790.2718759081076
1774670400,166.26772321547242,166.82111922449172,166.1652055739994,166.53503937142827,2163.392843140064
1774674000,166.53503937142827,167.04818600327943,166.53503937142827,166.6555865404711,325.98891422006983
1774677600,166.6555865404711,166.97802597898385,166.1162860334714,166.69042980000393,3428.6340816396587
1774681200,166.69042980000393,166.749597546557,166.36695903768225,166.66179774060384,4438.008075962155
1774684800,166.66179774060384,167.15753308678708,166.27894448091996,166.75576924409995,155.5394798788493
1774688400,166.75576924409995,166.90291552408223,166.72702351450718,166.90291552408223,1496.7227681183665
1774692000,166.90291552408223,167.52267503312433,166.61262844063336,166.7997909218422,50501.44660706952
1774695600,166.7997909218422,166.98990599776636,166.44489896693835,166.94696413805974,2529.753309922497
1774699200,166.94696413805974,167.29363316526397,166.60341041260605,167.25373087372594,9939.068577157474
1774702800,167.25373087372594,168.03308755725303,166.53076912969155,167.27385994086248,9964.188055304365
1774706400,167.27385994086248,167.82210210882016,166.63961001447595,167.82210210882016,14279.6258094079
1774710000,167.82210210882016,167.82210210882016,166.84867974752953,167.50185184486097,3614.628310899216
1774713600,167.50185184486097,167.75327034317104,167.20421649710698,167.63296749266613,401.970014419182
1774717200,167.63296749266613,167.66428088355536,167.0611524870989,167.389872098906,295.6471867921349
1774720800,167.389872098906,167.389872098906,166.8842381801858,166.8842381801858,2375.2860082097054
1774724400,166.8842381801858,167.42547554632517,166.8842381801858,167.3756665083599,1614.716789186332
1774728000,167.3756665083599,167.76996692693348,167.14822429690415,167.76996692693348,3755.8953853928792
1774731600,167.76996692693348,167.9188319626958,166.83512790977144,167.30223177059202,3392.859304224551
1774735200,167.30223177059202,167.30223177059202,167.13305093631595,167.13305093631595,78.27923630384693
1774738800,167.13305093631595,167.6148255749208,166.71291864750262,166.7754531640553,5376.789036026153
1774742400,166.7754531640553,167.51828825718565,166.7442590800094,167.13386494848564,3298.4868549665844
1774746000,167.13386494848564,167.46046969767104,166.6789266276597,166.92551990512985,2867.9776637689743
1774749600,166.92551990512985,167.17030591488398,166.7831326426362,166.95653593657056,4710.061952382564
1774753200,166.95653593657056,167.47280021611957,166.3655738765895,167.4454100323116,4542.483403993435
1774756800,167.4454100323116,167.89875664129198,167.17074746905053,167.17074746905053,4527.48202157447
1774760400,167.17074746905053,167.33224329324773,166.7453127936206,166.7453127936206,502.4250507650573
1774764000,166.7453127936206,167.2989231468086,166.4907083465047,166.4907083465047,691.849742105234
1774767600,166.4907083465047,167.1343605005742,166.4907083465047,166.80084039465322,601.5598949106289
1774771200,166.80084039465322,166.9191751750403,166.34066090241993,166.34066090241993,1271.8576072595404
1774774800,166.34066090241993,166.7716919239296,166.34066090241993,166.73131038244944,1134.9049375786833
1774778400,166.73131038244944,166.95422071478032,166.73131038244944,166.88553512195114,1578.7198409540283
1774782000,166.88553512195114,166.88553512195114,166.3563983047391,166.62909721975558,2025.5796075554665
1774785600,166.62909721975558,167.06974876051098,166.46348763898962,166.8460009482982,2323.848387076924
1774789200,166.8460009482982,167.15733539167744,166.12084878523126,166.97153337555363,5256.430333579289
1774792800,166.97153337555363,167.13136049962375,166.3250223356274,166.37738715210946,5474.984447354986
1774796400,166.37738715210946,167.0954721832452,166.29611798385207,166.4856981392366,6920.487753276172
1774800000,166.4856981392366,167.45863400198823,166.4856981392366,166.96529355103925,6615.825867966176
1774803600,166.96529355103925,167.24712696358742,166.75595521459084,166.83330174784598,5504.455485259566
1774807200,166.83330174784598,166.83330174784598,166.62454503091195,166.62454503091195,1256.0445465145776
1774810800,166.62454503091195,167.16299985343895,166.46319948732457,167.04703839761547,1574.611276459777
1774814400,167.04703839761547,167.20910188624313,166.53115449652114,167.20910188624313,3099.835454279388
1774818000,167.20910188624313,167.20910188624313,166.6551765050706,167.01431084718496,986.59701836514
1774821600,167.01431084718496,167.63348308312362,165.56939540699452,166.2774900459705,13390.291729955725
1774825200,166.2774900459705,166.8169827369046,165.92848933889698,165.92848933889698,8738.689802667592
1774828800,165.92848933889698,166.83499001017324,165.15161307867652,165.6164603835954,23105.477576918394
1774832400,165.6164603835954,167.16046117862257,165.3485764307426,166.3477599942925,5379.565412669572
1774836000,166.3477599942925,167.33255369615932,165.79563481168097,166.97601129502033,6415.4488938794775
1774839600,166.97601129502033,167.3010714945074,165.97205534461912,167.24000674159592,4500.992089593301
1774843200,167.24000674159592,168.01201098435706,166.581562285321,167.58116219287075,18975.39087786884
1774846800,167.58116219287075,168.14296038938153,167.3039064575693,167.3039064575693,2671.9797860588637
1774850400,167.3039064575693,168.79616542821023,167.3039064575693,168.4836319278535,20497.457158570287
1774854000,168.4836319278535,168.70853669733276,167.89041156430278,168.70853669733276,21542.98189776264
1774857600,168.70853669733276,169.41017080716313,167.76337141057306,169.41017080716313,27715.239628041945
1774861200,169.41017080716313,169.50073344821956,169.15828415424264,169.4945202781992,5223.6866043365735
1774864800,169.4945202781992,169.4945202781992,168.17574135461,168.17659552809351,21329.342247481047
1774868400,168.17659552809351,169.6076334537437,167.6226793379088,168.68928194886902,40181.94603072972
1774872000,168.68928194886902,169.4885545048116,168.2805966651021,169.11404625949464,16533.61142379769
1774875600,169.11404625949464,169.81661297581513,166.59020427432728,166.59020427432728,117158.64831729204
1774879200,166.59020427432728,168.28298416725744,166.42991830294815,168.19933089396594,60479.98271909491
1774882800,168.19933089396594,168.20673040015706,166.7979204224572,167.557795733651,49367.7693767297
1774886400,167.557795733651,167.85280810336187,166.18308824993113,166.2742460962536,33921.001925553035
1774890000,166.2742460962536,167.1978660064123,165.6066700379863,166.79015136820453,20088.650709465182
1774893600,166.79015136820453,166.79015136820453,165.41556032781213,165.789204133871,13214.62248798221
1774897200,165.789204133871,166.02833960808317,164.38626612525377,164.9934596893652,18396.169257486104
1774900800,164.9934596893652,165.49346489659854,164.33104248158426,165.24150153459223,21214.90511116141
1774904400,165.24150153459223,165.81344511066845,164.52274766559412,165.13867027944138,2905.350296322202
1774908000,165.13867027944138,165.64148297715067,164.43558684012342,164.83901289669046,7688.986986458879
1774911600,164.83901289669046,165.01806721379387,163.44180072721616,163.60389798362706,13785.715161766426
1774915200,163.60389798362706,165.41508963872545,163.15414576081136,164.8113120688783,42325.56196807794
1774918800,164.8113120688783,167.2115971525441,164.54999286801413,166.00505131868798,28376.011936136518
1774922400,166.00505131868798,166.41652612712127,165.61503046035375,166.2660205260562,5246.425181396483
1774926000,166.2660205260562,167.51417361829883,165.9262671108628,166.5576310134584,21305.026619466807
1774929600,166.5576310134584,166.99219524005807,165.39525216838572,165.95685962230388,4712.920005229112
1774933200,165.95685962230388,166.03458058920373,165.15920790638003,166.02439986576056,11695.451809646142
1774936800,166.02439986576056,166.53607999636895,165.58523586551192,166.43705756409815,8462.675265075308
1774940400,166.43705756409815,166.43705756409815,165.48781745480002,165.8992422482459,8160.8320376631345
1774944000,165.8992422482459,167.10971979816395,165.8992422482459,166.55345038535057,16515.98789127379
1774947600,166.55345038535057,167.45725590108674,165.78070199459972,165.78070199459972,19150.009694249457
1774951200,165.78070199459972,166.73220317754462,165.691561838814,166.24289887586752,11854.693657664762
1774954800,166.24289887586752,167.62495472301663,165.6844286902494,167.30384165715438,21179.36793557312
1774958400,167.30384165715438,168.2694579388829,166.70072803725228,167.64117078885334,29364.9890742575
1774962000,167.64117078885334,170.1671293067427,166.79138474203307,169.99645946272437,100233.40537584492
1774965600,169.99645946272437,171.46361739637467,169.46019629051386,169.5664616977854,79711.00552162809
1774969200,169.5664616977854,170.92894024865456,169.5664616977854,170.20537165769173,48912.52653369972
1774972800,170.20537165769173,173.68646878225655,169.93866056592515,172.99052061814314,131369.43553678188
1774976400,172.99052061814314,174.1587091217766,172.55821198903993,172.6621996041681,65082.02528168214
1774980000,172.6621996041681,174.3390789965476,172.60378337841686,173.7490852499656,53261.10397806629
1774983600,173.7490852499656,175.72424270787013,173.28078912530944,174.13532468862456,27813.49856717606
1774987200,174.13532468862456,175.46848021130913,174.13532468862456,174.71405867598412,4802.404241527282
1774990800,174.71405867598412,174.99580456342196,173.68686511822295,174.38193198407336,5963.995700386737
1774994400,174.38193198407336,174.6974590500228,173.71740049710448,174.13684229409236,10985.2715596779
1774998000,174.13684229409236,174.84202258451268,174.0906086987158,174.84202258451268,5606.531083261188
1775001600,174.84202258451268,175.72406862757137,174.40422374908104,175.07703163163103,10836.113608239755
1775005200,175.07703163163103,175.36303305916564,174.49906397670182,174.84634012289362,8490.421838504044
1775008800,174.84634012289362,174.99303890521426,174.35339992584403,174.93271536494774,672.2537977431964
1775012400,174.93271536494774,174.93271536494774,174.1452943456296,174.90907291766234,7536.234434473935
1775016000,174.90907291766234,175.46676415673954,174.84355194847168,175.2715439736446,4877.06793309811
1775019600,175.2715439736446,176.0446981176944,175.07073435212513,175.6360048681485,6746.223124249417
1775023200,175.6360048681485,176.95561417026366,175.2482474782098,176.76290968210623,12145.696993375928
1775026800,176.76290968210623,177.27632628388247,174.67134014354593,176.52455508331815,6438.66774835377
1775030400,176.52455508331815,176.6614110760774,175.0429513286081,175.89520171446802,97166.67796636529
1775034000,175.89520171446802,176.12807724030986,175.22281887677386,175.49612275975576,11711.00093208737
1775037600,175.49612275975576,176.05893265804335,174.75431223544524,175.7622204565768,9028.597094682256
1775041200,175.7622204565768,177.26311426819788,175.7622204565768,176.4551900521519,14919.949789104052
1775044800,176.4551900521519,177.08906364905388,175.91839948768683,176.05172721730312,17986.283264445483
1775048400,176.05172721730312,176.6236409948081,174.99988739342103,176.25776972225327,61817.900268904006
1775052000,176.25776972225327,176.4312327427906,175.20774086306028,176.4312327427906,21486.22497097722
1775055600,176.4312327427906,177.2843612664229,176.4312327427906,177.07879320619833,16104.177599149409
1775059200,177.07879320619833,178.99470926057447,173.91618470666165,176.91333409891774,32165.47935467398
1775062800,176.91333409891774,177.36008062824732,175.67724103472557,176.06609701592205,15412.235227834772
1775066400,176.06609701592205,176.06609701592205,174.42785523844475,175.44139892628047,21716.075247525623
1775070000,175.44139892628047,176.82463248229124,174.93150761293558,175.41687832389695,15018.119361464103
1775073600,175.41687832389695,176.2081691316896,175.11915448403613,175.82040670869827,4924.718897664062
1775077200,175.82040670869827,176.82439849191246,174.26874899646273,176.27345677023328,12774.865067761037
1775080800,176.27345677023328,176.8497229037493,174.348623569709,176.11922760419745,14454.22634210318
1775084400,176.11922760419745,176.71279027288935,175.78551802230078,176.07658441417018,5146.008210870346
1775088000,176.07658441417018,176.86387273258143,175.55069019003858,176.75251978416009,11736.245013589476
1775091600,176.75251978416009,177.1036290287885,172.2025568994748,172.5905487127584,127466.25814146272
1775095200,172.5905487127584,173.0954410872558,171.66517349192267,172.26855441116766,28281.17988304661
1775098800,172.26855441116766,172.690423396968,171.23506129300992,172.04381385128136,15488.018917722722
1775102400,172.04381385128136,172.25216721089674,171.1393129526103,172.17693526957848,17232.60912807176
1775106000,172.17693526957848,172.4834689048115,170.59222074052872,171.4721594527198,71198.92684983497
1775109600,171.4721594527198,171.8971454897055,171.02487339440503,171.76771575688338,19926.16930856696
1775113200,171.76771575688338,172.0669240749133,171.1671931622915,171.962243114578,21865.56548622612
1775116800,171.962243114578,171.962243114578,171.3882823850632,171.3882823850632,11060.040971835531
1775120400,171.3882823850632,172.25476617275675,171.22005825562482,171.86761967959913,3504.2003010078383
1775124000,171.86761967959913,171.9666438639536,171.09671354327807,171.8248379120165,14841.467786720255
1775127600,171.8248379120165,171.83504294389508,170.09046931644022,170.37820772642118,31594.85640435149
1775131200,170.37820772642118,171.68213029037133,169.96968319026894,170.858165963535,21495.939074159425
1775134800,170.858165963535,174.026391447724,170.305743563013,173.6047928448851,169001.1691305518
1775138400,173.6047928448851,176.9175850419658,173.529975231895,176.66267201917407,93211.62315869218
1775142000,176.66267201917407,177.22859035506062,175.78186230559717,176.5181408434318,40633.27499132268
1775145600,176.5181408434318,177.08139340821126,175.52374184685178,176.3553541986023,28773.554959507856
1775149200,176.3553541986023,177.04875134156163,175.8605886398685,176.50723547588325,10794.402076667922
1775152800,176.50723547588325,177.21174208927442,176.1574564545038,177.02787767438096,8542.796175838257
1775156400,177.02787767438096,177.48350921714697,176.22408571727334,176.73472157673297,12358.846595545732
1775160000,176.73472157673297,177.49621502190058,176.73472157673297,177.48915778141475,2931.425280853361
1775163600,177.48915778141475,177.48915778141475,176.6267708898606,176.9249048174136,3046.4467556740897
1775167200,176.9249048174136,177.08045850802398,176.34598543692238,176.915058590679,2766.832875949931
1775170800,176.915058590679,176.915058590679,176.3343688246701,176.55275645355388,4762.27676499974
1775174400,176.55275645355388,177.5970020276235,176.31496249520956,177.05993971608964,11764.509528259045
1775178000,177.05993971608964,177.8119378478987,176.43560119376363,177.2218361098108,8217.058964081209
1775181600,177.2218361098108,177.47794335181487,175.74381116450945,175.94991413018295,10183.31413275891
1775185200,175.94991413018295,176.94571370453363,175.77265608471942,176.86965075977713,51.22302449749173
1775188800,176.86965075977713,177.22333179335345,176.08519224770123,176.49285848580735,1216.128223881621
1775192400,176.49285848580735,177.01302033098395,175.90897244928263,176.42173285335244,1173.9826418329008
1775196000,176.42173285335244,176.7179914084954,175.68022298202706,176.22123901494143,1509.6683335383766
1775199600,176.22123901494143,176.74477411816255,175.53170409747747,176.69541610649603,815.208854925003
1775203200,176.69541610649603,176.69541610649603,175.8445144158588,176.05366395983987,652.9016688174268
1775206800,176.05366395983987,176.79893747181603,175.52572648534468,175.78651894697202,588.2150436483521
1775210400,175.78651894697202,176.86281549695886,175.69732881619245,176.32411530742752,1033.2735683183569
1775214000,176.32411530742752,176.63839449764802,175.60218371499394,176.16519744107293,8499.20933139476
1775217600,176.16519744107293,177.32487437738993,175.76914118048225,175.87231857795015,23922.0571571542
1775221200,175.87231857795015,176.2491571193165,175.58943519552085,175.8880251102586,3385.454568715176
1775224800,175.8880251102586,176.0997582297777,175.40259672630873,175.6956905885572,5789.370035633794
1775228400,175.6956905885572,176.35702631205947,175.6956905885572,176.07530012402043,7049.295726510233
1775232000,176.07530012402043,176.62568152750737,175.64872855343336,176.0687507070425,4398.4852963844605
1775235600,176.0687507070425,176.36439045559948,175.5432226991313,175.5432226991313,2404.5399459567752
1775239200,175.5432226991313,176.43098136532447,175.5432226991313,176.43098136532447,1287.911460657602
1775242800,176.43098136532447,176.46679058100466,175.48451534328936,175.7316483473329,1908.301359527161
1775246400,175.7316483473329,176.52526949677647,175.52116002907073,176.1092022919557,1195.0098519809217
1775250000,176.1092022919557,176.1092022919557,175.54638126128742,175.91535033664667,594.5903939620397
1775253600,175.91535033664667,176.37307848884222,175.711766394378,175.8984797462909,3044.369653004916
1775257200,175.8984797462909,176.83785562905544,175.24542126490255,176.5720352440363,133484.6499211744
1775260800,176.5720352440363,176.73795850096144,175.53603870118616,176.14556840484042,1823.0368320325877
1775264400,176.14556840484042,176.38780035865875,175.45546491857098,175.8028642984124,12740.925206999842
1775268000,175.8028642984124,176.09183562738596,175.60319916277123,175.71819533850623,7488.254289242571
1775271600,175.71819533850623,176.1417316715631,175.6459754862987,175.89853375769223,1298.402986638522
1775275200,175.89853375769223,176.246698060557,175.87767443369435,176.12388408690322,8.618898183974053
1775278800,176.12388408690322,176.33926378744547,175.73853178447155,176.02811982101767,15.529920321876965
1775282400,176.02811982101767,177.8324768500106,175.52403064090018,176.04014711541248,677.3380979775886
1775286000,176.04014711541248,176.6129270761052,175.98980036936047,176.50567831165165,347.14932451152896
1775289600,176.50567831165165,176.72011217165235,175.85260428727108,176.54579132254776,907.0840895344312
1775293200,176.54579132254776,176.656772526185,175.8903531697869,176.04725907361922,90.41970494269786
1775296800,176.04725907361922,176.0494080354231,175.41432036088145,175.41432036088145,3366.671197427875
1775300400,175.41432036088145,176.26132556346954,175.41432036088145,176.26132556346954,500.1649027564445
1775304000,176.26132556346954,176.46144925712272,175.68305795962883,175.80225064105775,4271.126430634811
1775307600,175.80225064105775,176.13346013970286,175.42694724550964,175.81814590980602,3609.384638288876
1775311200,175.81814590980602,176.2978353970258,175.3212482761516,175.40696560201155,4798.489982640192
1775314800,175.40696560201155,176.60030786893967,174.91354172529026,175.4400768322703,6793.614403880296
1775318400,175.4400768322703,176.74350636135387,175.30015896286002,176.2258291742289,3132.1917578246766
1775322000,176.2258291742289,176.45500697266368,175.45687394112898,175.69061136027065,849.8096892367071
1775325600,175.69061136027065,176.1967696236504,175.49465065853784,175.92806145661734,493.4046757563561
1775329200,175.92806145661734,176.7179157016033,175.6073334430033,176.39334513816553,1077.795439870077
1775332800,176.39334513816553,176.39334513816553,176.14297874781278,176.14297874781278,151.13588976190636
1775336400,176.14297874781278,176.4458975108087,176.07901905749716,176.34633972658222,2509.360840585248
1775340000,176.34633972658222,176.34633972658222,176.15103144604095,176.1710380101798,775.1133746086293
1775343600,176.1710380101798,176.53197329442165,176.1710380101798,176.3550669719539,42.00764969179944
1775347200,176.3550669719539,176.44873467055436,176.10344766451595,176.3772528903376,168.86274332740243
1775350800,176.3772528903376,176.4581780570781,176.032188582089,176.4581780570781,64.71238102334526
1775354400,176.4581780570781,176.4676780645669,176.249302711933,176.249302711933,414.8355088502997
1775358000,176.249302711933,176.249302711933,175.73400976563568,175.73400976563568,1212.1911715798049
1775361600,175.73400976563568,175.86324392450086,175.73400976563568,175.86324392450086,202.2424860632669
1775365200,175.86324392450086,176.63505082133375,175.86324392450086,176.63505082133375,522.9227141481682
1775368800,176.63505082133375,176.63505082133375,175.6253083273485,176.40740969546715,9010.732518612564
1775372400,176.40740969546715,176.40740969546715,175.83975260694663,175.83975260694663,2062.942870558757
1775376000,175.83975260694663,176.09454253887682,175.73042753357595,176.02480567067565,1374.6935064855809
1775379600,176.02480567067565,176.02480567067565,175.54208960041288,175.8412467134742,1815.564487381548
1775383200,175.8412467134742,175.89875933138683,175.23891626483916,175.60341249189838,5168.099458107182
1775386800,175.60341249189838,176.2896895789254,175.60341249189838,175.71136114806578,5179.595603922054
1775390400,175.71136114806578,176.3337086875679,175.1709275090883,175.1709275090883,24630.70583658837
1775394000,175.1709275090883,175.88912980887963,175.03401959328033,175.0356650980357,6007.379689499484
1775397600,175.0356650980357,175.60588903755135,174.94784884469797,175.30443223020936,700.4649225907916
1775401200,175.30443223020936,176.12464394745163,174.79937833000878,175.8711153940824,8490.53015062378
1775404800,175.8711153940824,176.21047892808738,175.45844546345688,175.7051167813119,464.51751216347606
1775408400,175.7051167813119,175.92906718619676,175.57505343707984,175.57505343707984,141.87178355644423
1775412000,175.57505343707984,175.57505343707984,175.1790878440106,175.390786771396,25.53818640128849
1775415600,175.390786771396,176.15971899998027,175.390786771396,176.129890232072,6926.223806023424
1775419200,176.129890232072,176.129890232072,175.68859417633269,175.76251875473864,302.94279364090715
1775422800,175.76251875473864,176.5385593811795,175.76251875473864,176.2497973916844,8929.74300668367
1775426400,176.2497973916844,176.2674496399458,175.06374232401393,175.7422671924499,33784.89044350465
1775430000,175.7422671924499,176.28947606473162,174.92615024178136,176.12076051041325,13303.527912203395
1775433600,176.12076051041325,177.72261549469897,175.3904487292382,177.72261549469897,29326.56460642692
1775437200,177.72261549469897,177.72261549469897,176.76870815974345,176.79586467601786,5583.974316877297
1775440800,176.79586467601786,178.71801911500842,176.53315263624546,177.56409899349805,23865.1136596049
1775444400,177.56409899349805,177.7799625929831,176.97102702942612,177.67842120589884,13637.769927601648
1775448000,177.67842120589884,177.9641172940367,177.24759901722314,177.40770175779568,4452.042311414783
1775451600,177.40770175779568,177.75332689160518,176.86889598285774,177.29595886590175,11293.42728079587
1775455200,177.29595886590175,177.96712896197332,177.06077728582673,177.74473291508946,10279.673725044044
1775458800,177.74473291508946,178.13906808028577,176.9065635641376,178.13906808028577,13125.969386844705
1775462400,178.13906808028577,179.1737028797683,177.48096120746894,178.77740005114984,22922.467462523226
1775466000,178.77740005114984,179.2526195408628,178.40974314630012,178.57178386011165,7772.762128445028
1775469600,178.57178386011165,178.57178386011165,177.8265764199163,177.86603885133792,7730.62048376548
1775473200,177.86603885133792,178.4760760755846,177.35534344134112,177.67350884648906,2029.662281481743
1775476800,177.67350884648906,178.05595909216,177.67350884648906,177.99566788451853,1175.969954892363
1775480400,177.99566788451853,178.29683089146738,176.14688679536448,177.05044825251142,46481.40335388567
1775484000,177.05044825251142,177.40234393299198,175.96735501209764,176.32101099481858,38264.31710428018
1775487600,176.32101099481858,177.30620222843555,176.22164015595538,177.30620222843555,17170.122696937426
1775491200,177.30620222843555,177.71570368277054,177.1024019092185,177.17801946328242,5964.653802104275
1775494800,177.17801946328242,177.30357139894008,176.4506066387911,176.65872125340633,18002.788717568852
1775498400,176.65872125340633,177.40857026302706,176.16820223525215,176.85358587002017,11615.74808325998
1775502000,176.85358587002017,177.44856144482756,176.7936549021668,177.34618752546925,5229.554112974306
1775505600,177.34618752546925,177.42980833898818,176.84918575056807,177.2359419369532,3254.665485675134
1775509200,177.2359419369532,177.82869909031274,177.2359419369532,177.4722021661443,4516.368877050804
1775512800,177.4722021661443,177.76303940223852,177.0868230894291,177.24062211418513,16584.26884370718
1775516400,177.24062211418513,177.46943291106132,176.50700502307632,176.54086696474204,2553.915507368291
1775520000,176.54086696474204,177.3150656223365,176.4768694844078,177.20152599910244,18032.589601798893
1775523600,177.20152599910244,177.20152599910244,175.69900164485728,175.69900164485728,31742.703774306447
1775527200,175.69900164485728,176.160977998243,175.65784038977085,176.1460610784375,6831.388476242732
1775530800,176.1460610784375,176.33594245177434,176.1460610784375,176.33594245177434,1702.6355017535873
1775534400,176.33594245177434,176.33594245177434,175.86113580280517,176.12150154550247,4817.786070112786
1775538000,176.12150154550247,176.74798879253763,175.94245665103816,176.53360835519985,5669.826732075444
1775541600,176.53360835519985,176.53360835519985,176.05837478656946,176.05837478656946,2174.925033590628
1775545200,176.05837478656946,176.3607300431376,175.70807892338112,176.1933602496926,2642.129663076587
1775548800,176.1933602496926,177.85469138555587,176.13895044266326,177.42673726191225,31247.10017965456
1775552400,177.42673726191225,177.45348320087297,176.73022191777474,176.8230228158422,8379.487446385356
1775556000,176.8230228158422,177.56786017364885,175.22976265215675,175.33280586239317,80149.8446799777
1775559600,175.33280586239317,175.98996124131332,175.33280586239317,175.39103659528817,9014.14542394862
1775563200,175.39103659528817,175.73849798143522,174.7100354315314,175.73849798143522,27489.010943225298
1775566800,175.73849798143522,176.85929072280507,175.21275377510565,175.85778110039152,95859.62675689
1775570400,175.85778110039152,176.2845459325381,174.36316830737744,174.68288073818778,76504.58136818318
1775574000,174.68288073818778,175.08137827838306,173.58750111810022,174.91055865865962,55364.74759594645
1775577600,174.91055865865962,176.20504355084614,174.86575929183212,175.6778171618034,31002.400528550057
1775581200,175.6778171618034,176.27188205685195,175.0437497922504,175.76672110776929,13550.943433199263
1775584800,175.76672110776929,176.12125263473322,175.41524273737076,175.41524273737076,17029.6980316692
1775588400,175.41524273737076,177.67467790598678,174.97409454057976,177.67467790598678,86425.2133030869
1775592000,177.67467790598678,178.42337048027662,177.41877377601182,178.42337048027662,9422.795430334763
1775595600,178.42337048027662,178.8485688452769,176.68103312786528,178.30065745338487,5988.838015253747
1775599200,178.30065745338487,181.6515495305087,178.02714985472372,181.34387741056756,87304.0554435207
1775602800,181.34387741056756,183.5549283903558,181.0038085673592,183.09169348040032,17259.769160637854
1775606400,183.09169348040032,183.09197814813592,182.46665717547003,182.6818020013723,15910.967943041567
1775610000,182.6818020013723,183.1848591898969,182.3702736963037,182.95278434754195,5237.626831246599
1775613600,182.95278434754195,183.41575459977057,182.5179044894415,183.2621429265224,7992.928184491584
1775617200,183.2621429265224,183.42620420815945,182.9823611544385,182.9862669374686,4030.778233051476
1775620800,182.9862669374686,183.8363122844609,182.90092445008224,183.53226872609665,14191.047717609652
1775624400,183.53226872609665,184.1240049818543,183.35060326973905,183.79942811961496,4763.180888565888
1775628000,183.79942811961496,184.07145769432577,182.9161985787637,184.07145769432577,3335.1122013608765
1775631600,184.07145769432577,184.63834319592533,183.53304681530787,183.8206065560641,12644.86136590538
1775635200,183.8206065560641,184.64204961995316,183.229957086378,184.39746471940705,16803.050645203886
1775638800,184.39746471940705,185.37100154528147,183.81315905437128,184.6645405919717,6731.085940816706
1775642400,184.6645405919717,185.04837884806275,184.3171556565929,184.3171556565929,10750.745617780223
1775646000,184.3171556565929,184.8896028350696,183.7098594692368,184.22299157260665,20288.181602954428
1775649600,184.22299157260665,184.70508445539,184.00750054601264,184.56453731134616,6722.069227235007
1775653200,184.56453731134616,185.18107257583517,182.759632189009,183.1040455238493,92660.11522380132
1775656800,183.1040455238493,183.1040455238493,180.37648663959592,180.40195835755003,44165.73400432168
1775660400,180.40195835755003,181.56085521930916,180.40195835755003,181.56085521930916,20167.401025152176
1775664000,181.56085521930916,181.71553766544253,181.0446929565477,181.65313538117604,12970.820836695442
1775667600,181.65313538117604,182.61969016133384,180.91582913814852,181.61321322004176,1089.3624740550524
1775671200,181.61321322004176,182.42442402379228,181.4440707675981,181.5268716910205,27765.7276847678
1775674800,181.5268716910205,182.24674940329984,181.35129213557744,181.35731183390385,12580.131932669052
1775678400,181.35731183390385,182.0050789891241,181.35731183390385,181.53729269881129,3368.8903027059414
1775682000,181.53729269881129,181.84625727705856,181.29573689034063,181.73361037219848,2162.3021750957864
1775685600,181.73361037219848,181.7981946660474,181.0206150165052,181.282655559501,5222.221263615811
1775689200,181.282655559501,181.900111225615,180.87397236901504,181.0120151255544,6040.3021948628975
1775692800,181.0120151255544,181.2755295650796,180.5724477988901,180.67873226499788,6849.899245032169
1775696400,180.67873226499788,180.90118800917983,179.80651359744547,179.95514922741114,5470.58001885185
1775700000,179.95514922741114,181.1980388801225,179.89219521238616,180.52129530066665,3595.7535277392226
1775707200,180.52129530066665,180.90135452536327,180.52129530066665,180.90135452536327,1282.652455311643
1775710800,180.90135452536327,180.98257878594995,179.9417623825743,180.36092492264655,5689.388695235616
1775714400,180.36092492264655,181.28195179267425,179.74341080903062,180.14588871221355,2363.2946772576283
1775718000,180.14588871221355,180.40850166233184,180.14588871221355,180.40850166233184,669.4066098566337
1775721600,180.40850166233184,180.7765533560753,180.2115948760753,180.6776283286765,4169.998413612952
1775725200,180.6776283286765,180.813673894376,180.02907954794466,180.813673894376,2754.757150528976
1775728800,180.813673894376,181.13412156924497,180.7339088143728,180.7339088143728,2337.087410993141
1775732400,180.7339088143728,181.22060308770472,180.49539669537927,180.90911554609076,5141.5594309361495
1775736000,180.90911554609076,181.58665961571216,180.46935821131936,180.76808648655083,1679.3472316176708
1775739600,180.76808648655083,182.25376325364945,180.3810945696225,181.1440510962313,39719.978829880165
1775743200,181.1440510962313,182.43505941426685,181.1440510962313,182.3854678518152,25298.232663581704
1775746800,182.3854678518152,183.6600849468764,182.33471596896385,183.60134324940088,33783.673548871324
1775750400,183.60134324940088,183.90262882877605,183.17657027220545,183.5318332773129,7378.512601970974
1775754000,183.5318332773129,183.92708353309644,182.86466375482425,183.2194420797824,8559.517826539006
1775757600,183.2194420797824,183.80518609968829,182.50892221594444,183.5624641700228,8069.997667909524
1775761200,183.5624641700228,184.31192272120785,183.3526271874745,183.87303893773517,19588.274611564422
1775764800,183.87303893773517,183.8946402880129,183.37910835747823,183.81183944732803,980.9763569783884
1775768400,183.81183944732803,183.953867891066,183.35658110409256,183.66450281343663,2204.5940984078998
1775772000,183.66450281343663,184.48786114225845,183.1583374073064,183.73596213233893,7811.728335985347
1775775600,183.73596213233893,183.7769996670423,182.7222337622045,183.10457214679064,3205.1361108314027
1775779200,183.10457214679064,183.86563582861427,182.90264581632837,183.63879721348965,4989.781266169764
1775782800,183.63879721348965,184.1109968227285,182.897672155052,183.6353418271157,4667.530429380885
1775786400,183.6353418271157,183.79896244139215,183.6353418271157,183.79896244139215,71.47195057960305
1775790000,183.79896244139215,183.918970315,182.76254041870703,183.26210512752857,382.7553545144944
1775793600,183.26210512752857,183.53606422367463,182.9739302984189,182.9739302984189,1897.6756264287171
1775797200,182.9739302984189,183.21467684801027,182.9739302984189,183.12655652494368,655.2416890029414
1775800800,183.12655652494368,183.56412523701195,183.12655652494368,183.4607333846483,3293.146381247285
1775804400,183.4607333846483,183.60243786143764,183.1791314300225,183.60243786143764,1902.2375523078333
1775808000,183.60243786143764,183.60243786143764,182.650084630584,182.650084630584,4105.150601716789
1775811600,182.650084630584,182.72473080436748,182.30592973042312,182.32320344867276,9695.448159595724
1775815200,182.32320344867276,183.3811408440331,182.32320344867276,183.1962813427132,23068.298829498308
1775818800,183.1962813427132,183.8417871125504,182.9308057404411,183.79122182449845,7374.883491342868
1775822400,183.79122182449845,185.4007008676334,183.0651376818564,184.43090528902476,56435.83466111206
1775826000,184.43090528902476,187.6901642764009,184.2197546797261,186.7616323600893,121053.32782271624
1775829600,186.7616323600893,188.62237509344908,185.95546965728863,188.5849983283264,97813.49874819737
1775833200,188.5849983283264,190.16013956562247,187.950529215483,188.87150981258335,48138.97941241787
1775836800,188.87150981258335,188.87150981258335,187.82448454537848,188.14026821934627,21075.251200132505
1775840400,188.14026821934627,188.72618647499195,187.86682215107948,188.72618647499195,9300.306702133035
1775844000,188.72618647499195,188.98812340518447,187.9851204857781,188.6264901560571,10667.626395821231
1775847600,188.6264901560571,189.5060318881856,187.9721814870294,188.3624775936252,31271.96953849562
1775851200,188.3624775936252,188.90752290031023,187.0242579892737,188.3834779414605,21742.178501498205
1775854800,188.3834779414605,188.8519252123683,188.2264326032817,188.2264326032817,824.0815547005843
1775858400,188.2264326032817,188.69664835920767,187.6473322379728,187.6473322379728,3041.550304278564
1775862000,187.6473322379728,188.74911821204927,187.6473322379728,188.74911821204927,2567.0083078173134
1775865600,188.74911821204927,188.74911821204927,186.99759194716933,186.99759194716933,15721.940109299105
1775869200,186.99759194716933,187.8388401703543,186.99759194716933,187.47719398275396,3590.069734031093
1775872800,187.47719398275396,187.5640187907133,187.1983608082683,187.5474019035911,1311.4272081969907
1775876400,187.5474019035911,187.59572602238467,187.5474019035911,187.59572602238467,1304.9801659643076
1775880000,187.59572602238467,188.03939923131765,187.59572602238467,187.69207945268155,666.3016864985144
1775883600,187.69207945268155,188.1209216612026,187.69207945268155,188.1209216612026,112.87225200324691
1775887200,188.1209216612026,188.28653652255736,187.3437036850844,187.3437036850844,1776.796680255514
1775890800,187.3437036850844,187.77096857841428,187.2267738863448,187.56632535563296,2567.1335443586554
1775894400,187.56632535563296,187.88839974872,187.39822640669857,187.39822640669857,1218.642188402053
1775898000,187.39822640669857,187.8806317444804,187.39822640669857,187.8806317444804,17.83111008591439
1775901600,187.8806317444804,188.5945298914461,187.8806317444804,187.96785552525049,13760.476496797844
1775905200,187.96785552525049,188.64446538677467,187.90963290685167,187.90963290685167,4413.922823667834
1775908800,187.90963290685167,188.70402133933828,187.53482253883652,188.70402133933828,1001.0641787195176
1775912400,188.70402133933828,188.70402133933828,188.0611920141128,188.0611920141128,541.8723063538113
1775916000,188.0611920141128,188.21069950038856,187.48970240387723,187.61366017913232,13062.66666375403
1775919600,187.61366017913232,188.54269039641687,187.61366017913232,187.7411837635856,6054.92720908196
1775923200,187.7411837635856,188.86160443342413,187.2437437952992,188.80600390745832,10400.266147799735
1775926800,188.80600390745832,189.1573315271524,188.1628312373996,188.7753258851573,8581.36898425163
1775930400,188.7753258851573,190.5569859744976,188.54806095055,189.36499260973235,4142.088884619566
1775934000,189.36499260973235,189.41179972394016,188.20621165174936,189.26687219615297,3038.734847895975
1775937600,189.26687219615297,189.62964057116253,189.00146899314916,189.54821321941523,2374.4444392040778
1775941200,189.54821321941523,189.54821321941523,188.57607935169955,189.1076614789119,831.7304087670186
1775944800,189.1076614789119,189.49612937428853,187.6414842996792,188.75527519526509,41778.26680460986
1775948400,188.75527519526509,189.2923007036882,188.2541090835308,188.28683098040335,16310.31483131732
1775952000,188.28683098040335,189.06090277793075,188.13301560882996,188.92821154283112,16095.187499808611
1775955600,188.92821154283112,189.635793720942,186.1427700457082,186.5479914299561,31013.89931299353
1775959200,186.5479914299561,186.96084118541316,186.1776411263218,186.38889388891397,4814.044495159746
1775962800,186.38889388891397,186.6505449598264,185.9410395298829,186.5816051726842,3501.433055190622
1775966400,186.5816051726842,186.77668274454317,186.29464312904875,186.64041882088108,1836.6296896964268
1775970000,186.64041882088108,186.64041882088108,185.72142374670105,186.14497327786663,10885.2063073154
1775973600,186.14497327786663,186.7906113318531,185.75371442882903,186.7906113318531,3451.0844394468863
1775977200,186.7906113318531,186.7906113318531,185.48291559946264,186.4511064289001,29076.342939016755
1775980800,186.4511064289001,186.53672781722463,185.6563312397868,186.24723158452133,7490.367473887195
1775984400,186.24723158452133,186.554238977694,186.1977945225499,186.47000839722665,384.4468416758039
1775988000,186.47000839722665,186.64592630792524,185.27348922774613,185.27348922774613,6888.2138428748185
1775991600,185.27348922774613,185.93098580712447,185.27348922774613,185.53476428930293,3857.943784462692
1775995200,185.53476428930293,185.9686886001309,185.0109230171665,185.9686886001309,20142.712942907303
1775998800,185.9686886001309,186.08850735251733,185.0147426136141,185.1195254286135,13457.453414050431
1776002400,185.1195254286135,185.77070805913576,184.6283161885662,184.73941574718185,5676.705781520212
1776006000,184.73941574718185,185.11962081407697,184.0629759968689,185.04843649746712,5187.279836448582
1776009600,185.04843649746712,185.04843649746712,183.809200088147,184.1354990064453,7498.483009750324
1776013200,184.1354990064453,185.22603600434775,183.481664372107,184.41236910187703,87352.81764488434
1776016800,184.41236910187703,184.79618419309105,184.02404776829704,184.02404776829704,7547.832718414455
1776020400,184.02404776829704,185.06076237287508,184.02404776829704,184.6816744047833,23861.772908365023
1776024000,184.6816744047833,184.8105872519813,183.7551119565701,184.8105872519813,3342.33389337752
1776027600,184.8105872519813,185.0972750709345,184.40916711263307,184.40916711263307,1979.38791758514
1776031200,184.40916711263307,185.9245245722644,184.29051646517192,184.88251032522209,27350.526975993336
1776034800,184.88251032522209,185.9937684897185,184.88251032522209,185.9937684897185,3907.442217026988
1776038400,185.9937684897185,185.9937684897185,183.3549368387738,185.1937218405638,63402.230414295
1776042000,185.1937218405638,186.0045614832828,185.0118624341282,185.95078728272523,14035.384999209968
1776045600,185.95078728272523,185.95078728272523,185.3501477982035,185.41792716171105,11348.469686612489
1776049200,185.41792716171105,185.44826040816616,184.81940485292756,185.1240061952138,1824.7138060810487
1776052800,185.1240061952138,185.64751744813785,184.6397599830284,185.64751744813785,4000.5299519824334
1776056400,185.64751744813785,185.88203632981785,185.53821859182045,185.78215862721257,1702.4954693818672
1776060000,185.78215862721257,186.0323618770704,185.12517448139556,185.33465568429224,5723.01925527861
1776063600,185.33465568429224,186.33159668079995,185.33465568429224,185.7431646374512,2878.9170086207264
1776067200,185.7431646374512,186.48167182874943,185.7431646374512,186.25957882219765,7196.221123601061
1776070800,186.25957882219765,186.7351755765308,185.62886516157735,186.7351755765308,8687.90144028742
1776074400,186.7351755765308,186.7380475186272,186.0248098994244,186.67887291386023,8179.371710903178
1776078000,186.67887291386023,186.8826890689504,185.4831997305026,185.4831997305026,12161.183382396806
1776081600,185.4831997305026,186.69509956523137,185.22610373724984,186.1243247727572,5178.849820060819
1776085200,186.1243247727572,187.87178840612145,185.47333323748651,187.38920811354345,41721.41932406732
1776088800,187.38920811354345,189.82160287651052,187.35000148044705,189.22471891088944,28059.68604705862
1776092400,189.22471891088944,189.7380421367013,187.7198182326052,188.0473648535556,23864.07301882756
1776096000,188.0473648535556,188.70938427730252,186.632638530901,188.70938427730252,3891.5171156969272
1776099600,188.70938427730252,189.3206721704257,187.789339538361,188.65111970526192,1352.4682629578278
1776103200,188.65111970526192,188.8409584626343,187.9948878784575,188.2133183906691,12500.456875234562
1776106800,188.2133183906691,189.71185678959245,188.2133183906691,189.71185678959245,21791.665941755204
1776110400,189.71185678959245,189.71185678959245,188.5954733296168,189.07755092327017,7584.376110060743
1776114000,189.07755092327017,189.07755092327017,188.8054125194228,188.8054125194228,635.698322303941
1776117600,188.8054125194228,189.52431480042665,187.4463646555223,188.7587468679365,4458.0742888959785
1776121200,188.7587468679365,190.1708291855906,188.4498206927634,188.7684590608829,3238.3590702246347
1776124800,188.7684590608829,189.175031841256,188.7684590608829,189.11200558553952,1506.7569464034495
1776128400,189.11200558553952,189.11200558553952,188.6039034635404,188.8990470536521,741.969612027234
1776132000,188.8990470536521,189.1831761928933,188.8990470536521,189.1831761928933,1292.0258578758778
1776135600,189.1831761928933,189.1831761928933,188.7978298998385,188.7978298998385,362.8068220580735
1776139200,188.7978298998385,189.67254977226796,188.7978298998385,189.12781597386447,11196.671193095004
1776142800,189.12781597386447,189.7128951091828,189.02074109367211,189.23112298832777,3916.056074022118
1776146400,189.23112298832777,189.23112298832777,188.7530354222528,188.9070721668964,4640.465739097212
1776150000,188.9070721668964,190.31021948046464,188.9070721668964,189.7844031983661,8689.266293294022
1776153600,189.7844031983661,190.18662035568116,189.1504417525248,189.88963335290293,2433.345467107774
1776157200,189.88963335290293,189.88963335290293,189.1641076212728,189.81045568427288,77.16562786660941
1776160800,189.81045568427288,190.1701123302497,189.1721867613946,190.1361212396603,1203.8775716780633
1776164400,190.1361212396603,190.91339479809463,189.4698725071329,190.5217383615789,12245.591485770126
1776168000,190.5217383615789,191.1357929782369,189.994439281498,189.994439281498,3606.461588027035
1776171600,189.994439281498,192.7540447987149,189.91311450520536,192.08036202082232,81051.8284936528
1776175200,192.08036202082232,194.60670948788425,191.25780137981275,193.36666895526903,34417.1432868055
1776178800,193.36666895526903,194.21609269677177,192.46718014963804,194.21609269677177,20130.887431492647
1776182400,194.21609269677177,195.16172881333603,193.9965306349792,194.12445760872063,11779.096423345092
1776186000,194.12445760872063,194.8820328852371,193.8487195161253,193.9757903499684,9991.921148881504
1776189600,193.9757903499684,195.0651396339429,193.6344350716034,194.6737691277905,5787.905750850332
1776193200,194.6737691277905,196.56071318952556,194.29761836563785,196.37296648918988,19237.600201519275
1776196800,196.37296648918988,196.72299127335975,195.8285726982077,196.0887364853997,7666.270108211751
1776200400,196.0887364853997,196.3385939723279,195.33178874176213,195.82620777530352,7462.804499614986
1776204000,195.82620777530352,196.0246577749951,195.82620777530352,195.86701234355576,907.632597200845
1776207600,195.86701234355576,196.1726901030076,195.74894537948384,195.98146798865383,2586.4647383649917
1776211200,195.98146798865383,196.1524690960096,195.23675571917707,195.27377092547013,1795.0609916907104
1776214800,195.27377092547013,195.6626037742661,195.1557551279193,195.58312631643,2082.021462226627
1776218400,195.58312631643,196.1059678347478,195.1085463843885,195.1085463843885,6899.833585683636
1776222000,195.1085463843885,196.0778822112475,195.1085463843885,195.89414172241857,2737.8340517446377
1776225600,195.89414172241857,196.0747953637664,195.14286636926175,195.79601072937027,13567.654279143084
1776229200,195.79601072937027,196.154139838836,195.1794463107201,195.1794463107201,6756.881899887
1776232800,195.1794463107201,195.92094322252905,195.169962327545,195.169962327545,1579.92765402562
1776236400,195.169962327545,196.04376111282804,195.169962327545,195.3597443235681,3396.690857081549
1776240000,195.3597443235681,196.1297770257673,195.3597443235681,196.1297770257673,6046.219541081869
1776243600,196.1297770257673,196.382628171781,194.7424269783353,194.7424269783353,10666.427586318088
1776247200,194.7424269783353,196.1084778786239,194.72826606855452,195.59395659444544,10911.252665064589
1776250800,195.59395659444544,197.1420132015013,195.48237636601056,196.2311446466103,16503.3210393303
1776254400,196.2311446466103,196.45865056989308,195.3788531934605,195.9305443844458,7275.190387478992
1776258000,195.9305443844458,198.71777630407917,195.64089239255784,198.1093457400043,70193.68554144028
1776261600,198.1093457400043,199.6498616639772,197.9016565802336,198.74387954350868,13962.122430084944
1776265200,198.74387954350868,200.33057312127528,198.74387954350868,199.41793553518357,16761.461034010837
1776268800,199.41793553518357,199.6976499101007,196.2608221778609,196.35488935153825,43844.48829903584
1776272400,196.35488935153825,197.8904146552101,196.2432839919914,196.61562736263855,93143.7975731856
1776276000,196.61562736263855,197.20517207637175,195.6853424460893,196.5815534801198,25419.187012083494
1776279600,196.5815534801198,199.50804934681196,196.5815534801198,198.7321401171225,18660.242616373707
1776283200,198.7321401171225,199.16930255845773,197.6743812855383,197.7789638742614,8152.189349086189
1776286800,197.7789638742614,198.5353850244837,197.7789638742614,198.4030961573603,788.1228228123724
1776290400,198.4030961573603,198.9636142210488,197.3014522031285,198.9636142210488,5864.631659802638
1776294000,198.9636142210488,198.9636142210488,198.24039251544735,198.450035402596,2744.507058086784
1776297600,198.450035402596,199.15237820769585,197.66369319204816,198.65586418361056,5461.738970272307
1776301200,198.65586418361056,199.041996375384,198.145436787301,198.5242762353521,2789.744269067297
1776304800,198.5242762353521,198.58351982110676,198.27271561371177,198.5277002284073,493.04302767612825
1776308400,198.5277002284073,199.1206347486709,198.37229142831447,198.78202318352712,1264.1668398976612
1776312000,198.78202318352712,199.12629664637456,198.42030085618268,199.12629664637456,69.10516633014122
1776315600,199.12629664637456,199.7569568530236,198.31628115672365,198.9923947727644,8932.38035051774
1776319200,198.9923947727644,199.9495076882397,198.8768928047071,199.4212601826335,7535.59943790972
1776322800,199.4212601826335,200.13941156552136,199.4212601826335,199.8142020864104,4867.599946888863
1776326400,199.8142020864104,199.83452206501872,199.0680456593422,199.5686286838076,9739.4897537049
1776330000,199.5686286838076,199.5686286838076,198.94766015447055,199.53447706267383,7346.108015620231
1776333600,199.53447706267383,199.93742363679496,197.09515301486053,198.1202725310796,32637.98844515145
1776337200,198.1202725310796,198.5403011615994,197.7232229938409,197.86105188474227,7821.042419404935
1776340800,197.86105188474227,197.86105188474227,197.3639702063514,197.7415864764364,6201.879723656118
1776344400,197.7415864764364,197.9976372451353,195.97724281829832,196.45948366282877,53673.06872346308
1776348000,196.45948366282877,198.41726977265296,196.2166380718903,197.81779870270316,39711.96972871105
1776351600,197.81779870270316,200.95220991059503,197.81779870270316,198.16313334351253,26636.657108007155
1776355200,198.16313334351253,199.3800093178782,197.55840811948207,197.65164038626077,21249.166520354356
1776358800,197.65164038626077,198.58768264475108,197.61516381967647,198.58768264475108,10039.410911257926
1776362400,198.58768264475108,198.6949031891911,197.0047296825205,197.8153526400409,42228.34480068647
1776366000,197.8153526400409,198.55659645024517,197.64116459036904,198.38888345511177,3453.8258761288616
1776369600,198.38888345511177,199.13677670193343,197.5673219714332,198.135346062787,11156.175285056614
1776373200,198.135346062787,198.30363458660537,197.3670615993539,197.3670615993539,789.308329091296
1776376800,197.3670615993539,198.1841251021016,197.3670615993539,198.00389201210837,522.5343617339712
1776380400,198.00389201210837,198.37305425323277,197.4545468198459,198.2965571059744,3180.720893038823
1776384000,198.2965571059744,198.3627242908056,197.437431519113,197.74162157256103,5722.7413918289885
1776387600,197.74162157256103,198.51067249604463,197.52756284966588,198.2377899056368,3222.3916528929008
1776391200,198.2377899056368,198.5199633495432,197.65299199738743,198.2585900618517,4163.699632413005
1776394800,198.2585900618517,198.2585900618517,197.4061536866324,197.56946238735387,327.48853673673864
1776402000,197.56946238735387,198.23028285912804,197.48840457005096,197.91416484645367,1232.5655686879984
1776405600,197.91416484645367,198.05910432620885,197.49589873529956,197.64063293911477,1024.9462536215992
1776409200,197.64063293911477,198.512374444672,197.48081021947883,197.9063688361154,9395.07559314728
1776412800,197.9063688361154,198.4165030403392,197.73009826026004,198.4165030403392,2033.1315627834645
1776416400,198.4165030403392,199.0922415434401,198.23664620999892,198.23664620999892,1720.3082238586398
1776420000,198.23664620999892,199.4142437531445,198.02498813620517,198.03273619891985,5398.219919567647
1776423600,198.03273619891985,198.76356840295023,198.03273619891985,198.356658376924,2392.0334577609906
1776427200,198.356658376924,200.06093635651072,198.356658376924,199.4952840188684,17442.513123774283
1776430800,199.4952840188684,203.1002295709768,199.2177123506252,200.77668616947875,70175.64001183335
1776434400,200.77668616947875,201.8808544366793,199.65826074569367,200.0906209236316,39305.47583346276
1776438000,200.0906209236316,201.25138636746703,200.00171440400516,200.33874923145416,12815.789004607475
1776441600,200.33874923145416,201.1591569560912,199.97308465958977,201.00902334275028,5341.171129177188
1776445200,201.00902334275028,201.16222645435047,199.2594584665976,200.134615290961,15878.632583446566
1776448800,200.134615290961,200.87166589071276,199.94292618176863,200.87166589071276,7128.620861160294
1776452400,200.87166589071276,202.17766230612511,200.65283677591572,202.17766230612511,7022.31028967949
1776456000,202.17766230612511,202.17766230612511,201.409760396414,201.409760396414,6418.499391290279
1776459600,201.409760396414,202.82801660566847,200.8238845734065,201.3284115492211,49199.39308038753
1776463200,201.3284115492211,201.47726762246344,200.5639540224544,200.5639540224544,841.935558657775
1776466800,200.5639540224544,201.55398028528376,200.5639540224544,201.24536491441336,1162.7375493301925
1776470400,201.24536491441336,201.24536491441336,199.19055111425325,199.83154074082967,120053.22521850887
1776474000,199.83154074082967,200.0374300727444,199.40354746121017,199.60512162458963,10855.923784968209
1776477600,199.60512162458963,200.3426678425165,199.4370770220272,199.9518766943884,6342.257156854577
1776481200,199.9518766943884,200.98789861034643,199.9518766943884,200.45806985220332,9265.504143040798
1776484800,200.45806985220332,200.98217153226855,199.86464402170577,200.31755066372745,18526.93458036786
1776488400,200.31755066372745,200.9085401329281,199.83195316691132,199.83195316691132,502.5487170654628
1776492000,199.83195316691132,202.43614938717485,199.6754501967573,200.188841123078,4219.887279202965
1776495600,200.188841123078,200.5113101672177,199.8322953981085,199.8322953981085,11003.623159772902
1776499200,199.8322953981085,200.77715296732495,199.4213963497739,199.4213963497739,2152.0444697550893
1776502800,199.4213963497739,200.27549495624515,199.4213963497739,199.7454705388458,6847.1895387242175
1776506400,199.7454705388458,200.4579335446092,199.7454705388458,200.0095006511934,6044.379024686522
1776510000,200.0095006511934,200.34878382709812,199.1733952792293,199.3108204094968,7721.820087796242
1776513600,199.3108204094968,199.9514692694009,199.3108204094968,199.9514692694009,2770.751635664787
1776517200,199.9514692694009,201.6269626703633,199.14954768694696,199.2332817016301,2111.1163091577887
1776520800,199.2332817016301,200.0930427370203,199.19158591533292,199.4505572040278,2593.275252697108
1776524400,199.4505572040278,201.6520347793199,198.37592386369045,199.75280021300964,77080.16275606216
1776528000,199.75280021300964,200.0431371373381,198.92903123271296,199.39661342379011,7765.780600516707
1776531600,199.39661342379011,199.9082531547025,198.8153077378749,198.82806413999077,1519.49212892667
1776535200,198.82806413999077,199.90186428037356,198.82806413999077,199.64746899233288,4306.621517427739
1776538800,199.64746899233288,199.64746899233288,198.8292851398234,198.8292851398234,0.1147582985041518
1776542400,198.8292851398234,199.5906618999111,198.8292851398234,199.120003374528,3053.93694341301
1776546000,199.120003374528,199.72268795474145,199.120003374528,199.72268795474145,260.9176777090359
1776549600,199.72268795474145,199.72268795474145,198.78290810904625,198.9760257431288,2025.0925710015904
1776553200,198.9760257431288,198.9760257431288,198.72079576155343,198.72079576155343,248.81825471842623
1776556800,198.72079576155343,199.46588449937963,198.72079576155343,198.941590080123,269.2327124614891
1776560400,198.941590080123,199.51812074654575,198.79494989201245,199.3617362492877,1268.5890129433358
1776564000,199.3617362492877,199.84566006157303,198.57040514242576,199.51660965482725,2169.460803521183
1776567600,199.51660965482725,199.70122432303504,198.79355181746567,198.88795002516548,2985.7907629700144
1776571200,198.88795002516548,199.48579687867084,198.78475158691955,199.12045324727148,451.1350950648171
1776574800,199.12045324727148,199.35899189037835,198.79745363859055,199.35899189037835,67.21972121760251
1776578400,199.35899189037835,199.4421514533041,198.42396813342788,198.69505641458997,4049.952533485048
1776582000,198.69505641458997,199.4820831146632,198.3467075341176,198.7959378672629,3351.739289117879
1776585600,198.7959378672629,199.2285734149694,198.5893240649748,199.04007586675596,2882.9928967073743
1776589200,199.04007586675596,199.1518814178787,198.2677185936652,198.87817958745973,2711.673685324998
1776592800,198.87817958745973,199.16399357275083,198.3426204818422,198.51144990848863,1997.5518090126616
1776596400,198.51144990848863,199.0675074092833,198.1317600737213,198.1350839115711,4002.344331906185
1776600000,198.1350839115711,198.9765857110509,198.1350839115711,198.7001190786292,13994.6860590673
1776603600,198.7001190786292,200.3175735744173,198.22628636844252,200.3175735744173,18697.5599609518
1776607200,200.3175735744173,200.42028333144947,199.01603936174777,199.88617366634531,9739.735952828176
1776610800,199.88617366634531,201.3290940760701,199.34454746531483,199.7782135056087,6077.9537927012825
1776614400,199.7782135056087,200.0556801556426,199.17723355962067,199.5615124583187,21791.078339016887
1776618000,199.5615124583187,200.26148032880928,198.3061460277596,199.28495301224916,22482.295475114595
1776621600,199.28495301224916,199.28495301224916,198.25989096077376,198.25989096077376,10922.780469662834
1776628800,198.25989096077376,199.1156263298868,198.25989096077376,198.71773653381464,1386.5284031491358
1776632400,198.71773653381464,198.91356379901876,198.00050924537743,198.7568598511559,2171.2554275081475
1776636000,198.7568598511559,199.9754987548495,198.01696465356827,198.87256503238933,26499.408049448208
1776639600,198.87256503238933,199.44061077186944,198.51936380062912,198.51936380062912,4961.927603433602
1776643200,198.51936380062912,199.68845280257935,198.36683768107312,199.15527924214615,46522.21502868356
1776646800,199.15527924214615,199.7149133804021,198.75383402990133,199.5508017727944,39732.14570872408
1776650400,199.5508017727944,200.30117730303056,198.86923240775263,198.91157668039864,24756.99787279346
1776654000,198.91157668039864,199.3816565487059,198.55347097748,198.55347097748,12284.171224037857
1776657600,198.55347097748,199.64016714315167,198.55347097748,199.10351070243271,3922.47845581452
1776661200,199.10351070243271,199.51286418967,197.8097645130435,198.9660557746642,13224.163219212262
1776664800,198.9660557746642,199.14171113853453,198.3908857880173,198.7417940569448,8849.13141829072
1776668400,198.7417940569448,200.7481936027558,198.48646945491328,199.4605242054819,18932.18749391952
1776672000,199.4605242054819,199.4605242054819,198.81740951020507,198.81740951020507,6970.061653140926
1776675600,198.81740951020507,199.99774258845144,198.74019002451948,198.74019002451948,10664.135181073962
1776679200,198.74019002451948,199.0471035743719,198.74019002451948,199.0471035743719,1000.2377945174396
1776682800,199.0471035743719,199.8515511695203,199.01933852847915,199.42612738906095,11886.03634041294
1776686400,199.42612738906095,200.0273402835868,198.94580406565132,199.98120084767604,18319.966066960227
1776690000,199.98120084767604,200.2098156989144,198.8653558641961,199.65455362148643,79726.60742648551
1776693600,199.65455362148643,200.1494291441753,198.4302232471491,198.7015623671536,40376.01854127106
1776697200,198.7015623671536,199.71614853405185,197.7670326584113,198.71053336688345,40806.943401140175
1776700800,198.71053336688345,199.58647950534132,198.53671148625156,199.3125274673565,19783.63774368136
1776704400,199.3125274673565,199.89961200023043,199.0018107491477,199.7194326389715,21343.711446344816
1776708000,199.7194326389715,200.82642203277936,199.64555453367964,199.93357060814824,14725.065063927605
1776711600,199.93357060814824,202.1960144002718,199.93357060814824,202.1960144002718,9082.34040385396
1776715200,202.1960144002718,202.2782253742601,201.2860674714233,201.2860674714233,2171.736106046286
1776718800,201.2860674714233,202.43674504841263,201.2860674714233,201.92757006750847,5187.012611052393
1776722400,201.92757006750847,203.76666008017597,201.92757006750847,203.76666008017597,0.0001039209966408
1776726000,203.76666008017597,203.76666008017597,201.5825212515425,201.5825212515425,691.5013114090561
1776729600,201.5825212515425,201.9094401050356,201.49335943946383,201.9094401050356,300.02409880711235
1776733200,201.9094401050356,202.39333128137693,201.9094401050356,202.39333128137693,0.0003056139302348
1776736800,202.39333128137693,202.39333128137693,201.54551131680293,201.606426215669,3052.5500047900478
1776740400,201.606426215669,201.7465241666557,201.13070924574023,201.7465241666557,1025.19528980289
1776744000,201.7465241666557,202.42286325232672,201.18589547482588,201.18589547482588,2348.545975936686
1776747600,201.18589547482588,201.91964412030512,201.18589547482588,201.91964412030512,132.14890682844043
1776751200,201.91964412030512,201.91964412030512,201.12420376527015,201.2324899462499,4336.610773714364
1776754800,201.2324899462499,201.9237416103793,201.2324899462499,201.6713932305186,3431.997733182613
1776758400,201.6713932305186,202.5599566732832,201.35338188131087,201.8416807416777,4300.192242761302
1776762000,201.8416807416777,202.25223592378984,201.780726580158,201.780726580158,1262.168707608318
1776765600,201.780726580158,202.18322682381316,201.34283395861152,201.85862754806263,8500.533042510615
1776769200,201.85862754806263,202.94464992058423,201.85862754806263,202.77063567267493,16680.774332061857
1776772800,202.77063567267493,203.4714490947391,201.90863088553428,201.90863088553428,4054.630955270901
1776776400,201.90863088553428,202.9899900095129,200.90070332018695,202.06520558687228,70300.65784761215
1776780000,202.06520558687228,202.47605686338403,200.79772351541104,201.7327781013355,39352.842611986205
1776783600,201.7327781013355,201.77107292439877,200.52476026100356,200.52476026100356,43252.519908768205
1776787200,200.52476026100356,201.0633250241005,199.87735419994755,200.45142563900237,27451.433496942696
1776790800,200.45142563900237,200.84418566767116,198.65484981608827,199.9829075855294,52795.46137230156
1776794400,199.9829075855294,200.6924656773164,199.73986620636788,199.9473348299437,29149.973574316977
1776798000,199.9473348299437,201.59154503813983,199.37338388741856,199.54573611769803,52796.69269383884
1776801600,199.54573611769803,201.0061328911091,198.68822918383736,200.59738168569783,32423.08189986539
1776805200,200.59738168569783,200.8271350174694,200.4363541320012,200.4363541320012,7566.126298433815
1776808800,200.4363541320012,200.57631986738107,199.72706773186528,200.57631986738107,1724.3476030225995
1776812400,200.57631986738107,200.61085964079396,199.9763873443622,200.57533209850564,2491.1811881968997
1776816000,200.57533209850564,202.11006963672224,200.3374150936524,201.21444787584255,29348.66552343476
1776819600,201.21444787584255,201.61177933632808,200.8287654155517,201.39184170120848,5336.4586702727565
1776823200,201.39184170120848,202.40814515668745,200.4564529981484,201.62086481320867,4806.207705657647
1776826800,201.62086481320867,201.90838234235764,200.85684699463835,201.16963295935636,1019.8520698720278
1776830400,201.16963295935636,201.25877942851005,200.98009648881177,201.191254440732,3520.2189746099307
1776834000,201.191254440732,201.5536893103369,200.5611286092878,201.5536893103369,4617.258903592376
1776837600,201.5536893103369,201.5536893103369,200.9090494646785,201.52211547168883,87.47622724067054
1776841200,201.52211547168883,201.57911850407567,200.90854323042984,201.12668182368543,314.07370534247167
1776844800,201.12668182368543,201.52785841172027,200.6966535485145,200.6966535485145,3138.197963272337
1776848400,200.6966535485145,201.88900532015947,200.5705697680717,201.82861493805635,2034.5470020779264
1776852000,201.82861493805635,201.8650254482536,201.36516378673227,201.54138038425887,1908.364876702498
1776855600,201.54138038425887,201.54138038425887,201.01807869484435,201.01807869484435,5470.035475170055
1776859200,201.01807869484435,202.7099155003917,200.32547124525163,200.32547124525163,24812.633473067875
1776862800,200.32547124525163,201.4097912625617,199.61147059426904,199.78643072937828,56548.71975915468
1776866400,199.78643072937828,201.5976229629112,198.9215401416121,201.49122685096788,51897.921632260855
1776870000,201.49122685096788,202.14338906881636,201.00083539216376,201.50541763571587,18851.10290947728
1776873600,201.50541763571587,201.68752988830485,200.9805806975779,201.31499202914884,779.8630603716279
1776877200,201.31499202914884,202.31679140173136,200.742837796238,202.3015447863353,25930.07971390881
1776880800,202.3015447863353,202.3015447863353,201.10316515156188,201.67615799556617,41365.39779537184
1776884400,201.67615799556617,202.7662406622509,201.38973948673487,202.64818126107332,31565.57461473752
1776888000,202.64818126107332,202.66100230486904,202.21782345540493,202.63782130430585,1479.4311842903874
1776891600,202.63782130430585,202.6939735660494,201.56522606162105,202.0437160641036,757.2998305255877
1776895200,202.0437160641036,202.47349467940128,201.9114786878343,202.23409560616415,388.54603627645065
1776898800,202.23409560616415,202.827235665994,202.1566207932948,202.62524488900164,22808.78060730001
1776902400,202.62524488900164,202.6812952913336,200.33778713387895,201.8167586285805,60436.569992246106
1776906000,201.8167586285805,202.2045688579848,201.4160641798581,201.88879578812487,5379.247701756561
1776909600,201.88879578812487,201.88879578812487,200.58781483159348,200.58781483159348,17319.87853888075
1776913200,200.58781483159348,200.73647335365268,200.2353759944712,200.73647335365268,8704.228186976516
1776916800,200.73647335365268,200.9471960468357,200.58726759296312,200.82489434734367,7810.857215472247
1776920400,200.82489434734367,202.1537740872472,200.48372252462505,200.94951262631204,13457.749790634683
1776924000,200.94951262631204,201.59441787822576,200.94951262631204,201.05368525012452,9175.18109409684
1776927600,201.05368525012452,201.87325311508,201.01506800189964,201.70143757026943,3469.1043100761044
1776931200,201.70143757026943,201.95193426627625,201.14851083670663,201.23996104194987,11715.56919355346
1776934800,201.23996104194987,201.36198136334883,200.4972247606261,200.8121511989674,77217.94071884033
1776938400,200.8121511989674,201.783896612078,200.6244628086948,201.0533834634493,49744.912805088126
1776942000,201.0533834634493,201.63643729514465,200.74754834010025,201.286279796628,25729.361682486637
1776945600,201.286279796628,203.6408679157958,201.286279796628,202.04677509327863,24159.55375207351
1776949200,202.04677509327863,204.08047400080895,201.0036469788241,203.1174355275302,67414.77893781173
1776952800,203.1174355275302,203.3660887806065,201.57420094571032,202.34918450611684,79011.75346524235
1776956400,202.34918450611684,203.37079286740155,200.9615184561441,201.6864563424124,56719.05914601802
1776960000,201.6864563424124,202.33900863771325,201.12643268091503,201.70924067594788,23358.382116537472
1776963600,201.70924067594788,202.04969556962072,197.1706310073328,198.32331132612225,190603.4704938166
1776967200,198.32331132612225,199.7609164805352,198.32331132612225,198.79012001158185,43284.24138902599
1776970800,198.79012001158185,199.6042523802501,198.603145336345,199.3127820788836,44468.8813157935
1776974400,199.3127820788836,199.9560576025034,198.84093793550005,198.94165188228905,39768.14364938769
1776978000,198.94165188228905,199.1843749706071,198.2724888848592,198.96519037829816,4658.679410371136
1776981600,198.96519037829816,200.3676994789456,198.96519037829816,199.6703099170332,71569.50139255232
1776985200,199.6703099170332,199.77950227385253,199.02286909722775,199.02286909722775,5582.391444588741
1776988800,199.02286909722775,199.9920180249472,199.02286909722775,199.9153137976056,32766.940962875724
1776992400,199.9153137976056,200.5174295723104,199.9153137976056,200.3773095449034,613.0311365901728
1776996000,200.3773095449034,200.48972166511732,200.04929125137065,200.37568592012352,394.7822175326613
1776999600,200.37568592012352,200.4022821877953,199.5650256107741,199.96548005018013,12989.455276376544
1777003200,199.96548005018013,199.96548005018013,198.86299570803848,199.67769099625312,6426.636684037198
1777006800,199.67769099625312,199.93655338914095,199.21294192656137,199.7085149881648,6149.928328675089
1777010400,199.7085149881648,200.06164583979023,199.7085149881648,199.9543650800308,4091.8700029859274
1777014000,199.9543650800308,200.2151795574034,199.9543650800308,200.2151795574034,2899.419290570693
1777017600,200.2151795574034,200.2151795574034,199.67956756322815,199.92549843096893,3344.451922979343
1777021200,199.92549843096893,200.3446545297559,198.9681594158317,198.9681594158317,12440.375166691065
1777024800,198.9681594158317,199.56836834779224,198.9681594158317,199.23934703741423,7216.448596127736
1777028400,199.23934703741423,201.4249188346523,199.23934703741423,200.46562574649528,66899.29815015299
1777032000,200.46562574649528,201.69804226453013,200.1971065046021,200.9047510885925,21814.44413097552
1777035600,200.9047510885925,203.41828243082043,199.9588465554541,202.0978189088897,439696.5291156874
1777039200,202.0978189088897,208.93097225953545,201.8593778323156,208.46358240833263,91279.67692062008
1777042800,208.46358240833263,209.7974117493194,207.56407978925247,207.6595363542696,62665.635891469545
1777046400,207.6595363542696,211.1361789798951,207.6595363542696,209.8442557632476,33119.2912986335
1777050000,209.8442557632476,210.4155137577828,209.27306626202892,209.651758556601,10669.881311272778
1777053600,209.651758556601,209.651758556601,207.4986495244252,207.5981397732692,47001.88439896963
1777057200,207.5981397732692,209.23089260202624,207.36076129925044,208.14260330838735,52491.560360021744
1777060800,208.14260330838735,208.2976567322339,207.5209231637773,207.8062285976954,14046.70220009109
1777064400,207.8062285976954,208.3431838757313,207.6512578473276,207.9792759414493,5832.159907778853
1777068000,207.9792759414493,208.7863141731847,207.9792759414493,208.60746830136827,2056.7583754912725
1777071600,208.60746830136827,208.60746830136827,208.0870062583108,208.0870062583108,1455.332706552488
1777075200,208.0870062583108,208.95816774803745,207.6595776456596,208.95816774803745,6990.601421367843
1777078800,208.95816774803745,208.95816774803745,206.8540689676076,206.8540689676076,8725.105431997754
1777082400,206.8540689676076,207.6850692059488,206.36980965717103,207.1028678005358,16722.154777131444
1777086000,207.1028678005358,208.44243135780812,207.1028678005358,207.86510216112129,15580.730516289226
1777089600,207.86510216112129,207.94297987961545,207.03940024764665,207.4524278752221,18698.22772965237
1777093200,207.4524278752221,208.0409683481585,207.13390445862316,207.13390445862316,41837.04822288493
1777096800,207.13390445862316,207.692997004798,206.72938002673283,207.67453119317295,2348.875486250067
1777100400,207.67453119317295,207.9210351893886,207.00245684314936,207.00245684314936,10013.62792446582
1777104000,207.00245684314936,207.56257165451575,207.00245684314936,207.56257165451575,171.7309748295608
1777107600,207.56257165451575,207.56257165451575,206.7773382301901,206.7773382301901,9019.41757358178
1777111200,206.7773382301901,207.51910792283323,206.7773382301901,207.1169128749328,3170.3166847383422
1777114800,207.1169128749328,207.3486450060145,207.1169128749328,207.2590162879326,1861.2765403239607
1777118400,207.2590162879326,207.5293107808136,207.04204373472427,207.04204373472427,282.24547377369777
1777122000,207.04204373472427,207.3597521695945,207.04204373472427,207.3597521695945,367.3317128861129
1777125600,207.3597521695945,207.5492032596825,206.99039610926468,206.99039610926468,1497.0841789626172
1777129200,206.99039610926468,208.33227026786847,206.99039610926468,207.86927209199163,12575.61816538342
1777132800,207.86927209199163,207.86927209199163,207.44608348077887,207.495817857512,2942.720534528572
1777136400,207.495817857512,207.495817857512,206.6268096536571,206.6268096536571,6890.994929452721
1777140000,206.6268096536571,206.94351930823424,206.24647531749392,206.8806527363788,51937.51386079754
1777143600,206.8806527363788,207.58279308047312,206.5061964866188,206.89436688188093,11162.304074816771
1777147200,206.89436688188093,207.2785223600803,206.56438994970893,206.94870817478505,7342.163133628536
1777150800,206.94870817478505,207.22695503641063,206.8563681523875,207.22695503641063,4342.427401958442
1777154400,207.22695503641063,207.79724274346736,207.0497979138834,207.0497979138834,5078.121908734775
1777158000,207.0497979138834,207.26415885448307,206.6413658198705,207.17542266424144,3703.005801330157
1777161600,207.17542266424144,208.00235812352344,207.17542266424144,207.5877964919366,3589.4778610761664
1777165200,207.5877964919366,207.67464566726812,207.3883242037742,207.3883242037742,341.08814742424
1777172400,207.3883242037742,208.24705190999217,207.1269535769532,207.47315311644667,724.535395502511
1777176000,207.47315311644667,207.54238077617552,206.96186835442936,207.1630044390816,13146.391582027758
1777179600,207.1630044390816,208.23013272153565,207.00757221761424,207.7255245102323,11489.274501609349
1777183200,207.7255245102323,208.1527871899843,207.41764370981988,208.1108637577136,5088.517398337249
1777186800,208.1108637577136,208.24209039265992,207.48172036790515,207.89803132023377,9497.953135044783
1777190400,207.89803132023377,208.6153468391709,207.5502777769067,207.903180139122,4330.712620553904
1777194000,207.903180139122,208.4371119156828,207.5880169373028,208.31304600669372,1174.660992615601
1777197600,208.31304600669372,208.50032780746625,207.67693484571816,208.50032780746625,1376.44640460116
1777201200,208.50032780746625,208.85468187478816,208.08573996995088,208.5910025859756,1241.132134681053
1777204800,208.5910025859756,208.955813992539,208.22630937801472,208.22630937801472,3516.5437925586384
1777208400,208.22630937801472,208.34439442744792,208.21461959177225,208.2288590792871,1514.1416727718326
1777212000,208.2288590792871,208.2668471555468,207.96457300372967,208.2668471555468,732.2108433315337
1777215600,208.2668471555468,208.49900585799168,207.83217099929996,208.3308126187988,1192.929955156038
1777219200,208.3308126187988,208.3308126187988,208.04608534543303,208.0801745593824,746.6890806392144
1777222800,208.0801745593824,208.96063284937975,208.03304383269472,208.42001389705737,11308.646241551116
1777226400,208.42001389705737,209.08686960074573,208.0610793061997,208.66600638742383,1967.6249287468893
1777230000,208.66600638742383,212.2634691345916,208.66600638742383,209.23743246554645,3183.3914202993315
1777233600,209.23743246554645,210.3706564742099,209.23743246554645,209.94157710208648,5219.785286206962
1777237200,209.94157710208648,210.52862461077305,209.2349514562212,209.5959815359193,4042.400830144173
1777240800,209.5959815359193,209.83679245561729,208.3028233861144,208.6028533223691,11580.443829064498
1777244400,208.6028533223691,208.79273100525955,207.9711512625394,208.26836719921093,7002.415373394216
1777248000,208.26836719921093,209.43107126658816,207.7985144613092,208.86443439859917,55681.67553663196
1777251600,208.86443439859917,210.4951208638005,208.55179032842275,210.12228041767744,22635.574376606888
1777255200,210.12228041767744,210.5093954385112,209.8781035852431,210.03404586317708,4113.915225186428
1777258800,210.03404586317708,210.47380924287424,209.5279029522024,210.43588844033675,3733.311709895489
1777262400,210.43588844033675,212.5262394358857,210.0839412384836,212.5262394358857,903.2560623711072
1777266000,212.5262394358857,212.5262394358857,209.3682828236648,209.55486131358128,7545.133589388532
1777269600,209.55486131358128,209.90258256904957,208.59633084418235,208.80792763761528,7584.96049197702
1777273200,208.80792763761528,209.37748458841637,208.6737517712953,208.6737517712953,6216.063932262305
1777276800,208.6737517712953,209.8603775282935,208.23095984556852,208.77095346492573,82731.65826304464
1777280400,208.77095346492573,209.59887543141105,208.3010893726328,209.59887543141105,8311.170335004079
1777284000,209.59887543141105,211.15451081046876,209.59887543141105,210.77960017616476,6064.362400104295
1777287600,210.77960017616476,212.2465962778341,210.1906252306722,211.33044961779464,16811.386509672193
1777291200,211.33044961779464,211.6987562032656,210.27309676577707,210.6569355328185,22225.53426555502
1777294800,210.6569355328185,211.16370148083035,208.1500564379565,209.9350461122741,212555.89680409315
1777298400,209.9350461122741,210.71012792369763,207.45129824115745,209.77475580101955,107281.2115579562
1777302000,209.77475580101955,210.9862311522488,208.78748565507885,210.10273590662436,32407.392695086583
1777305600,210.10273590662436,213.41514823382985,210.10273590662436,212.51726055461083,53558.09906098235
1777309200,212.51726055461083,215.52505562800383,212.36489821929476,215.0153083855733,36424.96764836834
1777312800,215.0153083855733,216.3468502312098,214.32794089464417,214.6981238986096,49853.80516831612
1777316400,214.6981238986096,216.38857425740213,214.6981238986096,215.84074959709,21265.478981442004
1777320000,215.84074959709,217.66142287849547,215.6673510280878,217.3328203012301,23645.619112876127
1777323600,217.3328203012301,220.06807141596053,217.06119616883808,217.06119616883808,50538.21472587639
1777327200,217.06119616883808,218.14434609803664,217.06119616883808,217.26049256034108,2810.2270054305995
1777330800,217.26049256034108,219.00381895438093,217.26049256034108,218.86053168919852,10480.129698343751
1777334400,218.86053168919852,218.96175486212857,217.58096105591548,218.6389010157227,13657.041077249844
1777338000,218.6389010157227,218.6389010157227,217.05532520804016,217.4639586799925,26680.471177390795
1777341600,217.4639586799925,217.7450691858417,216.3169088757388,217.66122987089636,4690.389291146036
1777345200,217.66122987089636,217.81824880695032,216.85038024862592,217.06985338938784,7867.644470094535
1777348800,217.06985338938784,217.9046030464584,216.44077337987665,216.7469191900524,7425.867804793058
1777352400,216.7469191900524,216.75023296429163,215.5233795556377,216.1136137229834,25843.059636382437
1777356000,216.1136137229834,216.2707080950955,214.6182273571453,215.26890708999653,14323.652208517848
1777359600,215.26890708999653,216.06512009202928,215.18076636245888,215.4212940117704,22345.761261072697
1777363200,215.4212940117704,216.95008585944976,214.1353505065045,215.89589751487432,48604.36668434996
1777366800,215.89589751487432,216.0883657061811,212.7710408517924,213.03660681212065,34820.283202489205
1777370400,213.03660681212065,214.76315974209743,210.60019512785163,213.9010247758741,17669.96491832561
1777374000,213.9010247758741,214.4244209398886,210.4372327132477,210.89329052696377,53755.9284539822
1777377600,210.89329052696377,211.0849396700005,208.3422629627644,210.6665497585516,129906.39848177008
1777381200,210.6665497585516,212.1818259484131,209.09460061415197,211.9395528754832,145900.39189627333
1777384800,211.9395528754832,213.5911337802767,208.47858486761308,209.14027340548745,115409.77908899296
1777388400,209.14027340548745,211.6069839785112,208.4447149972564,209.5868533153226,77127.56370896703
1777392000,209.5868533153226,210.6139056089718,209.4476224233797,210.6139056089718,55912.9626452193
1777395600,210.6139056089718,212.2272067227032,209.97700159396948,212.2272067227032,14995.831784229398
1777399200,212.2272067227032,214.19373752272008,211.80819990696463,213.5326401395443,23364.903161728504
1777402800,213.5326401395443,214.58020057302056,212.8637289339101,213.1994100028722,31169.754284864783
1777406400,213.1994100028722,213.1994100028722,212.36554926760488,212.96581617155323,9423.29183452395
1777410000,212.96581617155323,212.97392353370373,211.98926452826785,212.9239628489832,3075.558277559116
1777413600,212.9239628489832,213.15684175699516,212.67796527534347,212.82982180008747,2808.7291911455677
1777417200,212.82982180008747,212.82982180008747,212.4711404702116,212.4711404702116,533.403051677793
1777420800,212.4711404702116,214.36704120491544,212.4525045762352,213.1073671519049,15917.172941830364
1777424400,213.1073671519049,213.1073671519049,212.5351079766921,213.02090751987564,15639.4222922125
1777428000,213.02090751987564,214.22282561131016,212.99811382905668,214.22282561131016,927.0577091426982
1777431600,214.22282561131016,214.22282561131016,212.77470180791792,212.97949248314467,4407.234557061493
1777435200,212.97949248314467,213.70763655510456,212.9263733960838,213.4290769285654,3492.100933259447
1777438800,213.4290769285654,213.91024871303287,213.4290769285654,213.91024871303287,2242.4908697380147
1777442400,213.91024871303287,214.56064678961857,213.15155723379,213.15155723379,861.7312876919756
1777446000,213.15155723379,213.7583247597916,212.76507137112057,213.2059235789908,8312.35240464081
1777449600,213.2059235789908,213.5783744448796,212.47463122275389,213.5783744448796,15884.47119980036
1777453200,213.5783744448796,213.594050679314,212.65626242061072,213.1838769420848,3174.108397839151
1777456800,213.1838769420848,214.39507336739524,212.80900012698115,213.9552670930912,15619.253851480984
1777460400,213.9552670930912,214.8892339969042,213.5127296143613,214.6177318494032,11561.362989386053
1777464000,214.6177318494032,214.6177318494032,212.83103066084547,212.92771461908848,12132.03129300944
1777467600,212.92771461908848,216.0370468434513,210.36271055543344,210.62153428436375,63889.88948422891
1777471200,210.62153428436375,212.14776488667533,209.78342433874425,211.14054384125595,51068.894748298815
1777474800,211.14054384125595,212.69316295815284,210.4745220939748,210.4745220939748,64942.04360468813
1777478400,210.4745220939748,211.0331415033659,208.7833017231396,208.7833017231396,69616.49149966027
1777482000,208.7833017231396,210.04769186931412,208.7833017231396,208.92477147283407,26234.36441041488
1777485600,208.92477147283407,209.6381659161024,207.1599795060241,208.50339177502272,74695.15405237442
1777489200,208.50339177502272,209.60958966843447,208.4353751001576,209.29019689459292,19188.38345935195
1777492800,209.29019689459292,209.8707817427312,206.87890925627025,208.3119446249826,136630.40518159635
1777496400,208.3119446249826,209.38938656763736,208.03371086328872,209.11439459752475,38941.99014151086
1777500000,209.11439459752475,211.26119008624815,208.1175920549993,210.5591830594321,77171.68806575396
1777503600,210.5591830594321,211.1480943688884,210.1004601305616,211.1480943688884,7717.568426944658
1777507200,211.1480943688884,212.18853328065188,210.71023044115597,211.916577674079,6123.338446771688
1777510800,211.916577674079,212.64069310510052,210.82642121782897,210.82642121782897,2484.3575742701546
1777514400,210.82642121782897,211.61545920558643,209.2730139416973,209.52534241859092,48895.29659962854
1777518000,209.52534241859092,210.88416043906227,209.52534241859092,210.63742184881664,3454.4489164107345
1777521600,210.63742184881664,210.63742184881664,208.00832152976105,208.00832152976105,37205.97561236213
1777525200,208.00832152976105,208.2749180766165,207.67834222170305,207.89810109405985,9760.264584508775
1777528800,207.89810109405985,208.4203869864811,207.1144714540885,208.41312608304472,17023.587606543657
1777532400,208.41312608304472,209.90181848999848,207.64208258538685,209.90181848999848,29688.775508974715
1777536000,209.90181848999848,210.87350313343092,209.490605445578,210.34114016249345,13905.824329422596
1777539600,210.34114016249345,210.6569736357827,209.38982928204072,210.4787535535739,17076.21922434354
1777543200,210.4787535535739,211.2476782863753,210.4787535535739,210.7012485501641,4737.513859837749
1777546800,210.7012485501641,211.1662377981158,210.4505823759901,210.8668134919408,13520.43803816129
1777550400,210.8668134919408,211.4855236040433,210.37066668868223,211.05293799559024,9648.313017349645
1777554000,211.05293799559024,211.05293799559024,203.0652134004941,204.1467429312952,133129.57034285626
1777557600,204.1467429312952,204.85666859558245,199.87169268527705,201.93031709908175,291555.42610060127
1777561200,201.93031709908175,202.2272562870413,200.62020305550223,200.69514435613644,66388.15615744288
1777564800,200.69514435613644,201.41784259548336,199.7251649233273,200.42638928094811,48205.50081337247
1777568400,200.42638928094811,201.19909963425616,200.24638547097663,200.7784029877485,26097.23558511153
1777572000,200.7784029877485,202.028195465194,200.2790765224324,201.61973600485337,58781.86602336122
1777575600,201.61973600485337,201.61973600485337,199.78272633145644,199.78272633145644,24359.4133163606
1777579200,199.78272633145644,200.58600946081543,199.15156561571203,199.93799020466184,24390.027070127675
1777582800,199.93799020466184,200.38315482711104,199.49978342074667,200.38315482711104,4803.564977030017
1777586400,200.38315482711104,200.891553445083,200.3721656391517,200.891553445083,4421.96175377858
1777590000,200.891553445083,200.891553445083,199.59756022124063,199.59756022124063,3228.500666740462
1777593600,199.59756022124063,201.44773109554535,199.59756022124063,200.38944128083008,6468.886385287112
1777597200,200.38944128083008,201.21765111115323,199.11349041786485,201.06641010338987,17903.234203621334
1777600800,201.06641010338987,201.09763495675412,200.65792105104575,200.8328259617548,1871.9300792201457
1777604400,200.8328259617548,201.2351015898163,200.44927191537016,200.9942267378676,1234.2669520560646
1777608000,200.9942267378676,201.7851767509896,200.9942267378676,201.18377686224431,7497.550213517997
1777611600,201.18377686224431,201.34249184802223,200.9411336370285,201.34249184802223,1433.9087166425545
1777615200,201.34249184802223,201.34249184802223,200.29199133810187,200.29199133810187,6755.288658144088
1777618800,200.29199133810187,201.19194499998383,200.03052931252472,200.223093192184,14346.47667130583
1777622400,200.223093192184,200.91815887196404,199.69563007044584,199.71353401507704,8418.020955491773
1777626000,199.71353401507704,200.6651141238937,199.2291901931003,200.06558894447764,2717.8890919041746
1777629600,200.06558894447764,200.5685314578246,200.06558894447764,200.1467033902803,1055.7888041903705
1777633200,200.1467033902803,201.273850856617,200.1467033902803,201.273850856617,10407.909812166496
1777636800,201.273850856617,201.52186284784884,200.58662533011463,201.0797979950803,15706.320237116124
1777640400,201.0797979950803,203.33803147009655,199.21979214679615,200.744719134954,143576.29829584013
1777644000,200.744719134954,200.95182737071312,197.8323846434079,199.21024412576057,141201.09897002234
1777647600,199.21024412576057,199.9207935528212,198.3763889662389,198.80433989548317,31609.23087494632
1777651200,198.80433989548317,199.7169351914864,198.52002082845715,199.41941521631696,27375.008905993844
1777654800,199.41941521631696,200.28730525747864,199.05617252051363,199.46354495651715,17179.547854089196
1777658400,199.46354495651715,200.22554118115883,198.10612990340007,198.10612990340007,29802.7763512167
1777662000,198.10612990340007,199.84542420984155,197.5046581718175,198.60769075937745,32419.57060119052
1777665600,198.60769075937745,199.2403753112936,198.3541670992003,198.3541670992003,5678.210973024879
1777669200,198.3541670992003,198.57500112004203,198.15210847681848,198.15210847681848,8.22551412691565
1777672800,198.15210847681848,198.97868482111315,198.15210847681848,198.96600553794565,157.81613774944194
1777676400,198.96600553794565,198.96600553794565,197.7440048989673,197.76061563124264,3590.700241118389
1777680000,197.76061563124264,198.70570037565187,197.4721787739768,198.0517591360568,5140.5259176677455
1777683600,198.0517591360568,199.17513558826292,197.83316555939788,197.97796331298423,28083.854943776583
1777687200,197.97796331298423,198.76740362266088,197.97796331298423,198.61271020538055,924.373895058891
1777690800,198.61271020538055,199.16237985383933,198.61271020538055,199.16237985383933,624.7040125423081
1777694400,199.16237985383933,199.19023749256692,197.71308050269133,198.5884696130369,23137.74543251809
1777698000,198.5884696130369,198.87582762719623,198.4364492333003,198.6417946552617,5330.342011166942
1777701600,198.6417946552617,199.0989439795489,198.3639196546469,198.3639196546469,3242.8578688184048
1777705200,198.3639196546469,198.6676612390206,198.1722412265548,198.1722412265548,1097.146797292883
1777708800,198.1722412265548,198.41815672255936,198.1722412265548,198.41815672255936,3.3493203114740417
1777712400,198.41815672255936,198.47248219588093,198.0829059643924,198.09936269727,3322.662489880053
1777716000,198.09936269727,198.9265416149691,197.63190526483768,197.63190526483768,3920.347880444331
1777723200,197.63190526483768,198.90660574756657,197.63190526483768,198.56229822429543,1132.3399882702531
1777726800,198.56229822429543,198.65300372064905,198.1802842632644,198.21677056354508,309.0866107290381
1777730400,198.21677056354508,198.74806682413845,198.125489238987,198.1703667204884,5923.8007460001545
1777734000,198.1703667204884,198.5497872392581,197.78851586755133,198.15900090758717,8674.124381336216
1777737600,198.15900090758717,198.625287926212,197.84841153851443,198.35465974792493,5201.692251288464
1777741200,198.35465974792493,198.74309309264453,198.16705133053017,198.1734705431828,1305.1153143853992
1777744800,198.1734705431828,198.7074275139749,198.1497036887432,198.35225422976012,355.754055630492
1777748400,198.35225422976012,198.42711927930847,198.01193330220556,198.3832750987944,2427.794818432088
1777752000,198.3832750987944,198.6766202608806,198.32317854456707,198.32317854456707,37.31516314908605
1777755600,198.32317854456707,198.47722161481744,197.9764395792377,197.9764395792377,3049.4953183480056
1777759200,197.9764395792377,198.4753513931717,197.9764395792377,198.4753513931717,3599.677304879732
1777762800,198.4753513931717,198.9620039344167,198.43127011446424,198.7617986422836,2212.8896271286285
1777766400,198.7617986422836,199.4408836028585,198.5878160971805,198.8749583611377,2092.215328711966
1777770000,198.8749583611377,199.9910081643151,198.67808293371027,198.95693607007868,12220.913623254011
1777773600,198.95693607007868,199.1589412342239,198.9163342824958,199.0939501211521,751.3597904099432
1777777200,199.0939501211521,199.562162777628,199.0939501211521,199.562162777628,0.5014558113843681
1777784400,199.562162777628,199.562162777628,198.4162809097837,198.77606131347656,1764.4815723863342
1777791600,198.77606131347656,198.9578378453032,198.77606131347656,198.9578378453032,546.6629835914958
1777798800,198.9578378453032,199.0835041245257,198.827736819836,199.0835041245257,1590.1980406147898
1777802400,199.0835041245257,199.13618809799536,199.02745428773463,199.13618809799536,474.8614012293856
1777806000,199.13618809799536,199.7585488157373,198.8892113061152,198.8892113061152,692.5046556048593
1777809600,198.8892113061152,199.0159484016641,198.61857998660008,198.91923841873245,2186.218642631487
1777813200,198.91923841873245,199.07436039013328,198.86296404031285,198.88903179307272,625.2679643352153
1777816800,198.88903179307272,199.2792066499189,198.88903179307272,198.930251629444,760.7403855022459
1777820400,198.930251629444,199.8099660178208,198.88904885596492,199.8099660178208,3399.89937911755
1777824000,199.8099660178208,199.8099660178208,199.1957217497853,199.36368291676573,2331.48529516942
1777827600,199.36368291676573,200.23632594213265,199.3033801889832,199.85202015892617,12203.61345133849
1777831200,199.85202015892617,200.07016747090057,199.27994891512876,199.27994891512876,3420.3403295661637
1777834800,199.27994891512876,199.87103189363296,199.27994891512876,199.65600170359207,4954.493239217726
1777838400,199.65600170359207,200.3510522443705,199.54639489694952,200.2665751347015,3880.375406026659
1777842000,200.2665751347015,201.26972610427487,200.21176564363415,200.8066035672785,14511.424574022069
1777845600,200.8066035672785,200.92328224752373,200.23528570452984,200.57880911743587,9478.037123806456
1777849200,200.57880911743587,201.0366462336099,200.25621043971915,200.25621043971915,6419.629329350187
1777852800,200.25621043971915,200.5146955988115,198.5604577749202,199.00331728528016,86574.95389945028
1777856400,199.00331728528016,200.21435453430095,198.6787412020588,199.18297087807625,10099.30330569276
1777860000,199.18297087807625,199.98231927853453,198.59992853964465,199.53979038765976,3524.925995894502
1777863600,199.53979038765976,199.59888144564536,199.23803998461216,199.31763531028608,3386.808268315121
1777867200,199.31763531028608,199.6839683345132,199.1733173383848,199.5397463027056,985.6519314831792
1777870800,199.5397463027056,200.2937217039918,199.5397463027056,200.13446516628943,15253.917676586872
1777874400,200.13446516628943,200.13446516628943,198.83634758814844,199.73634449681515,7212.596458729522
1777878000,199.73634449681515,200.0097797376721,199.22046441612596,199.61244188064268,10525.553117730246
1777881600,199.61244188064268,200.10893942197848,199.50835898435727,199.50835898435727,5592.623539711313
1777885200,199.50835898435727,200.1177346649896,199.2774130944765,199.34477382269225,3998.950241239472
1777888800,199.34477382269225,199.89619358991985,196.8600785586301,197.71671496980213,72572.70113994992
1777892400,197.71671496980213,198.33976274784388,197.45092050751333,198.12677308793684,27839.21445932678
1777896000,198.12677308793684,199.20042959412092,198.12677308793684,198.9309031419653,10554.359211510297
1777899600,198.9309031419653,201.48397513190235,197.37241000165704,198.3161945284045,144975.43844483246
1777903200,198.3161945284045,199.55994845100636,197.22406594915705,197.22406594915705,54267.01656140083
1777906800,197.22406594915705,198.22707087321413,194.96757339911505,195.4959591738136,62264.73508096894
1777910400,195.4959591738136,197.134214019195,195.1892235746592,197.134214019195,33301.90047735548
1777914000,197.134214019195,198.3042468743437,196.1959669318427,198.12404402841224,39889.41053297597
1777917600,198.12404402841224,198.97586777879332,196.55567573192613,198.59165820321877,40882.36683903016
1777921200,198.59165820321877,199.34346031949588,197.87371729853177,198.90461330442588,25119.10101365318
1777924800,198.90461330442588,198.90461330442588,197.41471971462175,197.6953957928581,10112.449581684114
1777928400,197.6953957928581,198.14061566179495,197.4757259026411,198.06012071268395,2416.225169565886
1777932000,198.06012071268395,198.545693993742,197.81179291047732,198.0923722138233,7638.8273981556595
1777935600,198.0923722138233,198.2218930322597,197.9726403812652,197.9726403812652,3735.127911036471
1777939200,197.9726403812652,199.21027034937904,197.42811102985985,197.7841836091032,1984.9505112273573
1777942800,197.7841836091032,198.1557412831452,197.57207768493376,197.63510872299133,3804.028975780405
1777946400,197.63510872299133,198.70399723055263,197.63510872299133,198.70399723055263,19223.24882221962
1777950000,198.70399723055263,198.70399723055263,198.0531681401397,198.60718775519,849.0100276833901
1777953600,198.60718775519,198.60718775519,198.2166516719647,198.41552343934157,309.0185609012893
1777957200,198.41552343934157,198.91558224134891,198.2274303622118,198.7866678177479,2885.4959366769467
1777960800,198.7866678177479,199.32764349913177,198.44458755889892,198.44458755889892,2615.691920372192
1777964400,198.44458755889892,199.3535386513727,198.44458755889892,198.7416443961264,4425.823328095897
1777968000,198.7416443961264,200.36800169425064,198.2859949976009,198.2859949976009,4348.461970739762
1777971600,198.2859949976009,199.1133672068204,198.2859949976009,199.1010913963235,6200.374469254037
1777975200,199.1010913963235,200.7341801443577,198.38394539984796,198.68693227746604,15788.735806682864
1777978800,198.68693227746604,198.68693227746604,198.05121721878072,198.35199561074023,9659.58222820026
1777982400,198.35199561074023,199.3908650480814,198.34827895613637,199.0088950733852,8327.442384974393
1777986000,199.0088950733852,201.3057559838424,198.2752943765973,198.31936269737716,89691.77456730012
1777989600,198.31936269737716,198.97726092251645,196.7176940760111,197.28123802490228,71945.50350842951
1777993200,197.28123802490228,197.9104793334752,196.41727571154144,197.86828053715723,33610.55487252528
1777996800,197.86828053715723,198.4675629799601,197.59241210086,197.99183735462125,17473.81481798142
1778000400,197.99183735462125,197.99183735462125,196.9368494155048,197.21699454676315,12364.944308634926
1778004000,197.21699454676315,197.61987583297253,196.28799985912823,196.4755050916713,21936.30308879595
1778007600,196.4755050916713,197.2850380861042,195.72958564957617,196.1836799130708,27422.858640822687
1778011200,196.1836799130708,197.10443830506108,195.69326610933044,197.1037853587636,35633.848176646294
1778014800,197.1037853587636,197.9552742357164,195.678053082125,195.678053082125,24467.58596669783
1778018400,195.678053082125,197.19302972075084,195.678053082125,196.79184345660107,29171.604525946143
1778022000,196.79184345660107,198.08112204456123,196.1435230007689,197.347370168444,16417.337199587124
1778025600,197.347370168444,197.6721274207029,196.3646893162857,196.6334500837172,29820.071857880623
1778029200,196.6334500837172,197.17231772099663,195.87082276709071,196.2380326557426,3378.539064283736
1778032800,196.2380326557426,197.10902214172745,196.1849346502228,196.2758602251428,3369.904350946985
1778036400,196.2758602251428,197.08405937694675,195.7050772507888,196.25447675487737,13453.350018193516
1778040000,196.25447675487737,198.21117132423817,196.04583940368008,196.6374178928662,8472.479818537122
1778043600,196.6374178928662,198.3018037245654,195.92780216757924,196.09326936865077,11596.158003944194
1778047200,196.09326936865077,196.80969799915695,195.70232629282097,196.6334763174665,2409.735431658778
1778050800,196.6334763174665,196.80671203708044,196.1077700755094,196.80671203708044,762.1232584433939
1778054400,196.80671203708044,199.2946355952572,196.35814941604204,199.2946355952572,35513.59310649329
1778058000,199.2946355952572,200.33251720737184,198.53329052552775,199.78799083758304,39989.9421774815
1778061600,199.78799083758304,201.75936125521213,199.43576138424768,200.733441274086,51114.785895461406
1778065200,200.733441274086,202.7400364167848,200.67071919249867,201.35214028798453,62736.02342942734
1778068800,201.35214028798453,203.56021177332508,200.11715234708137,201.008210747226,33933.558078562695
1778072400,201.008210747226,204.23175979060045,199.21602854595068,203.97655993445133,227991.75711079533
1778076000,203.97655993445133,206.7760253375356,202.80540152703188,204.53870771048784,196355.86426038112
1778079600,204.53870771048784,207.1650908152885,203.20571691292983,205.02315289112568,136031.0720291019
1778083200,205.02315289112568,205.72581204659463,204.02437623090776,205.1916870758585,52777.13501257537
1778086800,205.1916870758585,206.39155793917809,204.61931666671984,205.1966597471033,44789.42639547058
1778090400,205.1966597471033,207.94517645708797,205.1966597471033,206.91580219000343,60368.7347770215
1778094000,206.91580219000343,207.84782317029024,205.932135145128,207.45710626183708,42148.89308389143
1778097600,207.45710626183708,208.40035215892428,206.7681323509225,207.2120039628126,43950.24297464184
1778101200,207.2120039628126,207.458232667754,205.30367965586925,205.94139742955664,36695.74922208604
1778104800,205.94139742955664,208.52183793954464,205.83992465357252,206.1729175007036,29329.352676179897
1778108400,206.1729175007036,207.85120913828544,206.1090092623564,206.92987253817924,12792.792588403234
1778112000,206.92987253817924,208.07263855450668,206.11577779698783,206.78383400822963,20623.62969863652
1778115600,206.78383400822963,207.4909985070244,206.0804308362829,207.2120580778757,10386.440699354049
1778119200,207.2120580778757,207.46335178352183,205.5030868027392,206.4805157000044,8939.787698533117
1778122800,206.4805157000044,207.82270034504756,206.3672090780125,206.89495897108085,12924.133070933804
1778126400,206.89495897108085,207.71135097764488,206.61116236117357,207.4275041719428,4794.048464664528
1778130000,207.4275041719428,211.3101148228448,206.97332234338333,207.95260270520708,2126.013384348553
1778133600,207.95260270520708,209.25904814089884,206.8310654960653,209.25904814089884,12750.95855184669
1778137200,209.25904814089884,209.91653826284244,207.4018165998725,209.91653826284244,34122.87068120009
1778140800,209.91653826284244,210.26731898578015,208.56274348322648,209.72672638046552,32845.68674327641
1778144400,209.72672638046552,210.0882860632167,208.1829144942058,208.38658178997,25161.577076549893
1778148000,208.38658178997,209.41234662782992,208.0958509927341,208.3892040590078,20395.26903892609
1778151600,208.3892040590078,209.430412215252,207.75200335802407,207.97424965751924,36386.648930011695
1778155200,207.96735263287837,208.23773393409812,206.61048021639417,208.0617865121485,34686.74111762424
1778158800,208.0617865121485,210.17919975120583,206.62600400481531,208.48738740487815,200291.926316332
1778162400,208.48738740487815,214.29939355186227,208.48738740487815,212.60192767081145,201641.5244504812
1778166000,212.60192767081145,213.12165522109905,210.71918477196135,212.69928540238183,101986.04156009172
1778169600,212.69928540238183,214.0805199822865,210.7675779468628,212.4472413022846,153545.66481018977
1778173200,212.4472413022846,212.8233230660288,211.33261245669323,212.1056104522856,91330.91359007484
1778176800,212.1056104522856,213.47525686743865,211.5600527595645,212.5954372075875,52440.0073940614
1778180400,212.5954372075875,213.11740273800075,211.3736315298945,212.2472856706412,32926.404681444
1778184000,212.2472856706412,212.9993140407048,211.3848650363208,212.1706368832584,23671.53046963463
1778187600,212.1706368832584,212.62626087640984,209.6374807761,210.138591558446,92447.32503328324
1778191200,210.138591558446,212.0907514443087,209.74201267122496,210.8501434726161,47308.83098581534
1778194800,210.8501434726161,211.29678232500595,210.1082100898436,211.10627005295407,13114.584650060666
1778198400,211.10627005295407,212.3555186028236,210.7594237194903,211.787390998036,11116.099607366652
1778202000,211.787390998036,212.40535272430813,211.5811793530056,211.83253938756445,13785.41601475316
1778205600,211.83253938756445,213.0450708923461,211.19517043144936,211.69774997150483,17056.206699886694
1778209200,211.69774997150483,212.4742523732596,211.69774997150483,212.1129688398714,5156.13496480555
1778212800,212.1129688398714,213.283889114958,211.9699949068221,212.60943967243344,4434.229456108673
1778216400,212.60943967243344,213.53612120916213,212.60943967243344,212.75671670124515,10624.625539586716
1778220000,212.75671670124515,213.26247423924008,212.4882331310032,213.08392783685687,6940.098350236696
1778223600,213.08392783685687,213.5743658961837,212.63088908718257,212.7647901827928,5967.684831431932
1778227200,212.7647901827928,213.8642665424072,212.72526913061225,213.42337493535376,13246.858497099009
1778230800,213.42337493535376,214.1854439757545,212.94905433087624,213.35881751928585,17845.60902993722
1778234400,213.35881751928585,213.8848491073428,212.96267836255277,213.33080682868828,8504.407313668122
1778238000,213.33080682868828,213.72767291285027,213.18201030639952,213.18201030639952,2890.7699894191906
1778241600,213.18201030639952,214.32533875514065,212.10258423923528,213.54938500130655,18620.983630086062
1778245200,213.54938500130655,218.24201167918048,213.26065003116577,217.4787668965865,140342.90609987898
1778248800,217.4787668965865,217.5769733162452,214.08276361209687,215.58021878259632,96372.53207127575
1778252400,215.58021878259632,217.14890553436848,215.2784510865313,215.6287883986693,58663.91015575145
1778256000,215.6287883986693,216.7144835213334,214.68821953510232,214.68821953510232,65589.36010592665
1778259600,214.68821953510232,216.17364578440143,214.0390847154905,214.8651015131519,31697.917928564497
1778263200,214.8651015131519,216.2075715636761,214.57830588003827,215.34611403494955,16279.460218701715
1778266800,215.34611403494955,215.82744146739836,214.34843143120997,214.7680884389036,15891.328184882586
1778270400,214.7680884389036,216.08444274166024,214.7680884389036,215.21054375315663,2650.12137050576
1778274000,215.21054375315663,215.21054375315663,214.6647989773652,214.76353295152543,1415.7528813534586
1778277600,214.76353295152543,215.0722420899652,214.58015339050547,215.0722420899652,790.91493105595
1778281200,215.0722420899652,215.3820462913379,214.424509455234,214.424509455234,525.4133653596639
1778284800,214.424509455234,215.2682437602131,214.424509455234,214.78822740738715,16114.298393953011
1778288400,214.78822740738715,214.8495260387932,214.10125772557583,214.6169808623084,1641.309858866311
1778292000,214.6169808623084,215.78901820105605,214.45297210803864,214.56671056014707,4130.402723841724
1778295600,214.56671056014707,215.4662425726599,214.56671056014707,215.4662425726599,2666.4142962662886
1778299200,215.4662425726599,215.95938037988043,215.21904728288425,215.7245256890604,787.9751765940333
1778302800,215.7245256890604,215.7720322900004,214.50116450365135,214.92324277879865,4574.197922145123
1778306400,214.92324277879865,215.84597363390563,214.79465028400583,214.79465028400583,5417.468375619826
1778310000,214.79465028400583,215.67381352811725,214.79465028400583,215.00888098832303,4043.656853715913
1778317200,215.00888098832303,215.77643707514903,214.60287518438952,214.60287518438952,2452.685247091937
1778320800,214.60287518438952,215.44060579286491,214.60287518438952,215.44060579286491,1712.7673909063008
1778324400,215.44060579286491,216.2128292865524,214.5327853599922,214.69963072177777,2066.354295560732
1778328000,214.69963072177777,215.83107367876292,214.4733938048185,215.07619900299864,5201.878545122257
1778331600,215.07619900299864,215.50053212566652,214.836186547296,214.9083878440792,1853.575194737697
1778335200,214.9083878440792,215.8054181897845,214.9083878440792,215.55331058772785,204.79379614496472
1778338800,215.55331058772785,215.55331058772785,214.57193643122963,214.6663774564497,4541.731129429064
1778342400,214.6663774564497,214.9143393157695,214.6663774564497,214.9143393157695,8.276707964853548
1778346000,214.9143393157695,215.481507212322,214.441674161285,215.22380505442283,9498.67168128158
1778349600,215.22380505442283,215.41686704129495,214.60453673864544,214.60453673864544,2940.329968283252
1778353200,214.60453673864544,215.0127579755116,214.5902610323233,215.0127579755116,790.8885454214818
1778356800,215.0127579755116,215.1025767193921,214.9990791998067,215.1025767193921,327.6360676414789
1778360400,215.1025767193921,215.1025767193921,214.7495059066479,214.7495059066479,0.9977970717792354
1778364000,214.7495059066479,216.46464613284,214.7495059066479,215.82492188001476,22660.677464785786
1778367600,215.82492188001476,216.1448078542175,215.55932846737457,215.92912268822403,3181.4420882705467
1778371200,215.92912268822403,216.42121263065303,215.14212935325736,216.059300843023,27868.22708926676
1778374800,216.059300843023,216.59784843876145,215.4878186064416,216.07196903060432,4484.628436501955
1778378400,216.07196903060432,216.07196903060432,215.42873012915624,215.46515275382245,1730.3069076902436
1778382000,215.46515275382245,216.0833062874505,215.46515275382245,215.97916609313052,708.8764673089233
1778385600,215.97916609313052,216.56892498000855,215.4753992329316,216.41629736571517,4526.257211563698
1778392800,216.41629736571517,216.71342999343537,216.13849097623705,216.5753069360023,3445.527296972556
1778396400,216.5753069360023,216.61697279093377,216.20941165350732,216.53099768564937,1203.1619863058
1778400000,216.53099768564937,216.5915317856281,215.94828659130076,216.55878354242387,4424.584243268674
1778403600,216.55878354242387,217.27201647955985,215.7806919790922,216.54614724531424,1124.853396089048
1778407200,216.54614724531424,217.5073556973173,216.54614724531424,217.1713685648148,2867.4030923777154
1778410800,217.1713685648148,217.5847087927186,216.30815427204703,216.59695208476847,7933.032886470866
1778414400,216.59695208476847,217.4974018240934,216.25685498433128,217.26075899510585,39929.56446775348
1778418000,217.26075899510585,217.28013229640928,215.9892793209534,216.91337164561784,6779.313672036426
1778421600,216.91337164561784,216.91337164561784,216.2670565949585,216.2670565949585,2207.1853048485746
1778425200,216.2670565949585,216.96153806292205,216.2670565949585,216.96153806292205,299.9742224960545
1778428800,216.96153806292205,217.13317071963397,216.2075382040173,216.52467231488384,7729.441746453664
1778432400,216.52467231488384,217.2952062924238,216.16419046875976,216.7707618888057,1562.1311562067988
1778436000,216.7707618888057,217.4876657769066,216.652237697666,217.25371055324683,343.923630085801
1778439600,217.25371055324683,217.4914149062834,216.40575693854785,216.84517065212884,3713.51957199032
1778443200,216.84517065212884,217.56768099950585,215.69526353610897,216.3539920992195,8481.386698459064
1778446800,216.3539920992195,216.47886572533608,215.0706630394025,215.96400735639295,22555.24173188925
1778450400,215.96400735639295,215.98933142191137,214.50114496820967,214.99614507890192,8084.950901385963
1778454000,214.99614507890192,216.0588135295291,214.99614507890192,215.57393029873697,7162.966650953357
1778457600,215.57393029873697,216.66880445331788,213.96102890872007,213.96102890872007,82476.7529228417
1778461200,213.96102890872007,215.1867491956934,213.82565291579277,214.68916584135985,23207.827104196484
1778464800,214.68916584135985,215.48069809160936,214.35744408027352,215.16450939111357,15477.686398982263
1778468400,215.16450939111357,215.22054677890628,214.0084605680572,214.18270423591756,5571.030358298951
1778472000,214.18270423591756,215.3377692268563,214.18270423591756,214.7748198804221,5785.97182324297
1778475600,214.7748198804221,215.39630135822208,214.2498682008707,214.7293202397112,2321.4360900516726
1778479200,214.7293202397112,215.6347847777698,214.0794433985328,214.5128668507768,9684.620051833332
1778482800,214.5128668507768,215.2100041184743,214.5128668507768,215.2100041184743,2425.526108224149
1778486400,215.2100041184743,215.31565692492072,212.92095437626173,213.70541848710857,24057.91721123414
1778490000,213.70541848710857,213.91672282229305,213.046161655273,213.54013748905504,9420.362260453012
1778493600,213.54013748905504,214.0240840749096,212.85566734016857,213.55882367971424,7858.547594172386
1778497200,213.55882367971424,214.50541767626217,213.37899201510132,213.93933580318475,17941.55418278859
1778500800,213.93933580318475,214.79262061736503,213.4102471013192,213.4102471013192,15477.51843267542
1778504400,213.4102471013192,220.7523296455407,212.8551662828519,216.7727081196913,238364.64382167388
1778508000,216.7727081196913,221.88299379696707,216.54003688736717,220.69036981010743,153293.47880346436
1778511600,220.69036981010743,222.3228533509548,220.3121260088081,221.5456329022453,85081.80407508832
1778515200,221.5456329022453,222.8690256323202,220.3984066937861,221.09075423413867,39074.58510263184
1778518800,221.09075423413867,221.57220298346144,219.43812995875848,220.70812069257832,29875.356758568283
1778522400,220.70812069257832,221.51859882714143,220.0030290788239,220.42447699278333,22108.56531564865
1778526000,220.42447699278333,220.42447699278333,218.93356953761017,219.78357207346792,21647.762525627106
1778529600,219.78357207346792,220.1693912422788,219.1870876368514,220.1693912422788,6380.446939589294
1778533200,220.1693912422788,221.1518228254889,219.0008523080014,219.0008523080014,42541.75064927459
1778536800,219.0008523080014,219.777876390686,218.79165670077435,219.2058590858065,5523.39570384981
1778540400,219.2058590858065,220.46131432703095,219.2058590858065,220.46131432703095,8935.219926880161
1778544000,220.46131432703095,220.46131432703095,218.76704012326852,218.9200052726229,11741.961538185218
1778547600,218.9200052726229,219.66778943030224,216.80083857855985,217.6719212156622,38156.17866032546
1778551200,217.6719212156622,218.6499191186876,217.44340986195576,218.39617137594652,12425.214488450352
1778554800,218.39617137594652,218.8708564164802,218.0662715068595,218.2337421607068,4597.968401189175
1778558400,218.2337421607068,218.2786826571684,216.85126789257768,217.35730008341932,7516.184970080372
1778562000,217.35730008341932,218.43543601671655,217.1149355176582,218.43543601671655,11757.170787647334
1778565600,218.43543601671655,218.79031841466568,217.47080389096013,217.7898476576945,5949.118055112417
1778569200,217.7898476576945,218.1559051266464,216.67213589826335,218.0756058361212,16048.832992647
1778572800,218.0756058361212,218.0756058361212,216.21340583117032,217.6554388526255,21122.872642207854
1778576400,217.6554388526255,218.10849958070537,216.9739605880284,217.81085072537056,21241.867192190217
1778580000,217.81085072537056,218.54815863301025,217.20627430021213,218.26760311053465,12713.181031625658
1778583600,218.26760311053465,218.539944464655,216.9979703456269,217.44261676638396,83663.94532050776
1778587200,217.44261676638396,219.2474896656709,216.9613419488642,219.07557914595856,39558.32587906157
1778590800,219.07557914595856,223.77076394200293,217.1002851533326,220.6983563473329,228572.20989483563
1778594400,220.6983563473329,221.6423220177537,217.8140178637327,217.9461623551242,166100.88456920962
1778598000,217.9461623551242,217.9585554935165,215.16537987754305,216.9367298413404,87191.78879556179
1778601600,216.9367298413404,218.21999552317348,215.49626413842864,215.84171315580096,74233.69089722139
1778605200,215.84171315580096,218.72545668634396,215.1655333477825,218.72545668634396,53179.56980922767
1778608800,218.72545668634396,220.66766766024483,217.5242616735299,219.408934008844,62007.09292625041
1778612400,219.408934008844,221.95879632302385,219.0504347790425,220.4615655443681,52307.74886450595
1778616000,220.4615655443681,221.03666196021425,218.9903904954176,220.1279836000213,7727.431908150976
1778619600,220.1279836000213,220.5945696549432,219.4118205724082,219.9044991029326,3024.1982793003544
1778623200,219.9044991029326,219.9044991029326,219.31579078982983,219.85015325640956,1251.438187201588
1778626800,219.85015325640956,220.1881036952336,219.62369103466224,219.717571574865,7343.100296998678
1778630400,219.717571574865,219.7823927939721,218.9191085658667,219.2515899515202,10487.903619063503
1778634000,219.2515899515202,223.8480808035661,219.2515899515202,222.855699151205,58090.50707325309
1778637600,222.855699151205,225.00928203977224,222.82680354921328,223.39462576929864,36460.52931772521
1778641200,223.39462576929864,225.2563763667861,223.39462576929864,224.51644044369235,33553.776772248384
1778644800,224.51644044369235,225.2009611674477,223.86637324576336,224.33015410790287,8397.420154747704
1778648400,224.33015410790287,224.61030070731283,223.4796240295107,223.4796240295107,2771.6888678933456
1778652000,223.4796240295107,225.2346838599429,223.4796240295107,224.2889441587164,13625.46353567724
1778655600,224.2889441587164,225.361835458271,223.36344535540013,225.05474412170403,43365.78312826306
1778659200,225.05474412170403,227.0763341888242,224.2281597228037,225.94196004676303,83356.97975570451
1778662800,225.94196004676303,227.24740225755204,225.16651938517248,226.26182118465624,22165.62679398873
1778666400,226.26182118465624,227.22556800173965,225.46875182650464,226.55702509209007,11955.68539215913
1778670000,226.55702509209007,226.8509740301723,224.96981971644007,225.53359719712768,24205.56869337735
1778673600,225.53359719712768,226.6459503302566,223.28703999378575,224.35643441805263,72865.4370974848
1778677200,224.35643441805263,227.46760964189932,221.1205076780585,223.59583608625985,274786.6739203692
1778680800,223.59583608625985,226.5351165879364,222.32835507526207,226.51531196317757,131229.82727347358
1778684400,226.51531196317757,227.9609803156185,225.31372524176848,227.50833570808405,77101.31073084245
1778688000,227.50833570808405,227.889071441116,225.2529359033587,227.2696901619656,33523.81525052281
1778691600,227.2696901619656,227.62203705077815,225.3991870355744,225.4413634088083,23166.795852205625
1778695200,225.4413634088083,227.48441603047516,225.2397540683393,226.9046339788565,24294.992906700754
1778698800,226.9046339788565,227.4487769985861,225.56836957601996,226.14175043052063,28120.16962870011
1778702400,226.14175043052063,226.69666555621797,224.71216981936152,225.36161902571737,9582.205620237548
1778706000,225.36161902571737,226.74820702995356,225.36161902571737,226.15428348067547,5184.713297589491
1778709600,226.15428348067547,227.8461564303347,226.15428348067547,226.70379484272132,8833.839877149423
1778713200,226.70379484272132,227.77203112155064,226.70379484272132,227.1995563906772,5884.86545010508
1778716800,227.1995563906772,229.00417965649228,227.15046279539544,228.72837114229088,16275.0042630543
1778720400,228.72837114229088,229.62312547941264,227.6343962607118,227.69190490562235,12984.014498944482
1778724000,227.69190490562235,228.58155840597504,227.2886860942271,228.4600121648817,11545.603147113628
1778727600,228.4600121648817,228.59317893177737,226.2555300391509,226.5292751433788,27060.2478534562
1778731200,226.5292751433788,228.0232888084753,226.1764624238985,227.57746838672557,27273.809266332537
1778734800,227.57746838672557,231.764962249874,226.8527690121836,231.2546358943272,67257.9448926643
1778738400,231.2546358943272,232.80578661984364,230.28341869839156,232.21025765120925,98125.68967526976
1778742000,232.21025765120925,233.40464793510057,231.4575070091388,231.87529827285923,28797.30130123032
1778745600,231.87529827285923,232.46442646043252,230.63777314921444,231.2432885052367,41038.72258238927
1778749200,231.2432885052367,231.2432885052367,229.58632052479769,230.36742783752516,32106.152565872933
1778752800,230.36742783752516,231.19581301326497,229.4218526258425,229.7072220613485,39579.81683011566
1778756400,229.7072220613485,231.1695795932604,227.77497369010803,230.64174745202783,168065.83236799735
1778760000,230.64174745202783,231.13904952055333,229.1587647301264,230.09142238414077,38556.75125411732
1778763600,230.09142238414077,233.26904669154243,229.1258333974362,231.0687127579788,195945.98946509924
1778767200,231.0687127579788,236.41520417026956,230.29643559629892,234.37248760081184,179311.7893586016
1778770800,234.37248760081184,236.208695292872,233.5426064834125,234.5621603079207,85948.40596214068
1778774400,234.5621603079207,236.57106855439423,233.9954363451932,235.03350421678095,60062.89617296957
1778778000,235.03350421678095,235.5510157386784,232.50040517371156,235.1515381100675,63856.011602666425
1778781600,235.1515381100675,236.4877711939623,233.33834717002824,235.77209604349625,42784.0579267721
1778785200,235.77209604349625,236.3560392944112,235.159541838771,235.9206238243994,22194.135436949546
1778788800,235.9206238243994,236.4783534134972,234.71104373953912,234.84035194232055,20946.8592054414
1778792400,234.84035194232055,235.86939554227567,234.84035194232055,235.4815648051193,6545.906873652187
1778796000,235.4815648051193,236.55693761299855,235.4815648051193,236.5508332341572,15709.866718266048
1778799600,236.5508332341572,238.25479191065932,236.5508332341572,237.865922895764,15594.625106279402
1778803200,237.865922895764,241.54750284143608,237.865922895764,238.6274028231925,119358.77222860511
1778806800,238.6274028231925,238.8831130259057,236.45825384376332,236.45825384376332,52463.668257738114
1778810400,236.45825384376332,236.62682833565887,233.79280496020647,235.90143254439343,104201.63415117
1778814000,235.90143254439343,237.0361383421695,235.11491682293723,236.0766416185043,28644.138193759965
1778817600,236.0766416185043,236.08272726462255,234.69647603940604,235.14136359406328,22129.21533538604
1778821200,235.14136359406328,235.14136359406328,230.7624509488526,230.7624509488526,56919.35226063747
1778824800,230.7624509488526,233.39806406190175,229.8981569532459,232.88283806055455,70752.77147507963
1778828400,232.88283806055455,233.6627544347884,231.4830462445846,232.64160360150413,36440.330183950064
1778832000,232.64160360150413,232.7012520905061,229.8811845214104,230.4763740634405,65893.69316078183
1778835600,230.4763740634405,230.9057252081062,228.2854989084794,228.4321946032392,58605.66111193539
1778839200,228.4321946032392,231.39478146671223,228.4321946032392,231.02244086698485,70543.03432169037
1778842800,231.02244086698485,232.02816872540276,230.59921037798856,230.88754065857347,47243.76351793355
1778846400,230.88754065857347,230.90920368153184,226.84781052387152,228.7633922517024,129842.89306953367
1778850000,228.7633922517024,230.33870722310752,224.1539119264726,225.40120188912957,360659.0851656085
1778853600,225.40120188912957,229.0226008113717,225.17773708649932,226.8446381559315,120569.17775662348
1778857200,226.8446381559315,229.55666771675573,225.67949749042117,228.0328563572501,60858.786047400165
1778860800,228.0328563572501,228.96515210135576,227.27395046215415,227.79324304979497,34823.12832572357
1778864400,227.79324304979497,231.35219853913836,226.8906820445565,230.85668859748623,33096.956354562404
1778868000,230.85668859748623,231.65906870764408,228.43164211053872,228.99163172148943,53366.41469997295
1778871600,228.99163172148943,229.2261269228418,224.29015640966503,224.98937703348736,56660.43308394659
1778875200,224.98937703348736,226.13364416933257,224.06328834055395,224.820006631256,8112.313044514633
1778878800,224.820006631256,225.2337019532289,224.2415064568299,224.32538118185343,981.6265506484816
1778882400,224.32538118185343,225.1163589485407,223.62804945313889,224.91626119318587,2585.439894651598
1778886000,224.91626119318587,224.91626119318587,223.5053041223406,224.01860145080505,5109.373959244542
1778889600,224.01860145080505,224.2922217325064,222.9641408360989,223.55971456697867,11999.000382698554
1778893200,223.55971456697867,224.18874288802425,222.9358895856022,223.579266261478,5898.221057668136
1778896800,223.579266261478,224.45330572637505,223.20295735007545,224.4051014146569,5717.94663677782
1778900400,224.4051014146569,225.43624250065216,223.96724673852808,224.48951431413371,8416.55300864167
1778904000,224.48951431413371,225.46189960229023,222.5763760975919,224.0884564133132,2301.8380091773274
1778907600,224.0884564133132,225.71543078027776,224.0884564133132,225.283633757476,4716.083945928812
1778911200,225.283633757476,225.50342832217453,223.10858442385748,223.9183169478778,5477.005724544843
1778914800,223.9183169478778,224.60568160525,222.40142832822556,223.56566246488143,16148.107146117674
1778918400,223.56566246488143,224.6266839747092,223.089187380305,223.79392138386825,3159.7481721001614
1778922000,223.79392138386825,224.734227976768,222.83829785319404,223.3416967415954,14297.177790919306
1778925600,223.3416967415954,224.8456263213591,222.9821462223192,224.8456263213591,5142.87270469532
1778929200,224.8456263213591,224.8456263213591,222.91006509102957,223.21690282484005,175.779379056538
1778932800,223.21690282484005,223.7033483831481,223.21690282484005,223.7033483831481,528.9822445928831
1778936400,223.7033483831481,224.12513594773324,222.8818453090051,223.75570143296204,4205.615108683646
1778940000,223.75570143296204,225.5806000447552,222.67757749047504,223.5175322376096,551.2357493843627
1778943600,223.5175322376096,225.48161411631236,222.40754002395036,224.2453631421212,5667.744696516942
1778947200,224.2453631421212,224.26385794392516,222.7458766129248,222.7472537434572,3664.247804682322
1778950800,222.7472537434572,225.85333774039088,222.66906013398,223.178190410804,7438.436541872651
1778954400,223.178190410804,224.00704780705544,222.80337997148857,223.1096806879771,1105.1505692128778
1778958000,223.1096806879771,224.6810431113492,223.1096806879771,224.6517034418415,2575.7920161360826
1778961600,224.6517034418415,224.6517034418415,223.19953706802795,223.19953706802795,183.32413130526783
1778965200,223.19953706802795,224.8770612710521,223.19953706802795,224.8770612710521,488.6357160757557
1778968800,224.8770612710521,224.8770612710521,222.96574562455268,223.10832663056777,9248.265107660389
1778972400,223.10832663056777,224.16835120390817,223.10832663056777,223.76854383773065,5826.789808221964
1778976000,223.76854383773065,224.09223293832088,223.17010061804143,223.97197024891855,4182.025390147232
1778979600,223.97197024891855,224.1207451491204,223.1404553226295,223.22679451834884,19545.14320788777
1778983200,223.22679451834884,223.8292809080096,223.22679451834884,223.4348723875378,921.5154827119125
1778986800,223.4348723875378,223.96357471203115,223.3467211763426,223.8276074199613,8671.409591161502
1778990400,223.8276074199613,223.84204796402432,223.82256975885147,223.84204796402432,338.3187718988922
1778994000,223.84204796402432,224.60959487409613,223.5646358843652,224.0860302726028,1754.2116799098108
1778997600,224.0860302726028,224.5884476657191,224.0860302726028,224.5884476657191,186.05478806815924
1779001200,224.5884476657191,224.75552664849155,224.47392504087975,224.47392504087975,636.8544545808019
1779004800,224.47392504087975,224.76905124261435,224.47392504087975,224.73838724471355,1679.383435514972
1779008400,224.73838724471355,224.73838724471355,224.2221149559544,224.2221149559544,1451.475851777753
1779012000,224.2221149559544,225.261368731914,224.07134296979723,225.261368731914,2949.4360513949
1779015600,225.261368731914,225.261368731914,224.01200602065703,224.375528451795,2865.2181629908755
1779019200,224.375528451795,225.4118475501606,223.99862078230407,225.4118475501606,4609.46923272323
1779022800,225.4118475501606,226.26787669986984,224.9605511719221,226.2316840034293,6325.192310688663
1779026400,226.2316840034293,226.2316840034293,224.56431762781665,224.80390802698523,9212.30480270232
1779030000,224.80390802698523,224.94445724084085,224.48850285647052,224.94445724084085,2747.417707412232
1779033600,224.94445724084085,225.6312621865456,224.8064124590755,225.1716434400512,2039.2003090362489
1779037200,225.1716434400512,225.589530319365,224.92805126701364,224.92805126701364,3097.39498021628
1779040800,224.92805126701364,225.47298556483588,224.5076131398033,224.5076131398033,833.8911979552249
1779044400,224.5076131398033,225.3869525048487,224.5076131398033,225.05531596122316,6130.699962191776
1779048000,225.05531596122316,225.80864664449797,225.05531596122316,225.7282722808795,6168.901600349994
1779051600,225.7282722808795,226.4389514549693,225.20086230089265,225.388288549325,5406.995892951686
1779055200,225.388288549325,226.4743815567813,225.11621377537088,225.45611683487877,37272.912154849
1779058800,225.45611683487877,225.84744388121916,223.10288826276297,224.0601221263774,28353.42891677343
1779062400,224.0601221263774,224.77515725206692,221.4517036513315,221.9538167645421,98086.25870248947
1779066000,221.9538167645421,222.55749622644507,221.27032422126888,222.55749622644507,22564.748264425427
1779069600,222.55749622644507,224.4321594572547,222.55749622644507,223.66715233845443,21135.129708325458
1779073200,223.66715233845443,224.1920264366623,223.2118614041764,223.59257478028152,7297.692196604857
1779076800,223.59257478028152,226.04910594063327,223.1789090977288,224.1818107920352,12618.759028265216
1779080400,224.1818107920352,224.6395052609924,223.15761086330684,223.4756130235433,25015.816624189727
1779084000,223.4756130235433,224.06097117553173,222.9310109438606,223.71926880452813,17772.857765612636
1779087600,223.71926880452813,226.2549262309984,223.57364420251525,224.5631897135467,25699.002738456133
1779091200,224.5631897135467,228.4632132576526,223.9014100188808,228.4632132576526,59700.81063790366
1779094800,228.4632132576526,229.04647998036555,227.0651958105041,227.63874108599933,13746.190885482758
1779098400,227.63874108599933,228.6811488766279,226.1521674556772,226.4819727103269,32863.70858755033
1779102000,226.4819727103269,229.6069478895048,226.06716939971105,228.11739852023956,51782.792915933365
1779105600,228.11739852023956,231.14516242519275,227.5798729468116,230.04852314383345,54148.19203816641
1779109200,230.04852314383345,230.7599262169525,223.53434208478825,225.6794527114676,209011.48226514505
1779112800,225.6794527114676,226.94278860428923,220.7279468939824,222.3104357004492,222314.3119141913
1779116400,222.3104357004492,224.16015524112785,220.9672171552621,222.79284267014577,139923.4764319993
1779120000,222.79284267014577,223.18660322084733,219.21118227068925,222.10567790344567,117642.95445683225
1779123600,222.10567790344567,222.66285511696503,220.6268671376069,221.93658908399723,42714.245245442784
1779127200,221.93658908399723,221.93658908399723,218.643589008607,220.1311392567058,60854.26762274606
1779130800,220.1311392567058,222.2330714654145,219.6471971600786,221.78304476710952,81700.75523310175
1779134400,221.78304476710952,222.3834888589188,221.43632607022724,222.21178524061008,5904.258564351451
1779138000,222.21178524061008,222.8463340530081,221.6166481016339,222.5505617229666,9009.506345627053
1779141600,222.5505617229666,224.1174972955845,222.1931309137053,223.4373101787773,15947.508399419445
1779145200,223.4373101787773,223.9586222635333,222.2203891578532,222.2548366761679,14505.092114836092
1779148800,222.2548366761679,223.5573226867589,222.2548366761679,222.4961840704787,21241.98359138544
1779152400,222.4961840704787,222.76976884835216,220.7000452607113,220.7000452607113,36095.71699383766
1779156000,220.7000452607113,222.13270077184475,220.4302393080229,220.80692949165064,24218.55359173035
1779159600,220.80692949165064,221.59548396804863,220.757362230473,221.02979712300524,15992.575956217795
1779163200,221.02979712300524,221.3518952129319,219.9184672440881,221.1656992586017,20550.832757607965
1779166800,221.1656992586017,221.1656992586017,220.0512613291156,220.2980525296856,14502.855569817615
1779170400,220.2980525296856,221.8319882683056,220.2980525296856,221.79893443523855,22243.472605346957
1779174000,221.79893443523855,223.00844917479608,221.79893443523855,222.36993022645976,16443.996817690917
1779177600,222.36993022645976,222.5664474746861,220.44639628293285,221.38843050701783,32757.518599266336
1779181200,221.38843050701783,221.7216306892973,219.77062526500035,220.5338078494342,31949.128880612905
1779184800,220.5338078494342,221.11305931050535,219.7122118808588,220.2546247428669,26050.789540365146
1779188400,220.2546247428669,221.0062449830188,220.1306737333087,220.65713765438093,10305.190007628547
1779192000,220.65713765438093,221.15870940642185,219.71231979205368,220.49668000848257,16475.518134030935
1779195600,220.49668000848257,223.09558548603312,219.2765656253516,221.4597519491901,283821.8330982464
1779199200,221.4597519491901,221.79493099646476,217.9063193571186,220.4908431687638,177985.26033948097
1779202800,220.4908431687638,223.4766566714015,219.75769398992725,221.31828862913403,120592.0256393871
1779206400,221.31828862913403,225.1155829137576,220.21763760468755,223.35778982869329,66872.66467819808
1779210000,223.35778982869329,224.62647705986527,222.46744991064105,222.70835231545848,68617.62684130923
1779213600,222.70835231545848,223.6635915827547,222.38823430647207,222.4007262565092,35465.62939388678
1779217200,222.4007262565092,222.8600595568728,219.6289144517656,220.58673728422715,78800.20484596615
1779220800,220.58673728422715,221.75294184088077,220.18927771748145,220.50703927590263,14662.423448542637
1779224400,220.50703927590263,222.4100320536665,220.50703927590263,222.03213825240545,12037.573674581112
1779228000,222.03213825240545,222.4235107170074,221.49081387580827,221.49710140185005,4170.072176723597
1779231600,221.49710140185005,222.3406033830566,220.99393299293823,221.75742728134227,6805.063862963985
1779235200,221.75742728134227,222.6506151759946,219.8653542853782,221.87634049564144,48734.22623453946
1779238800,221.87634049564144,222.01126491824263,220.8753873210363,221.74937052424107,33166.19521294578
1779242400,221.74937052424107,222.16889695286795,221.30427734554175,221.6939783373301,6721.579064915646
1779246000,221.6939783373301,221.6939783373301,220.5767999340001,221.04938516362296,7861.603580030484
1779249600,221.04938516362296,221.9566880639104,220.98506353111537,220.98506353111537,4534.35928107385
1779253200,220.98506353111537,222.7893681673614,220.9521128768756,222.7893681673614,7711.203353978003
1779256800,222.7893681673614,227.32494056456093,221.79846167459016,227.32494056456093,29259.76305227675
1779260400,227.32494056456093,227.32494056456093,222.67873132173915,222.79652029860887,9651.471324463106
1779264000,222.79652029860887,224.29859980542463,222.70494587557076,223.83888603010232,34976.825374020875
1779267600,223.83888603010232,224.95878092551547,223.2816606142844,224.8052301117889,46278.000721564014
1779271200,224.8052301117889,225.41747274923028,224.40944991135308,224.68016715873128,15632.517618670829
1779274800,224.68016715873128,224.8564813589452,223.2865934675564,224.28068852222904,17552.864197894673
1779278400,224.28068852222904,225.9923667620957,223.43598791303495,224.2828626970894,13155.259595407611
1779282000,224.2828626970894,224.8151150176108,220.28367086568548,221.80941207432875,153373.7713938187
1779285600,221.80941207432875,225.11975378082545,221.3520798915648,225.11975378082545,141240.60262698674
1779289200,225.11975378082545,226.1491549216484,224.05372989141568,224.6545480816625,61527.24518077872
1779292800,224.6545480816625,225.72296886210376,223.55148472972888,224.883142675206,36758.16373846827
1779296400,224.883142675206,225.62622903788477,223.5878100446901,224.98340728834012,13832.113300325722
1779300000,224.98340728834012,225.67278041299696,222.5271945280376,223.20219577299844,38117.46398041227
1779303600,223.20219577299844,223.665442702898,222.26662566584145,223.665442702898,23571.236185077832
1779307200,223.665442702898,226.45079430582703,218.5692570637934,222.2545343891324,848841.99129287
1779310800,222.2545343891324,223.79060077768185,219.3798776539942,221.3041082701211,284573.33266390493
1779314400,221.3041082701211,221.64539354383317,219.1485387074411,221.06503631971265,75234.52593602423
1779318000,221.06503631971265,221.68204215193745,219.7598483721096,220.58669528637145,20109.54505820623
1779321600,220.58669528637145,221.77151977446775,220.40262866761827,220.8720832125203,32489.603903276897
1779325200,220.8720832125203,221.66055530991125,220.16199659795885,220.7413222092444,24840.55416302161
1779328800,220.7413222092444,222.05267245359155,220.38879124364277,221.185796504859,8102.179266776955
1779332400,221.185796504859,221.19905548202587,220.36511326954783,220.9739589290297,2243.0213935861966
1779336000,220.9739589290297,223.97641915196135,220.3475436021253,222.11835853943052,12676.953921719223
1779339600,222.11835853943052,223.160755517036,221.65021568872868,222.45079800891116,30233.164027007733
1779343200,222.45079800891116,222.83340728707472,221.7175187480094,222.42304085119403,9550.960441260087
1779346800,222.42304085119403,222.89801052797893,221.37314959466815,222.1656484551228,25552.266136359875
1779350400,222.1656484551228,226.62640839297816,221.58246217154655,222.74793708245028,78059.83228701312
1779354000,222.74793708245028,224.8822778375076,222.74793708245028,224.40709909145932,27284.873852354554
1779357600,224.40709909145932,225.22090719839025,222.68127985208108,223.6398721183401,87828.5203895281
1779361200,223.6398721183401,224.3748836977736,222.7217303747869,223.72216056704252,50255.43291756341
1779364800,223.72216056704252,223.9637172866247,219.252209970037,221.6247504145253,69717.73660532005
1779368400,221.6247504145253,226.38891586563136,220.04979168093183,222.1976129925628,424441.5916728045
1779372000,222.1976129925628,225.26689907538213,217.88483962746537,219.04216299790588,272160.8138193957
1779375600,219.04216299790588,220.3588776958602,218.02305265042355,219.3898643720171,105174.81315593848
1779379200,219.3898643720171,220.76276957565975,219.1520286165916,220.76276957565975,28747.57598036269
1779382800,220.76276957565975,222.29892953691103,219.79424277119696,221.56452666505984,79934.71181591599
1779386400,221.56452666505984,221.8379550207002,218.99921447334597,218.99921447334597,42320.85555828732
1779390000,218.99921447334597,221.46802837026624,218.7962916884047,219.22850247314096,36678.05104002331
1779393600,219.22850247314096,220.4195096400209,219.22025817207543,220.17163848637725,10248.01444402452
1779397200,220.17163848637725,220.17163848637725,218.96487362470756,220.08955139631544,2987.463555238602
1779400800,220.08955139631544,220.3844888782252,219.65432452705468,220.2264392098844,4017.01599130809
1779404400,220.2264392098844,220.2264392098844,219.2870570521572,219.6112455014078,923.8466203575584
1779408000,219.6112455014078,221.2715274063531,219.6112455014078,219.84085709180732,12972.79522861354
1779411600,219.84085709180732,220.8140907438089,219.58341499679452,220.3314246292552,9819.532910182308
1779415200,220.3314246292552,220.9162978889837,220.3314246292552,220.9162978889837,838.8050957131111
1779418800,220.9162978889837,221.1270834042168,220.6108009141502,220.9189358002589,1113.6883000525856
1779422400,220.9189358002589,221.32962449103144,219.8940024468224,220.86676910003249,1191.0743216282146
1779426000,220.86676910003249,221.2073568143562,220.1182458511516,220.74900292354488,24242.36796924457
1779429600,220.74900292354488,220.8493597955077,220.4072892692072,220.55193958382344,9036.661593362132
1779433200,220.55193958382344,220.92897636058984,220.13582952962096,220.6730688202096,4858.055811477671
1779436800,220.6730688202096,222.27807231224503,220.3076399680961,220.4409240655424,22870.08042713213
1779440400,220.4409240655424,222.2665896639176,219.5298866835616,220.3245600381202,20353.250345516244
1779444000,220.3245600381202,220.34540989772768,218.9891997790283,219.31518585559388,19234.496630316706
1779447600,219.31518585559388,220.41703591687715,219.31518585559388,220.31089808319103,8004.550627437733
1779451200,220.31089808319103,220.97589693598127,219.8240203024669,220.57417731327345,43156.82139606366
1779454800,220.57417731327345,221.77167283005303,217.4063491173975,218.2009584896728,169601.02351283
1779458400,218.2009584896728,218.43176221205204,214.94420554253543,216.32117383047785,132904.731133405
1779462000,216.32117383047785,219.4277819868504,216.21333333387813,217.4095306605857,41957.61564996754
1779465600,217.4095306605857,218.14584551675856,216.24241059966255,217.4951059441485,27363.6498862814
1779469200,217.4951059441485,218.8062859336272,215.74970118575493,216.92017780142305,57783.23530954687
1779472800,216.92017780142305,216.92017780142305,215.30013596083865,216.11930777807356,27655.674934468367
1779476400,216.11930777807356,216.70548778992077,214.5604637752025,215.0502981313,33389.25644272655
1779480000,215.0502981313,216.1264339053672,214.53672061817,214.93348077721717,5760.582059993081
1779483600,214.93348077721717,215.86032539700935,214.93348077721717,215.3108438326196,1911.3797533951904
1779487200,215.3108438326196,215.71326907586456,214.67962329069385,215.07727569641477,7286.703425955652
1779490800,215.07727569641477,215.34000335284009,214.0950505659019,214.0950505659019,11290.193187416298
1779494400,214.0950505659019,214.3597273889864,213.05077046921733,213.05077046921733,12880.00783744177
1779498000,213.05077046921733,214.37785224790315,213.05077046921733,214.1673279017532,11623.00634266303
1779501600,214.1673279017532,214.7513430223833,213.5810682030425,213.5810682030425,10278.352215689736
1779505200,213.5810682030425,214.5084081557033,213.47852429371065,214.06483523792303,687.8038035914063
1779508800,214.06483523792303,214.37420211588395,213.99768058574736,214.37420211588395,8329.409203357283
1779512400,214.37420211588395,214.37420211588395,212.93206220545397,213.46256530188168,9531.660132188154
1779516000,213.46256530188168,214.0088361176799,213.27083347668315,213.46245381531728,14663.098652117593
1779519600,213.46245381531728,215.77718843622893,212.87068605892932,212.87068605892932,5352.392916453057
1779523200,212.87068605892932,214.2951161193704,212.76546379683603,213.52674354451105,11816.711164369965
1779526800,213.52674354451105,216.33312581818703,213.2349701661388,214.19376033105345,35162.23109882091
1779530400,214.19376033105345,214.25813155501916,213.32493556438268,214.0347209008402,17405.712981955847
1779534000,214.0347209008402,214.83452709151103,213.89325226396085,214.16363177862036,18394.47057746858
1779537600,214.16363177862036,214.8563287070345,214.15528508785823,214.15528508785823,3264.134223150972
1779541200,214.15528508785823,214.4960227452042,213.6562570814885,214.06198815765825,3383.705045361778
1779544800,214.06198815765825,216.19510226517176,214.06198815765825,215.55842798369872,42474.66418923524
1779548400,215.55842798369872,216.20993610056064,214.8891212279675,216.02077210437983,13522.60261809317
1779552000,216.02077210437983,216.21985471941056,215.57265923468736,215.99740457095805,4128.952538617578
1779555600,215.99740457095805,216.92416183205117,215.50175058304885,215.65900338495675,16289.53887968727
1779559200,215.65900338495675,218.5305367103063,214.8088248711256,217.900208313934,59830.58083572937
1779562800,217.900208313934,218.67395612565417,216.9550593807376,217.8307028879232,19200.39414728748
1779566400,217.8307028879232,219.47222463330556,216.75547941352116,219.05106859051992,28198.455825711026
1779570000,219.05106859051992,219.71343277888408,217.74126899420952,218.332338754924,39343.4418304847
1779573600,218.332338754924,218.96537022727733,217.8549970557043,218.1057625808524,15980.131531142995
1779577200,218.1057625808524,220.87772811290637,218.1057625808524,219.95969744834065,90374.44089513912
1779580800,219.95969744834065,220.89952503263305,218.73635823427543,219.30111118297185,34653.41322118485
1779584400,219.30111118297185,220.26776179041448,219.30111118297185,219.6903714916984,13586.978441578529
1779588000,219.6903714916984,220.2508423418693,219.44041966066695,220.2508423418693,7580.665703577912
1779591600,220.2508423418693,220.46410539782735,219.0604697760625,219.3424566339532,10959.855247567317
1779595200,219.3424566339532,219.3424566339532,218.9249048780622,219.15878835403404,2042.9457078926623
1779598800,219.15878835403404,220.07412008063213,218.9270998154823,218.9270998154823,1050.004836252199
1779602400,218.9270998154823,219.617485910085,218.25740615640936,218.691498453748,37369.31114860788
1779606000,218.691498453748,219.5020190024103,218.691498453748,219.1227987761478,4860.710316801075
1779609600,219.1227987761478,219.52678653503995,218.3673104866115,218.9679469576564,3873.298594420107
1779613200,218.9679469576564,220.3219183652889,218.69536320984903,220.3219183652889,10398.694708817577
1779616800,220.3219183652889,220.3219183652889,219.6170999053951,219.8662112022915,5443.383165863175
1779620400,219.8662112022915,220.00243323273247,218.75342924754275,218.77688801561405,15692.780677188986
1779624000,218.77688801561405,219.71464603182605,218.77688801561405,219.39748617025563,3680.696725434316
1779627600,219.39748617025563,219.7713747797896,219.2368940844713,219.7538348709456,5715.346197491326
1779631200,219.7538348709456,220.0690644866585,217.4918936158459,218.1150584863212,37135.73319020088
1779634800,218.1150584863212,218.544535874046,218.1150584863212,218.3253345372119,2578.0074940925856
1779638400,218.3253345372119,219.38053055320785,218.14138623466056,218.9743820278375,6997.348880029645
1779642000,218.9743820278375,218.9743820278375,218.51303110326637,218.51303110326637,170.70316761327223
1779645600,218.51303110326637,219.55075928381763,218.38412176337053,218.77024814042304,2417.3615170928656
1779649200,218.77024814042304,218.77024814042304,218.2127544046147,218.4480357394288,116.4385225436504
1779652800,218.4480357394288,219.61394032785103,218.31433030836916,219.01345755263787,8594.276990805767
1779656400,219.01345755263787,219.67293339753127,217.8677684840741,218.337702330161,30349.09231427662
1779660000,218.337702330161,218.96457128233425,217.23721797594712,218.96457128233425,36586.13303317301
1779663600,218.96457128233425,219.1150021240679,218.37863943974557,218.97267467413496,14786.014074289677
1779667200,218.97267467413496,219.92204509898528,218.97267467413496,219.4559174286956,6759.11548679883
1779670800,219.4559174286956,219.883291066828,218.81432296861703,219.3547704472543,1484.8381477379476
1779674400,219.3547704472543,219.786437293848,218.45074946889315,219.613877697824,42786.97704281001
1779678000,219.613877697824,220.25133495563136,218.6918563545592,220.15471461659504,174042.7845002435
1779681600,220.15471461659504,220.25997298043973,219.28029671248032,220.22963627355333,10576.690800715436
1779685200,220.22963627355333,220.70783395896456,219.54245600543877,220.58338319636124,5832.110650676844
1779688800,220.58338319636124,221.20189535831693,219.2919883352851,220.41113414588747,56600.70298929171
1779692400,220.41113414588747,220.8619038446395,219.7534354576541,220.42433687294704,21307.71274190061
1779696000,220.42433687294704,220.57480312109487,219.70200323134225,220.0250029626337,1245.9442892151844
1779699600,220.0250029626337,221.37064675914763,220.0250029626337,221.37064675914763,7681.716150769655
1779703200,221.37064675914763,221.37064675914763,220.48819238917804,220.8677581087492,1423.2814001854736
1779706800,220.8677581087492,222.4916593265723,220.6748284647128,221.25539964014976,29074.952278271456
1779710400,221.25539964014976,221.76335530397856,220.7340843632603,221.28194393015977,6211.386990864807
1779714000,221.28194393015977,221.77305605310377,220.24235132268865,221.625236474294,9138.279194244811
1779717600,221.625236474294,221.97190499110312,220.9836768704808,221.90960654412865,9757.80851083394
1779721200,221.90960654412865,222.11918380989783,220.64364704654653,221.17519242063943,5960.283055204744
1779724800,221.17519242063943,221.23049264087263,220.1074092340209,221.189174652918,4146.2390246350205
1779728400,221.189174652918,221.3555485147327,220.55415682199052,221.3555485147327,3972.710808257169
1779732000,221.3555485147327,221.3555485147327,220.78871627229023,221.32038025787037,142.65453717280883
1779735600,221.32038025787037,221.78085660423005,220.71973085757165,221.11954953243009,3559.164083745617
1779739200,221.11954953243009,221.81470619794752,220.7042385231114,221.4948006982136,2909.552939542624
1779742800,221.4948006982136,221.4948006982136,220.3716219437944,220.3716219437944,2359.087350460105
1779746400,220.3716219437944,221.2520264158237,220.00272615889585,220.106506168723,14891.41241473837
1779750000,220.106506168723,220.70409581277963,219.1955570894036,220.1572586257604,19720.661440248557
1779753600,220.1572586257604,220.1572586257604,216.5083296068302,217.59591522057755,107660.37553910476
1779757200,217.59591522057755,217.640759437528,216.504999466414,217.19958936474703,19445.50696621718
1779760800,217.19958936474703,218.11670073093345,217.19958936474703,217.77648167933648,2523.4177623233613
1779764400,217.77648167933648,218.0952082166615,216.73788465154956,216.8932397275891,2201.491244232048
1779768000,216.8932397275891,217.52132817905667,216.8932397275891,217.48184246519617,49.7169179804368
1779771600,217.48184246519617,217.94903466649217,216.40005744556015,217.94903466649217,1946.458389969024
1779775200,217.94903466649217,217.94903466649217,217.37819889988964,217.7249709095084,439.8862937772795
1779778800,217.7249709095084,217.7249709095084,217.28317555775703,217.32701055627007,3200.2733934973867
1779782400,217.32701055627007,217.7605190306612,217.32701055627007,217.34934095541732,2022.1767462474809
1779786000,217.34934095541732,217.8068619553435,216.93561042133928,217.5171081320831,21100.388931324476
1779789600,217.5171081320831,218.2934891132442,217.35614264382627,217.3822726192983,23026.13656895346
1779793200,217.3822726192983,219.26776229647805,216.7590192395961,218.8782341471268,8906.838580390786
1779796800,218.8782341471268,218.8782341471268,217.4801006348322,218.25860458144197,10335.447853627626
1779800400,218.25860458144197,218.46519320755385,214.6308122521953,215.89657906286783,200204.8850239185
1779804000,215.89657906286783,218.29581846218335,213.92935327300623,216.24726144703803,212767.97510729535
1779807600,216.24726144703803,216.24726144703803,212.6013797926095,213.0131539394436,91712.40149830827
1779811200,213.0131539394436,214.4924013914728,211.8913456977924,214.4533011371386,54676.55444628671
1779814800,214.4533011371386,214.4533011371386,212.56507108397855,213.09963764109983,44073.23149471867
1779818400,213.09963764109983,214.88892739774968,212.96592303015535,213.8730139463307,48566.83693391768
1779822000,213.8730139463307,215.0897660293589,213.0768486297209,215.06072201576225,36357.31394702422
1779825600,215.06072201576225,215.56756351442772,213.8176833263291,214.14258246801305,4892.10332726433
1779829200,214.14258246801305,215.2591033629086,214.0460287740109,214.44977817152585,899.5652909364082
1779832800,214.44977817152585,215.2443717792147,213.96627895861397,214.44989167151965,8052.481392538126
1779836400,214.44989167151965,214.7476745259601,213.58060105453137,214.04750668921025,2215.9845526977674
1779840000,214.04750668921025,214.7553785328581,212.85991329411,214.1038018022753,10915.24215740809
1779843600,214.1038018022753,214.574479373244,213.4970330479861,214.08598437643147,3370.285568611157
1779847200,214.08598437643147,214.4454453337956,214.0037119215962,214.0037119215962,1687.6008273257994
1779850800,214.0037119215962,214.6689654160698,213.70525527298477,214.3529312410388,182.5011038306011
1779854400,214.3529312410388,215.16077432923723,213.54437217706663,213.54437217706663,4097.198881556607
1779858000,213.54437217706663,214.04889274420543,213.47554093115443,213.9376833754278,4018.090019470207
1779861600,213.9376833754278,214.33916497725423,213.6848549913752,213.9215206786992,7889.880509762943
1779865200,213.9215206786992,214.1445979236389,213.43026567116632,213.5552488334112,2925.815147303174
1779868800,213.5552488334112,215.65206685061816,213.5552488334112,215.22017908572903,28756.64768880036
1779872400,215.22017908572903,215.87425672450635,214.69977129883225,215.4254088143986,26077.04011294672
1779876000,215.4254088143986,216.4806676733929,214.8987702627913,215.18260405691356,35342.2238477241
1779879600,215.18260405691356,216.52044759228207,215.18260405691356,215.3788274524815,35853.15301846741
1779883200,215.3788274524815,216.36131387778264,214.71941661976865,215.70439994764791,35701.93361422531
1779886800,215.70439994764791,216.07260706523468,210.3433495919415,211.25436619356023,308042.09103335754
1779890400,211.25436619356023,211.60435601984017,208.61888469871,208.6456845264325,103250.60546243524
1779894000,208.6456845264325,210.5021390897875,208.6456845264325,210.3000552213537,47434.13628960118
1779897600,210.3000552213537,212.64590664657229,209.7828115073238,211.07238162763383,67535.65818268152
1779901200,211.07238162763383,213.25615475206752,210.82461471616008,212.86040058661112,51497.98915984995
1779904800,212.86040058661112,213.74639596270785,211.6537633214604,212.74678949126044,19724.091339846284
1779908400,212.74678949126044,213.5520432207369,211.47675566695824,212.09859787727729,44014.9547829358
1779912000,212.09859787727729,213.1127077245561,212.09859787727729,212.32025130906905,4400.5992218192205
1779915600,212.32025130906905,213.35208577944715,212.1066185813499,212.66635955448044,6302.565710915884
1779919200,212.66635955448044,212.7076248717532,211.45203260285015,212.2581250553656,2834.8723068116187
1779922800,212.2581250553656,212.4915319101681,211.3940308248904,211.41176074079277,5447.910925892518
1779926400,211.41176074079277,212.3804700321068,211.33405876797343,211.7042542535821,3760.905735232948
1779930000,211.7042542535821,213.248669527024,211.45552021682104,212.73750189468495,15625.446009111283
1779933600,212.73750189468495,213.27730752029856,211.2686399083744,211.6720968023893,18330.20348635041
1779937200,211.6720968023893,212.41731587951023,209.86504678647051,209.86504678647051,47977.44932013744
1779940800,209.86504678647051,210.8836891824361,208.7972801881532,209.77832672421044,32955.127577101295
1779944400,209.77832672421044,211.4655879327997,209.52347997255453,211.31162789606373,43211.79020400521
1779948000,211.31162789606373,211.4218522001954,210.32750904467144,211.32499068990592,12757.54352517587
1779951600,211.32499068990592,211.7669402064689,210.2251488775108,210.74602363836803,10791.25112212522
1779955200,210.74602363836803,212.01509148774085,210.74602363836803,211.6966451184641,6064.070390926408
1779958800,211.6966451184641,212.12403198093375,210.4039587552563,211.5278010097566,7799.869608567192
1779962400,211.5278010097566,211.9214678858016,210.93873533678877,211.49280021955548,15606.668569681662
1779966000,211.49280021955548,211.49280021955548,209.7770062011089,210.70755149352647,31930.74264679517
1779969600,210.70755149352647,211.9826896954904,210.1067042357286,211.4394938033486,27767.296666355127
1779973200,211.4394938033486,214.72001009413685,210.23370236077568,212.59101496867095,288533.6138634358
1779976800,212.59101496867095,214.4232072481525,211.5882319969521,211.71474935624175,158232.98854766838
1779980400,211.71474935624175,214.16231682064864,211.46261626537017,211.8093020187707,71660.84139852873
1779984000,211.8093020187707,213.84497367266744,211.8093020187707,213.84497367266744,71940.84014929997
1779987600,213.84497367266744,215.70217369458285,212.1576258644452,215.25123760667103,65370.9262610855
1779991200,215.25123760667103,215.25123760667103,213.6773732846906,214.1237550187616,26027.40717987701
1779994800,214.1237550187616,215.4996944047779,213.87877448000563,214.9183013013808,29193.03267001222
1779998400,214.9183013013808,215.3843690874117,213.5084985328742,213.89843719669105,19323.222140590588
1780002000,213.89843719669105,214.34671688183172,213.8271422950747,214.20419029499203,9551.129546052813
1780005600,214.20419029499203,214.70222582699483,213.60688575952216,213.60688575952216,1149.7952623681483
1780009200,213.60688575952216,214.54943342882615,213.60688575952216,214.1228316446888,1014.3503418509724
1780012800,214.1228316446888,214.27481025139315,213.61135766838524,214.22510222939485,2612.2172128189345
1780016400,214.22510222939485,214.84534737506144,213.74765351667705,214.3980146362476,9373.558154868932
1780020000,214.3980146362476,214.6630956909705,213.6172650174709,214.35681207573967,4922.662702245329
1780023600,214.35681207573967,214.60511351010547,213.3141330343505,214.45434315294796,14406.659929126496
1780027200,214.45434315294796,214.61996596835985,213.86459302764337,214.16821903732915,7310.860731327639
1780030800,214.16821903732915,215.9457551996543,214.16821903732915,215.6501188433421,13542.28640841172
1780034400,215.6501188433421,215.73292067520435,214.5221815013149,215.3157777881165,3541.867311995178
1780038000,215.3157777881165,215.89832650335205,214.7219551264271,214.7219551264271,6731.455115689156
1780041600,214.7219551264271,215.87398667691488,214.13864979806485,215.1625065111949,11777.78621768738
1780045200,215.1625065111949,215.61539941014124,214.11427568482875,214.94926354012657,1959.3863742366104
1780048800,214.94926354012657,216.12523571950967,214.6656532759701,215.2491186519058,5182.943980231878
1780052400,215.2491186519058,216.5059633999958,214.90278260014875,216.5059633999958,11147.234651650357
1780056000,216.5059633999958,216.5059633999958,214.4966613630212,214.92570435686724,6427.949734804357
1780059600,214.92570435686724,218.0172274838153,212.8812669757116,218.00709847751477,285654.4013754586
1780063200,218.00709847751477,218.18196525591557,213.9858640810136,215.6158863258634,255305.0533171964
1780066800,215.6158863258634,216.93967003348436,214.25265210577336,215.87659801521653,100396.45767481884
1780070400,215.87659801521653,217.5734618511832,214.9511569930793,215.8086533609439,96513.74787802478
1780074000,215.8086533609439,217.29545954862243,215.2398583766065,215.6770723189954,41292.59504414954
1780077600,215.6770723189954,218.02623950936265,215.10733751033405,216.83065101124623,61187.55339766391
1780081200,216.83065101124623,218.3727997746992,211.24156988025268,211.76155210295508,328464.1305884816
1780084800,211.76155210295508,212.90660470789084,211.04846284116468,212.3014838698596,108122.52368910624
1780088400,212.3014838698596,213.39883974040876,212.3014838698596,212.79898707105528,3607.996795156497
1780092000,212.79898707105528,213.2594157506438,212.7628490298524,213.05760617958413,6420.332549192301
1780095600,213.05760617958413,213.05760617958413,211.73834680295116,212.19748507672696,5533.275923619712
1780099200,212.19748507672696,213.5747538085196,211.6536536696145,213.1930302025052,12846.068676253391
1780102800,213.1930302025052,213.57293177069383,211.81308561640788,213.13739866582583,17411.946132410285
1780106400,213.13739866582583,213.51978152156255,212.4272217166764,212.9172661198894,10981.10290308175
1780110000,212.9172661198894,213.67535175459352,212.9172661198894,213.40295861534383,5836.030940212533
1780113600,213.40295861534383,214.37191902239647,213.03684939718343,213.51793298751195,10752.800657780172
1780117200,213.51793298751195,215.15779489377732,212.93090283551905,214.2492353295708,16253.309974368616
1780120800,214.2492353295708,214.60519502345392,213.89425741467264,214.11828489841545,9246.380416392214
1780124400,214.11828489841545,215.25294040210147,214.0373976068035,214.65859609947117,9874.059637583314
1780128000,214.65859609947117,214.858346518878,214.41833969662864,214.41833969662864,317.22572608442744
1780131600,214.41833969662864,215.0704055788619,214.41833969662864,214.4699830743728,9891.519728536496
1780135200,214.4699830743728,214.52886838579823,213.72107737491635,214.27408496352743,13108.682744995034
1780138800,214.27408496352743,214.64406411599205,213.7374985407389,214.0454577348156,234.28674844628537
1780142400,214.0454577348156,215.33744359982612,214.0454577348156,214.59136364222,7974.493817262875
1780146000,214.59136364222,215.49182523640468,214.25177644713344,215.12425609641537,10939.265918913596
1780149600,215.12425609641537,215.35654139393435,214.28201825608775,214.9217416121224,3404.946883363896
1780153200,214.9217416121224,217.115558595686,214.8229964782004,215.00832523492755,3524.466045775254
1780156800,215.00832523492755,215.3018693840813,214.7059035400761,215.1618823210189,80.55837144845762
1780160400,215.1618823210189,215.4661201618229,214.6797306866248,215.2454100353997,3610.314886254661
1780164000,215.2454100353997,215.2454100353997,214.586483896468,214.83472259928917,771.0978758793123
1780167600,214.83472259928917,215.7181272763003,214.24833539112856,215.6992762736417,4844.785328399333
1780171200,215.6992762736417,216.06107903995576,215.39963206417772,216.05624966389465,3598.9708013372697
1780174800,216.05624966389465,216.19328641960232,215.47525678326824,215.84816944379824,2230.842081523444
1780178400,215.84816944379824,216.555475996666,215.4333445069037,215.63905191086712,4851.780656664831
1780182000,215.63905191086712,216.39083505603276,215.63905191086712,215.7719770596185,1927.09116584633
1780185600,215.7719770596185,216.7481092837091,215.73117833524796,216.4940605217571,10561.99243938654
1780189200,216.4940605217571,217.30131226038637,215.84721111890605,217.30131226038637,5860.881645773149
1780192800,217.30131226038637,217.30131226038637,215.4570019315701,215.98049182005772,11670.722656182355
1780196400,215.98049182005772,215.98049182005772,215.75081578482656,215.75081578482656,1510.2240158710777
1780200000,215.75081578482656,217.00011277102212,215.74099595646447,216.66698891703123,4519.4599814001285
1780203600,216.66698891703123,217.15341253138143,215.96980140824303,216.4107131801063,12761.908541298311
1780207200,216.4107131801063,217.30079431261584,216.1046683181949,217.2792913344764,4826.046200201964
1780210800,217.2792913344764,217.8809943062924,216.79281556043875,217.35560567526883,14384.832575507036
1780214400,217.35560567526883,217.4831756747813,216.2917016774572,216.9867153575164,12415.197412660173
1780218000,216.9867153575164,217.70057828000836,216.2974366139321,216.9839891338802,10097.079679820572
1780221600,216.9839891338802,217.85121082871223,215.87504458841468,216.64229031176907,27211.861620778425
1780225200,216.64229031176907,217.111319832804,215.90690439797825,217.07695218873693,11238.659430503532
1780228800,217.07695218873693,217.07695218873693,216.42852011176456,216.75957646625832,1471.9188555015164
1780232400,216.75957646625832,216.87549279158245,215.42023442162036,215.42023442162036,25005.98345831924
1780236000,215.42023442162036,217.70781139199283,213.5239902836336,216.79747604044024,26724.42817458206
1780239600,216.79747604044024,217.37963238326915,215.55386574935577,215.96076821941708,27113.56965830514
1780243200,215.96076821941708,217.1504437370123,215.85892172522568,216.3424799144929,7351.739424421453
1780246800,216.3424799144929,217.3605902120128,215.8081769136901,216.43531428715107,21287.734794602653
1780250400,216.43531428715107,216.4808893692309,215.7252778237969,216.05053650027145,7380.940997065597
1780254000,216.05053650027145,217.2749554446825,216.05053650027145,216.73078568615492,304.01688503821754
1780257600,216.73078568615492,216.75914801611555,213.79081500789025,214.5709411135284,63031.91804838974
1780261200,214.5709411135284,216.1885701935479,214.43704895289935,215.4089592658053,9770.959414102474
1780264800,215.4089592658053,216.37608731303123,214.19321014001343,214.65540076005016,22213.38878781361
1780268400,214.65540076005016,216.79885994685424,214.45561417880435,216.26061476087796,25227.571714407622
1780272000,216.26061476087796,216.85527083455003,214.0090856313632,215.9021047275252,106492.33547310268
1780275600,215.9021047275252,215.948324682499,214.0730985033063,214.9771435658571,11949.093240138109
1780279200,214.9771435658571,215.54517472453472,214.10814281113417,214.6540225936403,7649.684291319709
1780282800,214.6540225936403,216.18410551599493,214.30057528459997,215.46728118465836,25009.94793367332
1780286400,215.46728118465836,217.9905957183996,215.46728118465836,216.52876348153916,55393.67347168135
1780290000,216.52876348153916,217.45883978678987,215.6214529679324,216.7300751891259,51200.69292995082
1780293600,216.7300751891259,217.5961500456501,215.3734676243427,215.89425050355985,64979.21825489362
1780297200,215.89425050355985,216.88322404962605,215.12572304288503,216.01104665140144,45161.17185033713
1780300800,216.01104665140144,216.3477036536688,214.1553272033366,215.1667284801204,52310.42029789832
1780304400,215.1667284801204,216.09944762108543,214.05522744175605,214.76541077943867,29838.635124322016
1780308000,214.76541077943867,216.32617253141476,214.57312120899323,215.6004337090263,34558.162953064355
1780311600,215.6004337090263,217.13996005447075,214.39927540920672,216.01621819590991,58140.13137639228
1780315200,216.01621819590991,217.023508119013,214.7415404942621,216.16132866845632,51259.9212581846
1780318800,216.16132866845632,221.25449184000496,214.76154314868256,219.61751255536825,469346.2381232874
1780322400,219.61751255536825,222.138954591541,218.07052499914337,219.1928403178853,242233.35257355825
1780326000,219.1928403178853,220.92216861533225,218.22959613531927,219.95877121348568,72248.64174880968
1780329600,219.95877121348568,222.43683285084848,219.38441620466145,222.19418660559336,93962.01941388802
1780333200,222.19418660559336,224.3116186677261,221.30237645178264,223.72666516234105,66629.53228509524
1780336800,223.72666516234105,224.94094410649043,223.1779089911379,224.10744843716824,90420.53899308036
1780340400,224.10744843716824,225.373224674408,222.38681310011867,224.82118450741973,94269.2718169404
1780344000,224.82118450741973,225.52191324239112,223.3899922384398,223.97306615059145,18818.15577060654
1780347600,223.97306615059145,225.470618698236,223.4834906264681,224.94184935231397,36491.46962941976
1780351200,224.94184935231397,225.6702054518757,223.1260657483808,223.2984624284385,28405.584672144552
1780354800,223.2984624284385,224.59186912207937,223.1485732431196,223.91155738747185,11492.000131435676
1780358400,223.91155738747185,224.59382488109344,220.58616273947555,220.90219295146156,142012.83726159934
1780362000,220.90219295146156,223.7352884794748,220.5895426739341,222.7529120752497,37063.4191443224
1780365600,222.7529120752497,223.6463620882917,221.63471070769472,222.51961126088355,36699.895213325086
1780369200,222.51961126088355,222.8828899718333,221.92051209872605,222.30897921219017,15097.08239237437
1780372800,222.30897921219017,226.17240686583872,222.30897921219017,224.9685011393921,94101.56270474796
1780376400,224.9685011393921,226.08624868559693,224.37869565526637,225.5867787504089,58498.02310262115
1780380000,225.5867787504089,226.82611510703757,225.04537235926216,226.184492843476,24846.446234647763
1780383600,226.184492843476,226.37232120145032,224.4069964571892,225.35373891736876,29496.308076700865
1780387200,225.35373891736876,228.20928903637827,225.35373891736876,227.25160525473464,169556.62845899424
1780390800,227.25160525473464,228.9080578204916,226.5192142364569,228.1418367451779,66452.78823941461
1780394400,228.1418367451779,229.25853200192392,226.87949951425213,226.87949951425213,100167.99061262576
1780398000,226.87949951425213,228.7974423857509,226.16415218241235,227.4542431860128,70301.03986982805
1780401600,227.4542431860128,227.81361557622813,226.1971576967954,226.98398118735383,45221.31136704884
1780405200,226.98398118735383,232.34030592053176,225.3122768848134,231.5814941551413,416574.62889608665
1780408800,231.5814941551413,232.2156402466813,225.6318213523079,225.7852101083627,239147.9133650959
1780412400,225.7852101083627,227.25048795326495,224.76751496077907,225.75687861442665,153387.13997708977
1780416000,225.75687861442665,226.09783458708256,224.29687247359848,225.09677223241485,72348.384529975
1780419600,225.09677223241485,225.7329328487993,223.0849224605448,223.2028884512253,66014.44829278119
1780423200,223.2028884512253,224.4174617438734,222.21141898147008,222.43500124849749,44603.86032721056
1780426800,222.43500124849749,224.1858634535224,220.94434338950737,222.65563414938856,97917.08658134862
1780430400,222.65563414938856,223.9496535868701,221.9634567228792,222.959764498636,29120.983363677107
1780434000,222.959764498636,223.4058405520288,221.9702268776341,222.6612251076401,7830.408600914126
1780437600,222.6612251076401,223.51538297363317,221.436112563544,221.9596112598512,33775.6681423323
1780441200,221.9596112598512,222.50845146451263,220.6494969220386,221.50124108328848,34546.5703850548
1780444800,221.50124108328848,223.0467917989756,220.54882755846364,221.03381843083773,29417.754474877616
1780448400,221.03381843083773,222.13658460816276,220.79712401095168,221.72578149837364,29748.03938685726
1780452000,221.72578149837364,222.3983947709737,220.7106315262749,220.88553851551475,7954.84254983674
1780455600,220.88553851551475,222.02261765586277,220.78917658292352,221.969005834066,11303.142407702064
1780459200,221.969005834066,222.8464137106197,220.87500659828817,222.1640696304468,74907.82541927967
1780462800,222.1640696304468,223.87643927709613,221.6057913336613,222.28421795622708,38630.9194691883
1780466400,222.28421795622708,223.12532086459612,221.8549592045848,222.3127644224824,12214.955168180388
1780470000,222.3127644224824,223.76066851581675,222.3127644224824,223.0005624641369,499567.1277907696
1780473600,223.0005624641369,223.37660251760923,221.76423963208973,222.3911675085357,37874.20161097375
1780477200,222.3911675085357,222.52089394807467,220.5033779203949,221.2952570314245,26835.500808692024
1780480800,221.2952570314245,222.1386863523244,220.64246714280404,221.87233951088663,26793.13241470845
1780484400,221.87233951088663,224.55147228344907,221.24426348750316,224.5478780788092,86073.42988495123
1780488000,224.5478780788092,224.85583095473123,222.0194205438695,222.25976767975908,55800.105963834096
1780491600,222.25976767975908,224.19024074328468,216.6354823167337,217.72893941421745,323220.3580282941
1780495200,217.72893941421745,218.0514998793876,214.8884618568113,215.78724761891087,154607.28330240698
1780498800,215.78724761891087,217.97710803833664,215.489389733588,217.97710803833664,91769.61485514473
1780502400,217.97710803833664,217.97710803833664,214.81859795837832,215.89361861421665,58252.66978832755
1780506000,215.89361861421665,216.4834181042316,214.98442490888533,215.6800226407752,16635.761278208207
1780509600,215.6800226407752,216.9127636815844,214.89961022839452,215.89807997621975,15453.974354578584
1780513200,215.89807997621975,216.7336109836996,214.7964120165609,214.8159377453,58464.64502012604
1780516800,214.8159377453,215.71465820479145,214.25607990561528,214.7065383349872,11156.960009430546
1780520400,214.7065383349872,215.9392217896109,213.03004424605385,214.3022370988153,55434.92726125292
1780524000,214.3022370988153,215.09534528580303,213.20770808670903,213.20770808670903,31176.889259952677
1780527600,213.20770808670903,214.62652185857576,213.0115680776698,214.4478775597596,42868.95109302289
1780531200,214.4478775597596,215.88288945243949,213.8403284448017,215.0549199135764,41209.137402746586
1780534800,215.0549199135764,216.1616629916267,213.6959288085483,214.3532148691962,31121.843164858303
1780538400,214.3532148691962,215.1255144631396,212.97129926062183,215.1255144631396,28949.433796787554
1780542000,215.1255144631396,215.9195734145007,213.34817451917803,215.57270667305056,30411.31306154033
1780545600,215.57270667305056,215.84726448480663,214.6509695422943,215.69979392042052,44932.84994853297
1780549200,215.69979392042052,215.69979392042052,214.6527977647914,215.3798228956143,1943.989644567024
1780552800,215.3798228956143,216.06471243359124,214.62582633139093,216.06471243359124,7399.490619603778
1780556400,216.06471243359124,216.264554932384,215.06739078891903,216.11457596797325,8973.201255444303
1780560000,216.11457596797325,216.19975006464864,212.9322516084169,212.9322516084169,47437.68274883552
1780563600,212.9322516084169,214.00934320255143,211.8733233259817,213.20214698868307,54408.382076340895
1780567200,213.20214698868307,213.7513196033389,212.42365084874328,212.8947673951638,11107.432663303172
1780570800,212.8947673951638,215.14022340631865,211.348537222744,212.07341498308813,85457.56889416708
1780574400,212.07341498308813,213.70636990951056,211.7027495004847,213.5698585568472,42634.95937766875
1780578000,213.5698585568472,215.88089037931343,212.1185644666019,212.22997633094343,345608.42907052266
1780581600,212.22997633094343,215.4592216518285,210.9881414256746,215.24226829608887,136624.56648660885
1780585200,215.24226829608887,218.0571788900358,214.56342320196467,217.168439483622,98626.0983097189
1780588800,217.168439483622,219.6053409184464,216.93058900590367,218.39627476189304,79887.27057028082
1780592400,218.39627476189304,220.4754992934105,218.13285619584957,219.87468457146775,76343.71026073894
1780596000,219.87468457146775,221.0319129811187,219.31022583404075,220.37104717290816,64540.32891938891
1780599600,220.37104717290816,221.9493511296214,218.8025688436353,218.8389174388564,80610.70347699238
1780603200,218.8389174388564,219.454453709999,216.7228827079243,216.74633931610165,37441.68159394575
1780606800,216.74633931610165,218.68003829867052,216.38545572515517,217.728024482374,19479.364593992053
1780610400,217.728024482374,219.0400454355988,216.16318933974483,216.70444834553007,74782.8834868215
1780614000,216.70444834553007,217.80632533648105,216.27292663797388,216.56653704688944,44021.58654040003
1780617600,216.56653704688944,216.911367469638,214.7127101789324,215.41069877282715,43275.21466336827
1780621200,215.41069877282715,216.20463002411623,213.72711014968093,216.09000248192532,47181.02318446071
1780624800,216.09000248192532,217.3893343728738,215.50049597769495,215.7388913569797,26104.25657929016
1780628400,215.7388913569797,216.4316506770853,214.77951306262852,214.79104641057384,33816.745659904744
1780632000,214.79104641057384,216.67949744964767,214.2619276715488,215.5340546672632,20200.72433035852
1780635600,215.5340546672632,216.99968726557955,215.03479540969215,215.2794672233473,13694.62071236122
1780639200,215.2794672233473,216.4642505471197,213.77473130404587,215.4545074999084,32582.452644764257
1780642800,215.4545074999084,216.01324890227224,214.0470006982148,216.00334792611508,41054.81014478312
1780646400,216.00334792611508,217.0026011800834,214.67680869208647,215.46206417906072,101674.69145301824
1780650000,215.46206417906072,216.8621989813157,214.96331166986877,215.61861927679465,105613.5344537084
1780653600,215.61861927679465,216.6931267016538,215.61861927679465,216.12583105866045,8578.532444287348
1780657200,216.12583105866045,216.93345729247216,215.25070550173425,216.04550804937037,51227.5787204325
1780660800,216.04550804937037,216.23365326847923,214.4730892063386,214.4730892063386,49429.61770818559
1780664400,214.4730892063386,215.58256609833785,212.35393039783276,212.6288080478612,185763.83301086503
1780668000,212.6288080478612,213.5675514622293,210.5861030154452,211.37528606156476,151793.91472908348
1780671600,211.37528606156476,211.5211766550161,207.44832188905556,209.23792416029195,104898.845844893
1780675200,209.23792416029195,209.8433404994705,206.3528743295179,208.2504575720293,118813.99709425392
1780678800,208.2504575720293,209.34504948865955,206.83622316534144,208.03595215786777,92129.17483020326
1780682400,208.03595215786777,208.64864806030496,204.53503253678895,206.75802138538504,98970.8730336191
1780686000,206.75802138538504,209.949647363572,204.5264604897241,205.2184232477122,279270.4588165364
1780689600,205.2184232477122,206.0714508955419,203.6685978996563,205.72476836148095,50219.27030232367
1780693200,205.72476836148095,206.41508843647117,204.49657973292304,206.03118557908093,66876.57098232636
1780696800,206.03118557908093,206.64557213054584,204.5590514398319,205.29356182225152,30108.05859903988
1780700400,205.29356182225152,205.6382073984993,203.46532321528164,203.85118070330728,19810.831948556588
1780704000,203.85118070330728,206.3128717411985,203.6230790207813,205.14025050174465,43982.808686148965
1780707600,205.14025050174465,206.3330662683848,200.90806005944816,201.96201473759325,122891.29202213384
1780711200,201.96201473759325,203.3630276729267,200.5308255414512,202.0853072114792,98567.36409125826
1780714800,202.0853072114792,203.12536943638565,201.2887220287833,202.2257812036899,19244.75364079175
1780718400,202.2257812036899,203.554805298142,199.7141463716099,200.2327369842392,70419.55716274887
1780722000,200.2327369842392,202.89655842051008,199.8215745018461,202.2955429103785,65001.1485035247
1780725600,202.2955429103785,203.24800475760972,201.62991325479368,202.8522662327847,15564.124336169078
1780729200,202.8522662327847,203.00126347139368,199.66313925852364,201.7569244454985,237370.8450542528
1780732800,201.7569244454985,202.49293295231087,200.43376681141697,202.49293295231087,36658.34937697931
1780736400,202.49293295231087,203.98071330917105,202.1290716196113,203.0661454933795,39350.00825335663
1780740000,203.0661454933795,203.75321080209295,202.24088529977465,202.90221992467997,25965.089158577364
1780743600,202.90221992467997,204.30936902899865,202.2162876720285,203.4004340635936,32864.45935822672
1780747200,203.4004340635936,205.6517535150855,203.265833056029,204.9525351456573,41108.97589710083
1780750800,204.9525351456573,205.90297935139697,204.4823798818682,205.2531800690412,10916.201398791234
1780754400,205.2531800690412,205.6400806047286,204.36848606530287,205.019916423181,9996.266455795336
1780758000,205.019916423181,205.646754323578,203.87521148296813,203.87521148296813,11345.191294341068
1780761600,203.87521148296813,205.53471950910165,203.87521148296813,205.53471950910165,21932.464035846304
1780765200,205.53471950910165,205.62407727252415,204.36488038224996,204.93591409586844,19218.97207704337
1780768800,204.93591409586844,205.19808677167927,203.8329453423525,204.69234299420503,7336.899748132147
1780772400,204.69234299420503,206.21092861945456,204.69234299420503,205.7880585954369,18637.091437082967
1780776000,205.7880585954369,206.84551428862565,204.9943937630848,205.25073613521351,16168.233655081413
1780779600,205.25073613521351,205.8754366615393,204.75869182686432,205.6580190873752,17495.1028936947
1780783200,205.6580190873752,205.81793035523503,204.86561954479956,205.3292842909729,3088.8101182791884
1780786800,205.3292842909729,206.631651289586,205.1017357454246,206.6171994403913,23177.605600776573
1780790400,206.6171994403913,206.91264134853256,206.0829104103692,206.91264134853256,7601.809595139262
1780794000,206.91264134853256,206.91264134853256,205.52931398813345,205.9528604183873,18996.13754470728
1780797600,205.9528604183873,206.72079363219308,205.4556135333856,205.4556135333856,3267.467551512188
1780801200,205.4556135333856,206.88716485695403,205.4556135333856,206.88716485695403,5039.219347022585
1780804800,206.88716485695403,206.88716485695403,205.92765406469,206.6422601257797,10939.940834160056
1780808400,206.6422601257797,210.0271709147852,206.12104488996448,207.2602466321011,128744.640721466
1780812000,207.2602466321011,208.15761400118976,207.15601707637123,207.86009496053157,10109.912030342535
1780815600,207.86009496053157,207.9201491688022,206.6916650476245,207.15759784095735,38076.3258937688
1780819200,207.15759784095735,207.84534949533312,206.03204120752696,206.5494750869562,12660.29192279643
1780822800,206.5494750869562,207.52577675141305,206.0382071841877,206.0382071841877,33461.950918109585
1780826400,206.0382071841877,207.021954840542,204.58173687948135,206.59244733591245,67411.86402906946
1780830000,206.59244733591245,207.02918447480317,204.9424358263589,204.9424358263589,96019.0410164911
1780833600,204.9424358263589,206.10868331622603,204.33454330210455,205.1160697159876,68383.70557966114
1780837200,205.1160697159876,206.45356903225408,204.61750619367612,206.45356903225408,34627.610919109604
1780840800,206.45356903225408,207.9855936247187,205.1467395134337,206.5296511323356,58087.91868752827
1780844400,206.5296511323356,207.8360265583092,206.3922874145333,207.0306549124373,18040.921862360014
1780848000,207.0306549124373,207.21328139660116,206.1625536097169,206.71755905747483,6147.321325307987
1780851600,206.71755905747483,207.59697233243813,206.06212550708884,206.3958414862392,36292.12816989215
1780855200,206.3958414862392,206.8305352494521,205.7192812807642,206.5782613746448,11298.968625100228
1780858800,206.5782613746448,206.5782613746448,204.6328742690984,205.29226829195943,26483.007061629996
1780862400,205.29226829195943,205.9675241323856,204.4957625701617,205.91225459126787,16903.061960217834
1780866000,205.91225459126787,206.6867423744623,205.49846182906845,205.63482722392496,18526.123280874104
1780869600,205.63482722392496,208.17176202044027,204.3578017119988,206.52389139394617,32443.30911209538
1780873200,206.52389139394617,208.8261024937729,205.9172632886024,207.8163966799476,75748.74085658927
1780876800,207.8163966799476,209.7594036472452,205.9340485365764,207.75367668123693,193131.65807870025
1780880400,207.75367668123693,208.751407259652,205.6136027089368,207.35842468715123,96865.22368008755
1780884000,207.35842468715123,208.67683255479773,206.66733237164848,207.97564399686337,39111.3392834756
1780887600,207.97564399686337,208.5546447431838,207.1937377306909,208.17252614559217,14518.386868564125
1780891200,208.17252614559217,208.5116593399501,206.805356860467,207.00708636082908,26894.116994667056
1780894800,207.00708636082908,207.69672279622205,205.3584333754794,205.41484585956815,40059.409130363485
1780898400,205.41484585956815,207.28586918490137,204.83435162377293,206.6320901509964,116846.6589515786
1780902000,206.6320901509964,208.16043706413325,206.4012075815352,207.79237763644431,35359.44175127393
1780905600,207.79237763644431,208.94295957052813,207.25658701445528,207.8823217689664,56520.94876241498
1780909200,207.8823217689664,208.62282925436617,206.91219089851216,208.1939862783974,24784.89510060951
1780912800,208.1939862783974,209.53995199450708,208.103638041741,208.61643788931025,29511.6673432648
1780916400,208.61643788931025,210.31219363203135,208.4991132022741,209.6953523635793,52310.0982338482
1780920000,209.6953523635793,210.96783135248992,209.24756964754565,210.5466636924802,16986.961878824768
1780923600,210.5466636924802,211.5003090735032,206.5367035024233,206.8386087726824,203260.74860339065
1780927200,206.8386087726824,209.42736823755328,206.12297470147053,208.69929438230236,107220.210021799
1780930800,208.69929438230236,209.7283602114096,207.39999457793223,208.71484459570675,74313.50245032329
1780934400,208.71484459570675,209.68261982567972,207.96617181433876,208.5326214310168,46659.68346755369
1780938000,208.5326214310168,209.18329160687475,207.4692220322281,208.47083415648856,49024.41232639916
1780941600,208.47083415648856,209.90510859511332,208.2444957496712,209.0002523743668,17348.241555221353
1780945200,209.0002523743668,209.6564104975589,207.2362334455177,208.75081551007185,55682.2047992766
1780948800,208.75081551007185,208.9140275957,207.09563966086023,208.29087772509976,10436.164053453913
1780952400,208.29087772509976,208.9853337691069,207.45371452784525,208.41527774109065,3545.348979827256
1780956000,208.41527774109065,208.9223637044275,206.7106047617104,207.4424428855147,67647.4941371164
1780959600,207.4424428855147,208.2833496720257,206.9078533684525,207.65630650163928,26829.827378015725
1780963200,207.65630650163928,208.7048315359674,206.7652584455536,207.25964217583356,28753.225084007598
1780966800,207.25964217583356,209.24751659403415,207.25964217583356,207.66354157297664,30310.304164719502
1780970400,207.66354157297664,209.1570504293567,207.66354157297664,209.0556032543305,8613.54914807641
1780974000,209.0556032543305,210.17717331171596,208.69752320474356,209.12366571552045,10045.161107647824
1780977600,209.12366571552045,210.670165999722,209.12366571552045,210.01458726660763,17199.348523019486
1780981200,210.01458726660763,210.4319672012244,209.38312816387256,209.7579931551876,11001.142088641527
1780984800,209.7579931551876,210.5193368325836,209.6589316705964,210.12387074621344,3660.345135574413
1780988400,210.12387074621344,211.15306124597572,209.77186212894327,210.1682213767233,4941.072367030983
1780992000,210.1682213767233,211.06358112530967,209.56342909354063,210.80723432186065,11806.80996773235
1780995600,210.80723432186065,210.80723432186065,209.80935692887027,209.94147427243604,10067.430275632389
1780999200,209.94147427243604,211.0141819410989,209.33276130045928,209.91142247344135,50161.25774253943
1781002800,209.91142247344135,210.26768397098024,208.8510494791305,209.02253240844848,39946.38319952783
1781006400,209.02253240844848,209.95009783815144,208.52846317221432,209.0710260603917,13248.873558883375
1781010000,209.0710260603917,211.39718433159936,208.8138682183523,209.5467195016854,167008.39446055295
1781013600,209.5467195016854,210.18135934890827,204.8894536299956,206.1811098366583,205845.04924355616
1781017200,206.1811098366583,207.0724660308468,202.86547301696973,203.35623155478112,180363.160516442
1781020800,203.35623155478112,204.2968769094752,199.7422096471625,201.53208319923544,203507.5997684584
1781024400,201.53208319923544,205.63790263281223,201.53208319923544,204.92264998672084,152191.17057035211
1781028000,204.92264998672084,206.94428520683195,204.81891983312312,206.94428520683195,78139.8465147347
1781031600,206.94428520683195,208.5375627870185,204.79549234942476,207.9683975801001,153322.30845610765
1781035200,207.9683975801001,208.9687676263792,205.2221948272557,207.8577510339233,175143.16749108
1781038800,207.8577510339233,207.8577510339233,206.6668292099449,207.121177279476,14084.247923283188
1781042400,207.121177279476,207.22874349930905,206.1955238562881,206.23009896813903,13870.269314564774
1781046000,206.23009896813903,206.9725614426431,205.9605320053578,206.7921809523706,25647.872923369818
1781049600,206.7921809523706,207.6843217823761,205.12624859625416,206.090408409221,83460.28638568253
1781053200,206.090408409221,207.35372449564443,205.7413793825331,205.89427963262744,78836.98839982839
1781056800,205.89427963262744,207.27497947952315,205.36821622821213,205.79084294445263,27559.568197339027
1781060400,205.79084294445263,206.5772099336019,205.581853393892,206.22510668214707,7966.572030034975
1781064000,206.22510668214707,206.5511125781514,204.80043035442372,205.7498155171162,38682.26838199001
1781067600,205.7498155171162,205.97796589233025,204.80160521980525,205.52986782334705,17125.800179356895
1781071200,205.52986782334705,206.74139940318804,205.36749337691208,205.9958095539673,62265.73083840365
1781074800,205.9958095539673,206.5792582100706,205.4269155005756,205.87805339736903,6101.112909406872
1781078400,205.87805339736903,206.6133836600732,204.00869823338283,204.13052644456803,57509.37738663501
1781082000,204.13052644456803,204.92454905806724,203.35361238667085,203.97838111354,58614.15172274805
1781085600,203.97838111354,204.76684047434068,203.3601210495296,204.0990682912014,42972.5257705858
1781089200,204.0990682912014,204.87548467153795,202.6255285068588,203.62334531205536,70453.5314693039
1781092800,203.62334531205536,206.76243785557705,202.9700893646922,205.3362117824532,140117.52368710993
1781096400,205.3362117824532,207.12743727075943,203.74594146216853,205.2783999196963,264421.7388678599
1781100000,205.2783999196963,207.18568129429613,203.68602284286453,203.68602284286453,265433.9912717411
1781103600,203.68602284286453,204.647936997827,201.92014091806544,203.55462240428147,219201.4254002341
1781107200,203.55462240428147,204.15184677935304,202.0639620931412,202.44671452600025,104079.68835991345
1781110800,202.44671452600025,204.02658660982055,201.8326283162292,203.0322798829025,72099.9350534049
1781114400,203.0322798829025,203.19655671931287,200.857708031914,201.03558068777085,51907.53720893664
1781118000,201.03558068777085,201.83552250047805,199.8715801977551,201.1625381188996,75131.80956147477
1781121600,201.1625381188996,201.2939368700672,199.44695833012275,200.1418153366105,44336.62677533801
1781125200,200.1418153366105,200.94109095437008,199.34334325057637,199.58862222538792,6906.223273597644
1781128800,199.58862222538792,200.5459388246654,199.4342241949139,199.9878170077537,24592.094439558925
1781132400,199.9878170077537,200.4447799546493,198.5730516671275,199.3345038848848,48057.43233226463
1781136000,199.3345038848848,201.22613643238464,199.0264326441597,200.96433525224344,87496.4735113292
1781139600,200.96433525224344,203.34229586727096,200.4918042986184,201.91567322459545,71820.821140627
1781143200,201.91567322459545,202.4435376642692,200.56251274255405,201.46294017151072,66835.45692264668
1781146800,201.46294017151072,202.19139016901624,200.87093752335755,202.1749628247776,23296.166254584317
1781150400,202.1749628247776,202.56335073616876,201.306601908165,201.6030815043884,6769.151302637167
1781154000,201.6030815043884,202.5846236081232,201.0908890771184,202.0790747485607,7815.073781515265
1781157600,202.0790747485607,202.96610213828728,201.56985021532552,202.96610213828728,10708.236824239748
1781161200,202.96610213828728,203.2783719727753,201.53345834946788,201.53345834946788,22894.53995574871
1781164800,201.53345834946788,203.98383403638977,201.53345834946788,202.5977295800783,28506.09935860885
1781168400,202.5977295800783,203.72026691063775,202.1023929301697,203.4140515329739,25255.22191710093
1781172000,203.4140515329739,203.5221417460908,202.2478190140586,202.34991052811893,10640.15458056359
1781175600,202.34991052811893,202.88555884305896,201.48444103003308,202.88555884305896,35459.499278498115
1781179200,202.88555884305896,203.82400746794727,201.18780589913763,201.91397494184136,60436.623127586936
1781182800,201.91397494184136,203.69992050986832,200.96695987364532,202.7313870215313,180514.76457938892
1781186400,202.7313870215313,204.01326438848915,200.50704210053487,200.88292717876777,181940.2123343501
1781190000,200.88292717876777,202.45113657055404,199.61727894261224,201.09145682772092,99443.58470491324
1781193600,201.09145682772092,202.86390361840972,199.11614362553053,200.17971732943323,57552.90037585707
1781197200,200.17971732943323,210.3900501891812,199.66358423539623,202.7860666657424,186155.6690725529
1781200800,202.7860666657424,203.5010967128079,201.5965925370641,203.4683647481084,67875.4548887758
1781204400,203.4683647481084,205.8052545788399,202.4042315916077,205.5295963187417,121949.81736994188
1781208000,205.5295963187417,205.69314249210984,204.22039379643928,204.3842076525416,25641.75136549384
1781211600,204.3842076525416,205.8393962419432,204.3000530383325,205.2824040057795,53549.48915508272
1781215200,205.2824040057795,206.76198544785157,204.509861652051,206.2160750022369,31778.70905102231
1781218800,206.2160750022369,206.4450276492858,204.920341880586,206.11029374792085,13999.65237917882
1781222400,206.11029374792085,206.95656066733292,205.59940833874012,206.3885402919356,32135.374688508717
1781226000,206.3885402919356,207.06089188295093,205.21390544588857,205.821488250086,24609.986247657867
1781229600,205.821488250086,206.28187959847187,205.26170620176427,205.58944171037555,11036.804164896792
1781233200,205.58944171037555,206.38060046307984,205.04147106128076,205.06626063497328,5947.952391460098
1781236800,205.06626063497328,206.3858980133045,204.84957570494035,206.19244947272549,7232.894678086614
1781240400,206.19244947272549,206.5229591436498,204.1068769551704,204.80382631734304,52792.95303022469
1781244000,204.80382631734304,205.83972369635765,203.4341100147942,204.0062942374187,40229.9481936498
1781247600,204.0062942374187,204.8250644620384,202.87804501408544,204.81179839427708,36980.18943822535
1781251200,204.81179839427708,206.1843932435085,204.34393793666172,205.43674062309083,85891.36866292573
1781254800,205.43674062309083,206.61926952548205,205.3098361112372,206.2493786234093,24063.234622133343
1781258400,206.2493786234093,207.17643224678352,205.50170624331457,206.05922385348043,26173.253374416043
1781262000,206.05922385348043,206.6833245503921,205.345633555337,206.18483986437508,10021.077072337635
1781265600,206.18483986437508,206.64122022746807,204.82925813375147,204.84996221028237,23926.35734533413
1781269200,204.84996221028237,206.22518067893017,203.73200335000465,204.59423684088225,177759.0084857499
1781272800,204.59423684088225,206.90716245038,204.0047862558996,205.44478765696016,163382.596059532
1781276400,205.44478765696016,207.83250994090147,204.54433224040108,204.54433224040108,96144.51144388712
1781280000,204.54433224040108,205.98730092316745,203.9074082663348,204.96131774506773,62383.7217280066
1781283600,204.96131774506773,205.86661411767344,204.42680629407272,204.67335482281752,19046.73966721364
1781287200,204.67335482281752,205.7725560715886,203.99867890906864,205.1409789766249,42963.44948136783
1781290800,205.1409789766249,205.6479432603486,203.69884682699367,205.42935405288023,155933.7452075487
1781294400,205.42935405288023,206.7446132259208,204.54723225261705,205.44149961327489,73647.2448632553
1781298000,205.44149961327489,205.4671724837318,204.54867171327,204.6894780320052,6787.836001033581
1781301600,204.6894780320052,206.01416296804277,204.6894780320052,205.6832938657294,9818.516146078671
1781305200,205.6832938657294,205.78112056228855,205.03576653379827,205.53896868697075,8212.72211138438
1781308800,205.53896868697075,206.03890319085104,204.7264910769303,204.93901720741752,26335.512352782127
1781312400,204.93901720741752,205.50167017157932,204.75241619902545,204.75241619902545,10888.818559285912
1781316000,204.75241619902545,206.3862364724077,204.75241619902545,205.71498752109136,35085.56191214197
1781319600,205.71498752109136,205.9369064649049,204.81244604938829,204.81244604938829,14410.423393973968
1781323200,204.81244604938829,205.4801669569306,204.5307997917094,205.1272383217695,5499.3479266229215
1781326800,205.1272383217695,205.80942558751136,204.6659034659304,204.9951026663444,7855.605794142809
1781330400,204.9951026663444,205.98782829623565,204.56862811143571,205.0255418294338,11172.80360981537
1781334000,205.0255418294338,205.64170869647037,204.7013009758014,205.39911228964505,6928.260670409055
1781337600,205.39911228964505,205.7992330503147,204.7260337215172,205.44003758488537,9539.008643736586
1781341200,205.44003758488537,205.44003758488537,204.6699168093982,205.22925984079956,2862.6507329189863
1781344800,205.22925984079956,206.07810387707772,204.603549314691,205.6723559503864,7667.446147783194
1781348400,205.6723559503864,205.6723559503864,204.47991662533437,205.0844591591642,5327.797873133422
1781352000,205.0844591591642,205.52525788895912,204.5851800712618,205.387358033689,11210.02708955054
1781355600,205.387358033689,206.1192119118819,204.2256310399504,205.37796920214723,17111.326690058242
1781359200,205.37796920214723,205.8379185324124,204.27559420239575,205.8379185324124,17177.847433074174
1781362800,205.8379185324124,205.84518567533289,204.3778118505314,205.41623813031092,23633.009800206968
1781366400,205.41623813031092,205.7678244204776,203.8672220207586,204.4370196789344,22182.180857232543
1781370000,204.4370196789344,205.20545479311,204.38445964519,204.747142449499,1252.119212360139
1781373600,204.747142449499,205.5342394250811,203.98277820101043,205.12757934728597,10829.564040938112
1781377200,205.12757934728597,205.7287337508021,204.11848982120276,205.7287337508021,4687.7674192227205
1781380800,205.7287337508021,205.7287337508021,204.72923160263,205.23525485053187,2222.198497625829
1781384400,205.23525485053187,206.31972363516616,203.94161642922475,205.2949763853028,6989.379278938824
1781388000,205.2949763853028,205.9655611248396,205.0187130458316,205.5345968999091,2610.9718779262275
1781391600,205.5345968999091,205.5345968999091,204.9752751276603,204.9752751276603,2558.3265201785907
1781395200,204.9752751276603,206.20876706301388,204.86317025072677,205.43379148808089,38017.937806444585
1781398800,205.43379148808089,206.13294025575135,204.2603994378485,205.4796307393353,12079.425187069151
1781402400,205.4796307393353,205.81436740704245,205.0071551529932,205.57692082665665,1898.1516426596877
1781406000,205.57692082665665,205.57692082665665,205.23272131257357,205.47295546375992,1676.1892117588206
1781409600,205.47295546375992,205.8359153134234,204.8087076235428,205.3356802511296,4864.080507754293
1781413200,205.3356802511296,205.84465733349373,204.91287511168147,204.91287511168147,3847.618089295073
1781416800,204.91287511168147,206.0520289395789,204.63623420879844,205.8064780179168,9380.171794749174
1781420400,205.8064780179168,206.3555131367117,205.39463899647083,206.1374673245075,11027.796775709525
1781424000,206.1374673245075,206.2433692782676,204.9850022986244,205.4906646185126,23387.2722496232
1781427600,205.4906646185126,206.5315939472558,205.2994069363486,205.7868144799426,8322.002397622859
1781431200,205.7868144799426,207.59617260249968,205.58276670572863,207.14882790810535,32055.9419411484
1781434800,207.14882790810535,207.5816750611492,206.47937379420244,207.21575724741135,15386.726240067272
1781438400,207.21575724741135,207.66863004462968,206.4361574263104,206.57534225788143,15842.0553910268
1781442000,206.57534225788143,207.39539127561048,206.1226639357997,206.99482443966863,21602.79992482641
1781445600,206.99482443966863,207.25485695765624,202.07628417882543,206.92846837246955,237873.2759243012
1781449200,206.92846837246955,207.00234172826876,206.28367799282483,206.49647077942453,12819.738635405984
1781452800,206.49647077942453,207.2001178763205,206.49647077942453,207.2001178763205,4910.78753188216
1781456400,207.2001178763205,207.2001178763205,206.29055889354063,206.74707741093812,2938.9295403050724
1781460000,206.74707741093812,207.2354024339324,205.68554045306425,206.71431534877257,7689.183311512438
1781463600,206.71431534877257,206.72581457739471,206.0723734122483,206.1156470146514,1731.9326038836657
1781467200,206.1156470146514,207.39425358156075,206.1156470146514,206.5465081904739,4160.413759254003
1781470800,206.5465081904739,209.2540483711959,205.602324208844,209.1783754483486,47825.58970236723
1781474400,209.1783754483486,209.76918615818008,208.11043047890576,209.48699446151053,47533.64554036818
1781478000,209.48699446151053,209.53050636786705,208.6543592837474,209.01111497796927,21696.812330879195
1781481600,209.01111497796927,210.3279167792096,208.0011543208256,208.96865672705,71670.2035027116
1781485200,208.96865672705,209.77219592244137,208.7125903686957,209.77219592244137,17561.316745416785
1781488800,209.77219592244137,210.38693103245404,209.21551102532004,210.38693103245404,4748.322144072506
1781492400,210.38693103245404,210.38693103245404,209.3931380988924,210.0090246692584,9174.598064596064
1781496000,210.0090246692584,211.5787141704129,210.0090246692584,210.90536651661708,40707.36952337224
1781499600,210.90536651661708,211.1990868476336,210.2577579882679,210.39911767686635,8233.111198395805
1781503200,210.39911767686635,211.0060191303569,209.5619951047512,209.87001761424705,94443.96148991528
1781506800,209.87001761424705,210.7964065394653,209.290439133956,210.32862946123015,41123.73344474895
1781510400,210.32862946123015,210.6807240786187,209.6302959138198,210.4714478410428,22197.466343740944
1781514000,210.4714478410428,210.51543235541465,209.02602952028508,209.05109341642745,17082.63940510178
1781517600,209.05109341642745,209.84470681510203,208.82769686381653,209.1408793546352,9879.190128636168
1781521200,209.1408793546352,209.78192764212864,207.99720412355677,208.63510356770269,44383.45223104072
1781524800,208.63510356770269,209.1125939347331,206.98841228661823,208.0280603998268,81947.93391975942
1781528400,208.0280603998268,210.890783385743,207.55960511715008,208.41060417433812,253653.7427942989
1781532000,208.41060417433812,210.79344097669795,208.25468018426037,210.6106797905164,106551.03069815936
1781535600,210.6106797905164,212.3802913693557,209.949884431886,212.1402636769044,55767.18306199442
1781539200,212.1402636769044,213.00434434111077,211.2294610168304,212.8215612289346,28110.11613304866
1781542800,212.8215612289346,213.11452901256652,211.5464102031005,212.1814979079049,20247.84889647057
1781546400,212.1814979079049,212.82556724534376,211.3301792548982,212.3048327796264,25529.656385652503
1781550000,212.3048327796264,212.63418076949227,211.06282645053076,212.23742492676976,30036.61976364476
1781553600,212.23742492676976,212.47635651740097,211.77168323428936,212.47337241367472,3486.137570957674
1781557200,212.47337241367472,212.9914549739539,211.72042301535976,212.12028453027187,2074.8965729911074
1781560800,212.12028453027187,212.17519312919345,211.59403837204644,211.59403837204644,10142.025771327337
1781564400,211.59403837204644,211.95220713006225,210.7520847477475,211.7266042670084,13189.085379230162
1781568000,211.7266042670084,212.4468956394342,210.79387707669284,211.5546757214958,34706.703692159535
1781571600,211.5546757214958,211.77050779040044,208.79564383530487,211.4776982137913,51273.70263783703
1781575200,211.4776982137913,212.10273325711245,210.22438310584403,210.234495796216,16204.267869038402
1781578800,210.234495796216,211.6317224115872,210.234495796216,211.37364990372063,21964.916803351207
1781582400,211.37364990372063,211.787788957638,210.72900091376675,210.7939263895796,6890.642612259514
1781586000,210.7939263895796,211.33088294528625,210.77343686092183,211.04666287775768,5966.521905440941
1781589600,211.04666287775768,211.3717529868716,210.5445320334385,211.21710608043264,873.8812842961373
1781593200,211.21710608043264,211.7788658787177,210.93153425806037,211.0166383091158,1532.4216872469449
1781596800,211.0166383091158,212.15514222661244,211.0166383091158,212.0445822840016,13876.409844700582
1781600400,212.0445822840016,212.74647585131265,211.1291433801314,211.449758403306,11858.262973394343
1781604000,211.449758403306,211.8866656008653,211.010284287666,211.45812948612624,3912.486590801409
1781607600,211.45812948612624,213.06448068482,211.45812948612624,211.70571888184176,15757.20280395075
1781611200,211.70571888184176,212.39321276027383,210.75918859444448,211.41773624091144,29938.27129299081
1781614800,211.41773624091144,211.8592936713117,208.5930850949819,209.2741995779094,109553.44555150294
1781618400,209.2741995779094,210.487869563767,208.1077423121183,209.35508922172377,79121.15515007977
1781622000,209.35508922172377,210.2056093914965,208.6159195407281,210.029659862086,58546.124326046745
1781625600,210.029659862086,210.13298672088484,207.9939608570621,209.09933966292857,26151.785305693054
1781629200,209.09933966292857,209.77601535594084,208.3588737885362,209.5799177901844,10282.878518375996
1781632800,209.5799177901844,210.28531332250424,208.58688592086423,209.12165525207547,14331.629624332303
1781636400,209.12165525207547,209.64245187746195,207.51964891907596,207.9345648041867,50362.967427202544
1781640000,207.9345648041867,208.3085385855165,206.6026976024453,208.1400425299147,28884.72257297968
1781643600,208.1400425299147,208.59325017486236,207.26894650806045,207.7723041349892,6788.045303305198
1781647200,207.7723041349892,208.65254726784252,207.39814961584557,207.39814961584557,2384.0139099712464
1781650800,207.39814961584557,208.2937833693348,207.37419519899544,207.8537493106301,4561.94209307328
1781654400,207.8537493106301,208.59618539776497,207.410036328528,208.59618539776497,3538.126667698992
1781658000,208.59618539776497,208.68091860698823,207.6877255294497,208.3284878010573,7744.444617407949
1781661600,208.3284878010573,209.2994344537826,208.02160788983065,208.469873809926,17089.867455288757
1781665200,208.469873809926,209.25133089080435,208.04410648258485,208.71354853342697,13163.280687533736
1781668800,208.71354853342697,209.4735190656176,208.5102239939273,209.2269752852056,1902.7084238633563
1781672400,209.2269752852056,209.35528014925544,208.75347464742345,209.35528014925544,605.3331673541197
1781676000,209.35528014925544,209.35528014925544,208.40989002278656,208.5828614402557,3844.4326177805
1781679600,208.5828614402557,209.31956112878856,208.49379452990487,209.3181694972456,2210.069963927753
1781683200,209.3181694972456,209.4122191954356,208.1103821750484,208.50674256545568,11754.444206512257
1781686800,208.50674256545568,209.08009108282383,208.05743593272737,208.84462207640712,4995.931487849412
1781690400,208.84462207640712,208.9142823286361,208.21541739285985,208.8162896966518,1533.5867191096406
1781694000,208.8162896966518,208.8162896966518,207.4310975013906,208.26560383799776,15472.649194588124
1781697600,208.26560383799776,208.8696642859693,207.8697349783398,208.4947909708118,10733.925674033077
1781701200,208.4947909708118,209.580232385878,207.4058553229513,207.84048899859695,100125.8450990875
1781704800,207.84048899859695,208.65846248698247,205.81772947745137,206.30045096611616,89936.82765440777
1781708400,206.30045096611616,207.2096751950133,205.75472676801397,206.28533550042616,41905.24624308393
1781712000,206.28533550042616,208.18222787226372,206.28533550042616,207.29968319544224,23822.259301686317
1781715600,207.29968319544224,208.0577254385319,206.9828866331605,207.81500854783093,24045.57327752408
1781719200,207.81500854783093,208.5226447512634,204.89286802326885,206.11914009789933,150110.5377269508
1781722800,206.11914009789933,206.7289060347744,203.68982559790857,205.0164965920941,140222.1688731011
1781726400,205.0164965920941,205.5414630847696,204.2582452017684,204.9431309461455,22441.743447571804
1781730000,204.9431309461455,205.95877835082632,204.7328251174696,205.34535272678133,4847.7345071150885
1781733600,205.34535272678133,206.2554329225328,204.8615122273734,205.6483951422083,8535.980853467914
1781737200,205.6483951422083,206.59707334275436,205.3076502800133,206.47072122720587,15125.752665154349
1781740800,206.47072122720587,207.57949596843005,206.4001039797172,207.2959436910845,31191.02349374005
1781744400,207.2959436910845,208.0041179323914,206.82823240733265,207.35377154380245,13209.807666798277
1781748000,207.35377154380245,207.51826570218972,205.84917392963573,206.84858846152952,12613.150215891636
1781751600,206.84858846152952,207.68191201829865,206.1230016776989,206.37782427627445,5902.698235731546
1781755200,206.80289557548736,206.8345816683696,205.34183074841485,205.8571572054088,22158.08705431039
1781758800,205.8571572054088,206.32466559563997,205.25370123372417,206.21123573347603,7410.658929192134
1781762400,206.21123573347603,206.5408263203173,205.7098887051332,205.86524901818552,12837.756569437552
1781766000,205.86524901818552,207.03844824798523,205.86524901818552,206.69523412428956,11676.13494047174
1781769600,206.69523412428956,207.4849405532716,206.11053205586504,206.50316371330985,16543.848269278296
1781773200,206.50316371330985,207.87896093399328,206.27611345475876,207.45359656748892,15329.79272574188
1781776800,207.45359656748892,207.8596773312497,206.50028058688784,206.9061076023031,24961.287156967806
1781780400,206.9061076023031,207.48482433862145,206.38281240468052,206.4420221287276,21592.674276066147
1781784000,206.4420221287276,207.72804438695368,206.41084761348503,207.65787755927775,20197.268709145355
1781787600,207.65787755927775,209.64214402867617,206.7902064737291,208.11076245965512,164217.57327632167
1781791200,208.11076245965512,210.6827620867004,207.6594306948394,209.11185061644773,117775.07584247754
1781794800,209.11185061644773,210.2047778758391,207.60110887653863,209.0831807145221,57803.48348633643
1781798400,209.0831807145221,211.09046964965708,208.62539823209752,210.20581716879565,53615.97032565649
1781802000,210.20581716879565,210.8461417407537,209.76151897934304,210.41072433309523,23341.658007998
1781805600,210.41072433309523,211.00628538385996,209.4554152154208,210.13222340909508,45705.53143012248
1781809200,210.13222340909508,211.45519541413967,209.140113920088,210.49530365093744,39980.235567923744
1781812800,210.49530365093744,210.9769445605785,209.31461923391032,210.9769445605785,10304.47163759954
1781816400,210.9769445605785,211.5236120912389,209.7326766504368,210.2761020416475,9328.777473561018
1781820000,210.2761020416475,210.9537211080643,210.0707409243113,210.28842399931304,12640.232930400143
1781823600,210.28842399931304,210.6599954900141,209.61001731950407,209.61001731950407,0.1808347406913126
1781827200,209.61001731950407,211.0810783315052,209.61001731950407,210.38131054231653,9701.690155714658
1781830800,210.38131054231653,211.26554281547268,209.5364949151552,209.70832148882508,5548.555517397927
1781834400,209.70832148882508,211.04601781288943,209.5258480365544,210.39879639523323,23060.81481542932
1781838000,210.39879639523323,211.22695328974632,208.57048443734325,209.3040068915649,29626.93101699836
1781841600,209.3040068915649,210.18255395379663,208.7336594308873,208.95285045343397,12579.954632925514
1781845200,208.95285045343397,209.23294387693676,208.04955704115864,209.10009728649257,18531.78371245581
1781848800,209.10009728649257,209.31507516022933,208.74485932192084,209.13027704495804,5848.693956551111
1781852400,209.13027704495804,209.66767492158988,209.00268476555368,209.00268476555368,2568.602063034031
1781856000,209.00268476555368,209.48066500354693,209.00268476555368,209.4587608214948,4686.184848173778
1781859600,209.4587608214948,209.84575171738084,209.16685561675277,209.35457664323124,1188.33103118958
1781863200,209.35457664323124,209.68255290898145,208.54046062644133,208.5757873991398,15460.59929537149
1781866800,208.5757873991398,209.53095123112783,208.24767494088104,209.2959844047707,12708.71770883415
1781870400,209.2959844047707,209.5009382432179,208.56428157984035,209.5009382432179,8754.328472204566
1781874000,209.5009382432179,210.09941220182995,208.70408927863247,209.7443295154416,32050.836006869493
1781877600,209.7443295154416,209.87988144748363,208.97938969521817,209.4461670607742,16612.58232549277
1781881200,209.4461670607742,210.41872564870036,208.8932411593119,209.6827805861047,6071.211473660671
1781884800,209.6827805861047,209.9609796386679,208.38018026562588,209.5513688374775,18266.883298795878
1781888400,209.5513688374775,209.8417627044992,208.55760924339896,209.24321521665945,15461.020236114868
1781892000,209.24321521665945,209.9948583954821,208.8134712113616,208.94786310048053,4117.34760862784
1781895600,208.94786310048053,209.59168413056247,208.73995428874773,208.99902005824376,433.674753204157
1781899200,208.99902005824376,209.9177984527096,208.411741705305,209.0948113292492,5748.597787846302
1781902800,209.0948113292492,209.44424313121044,209.0948113292492,209.44424313121044,35.645187784105744
1781906400,209.44424313121044,209.44424313121044,208.69322194584237,209.0480844940537,16212.460379127291
1781910000,209.0480844940537,209.54862311578907,208.6168918592384,209.1899108223785,1694.454715565209
1781913600,209.1899108223785,209.4811387861696,208.35223744310292,209.4811387861696,3296.456424489529
1781917200,209.4811387861696,209.4811387861696,208.8366032460972,208.92036204745216,2694.464483378912
1781920800,208.92036204745216,209.32268874356168,208.21945395527493,209.01516166701717,9351.202460229071
1781924400,209.01516166701717,209.56511614979465,208.55323008601397,209.11288551325785,21797.4077753224
1781928000,209.11288551325785,209.66755083229788,208.69158448623705,209.17132727240417,5352.361574164311
1781931600,209.17132727240417,210.16399673311324,208.8756405583964,209.89788521419356,23364.139644265208
1781935200,209.89788521419356,209.89788521419356,208.9640038813252,208.9640038813252,1500.801735509463
1781938800,208.9640038813252,210.16890954358243,208.9640038813252,209.3717207471552,3440.664535117615
1781942400,209.3717207471552,209.99006573070176,208.9707091141792,209.84590228606564,5419.28665814529
1781946000,209.84590228606564,210.1029075194392,209.3174521558728,209.48573341541928,5338.180690549283
1781949600,209.48573341541928,210.1755850798663,209.08768322225157,209.46575061821585,5365.397506379043
1781953200,209.46575061821585,210.14648654376148,209.08692977587435,209.12437602529988,3536.9569623237844
1781956800,209.12437602529988,210.8172795293565,209.12437602529988,209.5142975373084,2869.357028052548
1781960400,209.5142975373084,209.9580255015163,209.0434403359028,209.2844770652501,18355.714875510384
1781964000,209.2844770652501,210.03411478663887,208.21735543691608,208.94800469973936,27331.66915076847
1781967600,208.94800469973936,209.93720912136243,208.65934375533615,208.8938885505829,6721.724742092297
1781971200,208.8938885505829,209.4964173697718,208.03048816674576,208.6180763079109,6648.065020080957
1781974800,208.6180763079109,209.55860787493717,208.3087707332356,208.3087707332356,3793.0339132077656
1781978400,208.3087707332356,209.0206632486256,208.2145617248559,209.0206632486256,1773.711870453151
1781982000,209.0206632486256,209.10717239063456,208.1389989138497,208.1389989138497,4546.937015361435
1781985600,208.1389989138497,209.3936638612028,208.1389989138497,208.9711086618263,2374.444840404969
1781989200,208.9711086618263,209.35453592144268,208.90444229558716,209.35453592144268,35.791578550848044
1781992800,209.35453592144268,209.35453592144268,208.1726330017664,209.27549489015396,2734.485015967009
1781996400,209.27549489015396,209.4636399285532,209.04440848894387,209.04440848894387,574.4151499878323
1782000000,209.04440848894387,209.36993747436065,208.6403799394446,209.10248595934613,1114.8148628144445
1782003600,209.10248595934613,209.38489257663517,208.94167577955483,209.38489257663517,67.79287992499552
1782007200,209.38489257663517,209.38489257663517,209.03672310664103,209.03672310664103,64.90727881818495
1782010800,209.03672310664103,209.1208272196658,208.62309141850383,209.09391408274695,2961.9130245439605
1782014400,209.09391408274695,209.7453375657745,208.85077918354568,209.37226263142176,1375.0010450900177
1782018000,209.37226263142176,210.03554646258516,209.03619867263023,209.4188703160405,2136.468212900042
1782021600,209.4188703160405,209.4188703160405,208.6917507759382,208.8361547106967,969.1870571126318
1782025200,208.8361547106967,209.61578205440776,208.8361547106967,209.22043656073885,568.8866283281972
1782028800,209.22043656073885,209.60100558904173,208.49234245020816,208.49234245020816,2457.524009296439
1782032400,208.49234245020816,209.30511898743427,208.49234245020816,208.74803845238415,5622.325232586537
1782036000,208.74803845238415,209.64083730297443,208.74803845238415,209.45108268150415,2515.3891916633247
1782039600,209.45108268150415,209.7621887317169,208.7895706372477,209.01466495798823,5301.568743857303
1782043200,209.01466495798823,209.6589200217978,208.3928035303064,208.9164396959714,11768.200876897808
1782046800,208.9164396959714,209.66856416169767,208.82435206300343,209.25534562142985,1714.3283753045123
1782050400,209.25534562142985,209.25534562142985,208.83739578855037,208.83739578855037,19.9326731946944
1782054000,208.83739578855037,209.9734125687082,208.83739578855037,209.6490857006197,3520.702556336551
1782057600,209.6490857006197,209.6490857006197,208.90821816058724,209.1885921066254,2382.1771023584693
1782061200,209.1885921066254,209.60219586952653,208.5346205594962,208.6291247287651,11494.389297580365
1782064800,208.6291247287651,210.02213846440748,208.58518800093805,209.00544207648653,10896.327712309088
1782068400,209.00544207648653,209.61051686257676,209.00544207648653,209.40125591655595,13250.86220634156
1782072000,209.40125591655595,209.82531984302736,208.60443066433095,209.52834858482095,37817.992499956505
1782075600,209.52834858482095,209.52834858482095,208.56566543352216,209.3718033426593,47044.03998742293
1782079200,209.3718033426593,209.9990820433485,208.40388645612552,208.40388645612552,10989.417525443614
1782082800,208.40388645612552,209.2729870729644,208.04174540759783,208.28428297632132,17426.16421526356
1782086400,208.28428297632132,208.95259754308728,207.63483730682037,208.79296546571092,42873.734849951376
1782090000,208.79296546571092,209.4767374730316,207.96151629568408,208.72329333985004,40204.28674857815
1782093600,208.72329333985004,209.50784023477524,208.72329333985004,209.3610981915672,4990.719988731227
1782097200,209.3610981915672,209.68105968483516,208.36767133509207,208.8460745246065,17515.696576699487
1782100800,208.8460745246065,209.82355765601272,208.28246690894704,209.0030088356451,63365.37675643356
1782104400,209.0030088356451,209.6883746677678,208.4588154279212,209.5351271739237,6581.178323029674
1782108000,209.5351271739237,210.29479779027864,209.5351271739237,210.22498261563013,7582.109923413778
1782111600,210.22498261563013,210.69653060144984,209.1627981196046,210.2900297533916,9408.832706869329
1782115200,210.2900297533916,210.5576624371205,209.12677818456004,210.24754420108576,22876.05123985377
1782118800,210.24754420108576,210.24754420108576,209.3682268829064,209.3682268829064,4717.680174603194
1782122400,209.3682268829064,210.5406812493849,208.6049207667563,209.678072799244,338634.4908102704
1782126000,209.678072799244,210.7094587833633,209.678072799244,210.1209646302273,18735.497789550314
1782129600,210.1209646302273,210.86536966570952,210.1209646302273,210.22806640730656,14761.803954290386
1782133200,210.22806640730656,214.07669820360263,210.22806640730656,212.373895850242,167029.8216592587
1782136800,212.373895850242,214.4291277787054,208.80360142287304,209.0625116661909,151505.99000516426
1782140400,209.0625116661909,211.0716518048121,208.5238150670249,209.40312107475577,48225.99808551403
1782144000,209.40312107475577,210.33411036766103,208.6131558333856,209.8700600632059,26275.362446850908
1782147600,209.8700600632059,209.8700600632059,208.25073071085336,208.9084935421372,13971.33784718552
1782151200,208.9084935421372,209.31935134010763,208.444232796732,208.920325637943,11516.57897479358
1782154800,208.920325637943,209.4489049563116,207.57160438125297,208.5399774707672,35233.81664192905
1782158400,208.5399774707672,209.24621695389632,207.74653701912507,207.74653701912507,17848.677694771202
1782162000,207.74653701912507,208.84288378637467,207.74653701912507,208.3132639509797,1301.0629658865168
1782165600,208.3132639509797,208.3860055039364,207.3823279019481,207.93164338923123,5577.099730616807
1782169200,207.93164338923123,207.93364625841383,207.8917982570698,207.8917982570698,881.5499383675087
1782172800,207.8917982570698,208.382776583403,207.6891455492152,208.382776583403,20109.494209088283
1782176400,208.382776583403,208.60393368215375,206.91783998855,206.91783998855,23794.998933231986
1782180000,206.91783998855,207.02461589163832,206.0313953745648,206.3654997680881,10156.042375362964
1782183600,206.3654997680881,206.9407200897404,205.66570192454475,205.94179218135923,20030.50304829173
1782187200,205.94179218135923,206.64844732208545,204.86068231617995,205.44712760003384,41056.89984942445
1782190800,205.44712760003384,205.82903287490268,204.24443378290192,204.93180600849132,9993.588558910316
1782194400,204.93180600849132,205.447008791956,202.72997805819804,202.88707079747596,40808.99029059419
1782198000,202.88707079747596,203.47149093479385,202.16354860512087,202.4965986423204,57064.93522723173
1782201600,202.4965986423204,204.2420296961595,201.7233100255659,202.42241485705867,50437.862866483934
1782205200,202.42241485705867,203.13148363024428,201.7640560411224,202.7033915692924,16091.728990798169
1782208800,202.7033915692924,203.68865785845983,201.872834816112,202.84982179984257,22608.53179506389
1782212400,202.84982179984257,204.6174870216974,202.0852361461017,203.99125170533696,32535.889672716414
1782216000,203.99125170533696,204.74689316774885,202.4884902760133,203.2045897286637,99164.16563669416
1782219600,203.2045897286637,203.67060996071768,200.22036030948283,203.33241341147533,164931.00921231744
1782223200,203.33241341147533,203.73046700615416,202.0036171497811,202.497522159366,63655.20405705719
1782226800,202.497522159366,202.83317192060352,200.63762710254835,202.03695995398,74097.8719160755
1782230400,202.03695995398,203.39498667551837,201.18705127526005,202.2401249370274,36321.07785727653
1782234000,202.2401249370274,203.9261184766,201.54263869966755,201.63850409500327,29462.51251709217
1782237600,201.63850409500327,202.58158256339868,199.63546965478565,199.63546965478565,25532.532732140477
1782241200,199.63546965478565,201.80244388758933,199.63546965478565,200.54915792000804,55267.756716430245
1782244800,200.54915792000804,201.15581548214797,199.94165070377116,200.50875963569592,8089.145127683687
1782248400,200.50875963569592,202.09996902113025,200.3494430116104,201.57902106925457,4645.03687432749
1782252000,201.57902106925457,202.00175793685304,200.26038603516307,200.7650158093248,17158.356698617423
1782255600,200.7650158093248,201.55427638281935,200.10208688421756,201.42960385441043,11787.799431320404
1782259200,201.42960385441043,202.3725419565521,200.61623076285397,202.2192720140804,25225.156232522484
1782262800,202.2192720140804,202.4226576396568,200.9658213401147,201.7886644022789,11567.52438079027
1782266400,201.7886644022789,202.0110495149601,200.4117753107094,200.5816368935811,18055.558904602527
1782270000,200.5816368935811,201.72112043691843,200.52952761406436,201.72112043691843,20706.37499934143
1782273600,201.72112043691843,201.8200367878164,200.4430771449527,200.95317700942832,30260.485224528147
1782277200,200.95317700942832,201.88663634131464,200.72206100769407,201.4300110012605,7044.197509817382
1782280800,201.4300110012605,202.27458456268323,201.31696357410704,201.8574707056891,12433.656248790365
1782284400,201.8574707056891,201.8574707056891,201.02605415726688,201.28105811782817,9787.443298025231
1782288000,201.28105811782817,202.04877750011596,200.79231205900567,201.775304607305,12664.897617078555
1782291600,201.775304607305,202.39114929362816,199.73442293726495,201.0910171435168,52426.86117080446
1782295200,201.0910171435168,201.944110422547,201.0910171435168,201.8620242707291,1999.5183621203048
1782298800,201.8620242707291,202.4656995394854,200.62698889701616,201.9306797459587,20618.55890960958
1782302400,201.9306797459587,201.9306797459587,201.00293661176948,201.22295715355136,8095.574951220956
1782306000,201.22295715355136,202.26652736006795,199.31338688679455,200.5455360791606,289616.035103959
1782309600,200.5455360791606,201.5092802897176,198.72607252123788,201.052757391429,202799.64173172
1782313200,201.052757391429,202.20165469217656,200.4533234195994,200.982041003115,41288.95561902469
1782316800,200.982041003115,201.2361849900537,199.25541446884756,199.7085596694753,62920.374013047134
1782320400,199.7085596694753,199.8695361323102,197.35613595727503,197.42523575280927,237295.29326145395
1782324000,197.42523575280927,198.926488493702,197.06498892998988,197.48277852434663,146698.93310836962
1782327600,197.48277852434663,198.9701573988245,196.8739141285418,198.93581794270827,215514.7804286626
1782331200,198.93581794270827,201.16020058159827,198.01864728043668,200.81337495782967,182196.343702481
1782334800,200.81337495782967,200.97580733481817,199.98737248920003,200.139116514324,33447.33008206602
1782338400,200.139116514324,201.14328627802544,199.83538657832648,199.89492226718133,30879.04628512506
1782342000,199.89492226718133,200.87564378737503,199.89492226718133,200.4710469792064,28510.302612126285
1782345600,200.4710469792064,200.93793501602613,200.11555775924955,200.6430850342744,26907.84467466067
1782349200,200.6430850342744,200.6430850342744,199.66196028904025,199.72514094957216,9740.023459687169
1782352800,199.72514094957216,200.55024769572003,199.594594993704,200.24177943424192,43117.31252224113
1782356400,200.24177943424192,200.5598423346951,199.41239547959395,200.5368364919438,16491.053496715176
1782360000,200.5368364919438,200.5368364919438,199.80446756724976,199.83067476046745,8267.418371920536
1782363600,199.83067476046745,200.75791850084343,199.5971027391465,200.4758794270856,17913.510683390337
1782367200,200.4758794270856,201.31691066442292,200.2180567816776,200.34919108989823,15957.194297606811
1782370800,200.34919108989823,201.53736773961265,200.3076124581136,201.08686173923488,14848.725647245295
1782374400,201.08686173923488,202.3846417577048,201.08686173923488,201.6680388283601,13843.56979162587
1782378000,201.6680388283601,202.40345648752043,201.6680388283601,201.8329170187104,12419.914626571106
1782381600,201.8329170187104,202.06778298559664,200.92153337136315,200.92153337136315,17526.440757427772
1782385200,200.92153337136315,201.8718409156878,200.6203849888428,200.80018371140463,11772.280707171616
1782388800,200.80018371140463,202.1625906432772,199.74600376761475,202.1625906432772,22356.62025001247
1782392400,202.1625906432772,202.1954477177272,192.3373408416255,192.3373408416255,379680.46391127113
1782396000,192.3373408416255,196.48172466190525,190.34028464970956,195.51511172589488,198061.37004482283
1782399600,195.51511172589488,197.02324889965965,194.7631818302482,195.32133278681425,100723.1330224638
1782403200,195.32133278681425,197.60604501897103,194.52502050384427,194.7388089701582,91309.0171631584
1782406800,194.7388089701582,195.9291647745769,194.44598299229727,194.63614408514636,63738.09972852711
1782410400,194.63614408514636,196.16560093845803,194.0107419269725,194.11680356444103,70487.937323679
1782414000,194.11680356444103,195.8372906730074,193.80068597571127,195.30989223813057,48462.54238908314
1782417600,195.30989223813057,196.64102748019292,195.1303348344665,195.1303348344665,54907.26460648656
1782421200,195.1303348344665,195.5498495723723,195.0155547031252,195.5498495723723,6852.841553850515
1782424800,195.5498495723723,195.6447470799708,194.0480481666018,194.9187435498769,21668.53746943163
1782428400,194.9187435498769,195.94815919022764,194.3632839246608,195.04475404694583,31733.332643691065
1782432000,195.04475404694583,195.21269752763263,194.5342653455768,194.87929907018295,18986.53054592212
1782435600,194.87929907018295,194.91367166259255,192.5341661780033,193.13150541551687,36657.73271800679
1782439200,193.13150541551687,194.1254727933859,191.40838072260723,191.5763871055903,72729.66049286124
1782442800,191.5763871055903,193.71364692200933,190.80780409875783,193.23015373599148,47693.34556742279
1782446400,193.23015373599148,193.65690084416173,191.1706623376845,191.5495220553749,31200.893458510487
1782450000,191.5495220553749,192.8477778116375,191.30269716746892,192.1911456551833,26056.48055805653
1782453600,192.1911456551833,193.1516353557942,190.6772552811015,192.7133928021362,27607.99312147121
1782457200,192.7133928021362,194.50453647736464,192.65777182068155,193.6010707909571,24087.464840936973
1782460800,193.6010707909571,194.1128931999232,193.0110122548184,193.1300252647029,38378.372897400695
1782464400,193.1300252647029,194.2208503562957,192.69896980927348,193.579692035012,28704.52958939512
1782468000,193.579692035012,194.2889001888184,193.43765367593312,193.99030205371312,4890.079554603357
1782471600,193.99030205371312,194.10581616965607,193.254725637768,193.6056951582957,10575.749891443687
1782475200,193.6056951582957,193.9844796256726,192.06258101639523,192.89809194281983,28758.42556843653
1782478800,192.89809194281983,194.39355239748855,190.89225409052492,193.79095414579908,190134.43699306983
1782482400,193.79095414579908,194.79628407475076,192.69966761633188,193.102142656845,105661.9766873893
1782486000,193.102142656845,195.3861456367196,192.5203338471002,194.1216584433788,84288.46196874758
1782489600,194.1216584433788,195.468595180247,192.9345374519091,194.594270704014,17336.547893002604
1782493200,194.594270704014,195.74670196410875,193.92854633295727,195.0711952946921,41903.752893278186
1782496800,195.0711952946921,195.337282840018,193.601479255363,193.90567867463483,34501.12461146033
1782500400,193.90567867463483,195.64778525413,192.3103755079721,192.4832375876678,85664.34544262674
1782504000,192.4832375876678,193.7619346887897,191.66193025557428,192.8778711022101,58679.64158035181
1782507600,192.8778711022101,192.96118030940204,192.163067550566,192.163067550566,1360.5423276035526
1782511200,192.163067550566,193.24244701705763,191.9216947834665,193.09179228273925,9176.905260547464
1782514800,193.09179228273925,193.21370664658917,192.23648066957315,192.50109012556524,15935.663604636908
1782518400,192.50109012556524,193.4450805292525,191.99053468803655,192.80250536401007,5657.720368439022
1782522000,192.80250536401007,193.62198425356544,192.80250536401007,193.20559724637275,1669.9602964189032
1782525600,193.20559724637275,193.64343336646243,192.78301466188057,193.64343336646243,6571.139185560155
1782529200,193.64343336646243,194.2322899189714,193.64343336646243,194.2322899189714,1084.4035364332806
1782532800,194.2322899189714,194.2322899189714,193.29987407432765,193.74027924392823,439.2280455924499
1782536400,193.74027924392823,194.34291770401268,192.83122153157916,192.83122153157916,3552.091815502564
1782540000,192.83122153157916,194.17384756524532,192.80956582425557,194.11400086800643,3579.753468711385
1782543600,194.11400086800643,194.11400086800643,193.4544190945508,193.4544190945508,1443.051970872099
1782547200,193.4544190945508,193.67051133775027,193.42493079783725,193.42493079783725,3248.018215498448
1782550800,193.42493079783725,193.80149468192965,193.16239587232383,193.16239587232383,4491.703873612781
1782554400,193.16239587232383,193.63473748091684,193.06518194719155,193.14687743843035,2842.0276715688838
1782558000,193.14687743843035,193.99941740502064,193.14687743843035,193.99941740502064,325.18425272817217
1782561600,193.99941740502064,193.99941740502064,192.97259844712093,192.9894160986832,1280.5180693522384
1782565200,192.9894160986832,194.53808804713952,192.9894160986832,194.5053116475775,10804.347124037931
1782568800,194.5053116475775,194.5053116475775,193.1927841440136,193.88611723779783,1882.7525736326395
1782572400,193.88611723779783,194.38142013040567,193.7449574328499,194.2107725322357,4545.597443128209
1782576000,194.2107725322357,194.2107725322357,193.74730426667224,193.941131096061,1732.0030686199211
1782579600,193.941131096061,194.22140361504984,193.27051364741615,194.0944516174364,6847.314341665158
1782583200,194.0944516174364,194.0944516174364,193.5961009791787,193.5961009791787,1870.6662330998936
1782586800,193.5961009791787,194.3500249137671,192.87914585965896,192.87914585965896,1913.1383140552607
1782594000,192.87914585965896,194.01594737696325,192.87914585965896,193.7216623941882,3418.621624381754
1782597600,193.7216623941882,194.3005709333457,193.01576597451648,193.4096194594049,2936.5317815265657
1782601200,193.4096194594049,193.8652475831054,193.04216374175488,193.24970806705096,302.34646977095326
1782604800,193.24970806705096,193.27344550220815,192.79096423395583,193.12600257506003,113.0100420632274
1782608400,193.12600257506003,193.3534625874404,192.67028653167844,192.8918185487969,4686.312274428461
1782612000,192.8918185487969,193.2061346697052,192.8918185487969,193.02480458226768,474.07876186502864
1782615600,193.02480458226768,193.4731926575205,193.02480458226768,193.42966948077856,1203.2529348733915
1782619200,193.42966948077856,194.07627496547445,193.1025599816958,193.1632438509907,3665.486013531524
1782622800,193.1632438509907,193.659551536974,193.1632438509907,193.25753502586355,736.7519841658395
1782626400,193.25753502586355,193.81847196156843,192.7272779219088,193.1916402765772,17868.299720140407
1782630000,193.1916402765772,194.18207624356984,192.8217682161507,193.47292064277536,6976.77933577718
1782633600,193.47292064277536,195.00757644050785,193.3693966989846,195.00757644050785,10041.354242765396
1782637200,195.00757644050785,195.00757644050785,193.88810800467311,194.0705638423316,8986.267553756348
1782640800,194.0705638423316,194.0705638423316,192.894497900756,192.894497900756,6167.4028688080725
1782644400,192.894497900756,193.97540278975828,192.894497900756,192.9526682478175,4207.465874877229
1782648000,192.9526682478175,194.0887956643321,192.594748860983,193.74682013428213,5668.0263085947845
1782651600,193.74682013428213,193.92051557601587,192.8919647448268,193.6891912334083,2944.775208048848
1782655200,193.6891912334083,194.18241280368744,193.0464267643672,193.7727902901833,13083.20457776102
1782658800,193.7727902901833,194.035786451651,193.11118800263185,193.38514050734085,15304.717453042287
1782662400,193.38514050734085,194.017432369682,193.0527673942,193.1949181620565,3838.823874946565
1782666000,193.1949181620565,193.9146425857592,192.84819763250755,192.97521043264345,1447.6728150450576
1782669600,192.97521043264345,193.65368925189145,192.97521043264345,193.3354268859773,1268.7580032606045
1782673200,193.3354268859773,194.06292001761517,192.45792856541212,192.57641848785,2033.4775639639813
1782676800,192.57641848785,194.05085538088687,192.57641848785,193.6428516189303,2561.927669804232
1782680400,193.6428516189303,193.9390742044283,193.1052482637841,193.5438446582866,3984.079766158787
1782684000,193.5438446582866,195.53162895463092,193.1307594340504,194.12394930724855,52792.4807515402
1782687600,194.12394930724855,195.2972353939652,193.9374603087008,195.2972353939652,33102.01844570744
1782691200,195.2972353939652,195.59199808557247,192.34182975048213,193.69844762533728,116777.89252593512
1782694800,193.69844762533728,193.9265352560256,192.5163228363606,193.12522224110592,21472.95033333766
1782698400,193.12522224110592,193.69977526030405,192.1543677939113,193.15926771854828,19007.872625058
1782702000,193.15926771854828,193.9465841837615,192.4265542878245,193.68142076727412,16652.37870833744
1782705600,193.68142076727412,194.2373747228602,193.2337003721668,194.2373747228602,2816.6429677496267
1782709200,194.2373747228602,194.54913524053725,193.2820581268468,194.25313119336755,29720.95756766761
1782712800,194.25313119336755,195.4578406320668,193.6454588328036,194.66672254422497,15311.33041556943
1782716400,194.66672254422497,195.25640181346947,194.0719480312477,194.61670225488152,24117.712997723254
1782720000,194.61670225488152,195.4791841607093,194.5146602932997,194.99271115611143,17235.774792637007
1782723600,194.99271115611143,195.3751063533053,193.99636456157063,194.47571887202423,13292.028680537014
1782727200,194.47571887202423,194.91495651941065,193.97959286402343,194.77700861027824,7508.731239003669
1782730800,194.77700861027824,195.29362511451825,193.94648161976096,194.69286376656245,25070.924523216025
1782734400,194.69286376656245,195.1717345935349,193.68338058170025,194.1780689348536,21040.13449951717
1782738000,194.1780689348536,196.46629253391896,191.7930159477361,193.34383601437287,314477.22518140834
1782741600,193.34383601437287,195.40416116324036,189.79570755937056,194.2466373132732,236711.6629065127
1782745200,194.2466373132732,195.50646516107585,193.27474355897752,194.0554208709137,98702.58729057536
1782748800,194.0554208709137,195.0661334576946,192.52426721190025,193.54721213927488,35898.89071735843
1782752400,193.54721213927488,195.38810326436047,192.85033636776328,194.22526275765676,65241.53402901961
1782756000,194.22526275765676,194.5593496788244,193.58564059405532,194.0308062135729,8835.459996298836
1782759600,194.0308062135729,195.08868499095016,193.6178738843394,195.0003377320686,29432.34007330613
1782763200,195.0003377320686,195.42775086635197,194.6949792171575,194.6949792171575,5274.445398006668
1782766800,194.6949792171575,195.31018577509315,194.603523938526,195.056487889494,1775.213114279048
1782770400,195.056487889494,195.64149204327515,194.7215300411368,195.2393835194825,4937.419202781022
1782774000,195.2393835194825,195.71912497050536,194.77903164582315,195.4023087001007,10589.712603394411
1782777600,195.4023087001007,196.0920018318692,194.06501904160123,194.8131755479748,34102.54624807817
1782781200,194.8131755479748,195.46695683716248,194.24742932492177,194.81592509558084,19359.938773231588
1782784800,194.81592509558084,195.5719355022622,194.3088540342798,195.5719355022622,22321.88778260546
1782788400,195.5719355022622,195.77778649877595,194.88638909950168,195.77176001343335,13865.544342296964
1782792000,195.77176001343335,196.4519013414473,195.3729864933655,196.2126071670386,9159.597511575304
1782795600,196.2126071670386,196.2126071670386,195.32451016347352,195.75366798927888,17686.57683611255
1782799200,195.75366798927888,195.75366798927888,194.5723782374004,195.17986020578527,10935.592615930556
1782802800,195.17986020578527,195.88838122578056,195.11223678756383,195.55897099905616,11931.655933339802
1782806400,195.55897099905616,195.80835162000315,194.9176947742912,195.01471072057484,31194.43810420493
1782810000,195.01471072057484,195.11411866015328,194.76723186803676,195.11411866015328,11984.695288630392
1782813600,195.11411866015328,196.29171831149876,195.11411866015328,195.99914930479875,22344.04024670228
1782817200,195.99914930479875,198.26024413707583,195.9453493843513,197.32727634798837,72113.45929437432
1782820800,197.32727634798837,197.55840610915567,195.95109372605256,196.41461098561493,45417.43967363904
1782824400,196.41461098561493,199.081254642024,195.17738772018976,197.3055489301582,385646.9794308284
1782828000,197.3055489301582,199.3812498786316,196.2309372382448,196.2309372382448,245320.8502518508
1782831600,196.2309372382448,199.22687995816375,196.2309372382448,198.67099550785755,86898.4358032397
1782835200,198.67099550785755,198.9863838954357,197.4634401926675,198.0691734911608,88386.60866721427
1782838800,198.0691734911608,198.99034571973408,197.9317507709997,198.5386449680635,26667.007009148987
1782842400,198.5386449680635,199.87785055865416,197.89011700320808,198.84974795309185,60390.936632124576
1782846000,198.84974795309185,200.98663596189016,198.35716402529667,199.36330144638595,96112.10637276732
1782849600,199.36330144638595,200.69270955933783,199.1051468786301,199.9430803679793,27477.147340417283
1782853200,199.9430803679793,200.1819458565548,199.13148169076453,199.36489890669927,3970.377524647263
1782856800,199.36489890669927,200.4836550993222,198.92682338610007,199.0410422311016,11127.08601425374
1782860400,199.0410422311016,199.90965668261612,199.0410422311016,199.08456624282496,2984.637209037032
1782864000,199.08456624282496,199.8288650258287,199.08456624282496,199.5018490619373,9149.910018501305
1782867600,199.5018490619373,200.0802997470049,197.86765793403305,198.51483866046595,22749.721001735983
1782871200,198.51483866046595,198.85801259963685,197.35871388932077,198.85801259963685,25603.792913346373
1782874800,198.85801259963685,199.3151535376291,197.5873206800168,198.56374682112352,13397.235104514342
1782878400,198.56374682112352,199.30437064783,198.36793647184408,198.9459582200595,3771.2038009031385
1782882000,198.9459582200595,198.9459582200595,198.5116712760073,198.5418235899845,5048.608731280639
1782885600,198.5418235899845,198.5418235899845,197.44908991762424,197.7204792480189,13904.168928028474
1782889200,197.7204792480189,198.56635281092105,196.9302701747412,198.56635281092105,32360.81558659948
1782892800,198.56635281092105,198.81395104830943,197.46697747795304,198.26101550819575,21009.15389412759
1782896400,198.26101550819575,198.97665115795692,198.26101550819575,198.3518743162187,26340.16976906597
1782900000,198.3518743162187,199.545930968818,198.3518743162187,199.00951767002397,12250.274834831576
1782903600,199.00951767002397,199.80780365394108,198.5769556917864,198.5769556917864,31307.084773850816
1782907200,198.5769556917864,199.0220231176578,194.46053820740016,195.62966179551705,162374.90164162416
1782910800,195.62966179551705,201.2688103384026,193.684695047421,195.2592815350843,566880.6456762009
1782914400,195.2592815350843,197.34462728445376,194.5232403339137,195.32428314997384,142828.7678095374
1782918000,195.32428314997384,197.57038781932656,195.32428314997384,196.83656232863987,69125.37199377635
1782921600,196.83656232863987,198.90959381880305,196.43569497942244,197.2411210520557,36794.71630233609
1782925200,197.2411210520557,199.49505913557283,197.05309046102184,199.49505913557283,61114.76114770634
1782928800,199.49505913557283,199.49505913557283,197.60525191873705,198.5369092612061,32907.326838798785
1782932400,198.5369092612061,200.13525936842703,197.82685696351837,197.82685696351837,119006.4237755284
1782936000,197.82685696351837,198.1043826620537,197.17128299835855,197.42556386693283,26588.83205591611
1782939600,197.42556386693283,198.29387688083585,196.83537162659368,198.08432283708572,12097.677500928472
1782943200,198.08432283708572,198.55716086259355,196.9981184764784,197.88532269593892,12297.43417697742
1782946800,197.88532269593892,198.06364602092145,197.142338235616,197.44420365964828,11804.543809523368
1782950400,197.44420365964828,197.78715740603,195.84490815388287,197.46073138305263,78510.60063399475
1782954000,197.46073138305263,199.13231812025745,197.46073138305263,198.45864381381543,30640.470297126616
1782957600,198.45864381381543,198.8653954429464,198.04407119570143,198.52483217481844,8863.88574311445
1782961200,198.52483217481844,198.52483217481844,197.2253628880727,198.276605052824,18878.48506255689
1782964800,198.276605052824,198.38372638093315,197.23961074765265,197.88707872752207,35230.49166425796
1782968400,197.88707872752207,198.3482305825506,197.59483957663403,197.7195349299076,11008.673702895008
1782972000,197.7195349299076,198.01041065417516,196.1286706395824,196.5439654605497,46057.268545604
1782975600,196.5439654605497,196.77189854896,195.37912728780375,195.79997911994045,46873.54120249057
1782979200,195.79997911994045,196.04833653869565,194.61618500535303,195.6287375180886,39935.03236737389
1782982800,195.6287375180886,196.66727979869532,195.0504108039359,195.84929670284245,13226.121245707622
1782986400,195.84929670284245,196.19166299761216,195.2453790577184,195.28810316888928,14359.599764236713
1782990000,195.28810316888928,197.23478019040107,195.28810316888928,196.80150810664531,24662.988174728285
1782993600,196.80150810664531,199.3131123328048,196.80150810664531,197.94209206183316,90283.52356430046
1782997200,197.94209206183316,199.30632085962355,196.93796285145348,198.976798232897,228271.71199532857
1783000800,198.976798232897,200.35424188932663,195.16955390915544,195.95730645061727,309117.3792609855
1783004400,195.95730645061727,196.5344331817596,193.89986100458185,194.85187328210063,142875.29514595435
1783008000,194.85187328210063,194.87571588438047,192.86774741860725,192.86774741860725,68562.30805503337
1783011600,192.86774741860725,193.76575945538409,192.60479225933057,192.95726744332228,41189.90325875795
1783015200,192.95726744332228,194.3726567260533,192.81337152998665,193.64046086761127,68297.6888397342
1783018800,193.64046086761127,195.44857888751343,192.91204561940748,194.91057479826063,69373.45843507981
1783022400,194.91057479826063,195.5314517436944,194.4179247672712,194.6542349180562,13757.148897212566
1783026000,194.6542349180562,195.05403150276723,193.9024180201335,194.1835689460114,20016.030005480417
1783029600,194.1835689460114,195.09681116900876,194.1835689460114,194.5224890763981,4407.08707740788
1783033200,194.5224890763981,194.7587600143924,194.29773670664585,194.3321639924319,4160.02958869873
1783036800,194.3321639924319,194.85591590962747,194.0092416121736,194.85591590962747,9789.624111124303
1783040400,194.85591590962747,195.35959614603,194.00716297199347,195.16737437103188,75656.94578568524
1783044000,195.16737437103188,195.79243604697805,195.16737437103188,195.3986476080491,8156.951070877824
1783047600,195.3986476080491,195.60706169402468,194.90439757111704,194.98890388472745,11697.193061811826
1783051200,194.98890388472745,196.25367579196867,194.98890388472745,196.25367579196867,19077.60811268185
1783054800,196.25367579196867,196.3335216508981,195.92373775947712,196.22739735490592,8179.764328299487
1783058400,196.22739735490592,196.62752215866087,195.74855093633727,195.74855093633727,19953.86175550904
1783062000,195.74855093633727,196.10956363559544,195.7047850029205,196.10956363559544,6773.661250864666
1783065600,196.10956363559544,196.81444856512235,195.82230954381805,196.81444856512235,12624.851572861562
1783069200,196.81444856512235,196.83922323044703,195.97208073962244,196.46598912232625,41016.31382829821
1783072800,196.46598912232625,196.948399174644,195.86760716017008,196.49414107212337,23935.709050331065
1783076400,196.49414107212337,197.86470626247385,196.04789740703777,196.09407002998068,10668.421035101002
1783080000,196.09407002998068,197.52215576768117,196.08557501648104,197.48769272592224,9628.215754029898
1783083600,197.48769272592224,197.70092255862937,195.57497676727556,197.6573617228692,13135.050836492805
1783087200,197.6573617228692,197.6573617228692,196.09731095949004,197.1970878639796,7913.8251126472605
1783090800,197.1970878639796,197.5324222102178,196.1206585891704,197.4866053481812,928.1550226994738
1783094400,197.4866053481812,197.4866053481812,196.11675124623463,196.50324048964725,2245.8140569490483
1783098000,196.50324048964725,196.9274922590604,195.7660157871913,195.8224914404821,7347.564637998608
1783101600,195.8224914404821,197.4079545115385,195.8224914404821,196.4980488225155,12521.45815883847
1783105200,196.4980488225155,196.5800390342256,195.65566348760711,196.4767623935888,1975.9560595995613
1783108800,196.4767623935888,196.9928843383868,195.99617993045385,196.7346404489234,14904.877441735243
1783112400,196.7346404489234,197.1109597056252,196.061765178788,196.061765178788,10940.674470699008
1783116000,196.061765178788,196.34763979242572,194.387232154828,195.97042986899675,5863.904609115166
1783119600,195.97042986899675,196.6503344200085,195.57136419687,195.57136419687,15133.127358983787
1783123200,195.57136419687,195.93643099975856,195.57136419687,195.93643099975856,1182.6663042230498
1783126800,195.93643099975856,196.18006434450925,195.9259559778153,196.1647227643516,3132.842002948704
1783130400,196.1647227643516,196.89740564680775,196.1647227643516,196.89740564680775,4468.232371450936
1783134000,196.89740564680775,197.15280300247557,195.9766830942763,197.15280300247557,2942.7089291098523
1783137600,197.15280300247557,197.15280300247557,196.4520652614939,196.4520652614939,334.24704657622937
1783141200,196.4520652614939,196.9417724545936,196.2845702875093,196.2995676488342,1477.6147597708366
1783144800,196.2995676488342,197.5287733818172,196.0072669434212,196.8543303541588,1903.902871084303
1783148400,196.8543303541588,197.05953884040733,196.0837525797872,196.0837525797872,3765.135585297693
1783155600,196.0837525797872,197.08521201652,196.0837525797872,197.04939845741137,1957.7643990544575
1783159200,197.04939845741137,197.3787709645,196.85031766990147,197.15902197030877,2425.0426748399
1783162800,197.15902197030877,197.15902197030877,196.33993362703356,196.33993362703356,168.7600454798501
1783166400,196.33993362703356,197.19021359449928,196.33993362703356,196.78162292171535,437.4271306004569
1783170000,196.78162292171535,196.8624014290844,195.99185601547472,196.26360203631253,1463.9751501078797
1783173600,196.26360203631253,197.1277172981831,196.26360203631253,196.95856011265255,1468.2061640247102
1783177200,196.95856011265255,197.1050541935508,195.97387384638003,196.6831406243848,954.7738283274496
1783180800,196.6831406243848,196.6831406243848,195.96110228437968,195.96775120997745,1218.5299287093703
1783184400,195.96775120997745,197.22865607408608,195.96775120997745,196.6948836274435,7210.231547898299
1783188000,196.6948836274435,197.4132927640925,196.6948836274435,197.4132927640925,88.10143531600903
1783198800,197.4132927640925,197.4132927640925,196.32469886768507,196.81049830419647,2573.351044860264
1783202400,196.81049830419647,197.05443458930208,196.81049830419647,196.9411266773468,2430.2533926898423
1783206000,196.9411266773468,197.0902358040641,196.79953737147764,196.8241827505186,4873.054161772291
1783209600,196.8241827505186,197.4776230128348,196.47324299692636,197.1126240066782,9410.733508652993
1783213200,197.1126240066782,197.29808092618512,196.8064276897152,197.1566002354135,76.5818235375791
1783216800,197.1566002354135,197.51100770514716,197.11133397869517,197.44881890891216,3206.015627376009
1783220400,197.44881890891216,197.44881890891216,196.9492759315872,196.9492759315872,3113.6511959310974
1783224000,196.9492759315872,197.05834851422372,196.6749298816132,196.90356550769647,242.0158542748333
1783227600,196.90356550769647,197.85910267358744,196.90356550769647,197.62854486369517,22975.63782681076
1783231200,197.62854486369517,197.62854486369517,196.87069486429763,197.44743594991743,4419.518019253117
1783234800,197.44743594991743,197.9453045380837,197.09737843927448,197.09737843927448,1495.5176142744012
1783238400,197.09737843927448,197.83440495762545,197.09737843927448,197.83440495762545,175.0973066875658
1783242000,197.83440495762545,197.83440495762545,196.7868545591696,197.22551191609224,12563.742359359314
1783245600,197.22551191609224,197.22551191609224,196.78007748053923,196.8010388888997,8560.683552525663
1783249200,196.8010388888997,197.8478687341404,196.8010388888997,197.8441337761104,2981.3622881569554
1783252800,197.8441337761104,197.9587162718169,196.9883391243417,197.92946865220267,7396.366893550816
1783256400,197.92946865220267,198.07735081338728,196.98113658352327,196.98113658352327,1666.6459249480413
1783260000,196.98113658352327,197.97634471136152,196.9443534075568,197.4264786902158,9701.865151254846
1783263600,197.4264786902158,198.02656100703683,197.4264786902158,197.55341643902065,3983.851921283837
1783267200,197.55341643902065,197.55341643902065,197.5268914405635,197.5268914405635,400.1958918062089
1783270800,197.5268914405635,197.9747909246105,197.5268914405635,197.94158906909905,2311.323010113136
1783274400,197.94158906909905,198.03205407187457,197.80338662019008,197.82906224988645,1856.96408488924
1783278000,197.82906224988645,197.96920619447263,197.82906224988645,197.96920619447263,841.0653366405272
1783285200,197.96920619447263,198.14794989176195,197.11861289098405,197.89810976969343,2876.157961699974
1783288800,197.89810976969343,198.1398093860457,197.25126376904137,197.8867306499097,12394.952546575854
1783292400,197.8867306499097,199.10790189211693,197.8021710883521,198.2014151476226,52592.808339053205
1783296000,198.2014151476226,198.5149741431029,195.36895904371735,195.9992027870079,134396.45881342533
1783299600,195.9992027870079,196.49249011006572,195.43099408726863,195.88434705334265,15593.271135407113
1783303200,195.88434705334265,195.91887608233333,194.79193417634173,195.20768356148665,28369.321534359235
1783306800,195.20768356148665,196.0655265086816,194.6320994391848,194.9049925245127,34285.652865247335
1783310400,194.9049925245127,195.8454198484548,194.68015083798815,195.34531495443943,9152.324993622136
1783314000,195.34531495443943,195.92460232828773,194.541726681814,195.01192794143492,16570.833972642446
1783317600,195.01192794143492,195.21497125885165,193.9336434594662,194.7274146702207,44249.02248256737
1783321200,194.7274146702207,195.1308456640743,194.7274146702207,195.1308456640743,9087.081954291518
1783324800,195.1308456640743,195.7453953103689,195.00335485437648,195.1210564427236,24216.09013478477
1783328400,195.1210564427236,195.88771630081203,195.1210564427236,195.2812243020687,2094.8590049218083
1783332000,195.2812243020687,195.82481541773623,194.98096477666292,194.98096477666292,11327.28282303104
1783335600,194.98096477666292,196.19238039006345,194.98096477666292,195.75767773298307,19490.31478110101
1783339200,195.75767773298307,196.26832059715,194.7368154392259,195.81077153099497,26577.10487227956
1783342800,195.81077153099497,197.50958709386575,193.89230797952297,196.5417511737197,200650.66794096123
1783346400,196.5417511737197,197.28062035755076,195.60005134454283,196.5578559048772,159047.79581572025
1783350000,196.5578559048772,196.906611007669,195.40823991430625,196.3831210252781,39125.70310566922
1783353600,196.3831210252781,197.8289075148612,196.20203265462192,196.4939481151901,45202.372522845726
1783357200,196.4939481151901,197.47634312543505,195.75647932970048,195.8433111262308,27266.932756012982
1783360800,195.8433111262308,196.6638836442926,195.8433111262308,196.37343936658763,25746.092789828486
1783364400,196.37343936658763,197.83432911341507,195.2611279181513,195.2777823299628,46950.87282777884
1783368000,195.2777823299628,196.23256187852596,194.84656811065145,196.23256187852596,9060.073923301165
1783371600,196.23256187852596,196.23256187852596,193.711419729744,196.1331274301519,4402.474409353867
1783375200,196.1331274301519,196.26531980455115,195.4485672408377,195.78138490067693,34674.186085688925
1783378800,195.78138490067693,195.78138490067693,194.99171942029,195.1165741635772,13048.297918447031
1783382400,195.1165741635772,195.452395044612,194.5563186673584,195.30743039665307,25283.60863633482
1783386000,195.30743039665307,195.30743039665307,194.0060034046259,194.9876052543121,20534.92227228644
1783389600,194.9876052543121,194.9876052543121,194.437893643088,194.6254610334641,4061.257731420448
1783393200,194.6254610334641,194.92147262276376,194.0716036336214,194.0956119140789,13479.51841273468
1783396800,194.0956119140789,194.9037597176242,193.4012372617697,193.4012372617697,21856.1646571731
1783400400,193.4012372617697,194.60575277851,192.83358336468447,194.5625604069384,24337.68899478551
1783404000,194.5625604069384,194.5625604069384,193.71572089698768,194.12951055200705,6189.3493882863895
1783407600,194.12951055200705,194.5719661586893,193.8320336354175,194.21176069465736,7898.197105220824
1783411200,194.21176069465736,195.0134303147884,193.998955263156,194.40769648166577,7943.764470444127
1783414800,194.40769648166577,194.71125862145175,193.7935132647855,194.0878295083231,3825.792738522128
1783418400,194.0878295083231,195.00611272690347,191.0568229306577,193.2662974903661,62579.14078771611
1783422000,193.2662974903661,193.2769948902088,190.74284120001192,191.15034767644775,70606.65762670877
1783425600,191.15034767644775,193.1999204847812,190.9278034180724,192.449969262152,28137.27967343366
1783429200,192.449969262152,193.8378341148146,191.35864684737396,192.234424304229,131408.1888269386
1783432800,192.234424304229,193.519454561078,191.20881356842744,192.52381334663187,97690.1505087852
1783436400,192.52381334663187,195.14390431867085,192.16997752586332,195.1231127917042,70168.25118670364
1783440000,195.1231127917042,198.254960019797,195.1231127917042,197.82004444200965,160039.1453424598
1783443600,197.82004444200965,198.92943644641096,197.09293242007564,197.8752545704536,69723.36054989422
1783447200,197.8752545704536,198.1826498155581,196.4624566049013,197.0209311643802,42214.26944624748
1783450800,197.0209311643802,197.361959144722,195.43880287452316,197.2539173609917,88677.32123507415
1783454400,197.2539173609917,197.2539173609917,196.29803178227135,197.1109604390791,13067.991473029952
1783458000,197.1109604390791,197.44476972583325,195.7963375911732,195.7963375911732,28323.84014649523
1783461600,195.7963375911732,196.11040246101007,195.28839819858905,195.8515697839321,8748.214383650758
1783465200,195.8515697839321,196.55751322786065,195.68201345405143,196.09898183602556,19881.891382911792
1783468800,196.09898183602556,198.28074630700115,195.601952645424,198.2439684287632,63042.72194918351
1783472400,198.2439684287632,198.87883824659687,196.50173962154207,197.448710056182,55756.38690028089
1783476000,197.448710056182,197.53267094490508,196.1301328516398,196.86615705266885,29644.55380115256
1783479600,196.86615705266885,198.1397839210864,196.6484838539243,197.97550163122568,17845.634331004774
1783483200,197.97550163122568,198.14694587560973,196.3909159892949,196.9677251421045,17047.700144348353
1783486800,196.9677251421045,197.11965102659224,196.09227088866743,196.1019355223293,25275.435170338547
1783490400,196.1019355223293,196.38640293366527,195.2573087644944,195.7183620441656,31687.89976116091
1783494000,195.7183620441656,196.5878091626373,195.5930283590912,195.9806163017909,23526.307341557585
1783497600,195.9806163017909,197.2719680979098,193.07355276107063,194.2433841754194,156409.1886116169
1783501200,194.2433841754194,194.32475381918468,193.04811004450983,193.4246947417014,35276.12834914072
1783504800,193.4246947417014,194.19516872130916,193.12172462714992,193.56804163817324,27953.61364694176
1783508400,193.56804163817324,194.56753080908717,193.4148577967813,194.5113621504653,33250.32588122024
1783512000,194.5113621504653,195.80785900823415,194.3848329948221,195.4575528852183,43326.716032318174
1783515600,195.4575528852183,199.78382267917877,194.60696865221087,197.3773445971632,329765.22176118294
1783519200,197.3773445971632,198.9291609724519,196.0080271159618,198.88329261856825,372669.463716328
1783522800,198.88329261856825,199.761656430008,196.1799699495409,196.99721490413188,182565.96929850284
1783526400,196.99721490413188,201.1295720042814,196.46856448397463,201.1295720042814,175895.29058338943
1783530000,201.1295720042814,203.61080382895068,199.7698072797488,202.19075852713152,152850.55422206668
1783533600,202.19075852713152,204.17894701336985,201.6671498947391,204.17894701336985,134968.92003222436
1783537200,204.17894701336985,205.57155481098087,203.82135440706787,204.24176882678745,143600.7260693324
1783540800,204.24176882678745,204.281946701838,202.1546008295921,203.33700348709607,200192.33406061647
1783544400,203.33700348709607,203.5222061687075,202.2997671556076,203.0509704542503,13780.412673304489
1783548000,203.0509704542503,203.3666252194621,201.76068063031,202.76410123908815,13280.093341101998
1783551600,202.76410123908815,203.5968009450033,202.4096678762663,203.16116407711417,27303.320836766656
1783555200,203.16116407711417,204.53924086674243,203.13678253480543,203.13678253480543,71028.26203888172
1783558800,203.13678253480543,204.50309930382167,202.6411461386521,203.29001501702717,45291.85109684686
1783562400,203.29001501702717,204.06161336283404,202.4208821488408,203.09000710966703,50780.83525178007
1783566000,203.09000710966703,204.1106057685199,202.6679450108184,203.75985769408024,24338.860974047828
1783569600,203.75985769408024,204.583940757582,203.0873972903646,204.13854338419804,23009.168373570763
1783573200,204.13854338419804,204.93755519456244,203.7420267749349,204.42554283576695,43310.77147192468
1783576800,204.42554283576695,205.10220335092305,204.33291584500893,204.9166263586362,15380.127672208608
1783580400,204.9166263586362,205.96269078674683,204.5788632131679,205.96269078674683,20916.574842776103
1783584000,205.96269078674683,206.5081155453273,203.9323974432713,204.94412276323007,54953.705669053306
1783587600,204.94412276323007,205.146860000469,204.42712911056373,204.44841305628816,13386.85985281722
1783591200,204.44841305628816,204.80943767186488,204.1250409257145,204.19932445835127,24845.32618992516
1783594800,204.19932445835127,206.1511582203512,203.95045631937427,205.48267145436816,69571.6858858698
1783598400,205.48267145436816,206.7082560004189,204.8499221619394,204.85789776932924,57653.974010573584
1783602000,204.85789776932924,206.11032458789396,201.25501453668429,201.87667084738447,299087.62155585125
1783605600,201.87667084738447,201.97932936623133,198.9185291495525,201.4052360695502,230575.75763442044
1783609200,201.4052360695502,202.6399104815551,200.8730709119715,201.86783392300563,88845.10997001185
1783612800,201.86783392300563,202.77114947510896,201.26035160219655,201.3326505640652,44903.77847491474
1783616400,201.3326505640652,203.68955167817515,201.0279386916953,203.37016076670645,55139.26295642031
1783620000,203.37016076670645,204.5780885112714,202.45862918890765,202.97476713695625,47696.11151891512
1783623600,202.97476713695625,205.260268399942,202.7169522637901,202.79834815196017,101171.35279639724
1783627200,202.79834815196017,203.40652607420284,202.31830327181643,202.9076238151667,16046.780661076771
1783630800,202.9076238151667,203.84932816898257,202.9076238151667,203.2283270513772,140.9900369577692
1783634400,203.2283270513772,203.2283270513772,201.5368718499426,202.77507200167508,8795.801308479664
1783638000,202.77507200167508,203.21190285762287,201.6404184608929,202.06904934735144,6524.200623257317
1783641600,202.06904934735144,203.3490755288624,201.2896038952739,201.56297990684837,57622.0457887739
1783645200,201.56297990684837,202.7512154860324,200.9301576186368,202.7512154860324,37756.395010433866
1783648800,202.7512154860324,203.1567298831605,202.20620852288013,202.70285559563024,17297.784644835283
1783652400,202.70285559563024,203.51963251298315,202.70285559563024,202.8797846661649,7691.7836149942195
1783656000,202.8797846661649,203.4195674672522,202.40484507499016,203.4195674672522,4667.3979478330575
1783659600,203.4195674672522,203.4195674672522,202.43158788575323,202.43158788575323,10271.505678824204
1783663200,202.43158788575323,202.48645915625303,201.3817532816765,202.15995803326263,23975.326683663898
1783666800,202.15995803326263,202.15995803326263,201.137219480159,201.31642041965603,13032.600808903711
1783670400,201.31642041965603,202.38826173983583,200.64333060149923,202.33755522709416,21902.892665820505
1783674000,202.33755522709416,202.33755522709416,201.49584216733305,201.49584216733305,13866.364214124542
1783677600,201.49584216733305,202.8375517388811,201.4877430921202,202.6076389821833,12854.49572794902
1783681200,202.6076389821833,203.3928154722784,201.2829756794952,201.3071521691261,28741.306084820066
1783684800,201.3071521691261,202.1326895568404,200.9683404051805,202.1153380237346,27817.690429113794
1783688400,202.1153380237346,207.4498899518988,201.5802336887133,207.34864620701924,479554.52143722406
1783692000,207.34864620701924,208.80904281066435,205.55732708135665,206.59641802008736,327194.4297691729
1783695600,206.59641802008736,209.5698322910128,205.9316164589416,208.52508993777116,179775.75559160873
1783699200,208.52508993777116,210.9423162948897,208.52508993777116,208.96391872674036,73276.14612752097
1783702800,208.96391872674036,210.93697826054947,208.96391872674036,210.71572404048496,44178.56178851539
1783706400,210.71572404048496,213.18827062360992,209.6106431531177,209.8301749673186,31992.002229377984
1783710000,209.8301749673186,211.13053541406003,209.26455587196344,210.9987323694021,60909.71456923526
1783713600,210.9987323694021,211.3513551722204,209.92212336472036,210.2229799443193,11746.409558189973
1783717200,210.2229799443193,211.0130327144302,210.2229799443193,210.52221117688305,6827.389183562068
1783720800,210.52221117688305,211.0159291308079,210.52221117688305,211.0159291308079,108.10148749477553
1783724400,211.0159291308079,211.1304550681548,210.7023867087732,210.7023867087732,432.1754639406218
1783728000,210.7023867087732,210.98413985758015,210.16062661830784,210.60548631890592,24043.67315905117
1783731600,210.60548631890592,210.84977606972285,209.350839747109,210.34274394996496,9133.411609880412
1783735200,210.34274394996496,210.34274394996496,209.49790622355903,209.84552588612556,4281.74051445569
1783738800,209.84552588612556,210.3777054113392,209.4425667196642,209.4425667196642,4740.917027101728
1783742400,209.4425667196642,210.26052575957925,209.4425667196642,210.226115391598,2178.53179343498
1783746000,210.226115391598,210.52021701320064,210.10211706048025,210.1742657923565,22329.660390105917
1783749600,210.1742657923565,210.3325629793882,210.13990155251443,210.3325629793882,485.711056889755
1783753200,210.3325629793882,210.9166965277973,210.10888043665827,210.10888043665827,2980.4965998795824
1783756800,210.10888043665827,210.4374253924397,210.10888043665827,210.30473777184324,4917.411768762318
1783760400,210.30473777184324,210.9160114123127,209.94368204139232,210.11430121290712,7892.884126770543
1783764000,210.11430121290712,210.11430121290712,209.84702352301,210.07378143553467,2824.4524208925864
1783767600,210.07378143553467,210.07378143553467,209.9632262576212,209.9632262576212,41.891917493359415
1783771200,209.9632262576212,210.5972074264168,209.87950322493012,210.1785409675964,3039.575093995112
1783774800,210.1785409675964,210.1785409675964,209.39858854930984,209.4549070285374,6636.974178433468
1783778400,209.4549070285374,210.2773337545997,208.7884010590041,209.13206245551663,26222.623399670814
1783782000,209.13206245551663,209.92847067524872,209.01453469634137,209.07496937625316,10753.233061693249
1783785600,209.07496937625316,209.9995328171118,209.06904772164145,209.7861815741865,3689.304521443181
1783789200,209.7861815741865,209.7861815741865,209.23768307333924,209.23768307333924,4639.120555677683
1783792800,209.23768307333924,209.6262587412892,209.23768307333924,209.41064830793272,4181.219901161874
1783796400,209.41064830793272,210.4686004326628,209.38579648094267,209.9045280599709,4339.301967342623
1783800000,209.9045280599709,209.9045280599709,209.0384849481235,209.40121357693704,4817.967387155714
1783803600,209.40121357693704,209.85269320224864,208.82896921548448,209.4032280281408,6772.586644729384
1783807200,209.4032280281408,210.18388140933428,209.4032280281408,209.69803393379323,3800.365206829033
1783810800,209.69803393379323,210.05890039302457,208.8430339906066,208.99489322586345,20610.036838995133
1783814400,208.99489322586345,209.686838725578,207.58284158579093,207.8771952824493,4795.150835962273
1783818000,207.8771952824493,208.9238995554705,207.8771952824493,208.9238995554705,2713.160457361568
1783821600,208.9238995554705,209.0496534440668,208.464460116638,209.0496534440668,11401.945261385355
1783825200,209.0496534440668,209.21258577510287,208.92365001482736,209.1378669890489,8866.130623779041
1783828800,209.1378669890489,210.46173839229303,208.72327295851576,210.19434313064417,27908.64842398476
1783832400,210.19434313064417,210.6827113026943,210.19434313064417,210.6827113026943,3245.25342573706
1783836000,210.6827113026943,210.6827113026943,209.58354100991275,210.0366620819037,10001.705736338865
1783839600,210.0366620819037,210.36882079482092,209.56386448598423,210.3360096373468,5444.564456437649
1783843200,210.3360096373468,210.57225973160976,209.9265763264014,210.27052546823828,9397.589502410205
1783850400,210.27052546823828,210.29180241944653,209.78448790957376,209.80801316518384,4192.1813196131125
1783854000,209.80801316518384,210.7273683643925,209.80801316518384,210.43077238859527,6221.265059380808
1783857600,210.43077238859527,211.5169007234391,210.03687215542143,211.36002731101587,12195.02286116154
1783861200,211.36002731101587,212.65217381239597,211.21647565289177,212.5843879122924,68888.01824967148
1783864800,212.5843879122924,212.8147340868213,211.2887962857136,211.83978079732813,20575.83827717159
1783868400,211.83978079732813,212.78772785024253,211.83978079732813,211.98839168859703,6916.658236838887
1783872000,211.98839168859703,212.65521787367592,211.8563803416373,211.8563803416373,7869.411378763102
1783875600,211.8563803416373,212.38028704543893,211.7365154517792,212.3447190569601,1627.7485720864745
1783879200,212.3447190569601,212.84295281595016,211.8577217226045,211.94173224954648,4811.925201826136
1783886400,211.94173224954648,213.05604014223465,211.94173224954648,212.99022639408795,7340.114649612839
1783890000,212.99022639408795,213.1596976113809,211.80797769126215,213.1596976113809,11789.389920251877
1783893600,213.1596976113809,213.1596976113809,210.46804009462832,211.90554407462,74374.73364465512
1783897200,211.90554407462,211.90554407462,210.09876306272736,210.09876306272736,32482.18656983425
1783900800,210.09876306272736,212.4040347166496,208.79350894988343,209.2119012926492,229230.2071716156
1783904400,209.2119012926492,209.8233858533229,208.13100594487523,208.40980641967408,77016.91797786987
1783908000,208.40980641967408,208.98184328621824,207.20751991734963,207.64122466343,53137.7631264391
1783911600,207.64122466343,208.3100340783561,207.1145537063718,207.66401108958888,36053.54296158421
1783915200,207.66401108958888,208.37118907628945,207.2157168498825,207.23684436878105,14257.297840482132
1783918800,207.23684436878105,208.3570240128216,206.31959672122133,207.4828168012771,77120.45382474693
1783922400,207.4828168012771,208.0346272217849,206.89954816424336,207.2991395592555,34471.925385842784
1783926000,207.2991395592555,207.5263280739729,206.0377849265954,207.1359847904532,43229.339802457405
1783929600,207.1359847904532,207.9208406306329,206.13604840757915,207.5121330704121,73226.20558135706
1783933200,207.5121330704121,208.7823952969012,207.3162754816084,208.0367636255725,48207.487664483466
1783936800,208.0367636255725,208.36516634633347,207.1465667929223,207.99681947825383,25496.87999270096
1783940400,207.99681947825383,208.65437991187025,207.7599657684505,208.6091702735937,37957.932579667984
1783944000,208.6091702735937,208.67090593861468,207.45900608551884,208.33732425357135,33833.82458406427
1783947600,208.33732425357135,211.1939219003747,207.1154147713121,208.48979322162967,394860.2659443076
1783951200,208.48979322162967,209.7793526892591,206.3253238967253,207.05292267169267,247694.48275739077
1783954800,207.05292267169267,208.25243392322216,206.79792747478157,207.0155801615959,52752.96511384134
1783958400,207.0155801615959,207.0155801615959,204.42625576571132,205.1503710433385,103421.01630606534
1783962000,205.1503710433385,205.32495005301453,203.41833065730185,204.43036445103093,53774.565854223234
1783965600,204.43036445103093,204.43036445103093,203.08375371161225,203.5590800540793,58981.31442550552
1783969200,203.5590800540793,204.94416469958657,203.19095859782155,203.4182502088109,78445.93637854017
1783972800,203.4182502088109,204.4391149912989,201.93288360623,204.02374573519387,45071.02707118901
1783976400,204.02374573519387,204.3535345269453,203.45215147884156,203.8293736766645,6078.751890080542
1783980000,203.8293736766645,204.12638590772147,203.27778284964825,203.27778284964825,7177.162284648989
1783983600,203.27778284964825,203.52336975448983,202.2824809553605,202.9671642681577,30271.59531313905
1783987200,202.9671642681577,204.88376685656132,202.5599182461551,204.61868051644095,99656.6727006863
1783990800,204.61868051644095,205.18315183905392,204.011078619823,204.011078619823,30913.66416642937
1783994400,204.011078619823,204.77229293756693,203.16976204957052,203.32718005321624,48644.32212167628
1783998000,203.32718005321624,203.6784713259836,202.1901620832266,203.45841875644572,124085.62245071898
1784001600,203.45841875644572,204.67347219400503,203.11984982445696,204.33390513089935,32946.75213677884
1784005200,204.33390513089935,205.4333495963948,204.22358270866516,204.49618888942967,33010.60374615865
1784008800,204.49618888942967,205.45034481168835,203.97429986918883,204.02548879183956,18446.51926614889
1784012400,204.02548879183956,205.4904835532818,203.62502967690503,204.71275849564967,24395.48929102529
1784016000,204.71275849564967,206.13629184741305,204.26272744025223,205.02876413203452,35243.32495036394
1784019600,205.02876413203452,205.4079338767745,204.11853699523903,204.7714129416525,7920.947540559658
1784023200,204.7714129416525,204.93937178253412,204.44493325061637,204.44493325061637,697.7534112926168
1784026800,204.44493325061637,207.222031506655,204.3445550352744,206.79840752229933,60595.58963578039
1784030400,206.79840752229933,208.02614998761047,205.61115937381183,206.72976752783663,118686.15559614084
1784034000,206.72976752783663,208.75636665838084,203.50015022008083,205.06051017545255,301664.21469453286
1784037600,205.06051017545255,207.78426931554876,204.05084501624583,207.44103400848888,224026.95490736671
1784041200,207.44103400848888,210.08772369047563,207.44103400848888,208.84435642632045,112066.89935605857
1784044800,208.84435642632045,211.6531454343009,207.94934229019557,211.40710859345,87898.65116895929
1784048400,211.40710859345,212.3675952928391,210.1941760508248,211.0711623839493,61270.9858082321
1784052000,211.0711623839493,212.83108237560344,210.9968748882587,212.1579689591335,39989.09518090489
1784055600,212.1579689591335,212.85357436259184,210.87976288034668,212.28895287688889,88811.8321429943
1784059200,212.28895287688889,212.6453756314273,211.18581482825047,212.02469354853145,11520.28554209789
1784062800,212.02469354853145,212.02469354853145,210.95860486842184,211.69561331487884,2843.968148561537
1784066400,211.69561331487884,211.84445087380917,210.62272093614447,211.77946750283115,4254.15947407513
1784070000,211.77946750283115,212.6304302504663,211.3837147444886,211.7114555528936,9818.472310663245
1784073600,211.7114555528936,212.5376756996353,211.46653820095528,211.7192918778229,19429.58776672048
1784077200,211.7192918778229,212.50508059976084,211.70829710078576,212.3177618846782,11535.169294002322
1784080800,212.3177618846782,212.9055712406554,212.3177618846782,212.42504129678133,1994.3994615811764
1784084400,212.42504129678133,213.18166096541543,211.50817158098295,212.2076344846425,14271.6777571436
1784088000,212.2076344846425,212.96997932127888,211.9905208354452,212.7543816258677,9801.648106658398
1784091600,212.7543816258677,213.339904480692,211.8867993739456,212.564305571854,40430.26573266066
1784095200,212.564305571854,213.8195799033849,212.4070910655283,213.11112844072804,14150.636492509451
1784098800,213.11112844072804,213.11112844072804,211.40154571058844,212.82511045550035,44458.66380297471
1784102400,212.82511045550035,212.82511045550035,209.7514018015624,210.8112011813108,56050.80312944068
1784106000,210.8112011813108,211.65311874133565,210.4071215782237,211.0162222329477,7429.352670655621
1784109600,211.0162222329477,212.21280336745485,210.5877961930051,212.01484350339572,27162.133717008845
1784113200,212.01484350339572,212.87764956858967,211.4274943182792,211.5286273058641,10761.10826947211
1784116800,211.5286273058641,212.05348989260463,210.33952573819155,211.32424839576237,33384.80803744255
1784120400,211.32424839576237,213.9579917755174,207.2744300301391,211.61445502559687,278937.42225790775
1784124000,211.61445502559687,212.6886043996113,209.36483822767963,209.77896156251592,268026.8433300185
1784127600,209.77896156251592,210.69665221995515,208.63648524859013,208.89241979853645,101477.07562783372
1784131200,208.89241979853645,209.35423949190903,205.92554521820207,206.956759388354,106166.15608228208
1784134800,206.956759388354,210.24061856619335,206.52525414919495,210.24061856619335,72144.0038409585
1784138400,210.24061856619335,211.5548082185315,209.5339877942212,210.93098914344196,53447.54084688034
1784142000,210.93098914344196,212.771804993254,210.1960667182921,212.11444292230232,133973.09815411575
1784145600,212.11444292230232,213.1030084686085,211.25705683362688,211.7347662107105,3968.774132894467
1784149200,211.7347662107105,212.53609218584376,211.1791945275272,212.41434343258732,13431.121459016436
1784152800,212.41434343258732,212.74603570348003,211.01308643153223,211.6983947636948,22542.47984945317
1784156400,211.6983947636948,211.93231692065925,210.69088438505904,210.69088438505904,7434.469914110607
1784160000,210.69088438505904,212.2441398814653,209.60172631180697,210.57642296341712,128342.47581875476
1784163600,210.57642296341712,211.1276490699163,210.22690444774167,210.93722254998116,39115.92035655468
1784167200,210.93722254998116,211.9770733558532,210.27252966240803,211.34427250329628,26771.205566066543
1784170800,211.34427250329628,212.3898933823313,211.016843470429,211.7572328354236,13444.104031525876
1784174400,211.7572328354236,211.7572328354236,211.102318270997,211.1831224342051,5418.136630523558
1784178000,211.1831224342051,212.26473856174647,210.73488041234685,211.08453710002283,30007.514661429093
1784181600,211.08453710002283,212.087875493454,210.3279714078257,211.3320997732643,41319.19888537128
1784185200,211.3320997732643,211.66133726956036,210.15498004894164,210.8364006225061,21489.880352955384
1784188800,210.8364006225061,210.8364006225061,208.47912566786695,209.6634239787849,55273.68363169474
1784192400,209.6634239787849,210.9687993184773,209.2668825524333,209.80322909565808,32278.258382816228
1784196000,209.80322909565808,210.3315830443832,208.8681790528764,209.51488672357715,32489.426814051825
1784199600,209.51488672357715,209.6467849097454,208.1489405796401,209.05915131616803,50344.63766814083
1784203200,209.05915131616803,211.0268058428584,208.2546834174216,209.0672249535879,33880.11956507463
1784206800,209.0672249535879,211.2214154135427,207.28649501190327,207.68834626769228,367247.72283904086
1784210400,207.68834626769228,209.8883949596493,205.86399121356703,206.1855625929916,209663.76202656832
1784214000,206.1855625929916,208.3663529965794,205.50861169110243,207.72150471327683,134034.95474913405
1784217600,207.72150471327683,209.07910598815323,205.67292810141288,207.47254734943152,105311.5671053524
1784221200,207.47254734943152,208.40966408776407,205.9953378326969,206.3128591671583,93640.24074061665
1784224800,206.3128591671583,207.7393529811588,205.8059019187488,206.66649919168867,55987.51840744297
1784228400,206.66649919168867,207.84410073501783,205.75254267210903,207.84410073501783,86775.99371523551
1784232000,207.84410073501783,207.92591086430173,206.25468234466183,206.7664210455129,8924.304240701247
1784235600,206.7664210455129,206.8983917359091,206.44121599194844,206.73650252512616,8779.014246313825
1784239200,206.73650252512616,207.4526389849712,206.35390309317555,206.6430586392712,13592.715537207969
1784242800,206.6430586392712,206.931250023469,204.96897965254772,206.3503714162164,33410.866347031784
1784246400,206.3503714162164,206.98410086663563,204.66472468746088,205.5850533479479,65379.64061638481
1784250000,205.5850533479479,206.28071942977007,203.94974815524776,204.35290287394983,53902.43215549647
1784253600,204.35290287394983,205.0599484816013,203.4018401942592,204.3066320618786,36001.5200770196
1784257200,204.3066320618786,205.09286996200132,203.21698033712883,203.8682725011616,49133.69789759162
1784260800,203.8682725011616,204.30221842914636,202.10681798522057,202.72040150202355,42791.52947205155
1784264400,202.72040150202355,203.6722489200678,201.5553338946826,202.0468219438025,42812.86107970552
1784268000,202.0468219438025,203.6698906822757,201.0655353081167,202.33262558358504,59888.7183961354
1784271600,202.33262558358504,202.92776936497307,200.5043670506857,201.28659111408177,25820.4818273036
1784275200,201.28659111408177,202.53174917241188,200.18533077168624,201.09214078138424,80208.94882864898
1784278800,201.09214078138424,202.47615654428708,200.88649124548772,202.02126755566655,27810.256456801733
1784282400,202.02126755566655,203.15324166177373,201.08825160333996,201.62293854547275,61151.06739679709
1784286000,201.62293854547275,203.0581417967807,200.9684225835907,202.8327084552068,26162.63471756128
1784289600,202.8327084552068,203.16221304305589,201.0677684207685,202.82359057789125,47091.063259388
1784293200,202.82359057789125,203.371355567613,197.6358705599136,201.42971787344516,330635.5518547417
1784296800,201.42971787344516,206.5689990697055,200.77576039496643,202.22923566365412,504174.20192958345
1784300400,202.22923566365412,205.65500743245596,202.0020412636836,205.65500743245596,183758.45902410516
1784304000,205.65500743245596,206.41479278826785,203.68774257435743,205.63985633731443,124465.14299709006
1784307600,205.63985633731443,206.85277763844732,204.198162016891,204.198162016891,97191.80087622534
1784311200,204.198162016891,205.27046179438895,202.51265788799924,203.01056402627708,80467.5028968761
1784314800,203.01056402627708,204.24172208590656,201.5017384683842,202.5640238217747,144317.4568714589
1784318400,202.5640238217747,203.46522099809533,201.96560123264555,202.3860982463372,17209.46176371152
1784322000,202.3860982463372,203.3752557218772,202.3860982463372,202.6711938898762,2518.433555749797
1784329200,202.6711938898762,203.42954726645291,202.19631948910435,202.3145014442941,2318.3980569347777
1784332800,202.3145014442941,202.9900832791938,202.3145014442941,202.5803291876393,3728.3198806183264
1784336400,202.5803291876393,203.00156154357504,202.5803291876393,203.00156154357504,1246.4951899821044
1784340000,203.00156154357504,203.00156154357504,201.896955769918,202.4294316851198,3183.262789285627
1784343600,202.4294316851198,203.28713706851076,202.36320685871115,202.8596839189028,30325.476731680646
1784347200,202.8596839189028,203.5541022047295,202.34725753095088,202.82102954538044,2788.833580320951
1784350800,202.82102954538044,203.23841099520664,202.16877242739383,202.50289104449104,7052.046629228549
1784354400,202.50289104449104,202.50289104449104,202.48849717096908,202.48849717096908,116.11991821354684
1784358000,202.48849717096908,202.9590563050716,202.48849717096908,202.9590563050716,1156.260043855866
1784361600,202.9590563050716,203.56674855533487,202.5398194870808,202.63152587731932,5106.286665464182
1784365200,202.63152587731932,203.5656572495097,202.04628092779103,202.413554204998,5371.267024450597
1784368800,202.413554204998,202.413554204998,201.6049774353283,201.6049774353283,3375.600486957411
1784372400,201.6049774353283,203.2806687216434,201.6049774353283,203.2806687216434,995.0885153106378
1784376000,203.2806687216434,203.2806687216434,202.64491275872183,202.6584091630723,747.4197836352262
1784379600,202.6584091630723,202.8426199644724,201.791295302604,202.5960702983662,8640.467093846557
1784386800,202.5960702983662,202.5960702983662,201.80366019645248,201.80366019645248,1.4404725084456758
1784390400,201.80366019645248,202.4566506784875,201.5189420530561,202.4566506784875,1971.9986670683804
1784394000,202.4566506784875,202.74478888856797,201.54147310402703,202.74478888856797,2219.0171243445816
1784397600,202.74478888856797,202.93346643670628,201.90076286618088,202.33856199234583,7856.012114495857
1784408400,202.33856199234583,202.33856199234583,201.84734331263135,201.84734331263135,1411.0614227903482
1784412000,201.84734331263135,203.03384989675132,201.84734331263135,203.03384989675132,809.2559766728301
1784415600,203.03384989675132,203.03384989675132,201.9191348434958,202.0514566741041,2797.510524335279
1784419200,202.0514566741041,202.5812599491504,201.42822408144377,202.2411430434796,2907.4338147337157
1784426400,202.2411430434796,202.59249242871223,201.44667903169272,201.62120457118007,900.3619875768885
1784430000,201.62120457118007,201.97344967838677,201.39423285776695,201.39423285776695,735.7712616962013
1784433600,201.39423285776695,201.39423285776695,201.12198756845584,201.12198756845584,1095.5314055192266
1784437200,201.12198756845584,201.6878968948548,201.12198756845584,201.6878968948548,5.586611545580682
1784440800,201.6878968948548,202.39830564514585,201.6878968948548,202.39830564514585,49.75198897877017
1784444400,202.39830564514585,202.39830564514585,201.40400452255557,201.40400452255557,2917.6879281829056
1784448000,201.40400452255557,202.7982138000401,201.40400452255557,202.20756157162296,3492.934504514913
1784451600,202.20756157162296,202.6504189875637,201.69198276812955,202.6504189875637,4124.863355970566
1784455200,202.6504189875637,203.8483178014435,201.41213428286028,202.27936558220267,78068.40835427922
1784458800,202.27936558220267,203.39937662163047,202.09989671804712,203.39937662163047,652.0874800743777
1784462400,203.39937662163047,203.519511178859,202.16358506269373,203.519511178859,673.299426865101
1784466000,203.519511178859,203.88105228510383,202.35644748860776,203.88105228510383,19509.82092558628
1784469600,203.88105228510383,203.88105228510383,202.4186312939115,202.55577891880063,2653.083993516225
1784473200,202.55577891880063,203.8736072579667,202.54811537691717,203.05493789909897,9748.523439441788
1784476800,203.05493789909897,203.05493789909897,202.2212891444533,202.8576410206564,1495.8496919030165
1784484000,202.8576410206564,203.439834540544,202.5971661602944,203.439834540544,868.8332848855468
1784487600,203.439834540544,203.439834540544,201.82718097280565,202.34940335434456,474.2166885405044
1784491200,202.34940335434456,203.35741873386849,202.34940335434456,203.35741873386849,2328.5241108085834
1784494800,203.35741873386849,204.03636007390705,202.09147814006351,203.8915307734989,13301.1724546215
1784498400,203.8915307734989,204.7579719071057,202.78527710337443,204.0594674336563,23627.572423615245
1784502000,204.0594674336563,205.0247361411331,203.22298778022872,203.80184927660144,7367.793297321173
1784505600,203.80184927660144,204.84796839016343,201.9634337758953,202.9436222263257,118366.71787552464
1784509200,202.9436222263257,204.08481221100917,202.02465120496328,202.2734170243742,50588.28317805365
1784512800,202.2734170243742,203.7859459814109,202.1682252536053,203.1847711478948,43669.48937064008
1784516400,203.1847711478948,204.1042352213747,202.91693671074995,203.61954010801992,11077.092875004131
1784520000,203.61954010801992,204.4464999087103,202.85712272503457,203.3944386636548,13095.9521652144
1784523600,203.3944386636548,204.48452425232105,202.39068590576557,203.0878758216745,37595.29386658686
1784527200,203.0878758216745,203.22062015405663,201.83122896948424,202.91007196989904,3187.533487531367
1784530800,202.91007196989904,204.44949892092885,202.5197578351145,203.87567486460503,26585.422219533568
1784534400,203.87567486460503,204.4072117431549,202.8352825481309,203.14151325693487,26438.651581394035
1784538000,203.14151325693487,204.39506561691408,203.0859268963448,203.88142536631165,14202.821065942902
1784541600,203.88142536631165,205.1664089884453,203.2770029615594,203.6982600681962,25653.678734455967
1784545200,203.6982600681962,206.29164662205093,203.6982600681962,205.97935289104976,51115.79834549352
1784548800,205.97935289104976,206.95816745689328,205.04403074654303,205.96690319678132,60323.24585427168
1784552400,205.96690319678132,208.3025662771206,204.51617983161145,205.57464657780272,359925.9903001771
1784556000,205.57464657780272,206.79008781907896,204.36993177293647,205.48420165422317,139770.65277337577
1784559600,205.48420165422317,206.70554272716527,204.28207328146925,206.0134981015498,117661.34665228469
1784563200,206.0134981015498,206.628341921254,203.4300306416368,204.1861492872877,68650.65902856141
1784566800,204.1861492872877,205.0894318060289,203.2471456982284,204.4104746640187,45261.482669940975
1784570400,204.4104746640187,205.16938247928024,202.04407308828132,203.37666149070276,40869.60235803641
1784574000,203.37666149070276,204.26990032111493,201.93428076457607,203.57242134058689,69677.51194649137
1784577600,203.57242134058689,203.57242134058689,201.99838561430684,203.12603859923016,18303.34844141746
1784581200,203.12603859923016,203.12603859923016,202.4073306773325,202.9327673950738,1846.8453011217111
1784584800,202.9327673950738,203.27344362513185,202.02195023234924,203.04650890635628,8296.28668131532
1784588400,203.04650890635628,204.5323035522657,201.7677975657916,202.8953782035263,13524.656152239915
1784592000,202.8953782035263,203.86278565358728,202.01824893987853,203.1440778813627,27815.27262988409
1784595600,203.1440778813627,203.94935759606204,202.7090532986534,203.6939493219383,7233.304932330525
1784599200,203.6939493219383,204.84966307485848,202.5801308122157,204.36052519425436,19594.063758988952
1784602800,204.36052519425436,205.74371154687225,203.4334617273349,205.51374643328387,91706.76804561685
1784606400,205.51374643328387,205.7728618222004,203.8878202299586,204.4073710524922,5086.799515580476
1784610000,204.4073710524922,205.7468086759085,203.37808686773337,205.24105725046783,17939.525500994594
1784613600,205.24105725046783,205.83641376392325,204.71874793836636,205.30381289410155,27370.841647291512
1784617200,205.30381289410155,205.93485284674443,204.62816262754035,205.58733332341845,4719.873336959136
1784620800,205.58733332341845,206.4401089668971,205.07768074568628,206.1404781445443,19525.903680574927
1784624400,206.1404781445443,206.3547118533023,205.16918574776204,205.4538310780692,6044.302084248446
1784628000,205.4538310780692,206.07955903856785,205.2680100685376,205.41932003518448,2523.192671207461
1784631600,205.41932003518448,206.22634579434103,204.69924253170672,205.37608089875104,19996.335993741483
1784635200,205.37608089875104,206.59590095294163,205.0026845041856,206.55259931648308,21580.16948085147
1784638800,206.55259931648308,209.2290939107881,204.48738801599583,205.23658148209745,269342.6635291991
1784642400,205.23658148209745,206.5944284339956,203.97906834317467,205.9600872897002,134186.59582152625
1784646000,205.9600872897002,207.7926664103852,204.96372814604183,206.2146558727218,89504.279163778
1784649600,206.2146558727218,206.7051183357835,204.59510912814125,204.75987840154067,43093.28070126839
1784653200,204.75987840154067,207.477218566475,204.68456293885205,206.82554880946037,50308.799523951086
1784656800,206.82554880946037,207.68134275058603,205.34143002280908,206.8470535270177,31495.668459378143
1784660400,206.8470535270177,208.66555260887765,205.73448376839747,207.42572449345303,52764.348913291535
1784664000,207.42572449345303,207.5674888823561,206.0508965152085,206.9106559473722,23366.68652857963
1784667600,206.9106559473722,206.9106559473722,205.95460045748047,206.0930391138827,663.9942164021113
1784671200,206.0930391138827,207.11489477559,205.6254251314916,205.95224000992928,12198.214317180023
1784674800,205.95224000992928,206.86663376147783,205.1845995655052,206.36805695332416,7683.491223737777
1784678400,206.36805695332416,207.38828353450336,205.9432236563408,206.69351985258857,13502.45241119871
1784682000,206.69351985258857,207.1291708296157,205.59160703376315,206.27290390447536,11634.879324636917
1784685600,206.27290390447536,206.68599293529945,206.0615237051724,206.1635078177755,1498.334120909628
1784689200,206.1635078177755,206.79928452751636,205.42687485058585,206.05236239574776,7539.9554259407805
1784692800,206.05236239574776,206.07335190988437,205.27200749439737,205.837674675068,3227.916759757901
1784696400,205.837674675068,206.2029780363176,204.60770756531136,206.13359414079292,37844.73604793989
1784700000,206.13359414079292,206.13359414079292,204.53082124749173,205.4309068926631,20622.16210567157
1784703600,205.4309068926631,206.35377227982715,204.52019277724247,205.7702073880353,15711.890068581652
1784707200,205.7702073880353,206.0321964765812,204.37250157294923,205.08809120277712,18752.769588026145
1784710800,205.08809120277712,206.0606700296612,204.7046316917392,205.46209423640775,7152.653620193509
1784714400,205.46209423640775,206.3438229723156,204.60480027475484,205.05726124471576,14015.975815300822
1784718000,205.05726124471576,206.4181748070186,204.28355789342484,204.4024240828121,27029.69437556325
1784721600,204.4024240828121,206.55348514260965,204.4024240828121,204.72215650302468,21845.40255424089
1784725200,204.72215650302468,208.8267167055979,204.4203835900844,206.9484342901272,188254.26363880627
1784728800,206.9484342901272,209.54099674180665,206.33605077367625,209.06410502610052,180518.26555479303
1784732400,209.06410502610052,214.59276637319047,209.06410502610052,213.6083846979477,251360.4475792549
1784736000,213.6083846979477,215.1931211734597,212.74068571723004,214.5045101153717,139279.47504063358
1784739600,214.5045101153717,215.19512419413056,212.84458107342587,214.25600233712464,75469.08109123736
1784743200,214.25600233712464,214.88318543993495,213.35897704690163,214.15127138082585,46187.40539172958
1784746800,214.15127138082585,214.5667403237088,211.1374054610805,212.03261327833604,80151.9780380529
1784750400,212.03261327833604,213.54502057181068,211.58125784727875,212.45395355470816,68187.385210637
1784754000,212.45395355470816,214.59040924098144,209.66876840138931,210.8178104226737,200189.55709664288
1784757600,210.8178104226737,211.8824244776536,210.0401931243821,211.04583210504117,29954.486701569724
1784761200,211.04583210504117,212.53231532401625,210.36906132743744,211.818946170159,26596.706518442763
1784764800,211.818946170159,213.86795503838653,211.35492325632063,213.59177758203128,44970.43905545265
1784768400,213.59177758203128,214.11283502199797,211.84222058262685,211.9106959074633,31596.80889541177
1784772000,211.9106959074633,213.1903524331872,211.2374576357589,211.68376583566967,39145.68311034978
1784775600,211.68376583566967,212.4422681376193,211.0541851847539,211.66352726676632,16663.050517417254
1784779200,211.66352726676632,213.01107298719867,210.92094381704248,212.5126955939139,25775.624814974544
1784782800,212.5126955939139,213.051787424255,211.03676687378973,212.4498502516244,26962.019723483503
1784786400,212.4498502516244,212.78507928799183,210.90289260518983,211.11629061447707,12788.769101138145
1784790000,211.11629061447707,211.87042720178857,210.14650130047264,210.44121389646816,63372.93228347797
1784793600,210.44121389646816,212.3945308033184,210.2730817699785,211.70903840905788,53935.3247386684
1784797200,211.70903840905788,211.96296273339095,210.1407499366585,210.40718671047955,19626.47710636317
1784800800,210.40718671047955,211.1661635111306,209.47413752347816,210.9383842723232,18705.001135503862
1784804400,210.9383842723232,211.81544969721145,209.5647018151984,211.7266614801304,48336.98219014245
1784808000,211.7266614801304,211.7266614801304,208.6997622959045,209.3195867785464,36716.22757554006
1784811600,209.3195867785464,211.30058709824013,208.01844113252253,209.5230462404952,362212.3823508523
1784815200,209.5230462404952,210.4306159874782,207.3899645434071,207.8460386025965,250569.01837083648
1784818800,207.8460386025965,208.93751567047343,205.6065547578017,208.93751567047343,160699.55020944262
1784822400,208.93751567047343,210.7105403051669,208.04484912386485,210.3891678164662,115353.26709913404
1784826000,210.3891678164662,211.00481433290005,208.685056252122,209.37912115723097,105023.67530091038
1784829600,209.37912115723097,209.8217762347045,206.89242491956864,207.9674348570273,69467.78533581247
1784833200,207.9674348570273,209.25256616469792,206.53292530431665,208.07031719320176,105665.31955872288
1784836800,208.07031719320176,210.9356656947054,207.81676643095517,209.3991669787987,50369.79007515607
1784840400,209.3991669787987,209.99066169545063,208.14791825641765,208.57709831137524,17900.92943729407
1784844000,208.57709831137524,209.01663383476964,207.3064922357242,208.1429282387746,25503.24327613632
1784847600,208.1429282387746,208.7785467321518,207.77811544429025,208.50898436391165,7461.01349750504
1784851200,208.50898436391165,208.83341428866464,207.3907279287007,208.7866846793286,19348.70459308389
1784854800,208.7866846793286,208.99788854031252,207.6482195524404,207.6906308242151,18572.95269481757
1784858400,207.6906308242151,208.47886012336667,206.4014725571868,206.9866694990503,25953.92570158591
1784862000,206.9866694990503,207.6198617775071,206.11506400442624,206.68447510013183,14469.996318043592
1784865600,206.68447510013183,208.0302845316892,205.86423941870785,207.19167568490283,18864.89728586909
1784869200,207.19167568490283,208.3478250517257,206.72023757585077,207.89977748194465,8466.971539814864
1784872800,207.89977748194465,207.89977748194465,205.97973628910995,205.97973628910995,17359.4100274398
1784876400,205.97973628910995,208.70534629264247,205.94353150967012,208.37769088719315,23189.7589402806
1784880000,208.37769088719315,208.58789280792635,206.39956620760557,208.3190330459093,23190.078847438148
1784883600,208.3190330459093,209.2657610476447,207.74877715544363,208.96933007238812,23515.769621532807
1784887200,208.96933007238812,208.96933007238812,207.33744289663443,208.2018789835667,15181.710291226133
1784890800,208.2018789835667,209.1218921349992,207.70693653778463,208.12785454318907,15347.41115149877
1784894400,208.12785454318907,209.8862029721878,207.58748876808983,208.1639611739104,23549.569497659668
1784898000,208.1639611739104,209.27739630786385,206.06599022219407,207.16863068286773,221185.41389500463
1784901600,207.16863068286773,209.71577042000345,206.223439931193,209.71577042000345,260692.3136276578
1784905200,209.71577042000345,210.90661132976152,208.23273609528164,209.8264127434759,197203.8236669565
1784908800,209.8264127434759,212.3425627702454,209.1801283337284,210.64392637289592,108687.69709957772
1784912400,210.64392637289592,211.4339859807777,209.0994769572873,210.46870969687816,51189.28250968039
1784916000,210.46870969687816,210.6414562665123,206.44436671443304,207.07370706585,109608.1158898632
1784919600,207.07370706585,207.89931585087223,204.99270788667727,207.8627270196659,106286.43098146074
1784923200,207.8627270196659,207.8627270196659,206.17263787393424,207.06757961589568,6655.6467686737815
1784926800,207.06757961589568,207.4028794532157,206.38468736161957,207.1453430662169,6710.126146203999
1784930400,207.1453430662169,207.59386031713075,207.1453430662169,207.59386031713075,703.3875013826216
1784934000,207.59386031713075,207.59386031713075,206.3007400735039,206.80521487865275,631.4113304421128
1784944800,206.80521487865275,208.15259507840832,206.80521487865275,208.10988833861245,5934.9168943255945
1784948400,208.10988833861245,208.10988833861245,206.9106892771825,207.75864428590305,124.37243428549078
1784952000,207.75864428590305,207.84163067075008,206.30540954376767,207.41597391536183,3673.569788707088
1784955600,207.41597391536183,207.66205733742777,207.3454088698312,207.3454088698312,678.8757265028394
1784966400,207.3454088698312,207.3454088698312,206.908067285866,206.908067285866,766.1098729919009
1784970000,206.908067285866,207.05162480993025,206.6740663535652,206.6740663535652,405.4052956628776
1784973600,206.6740663535652,207.90175780502312,206.6740663535652,207.52994208583675,1059.718567303441
1784977200,207.52994208583675,207.66308273232195,207.52994208583675,207.66308273232195,460.0661715500022
1784980800,207.66308273232195,207.66308273232195,206.95258225465264,206.95258225465264,748.1886446491928
1784984400,206.95258225465264,207.2451485112068,206.80237327867545,206.80237327867545,932.2617335072738
1784988000,206.80237327867545,207.72986218810743,206.6332635688308,207.3631072350452,2295.770325077577
1784991600,207.3631072350452,207.4369234414061,207.3631072350452,207.39047206030037,3411.796540778256
1784995200,207.39047206030037,207.39047206030037,207.0606035717192,207.0611826836024,70.19233742017884
1784998800,207.0611826836024,208.41218637691412,207.0611826836024,208.37057223243224,6135.728900299534
1785002400,208.37057223243224,208.87342914778512,207.61515281847997,207.83407953771464,862.1839875081316
1785006000,207.83407953771464,208.80993625974745,207.48629624764092,208.30101784130784,2070.0827437655757
1785009600,208.30101784130784,208.65846416304908,208.30101784130784,208.57112651681211,1035.31172621005
1785013200,208.57112651681211,208.57112651681211,206.6343550396328,207.31444442878816,1188.9159699929496
1785016800,207.31444442878816,208.96060392216543,207.10969489923104,208.07055286696203,2080.020216835492
1785020400,208.07055286696203,208.12661140453767,208.0297299102418,208.0297299102418,77.62722346519276
1785024000,208.0297299102418,208.6190579370196,207.6981219534565,208.6190579370196,1920.0408400731285
1785027600,208.6190579370196,209.2824335150159,208.2262725597635,208.2262725597635,5900.705637674919
1785031200,208.2262725597635,208.50981333037893,207.9870591599927,207.9870591599927,1.1532585409602594
1785034800,207.9870591599927,208.46343786768256,207.581170597669,208.1824896218182,9071.432797573489
1785038400,208.1824896218182,208.1824896218182,208.10617679061275,208.10617679061275,346.2655326105969
1785045600,208.10617679061275,209.10865153645693,208.10617679061275,209.10865153645693,316.99279498989387
1785052800,209.10865153645693,209.10865153645693,208.4666000569604,208.4666000569604,354.8722283964456
1785056400,208.4666000569604,208.4666000569604,208.0451695438576,208.0451695438576,217.4401461259285
1785060000,208.0451695438576,208.0451695438576,207.6051568294709,207.6051568294709,301.63516615265104
1785063600,207.6051568294709,208.57233852616085,207.6051568294709,208.15591803225817,535.6755531949493
1785067200,208.15591803225817,209.01092835626443,207.7528534062207,208.29472885588072,2946.1047168548307
1785070800,208.29472885588072,208.31513358374875,207.988398618169,208.2178600013733,1802.7481181064572
1785078000,208.2178600013733,208.45080340377956,207.73466787330827,207.95327224343416,755.9781053286756
1785081600,207.95327224343416,208.88119592307527,207.838294451461,208.85290769505707,4802.439080027494
1785088800,208.85290769505707,209.33045791651216,208.16931379380983,208.28663904450528,7955.455316822708
1785096000,208.28663904450528,208.32285506218892,208.2495494815568,208.32285506218892,540.1391104921353
1785099600,208.32285506218892,208.34551336176145,208.32285506218892,208.33347846414333,640.1789419148788
1785103200,208.33347846414333,209.58743231717455,208.26763282026224,208.5927442440432,13363.476117611552
1785106800,208.5927442440432,209.88113598162124,208.515847514794,208.9702434762905,18460.618310858285
1785110400,208.9702434762905,210.3976388216116,207.75298556990623,209.2876328238098,108996.00569023872
1785114000,209.2876328238098,209.3213634935584,207.7752746495833,208.6480645144584,44453.27312429284
1785117600,208.6480645144584,209.31348839783865,208.6480645144584,209.12933265394503,10882.96725933562
1785121200,209.12933265394503,209.32256406217311,208.38013311668027,208.5639208843488,10278.831361805936
1785124800,208.5639208843488,209.01735040009345,207.86169744863977,207.99413710038772,3229.8313104986105
1785128400,207.99413710038772,209.90931214182308,207.99413710038772,209.0614874383084,12218.646748528505
1785132000,209.0614874383084,210.72335911425856,208.9492988625047,209.18509158219905,15626.062197389894
1785135600,209.18509158219905,209.37683954841737,208.97677013157704,209.02701256950692,7015.049457983888
1785139200,209.02701256950692,210.26358850551296,208.97455562719588,209.77676882596327,9580.435001437869
1785142800,209.77676882596327,209.8905303595728,208.89189429076464,209.14786586081613,4040.833655943156
1785146400,209.14786586081613,210.26276159468145,208.37690938954216,208.3994899321305,25093.444591686795
1785150000,208.3994899321305,209.40291018711196,207.5230736208358,208.12843336767983,16491.534536351155
1785153600,208.12843336767983,209.1625637943309,207.5742685157504,208.455998072664,17104.913325159916
1785157200,208.455998072664,209.5537046928832,201.99064407644585,202.08860587186237,392421.1307855382
1785160800,202.08860587186237,203.7302256227939,197.52276775097232,199.39637786865416,309160.0244834602
1785164400,199.39637786865416,199.6420016424589,195.7110330625259,197.86672144027813,209159.46869225524
1785168000,197.86672144027813,199.07090450930528,196.26971617095916,196.2735696134413,168559.64361011054
1785171600,196.2735696134413,197.61442436626476,194.9337790084066,196.577532283729,59845.14807235719
1785175200,196.577532283729,197.93421876197047,195.81384254869783,196.88773964172967,63573.45861508216
1785178800,196.88773964172967,198.2169418906436,196.1709273168705,196.1709273168705,66449.31997570001
1785182400,196.1709273168705,197.651964432602,196.1709273168705,197.38424587765235,12908.918577724398
1785186000,197.38424587765235,197.82275342255755,196.72409836536647,196.7626458387759,6686.275161184849
1785189600,196.7626458387759,198.07760796925365,196.15714444108016,196.97121703737497,19190.40720813816
1785193200,196.97121703737497,197.29092667453756,195.6574104039157,195.8606219886317,36196.57418603456
1785196800,195.8606219886317,196.7321747328241,194.9554360683708,196.1500111119342,49510.65141049559
1785200400,196.1500111119342,196.61157254880743,194.5904851000357,195.46787215934336,49443.61326808019
1785204000,195.46787215934336,195.47484438951247,193.36644482838744,193.37055370901345,33368.3902146005
1785207600,193.37055370901345,195.76903403643823,193.37055370901345,195.75917325498557,45575.55092308823
1785211200,195.75917325498557,195.75917325498557,193.7855190502005,194.135126048368,27861.006237198835
1785214800,194.135126048368,194.59782174987245,192.90295444658727,193.08510136590132,28003.911851000757
1785218400,193.08510136590132,194.2550831820089,192.26499663085573,193.77452503600355,18605.696673010145
1785222000,193.77452503600355,194.75915642800769,193.77452503600355,194.75915642800769,13658.05825894214
1785225600,194.75915642800769,195.69596377310287,192.99096493006303,194.6307074923824,64099.62451650836
1785229200,194.6307074923824,195.1816472371164,194.37775160930025,195.0599291138097,12392.609527095105
1785232800,195.0599291138097,195.56766189503875,193.53262357634904,195.09938283644996,39810.77390858012
1785236400,195.09938283644996,196.1113496349962,193.77482905894487,196.0844516300355,137574.21891030628
1785240000,196.0844516300355,196.69789453741856,194.91028316152187,195.15278457737972,46710.53379130388
1785243600,195.15278457737972,196.76077893056092,192.6563514203065,193.33914563672036,578889.1565520468
1785247200,193.33914563672036,197.69995959873148,192.49983586994523,197.17659679745424,420904.274754828
1785250800,197.17659679745424,198.7808193943258,195.34804919665385,198.65105519785487,206386.09864880625
1785254400,198.65105519785487,199.138468366514,196.74981428634865,198.00764948321407,108537.93486216862
1785258000,198.00764948321407,198.76687992532564,196.3884385073557,196.9316664428571,78697.68732098775
1785261600,196.9316664428571,197.6152683085308,196.2373594935258,197.22357063180968,37510.09826612355
1785265200,197.22357063180968,198.63096427884344,196.70857675329205,197.14710922711288,75955.81499988982
1785268800,197.14710922711288,197.61253086344755,195.88146261084617,197.5595070784135,53247.913980754114
1785272400,197.5595070784135,197.84570831177084,196.8074849696667,197.3811772998289,3762.261149327993
1785276000,197.3811772998289,197.57286775521868,195.8050914627392,196.273338460587,33454.402486145635
1785279600,196.273338460587,198.0372799183062,195.33466513222908,198.0372799183062,66627.55757827724
1785283200,198.0372799183062,198.76913109628052,197.07075777474464,197.55713235245187,67037.70285434445
1785286800,197.55713235245187,198.0981921034158,195.7094260339855,195.96567069413567,62336.76324494048
1785290400,195.96567069413567,197.15430511352315,195.37479230991377,196.4672511686639,46999.57271848506
1785294000,196.4672511686639,197.14297501240156,195.0618875333008,195.36383063037687,46491.61277020678
1785297600,195.36383063037687,195.5811888390033,194.12970226267024,194.98289043472408,27737.77255449103
1785301200,194.98289043472408,196.08844990869548,194.74487589356505,195.30121677397813,40831.49505184765
1785304800,195.30121677397813,196.40986277253367,194.47709006682004,196.25325861419984,47459.3430966803
1785308400,196.25325861419984,196.94923177246164,195.9057360683809,195.94825174332397,23820.59324875621
1785312000,195.94825174332397,196.76191089632837,195.6052445248851,196.76191089632837,49473.82279009379
1785315600,196.76191089632837,198.68024085664916,196.2869084041949,198.25699316953973,46527.64698824476
1785319200,198.25699316953973,198.345121060839,197.2503854747983,197.4588451785464,28888.4192379296
1785322800,197.4588451785464,197.8390257524232,196.5908909518453,197.4709587052066,26378.695718509472
1785326400,197.4709587052066,197.6793131443779,196.62728228396296,197.6793131443779,37891.0988644632
1785330000,197.6793131443779,197.6793131443779,193.4059083286661,193.72625598241711,388036.5695384764
1785333600,193.72625598241711,193.73784863002703,191.46025408404324,192.832881831436,141825.0710778617
1785337200,192.832881831436,193.47844876500585,191.70513085713807,192.38358880338637,57300.04414122728
1785340800,192.38358880338637,192.63772244581384,191.2554331115944,191.88561439425249,54339.760920151646
1785344400,191.88561439425249,193.25065112120149,191.84877538173,192.23457907129907,57083.70806556672
1785348000,192.23457907129907,196.31358660763897,191.70187726925988,196.15121033185352,209651.23732693648
1785351600,196.15121033185352,196.48487189655825,190.35858551785768,190.7676060869744,258469.44720441516
1785355200,190.7676060869744,190.91549277600168,189.1237071243025,190.3682446143506,59677.5773839796
1785358800,190.3682446143506,190.59415950544985,188.8245106791816,189.0966164396456,16856.210109810127
1785362400,189.0966164396456,192.53764209214663,189.09386519346015,191.0408799655246,65763.37458213743
1785366000,191.0408799655246,192.114090177929,190.83050488700968,191.14126813113376,21357.64586736676
1785369600,191.14126813113376,192.22934339883196,190.9061748693005,191.5221587562364,44912.7521207776
1785373200,191.5221587562364,193.40947996817332,191.29828379594883,192.82281390219836,45377.35437019549
1785376800,192.82281390219836,192.82281390219836,191.7801755182261,192.04084785443084,30530.09360748676
1785380400,192.04084785443084,192.0479641054729,191.02111868663349,191.83439551256808,27763.259768091804
1785384000,191.83439551256808,192.2707678000324,190.9063229126567,190.94796290293485,21768.472274593027
1785387600,190.94796290293485,191.8262919331063,190.94796290293485,191.7631045218157,17456.952692892857
1785391200,191.7631045218157,192.19889070130213,191.3084533219877,191.322464128831,9592.20168104244
1785394800,191.322464128831,192.23296059055957,190.01658447249744,190.9862666492973,19412.62693852224
1785398400,190.9862666492973,191.96870243526627,190.5308691814653,191.3188915216666,33734.42358592964
1785402000,191.3188915216666,192.9395749690437,191.2735634292715,192.08900893475789,24041.78493414686
1785405600,192.08900893475789,192.640892406082,191.68049875779428,192.6240237703433,23931.3306102536
1785409200,192.6240237703433,193.7726024181623,192.6240237703433,193.5050928169613,22729.470333769616
1785412800,193.5050928169613,194.30146228088103,193.14170386019657,194.0321484948204,50033.63082318896
1785416400,194.0321484948204,195.64379195686465,191.4113717536261,195.28074038237028,284559.790100583
1785420000,195.28074038237028,197.41489902737112,194.40104835406385,195.1633151138413,225007.99892583065
1785423600,195.1633151138413,195.3588478238826,192.66567449410087,192.9977455467538,111080.77460299408
1785427200,193.052383587308,194.89524049731293,192.86314541156065,193.32583679333567,73877.14196051056
1785430800,193.32583679333567,194.26606114073783,193.32583679333567,193.76485915749296,46675.77262196383
1785434400,193.76485915749296,194.4591693121849,193.65061157618968,193.9275331289785,32769.01564300384
1785438000,193.9275331289785,195.4707317057364,193.73726512865412,195.0071298421912,73598.46836676776
1785441600,195.0071298421912,197.0214082932686,194.95688639047427,196.28942327131625,73454.34857158564
1785445200,196.28942327131625,197.18593506960332,195.53584733120525,195.65561943742227,57774.875195624125
1785448800,195.65561943742227,196.18992580772692,195.3530043388342,195.91011013007787,29117.01020676864
1785452400,195.91011013007787,197.2602348784149,195.91011013007787,196.75983755681017,17743.660925737677
1785456000,196.75983755681017,198.10431593237732,196.5384724128301,198.10431593237732,52817.45255983199
1785459600,198.10431593237732,198.963485866509,197.303633581776,197.6902465267808,44459.91780749631
1785463200,197.6902465267808,198.42040633330905,196.94575080459708,197.4784702438226,50885.55379547516
1785466800,197.4784702438226,198.0342284229154,197.28483815203265,197.91825602744717,19576.153999263035
1785470400,197.91825602744717,198.85919641721296,197.52079826681828,198.56222428474345,28993.169338591983
1785474000,198.56222428474345,198.97134634068655,197.9776852831212,198.8946280177317,19911.91601524961
1785477600,198.8946280177317,199.36263054793952,197.27710352954333,198.02210124833013,48063.78910917287
1785481200,198.02210124833013,199.0690948917395,197.47697662923773,198.90498859483364,41757.32171224283
1785484800,198.90498859483364,199.47206760451527,197.74907446560323,198.8133285325688,31743.989188028507
1785488400,198.8133285325688,198.9139810613552,197.9429370729099,197.9429370729099,17513.43834065551
1785492000,197.9429370729099,198.42586775376395,197.20396815733,197.2888440120532,11493.934993437146
1785495600,197.2888440120532,198.33528244565005,197.28125474318853,198.3348980074904,26574.139629481066
1785499200,198.3348980074904,198.3348980074904,196.9530217376061,197.25860579315523,38070.33021216287
1785502800,197.25860579315523,200.2965835224225,196.75582579675148,197.8004535771157,397694.3644790938
1785506400,197.8004535771157,198.90642023697416,194.94822857688624,197.9124728128344,368473.2558290147
1785510000,197.9124728128344,198.31348242301124,195.2123267194189,196.3485122410892,191553.61865938656
1785513600,196.3485122410892,198.5219351399552,196.3485122410892,198.0530924839494,95861.84080946716
1785517200,198.0530924839494,200.4109522175467,198.0530924839494,200.0198279431473,58944.89766723611
1785520800,200.0198279431473,200.1582241547002,198.8666848733074,199.30868784738377,37262.17437141389
1785524400,199.30868784738377,202.1014038811035,198.79089083330012,200.84321138113964,325009.4841069243
1785528000,200.84321138113964,201.05120740085167,199.6324254674495,199.7356835400357,43519.15127111562
1785531600,199.7356835400357,200.84615561465884,199.42205507657204,199.7639006850188,23276.086152228458
1785538800,199.7639006850188,199.7639006850188,198.7807418818312,198.7953741379611,3521.39386365354
1785542400,198.7953741379611,199.7827388601491,198.5698545222551,199.62046113521816,35101.47507242837
1785546000,199.62046113521816,199.65220455973397,199.62046113521816,199.65220455973397,861.0396692899217
1785549600,199.65220455973397,199.9921222223861,199.2411205693616,199.9921222223861,3539.3107747110635
1785553200,199.9921222223861,199.9921222223861,199.8346846527711,199.8346846527711,657.1245887617905
1785560400,199.8346846527711,199.87061673432012,199.17461362733133,199.51441401759496,4179.096541526913
1785564000,199.51441401759496,199.74663881622263,199.51441401759496,199.62629780832964,564.7172376072277
1785567600,199.62629780832964,199.62629780832964,199.4725058838627,199.4725058838627,77.7065173710178
1785571200,199.4725058838627,200.5637066622207,199.03044388076003,199.04486130016667,36523.47091434297
1785574800,199.04486130016667,200.1347854266233,199.04486130016667,199.61722528509068,4872.312892985236
1785578400,199.61722528509068,200.24582345852104,199.61722528509068,199.8250840226042,9830.574385257409
1785582000,199.8250840226042,199.99266857514365,199.42338756116092,199.42852121957895,836.7273495067062
1785585600,199.42852121957895,199.90817648593384,199.3150239843228,199.90817648593384,7091.99271236847
1785589200,199.90817648593384,199.99570949464103,199.30522447897383,199.8148983996136,893.4200339513303
1785592800,199.8148983996136,199.83787993620496,199.3524056924555,199.83787993620496,1654.564325944218
1785596400,199.83787993620496,199.95449438779764,199.13992282239332,199.13992282239332,4163.910571306789
1785600000,199.13992282239332,199.4959040093676,198.78503624659103,198.97660015163407,4171.512616405951
1785603600,198.97660015163407,200.05102398658423,198.97660015163407,199.1583511692621,594.6557709036044
1785607200,199.1583511692621,200.02477697536565,198.75459766330303,198.90236704610504,9422.45255661706
1785610800,198.90236704610504,198.90236704610504,198.49423459166465,198.7571838145398,1331.4024895141888
1785618000,198.7571838145398,199.4006754803455,198.45258535196984,199.05483758802916,21406.20552044944
1785621600,199.05483758802916,199.63519424336997,198.44730556051348,198.82559862331436,4370.933227066046
1785625200,198.82559862331436,199.19734231602416,198.82559862331436,199.19734231602416,0.0051771389267934
1785628800,199.19734231602416,199.3779591668974,199.19734231602416,199.36191503312983,873.1223192500416
1785632400,199.36191503312983,199.4580323291081,198.98970820120155,199.0885554929552,602.5466558061702
1785636000,199.0885554929552,201.14595896267068,198.8566568550263,200.2559357892605,25439.18892637101
1785639600,200.2559357892605,200.9960530178532,200.2559357892605,200.8316645317116,498.3498832141488
1785643200,200.8316645317116,200.8316645317116,200.17587944451375,200.21003622949567,1080.0042395831642
1785646800,200.21003622949567,200.56328937140665,200.00881644030872,200.56328937140665,995.68385382636
1785650400,200.56328937140665,200.63448149538303,200.56328937140665,200.63448149538303,38.25012925765175
1785654000,200.63448149538303,200.63448149538303,199.87895886051191,199.87895886051191,222.5631331706064
1785657600,199.87895886051191,200.7128410872359,199.87895886051191,200.7128410872359,6583.088618815496
1785661200,200.7128410872359,200.7128410872359,200.2224350693432,200.398108774446,2082.985841226027
1785664800,200.398108774446,200.5857297427751,200.36082579934305,200.36082579934305,2969.6530649109486
1785672000,200.36082579934305,201.1297690612456,200.04296611612145,201.0537447878527,6278.577160296488
1785675600,201.0537447878527,201.13397662578967,200.61266288751463,200.61266288751463,568.8567012228846
1785679200,200.61266288751463,200.82823733226024,199.8338621783096,200.82823733226024,74.20865048074349
1785682800,200.82823733226024,200.8520494750717,200.82823733226024,200.8520494750717,820.3930787313838
1785686400,200.8520494750717,201.1299968758999,200.01596886134988,200.01596886134988,1225.260472909547
1785690000,200.01596886134988,200.73738720427127,200.01596886134988,200.73738720427127,1307.4577680162377
1785693600,200.73738720427127,200.73738720427127,200.10096507583023,200.40396082113503,3097.5111823656343
1785697200,200.40396082113503,201.80684765836028,200.40396082113503,201.59675723817327,15625.038977068838
1785700800,201.59675723817327,202.63649075378865,200.32554496844227,200.523522197253,27211.17676848337
1785704400,200.523522197253,200.63990580533496,197.71215418406257,200.18305640799704,146743.327968749
1785708000,200.18305640799704,202.375178184596,199.07540223287876,200.4096354805938,67139.6627412246
1785711600,200.4096354805938,200.88508328255628,199.5122084743911,200.4370681293193,27388.653510871736
1785715200,200.4370681293193,202.3219711108929,200.4370681293193,201.61855426327983,91932.41762450583
1785718800,201.61855426327983,202.644692677302,201.27416965214624,202.644692677302,19046.027854968903
1785722400,202.644692677302,202.644692677302,201.6123806458653,202.10256205906825,11328.985036073813
1785726000,202.10256205906825,202.10256205906825,201.24104492055457,202.09350878257436,5743.566717565639
1785729600,202.09350878257436,202.83711729056955,202.09350878257436,202.739961629022,18992.63439913
1785733200,202.739961629022,203.07268290187025,201.89812026168832,202.471682344465,7975.731110340743
1785736800,202.471682344465,202.7804360045414,201.78361701091555,202.10322639376432,12219.260396960588
1785740400,202.10322639376432,202.940434546723,200.89980365318596,201.08821572611444,17090.46235078519
1785744000,201.08821572611444,201.08821572611444,199.88231273425308,200.49896648390467,63373.81645242779
1785747600,200.49896648390467,200.70097506715297,200.1840542452055,200.5636410217962,5105.20766737909
1785751200,200.5636410217962,200.95385250892,199.50076031595927,200.6230958102083,27274.76596252923
1785754800,200.6230958102083,200.6230958102083,198.98236846489564,198.98236846489564,49631.42348122504
1785758400,198.98236846489564,199.33117001124023,198.61244598174,198.68379423501585,36492.143603176
1785762000,198.68379423501585,202.2505513797496,197.28179480692197,202.007684000222,404769.6407823561
1785765600,202.007684000222,206.8655948349038,201.338828261888,205.6704457561232,287315.8000081649
1785769200,205.6704457561232,207.93616266295456,205.6704457561232,207.23560905154648,142138.56247586844
1785772800,207.23560905154648,207.99357604793,206.4985292240756,206.89100246911335,60630.651409906975
1785776400,206.89100246911335,209.5502567081466,206.6288487447392,208.8984773147532,72578.79984254518
1785780000,208.8984773147532,209.0595440856538,207.07487467528549,208.7436832361708,46706.62068183804
1785783600,208.7436832361708,209.12236921186343,205.98417869877585,206.32675847724693,82810.65774356648
1785787200,206.32675847724693,207.63744531389983,206.3072259469866,207.0902363700668,33045.06540225691
1785790800,207.0902363700668,207.15183294712756,207.0902363700668,207.15183294712756,3.213020218853104
1785794400,207.15183294712756,207.42331847203468,206.06921929701636,206.5951239397513,30155.05653873567
1785798000,206.5951239397513,207.85606052225455,205.96632389129007,207.3232543157408,26138.270222127318
1785801600,207.3232543157408,207.84033259475532,205.2905232043983,206.3935278774311,116293.20652027958
1785805200,206.3935278774311,208.08666352351693,205.26654456287864,207.26864048021625,52803.33525936065
1785808800,207.26864048021625,207.834700261967,206.2797359984492,207.64664621629623,23789.1064644278
1785812400,207.64664621629623,207.64664621629623,206.1188095317557,206.68704432815736,20838.861794286186
1785816000,206.68704432815736,208.0482449109103,206.68704432815736,207.87285606289427,8893.704388684237
1785819600,207.87285606289427,208.5620752270681,206.89163293939592,207.2531741050489,18123.184341724165
1785823200,207.2531741050489,208.6830887210743,207.21412710784105,207.9707950866832,19463.757977272733
1785826800,207.9707950866832,209.0615681337181,207.9707950866832,208.26932517469035,24077.414975017982
1785830400,208.26932517469035,208.98585060965897,207.6207795622592,208.15807170547183,20420.995387564515
1785834000,208.15807170547183,208.96442418034653,207.5017591633473,207.89901297578376,13974.497267647394
1785837600,207.89901297578376,208.8964863488806,207.89901297578376,208.39861775804567,4386.871207744703
1785841200,208.39861775804567,210.31411451036848,208.39861775804567,210.28981628184127,39193.58395468384
1785844800,210.28981628184127,211.02038816073951,210.1301254810471,210.13858504263573,17800.954077315106
1785848400,210.13858504263573,212.2691896145332,209.5774903103794,210.653802874432,297657.2589763049
1785852000,210.653802874432,211.4839701864638,208.76584531199836,210.02594477883488,170672.9364569386
1785855600,210.02594477883488,210.9141390512185,209.17934589798847,210.9141390512185,62283.26178016239
1785859200,210.9141390512185,211.48334452843685,209.55716502671024,210.93097429100737,44604.32794427926
1785862800,210.93097429100737,212.36707824649324,210.49940868455724,212.33466517352423,36884.51535072325
1785866400,212.33466517352423,214.22246882493,210.8904940751044,213.74544651462088,112861.37615416314
1785870000,213.74544651462088,214.12589783127976,211.1622018672626,211.320777180842,220570.7573894503
1785873600,211.320777180842,214.32155656470096,209.9670796697029,213.7172204054897,304501.65827125806
1785877200,213.7172204054897,217.46873436637384,213.24132613448492,215.0725962247159,210503.59704167617
1785880800,215.0725962247159,216.4558260713006,214.7755272745904,216.0037669871087,74233.62536944897
1785884400,216.0037669871087,217.44250560459085,215.70904115928383,215.81493402057367,106223.45141793328
1785888000,215.81493402057367,217.28487271758144,215.4053220672838,215.9361842789312,48641.33035321505
1785891600,215.9361842789312,216.96503353806884,215.2308318810236,216.50533095212407,49153.42693932436
1785895200,216.50533095212407,217.10777700468628,215.66912335643767,216.4499559564672,9153.651511846345
1785898800,216.4499559564672,217.6507251282744,216.30332545613797,216.80510050521744,7337.903401534171
1785902400,216.80510050521744,217.832670160428,216.5291934456714,216.6431792118461,10274.095811330692
1785906000,216.6431792118461,218.01564912275973,216.6353646887807,217.59622652511823,28414.3906645438
1785909600,217.59622652511823,218.5041891763713,216.45500507611564,217.7247188718476,10959.788334709185
1785913200,217.7247188718476,217.7247188718476,216.41364335515692,217.0458558657075,11524.549382194948
1785916800,217.0458558657075,218.114418111148,215.6296532717841,215.90070683099265,94778.07178962146
1785920400,215.90070683099265,216.8597961721086,215.69418788879457,215.83563335100112,11726.23460967522
1785924000,215.83563335100112,216.9565995067313,215.83563335100112,216.91884878484572,15121.277168077431
1785927600,216.91884878484572,216.98893897036987,215.81082577816525,216.07383522758624,33396.80852837197
1785931200,216.07383522758624,216.46960330033568,214.72014050495665,215.63279026064896,18186.71273099068
1785934800,215.63279026064896,221.80628515654192,215.1936787431933,220.40763511474765,509008.2600890374
1785938400,220.40763511474765,222.4924348484131,218.2830833527184,218.9043043345573,312590.9739350773
1785942000,218.9043043345573,220.4340289117704,218.52253943067169,219.71979798318208,150115.34532403553
1785945600,219.71979798318208,221.64954264863107,218.54918439297413,221.57762977495165,91843.77104127196
1785949200,221.57762977495165,222.3091584933176,220.3472568952451,221.06862952320895,55111.82164494135
1785952800,221.06862952320895,222.42897795621136,220.63012747104523,221.84179610322536,34732.033852379165
1785956400,221.84179610322536,222.39826242117567,218.59171079543896,219.092491426308,86980.96527904486
1785960000,219.092491426308,220.83885424004248,219.0574680144433,220.3788821281893,70238.06628466607
1785963600,220.3788821281893,220.94023587233136,219.2402456179598,219.80496223873303,22201.71856978109
1785967200,219.80496223873303,221.7222602811013,219.7612211720288,221.51218443740763,36691.28813116821
1785970800,221.51218443740763,221.51218443740763,219.92160773794825,220.40031006889893,18886.744547675364
1785974400,220.40031006889893,221.27997596749177,219.568988039063,219.66899583754017,26354.7578480015
1785978000,219.66899583754017,220.36410116546327,218.7739506028485,219.9191822045227,38013.73569744464
1785981600,219.9191822045227,221.33512026957237,218.9769971351958,220.48352268949765,34174.90156173865
1785985200,220.48352268949765,221.11684073782612,219.21946687706705,220.1776260187135,55239.70764373832
1785988800,220.1776260187135,221.00099938576645,218.99776205354203,219.6467528973249,56725.916797516125
1785992400,219.6467528973249,220.50704747334396,219.28032621358295,219.80462025379836,6190.409983771997
1785996000,219.80462025379836,220.39351063042875,218.89547418197608,219.62011017902907,25343.47217356199
1785999600,219.62011017902907,220.0528292293353,212.5575802817772,219.08016525238517,17129.22815716569
1786003200,219.08016525238517,220.1659297135245,218.6712036080795,219.94173768370916,52444.07870037218
1786006800,219.94173768370916,220.04232613243616,219.0200592082413,219.33009539163447,18633.235529631384
1786010400,219.33009539163447,220.60231041185176,219.18797509803937,220.07172722612,16120.421384068391
1786014000,220.07172722612,222.1841660841564,219.05124655820575,221.94034053956528,94522.81376230429
1786017600,221.94034053956528,224.41250790521883,220.7846872535388,220.7846872535388,184432.25238698683
1786021200,220.7846872535388,224.492232902395,220.3270521918428,222.5694363639344,356684.211242898
1786024800,222.5694363639344,223.0458677786563,218.4343501674541,219.9524588319673,185919.5703562304
1786028400,219.9524588319673,220.5890137877212,217.6565270823148,218.0487652572316,91288.96122417875
1786032000,218.0487652572316,219.71707515396685,217.84553061651835,219.0370342822983,60704.27745604861
1786035600,219.0370342822983,219.8686504721053,218.78084408607128,219.69393033668976,36785.19552123473
1786039200,219.69393033668976,220.98668599867145,218.95928258979623,219.80454164447212,74950.75522459965
1786042800,219.80454164447212,220.6769895128634,218.25012037722084,218.8343975711836,113414.61022128053
1786046400,218.8343975711836,219.5671926979229,218.369667978674,219.5671926979229,12001.331666925997
1786050000,219.5671926979229,219.6895005698996,218.8087270642169,219.0403690916293,3900.9155656515295
1786053600,219.0403690916293,220.4328361199752,219.0403690916293,219.72350594660864,16018.543484536109
1786057200,219.72350594660864,220.09612166520452,218.75626097533643,219.4085610934304,5347.636172811558
1786060800,219.4085610934304,220.2155122805621,218.7178431261366,219.6894101378247,25255.2388363616
1786064400,219.6894101378247,219.83118687038385,218.47583253025596,219.06688937873224,15383.268686781972
1786068000,219.06688937873224,219.2488131625115,218.39634927677517,218.6246035911449,1159.684642931778
1786071600,218.6246035911449,219.7257201803368,218.6246035911449,219.29737279448364,573.444710597698
1786075200,219.29737279448364,219.88397184819448,218.30794358694823,219.25267940710333,7842.521553680258
1786078800,219.25267940710333,219.5445240592996,218.64843915293667,218.64843915293667,1229.4800264293906
1786082400,218.64843915293667,219.930057646374,218.64843915293667,219.9009895169665,7903.860938481361
1786086000,219.9009895169665,219.9640634237101,219.55116510931308,219.78213905399727,7904.725482472658
1786089600,219.78213905399727,220.0773603205558,219.245426625706,219.81236917377805,5715.191755974697
1786093200,219.81236917377805,219.9688390090689,219.3130935468525,219.35266824128203,4938.424537915134
1786096800,219.35266824128203,221.0620542810016,219.2077448029116,219.86180164849512,5441.808125870834
1786100400,219.86180164849512,221.22788449831015,219.8078601784639,220.2072018579752,28427.097274720505
1786104000,220.2072018579752,222.00760433743437,219.45962338298813,220.9385959477543,67077.78441334287
1786107600,220.9385959477543,223.5316343960912,220.27710786611735,223.5316343960912,233197.5095932909
1786111200,223.5316343960912,224.45022844401453,221.38057706136385,223.68013927964603,196206.59364707075
1786114800,223.68013927964603,225.52501824501476,223.15791965864744,223.7656630840235,69124.47641672198
1786118400,223.7656630840235,224.3326800773528,221.8058427204924,222.57647611240105,57181.29763841111
1786122000,222.57647611240105,223.1375780599645,221.6180659611232,222.15262452168648,20102.172884876523
1786125600,222.15262452168648,222.8659949112073,221.5061781549217,221.73878833787737,8060.098200691997
1786129200,221.73878833787737,223.9586156509005,221.6225311720072,223.9340051456057,48207.78578302007
1786132800,223.9340051456057,224.10684584251936,222.72014118226505,223.7632111402328,32252.87582535714
1786136400,223.7632111402328,224.83209611789516,222.85592887276545,223.5969435819804,32396.44021333691
1786140000,223.5969435819804,224.09853067726948,222.96412064768052,223.04058720835152,1051.078190287659
1786143600,223.04058720835152,224.54975950899413,222.8345853188306,223.7466340264902,31641.87678969653
1786147200,223.7466340264902,224.55082399099857,222.85935431825692,223.47745339571665,9224.561510532898
1786150800,223.47745339571665,223.97875201308028,222.906772840256,223.65719302539543,1423.3486365666183
1786154400,223.65719302539543,223.81068724124523,223.1589274989799,223.5679823917343,2765.7267869386164
1786158000,223.5679823917343,224.2563584179567,223.0532520591263,223.19885516650228,4968.479555862537
1786161600,223.19885516650228,224.76757565287923,222.91952691809016,222.9575761203609,9501.70823060782
1786165200,222.9575761203609,223.64371570452423,222.9575761203609,223.64371570452423,217.59862521179892
1786168800,223.64371570452423,224.71701708538447,223.4692520449594,223.4692520449594,942.9194210310646
1786172400,223.4692520449594,224.28950781344847,223.4692520449594,223.70370279988185,938.8935939177426
1786176000,223.70370279988185,223.70370279988185,222.82813840394775,223.5454328022475,398.8084602595115
1786179600,223.5454328022475,223.9530189410937,223.47934952920983,223.9530189410937,205.3101653255463
1786183200,223.9530189410937,223.95636803401752,222.850847865399,223.50901187625857,197.4713470505959
1786186800,223.50901187625857,224.45518890200304,222.94740448774573,223.55713422349712,2034.317775047601
1786190400,223.55713422349712,224.5985200630354,223.55713422349712,224.5985200630354,2011.03185171858
1786194000,224.5985200630354,224.87682251397345,222.95676082634876,223.36194346265623,8589.68115591022
1786197600,223.36194346265623,225.47578976239697,222.95723775864784,223.7832084260237,891.7201164875407
1786201200,223.7832084260237,224.2061154073905,223.6153902126508,223.6153902126508,483.32293136204976
1786204800,223.6153902126508,225.4154133150697,223.3258769867724,223.3258769867724,2409.790995872307
1786208400,223.3258769867724,225.120979475663,223.3258769867724,224.6731204141302,16162.893917009267
1786212000,224.6731204141302,224.9248695274185,224.18117869383923,224.9248695274185,7343.494019442847
1786215600,224.9248695274185,225.58261590656136,223.9484775218263,224.01560361779136,15167.27941374388
1786219200,224.01560361779136,225.118270861606,223.6977673625277,224.2852477949892,15517.843459484531
1786222800,224.2852477949892,225.4562021493723,224.08651472334984,224.67819916173283,2471.767817725497
1786226400,224.67819916173283,225.16496268812085,223.6674332929178,224.226117556064,16203.904473507257
1786230000,224.226117556064,225.3410293637853,224.226117556064,225.0964835005234,2512.102020213408
1786233600,225.0964835005234,225.1962634675399,224.35358708308925,224.78118330682003,7389.812769994904
1786237200,224.78118330682003,225.2571999200087,224.1822864652077,224.24425482345652,2218.0530216065904
1786240800,224.24425482345652,224.86308980566417,224.23740374637336,224.3863887623149,1088.4760268415266
1786244400,224.3863887623149,224.89209956490984,224.32505331293424,224.32505331293424,301.5226942498959
1786248000,224.32505331293424,224.8045212231914,224.32505331293424,224.8045212231914,679.8980098638514
1786251600,224.8045212231914,225.35150170844744,224.08030106358305,224.08030106358305,640.7825064076384
1786255200,224.08030106358305,224.77305370471723,224.08030106358305,224.36637827039732,288.3814723127494
1786258800,224.36637827039732,224.64240234798453,224.36637827039732,224.64240234798453,75.46223297815469
1786262400,224.64240234798453,225.46803829458165,224.3677726575234,224.3677726575234,3289.8179181037654
1786266000,224.3677726575234,224.71194832827865,224.3677726575234,224.71194832827865,28.3224580197505
1786269600,224.71194832827865,225.0221200084464,224.42641302461172,225.0221200084464,7172.811398933844
1786273200,225.0221200084464,225.23802574747572,224.66239562772532,224.66239562772532,645.2946362507682
1786276800,224.66239562772532,224.66239562772532,223.256725685331,224.41823856234095,14979.566018439938
1786280400,224.41823856234095,225.5335930697672,224.41823856234095,224.7566179854688,4014.29786575484
1786284000,224.7566179854688,225.55239975557015,224.17492122049055,224.17492122049055,2598.852006013796
1786287600,224.17492122049055,226.0582169028081,224.17492122049055,224.2676562907481,1708.779726778845
1786291200,224.2676562907481,225.30155338142504,224.2676562907481,224.66423108207223,3032.5445315199186
1786294800,224.66423108207223,225.7646538107977,224.66423108207223,225.41162665622656,4395.025146549158
1786298400,225.41162665622656,226.07904963063527,225.41162665622656,226.07904963063527,5956.213528770549
1786302000,226.07904963063527,226.07904963063527,225.20473877444783,225.21170014892525,2593.1377323325723
1786305600,225.21170014892525,225.21170014892525,224.87264669568552,224.87264669568552,112.55785801847593
1786309200,224.87264669568552,226.48356942284028,224.87264669568552,225.47513752351696,2256.6807150932127
1786312800,225.47513752351696,226.32606302126783,224.2821448999505,225.22085845976352,11458.829609785562
1786316400,225.22085845976352,225.73882396531303,224.0163764926849,224.74447898003967,14170.101539106186
1786320000,224.74447898003967,225.4710819732161,223.19695984819597,224.42908795305303,96349.93209090008
1786323600,224.42908795305303,225.31258302650025,223.5755188874305,224.4270080917445,14519.52706328763
1786327200,224.4270080917445,225.69620735768905,224.10591329627627,224.8887324196353,1113.0290779926054
1786330800,224.8887324196353,225.2633650687378,224.3040443176671,225.2633650687378,4532.898382482184
1786334400,225.2633650687378,225.335748507851,224.4413969212996,224.97486588685504,1174.126621848931
1786338000,224.97486588685504,225.36515774265237,224.16662045102584,225.36515774265237,8809.702583973243
1786341600,225.36515774265237,225.36515774265237,224.5004451729175,224.57895778939223,3756.8244213954736
1786345200,224.57895778939223,225.40475694777007,224.57895778939223,225.40475694777007,4929.159981246974
1786348800,225.40475694777007,225.60816920594877,224.0504332774001,225.60816920594877,19604.45323051556
1786352400,225.60816920594877,225.9254285768395,224.82866813593893,225.58712961199103,3361.7091685186065
1786356000,225.58712961199103,225.58712961199103,224.72534679302967,224.72534679302967,1111.7576389509186
1786359600,224.72534679302967,225.34620343796752,223.72843877461364,223.9804470416056,16662.289288852786
1786363200,223.9804470416056,224.07298167788136,222.91357552022555,223.63573647799595,34797.929470223375
1786366800,223.63573647799595,225.22391571877276,221.55303494711796,221.68217443347683,221865.23714659963
1786370400,221.68217443347683,222.626618871432,219.6870444366569,220.1182561781228,147941.222843086
1786374000,220.1182561781228,220.60123351118085,218.6665005720636,219.92220801359508,55967.95442046464
1786377600,219.92220801359508,220.96837630592083,216.6325359248479,217.99181302002663,175054.9454491319
1786381200,217.99181302002663,219.62664747052585,217.3930359800813,219.15071953015195,54431.32869937104
1786384800,219.15071953015195,219.9583618780229,217.4808223544351,219.30425223662948,21759.1545121551
1786388400,219.30425223662948,219.72759788202413,217.1156322788364,217.1156322788364,45534.92970602
1786392000,217.1156322788364,220.6730035233904,216.96505155450924,219.2863513701257,77633.55678629316
1786395600,219.2863513701257,220.10333740371905,218.19115221103928,219.55949546109505,220039.6353911507
1786399200,219.55949546109505,220.94204227979685,217.95839916721485,218.47972025193025,654880.2066949094
1786402800,218.47972025193025,220.0146814344323,217.46142702146471,218.59093100412056,93187.37609031796
1786406400,218.59093100412056,219.4297135681071,217.30927234198856,218.9433192120534,30631.51042510438
1786410000,218.9433192120534,220.13181043926397,217.57302468327535,218.54484611204416,21371.825331145123
1786413600,218.54484611204416,219.99048347589536,217.97202837224785,218.29470172851612,20061.684814777844
1786417200,218.29470172851612,220.3382725008537,218.29470172851612,219.4751107695633,4887.121673356638
1786420800,219.4751107695633,220.61078790212943,218.6439171916533,219.7108645505984,12090.180590118543
1786424400,219.7108645505984,219.93498878854567,218.4125422947448,218.65764296390603,11029.52896290496
1786428000,218.65764296390603,219.83612096086205,217.9235359894791,218.8310803732596,8614.11149707438
1786431600,218.8310803732596,219.9029720652765,217.93762321417896,219.0934473356952,1846.5726595963376
1786435200,219.0934473356952,219.9091810460862,217.94247694728648,219.31496456545244,25006.59250587792
1786438800,219.31496456545244,220.0488635671007,218.3245133782837,219.64494357633123,17469.372558247942
1786442400,219.64494357633123,219.86197562800723,218.93936653883307,219.54830268144292,12917.138216645872
1786446000,219.54830268144292,221.09500202056392,219.3154840282364,220.22263499748135,20153.33677688908
1786449600,220.22263499748135,222.0614808698467,219.9594158725586,221.18048517193705,35256.96491582101
1786453200,221.18048517193705,222.5868614510029,218.4293327675972,220.03979142837596,263697.347926057
1786456800,220.03979142837596,221.2067001917816,218.6236529203936,220.12390859549515,94902.00860340158
1786460400,220.12390859549515,220.18134470565855,218.3915628641595,219.06680893255884,47843.7808315876
1786464000,219.06680893255884,219.72353683634643,217.96930466046635,218.52372015061133,39911.221049749394
1786467600,218.52372015061133,218.7619275905582,216.15633564023065,217.1788681100532,50591.96560246775
1786471200,217.1788681100532,217.9066728099544,216.13621576193697,217.138443599934,42594.96521864853
1786474800,217.138443599934,218.80192678737157,216.63568504396676,217.6347682631435,73206.42913884752
1786478400,217.6347682631435,218.61067242671885,216.9293166509662,217.5118146513805,10958.43716351188
1786482000,217.5118146513805,218.28237394073204,216.8695835413749,217.73568275953247,1848.6195847523768
1786485600,217.73568275953247,219.0122734406036,217.0924552295174,217.49890956470327,6091.622755417358
1786489200,217.49890956470327,218.9904258173898,217.38665925294697,217.94605504863935,772.1258347461165
1786492800,217.94605504863935,218.31918774674543,216.04941212587968,217.78713555705227,2575.41562586966
1786496400,217.78713555705227,219.11975584377117,217.26707142436248,217.26707142436248,3683.568325061868
1786500000,217.26707142436248,218.5740881476038,217.26707142436248,218.23257273592105,1866.9739166799611
1786503600,218.23257273592105,219.3610933639171,218.18163774741785,218.18163774741785,2124.8222401135504
1786507200,218.18163774741785,218.78111878767243,217.9673699577404,218.34112393526144,591.0480467260306
1786510800,218.34112393526144,218.98717718549125,218.34112393526144,218.55173286401995,388.4720628177716
1786514400,218.55173286401995,218.7635146511852,217.67051544800617,218.52651604440493,2918.134823612714
1786518000,218.52651604440493,219.261599418374,217.34418777952504,217.75234048362196,6443.674238623897
1786521600,217.75234048362196,220.2623802174473,217.75234048362196,219.7689638493769,14768.488993662972
1786525200,219.7689638493769,220.7576917754867,218.07648974112283,220.5578178360255,23466.588278039693
1786528800,220.5578178360255,220.5578178360255,219.2340102390293,219.36292065697043,4495.415090310894
1786532400,219.36292065697043,220.4793106731829,218.7855283978409,219.38333348079428,20856.298483155853
1786536000,219.38333348079428,221.6752689646177,218.15697604071136,221.12337146669665,101072.90702452492
1786539600,221.12337146669665,224.41763430587625,220.0897086048828,223.8013085934797,238952.6299375216
1786543200,223.8013085934797,225.866323887913,221.71901092701853,223.37316958338013,162913.76020701203
1786546800,223.37316958338013,224.75572554946052,222.92424386695933,224.02945496830583,48606.44227751659
1786550400,224.02945496830583,224.39014125606988,221.82230821770224,223.73246856692737,37593.35892720978
1786554000,223.73246856692737,224.9283866228722,222.96839575385616,224.56057958177183,26230.22534940552
1786557600,224.56057958177183,225.0047063927388,222.5296931418156,224.1240754037199,37179.041201878914
1786561200,224.1240754037199,224.92695585144696,222.41360970034623,224.4484629847536,61301.54426087217
1786564800,224.4484629847536,224.76982556295152,222.74481627598212,222.74481627598212,17454.07570243302
1786568400,222.74481627598212,224.41435343438664,222.74481627598212,224.00937674559964,5902.5930672219165
1786572000,224.00937674559964,224.45503447443028,222.89942411006732,222.94042230597756,1098.6650617445107
1786575600,222.94042230597756,223.8710310036345,222.94042230597756,223.37463527044588,1279.9446316549518
1786579200,223.37463527044588,224.66128593382888,223.24567030747963,223.93607611328315,13209.96422798183
1786582800,223.93607611328315,225.19096177794032,223.93607611328315,225.07737987668008,1132.9873456114308
1786586400,225.07737987668008,225.07737987668008,223.41592581500888,224.03900797928867,5600.278742235254
1786590000,224.03900797928867,225.10169900852796,223.67695623969863,224.56906551737785,796.1903813036906
1786593600,224.56906551737785,225.16232615275317,222.5109669003409,224.72457639363176,2165.8830084251454
1786597200,224.72457639363176,225.0743800546965,224.2216411770785,224.2216411770785,4102.601595378736
1786600800,224.2216411770785,225.01440411202984,224.00213153688176,224.85591321498413,4099.820990731721
1786604400,224.85591321498413,224.85591321498413,222.9912377369001,223.4926666488127,5687.557066797609
1786608000,223.4926666488127,224.6468589336868,223.0964783586637,224.5094312334947,12486.67077475634
1786611600,224.5094312334947,225.2761290656065,222.86139473241568,224.81284982542095,15887.36698058118
1786615200,224.81284982542095,225.10743968606607,224.12260271418492,224.24183455013733,6440.847748687064
1786618800,224.24183455013733,224.72843682085897,223.790971190184,223.87365397423812,8090.364813526001
1786622400,223.87365397423812,224.45798893290032,222.48301273861745,223.7353381077602,33931.4946702689
1786626000,223.7353381077602,227.4497587286025,223.2892316053301,225.71440055147525,318942.8100258629
1786629600,225.71440055147525,227.25531947814503,223.83341949515844,225.0144414003049,75621.90315831563
1786633200,225.0144414003049,226.05565269566617,222.8149999516827,224.84418243869217,97066.8119150845
1786636800,224.84418243869217,226.719237596773,223.67997552858955,224.99004540405056,59406.2785863453
1786640400,224.99004540405056,226.50961875352291,224.5712981053189,225.5236256185441,26184.32770507419
1786644000,225.5236256185441,226.5202685689849,224.99504427153988,226.50353888618145,12675.74114033328
1786647600,226.50353888618145,227.07316140708969,224.4306778779637,224.88648097030824,43221.41410171226
1786651200,224.88648097030824,226.3260318288356,224.34061612518047,225.08294864165765,8923.37497108922
1786654800,225.08294864165765,226.21985402484063,224.70074469115917,226.2055086741652,3033.21449033214
1786658400,226.2055086741652,226.4982378428408,224.74730097396707,225.1880799767044,4889.777568983244
1786662000,225.1880799767044,226.2722560574174,224.5172186692819,225.1226567476761,9017.466769485824
1786665600,225.1226567476761,225.94439801276727,224.44515702062267,224.44515702062267,8095.012098289898
1786669200,224.44515702062267,225.62882033706148,224.35392977939208,224.94305140635555,10559.080809712515
1786672800,224.94305140635555,225.75048998223804,224.94305140635555,225.11573628740064,4906.073983740684
1786676400,225.11573628740064,226.1054238390311,224.53321327753915,224.53321327753915,123.17930475379566
1786680000,224.53321327753915,225.5740055293706,224.53321327753915,225.48429642307065,1369.929245442318
1786683600,225.48429642307065,225.48429642307065,224.84040565464736,224.84040565464736,293.3300411263857
1786687200,224.84040565464736,225.5841291744256,224.84040565464736,225.16343503479607,1808.1667011251263
1786690800,225.16343503479607,225.8727449268947,224.85800383131615,224.95236946648404,4219.009852917994
1786694400,224.95236946648404,226.2115428731996,224.7278491283193,226.2115428731996,10339.304140003444
1786698000,226.2115428731996,226.71245730474783,225.7580082993768,225.8192474101789,5386.095650315754
1786701600,225.8192474101789,226.8190283718251,225.3577289272777,226.8190283718251,7799.020592622815
1786705200,226.8190283718251,226.88064811821548,225.4090709664313,226.2151864982749,7519.4361016082175
1786708800,226.2151864982749,226.95931062287184,225.1669265622316,226.02957660422928,48104.32624232946
1786712400,226.02957660422928,228.29188065342788,224.5570195532893,225.1258575859376,155424.5784118379
1786716000,225.1258575859376,227.5478900869645,224.1201568432789,226.51591120619136,103809.4615360776
1786719600,226.51591120619136,226.51591120619136,223.69819619644392,225.04948381314568,51127.220376038415
1786723200,225.04948381314568,226.18116153157607,224.0994194331153,224.90966990650963,16075.310258082356
1786726800,224.90966990650963,226.2163443884033,224.08148537203385,225.82142764713456,5108.6611322117415
1786730400,225.82142764713456,226.14484358085863,223.8486601961288,225.08827781760948,19574.149095340403
1786734000,225.08827781760948,226.39103451990832,223.9168718971552,225.2669248778704,31255.45758151093
1786737600,225.2669248778704,225.2669248778704,223.7883040537026,224.2883420767332,1607.5919829510176
1786741200,224.2883420767332,225.32309671160291,224.2883420767332,225.28796559738413,225.45259392653008
1786744800,225.28796559738413,225.28796559738413,224.9107399820903,225.1417979678297,51.05861967071304
1786748400,225.1417979678297,225.5492282215822,224.45970677522968,224.45970677522968,1442.0365435885217
1786752000,224.45970677522968,225.0592441142672,224.45970677522968,225.0592441142672,775.7349797606412
1786755600,225.0592441142672,225.0914564981685,224.156117111231,225.0914564981685,1544.8509522593115
1786759200,225.0914564981685,225.62055162857632,224.4161453868562,224.4161453868562,741.6411917230491
1786762800,224.4161453868562,225.61862512602525,224.27030106333928,225.3551804636325,7629.370126466419
1786766400,225.3551804636325,225.3551804636325,223.96895596744065,223.96895596744065,3186.557622887479
1786770000,223.96895596744065,225.08767118735423,223.96895596744065,224.2938844867236,1.003577083895935
1786773600,224.2938844867236,224.2938844867236,223.7906504529295,224.2683214222979,3.517002546808562
1786777200,224.2683214222979,224.62083791730183,223.58904715682093,224.1513704824601,149.41687104371596
1786780800,224.1513704824601,225.17484414671884,224.1513704824601,224.69899354042636,2652.999312799276
1786784400,224.69899354042636,224.9680667683014,223.4615282046717,224.73643944506117,2992.4250382110336
1786788000,224.73643944506117,224.79744340100748,224.03027170625467,224.09841030659788,1437.0863727200947
1786791600,224.09841030659788,224.92228467777437,224.09841030659788,224.33392393997576,2196.534792587028
1786795200,224.33392393997576,224.7571928064297,224.1419871982065,224.7571928064297,2706.3724289010333
1786798800,224.7571928064297,225.1333997936551,224.56078025244855,224.74847823874669,2231.210831153643
1786806000,224.74847823874669,225.285095718932,224.74847823874669,225.285095718932,13.403225680272271
1786809600,225.285095718932,225.28918342637996,225.285095718932,225.28918342637996,0.0045823819908925
1786813200,225.28918342637996,225.28918342637996,224.4160422448668,224.4160422448668,1.019475250658782
1786816800,224.4160422448668,225.77839959572665,224.4160422448668,224.5543341901852,893.1848679304065
1786820400,224.5543341901852,225.8152490089141,223.89957699515125,224.50310603798337,41923.22380646927
1786824000,224.50310603798337,225.94429392058848,223.70145074717271,225.31194575489957,23163.03279554603
1786827600,225.31194575489957,225.76680227517744,224.67499748506344,224.7009282522965,2373.1482874102226
1786831200,224.7009282522965,225.4297871273479,224.31609338486965,225.1979709824704,2659.146496952649
1786834800,225.1979709824704,225.50039338195745,225.1979709824704,225.50039338195745,0.1687374343598511
1786838400,225.50039338195745,225.51894461055545,225.32824406825424,225.33032539377783,140.7613847323255
1786842000,225.33032539377783,225.5717959286724,223.89951330431157,225.2598426398869,6383.831874865994
1786845600,225.2598426398869,225.59661121786695,224.0940505316299,224.40578084342692,2139.9306821717246
1786849200,224.40578084342692,225.79416642085835,223.69950597309568,224.66923184642852,5077.832640416829
1786852800,224.66923184642852,226.0375650503493,224.66923184642852,225.42086630064568,641.1915946181315
1786856400,225.42086630064568,225.76527156317437,225.19082339495512,225.37030563422664,442.929890086436
1786863600,225.37030563422664,225.37030563422664,225.27777177226253,225.27777177226253,199.44967298579493
1786867200,225.27777177226253,225.75935494992424,224.65009477736933,225.6035845529939,1565.9622562280856
1786870800,225.6035845529939,225.6035845529939,224.66474239317623,224.66474239317623,29.59679172084787
1786874400,224.66474239317623,225.79787538342805,224.66474239317623,225.3149732502636,1053.8899987924074
1786878000,225.3149732502636,228.22821629016408,224.60580153286747,224.90396047376075,349.47170008358114
1786881600,224.90396047376075,224.90396047376075,224.71931088110375,224.71931088110375,32.316850389914904
1786885200,224.71931088110375,225.18079452402176,224.53264702602547,225.18079452402176,274.7661486895745
1786888800,225.18079452402176,225.5617133219383,225.18079452402176,225.5617133219383,201.13216624715471
1786892400,225.5617133219383,225.5617133219383,224.3878228460096,224.87874065016825,816.3015672167217
1786896000,224.87874065016825,225.45202384250925,224.53600151259744,225.45202384250925,1235.6146606553564
1786899600,225.45202384250925,225.6315289504385,224.6325584867037,225.19814104982885,394.0489943286155
1786903200,225.19814104982885,226.00821745370592,224.2342881058155,225.49618426527883,2798.5197258598405
1786906800,225.49618426527883,225.49618426527883,224.456576068415,224.676637990595,923.8413689222848
1786910400,224.676637990595,225.60037863643643,224.676637990595,225.60037863643643,92.63823624431332
1786914000,225.60037863643643,226.28554518260557,224.6104966468048,224.97499589267636,3065.378927079521
1786917600,224.97499589267636,225.93436704139503,223.91848757869985,225.2641009213526,3366.643664984345
1786921200,225.2641009213526,225.701353351192,224.13831694060028,224.684163373732,2225.615686620683
1786924800,224.684163373732,225.9437527341605,223.71732490721783,225.3222615903489,19652.476822672663
1786928400,225.3222615903489,226.39294399133917,224.76874215445065,226.39294399133917,43705.34588942379
1786932000,226.39294399133917,226.87831947168613,224.93896183152023,225.5094848324307,573.0441158115187
1786935600,225.5094848324307,225.95694051295976,224.9875595314719,225.57624919623467,1187.7342336046654
1786939200,225.57624919623467,227.0916360911831,225.57624919623467,225.7096330867609,475.2704164235244
1786942800,225.7096330867609,226.1740497514136,225.7096330867609,226.1740497514136,163.6331624049264
1786946400,226.1740497514136,227.0416689419629,225.2732279239449,226.6448019167348,11987.47531041654
1786950000,226.6448019167348,226.6448019167348,225.8356399998912,226.166543195344,9332.682517949965
1786953600,226.166543195344,227.3313378462052,224.5517674005729,226.6022652866473,10737.82781046967
1786957200,226.6022652866473,227.05172559907612,226.1317188616996,226.40386315420736,1547.2258885594968
1786960800,226.40386315420736,226.885321948976,225.8156509434887,226.19047030110852,2393.0890516257305
1786964400,226.19047030110852,227.34297223941957,225.4792642614917,226.99482685516983,7781.338395000186
1786968000,226.99482685516983,227.7501495268492,225.1828146912854,225.54640392411375,35346.07106676406
1786971600,225.54640392411375,227.77413232133455,224.94219507737023,225.50155722034756,156354.5520328348
1786975200,225.50155722034756,227.20445263818667,224.87937369038545,226.59381534072736,76190.2229265173
1786978800,226.59381534072736,228.685335566755,225.57862918229475,228.44629147707755,60670.48881462948
1786982400,228.44629147707755,228.44629147707755,225.7764960979769,226.25391594713415,37443.61600916716
1786986000,226.25391594713415,227.1741580195221,225.37559509003816,226.0846674767179,26403.17434382524
1786989600,226.0846674767179,226.83815241477137,225.0690806718837,225.76280258899232,15163.52871001354
1786993200,225.76280258899232,226.9287533827137,212.35237414018928,225.74405818018252,20604.082001760467
1786996800,225.74405818018252,228.0077549803883,224.249167527825,225.86660991329896,5216.544355911553
1787000400,225.86660991329896,225.9672453463972,224.41907655951525,224.99224048002063,2971.2626159773326
1787004000,224.99224048002063,225.60854745788149,224.46298320891609,224.6905097626094,1032.7075668577495
1787007600,224.6905097626094,225.8373053861075,224.46686878899789,224.76539319915605,10276.187529881632
1787011200,224.76539319915605,226.33263738057744,224.14222687889165,225.04476680578964,5878.347316026957
1787014800,225.04476680578964,226.3789892647534,223.94681071542945,225.09536145748143,18570.9476069912
1787018400,225.09536145748143,225.09536145748143,222.0545666254484,223.064474521366,35513.441629824
1787022000,223.064474521366,224.18967426368087,221.33649062293253,223.7392306168235,55529.5989037357
1787025600,223.7392306168235,223.7392306168235,222.2053994426153,222.90432153464127,7864.878454440104
1787029200,222.90432153464127,223.2492769910126,221.69440334597343,222.47355112541717,16593.04977486773
1787032800,222.47355112541717,223.2004928374325,220.7818164303064,222.21766756317948,24868.616388810708
1787036400,222.21766756317948,223.25875460665029,221.88556377086852,222.51404429601703,10032.834131453475
1787040000,222.51404429601703,222.55337551505303,220.0003787802565,220.5419264588621,49609.19255957086
1787043600,220.5419264588621,221.40179828670983,219.25860631019887,220.29546563269665,28131.43100240056
1787047200,220.29546563269665,221.3235064201129,219.8838675995256,220.76081514354,14549.231179156755
1787050800,220.76081514354,221.89774665614308,220.213301313375,220.4290010054645,12548.678527573646
1787054400,220.4290010054645,221.82853801771725,219.41000696769729,219.77389092822924,14911.0277346823
1787058000,219.77389092822924,222.17557519423863,218.25256799826948,219.933875799733,191751.7777187197
1787061600,219.933875799733,221.69921795987665,218.38516966387945,219.75201112729988,110138.57684540072
1787065200,219.75201112729988,220.7246433842336,218.72318666536376,219.04127301626616,50132.58021020148
1787068800,219.04127301626616,220.79713751508973,218.99971129705767,220.73172706503496,26830.74855478483
1787072400,220.73172706503496,221.244895806906,219.606558722014,220.2009712615312,10736.237756579752
1787076000,220.2009712615312,221.4061229645868,218.7797770431059,219.87180987176396,32112.85199270185
1787079600,219.87180987176396,220.5185795163695,218.36986806877923,219.76247859436148,35856.05541383389
1787083200,219.76247859436148,220.73995841039687,218.7707926519513,220.04112023515015,12135.426831039736
1787086800,220.04112023515015,220.3625421273979,218.57800321656092,219.48906587672568,7102.773326500601
1787090400,219.48906587672568,220.98854404377505,218.60689737954465,218.79611381739628,14348.725582948053
1787094000,218.79611381739628,219.52045868508463,218.6166093187228,219.4789021987949,2582.784449353605
1787097600,219.4789021987949,219.50374829735628,217.83554700318996,219.2832228795027,25533.432944941324
1787101200,219.2832228795027,220.5320686125252,219.1325034171814,219.6330938495946,13504.11777509562
1787104800,219.6330938495946,220.35313855078925,218.9578246308512,219.58947425584427,10374.644836319729
1787108400,219.58947425584427,219.99385810771025,218.80190245933267,219.53022468844176,2372.445226220836
1787112000,219.53022468844176,219.61486311687835,218.51462636747897,219.25122247085812,9615.71289322735
1787115600,219.25122247085812,219.78744648521,218.52806055868436,219.7220144120461,6933.03587019872
1787119200,219.7220144120461,219.7220144120461,217.61083709324663,219.6975000931373,17447.050904189462
1787122800,219.6975000931373,220.5297976642752,218.97793565723487,219.31255750481745,14431.137751227445
1787126400,219.31255750481745,221.53869455835948,219.31255750481745,220.1882370039376,35412.22064590057
1787130000,220.1882370039376,220.78506552258253,219.97216735879488,220.72697202116464,8761.802231681371
1787133600,220.72697202116464,221.50036454297884,219.9763049837643,220.850005457502,16986.008013293165
1787137200,220.850005457502,221.3494077003044,219.42037593078808,219.7488103319004,23585.527268306225
1787140800,219.7488103319004,222.2969404602798,219.09264181515783,221.85774176005228,47225.99263519149
1787144400,221.85774176005228,223.01763158101377,217.7243162805219,218.34729238726143,222342.6353975894
1787148000,218.34729238726143,220.71567277269656,216.28471769169184,216.98291381547088,154316.14364053082
1787151600,216.98291381547088,220.5847802823981,213.4925456331921,219.28088304925348,32214.384453305436
1787155200,219.28088304925348,221.66028537378983,218.26415234397905,219.00431547881337,61476.76968791885
1787158800,219.00431547881337,219.65311756131825,218.05403674594805,218.70926540514228,7076.990682489165
1787162400,218.70926540514228,220.22411972268824,218.2315336288014,219.4676982125448,49060.11764533865
1787166000,219.4676982125448,220.625130898628,216.888101094832,217.3801745251689,65528.05447762043
1787169600,217.3801745251689,218.94215462446752,216.41618540462,218.46134561482205,9589.3084438994
1787173200,218.46134561482205,219.34125587072597,217.30323628631763,219.3281949124213,13013.320410880711
1787176800,219.3281949124213,219.3281949124213,217.6119578964129,219.04771276916057,8343.51383444404
1787180400,219.04771276916057,219.45727060429329,217.926760082813,218.73759607383656,4999.953581950213
1787184000,218.73759607383656,220.3533741546829,217.62553099310043,219.7858664307036,17026.46561846964
1787187600,219.7858664307036,219.8637661781024,218.31223112991285,218.31223112991285,2358.072596763632
1787191200,218.31223112991285,219.93377542200116,218.31223112991285,219.36036133456503,10238.630258149842
1787194800,219.36036133456503,220.3019705406796,218.87399413775165,218.95997269285792,4438.159495889657
1787198400,218.95997269285792,219.5555886704873,218.74803249474732,219.22347357280165,3759.267464222108
1787202000,219.22347357280165,219.6523335421792,218.27706385313743,218.27706385313743,2152.721428299933
1787205600,218.27706385313743,219.84163325590555,218.27706385313743,219.84163325590555,5471.039947961821
1787209200,219.84163325590555,219.84163325590555,218.4250165550841,219.10514839853377,2951.108686057929
1787212800,219.10514839853377,219.24614586109928,216.7858204904096,217.5039912756898,28382.454321496592
1787216400,217.5039912756898,219.78823522375876,217.4643939597048,218.61760663232735,5703.108143364618
1787220000,218.61760663232735,219.6494355341229,218.0805469744357,218.86503627394055,6476.6854925025245
1787223600,218.86503627394055,219.0112855598912,217.0848556788833,217.5601026879079,24570.89563670188
1787227200,217.5601026879079,218.77610088963056,216.18686962862785,217.795325267344,47828.64927144974
1787230800,217.795325267344,220.4239708282454,216.6471281221616,217.46398954020248,201797.59618222772
1787234400,217.46398954020248,219.33955781146616,216.5854882906589,217.303891333346,136606.46929697282
1787238000,217.303891333346,218.81476297700476,215.2516733988538,216.02910968701727,69495.05989376077
1787241600,216.02910968701727,218.23978966464924,215.75556913301455,217.43020273835248,52614.88363702843
1787245200,217.43020273835248,218.0692059344019,215.7778540095048,216.0444479202077,35717.101701070445
1787248800,216.0444479202077,217.45349005376917,215.9261879424924,217.226336590363,7797.8920454005565
1787252400,217.226336590363,217.70703233138477,215.7148780697348,216.6078502482508,24596.036837800133
1787256000,216.6078502482508,217.42074306428813,216.3285568835534,216.66933917727823,2339.287252981444
1787259600,216.66933917727823,217.55203670274332,216.16699355653316,216.77337919455323,2113.774508662316
1787263200,216.77337919455323,217.57338208561305,216.77337919455323,217.57338208561305,997.8522194036034
1787266800,217.57338208561305,217.57338208561305,216.5041336560909,216.64190949418767,1717.776004864325
1787270400,216.64190949418767,218.1128034807279,216.61480358292008,217.5493600911217,16085.62066626114
1787274000,217.5493600911217,218.55802246234327,216.35346817321744,218.55802246234327,6801.4221025886845
1787277600,218.55802246234327,218.55802246234327,216.65393702237915,218.2814627304435,13379.28839859437
1787281200,218.2814627304435,218.9664154474305,217.1649838378156,217.1649838378156,3216.5847563423763
1787284800,217.1649838378156,218.1494081912756,216.43168674104916,217.48898432504444,6752.415731453635
1787288400,217.48898432504444,218.05487908939068,216.9780500052613,217.36082468728847,607.3050694108811
1787292000,217.36082468728847,218.2880073408011,216.78564434483357,218.1200088211013,2705.8547888891503
1787295600,218.1200088211013,219.096427831753,216.9269600422457,217.89036491343924,12759.310605779505
1787299200,217.89036491343924,219.09180959274968,216.89552207865225,218.50478088985656,16782.270605665428
1787302800,218.50478088985656,219.23495396557644,212.63557115706888,217.04050847887103,196749.85766955448
1787306400,217.04050847887103,217.92297800776203,216.9600457156809,217.4806543207005,7721.703605540292
1787310000,217.4806543207005,219.29666937284983,216.99822113054643,218.52853665235463,27067.999124312184
1787313600,218.52853665235463,218.77193587978527,216.9753125590122,217.35328321998065,17011.11718904798
1787317200,217.35328321998065,219.5736304210141,215.59807304058828,217.42923914288957,201673.3072398633
1787320800,217.42923914288957,217.45713445440936,213.81883883981948,214.64761948453176,64568.299917475415
1787324400,214.64761948453176,217.74865431868048,214.2201734229797,216.43357336900385,67517.35018917156
1787328000,216.43357336900385,217.1460270146227,214.4469706989277,215.1504283596699,30994.51004856811
1787331600,215.1504283596699,216.740881013612,214.46101950773092,216.2314978587458,31673.291154743467
1787335200,216.2314978587458,216.40230576018365,214.5515434988389,215.5122115508761,23382.584656007017
1787338800,215.5122115508761,216.4420813474087,214.21144457654836,215.1530096507265,19265.23070205203
1787342400,215.1530096507265,215.2660087360047,214.41174397703296,215.01837101555043,3351.836961326131
1787346000,215.01837101555043,215.788910273142,214.31941311140108,215.4840234967957,1192.9612538632937
1787349600,215.4840234967957,216.28270454494967,214.3815850252765,215.3489661686386,2847.6229378703742
1787353200,215.3489661686386,216.5409871486887,215.08016203283788,215.62222010840344,7304.307304782311
1787356800,215.62222010840344,215.92091175294271,214.43174256309692,215.1939716031759,6757.352867219181
1787360400,215.1939716031759,216.14221451452983,214.6828527746297,214.6828527746297,1994.0717148746708
1787364000,214.6828527746297,216.34400538110685,214.67454509331884,215.80140904815983,4316.929152949222
1787367600,215.80140904815983,217.02539552068015,214.9775493066206,215.70681123705364,4330.778789803221
1787371200,215.70681123705364,216.19468439004945,215.08683396737777,215.4669498978848,4870.579776462746
1787374800,215.4669498978848,216.85496064250657,214.3569815184684,215.47928096009727,18731.17734010116
1787378400,215.47928096009727,215.68722369854396,214.3733700790889,215.28201566796545,3714.4424043144754
1787382000,215.28201566796545,215.85968489066585,214.58384068090237,215.79277081179825,397.1838672654874
1787385600,215.79277081179825,215.987124497886,214.53381533223524,215.63793475668635,1992.2883345837115
1787389200,215.63793475668635,215.92425973595752,214.57111776040784,215.12194421855577,93.42815714994111
1787392800,215.12194421855577,215.9026149185658,214.72362069204723,215.8923642698064,4403.730698322147
1787396400,215.8923642698064,215.93933855707047,214.8365830666632,215.40335627083303,11375.612457564994
1787400000,215.40335627083303,216.2812310427712,214.9791856220693,216.1108373972211,5186.609958221056
1787403600,216.1108373972211,216.1108373972211,214.39184366034283,214.980055133278,1975.932160824824
1787407200,214.980055133278,215.45635471418197,214.980055133278,215.45635471418197,279.68052431709185
1787410800,215.45635471418197,215.45635471418197,214.37173493603,214.37173493603,447.4428933639256
1787414400,214.37173493603,215.78294108051,214.37173493603,215.78294108051,1260.1180060289305
1787418000,215.78294108051,216.54658856135305,215.16687398590688,216.54658856135305,1037.8985607673426
1787421600,216.54658856135305,216.54658856135305,214.91555442986197,215.48767692158103,2453.805424522935
1787425200,215.48767692158103,216.68112737817995,215.0254039211681,216.62809337726085,8255.58409836626
1787428800,216.62809337726085,216.62809337726085,215.2093349346333,215.2093349346333,78.30523681271508
1787432400,215.2093349346333,216.8083033113864,215.2093349346333,216.1345164148668,885.3062099859044
1787436000,216.1345164148668,217.08724121666296,215.3875000734332,217.08724121666296,316.3815120850164
1787439600,217.08724121666296,217.08724121666296,215.61474277401837,215.61474277401837,405.2190510691097
1787443200,215.61474277401837,217.4561738265922,215.00440422029095,216.44467097288808,7141.139623994899
1787446800,216.44467097288808,217.7402214473788,215.3720335215893,216.72241348015345,8236.63770727604
1787450400,216.72241348015345,216.72241348015345,216.07600369550264,216.07600369550264,971.5031188314944
1787454000,216.07600369550264,217.42883437079885,216.07600369550264,216.63554779992856,3336.335018392497
1787457600,216.63554779992856,217.53336289401705,215.9888904144546,217.0601219560689,4908.875756748721
1787461200,217.0601219560689,217.84636152309923,215.9511000427071,217.84636152309923,1505.55373006469
1787464800,217.84636152309923,217.84636152309923,216.24788633651744,216.3695341250028,1108.8629718930292
1787468400,216.3695341250028,217.38091304879936,216.09950430931212,216.6791411113012,710.5218174898091
1787472000,216.6791411113012,217.65367095736573,216.2942043962891,217.3744367609367,4088.954054153567
1787475600,217.3744367609367,218.30094515532952,216.97610414680207,217.56955394581888,700.0222107748971
1787479200,217.56955394581888,218.05003274197037,216.53970824104516,217.1729487158873,806.8030800740908
1787482800,217.1729487158873,217.8606701391775,216.38375853679463,217.34487356508043,3968.036682687751
1787486400,217.34487356508043,218.84866281100395,216.94907132685708,218.84866281100395,21304.74702056624
1787490000,218.84866281100395,218.84866281100395,217.43101517894928,217.5121050954412,6166.453581274251
1787493600,217.5121050954412,219.9716308300997,217.5121050954412,218.96927193552855,19175.69174708424
1787497200,218.96927193552855,219.38758592377275,217.28674642305975,218.16836839652308,5862.50538208041
1787500800,218.16836839652308,219.72877889662132,217.8647610334092,218.2510289881484,1976.540013088692
1787504400,218.2510289881484,220.2356447904966,218.2510289881484,219.98025986712324,8502.729681577634
1787508000,219.98025986712324,220.3969483797078,218.23979683631148,219.10137230507289,14595.938047877522
1787511600,219.10137230507289,220.5241794209194,217.961335257875,219.79324967911464,15012.44251461746
1787515200,219.79324967911464,220.79790532027235,219.11832987161927,219.91101522795896,2211.4496447325723
1787518800,219.91101522795896,220.2684949920451,218.05396541399688,218.60102443801165,5755.420948897455
1787522400,218.60102443801165,219.87853217162996,217.23448383207705,219.4911788900718,32395.63123979979
1787526000,219.4911788900718,219.836906175652,217.1977021206489,217.9963857865383,40388.05277501588
1787529600,217.9963857865383,218.4115935007045,215.68003259261968,216.10546878648216,150733.37056701645
1787533200,216.10546878648216,218.1203853242108,216.10546878648216,216.8294498699528,11330.707621477926
1787536800,216.8294498699528,217.23111078412003,215.63304959482517,216.84596636285477,11771.923009050355
1787540400,216.84596636285477,217.1963471806316,215.8900109339896,216.21154212963043,11436.36098518462
1787544000,216.21154212963043,217.30805155900373,215.33042974929765,216.08229161165687,3788.4025995671386
1787547600,216.08229161165687,216.9276332061815,214.89122720753528,215.47666851291143,22523.85656072972
1787551200,215.47666851291143,216.23333254230064,214.3807670953261,215.00618353020096,16497.969179603922
1787554800,215.00618353020096,216.46727049335908,214.11666036336808,214.37202786144496,8805.82744463682
1787558400,214.37202786144496,215.85199989988496,214.26906976754796,214.62120115988893,29647.616893923758
1787562000,214.62120115988893,215.36242640157948,213.76386021319533,214.95883076715376,5696.451433684478
1787565600,214.95883076715376,215.8387084223241,213.52102397574103,214.6580060808552,15140.37925171974
1787569200,214.6580060808552,215.49267707220312,212.38053855222265,214.4058376769844,69361.11837894833
1787572800,214.4058376769844,215.950894603718,213.62551086374447,215.8040603415612,24828.34220673604
1787576400,215.8040603415612,216.91134104832665,208.7506328947482,209.68528067458496,217106.348549544
1787580000,209.68528067458496,211.42376964357896,208.3674862587056,210.88708477137249,80652.16795681452
1787583600,210.88708477137249,211.8920390120328,208.40685301370263,210.5877337814561,87815.26745375429
1787587200,210.5877337814561,212.3906546430365,209.1963229223924,210.0531165574258,250993.04395890597
1787590800,210.0531165574258,211.462090861104,208.4187093792518,208.94304631118217,54165.47017475855
1787594400,208.94304631118217,211.15696359003385,208.33957176107427,208.45865075596703,42286.100056945215
1787598000,208.45865075596703,210.1889954571406,207.37651727081573,208.6841784309032,62570.77026121762
1787601600,208.6841784309032,209.74532708335607,207.32510862512007,207.92131987822592,19989.758739155477
1787605200,207.92131987822592,209.50529559973288,207.92131987822592,208.1605077786269,6022.481498284454
1787608800,208.1605077786269,209.71928630204573,207.7440313697892,208.5634746374901,1577.544705284434
1787612400,208.5634746374901,210.0297483182824,208.1970924132136,209.02822550198172,2663.6086171680604
1787616000,209.02822550198172,210.3225867124082,207.4684489930554,209.95385687453648,32034.316670786007
1787619600,209.95385687453648,210.63565386680295,208.3739100723246,209.94305619548047,8017.106030322974
1787623200,209.94305619548047,210.74796645643693,208.43842184018396,208.991793785767,11173.664766180184
1787626800,208.991793785767,210.5003238659883,208.56717322483112,209.6817483609255,12015.872220589004
1787630400,209.6817483609255,210.8870399608969,209.0041693806395,209.98524281104105,11398.17022393541
1787634000,209.98524281104105,211.4596582115042,208.6206428293357,211.15156585506355,14739.060478785255
1787637600,211.15156585506355,211.8373383230298,210.15785673796057,210.2813973558121,10427.709991219645
1787641200,210.2813973558121,211.3614771372677,209.5963765443197,210.91388759337903,14198.701568457318
1787644800,210.91388759337903,211.12069345302697,209.5653674598985,210.97164241261632,18099.382649436156
1787648400,210.97164241261632,212.32122364726027,210.3405497499643,211.6517698484761,27816.118223771027
1787652000,211.6517698484761,211.99428315202127,210.9210582619375,211.22127427658944,6394.50501708718
1787655600,211.22127427658944,211.7557486819279,209.57159549689607,211.1972785775102,29328.609725751445
1787659200,211.1972785775102,212.13730083439756,210.25192292022516,211.95109758036403,11715.49223494781
1787662800,211.95109758036403,215.11050286307392,209.67476032284483,213.85199863179176,199097.8218595805
1787666400,213.85199863179176,214.5439192909035,210.71562275570852,212.023611010346,148261.41796434612
1787670000,212.023611010346,212.9798748698098,210.09510484451465,211.72586045582855,48408.25841046865
1787673600,211.72586045582855,213.3446023605636,211.23055547614368,212.4924839607308,21920.478197230022
1787677200,212.4924839607308,213.4229911869652,211.121537058708,212.94486840883292,14540.410212877056
1787680800,212.94486840883292,214.20067928882224,211.29148312907023,213.76976347456204,16332.784211260874
1787684400,213.76976347456204,213.83809468481533,211.6302187668619,212.9750814067697,33588.44680324264
1787688000,212.9750814067697,214.5496473156097,212.59459042620728,213.25327794904103,17709.240569861355
1787691600,213.25327794904103,214.9082062789949,212.88378373683005,213.58937628349,3508.147316650411
1787695200,213.58937628349,214.75997177789776,213.07300069722595,214.75997177789776,5889.987376884563
1787698800,214.75997177789776,214.9520591216444,213.2060085795069,213.2060085795069,9484.409830182183
1787702400,213.2060085795069,214.8498475737508,212.3828255125095,213.0657765129148,9835.928520066906
1787706000,213.0657765129148,213.9672928873664,212.04561197453677,213.0423212719451,6371.260274453127
1787709600,213.0423212719451,214.5876966248618,212.63277027428717,214.12407225109652,13430.02832406383
1787713200,214.12407225109652,215.39617996481763,213.91008385165105,213.91008385165105,2676.2333074876
1787716800,213.91008385165105,215.1787955886072,212.98238885278545,213.55988525728677,6943.169386716865
1787720400,213.55988525728677,214.20930097027787,212.46665963443743,213.83578456189989,1328.9809612915883
1787724000,213.83578456189989,214.42436546932296,212.2233205826401,212.61215176031843,106094.93236910053
1787727600,212.61215176031843,214.6048109375819,212.57085534579656,214.3020930563429,39621.006545842174
1787731200,214.3020930563429,214.66346285030397,212.58953103141337,213.7229105169941,17752.483142279205
1787734800,213.7229105169941,214.65131324189423,212.98565837554105,213.3179557493577,19144.368217788047
1787738400,213.3179557493577,214.4305867122743,212.93290715807356,212.95529537885335,2557.7664505671487
1787742000,212.95529537885335,214.84609991095977,212.27522133458464,213.35431032514043,19263.882824524
1787745600,213.35431032514043,214.01768304751408,211.88157481766564,211.88157481766564,17517.55665374201
1787749200,211.88157481766564,214.4681957050381,210.5612621429541,212.0649395378963,140157.75031414087
1787752800,212.0649395378963,212.7712306746098,209.57412778978244,211.7631235982984,46917.64615453205
1787756400,211.7631235982984,212.1834548655004,209.3079421978765,210.5668740134973,19267.723544792687
1787760000,210.5668740134973,211.70224198875223,208.87579346474465,210.49239234707107,25199.1605725765
1787763600,210.49239234707107,211.9352455274154,209.34100440926312,211.20623167997024,21472.93267396838
1787767200,211.20623167997024,212.2111209841189,209.7516777528628,212.05460503053,23470.780337560253
1787770800,212.05460503053,212.092476387176,208.77993454677468,209.93641702392696,60478.59503706344
1787774400,209.93641702392696,211.81552235755677,204.2255325040121,210.0270397044841,899122.9723202455
1787778000,210.0270397044841,221.42857535270403,208.66535445317,218.84415102202533,941410.8061562458
1787781600,218.84415102202533,219.68736439409452,216.8888132212598,218.6304464958145,65141.768159295534
1787785200,218.6304464958145,219.964176930402,217.14313026749588,219.964176930402,41186.6929671801
1787788800,219.964176930402,220.199044885506,217.80894803500644,219.864072558152,60747.8439499824
1787792400,219.864072558152,223.29006687298929,218.26171637248703,222.2021102728436,61489.23344037877
1787796000,222.2021102728436,222.5102939184962,219.9633305050629,221.20663174685495,23045.038943445084
1787799600,221.20663174685495,222.39431011013068,220.31986839398607,221.7634272652804,14827.570907204696
1787803200,221.7634272652804,222.4061262312161,220.35111731472625,220.35111731472625,8809.99887637458
1787806800,220.35111731472625,221.84403691479835,220.021360748702,221.4688781304901,12431.18516439559
1787810400,221.4688781304901,221.88092613778585,219.08851532167623,220.36066812158683,35571.760372870005
1787814000,220.36066812158683,223.22969517665857,219.7778070004304,222.65217547982004,51151.66096666816
1787817600,222.65217547982004,227.03350549032092,221.24278957837532,225.90713536583613,112924.92848172876
1787821200,225.90713536583613,226.89932415422967,223.84414854073276,225.19883318045964,36432.27879395703
1787824800,225.19883318045964,225.76608196667988,223.2059792247393,223.57938976276571,33083.60466178326
1787828400,223.57938976276571,224.7384179886972,221.12499551102368,222.99626487108992,92936.28372503194
1787832000,222.99626487108992,223.88379985916177,221.55727157199027,222.65810840774205,61162.36179747922
1787835600,222.65810840774205,226.1358091301423,220.64214175208215,225.04719151517943,569306.4586072566
1787839200,225.04719151517943,227.48164231226767,222.8011918160761,227.25116035103895,213377.7987683275
1787842800,227.25116035103895,228.14348667805345,223.8770667474786,225.8718036053236,107685.96990365809
1787846400,225.8718036053236,230.1404357385321,225.41292689203476,229.22169745456992,68080.22863774278
1787850000,229.22169745456992,231.02262445923947,227.2751328524492,227.57073958882236,49067.01564249663
1787853600,227.57073958882236,228.7790549042629,224.8089364907608,225.18470511071664,85108.64404411052
1787857200,225.18470511071664,229.67708935135104,224.8497892888418,227.25428504199064,109250.72445489767
1787860800,227.25428504199064,229.0327961662615,226.1736724908636,226.91647386989777,17528.218115654272
1787864400,226.91647386989777,227.59681729756863,225.3889728985024,226.2889884249817,18691.808998183475
1787868000,226.2889884249817,227.0804764427191,225.65635613636223,227.0804764427191,5371.315601350598
1787871600,227.0804764427191,227.1296285167192,224.88396627172705,227.0933906268825,10112.109993384063
1787875200,227.0933906268825,227.6679306319242,225.07031230022196,227.1621727543415,28195.55177590552
1787878800,227.1621727543415,228.18307780706823,225.1599093628899,226.7923697797469,13075.839019346104
1787882400,226.7923697797469,227.6771091476166,225.53061611121717,225.72455482474783,6220.751125469591
1787886000,225.72455482474783,228.205760934794,225.72455482474783,225.86388646190164,9836.810891134794
1787889600,225.86388646190164,227.51803118695253,225.7799273037272,226.91443270814352,3339.731256176604
1787893200,226.91443270814352,227.28713419406847,225.5859491621526,227.06377918582305,10524.287446130133
1787896800,227.06377918582305,227.9917850997816,225.596376354854,227.1348868819712,9511.415572125386
1787900400,227.1348868819712,227.36090944517184,225.50436810082465,226.23570279669053,8744.155149157468
1787904000,226.23570279669053,226.81353372489644,224.38334600729587,224.93092299569477,16493.28685402779
1787907600,224.93092299569477,226.82954311425212,224.6954662159245,225.2363055942596,9919.342320852744
1787911200,225.2363055942596,227.3023832487148,225.2363055942596,226.4762986040088,10726.884402293072
1787914800,226.4762986040088,228.256123804056,226.07158130222305,226.1858478991876,12330.579039749766
1787918400,226.1858478991876,228.39867198327704,226.1858478991876,227.8194203279977,14895.067172866566
1787922000,227.8194203279977,229.7078298910638,224.124969983364,225.0987238691596,299770.4688990284
1787925600,225.0987238691596,227.45599612160865,223.0669318258246,227.06854154256516,107037.5000075508
1787929200,227.06854154256516,227.62854076867768,220.96736110821425,221.24084616866676,101425.78544056918
1787932800,221.24084616866676,222.5021473664863,219.26762215337985,220.96897671011368,82374.0189802863
1787936400,220.96897671011368,220.96897671011368,217.75689573654512,218.3394463636572,71225.22017361333
1787940000,218.3394463636572,220.0575200624965,216.67920689346792,217.4823632248384,40880.91720613766
1787943600,217.4823632248384,218.8018043266009,216.2879147473373,218.23693653534397,53758.41787493584
1787947200,218.23693653534397,218.40429049977524,216.78734850759443,218.2789303207258,3684.124102281224
1787950800,218.2789303207258,218.68970966259292,217.0037665851755,217.6575752823204,5619.112446763755
1787954400,217.6575752823204,219.4426299793544,217.3398640730691,219.0360104774688,5787.987143126312
1787958000,219.0360104774688,219.0360104774688,217.8305272069564,218.28252612815345,311.1624223228972
1787961600,218.28252612815345,218.90026519887823,216.90300798081333,217.17607001917253,5275.671927171841
1787965200,217.17607001917253,218.57282023964237,217.0851584898679,217.57708277940932,3302.0631442059107
1787968800,217.57708277940932,218.92300649485705,217.40841840276016,217.73759259943697,833.3220597403143
1787972400,217.73759259943697,218.8965907851653,217.6300377272097,218.76996376667253,5765.341620193201
1787976000,218.76996376667253,218.76996376667253,217.28011939339268,218.56023463348623,1687.206462353427
1787979600,218.56023463348623,218.76886822558032,217.77616449811904,218.76886822558032,2918.185770907811
1787983200,218.76886822558032,220.110540841046,218.138499691515,218.7143394602195,14370.044834807197
1787986800,218.7143394602195,220.19416547433963,218.65902817016965,219.6571501232876,4806.960417237834
1787990400,219.6571501232876,220.3810948608184,218.46956837767408,218.46956837767408,2894.3961010537564
1787994000,218.46956837767408,219.51616857037115,218.46956837767408,219.51616857037115,429.2065410693036
1787997600,219.51616857037115,220.0448236958252,217.77305279337543,219.24135765889903,40192.87090303492
1788001200,219.24135765889903,220.3938995985979,217.94380718952587,218.76341336897704,9487.88712146498
1788004800,218.76341336897704,219.96229883769465,217.78848909561933,218.61305746282275,660.9359385166518
1788008400,218.61305746282275,219.2653880042572,217.735797398286,218.8320192534527,2360.0871209695183
1788012000,218.8320192534527,219.95240520461445,218.12858079737865,218.72868958482212,2655.9021475736777
1788015600,218.72868958482212,219.7205508350173,218.54136199474797,219.318986846668,1993.4868732987875
1788019200,219.318986846668,219.8642491328829,218.2038570323502,219.8642491328829,5387.150665435269
1788022800,219.8642491328829,219.8642491328829,217.7863285061636,219.85755433059265,6280.730913756869
1788026400,219.85755433059265,219.85755433059265,217.86831630169365,219.561488080176,3002.43399942798
1788030000,219.561488080176,219.561488080176,218.4988231411629,219.1353059997484,1536.6097461155368
1788033600,219.1353059997484,220.4995403048286,218.55014331148777,220.04220140437533,14009.434612193108
1788037200,220.04220140437533,220.4095271712072,217.9642623705136,219.40638260862335,22778.39437058147
1788040800,219.40638260862335,220.30249906035849,218.66787037122347,219.26757229817187,954.245561086572
1788044400,219.26757229817187,220.56817528125347,217.95689053897533,220.56817528125347,9949.50427106909
1788048000,220.56817528125347,220.56817528125347,218.13311517520083,218.70665486397604,4425.538991301694
1788051600,218.70665486397604,219.0191858526128,218.70665486397604,219.0191858526128,1.6027665935580069
1788055200,219.0191858526128,219.56770800486115,218.4260932433667,218.5082527106354,930.7401967435536
1788058800,218.5082527106354,220.05443598581272,218.5082527106354,219.347935105028,1209.1594923763107
1788062400,219.347935105028,220.3383116923733,218.3991023052648,219.14912481884937,69.8420434089855
1788066000,219.14912481884937,219.14912481884937,217.8344516991829,218.8662398786179,229.67522731501495
1788069600,218.8662398786179,219.74535892129504,218.35242710965147,219.74535892129504,399.6651130365
1788073200,219.74535892129504,219.74535892129504,219.10287292766952,219.3219973213219,469.944443769761
1788076800,219.3219973213219,220.0020764280013,218.79065648803677,219.3401477061896,421.3640679538724
1788080400,219.3401477061896,220.4177148758682,218.25963568612,218.2902741432041,8397.209778495704
1788084000,218.2902741432041,219.6945410136312,218.03491795527776,218.88446567970888,2550.7043168854207
1788087600,218.88446567970888,220.14589116301948,218.5003810018692,219.058396069396,640.3627872503816
1788091200,219.058396069396,220.0142205177784,218.51250338566112,219.20239636951067,3277.7715856608734
1788094800,219.20239636951067,220.19197778616072,218.0400322924103,219.56440162466876,31885.532161416635
1788098400,219.56440162466876,220.0167394890863,218.3318124480602,218.6624412257203,2457.7148966559807
1788102000,218.6624412257203,220.5689743942604,218.57462636321085,220.5689743942604,2835.412496963352
1788105600,220.5689743942604,220.5689743942604,217.9980751070603,218.932909159798,4946.047309713271
1788109200,218.932909159798,219.8193728189677,218.71054796603056,219.8193728189677,1701.604399808348
1788112800,219.8193728189677,219.97826371730557,218.5988703216349,219.04306765000297,719.6182242548458
1788116400,219.04306765000297,220.0039551940953,218.49661421880413,219.1648430083249,4395.722551150336
1788120000,219.1648430083249,220.1475367152137,218.42022272798476,219.3195492609885,2194.925614025904
1788123600,219.3195492609885,219.9590815335133,218.29377503870305,218.96039899257136,3620.965215457497
1788127200,218.96039899257136,219.3924868370057,217.4652053636956,218.51109939625093,9021.622553480776
1788130800,218.51109939625093,219.25392534098896,215.93617423349693,217.81133563879837,18952.38849740464
1788134400,217.81133563879837,219.27904182617425,215.46099072829628,218.47804926809263,78906.69616828546
1788138000,218.47804926809263,218.5911401719416,216.7902296629944,217.9313059598524,14017.283986469642
1788141600,217.9313059598524,218.4098426873448,216.6588167687946,218.4098426873448,8772.914429245853
1788145200,218.4098426873448,218.42803254329516,216.98535852361556,217.59280286394667,5458.076668072176
1788148800,217.59280286394667,219.1680763501492,216.9480630320977,219.1680763501492,7023.50530747262
1788152400,219.1680763501492,219.34310359750117,217.79318833897028,218.15689064642456,10480.928617186712
1788156000,218.15689064642456,219.6730017757872,218.15689064642456,219.47288650525115,5757.267500139361
1788159600,219.47288650525115,219.995582070006,218.15933046139887,218.81950936658043,6767.822516922434
1788163200,218.81950936658043,220.1825020605281,218.16194978922968,219.1812189136643,10481.74420040815
1788166800,219.1812189136643,220.44053818012637,218.0196023544036,218.52931559471037,8475.952338306972
1788170400,218.52931559471037,219.70940479614876,218.36833735170805,219.0044209853395,6050.62895946983
1788174000,219.0044209853395,219.8999058186297,218.4116050948788,218.81550930118132,3947.1464201806025
1788177600,218.81550930118132,219.9715251458237,218.37760333320088,218.4201992663059,7808.130425592471
1788181200,218.4201992663059,219.9292565971025,216.20407643927385,219.58072235669985,145861.46933326914
1788184800,219.58072235669985,221.09877561529112,218.40143645201664,220.27137282946788,78885.58051898802
1788188400,220.27137282946788,221.73479258322337,217.3671957545288,219.99835931400835,50553.3592414969
1788192000,219.99835931400835,221.29594785825535,218.9144317141221,220.282932653922,27683.43999139854
1788195600,220.282932653922,220.72534237250903,218.77881512686167,220.6625144154479,16717.622021745792
1788199200,220.6625144154479,220.6625144154479,217.2457414321281,219.26819089731237,33594.306117600565
1788202800,219.26819089731237,221.6783714989504,218.47252181642736,220.7893649697898,50988.51198387404
1788206400,220.7893649697898,221.93847382692397,220.00238203875904,220.7812370058496,5034.69197130558
1788210000,220.7812370058496,221.9852756445481,220.3630812047941,220.95219103103588,2521.530081937131
1788213600,220.95219103103588,221.64157588541755,219.37030225102345,220.98499026428263,3563.1418838066675
1788217200,220.98499026428263,221.52547918745236,219.8106175334244,219.8106175334244,1027.3212350706235
1788220800,219.8106175334244,221.72697059807447,219.183395829155,219.6468230677397,4438.766105195655
1788224400,219.6468230677397,221.04549898286004,219.6468230677397,220.4064634123144,4201.820045364328
1788228000,220.4064634123144,221.36588390044628,219.65777164777617,220.2619787790352,5030.097838361984
1788231600,220.2619787790352,220.8350537710935,219.65147191968808,220.59270030357905,763.2338412275709
1788235200,220.59270030357905,220.64199989756065,219.8383779279328,219.92115370468628,3205.7223053007883
1788238800,219.92115370468628,220.98709543035,219.3782799683423,220.12203523900791,9485.22182306346
1788242400,220.12203523900791,221.7882478624236,219.5640060783263,220.51441229163427,3715.7942573809696
1788246000,220.51441229163427,221.3613323389968,219.63594577176505,220.5920428350779,6863.9722299221385
1788249600,220.5920428350779,220.84027301879297,217.79161235937144,217.89595709358144,28384.219128536755
1788253200,217.89595709358144,219.1366205811444,217.3083750421977,218.24446874474995,10690.883326972971
1788256800,218.24446874474995,219.19235024878333,217.5295319365756,218.39504000382567,6482.232327250738
1788260400,218.39504000382567,218.94236674176636,217.39957595529611,217.89897859926924,13193.144674329707
1788264000,217.89897859926924,218.692193552929,216.4281750686094,217.80460286157373,14131.087330129893
1788267600,217.80460286157373,218.4827601900344,215.13081797799936,217.2829076533638,95051.25024619636
1788271200,217.2829076533638,219.4448782134921,216.65962712336173,218.38353592259497,37246.19959428971
1788274800,218.38353592259497,221.69633635648148,217.61286809020703,220.03800065798455,43995.37934660403
1788278400,220.03800065798455,220.75494396216703,218.75536974177584,220.66867444771395,23325.390687169715
1788282000,220.66867444771395,220.66867444771395,217.68187662087303,218.2806995126921,19861.114274971384
1788285600,218.2806995126921,218.97753436908883,216.0137871603264,217.6069431638386,26758.4987452806
1788289200,217.6069431638386,219.05457909422063,216.44948164107976,217.6797629708062,33290.34243727632
1788292800,217.6797629708062,218.00150560233115,216.97511895774304,217.38511488375048,1811.5381447815828
1788296400,217.38511488375048,218.93107755414223,216.60909362702097,217.7276808083927,6220.789541076789
1788300000,217.7276808083927,218.88913729374343,216.62407715164372,218.28081314190015,5557.849241928624
1788303600,218.28081314190015,219.01035433073005,216.4413428491052,217.83458546317684,2691.3998406976266
1788307200,217.83458546317684,218.7396676658722,217.12434511107907,217.8611586838269,4700.305249229378
1788310800,217.8611586838269,218.63941984148505,216.48366391089812,217.25018967109196,6379.211731489782
1788314400,217.25018967109196,218.26272820900093,216.23226758344933,217.4043682370444,10949.111890844344
1788318000,217.4043682370444,218.3260321267026,216.75873520361807,217.3223968011146,2335.4635033799477
1788321600,217.3223968011146,218.4598613365479,216.25697713884784,217.6262002295617,1681.6173617868842
1788325200,217.6262002295617,218.02555653642068,216.50262820674183,216.94212564023476,2865.8966592609754
1788328800,216.94212564023476,218.62391109657088,216.91279479814656,217.21583867340328,4747.776985018318
1788332400,217.21583867340328,218.2002620329148,217.21583867340328,217.90450739772967,1671.2339378449303
1788336000,217.90450739772967,218.461083396304,216.88959330824704,217.14909314472496,10166.559395717628
1788339600,217.14909314472496,217.51846217603304,216.2638711878479,216.84276865368352,3681.944499607349
1788343200,216.84276865368352,217.22083101924977,216.110110926242,216.110110926242,38.78490881920891
1788346800,216.110110926242,218.1119872923826,215.9568810880477,217.0819038616376,12392.696182602818
1788350400,217.0819038616376,219.11646271313344,216.6228397157377,218.42267923933227,22085.321310923235
1788354000,218.42267923933227,221.91008152039376,217.68212739837216,221.91008152039376,104033.84697103588
1788357600,221.91008152039376,225.14936792971136,220.4433967775544,224.20503844102456,100346.00298698572
1788361200,224.20503844102456,228.9552950545356,223.96492038473588,226.9643562054042,99935.07751518316
1788364800,226.9643562054042,228.2753797844751,225.48066080825785,226.23586314206065,50864.27134000455
1788368400,226.23586314206065,226.66321675665324,224.02272267610053,225.3070084657962,25192.10619566579
1788372000,225.3070084657962,225.99892020149343,223.67823709296223,224.27895794450703,13780.223948873794
1788375600,224.27895794450703,225.88556231393136,223.70206424374183,225.0595587008985,13876.458185815653
1788379200,225.0595587008985,225.66847209598836,223.57295932780252,224.5188545923584,8263.303540821918
1788382800,224.5188545923584,226.0598737107145,224.2615453826929,225.0928978529573,20514.70487962444
1788386400,225.0928978529573,225.68293438364748,224.49624605219805,225.1802938235324,5663.55332912792
1788390000,225.1802938235324,226.34717629345116,224.35196807901067,225.0965609114436,6495.789533572405
1788393600,225.0965609114436,226.23423882649885,223.9440615511834,225.38127226537924,5118.292880417556
1788397200,225.38127226537924,226.1351404256566,224.31850926554867,224.73935309912352,3662.312937832092
1788400800,224.73935309912352,225.9706348743249,224.04297115081928,224.93746327150325,2075.8939269915136
1788404400,224.93746327150325,226.7535935131341,224.93746327150325,225.53549804067035,8895.620188342631
1788408000,225.53549804067035,226.74014440534435,225.05249874442657,225.57263159570692,6542.660669368822
1788411600,225.57263159570692,226.8832505445021,224.6072241138972,225.5254027439695,21276.590830258097
1788415200,225.5254027439695,226.973107673867,224.80866659986896,225.66613191025996,862.4904287296845
1788418800,225.66613191025996,227.100581671549,224.95835087172685,225.9396256084752,3356.853108022263
1788422400,225.9396256084752,226.8647734791616,224.52666443994733,225.1634509248784,10016.42073138126
1788426000,225.1634509248784,226.39653835339956,224.756121056183,225.4721231042178,21109.30516868569
1788429600,225.4721231042178,225.82500152427752,224.01061836626656,224.84004763154127,2671.810353744193
1788433200,224.84004763154127,225.6971725722032,223.19102432817903,223.30620702719764,15796.177442681934
1788436800,223.30620702719764,226.22268646362755,223.0530013156284,225.45929293907565,43911.39071009104
1788440400,225.45929293907565,228.9072721910612,224.57117023017076,228.44017116686516,145113.14154729695
1788444000,228.44017116686516,230.02810165569664,224.9929304519595,225.1479298620675,67551.27948842109
1788447600,225.1479298620675,228.5316658906457,224.73628216491173,227.41780210938205,56802.47713838248
1788451200,227.41780210938205,229.0012313379401,226.600570449392,227.39397509724972,47716.47222178306
1788454800,227.39397509724972,231.0126825715992,226.76467506749373,229.67040454784265,59834.893574113856
1788458400,229.67040454784265,231.5367912286528,228.8244428838504,228.82477560729677,19113.87815347044
1788462000,228.82477560729677,230.9288892833188,228.33994867009332,228.74977001250497,23495.712309201856
1788465600,228.74977001250497,229.83597502388545,228.14519624066648,228.17421492498931,6603.614465171901
1788469200,228.17421492498931,229.7590463661273,228.17421492498931,228.7917039748695,4593.168499077136
1788472800,228.7917039748695,230.74739549379737,228.7917039748695,229.3602686648545,4759.846830242737
1788476400,229.3602686648545,230.8843070057535,229.3602686648545,230.37166071920765,5268.528756493176
1788480000,230.37166071920765,231.3475584451892,229.25223102191455,229.82143278527877,4396.953616700776
1788483600,229.82143278527877,230.74047041785437,228.91988787953483,230.000685972968,5088.02730062292
1788487200,230.000685972968,231.0592883207768,229.86781666594675,230.8002459974082,4080.356418895004
1788490800,230.8002459974082,230.8002459974082,229.6761087980324,229.70067219505248,1571.9272936509417
1788494400,229.70067219505248,231.17004439395424,229.5738252051013,230.52340864998664,5052.305815135017
1788498000,230.52340864998664,231.2358052855247,229.92339182666532,230.84629657175776,6552.369756722418
1788501600,230.84629657175776,231.10073747286887,229.11809509858725,229.6647138247019,6920.681072834767
1788505200,229.6647138247019,230.9665618252669,229.45146982557657,230.384573316652,4783.089253625256
1788508800,230.384573316652,231.5029459579957,229.78217537326788,230.33191776004392,9286.330907288004
1788512400,230.33191776004392,231.78424549149727,229.92058014172488,231.61269404033865,13044.065043250386
1788516000,231.61269404033865,232.7256585657173,231.32476561866784,231.32476561866784,21913.925439194627
1788519600,231.32476561866784,231.76043422794987,230.59561136783057,231.76043422794987,6974.8788020915135
1788523200,231.76043422794987,234.781281552114,229.8300093063321,230.2120196408081,47684.01640475597
1788526800,230.2120196408081,235.31781171822888,229.3831092655649,235.11448651540744,108086.83177059965
1788530400,235.11448651540744,235.33182723919415,231.6609869482864,232.0398532091548,67250.91749195172
1788534000,232.0398532091548,233.0167499438296,230.58174437017303,230.90593000451705,39502.80276336341
1788537600,230.90593000451705,232.76133457080311,229.99527638327243,232.02456980216644,26513.586754318687
1788541200,232.02456980216644,233.2337329863709,230.3445366216456,230.94164699365805,16007.511659689084
1788544800,230.94164699365805,231.76584273631696,229.8381903119312,230.3488790795902,5097.927753641137
1788548400,230.3488790795902,231.68949216015488,229.8148361446102,230.93478659895388,26239.927970812063
1788552000,230.93478659895388,231.03477844724037,229.55772655031168,230.25015669968357,5684.017465948303
1788555600,230.25015669968357,230.9828379248916,229.7974051543198,230.61447467587715,607.7261123668549
1788559200,230.61447467587715,230.61447467587715,229.55233825211675,229.55233825211675,156.82764964877595
1788562800,229.55233825211675,229.55233825211675,229.41518718992788,229.41518718992788,1347.0490904836745
1788566400,229.41518718992788,230.5503924312244,229.41518718992788,230.5503924312244,2304.2156482375835
1788570000,230.5503924312244,231.3430056829947,229.62921760532788,231.01641952688576,994.272058981218
1788573600,231.01641952688576,231.33420459118648,229.25709645152872,230.9313054316164,833.9671831137656
1788577200,230.9313054316164,231.3151387232625,229.61081335472167,230.7502912345261,66.00246087742474
1788580800,230.7502912345261,231.1104299892971,230.0899253481879,230.580475378625,134.63168209493696
1788584400,230.580475378625,231.38064412212228,229.5267213312396,230.597523231651,5346.7750503842735
1788588000,230.597523231651,230.89495736437905,229.92378761009329,230.2277872801967,8.132091028708565
1788591600,230.2277872801967,230.52136271322985,229.91490299819947,230.45316079978625,14.659253546326736
1788595200,230.45316079978625,231.1753665731352,230.01003048294527,230.3802855421411,938.4589585114032
1788598800,230.3802855421411,230.91676322506603,230.0884055819236,230.0884055819236,880.2969906147607
1788602400,230.0884055819236,230.9712614034545,229.53046964650764,230.92801321493152,1791.991917100822
1788606000,230.92801321493152,231.68881231129447,230.25747108256343,230.6329805478193,1265.8188875417943
1788609600,230.6329805478193,231.1682452990256,230.31518622382427,230.8449027917685,399.2338498862305
1788613200,230.8449027917685,231.75979497189576,230.02586865271687,231.61385188374064,2460.5791282193977
1788616800,231.61385188374064,231.93909916106475,230.40111732073493,230.72027012416564,920.9641224780654
1788620400,230.72027012416564,231.65892119606,230.3796782038296,230.45659160990192,2161.425763224798
1788624000,230.45659160990192,231.7268831500692,230.37204249834704,231.67694977031212,2787.841130202619
1788627600,231.67694977031212,232.12710388378812,230.63942930396425,231.83229111363272,739.0742063445227
1788631200,231.83229111363272,232.3810700724952,231.1866154142928,231.4589738854017,1593.2531678651906
1788634800,231.4589738854017,231.64488817454605,230.0567241277145,231.3530282238552,1164.7852783937678
1788638400,231.3530282238552,232.1311267960237,230.53580363614304,230.845416021196,43.58033247854703
1788642000,230.845416021196,231.58275395179652,230.28503145299845,231.1678249727715,1981.0838671841664
1788645600,231.1678249727715,232.15301249265704,230.6656675783593,231.63616447584212,1876.66187430461
1788649200,231.63616447584212,232.50683378883164,230.9836612020856,231.2730435997871,3211.381788554569
1788652800,231.2730435997871,232.26956699498484,229.82606441264463,231.66510868261733,12.014275960730911
1788656400,231.66510868261733,232.29739718726572,230.70333037326705,230.9043981688769,1646.6530547918508
1788660000,230.9043981688769,232.53308960920623,230.2481862513139,231.8754017377297,13929.049070838411
1788663600,231.8754017377297,232.64751130386975,230.29648732070703,231.8322385082816,24405.96875184448
1788667200,231.8322385082816,232.52698621175284,230.7989313951186,231.70721729416368,6794.933780634328
1788670800,231.70721729416368,232.483369582044,230.2837173159652,232.42427241992,6557.10407867402
1788674400,232.42427241992,232.45641548273196,230.76129315636555,231.73230969287272,4504.169167719652
1788678000,231.73230969287272,232.49547940125444,231.23911322337565,232.49547940125444,4977.3609674522495
1788681600,232.49547940125444,233.0779233035209,231.0159168606361,231.83061548818188,7227.066154985434
1788685200,231.83061548818188,233.03171683379105,230.4994757048979,231.79833616201407,29003.24067931616
1788688800,231.79833616201407,233.34118162377857,230.73206632449077,231.65098799482325,22225.26871216681
1788692400,231.65098799482325,232.74120048978995,231.0765721258028,231.6286397903892,6510.462370667946
1788696000,231.6286397903892,232.71403872347176,230.53668326533491,232.5350454757828,10020.834294800416
1788699600,232.5350454757828,232.7614087316184,230.28791910501755,231.4396709020872,11085.406227731586
1788703200,231.4396709020872,233.256700186916,230.52964141201332,231.988813726958,28791.47323094446
1788706800,231.988813726958,233.2541731527168,230.56636162630323,231.2525521699688,36748.76939957789
1788710400,231.2525521699688,232.79349630333056,230.42869505205823,231.5649240852933,17058.142658697467
1788714000,231.5649240852933,233.2139546515877,230.5175192099676,231.89393390731607,35792.565892265964
1788717600,231.89393390731607,233.2631980064929,230.7601091012299,231.7891393162901,125297.555453431
1788721200,231.7891393162901,233.4341052077381,230.395583044592,230.75783910677396,31068.351398776314
1788724800,230.75783910677396,233.0466645952004,230.19163152039047,231.36375506526463,31807.596189548367
1788728400,231.36375506526463,233.11283132193748,230.50796400577693,231.92975273365383,12900.145835262092
1788732000,231.92975273365383,234.50987087201864,230.5376376302033,231.1627199884069,20026.774849375342
1788735600,231.1627199884069,233.126370626319,230.12678349704947,230.9729612877576,217919.40648023537
1788739200,230.9729612877576,233.21536485073932,230.66955312800692,232.0955883756068,62564.41584353108
1788742800,232.0955883756068,233.01760532179225,230.109192678778,231.9085177920334,58323.019526341326
1788746400,231.9085177920334,232.88588240322176,230.58330057829247,232.5785951574412,36701.41491564529
1788750000,232.5785951574412,233.17067133297917,231.0929636217664,232.203469815033,11921.126605081028
1788753600,232.203469815033,233.1864890057814,231.5896972311032,231.96995088767608,11567.607313489876
1788757200,231.96995088767608,233.3011927883058,231.0877400258059,232.7765749966948,7491.463635246205
1788760800,232.7765749966948,233.21281886668712,230.99215767531084,231.69815383868385,8072.0354721597905
1788764400,231.69815383868385,233.8085443986367,231.32108247532364,232.70676480687396,36899.06038420976
1788768000,232.70676480687396,234.29540235138637,232.18738886485045,233.75579116113357,20428.868660392756
1788771600,233.75579116113357,234.4017604147779,231.6053304923942,232.6292900513715,11032.359653060956
1788775200,232.6292900513715,233.77779375273647,231.5563196612236,233.21826905679396,11652.31476458425
1788778800,233.21826905679396,233.576686558628,232.15738996897545,232.2847503820343,8541.623374317785
1788782400,232.2847503820343,233.55403762861812,230.64260416584327,231.71266674959224,4024.7006227985175
1788786000,231.71266674959224,233.83576369871884,231.6258700063174,231.6477409132741,11468.461496883265
1788789600,231.6477409132741,233.93370488031164,231.3239204507961,232.19883272008948,7076.215730954257
1788793200,232.19883272008948,233.67530565693983,231.05891640677504,231.5985802962,13481.214337431968
1788796800,231.5985802962,233.4665270991386,231.04205727003944,232.07907672417628,35620.62644049362
1788800400,232.07907672417628,233.81396725596147,231.0782830275587,232.6043186499037,60075.045254444565
1788804000,232.6043186499037,233.98940975606328,230.5714986972747,232.24002497414253,95185.579323628
1788807600,232.24002497414253,234.1354814006701,231.6123257989209,232.5100508648795,161697.6867170753
1788811200,232.5100508648795,233.92975126751324,231.3237434183166,232.41691323180163,39926.57142354612
1788814800,232.41691323180163,234.0861250206521,231.11448420865665,232.3250521133344,32383.54430596107
1788818400,232.3250521133344,233.4052336082509,230.8409157365364,231.56955549389104,28068.032852889937
1788822000,231.56955549389104,233.17172336561157,230.74037037438995,231.4133605532069,15420.500454787036
1788825600,231.4133605532069,233.7658034570861,229.92634917459984,232.55053555981257,342572.1245689264
1788829200,232.55053555981257,234.1268356143368,230.94240910143483,233.02039506785337,22263.849298529967
1788832800,233.02039506785337,234.2167524586813,231.75479055452925,233.0302129273642,15001.869798952745
1788836400,233.0302129273642,233.9096619066197,231.88222949637088,233.18394011078144,8955.846223692251
1788840000,233.18394011078144,234.2436014555121,231.9712086192797,232.87872009738703,4527.229621123647
1788843600,232.87872009738703,234.1156783751037,231.23313041487756,231.4270882563152,16414.521073820895
1788847200,231.4270882563152,233.59348328375592,231.1171625620009,232.231681420738,11233.611866258978
1788850800,232.231681420738,232.96770205758455,230.72695250972367,231.4203074258755,5626.162844309658
1788854400,231.4203074258755,234.4617582746102,229.6067563989896,231.57652091777237,158897.11192439398
1788858000,231.57652091777237,233.37150781833995,230.10611840120828,231.7556694131573,59777.31376860979
1788861600,231.7556694131573,233.3736614920876,230.57493450029529,232.2093498104838,82118.1349111613
1788865200,232.2093498104838,233.0416896112431,229.9856635623292,230.7325736186643,64964.30553752692
1788868800,230.7325736186643,233.7673105924601,230.60147086004636,232.18006340608707,22073.962152692817
1788872400,232.18006340608707,234.84741805082768,228.29346569191375,231.26790813390383,153965.644497744
1788876000,231.26790813390383,231.29869581014975,226.6851999471272,228.27414590968223,106196.13008511985
1788879600,228.27414590968223,229.11575635693336,226.19933995633545,226.25150283807437,64002.78453473604
1788883200,226.25150283807437,227.95580696058155,224.961575392228,225.99025290719808,49881.91821236972
1788886800,225.99025290719808,227.81331025087425,224.70980494760644,226.75010366816437,136250.81607963078
1788890400,226.75010366816437,227.7872515616357,224.8154319250109,226.7166813341132,20366.66002238913
1788894000,226.7166813341132,227.6287399092403,224.59256707391077,225.22557155387867,123165.53614021948
1788897600,225.22557155387867,227.44722989726645,217.99493380340328,225.9059584789834,68162.10105222238
1788901200,225.9059584789834,227.34769422446848,224.9410930556112,226.26452837711483,49215.825110160375
1788904800,226.26452837711483,227.43888903253773,225.32565738662765,226.9871946992639,12178.500809342824
1788908400,226.9871946992639,227.60119839326464,225.388249028577,225.94944963528155,13700.534905362703
1788912000,225.94944963528155,226.82933580123745,224.99528485399668,225.86111438404103,7119.532080107469
1788915600,225.86111438404103,227.64405916901796,225.0018684235847,226.9909295697433,10042.156397347288
1788919200,226.9909295697433,227.93279121783527,225.38905926767688,226.8497907762913,70990.9280845657
1788922800,226.8497907762913,227.731589849673,224.98046992196456,225.26708264423516,14505.852272856824
1788926400,225.26708264423516,227.69923933486487,225.26708264423516,226.32151649687785,9346.429884329047
1788930000,226.32151649687785,227.75266074521429,225.43316820338097,227.1438891888421,8016.932605670169
1788933600,227.1438891888421,227.8597227205192,225.793825585565,226.04526840974572,3307.7664647789275
1788937200,226.04526840974572,227.74694457829165,225.16632447771624,226.37656676538927,5587.597265064524
1788940800,226.37656676538927,227.65212296633075,225.5148901317451,226.52850395138844,8774.37547947624
1788944400,226.52850395138844,227.836308876246,223.42048825168604,223.42048825168604,27198.707146796183
1788948000,223.42048825168604,226.06556172643923,223.42048825168604,224.33389857461728,25054.7471179984
1788951600,224.33389857461728,225.7848379312211,223.57326135654125,224.7745979916777,15332.525287231065
1788955200,224.7745979916777,226.38887647339325,224.01110612552503,225.0926390898284,13949.002093649236
1788958800,225.0926390898284,227.3523017661776,224.10016277409864,225.2631883900192,105232.37106539388
1788962400,225.2631883900192,226.3116540016616,223.4715317956477,225.80384691416927,121009.34230135912
1788966000,225.80384691416927,226.09441410637027,222.81222559354083,224.12740088480976,86714.83245844049
1788969600,224.12740088480976,225.95371092885784,221.6731773138504,223.9629881707786,26846.00016219512
1788973200,223.9629881707786,225.96563740586015,223.07774611164265,225.16518810078617,57029.21986056682
1788976800,225.16518810078617,226.08029402803595,223.62562979133392,223.89893126991623,45972.52522440851
1788980400,223.89893126991623,225.8793932715488,222.4482035168358,224.1785573171139,191374.7846322859
1788984000,224.1785573171139,225.6544514446884,222.84903243251256,223.47004329468328,373225.7888070642
1788987600,223.47004329468328,225.43546970866208,222.37297245308625,223.66013337035275,28035.8312628188
1788991200,223.66013337035275,225.19919546945647,222.295909403285,224.29460603681764,63522.3362385998
1788994800,224.29460603681764,225.4000985812932,222.64393530310855,224.1699759186808,65417.74760227146
1788998400,224.1699759186808,226.9304691130044,222.4335957919982,223.81465402426852,43229.482519091165
1789002000,223.81465402426852,224.205575263744,221.3296129184721,223.55903490380655,23891.635412217434
1789005600,223.55903490380655,224.4646726216041,221.8053277448708,223.22783445443667,47605.88516747613
1789009200,223.22783445443667,224.89837085701305,222.19834596441527,223.9956504624197,20379.65575568469
1789012800,223.9956504624197,224.74072553723192,222.54476424622845,223.9060095963929,8135.913756139485
1789016400,223.9060095963929,224.6744039014008,222.29093020339872,223.86036654050287,5662.118478042125
1789020000,223.86036654050287,224.4998900513936,222.3397507108456,223.87162185333136,11799.163045667376
1789023600,223.87162185333136,224.8158253507655,222.3853619809177,223.3317061019826,9483.109175133495
1789027200,223.3317061019826,224.86774079084185,222.9833025621793,224.4451897110512,15303.74082667621
1789030800,224.4451897110512,225.2722722305717,222.5348781872104,223.57849657634705,36904.70897565921
1789034400,223.57849657634705,225.31850576975964,222.66213587280288,224.37049100783372,26107.161925146545
1789038000,224.37049100783372,224.94547151751863,221.7409921687708,223.66540846263396,82888.86367821078
1789041600,223.66540846263396,224.24148726220528,219.39801986335056,222.0502951787952,304506.038980829
1789045200,221.90180569579056,223.07847520058564,217.16291122078763,218.31186586368892,305771.2961715455
1789048800,218.31186586368892,220.85361598438024,217.0729694881407,217.7127936505471,196299.92403201674
1789052400,217.7127936505471,221.3631377018765,217.4573974923911,219.19167400565024,376522.04806014174
1789056000,219.19167400565024,221.1606781751295,216.74635729432842,219.57586521947923,152544.0115404235
1789059600,219.57586521947923,220.9549828203666,217.79796935905048,218.23738432684306,86147.73073471706
1789063200,218.23738432684306,220.59112681746484,216.6179691905121,218.35722472673132,83188.32590334117
1789066800,218.35722472673132,220.2839963421472,217.3662232313034,218.20685003385825,83043.38021372852
1789070400,218.20685003385825,220.94859940766844,217.4959908311721,219.76823311593188,72786.10191233558
1789074000,219.76823311593188,221.86466418516684,218.17165100767497,219.51570408261048,313714.42858910095
1789077600,219.51570408261048,221.91457967299613,217.79781800042568,219.683453299212,919633.5562453497
1789081200,219.683453299212,220.60723220657917,217.60918436321916,219.23293036984725,87622.86671745022
1789084800,219.23293036984725,220.5541985535992,217.3969854959353,219.88879382085642,78631.14779456392
1789088400,219.88879382085642,220.96339742922828,217.41153927733413,218.7328934927495,430206.4984339983
1789092000,218.7328934927495,220.66237181236744,217.66238032997668,219.41082195861893,14890.409765356177
1789095600,219.41082195861893,220.71414176290259,215.73917745143993,218.5249686373027,25453.434961935778
1789099200,218.5249686373027,220.5909828136917,217.85348834282186,219.05724037498732,26566.792872159185
1789102800,219.05724037498732,220.98488977786198,217.9602986302912,219.58381488875594,35162.87064920149
1789106400,219.58381488875594,221.53696374007998,218.85741515222256,220.7213270570414,61339.051046105094
1789110000,220.7213270570414,221.90046485758384,219.13904723087376,220.60951320470343,39537.62073085459
1789113600,220.60951320470343,222.17725745598497,219.21897358582282,220.98934177627257,99679.85999158367
1789117200,220.98934177627257,222.2933476340537,219.39854544910975,221.8336191134107,36716.663144265054
1789120800,221.8336191134107,222.4281792169702,219.50343973613542,220.84964763830226,226967.4528272968
1789124400,220.84964763830226,222.30600206200782,218.25934085395815,221.01257572632397,141248.02643227397
1789128000,221.01257572632397,222.86719150349228,217.6864605695843,222.70789212290265,149530.9994529236
1789131600,222.70789212290265,223.23076073694133,218.95528682533032,221.81105158746837,231066.34043503902
1789135200,221.81105158746837,223.76698268405386,219.05467309767366,219.83712087815212,236276.2557180685
1789138800,219.83712087815212,222.78386867574332,218.81637791058074,220.18969868617015,261392.24697599508
1789142400,220.18969868617015,222.04105487761706,218.35626335447847,220.18228343564405,155048.24018544573
1789146000,220.18228343564405,221.89900408067456,218.23558905498052,220.3785110494169,288593.0532519805
1789149600,220.3785110494169,221.88338312732319,218.37359888077395,220.20413686709054,402667.23872212303
1789153200,220.20413686709054,221.43155632385378,218.25764596059125,219.0432549959283,159973.50009646817
1789156800,219.0432549959283,221.02036072659203,217.59839967092805,219.2307358911159,95930.1129444636
1789160400,219.2307358911159,220.91750743277814,217.63852733751705,219.40300065437714,191281.08384194263
1789164000,219.40300065437714,220.80842924749268,217.22754632222293,219.5832243509917,54561.44501393047
1789167600,219.5832243509917,220.83248847644512,217.72443921332493,218.96787879313933,163308.02912592984
1789171200,218.96787879313933,220.87267631761998,217.33678997821607,220.70089249448174,55874.36172108792
1789174800,220.70089249448174,221.21852641086338,218.1333260581075,219.87320935307153,96967.31679828519
1789178400,219.87320935307153,221.17070301559738,218.13647738640972,220.12037099931752,191301.49656905816
1789182000,220.12037099931752,221.941272118186,218.6342621000575,219.89466430376018,28285.876853822738
1789185600,219.89466430376018,221.35845196343382,218.36918455831648,220.4043744402225,70299.07175997079
1789189200,220.4043744402225,221.39833220463152,218.47648212546918,220.1405260231063,173856.43741650332
1789192800,220.1405260231063,221.2486557235218,218.27480246946698,220.3660650942301,24916.36770285814
1789196400,220.3660650942301,221.55348489521586,218.69789924806665,220.5494952490095,28128.240929475553
1789200000,220.5494952490095,221.2612246236184,218.76786355876686,219.74925852805924,20323.078608336986
1789203600,219.74925852805924,221.62180849932366,218.89520642631655,220.1881776866065,28255.41287871959
1789207200,220.1881776866065,223.08234995797162,218.80957102823908,220.54118308755446,48450.879338957995
1789210800,220.54118308755446,221.29048248918681,218.42140119615618,218.8660273365008,158206.02855275833
1789214400,218.8660273365008,223.1646962111451,218.64165391264308,219.7179413968967,271836.39886847074
1789218000,219.7179413968967,224.58804676180281,217.783477241391,220.3383928003227,277387.12398743525
1789221600,220.3383928003227,221.4719399107111,218.8213778780263,220.2615387427754,81084.09351532295
1789225200,220.2615387427754,221.42980129913525,218.48230360999358,219.81248006922206,92240.63542100476
1789228800,219.81248006922206,221.57169847738822,218.77683000306195,219.72864277317026,80234.14245746695
1789232400,219.72864277317026,221.5105381422892,218.92345628895524,218.92345628895524,53328.71398244305
1789236000,218.92345628895524,220.97771600659127,218.38505742629022,220.45051670948803,62492.00635043607
1789239600,220.45051670948803,221.40773304662883,218.39019759701574,219.95360461898204,65154.19852136883
1789243200,219.95360461898204,221.06936900322535,218.23369754486836,220.56474290108818,83195.88545666418
1789246800,220.56474290108818,220.84094432569802,217.78178542650375,220.0396727400669,42941.144735252885
1789250400,220.0396727400669,220.23327937951956,217.79616105736383,218.89622924537017,35586.53612534261
1789254000,218.89622924537017,220.94090357363694,218.2376094444395,219.04828975629243,13344.233430323115
1789257600,219.04828975629243,220.47250528364438,217.61772855919713,219.65675781668227,17167.44924772133
1789261200,219.65675781668227,220.3475744794237,217.3809276362326,218.7058190339847,54148.04105065193
1789264800,218.7058190339847,219.81714388459366,217.1609717410366,217.34544346674465,58126.40781580729
1789268400,217.34544346674465,219.67450495968745,215.99936977695543,218.27053823735778,23039.732720276184
1789272000,218.27053823735778,219.49568057794633,216.42736207406855,218.61574207043537,7388.314561042226
1789275600,218.61574207043537,219.5851976811244,216.9845490558845,217.54726874527776,16495.14784085761
1789279200,217.54726874527776,219.1322413302864,216.02346502190107,217.38265624807838,8420.64949758304
1789282800,217.38265624807838,218.56095956885204,216.21635300116708,216.94138338853622,13550.984841195888
1789286400,216.94138338853622,217.97825628503992,215.24879779352855,215.51060695532112,10479.19420625764
1789290000,215.51060695532112,217.20692690651896,214.51267370876957,215.6148906029155,15519.107325801127
1789293600,215.6148906029155,217.55365503722334,214.41043605584088,215.48682950752192,18633.835539569533
1789297200,215.48682950752192,217.4324785785291,214.46779577470897,214.67820626280897,43623.63835510862
1789300800,214.67820626280897,216.49163614743958,214.01197493110075,214.6392403063619,18000.837733143653
1789304400,214.6392403063619,216.4035316530643,213.46828386357814,215.13310048733555,20157.75170636191
1789308000,215.13310048733555,217.30338498834232,214.07393330455403,215.60256311454233,37849.51569684855
1789311600,215.60256311454233,217.88573452773198,214.768308405749,216.9125422793323,34744.55093452449
1789315200,216.9125422793323,217.7196212739979,214.73858206711662,215.82809638806035,77621.68510340586
1789318800,215.82809638806035,218.188645101101,214.6908273758595,217.1560811992199,37957.41381256048
1789322400,217.1560811992199,218.11058900356934,215.39793682715754,217.17907095156306,18946.554398755598
1789326000,217.17907095156306,218.1347762399323,214.32996156330734,215.30890433356507,29343.83452235461
1789329600,215.30890433356507,218.0750362394504,214.9298814006601,217.1008916214598,55501.258796384696
1789333200,217.1008916214598,218.34605978938842,215.00996812213472,216.2006072190442,222041.2436418396
1789336800,216.2006072190442,217.532109984317,213.93300191208627,216.1788953384354,207933.10009321405
1789340400,216.1788953384354,217.24791218644327,214.1846068807604,215.7669877571948,81980.05228950927
1789344000,215.7669877571948,217.39475023660626,214.09026579136633,215.13869498423716,81488.66315115817
1789347600,215.13869498423716,216.8279223920159,213.5934295459854,215.99788464215698,41744.406188211615
1789351200,215.99788464215698,217.25886487986148,214.6269501774361,215.43874988888965,14561.578410635571
1789354800,215.43874988888965,217.28294736021806,214.4046753592706,214.68357678151457,15328.666810363206
1789358400,214.68357678151457,216.69633669157844,214.03837914091957,215.42169619946304,11687.320946428465
1789362000,215.42169619946304,216.96501202256923,214.51586421349617,215.7119733048077,13390.816978274022
1789365600,215.7119733048077,217.04181995813698,214.4933110524162,215.55060249220114,8924.195918145133
1789369200,215.55060249220114,216.2651588120995,213.13263462683656,213.88868698491623,16029.301397537536
1789372800,213.88868698491623,219.7781978751722,212.21457506220025,212.71666530266108,42602.80693754652
1789376400,212.71666530266108,214.94893010661474,211.4175964332174,211.92753244741357,29862.248692831672
1789380000,211.92753244741357,213.93650584117597,211.462077148391,212.68884654533224,60148.16457562709
1789383600,212.68884654533224,214.3243523166816,211.97327037699128,212.26951554743016,24041.703547328816
