ts,open,high,low,close,volume
1725973200,107.77,108.39,104.79,107.81,0.0
1725975000,107.97530364990234,109.4000015258789,105.95999908447266,107.29000091552734,87845460.0
1725978600,107.29989624023438,107.54499816894531,106.41600036621094,107.1177978515625,33241851.0
1725982200,107.0999984741211,107.44000244140625,104.94999694824219,105.45500183105469,36994246.0
1725985800,105.44999694824219,106.6500015258789,105.41000366210938,106.19999694824219,24532466.0
1725989400,106.19499969482422,107.47000122070312,106.12000274658203,107.29419708251953,22080720.0
1725993000,107.30000305175781,107.58000183105469,107.02999877929688,107.54989624023438,20222622.0
1725996600,107.54499816894531,108.18000030517578,107.33000183105469,108.0199966430664,20494338.0
1725998400,108.02,108.14,106.894,107.8,0.0
1726002000,107.8,113.3988,100.8826,107.885,0.0
1726005600,107.89,107.89,107.7,107.76,0.0
1726009200,107.75,107.82,107.5,107.6,0.0
1726041600,107.86,107.86,107.31,107.65,0.0
1726045200,107.62,107.62,107.15,107.42,0.0
1726048800,107.44,107.79,107.43,107.61,0.0
1726052400,107.61,107.929,107.6,107.86,0.0
1726056000,107.86,108.71,107.2295,108.55,0.0
1726059600,108.51,109.7,107.52,109.4,0.0
1726061400,109.4000015258789,111.93000030517578,108.47000122070312,109.31500244140625,104156057.0
1726065000,109.30999755859375,109.44999694824219,107.41999816894531,109.31999969482422,50513326.0
1726068600,109.30000305175781,112.87000274658203,109.16500091552734,112.82749938964844,59793549.0
1726072200,112.82050323486328,113.87000274658203,111.70999908447266,113.8550033569336,50045657.0
1726075800,113.86000061035156,115.37000274658203,113.36000061035156,115.27619934082031,50208711.0
1726079400,115.28500366210938,116.13999938964844,114.55999755859375,115.9800033569336,48831566.0
1726083000,115.98500061035156,117.18000030517578,115.66000366210938,116.8499984741211,39897445.0
1726084800,116.91,117.2,116.0351,116.765,0.0
1726088400,116.75,116.91,116.085,116.18,0.0
1726092000,116.18,116.34,116.1,116.29,0.0
1726095600,116.28,116.73,116.25,116.64,0.0
1726128000,117.17,117.85,116.6,117.66,0.0
1726131600,117.63,118.4,117.53,118.19,0.0
1726135200,118.19,118.22,117.56,117.57,0.0
1726138800,117.6,117.9,117.04,117.44,0.0
1726142400,117.43,118.37,116.65,117.9098,0.0
1726146000,117.88,118.0447,108.165,116.86,0.0
1726147800,116.875,119.81999969482422,115.37999725341797,119.6050033569336,110932880.0
1726151400,119.60009765625,120.23999786376953,118.27999877929688,118.66999816894531,61988443.0
1726155000,118.67500305175781,119.30000305175781,117.7699966430664,119.13500213623047,39212589.0
1726158600,119.13939666748047,119.95999908447266,118.47000122070312,119.84010314941406,30068279.0
1726162200,119.8550033569336,120.79000091552734,119.46790313720703,120.40010070800781,38812810.0
1726165800,120.4000015258789,120.48999786376953,119.0999984741211,119.94999694824219,35025996.0
1726169400,119.95999908447266,120.0999984741211,119.0199966430664,119.18000030517578,25774270.0
1726171200,119.23,119.24,106.14,118.72,0.0
1726174800,118.7,160.2169,80.4432,118.79,0.0
1726178400,118.791,119.14,118.47,118.8,0.0
1726182000,118.81,119.14,118.752,119.119,0.0
1726214400,118.91,119.38,118.55,119.2,0.0
1726218000,119.21,119.66,119.07,119.38,0.0
1726221600,119.4,119.41,118.93,119.19,0.0
1726225200,119.19,119.54,118.86,119.52,0.0
1726228800,119.5,119.6464,118.7682,119.37,0.0
1726232400,119.38,120.065,117.445,119.07,0.0
1726234200,119.01000213623047,119.95500183105469,118.0199966430664,118.37000274658203,77115916.0
1726237800,118.37020111083984,119.79000091552734,117.5999984741211,119.41020202636719,41632945.0
1726241400,119.41999816894531,119.55000305175781,118.30000305175781,118.71499633789062,27707927.0
1726245000,118.72000122070312,119.33000183105469,118.44499969482422,119.1050033569336,21624083.0
1726248600,119.1050033569336,119.16999816894531,118.3687973022461,118.61499786376953,17701903.0
1726252200,118.62000274658203,119.12999725341797,118.41999816894531,119.05999755859375,20818196.0
1726255800,119.05999755859375,119.13999938964844,118.70999908447266,119.06999969482422,17327901.0
1726257600,119.07,119.1,118.91,118.98,0.0
1726261200,118.98,121.7733,118.81,118.86,0.0
1726264800,118.86,118.89,118.72,118.76,0.0
1726268400,118.765,118.87,118.75,118.76,0.0
1726473600,118.99,119.05,118.56,118.91,0.0
1726477200,118.9,118.94,118.5,118.57,0.0
1726480800,118.57,118.57,117.68,117.88,0.0
1726484400,117.87,118.1,116.82,116.96,0.0
1726488000,116.97,119.35,116.82,117.19,0.0
1726491600,117.21,119.1,116.6,116.78,0.0
1726493400,116.80999755859375,118.18000030517578,114.36000061035156,117.11499786376953,88468816.0
1726497000,117.12999725341797,117.2499008178711,116.02999877929688,116.625,35852811.0
1726500600,116.625,116.87000274658203,115.71089935302734,116.1698989868164,26871447.0
1726504200,116.16999816894531,116.79000091552734,115.75,116.62000274658203,18889204.0
1726507800,116.62079620361328,117.07499694824219,116.45010375976562,116.66500091552734,17703890.0
1726511400,116.66059875488281,116.68499755859375,116.0999984741211,116.35009765625,17752526.0
1726515000,116.3501968383789,116.79000091552734,116.2300033569336,116.7699966430664,14443184.0
1726516800,116.74,119.245,116.45,116.59,0.0
1726520400,116.59,116.78,116.42,116.55,0.0
1726524000,116.51,116.78,116.51,116.665,0.0
1726527600,116.66,116.7,116.42,116.458,0.0
1726560000,116.89,117.29,116.8,117.2,0.0
1726563600,117.18,117.23,116.84,117.11,0.0
1726567200,117.11,117.9,117.09,117.7,0.0
1726570800,117.73,117.75,117.37,117.58,0.0
1726574400,117.58,118.1499,116.1,118.1,0.0
1726578000,118.0648,118.48,114.815,118.17,0.0
1726579800,118.76000213623047,118.80000305175781,116.54000091552734,117.7499008178711,64854037.0
1726583400,117.73999786376953,118.27059936523438,117.18000030517578,117.20999908447266,28647718.0
1726587000,117.20600128173828,117.5199966430664,115.97000122070312,116.52989959716797,25503727.0
1726590600,116.5199966430664,116.69999694824219,115.66999816894531,116.09500122070312,26392736.0
1726594200,116.08999633789062,116.26000213623047,114.83000183105469,115.37909698486328,25990083.0
1726597800,115.375,115.6500015258789,114.8550033569336,115.3499984741211,21933744.0
1726601400,115.34120178222656,115.6500015258789,114.9800033569336,115.58499908447266,18718670.0
1726603200,115.59,115.64,107.5318,115.43,0.0
1726606800,115.4398,115.59,107.5318,115.44,0.0
1726610400,115.44,115.55,115.4,115.47,0.0
1726614000,115.475,115.53,115.36,115.44,0.0
1726646400,115.78,115.93,114.84,114.86,0.0
1726650000,114.87,115.2,114.85,115.1,0.0
1726653600,115.09,115.4,115.06,115.25,0.0
1726657200,115.25,115.97,115.19,115.71,0.0
1726660800,115.74,116.0,114.8304,115.405,0.0
1726664400,115.4001,118.43,108.58,115.92,0.0
1726666200,116.0260009765625,116.3499984741211,114.61000061035156,115.12000274658203,54005037.0
1726669800,115.12930297851562,115.4397964477539,114.52999877929688,114.82990264892578,24486152.0
1726673400,114.82219696044922,114.8499984741211,113.68000030517578,114.69000244140625,27633139.0
1726677000,114.69999694824219,115.33000183105469,114.56999969482422,115.0999984741211,21073731.0
1726680600,115.09500122070312,117.16999816894531,114.62999725341797,116.7750015258789,49042417.0
1726684200,116.77999877929688,117.69999694824219,113.51000213623047,115.38999938964844,66458647.0
1726687800,115.38999938964844,115.7300033569336,113.22000122070312,113.22000122070312,32757218.0
1726689600,113.42,117.39,112.77,113.34,0.0
1726693200,113.338,117.39,106.2376,113.39,0.0
1726696800,113.4085,113.99,113.39,113.9,0.0
1726700400,113.9,114.57,113.8,114.551,0.0
1726732800,116.1,116.71,116.03,116.26,0.0
1726736400,116.26,117.32,116.16,117.17,0.0
1726740000,117.17,117.21,116.78,117.08,0.0
1726743600,117.07,117.3,116.79,116.9,0.0
1726747200,116.91,119.18,107.21,116.8803,0.0
1726750800,116.92,117.4,106.21,117.31,0.0
1726752600,117.31999969482422,119.47000122070312,117.25,119.22000122070312,95723223.0
1726756200,119.30069732666016,119.5999984741211,118.51000213623047,119.52519989013672,36413875.0
1726759800,119.5250015258789,119.66000366210938,118.7699966430664,119.16000366210938,26693186.0
1726763400,119.16999816894531,119.66000366210938,118.94000244140625,119.49500274658203,23193470.0
1726767000,119.40499877929688,119.48999786376953,118.66999816894531,119.1240005493164,21799497.0
1726770600,119.12999725341797,119.13500213623047,117.61000061035156,118.1449966430664,29362719.0
1726774200,118.16000366210938,118.6500015258789,117.70999908447266,117.9800033569336,21695352.0
1726776000,117.87,118.05,117.52,117.86,0.0
1726779600,117.86,117.96,110.4977,117.79,0.0
1726783200,117.8,117.97,117.74,117.8,0.0
1726786800,117.7996,117.97,117.72,117.87,0.0
1726819200,118.04,118.05,116.63,116.64,0.0
1726822800,116.64,117.39,116.63,117.21,0.0
1726826400,117.15,117.2,116.75,117.05,0.0
1726830000,117.05,117.11,116.66,116.93,0.0
1726833600,116.95,118.37,116.656,117.26,0.0
1726837200,117.25,118.845,115.705,117.06,0.0
1726839000,117.05999755859375,118.61810302734375,116.70999908447266,117.08000183105469,76665867.0
1726842600,117.06999969482422,117.41999816894531,115.39009857177734,115.73999786376953,41470671.0
1726846200,115.73999786376953,116.81999969482422,115.69999694824219,116.67939758300781,31124714.0
1726849800,116.66000366210938,116.66999816894531,116.0199966430664,116.19010162353516,18720226.0
1726853400,116.19000244140625,116.55999755859375,115.5,115.84449768066406,25463820.0
1726857000,115.83999633789062,116.72000122070312,115.69000244140625,116.62000274658203,22337565.0
1726860600,116.625,116.88999938964844,115.72000122070312,116.08000183105469,27559179.0
1726862400,116.1,116.32,107.38,116.03,0.0
1726866000,116.0205,139.0312,87.3127,116.0799,0.0
1726869600,116.08,116.18,116.045,116.14,0.0
1726873200,116.12,116.19,116.042,116.12,0.0
1727078400,116.38,116.81,116.08,116.42,0.0
1727082000,116.41,116.48,116.0,116.4,0.0
1727085600,116.4,116.53,116.22,116.3,0.0
1727089200,116.3,116.35,115.83,116.0,0.0
1727092800,115.99,117.43,115.75,116.379,0.0
1727096400,116.37,118.985,115.905,116.45,0.0
1727098200,116.45999908447266,116.98999786376953,115.44999694824219,116.17500305175781,56701554.0
1727101800,116.17500305175781,116.23999786376953,114.86000061035156,115.5250015258789,32593605.0
1727105400,115.52999877929688,116.3499984741211,115.44000244140625,115.49500274658203,24615527.0
1727109000,115.48999786376953,115.77999877929688,115.2699966430664,115.66999816894531,18461327.0
1727112600,115.66500091552734,116.22989654541016,115.55999755859375,116.11029815673828,14762662.0
1727116200,116.11000061035156,116.6050033569336,115.91000366210938,116.52899932861328,15548684.0
1727119800,116.52940368652344,116.56999969482422,116.1500015258789,116.23999786376953,14358863.0
1727121600,116.26,116.31,116.03,116.05,0.0
1727125200,116.05,116.13,116.02,116.1,0.0
1727128800,116.1,116.1,115.96,115.985,0.0
1727132400,115.97,116.11,115.91,116.0801,0.0
1727164800,116.4,117.27,116.4,117.17,0.0
1727168400,117.16,117.16,116.7,117.03,0.0
1727172000,117.03,117.1,116.64,116.8,0.0
1727175600,116.83,117.01,116.07,116.43,0.0
1727179200,116.44,117.2624,116.07,116.34,0.0
1727182800,116.35,118.005,115.745,116.49,0.0
1727184600,116.51499938964844,117.61000061035156,115.83999633789062,115.98410034179688,56053899.0
1727188200,115.98500061035156,117.44999694824219,115.37999725341797,117.37999725341797,37634844.0
1727191800,117.38990020751953,121.62000274658203,117.37999725341797,120.77999877929688,94116304.0
1727195400,120.78209686279297,121.47000122070312,120.55169677734375,121.29499816894531,36259139.0
1727199000,121.31500244140625,121.80000305175781,121.0999984741211,121.30999755859375,30789973.0
1727202600,121.31500244140625,121.4000015258789,120.43000030517578,120.43099975585938,28892110.0
1727206200,120.43499755859375,121.18000030517578,120.0999984741211,120.94999694824219,28259500.0
1727208000,120.95,121.3,120.82,121.27,0.0
1727211600,121.27,121.3,120.87,121.28,0.0
1727215200,121.28,121.63,121.25,121.63,0.0
1727218800,121.6295,121.83,121.6,121.79,0.0
1727251200,120.6,120.83,120.03,120.51,0.0
1727254800,120.51,120.53,119.73,119.9,0.0
1727258400,119.87,120.5,119.86,120.36,0.0
1727262000,120.36,121.15,120.24,121.08,0.0
1727265600,121.07,121.69,119.7448,121.59,0.0
1727269200,121.6,122.1,116.465,122.02,0.0
1727271000,122.02999877929688,124.93000030517578,121.61499786376953,124.56500244140625,95740250.0
1727274600,124.56500244140625,124.9000015258789,124.01000213623047,124.02519989013672,41870989.0
1727278200,124.0199966430664,124.25,123.05999755859375,123.7970962524414,36973240.0
1727281800,123.80000305175781,123.88999938964844,122.76000213623047,123.25990295410156,27098149.0
1727285400,123.25,123.5999984741211,122.62000274658203,123.5999984741211,24210456.0
1727289000,123.59750366210938,123.5999984741211,123.20999908447266,123.29000091552734,15776500.0
1727292600,123.30000305175781,123.58999633789062,123.22000122070312,123.55999755859375,15319575.0
1727294400,123.51,124.8,123.25,124.41,0.0
1727298000,124.405,124.5299,123.51,124.49,0.0
1727301600,124.49,124.6,123.51,124.5001,0.0
1727305200,124.5,124.64,123.2999,124.58,0.0
1727337600,125.0,126.57,123.65,126.22,0.0
1727341200,126.21,126.34,125.77,125.85,0.0
1727344800,125.84,125.89,125.38,125.77,0.0
1727348400,125.77,126.75,125.55,126.56,0.0
1727352000,126.57,126.98,125.3812,126.46,0.0
1727355600,126.49,126.8,122.235,126.75,0.0
1727357400,126.77999877929688,127.66500091552734,125.52999877929688,125.66999816894531,90395504.0
1727361000,125.67990112304688,125.83999633789062,122.15499877929688,123.53910064697266,65540148.0
1727364600,123.5250015258789,124.4885025024414,122.94999694824219,123.42169952392578,31071894.0
1727368200,123.41010284423828,123.55000305175781,121.80000305175781,122.63999938964844,26191868.0
1727371800,122.64089965820312,124.04979705810547,122.55000305175781,124.029296875,26965092.0
1727375400,124.0250015258789,124.44999694824219,123.52999877929688,124.12999725341797,23400572.0
1727379000,124.13909912109375,124.23989868164062,123.6500015258789,123.98999786376953,16979294.0
1727380800,123.98,125.4798,120.87,123.78,0.0
1727384400,123.78,170.3116,81.2167,123.37,0.0
1727388000,123.38,124.04,123.36,123.62,0.0
1727391600,123.634,123.64,123.25,123.34,0.0
1727424000,122.57,122.89,122.18,122.62,0.0
1727427600,122.6,122.81,122.23,122.36,0.0
1727431200,122.38,122.71,122.23,122.36,0.0
1727434800,122.35,123.23,122.35,123.08,0.0
1727438400,123.09,124.04,122.18,123.6801,0.0
1727442000,123.699,127.23,123.45,123.97,0.0
1727443800,123.9375,124.0,120.91000366210938,121.38009643554688,70060186.0
1727447400,121.30000305175781,121.51000213623047,119.81999969482422,120.25499725341797,47670657.0
1727451000,120.25920104980469,120.95500183105469,119.95999908447266,120.83000183105469,27820965.0
1727454600,120.83000183105469,121.18000030517578,120.19999694824219,120.21920013427734,19945637.0
1727458200,120.21080017089844,120.95999908447266,119.3499984741211,119.3499984741211,24732932.0
1727461800,119.37000274658203,120.5260009765625,119.26000213623047,120.5,27723104.0
1727465400,120.4801025390625,121.97000122070312,120.38500213623047,121.4000015258789,27623003.0
1727467200,121.39,121.45,120.4346,120.98,0.0
1727470800,120.98,121.4,120.95,120.965,0.0
1727474400,120.965,120.98,120.72,120.74,0.0
1727478000,120.73,120.81,120.5,120.565,0.0
1727683200,120.62,120.73,119.1,119.44,0.0
1727686800,119.5,119.54,119.07,119.11,0.0
1727690400,119.11,119.31,118.65,119.05,0.0
1727694000,119.05,119.38,118.351,118.351,0.0
1727697600,118.36,120.98,117.72,118.07,0.0
1727701200,118.06,119.99,117.88,118.28,0.0
1727703000,118.29499816894531,121.2699966430664,118.1500015258789,120.0907974243164,66913853.0
1727706600,120.0999984741211,120.97380065917969,119.66000366210938,120.97380065917969,26448987.0
1727710200,121.06500244140625,121.0999984741211,120.26000213623047,120.71499633789062,21952911.0
1727713800,120.72000122070312,120.80999755859375,119.95999908447266,120.10070037841797,16099303.0
1727717400,120.1050033569336,120.69000244140625,119.18000030517578,119.47000122070312,21885081.0
1727721000,119.47000122070312,120.36000061035156,119.19000244140625,120.08499908447266,23135879.0
1727724600,120.08000183105469,121.5,119.8197021484375,121.48999786376953,22603713.0
1727726400,121.5,126.47,119.41,121.2,0.0
1727730000,121.2,127.9996,120.7,121.06,0.0
1727733600,121.06,121.14,120.95,121.08,0.0
1727737200,121.04,121.44,121.01,121.29,0.0
1727769600,121.43,121.5,121.17,121.33,0.0
1727773200,121.37,121.62,121.21,121.51,0.0
1727776800,121.52,121.83,121.46,121.75,0.0
1727780400,121.74,122.251,121.69,121.9,0.0
1727784000,121.9,122.27,119.1,122.0176,0.0
1727787600,122.005,122.2,121.57,121.75,0.0
1727789400,121.76499938964844,122.43499755859375,117.62000274658203,117.88919830322266,70408748.0
1727793000,117.87000274658203,118.47000122070312,116.19999694824219,117.41999816894531,49018494.0
1727796600,117.41000366210938,118.08999633789062,116.9000015258789,117.4800033569336,32494796.0
1727800200,117.4800033569336,117.5999984741211,115.79000091552734,115.99500274658203,36720338.0
1727803800,115.98989868164062,117.94499969482422,115.88999938964844,117.81009674072266,29536695.0
1727807400,117.81400299072266,118.05999755859375,117.23999786376953,117.4749984741211,24719590.0
1727811000,117.47000122070312,117.47000122070312,116.72000122070312,116.94989776611328,22720466.0
1727812800,116.94,121.045,93.372,116.7,0.0
1727816400,116.67,144.9087,87.616,116.44,0.0
1727820000,116.44,117.0,116.01,116.06,0.0
1727823600,116.07,116.24,115.88,116.0,0.0
1727856000,116.61,119.86,115.99,116.3,0.0
1727859600,116.3,116.35,114.75,115.85,0.0
1727863200,115.82,115.82,114.72,115.47,0.0
1727866800,115.48,116.5,115.4,116.48,0.0
1727870400,116.49,119.86,114.7476,116.6652,0.0
1727874000,116.63,117.85,116.05,116.4,0.0
1727875800,116.41999816894531,118.75,115.13999938964844,118.25,66749149.0
1727879400,118.25,119.23999786376953,117.62999725341797,118.872802734375,30144068.0
1727883000,118.87999725341797,119.29000091552734,118.56999969482422,118.98500061035156,23327842.0
1727886600,118.98999786376953,118.98999786376953,117.83999633789062,118.37920379638672,17473621.0
1727890200,118.36000061035156,118.88999938964844,117.76000213623047,118.62999725341797,17602525.0
1727893800,118.62999725341797,119.16000366210938,118.4800033569336,119.04000091552734,17840580.0
1727897400,119.05000305175781,119.37999725341797,118.76000213623047,118.83989715576172,16622500.0
1727899200,118.83,121.855,116.845,120.625,0.0
1727902800,120.6,128.7753,118.85,120.311,0.0
1727906400,120.33,120.4,118.85,120.295,0.0
1727910000,120.3,120.66,120.13,120.6401,0.0
1727942400,119.01,120.4,118.48,120.05,0.0
1727946000,120.06,120.2,119.56,119.67,0.0
1727949600,119.66,120.37,119.5,120.17,0.0
1727953200,120.17,120.75,120.0,120.5,0.0
1727956800,120.51,121.479,116.42,121.098,0.0
1727960400,121.06,121.49,118.85,120.9296,0.0
1727962200,120.91999816894531,124.36000061035156,120.34010314941406,122.26000213623047,104618154.0
1727965800,122.26000213623047,123.16000366210938,121.77999877929688,122.7249984741211,41186772.0
1727969400,122.72000122070312,123.33000183105469,122.6968002319336,123.04000091552734,24893614.0
1727973000,123.05000305175781,123.06999969482422,121.45999908447266,122.69999694824219,29056405.0
1727976600,122.69999694824219,123.19999694824219,122.38200378417969,122.74500274658203,20102782.0
1727980200,122.74500274658203,122.87989807128906,122.11250305175781,122.1604995727539,18091694.0
1727983800,122.16999816894531,123.0,122.15499877929688,122.83999633789062,18226899.0
1727985600,122.84,122.97,115.995,122.4701,0.0
1727989200,122.5,122.85,117.2213,122.46,0.0
1727992800,122.45,122.9,122.36,122.88,0.0
1727996400,122.8603,122.99,122.65,122.78,0.0
1728028800,123.02,123.25,122.51,123.05,0.0
1728032400,123.05,123.24,122.9,122.94,0.0
1728036000,122.98,123.22,122.68,122.9,0.0
1728039600,122.95,123.65,122.95,123.62,0.0
1728043200,123.64,123.87,122.5183,123.22,0.0
1728046800,123.29,125.15,123.29,124.91,0.0
1728048600,124.80889892578125,124.83000183105469,121.9000015258789,122.5199966430664,80373372.0
1728052200,122.52999877929688,124.0999984741211,122.3550033569336,123.58999633789062,36945317.0
1728055800,123.58000183105469,124.3499984741211,123.26000213623047,123.83000183105469,25045462.0
1728059400,123.83000183105469,124.48999786376953,123.7699966430664,124.03500366210938,18530654.0
1728063000,124.04000091552734,124.5999984741211,123.76000213623047,124.59339904785156,22292813.0
1728066600,124.58999633789062,124.69999694824219,124.30000305175781,124.55500030517578,18383132.0
1728070200,124.55500030517578,125.0199966430664,124.4800033569336,124.88999938964844,24014244.0
1728072000,124.89,124.96,120.59,124.611,0.0
1728075600,124.61,124.7299,124.6,124.62,0.0
1728079200,124.6195,124.7,124.61,124.621,0.0
1728082800,124.64,124.92,122.2,124.4399,0.0
1728288000,124.16,124.52,123.92,124.24,0.0
1728291600,124.23,124.37,123.01,123.08,0.0
1728295200,123.08,123.66,123.08,123.59,0.0
1728298800,123.62,124.19,123.55,124.11,0.0
1728302400,124.11,125.12,123.01,124.74,0.0
1728306000,124.779,125.03,124.26,124.97,0.0
1728307800,124.94999694824219,127.80999755859375,124.94999694824219,127.24500274658203,80097596.0
1728311400,127.24500274658203,128.61000061035156,126.51000213623047,128.5991973876953,47992679.0
1728315000,128.5998992919922,129.64999389648438,128.5500030517578,129.55630493164062,46140495.0
1728318600,129.5594024658203,129.6999969482422,128.80999755859375,129.42970275878906,29112870.0
1728322200,129.44979858398438,130.63999938964844,129.1699981689453,129.72999572753906,49595566.0
1728325800,129.72999572753906,129.7799072265625,127.94000244140625,128.2449951171875,43181861.0
1728329400,128.25,128.6199951171875,127.5199966430664,127.79000091552734,26902103.0
1728331200,127.77,128.47,121.445,128.16,0.0
1728334800,128.1695,133.326,127.72,128.22,0.0
1728338400,128.2198,128.2785,127.72,127.96,0.0
1728342000,127.95,128.1,127.91,128.1,0.0
1728374400,128.08,129.24,127.8,128.94,0.0
1728378000,128.97,129.6,128.61,129.6,0.0
1728381600,129.57,130.16,129.17,130.03,0.0
1728385200,130.01,130.49,129.62,130.26,0.0
1728388800,130.25,130.49,127.72,129.8,0.0
1728392400,129.81,130.4,125.135,130.24,0.0
1728394200,130.3300018310547,131.8800048828125,129.4199981689453,131.63980102539062,88240738.0
1728397800,131.63499450683594,132.9199981689453,131.53500366210938,131.8939971923828,53037326.0
1728401400,131.9001007080078,132.5749969482422,131.61000061035156,132.56500244140625,27024947.0
1728405000,132.55999755859375,132.69000244140625,131.6999969482422,132.0500030517578,21136447.0
1728408600,132.06410217285156,132.63059997558594,131.99989318847656,132.61929321289062,17193286.0
1728412200,132.61500549316406,133.3000030517578,132.27000427246094,133.2899932861328,32581100.0
1728415800,133.2899932861328,133.47999572753906,132.74400329589844,132.93600463867188,23691861.0
1728417600,132.94,132.94,132.49,132.52,0.0
1728421200,132.52,132.89,92.9379,132.825,0.0
1728424800,87.0808,156.7755,82.0062,132.71,0.0
1728428400,132.7205,133.04,132.68,133.0,0.0
1728460800,133.5,133.99,133.15,133.89,0.0
1728464400,133.89,134.85,133.7,134.5,0.0
1728468000,134.5,134.75,134.41,134.55,0.0
1728471600,134.5,134.79,134.2,134.57,0.0
1728475200,134.57,134.84,123.5751,134.5038,0.0
1728478800,134.52,134.689,132.89,134.14,0.0
1728480600,134.2187957763672,134.3000030517578,131.3800048828125,133.9095001220703,87025783.0
1728484200,133.90499877929688,133.9600067138672,132.50999450683594,133.14059448242188,36984056.0
1728487800,133.14930725097656,133.42909240722656,131.47000122070312,132.30990600585938,31493459.0
1728491400,132.30340576171875,132.55999755859375,131.6699981689453,131.98500061035156,20003973.0
1728495000,131.98460388183594,132.67999267578125,131.47999572753906,132.6309051513672,21393569.0
1728498600,132.63999938964844,132.69000244140625,132.1199951171875,132.33090209960938,17609317.0
1728502200,132.3350067138672,132.83999633789062,132.30999755859375,132.625,16425633.0
1728504000,132.63,133.225,124.985,132.35,0.0
1728507600,132.36,134.0171,131.5215,132.34,0.0
1728511200,132.34,132.65,132.12,132.21,0.0
1728514800,132.2,132.36,123.23,132.14,0.0
1728547200,132.5,132.6,131.7,131.91,0.0
1728550800,131.86,131.93,131.35,131.75,0.0
1728554400,131.75,132.23,131.75,132.13,0.0
1728558000,132.15,132.489,131.9,132.42,0.0
1728561600,132.41,132.95,131.3904,132.7,0.0
1728565200,132.69,134.24,130.195,131.96,0.0
1728567000,131.52000427246094,134.2899932861328,131.30189514160156,134.26499938964844,73574479.0
1728570600,134.25999450683594,134.77000427246094,133.4600067138672,134.08009338378906,37325114.0
1728574200,134.0850067138672,135.0,133.94009399414062,134.38470458984375,27402661.0
1728577800,134.3699951171875,134.89999389648438,133.9499969482422,134.7957000732422,25312958.0
1728581400,134.80999755859375,134.97999572753906,134.1300048828125,134.33999633789062,18223135.0
1728585000,134.33140563964844,134.75,133.52000427246094,134.64500427246094,26083908.0
1728588600,134.63999938964844,134.85000610351562,134.16400146484375,134.8000030517578,17638828.0
1728590400,134.83,134.85,134.3953,134.67,0.0
1728594000,134.69,170.3116,85.1408,134.58,0.0
1728597600,134.58,134.79,134.58,134.68,0.0
1728601200,134.67,134.81,134.67,134.79,0.0
1728633600,134.82,134.89,133.9,134.22,0.0
1728637200,134.22,134.5,134.02,134.42,0.0
1728640800,134.42,134.84,134.33,134.79,0.0
1728644400,134.79,135.0,134.63,134.88,0.0
1728648000,134.89,134.99,133.9024,134.73,0.0
1728651600,134.71,134.99,134.0,134.04,0.0
1728653400,134.02000427246094,135.77999877929688,133.66000366210938,135.02980041503906,62079200.0
1728657000,135.0299072265625,135.42999267578125,134.17999267578125,134.95010375976562,29731851.0
1728660600,134.94149780273438,135.25,134.67999267578125,135.1199951171875,17430163.0
1728664200,135.1300048828125,135.14999389648438,134.6699981689453,134.85000610351562,12064169.0
1728667800,134.83999633789062,135.14990234375,134.77000427246094,134.8990020751953,11584827.0
1728671400,134.89999389648438,134.97000122070312,134.55999755859375,134.82000732421875,12431698.0
1728675000,134.81910705566406,134.92999267578125,134.68499755859375,134.75,11468505.0
1728676800,134.73,134.8045,131.88,134.5605,0.0
1728680400,134.565,141.8604,134.5,134.5,0.0
1728684000,134.52,134.8,134.4,134.42,0.0
1728687600,134.4208,134.48,134.28,134.37,0.0
1728892800,135.13,135.77,134.59,135.69,0.0
1728896400,135.69,135.84,135.45,135.56,0.0
1728900000,135.57,135.9,135.4,135.8,0.0
1728903600,135.81,136.33,135.71,135.97,0.0
1728907200,135.98,136.38,134.15,136.24,0.0
1728910800,136.24,136.69,134.075,136.42,0.0
1728912600,136.42999267578125,139.52999877929688,136.3000030517578,139.31500244140625,80017009.0
1728916200,139.3000030517578,139.60000610351562,137.72000122070312,138.02000427246094,35801251.0
1728919800,138.02000427246094,138.52000427246094,137.42999267578125,138.5,22565261.0
1728923400,138.49000549316406,138.73989868164062,138.13999938964844,138.58999633789062,16453146.0
1728927000,138.58999633789062,138.99000549316406,138.49000549316406,138.6907958984375,13863861.0
1728930600,138.6999969482422,139.0500030517578,138.41000366210938,138.74000549316406,19238805.0
1728934200,138.74000549316406,138.89999389648438,137.86000061035156,138.14010620117188,20398623.0
1728936000,138.16,151.7816,88.073,138.28,0.0
1728939600,138.295,151.7816,88.073,138.0498,0.0
1728943200,138.05,138.07,137.89,137.9201,0.0
1728946800,137.925,138.15,137.9,138.0801,0.0
1728979200,137.51,137.68,135.6,135.61,0.0
1728982800,135.58,136.89,135.5,136.8,0.0
1728986400,136.8,136.88,135.91,136.07,0.0
1728990000,136.1,137.46,136.03,137.13,0.0
1728993600,137.12,138.13,134.8,137.1795,0.0
1728997200,137.18,138.0,136.6,137.95,0.0
1728999000,137.5800018310547,138.57000732421875,131.86000061035156,132.11000061035156,98327408.0
1729002600,132.10440063476562,132.8179931640625,128.74000549316406,131.79600524902344,96019919.0
1729006200,131.77999877929688,132.39500427246094,130.00999450683594,130.8350067138672,43374304.0
1729009800,130.83999633789062,131.6999969482422,130.83349609375,131.0800018310547,27417003.0
1729013400,131.0850067138672,132.25,130.8300018310547,131.83999633789062,26669839.0
1729017000,131.8300018310547,132.19000244140625,130.64500427246094,131.19090270996094,28013192.0
1729020600,131.1999969482422,131.97999572753906,130.64999389648438,131.61000061035156,26366584.0
1729022400,131.77,132.0,130.89,131.05,0.0
1729026000,131.05,131.05,100.45,130.9401,0.0
1729029600,130.94,132.9511,130.7,131.29,0.0
1729033200,131.3,131.49,131.21,131.255,0.0
1729065600,132.24,132.6,131.7,131.97,0.0
1729069200,131.99,132.82,131.9,132.47,0.0
1729072800,132.47,132.62,132.32,132.49,0.0
1729076400,132.47,132.79,132.05,132.77,0.0
1729080000,132.75,133.15,131.6,132.72,0.0
1729083600,132.72,139.305,129.055,134.01,0.0
1729085400,133.9550018310547,134.64999389648438,131.5800018310547,134.4219970703125,76813534.0
1729089000,134.44000244140625,134.77999877929688,132.67300415039062,134.16000366210938,40168282.0
1729092600,134.16000366210938,134.33999633789062,133.74000549316406,134.22000122070312,22304078.0
1729096200,134.2200927734375,135.6959991455078,134.1300048828125,135.4770050048828,27949316.0
1729099800,135.47999572753906,136.44000244140625,135.47000122070312,136.4199981689453,30790484.0
1729103400,136.4250030517578,136.6199951171875,135.91000366210938,136.0260009765625,26041553.0
1729107000,136.02999877929688,136.07000732421875,135.3105926513672,135.70989990234375,19418534.0
1729108800,135.69,135.7235,134.2672,135.475,0.0
1729112400,135.48,137.7489,128.7753,135.535,0.0
1729116000,135.525,135.96,135.49,135.92,0.0
1729119600,135.92,136.02,135.5,135.5339,0.0
1729152000,138.43,139.4,137.3,139.12,0.0
1729155600,139.13,139.32,138.83,138.85,0.0
1729159200,138.9,139.33,138.6,139.3,0.0
1729162800,139.3,140.3,139.2,139.859,0.0
1729166400,139.84,140.23,135.41,139.77,0.0
1729170000,139.79,140.3,132.785,139.33,0.0
1729171800,139.35000610351562,140.88999938964844,137.375,139.59019470214844,121602338.0
1729175400,139.63999938964844,139.74000549316406,138.38999938964844,139.64999389648438,40882687.0
1729179000,139.64999389648438,140.2519989013672,139.22000122070312,139.46009826660156,32335890.0
1729182600,139.46499633789062,139.67999267578125,138.89340209960938,139.53990173339844,21696482.0
1729186200,139.53500366210938,139.9199981689453,138.30999755859375,138.66400146484375,23245295.0
1729189800,138.6649932861328,138.97999572753906,137.91000366210938,137.9261932373047,23161284.0
1729193400,137.9499969482422,138.1699981689453,136.8699951171875,136.9199981689453,23689363.0
1729195200,136.92,137.68,136.33,137.29,0.0
1729198800,137.288,146.8387,135.8298,137.39,0.0
1729202400,137.395,137.7,136.93,137.57,0.0
1729206000,137.53,137.55,137.28,137.39,0.0
1729238400,132.87,138.82,132.87,138.5,0.0
1729242000,138.5,138.65,138.3,138.58,0.0
1729245600,138.57,138.6,138.06,138.31,0.0
1729249200,138.31,138.5,137.74,138.35,0.0
1729252800,138.35,138.82,136.9212,138.48,0.0
1729256400,138.48,139.805,132.475,138.63,0.0
1729258200,138.14500427246094,138.89999389648438,137.3800048828125,138.2227020263672,59459699.0
1729261800,138.22109985351562,138.35000610351562,137.4499969482422,137.96499633789062,21659549.0
1729265400,137.97999572753906,138.10000610351562,137.27999877929688,137.5540008544922,15798333.0
1729269000,137.5500030517578,138.6699981689453,137.52999877929688,138.33999633789062,19479007.0
1729272600,138.33999633789062,138.5,138.00999450683594,138.27000427246094,12656560.0
1729276200,138.26499938964844,138.3300018310547,137.8699951171875,138.1800994873047,13544144.0
1729279800,138.18499755859375,138.18499755859375,137.88999938964844,137.97999572753906,12321477.0
1729281600,137.985,138.04,118.85,138.015,0.0
1729285200,138.02,163.7518,87.3127,137.9999,0.0
1729288800,137.99,138.02,137.95,137.965,0.0
1729292400,137.97,138.02,137.91,137.98,0.0
1729497600,138.3,138.84,138.2,138.75,0.0
1729501200,138.71,138.86,138.28,138.38,0.0
1729504800,138.3,138.47,138.16,138.37,0.0
1729508400,138.32,138.77,136.78,137.2,0.0
1729512000,137.15,138.8428,136.8908,137.575,0.0
1729515600,137.59,138.76,137.35,138.05,0.0
1729517400,138.14500427246094,141.8000030517578,138.00999450683594,141.42999267578125,78715899.0
1729521000,141.4300994873047,141.52999877929688,139.94000244140625,140.35499572753906,37727208.0
1729524600,140.35000610351562,141.5500030517578,140.28500366210938,141.07679748535156,22578413.0
1729528200,141.08909606933594,141.6999969482422,140.69000244140625,141.53570556640625,17172594.0
1729531800,141.53500366210938,142.4600067138672,141.52999877929688,142.0699005126953,30023012.0
1729535400,142.0601043701172,142.61000061035156,141.77999877929688,142.47000122070312,21972410.0
1729539000,142.47999572753906,143.7100067138672,142.13999938964844,143.6999969482422,27144345.0
1729540800,143.7,144.4,141.2432,144.23,0.0
1729544400,144.19,144.25,143.71,144.215,0.0
1729548000,144.21,144.3,144.05,144.1298,0.0
1729551600,144.12,144.5,144.01,144.4999,0.0
1729584000,143.1,143.52,142.85,143.17,0.0
1729587600,143.15,143.24,142.68,142.98,0.0
1729591200,143.02,143.33,142.95,143.13,0.0
1729594800,143.12,144.12,142.9,144.07,0.0
1729598400,144.05,144.37,142.61,144.16,0.0
1729602000,144.16,144.2,137.71,142.972,0.0
1729603800,142.2899932861328,144.4199981689453,141.77999877929688,143.52000427246094,79487338.0
1729607400,143.52000427246094,143.75,142.3300018310547,143.26010131835938,32440573.0
1729611000,143.26600646972656,143.49000549316406,142.52999877929688,142.61500549316406,17057980.0
1729614600,142.6199951171875,143.4199981689453,141.9600067138672,143.41990661621094,21629451.0
1729618200,143.4197998046875,144.05990600585938,143.3000030517578,143.35000610351562,22305926.0
1729621800,143.36000061035156,143.75,143.1114959716797,143.74000549316406,17050545.0
1729625400,143.74000549316406,143.86000061035156,143.4499969482422,143.57000732421875,14702197.0
1729627200,143.57,187.4345,99.5712,143.535,0.0
1729630800,143.56,187.4345,99.5712,143.31,0.0
1729634400,143.35,143.59,143.0995,143.19,0.0
1729638000,143.1897,143.47,143.1795,143.3,0.0
1729670400,143.22,143.5,143.16,143.35,0.0
1729674000,143.35,143.39,142.4,142.98,0.0
1729677600,142.99,143.07,142.45,142.45,0.0
1729681200,142.48,142.78,142.01,142.5,0.0
1729684800,142.5,143.59,142.0124,142.7,0.0
1729688400,142.7,143.59,137.465,142.0,0.0
1729690200,141.84300231933594,142.42999267578125,138.25999450683594,140.33999633789062,85128048.0
1729693800,140.35000610351562,141.41000366210938,139.66000366210938,139.73199462890625,40222146.0
1729697400,139.7100067138672,140.6999969482422,139.35000610351562,139.40499877929688,25775688.0
1729701000,139.39999389648438,139.8699951171875,137.6999969482422,138.4387969970703,31996546.0
1729704600,138.43080139160156,138.5,137.4600067138672,138.44500732421875,27671609.0
1729708200,138.44500732421875,139.24000549316406,138.22000122070312,138.9199981689453,30472018.0
1729711800,138.9250030517578,139.85989379882812,138.63999938964844,139.57000732421875,19363612.0
1729713600,139.55,140.55,139.33,140.02,0.0
1729717200,140.02,140.44,139.56,140.4003,0.0
1729720800,140.4,140.4199,139.56,140.26,0.0
1729724400,140.234,140.34,140.12,140.23,0.0
1729756800,140.39,141.88,140.39,141.57,0.0
1729760400,141.56,141.77,140.47,140.56,0.0
1729764000,140.59,141.38,140.59,141.37,0.0
1729767600,141.37,141.41,140.85,141.1,0.0
1729771200,141.08,142.09,140.5295,141.47,0.0
1729774800,141.48,146.26,138.265,140.805,0.0
1729776600,140.82000732421875,141.35000610351562,138.4600067138672,138.52999877929688,57260778.0
1729780200,138.5399932861328,140.02969360351562,138.52000427246094,139.7050018310547,26348227.0
1729783800,139.6999969482422,139.85000610351562,138.7899932861328,139.4250030517578,17309886.0
1729787400,139.42999267578125,140.05999755859375,139.14500427246094,139.53700256347656,14765867.0
1729791000,139.5399932861328,140.13999938964844,139.25999450683594,139.85719299316406,12461923.0
1729794600,139.87600708007812,140.5399932861328,139.60000610351562,140.52999877929688,14405766.0
1729798200,140.52499389648438,140.83999633789062,140.25,140.39999389648438,13277656.0
1729800000,140.41,140.41,139.9781,140.13,0.0
1729803600,140.17,147.5161,140.01,140.15,0.0
1729807200,140.165,140.41,140.15,140.17,0.0
1729810800,140.17,140.3,140.05,140.09,0.0
1729843200,140.89,141.04,140.46,140.76,0.0
1729846800,140.78,140.93,140.66,140.78,0.0
1729850400,140.78,140.84,140.53,140.79,0.0
1729854000,140.8,141.05,140.63,140.85,0.0
1729857600,140.85,143.43,139.685,141.12,0.0
1729861200,141.12,141.2,140.83,140.98,0.0
1729863000,140.94000244140625,143.5500030517578,140.8000030517578,143.45010375976562,59191386.0
1729866600,143.4600067138672,144.11000061035156,143.02000427246094,143.7299041748047,30457488.0
1729870200,143.74000549316406,144.0500030517578,143.30999755859375,143.6199951171875,21337436.0
1729873800,143.61990356445312,143.6300048828125,142.50999450683594,142.5198974609375,16722765.0
1729877400,142.50999450683594,142.74000549316406,140.94200134277344,141.95989990234375,31614170.0
1729881000,141.9600067138672,142.29989624023438,141.6750030517578,141.94290161132812,15965833.0
1729884600,141.94500732421875,142.19000244140625,141.3800048828125,141.47000122070312,13457139.0
1729886400,141.47,142.664,141.1,141.42,0.0
1729890000,141.43,163.7518,99.0848,141.59,0.0
1729893600,141.6,141.64,141.49,141.5399,0.0
1729897200,141.54,141.54,140.77,141.045,0.0
1730102400,142.1,143.3,142.1,143.25,0.0
1730106000,143.21,143.46,143.0,143.35,0.0
1730109600,143.33,143.38,142.91,142.91,0.0
1730113200,142.91,143.14,142.75,142.99,0.0
1730116800,142.98,143.21,141.187,142.98,0.0
1730120400,142.98,143.21,134.81,143.05,0.0
1730122200,142.3697967529297,142.38999938964844,140.88999938964844,141.4600067138672,50535052.0
1730125800,141.46490478515625,141.6999969482422,140.7899932861328,141.01539611816406,25699061.0
1730129400,141.02999877929688,141.07000732421875,140.0500030517578,140.5399932861328,23081781.0
1730133000,140.5399932861328,141.27999877929688,140.17999267578125,141.1699981689453,15707963.0
1730136600,141.17999267578125,141.49000549316406,141.00999450683594,141.24000549316406,13467263.0
1730140200,141.24000549316406,141.3300018310547,140.72999572753906,141.23069763183594,12228507.0
1730143800,141.23500061035156,141.3300018310547,140.39999389648438,140.61000061035156,13105912.0
1730145600,140.62,143.8339,140.27,140.47,0.0
1730149200,140.46,151.7816,127.9996,140.43,0.0
1730152800,140.425,140.43,140.2597,140.4096,0.0
1730156400,140.4,140.43,140.2008,140.23,0.0
1730188800,140.55,140.59,139.62,140.03,0.0
1730192400,140.03,140.14,139.6,139.71,0.0
1730196000,139.7,139.92,139.55,139.77,0.0
1730199600,139.77,140.35,139.77,140.12,0.0
1730203200,140.13,140.68,139.5676,140.0,0.0
1730206800,139.98,141.965,139.69,140.29,0.0
1730208600,140.25,140.72999572753906,138.89999389648438,140.3300018310547,41937597.0
1730212200,140.3300018310547,141.11000061035156,140.1999969482422,141.0388946533203,19797823.0
1730215800,141.0399932861328,142.0,140.6999969482422,141.6800994873047,18853341.0
1730219400,141.6959991455078,141.85000610351562,141.19790649414062,141.48500061035156,14274390.0
1730223000,141.5,141.75990295410156,141.25,141.6999969482422,10575850.0
1730226600,141.69000244140625,142.2550048828125,141.6199951171875,142.08999633789062,14725585.0
1730230200,142.0850067138672,142.1387939453125,141.02000427246094,141.1999969482422,13662138.0
1730232000,141.36,143.1914,140.0593,140.785,0.0
1730235600,140.77,144.9087,140.62,140.92,0.0
1730239200,140.92,141.36,140.82,141.2602,0.0
1730242800,141.27,141.39,141.01,141.39,0.0
1730275200,140.98,141.36,140.6,140.66,0.0
1730278800,140.62,140.66,139.75,140.39,0.0
1730282400,140.4,140.52,140.02,140.35,0.0
1730286000,140.35,141.06,140.18,140.92,0.0
1730289600,140.93,141.338,139.7743,140.28,0.0
1730293200,140.2799,140.51,134.81,139.51,0.0
1730295000,139.44000244140625,139.9149932861328,136.80999755859375,139.3699951171875,61262191.0
1730298600,139.3699951171875,140.17999267578125,138.8300018310547,140.17990112304688,19613802.0
1730302200,140.1699981689453,140.17999267578125,139.47000122070312,139.55499267578125,14023471.0
1730305800,139.5699005126953,140.3300018310547,139.36000061035156,139.82989501953125,11933106.0
1730309400,139.8092041015625,140.27999877929688,138.9600067138672,139.97000122070312,14964589.0
1730313000,139.9600067138672,140.16000366210938,139.32000732421875,139.4199981689453,12164956.0
1730316600,139.4149932861328,139.99000549316406,139.1300048828125,139.17999267578125,14161047.0
1730318400,139.47,139.6,94.1017,139.0,0.0
1730322000,138.99,176.6096,50.1287,139.06,0.0
1730325600,139.03,139.24,137.3501,137.54,0.0
1730329200,137.48,137.99,137.35,137.85,0.0
1730361600,136.81,137.5,136.58,137.42,0.0
1730365200,137.45,137.45,137.03,137.31,0.0
1730368800,137.31,137.45,137.04,137.17,0.0
1730372400,137.23,137.789,137.05,137.67,0.0
1730376000,137.67,139.335,136.05,138.22,0.0
1730379600,138.2,140.595,137.11,137.6,0.0
1730381400,137.61000061035156,137.61000061035156,132.37010192871094,133.80999755859375,82137383.0
1730385000,133.80999755859375,134.17999267578125,133.02000427246094,133.83050537109375,31508825.0
1730388600,133.82000732421875,133.94000244140625,132.3000030517578,133.5850067138672,27711250.0
1730392200,133.5800018310547,133.83999633789062,133.22999572753906,133.3249969482422,14571145.0
1730395800,133.3249969482422,133.42999267578125,132.50999450683594,132.64529418945312,17674160.0
1730399400,132.64990234375,134.0399932861328,132.11300659179688,133.62789916992188,26786914.0
1730403000,133.6300048828125,134.5500030517578,132.41000366210938,132.69500732421875,25757359.0
1730404800,132.55,133.62,132.37,133.215,0.0
1730408400,133.2,142.596,132.76,134.39,0.0
1730412000,134.3901,134.48,134.1,134.17,0.0
1730415600,134.22,134.42,134.13,134.4101,0.0
1730448000,134.88,135.27,134.58,135.12,0.0
1730451600,135.06,135.59,135.02,135.54,0.0
1730455200,135.56,135.57,135.2,135.48,0.0
1730458800,135.48,135.74,134.61,134.88,0.0
1730462400,134.92,135.7,132.429,134.96,0.0
1730466000,134.99,140.855,132.76,134.7,0.0
1730467800,134.66000366210938,137.30999755859375,134.57000732421875,137.1739959716797,61795417.0
1730471400,137.19000244140625,137.2292938232422,135.90049743652344,137.0063018798828,31891433.0
1730475000,137.00999450683594,137.1300048828125,136.0908966064453,136.4001007080078,16319752.0
1730478600,136.36000061035156,136.68499755859375,135.5,136.3300018310547,19585389.0
1730482200,136.3249969482422,136.36000061035156,134.9499969482422,135.4739990234375,18874792.0
1730485800,135.47909545898438,136.0800018310547,135.3311004638672,135.59500122070312,14485066.0
1730489400,135.58999633789062,136.02999877929688,135.03500366210938,135.4199981689453,14798805.0
1730491200,135.41,138.4516,135.29,135.43,0.0
1730494800,135.4,138.92,134.15,138.91,0.0
1730498400,138.9197,139.83,135.4,139.16,0.0
1730502000,139.15,139.46,138.91,139.3199,0.0
1730710800,139.3,139.49,138.62,138.66,0.0
1730714400,138.66,138.91,138.27,138.65,0.0
1730718000,138.67,138.77,138.0,138.03,0.0
1730721600,138.05,138.75,137.73,137.95,0.0
1730725200,137.93,139.99,137.31,137.94,0.0
1730728800,137.98,138.17,130.025,137.225,0.0
1730730600,137.25559997558594,137.99530029296875,135.57000732421875,137.8249969482422,60781340.0
1730734200,137.80999755859375,138.9600067138672,137.2100067138672,138.60609436035156,25903089.0
1730737800,138.61000061035156,138.72999572753906,137.02999877929688,137.7519989013672,22303822.0
1730741400,137.75990295410156,138.0800018310547,137.32000732421875,137.77000427246094,15805625.0
1730745000,137.76499938964844,138.389892578125,137.64999389648438,137.87989807128906,11550013.0
1730748600,137.8699951171875,138.14999389648438,137.49000549316406,137.5,14224016.0
1730752200,137.5,137.5500030517578,136.0,136.0800018310547,18100851.0
1730754000,136.14,137.4851,135.9,136.15,0.0
1730757600,136.1497,136.2,135.76,136.05,0.0
1730761200,136.1,136.2,135.85,136.01,0.0
1730797200,136.24,137.36,136.18,137.1,0.0
1730800800,137.08,137.25,136.81,137.09,0.0
1730804400,137.12,137.2,136.93,137.15,0.0
1730808000,137.15,137.68,136.76,136.8,0.0
1730811600,136.8,137.68,136.0,137.16,0.0
1730815200,137.1694,137.496,136.55,137.46,0.0
1730817000,137.42999267578125,139.35000610351562,137.35000610351562,138.7700958251953,44790395.0
1730820600,138.78089904785156,139.72999572753906,138.72999572753906,139.64500427246094,18847028.0
1730824200,139.64999389648438,140.37010192871094,139.6199951171875,139.69039916992188,20776294.0
1730827800,139.6990966796875,139.97000122070312,139.35000610351562,139.5601043701172,14092325.0
1730831400,139.57000732421875,140.0,139.0800018310547,139.82000732421875,14137270.0
1730835000,139.8249969482422,139.9499969482422,139.25010681152344,139.87339782714844,12962335.0
1730838600,139.86000061035156,139.94000244140625,139.12930297851562,139.91000366210938,14420996.0
1730840400,139.91,147.833,134.315,139.73,0.0
1730844000,139.73,147.833,139.48,139.65,0.0
1730847600,139.64,139.78,139.13,139.685,0.0
1730883600,141.39,142.16,141.38,141.72,0.0
1730887200,141.72,142.48,141.68,142.11,0.0
1730890800,142.11,142.33,141.78,141.8,0.0
1730894400,141.84,142.17,140.17,141.2,0.0
1730898000,141.22,142.4796,133.0012,141.74,0.0
1730901600,141.75,143.03,137.68,143.0,0.0
1730903400,142.92999267578125,144.6300048828125,141.9600067138672,144.06500244140625,78272745.0
1730907000,144.06500244140625,144.30999755859375,143.22999572753906,144.0500030517578,23301199.0
1730910600,144.05499267578125,145.0,143.89999389648438,144.881103515625,22389081.0
1730914200,144.8813018798828,146.3350067138672,144.67999267578125,146.1699981689453,33826579.0
1730917800,146.1699981689453,146.22999572753906,145.4199981689453,146.02000427246094,17108631.0
1730921400,145.99000549316406,146.49000549316406,145.89999389648438,146.24000549316406,20189742.0
1730925000,146.24000549316406,146.33999633789062,145.32159423828125,145.6199951171875,18744290.0
1730926800,145.555,145.75,145.08,145.48,0.0
1730930400,145.5,174.2191,74.3526,145.54,0.0
1730934000,145.54,145.9,145.5,145.66,0.0
1730970000,145.32,145.8,145.01,145.61,0.0
1730973600,145.64,145.7,145.25,145.28,0.0
1730977200,145.28,145.38,144.6,144.84,0.0
1730980800,144.91,145.75,144.84,145.65,0.0
1730984400,145.659,146.29,144.6148,145.75,0.0
1730988000,145.73,146.52,145.6,146.4,0.0
1730989800,146.36000061035156,148.75,146.1699981689453,148.1199951171875,61418565.0
1730993400,148.125,148.3800048828125,147.2899932861328,147.96180725097656,26539772.0
1730997000,147.9600067138672,148.29989624023438,147.7100067138672,148.02999877929688,14263951.0
1731000600,148.02999877929688,148.25,147.4499969482422,147.7899932861328,14763668.0
1731004200,147.78500366210938,148.4949951171875,147.64999389648438,147.91000366210938,16271871.0
1731007800,147.9149932861328,148.4799041748047,147.55999755859375,148.27499389648438,22875030.0
1731011400,148.27000427246094,148.9199981689453,148.05999755859375,148.88999938964844,16759777.0
1731013200,148.89,149.24,142.615,148.73,0.0
1731016800,148.71,158.7218,147.5161,148.8,0.0
1731020400,148.8,149.1,148.7,149.01,0.0
1731056400,149.5,149.95,149.47,149.7,0.0
1731060000,149.7,149.75,148.51,148.53,0.0
1731063600,148.53,148.59,146.8,147.47,0.0
1731067200,147.51,148.94,147.34,148.79,0.0
1731070800,148.79,150.0,146.8012,149.08,0.0
1731074400,149.08,149.09,141.395,148.8,0.0
1731076200,148.77000427246094,149.75999450683594,146.25999450683594,147.08999633789062,66970756.0
1731079800,147.0800018310547,147.5800018310547,146.35000610351562,147.25,23309931.0
1731083400,147.25,147.97000122070312,147.1300048828125,147.52000427246094,15218271.0
1731087000,147.51499938964844,147.85000610351562,147.22000122070312,147.45989990234375,9951775.0
1731090600,147.4499969482422,147.72999572753906,147.13009643554688,147.3000030517578,10606342.0
1731094200,147.2949981689453,147.4499969482422,146.85000610351562,147.25010681152344,12668465.0
1731097800,147.24000549316406,147.83999633789062,147.11000061035156,147.5,12861470.0
1731099600,147.6501,147.81,120.87,147.54,0.0
1731103200,147.53,163.7518,99.0848,147.55,0.0
1731106800,147.535,147.63,147.46,147.5,0.0
1731315600,148.56,148.58,146.81,147.84,0.0
1731319200,147.84,148.27,146.4,146.51,0.0
1731322800,146.47,147.2,146.45,147.1,0.0
1731326400,147.12,148.49,147.06,148.49,0.0
1731330000,148.49,148.85,146.4464,148.21,0.0
1731333600,148.21,149.01,147.28,148.62,0.0
1731335400,148.67999267578125,148.77000427246094,143.57000732421875,145.0054931640625,69841367.0
1731339000,145.0,146.49000549316406,145.0,145.4698944091797,24566872.0
1731342600,145.47000122070312,145.60000610351562,144.69500732421875,144.96009826660156,16148542.0
1731346200,144.97000122070312,145.60000610351562,144.47000122070312,144.88710021972656,14842047.0
1731349800,144.88909912109375,145.13999938964844,144.6300048828125,144.69500732421875,10777542.0
1731353400,144.69410705566406,145.89999389648438,144.6300048828125,145.34500122070312,14414068.0
1731357000,145.34500122070312,145.6898956298828,144.88499450683594,145.27999877929688,11927016.0
1731358800,145.28,151.7816,140.76,145.27,0.0
1731362400,145.27,151.7816,140.76,145.295,0.0
1731366000,145.31,145.36,145.0,145.025,0.0
1731402000,145.0,145.0,143.9,144.26,0.0
1731405600,144.26,144.46,143.38,143.48,0.0
1731409200,143.42,144.44,143.42,144.13,0.0
1731412800,144.12,145.17,144.11,145.06,0.0
1731416400,145.04,147.63,143.419,146.2197,0.0
1731420000,146.2,148.505,131.66,146.76,0.0
1731421800,146.73500061035156,149.5500030517578,146.00999450683594,149.22000122070312,64287360.0
1731425400,149.2100067138672,149.6199951171875,147.92999267578125,148.64500427246094,28277149.0
1731429000,148.63999938964844,149.3699951171875,147.5500030517578,148.0850067138672,21174825.0
1731432600,148.07000732421875,148.1300048828125,146.5800018310547,147.1199951171875,19093300.0
1731436200,147.08900451660156,148.55999755859375,147.0800018310547,148.23089599609375,13856982.0
1731439800,148.22500610351562,148.7449951171875,147.5500030517578,147.78619384765625,12812037.0
1731443400,147.77999877929688,148.5299072265625,147.6199951171875,148.39999389648438,14689439.0
1731445200,148.39,179.2685,101.0201,148.22,0.0
1731448800,148.22,148.68,147.93,148.65,0.0
1731452400,148.6503,148.75,148.25,148.52,0.0
1731488400,148.62,148.62,147.43,147.87,0.0
1731492000,147.9,148.3,147.6,148.14,0.0
1731495600,148.13,149.0,148.1,148.93,0.0
1731499200,148.93,148.94,148.22,148.57,0.0
1731502800,148.57,148.9964,147.4476,148.446,0.0
1731506400,148.45,149.67,146.365,149.05,0.0
1731508200,149.0500030517578,149.3300018310547,146.72000122070312,147.24400329589844,52875837.0
1731511800,147.25,147.75999450683594,146.5500030517578,147.3249969482422,20146063.0
1731515400,147.30349731445312,147.4199981689453,145.89999389648438,146.9600067138672,21527509.0
1731519000,146.9600067138672,147.33999633789062,146.41000366210938,147.02499389648438,14159243.0
1731522600,147.02499389648438,147.83999633789062,146.52999877929688,146.8498992919922,14839533.0
1731526200,146.83999633789062,147.1999053955078,146.35000610351562,146.49000549316406,14872318.0
1731529800,146.47500610351562,147.0399932861328,145.9499969482422,146.4199981689453,15990383.0
1731531600,146.245,147.32,137.7489,146.51,0.0
1731535200,146.51,146.64,146.27,146.56,0.0
1731538800,146.58,146.61,146.41,146.55,0.0
1731574800,146.72,147.45,146.72,147.1,0.0
1731578400,147.11,147.55,147.07,147.42,0.0
1731582000,147.46,147.64,147.24,147.44,0.0
1731585600,147.41,147.73,147.11,147.35,0.0
1731589200,147.35,147.74,146.14,147.51,0.0
1731592800,147.525,149.135,144.63,147.63,0.0
1731594600,147.2899932861328,148.57000732421875,145.7449951171875,148.31520080566406,54272218.0
1731598200,148.30999755859375,148.99000549316406,147.69000244140625,148.86500549316406,25106650.0
1731601800,148.875,149.0,147.67120361328125,147.7550048828125,18098271.0
1731605400,147.75390625,147.8699951171875,147.27000427246094,147.42750549316406,16034380.0
1731609000,147.42999267578125,147.52000427246094,146.47000122070312,146.80259704589844,25311371.0
1731612600,146.8000030517578,147.10519409179688,145.85000610351562,146.16000366210938,19908657.0
1731616200,146.1699981689453,146.89010620117188,145.75999450683594,146.8000946044922,13599159.0
1731618000,146.8,146.93,146.31,146.7,0.0
1731621600,146.7,155.7173,141.0553,146.49,0.0
1731625200,146.5,146.55,146.22,146.45,0.0
1731661200,146.01,146.25,145.56,145.8,0.0
1731664800,145.76,146.15,145.7,146.12,0.0
1731668400,146.07,146.61,145.82,146.55,0.0
1731672000,146.51,146.56,146.0,146.1,0.0
1731675600,146.1,146.76,145.31,145.43,0.0
1731679200,145.4,145.72,144.74,144.74,0.0
1731681000,144.8699951171875,145.24000549316406,141.80999755859375,142.38999938964844,67749741.0
1731684600,142.3800048828125,143.52999877929688,142.3000030517578,142.97000122070312,26200905.0
1731688200,142.9600067138672,143.10000610351562,140.83999633789062,141.80999755859375,29495799.0
1731691800,141.7949981689453,142.19000244140625,140.72000122070312,141.23500061035156,22083629.0
1731695400,141.22000122070312,141.3361053466797,140.0800018310547,140.1199951171875,24284572.0
1731699000,140.1300048828125,142.33999633789062,140.10000610351562,142.07000732421875,31079307.0
1731702600,142.0500030517578,142.31500244140625,141.5449981689453,141.97030639648438,20081701.0
1731704400,141.88,147.03,138.4516,142.045,0.0
1731708000,142.05,142.22,141.95,142.1697,0.0
1731711600,142.17,142.41,142.15,142.32,0.0
1731920400,143.21,143.21,139.15,139.66,0.0
1731924000,139.76,139.82,137.2,138.52,0.0
1731927600,138.52,139.34,138.08,139.22,0.0
1731931200,139.22,139.83,138.14,138.92,0.0
1731934800,138.93,143.29,137.13,138.045,0.0
1731938400,138.0697,139.81,138.0,139.59,0.0
1731940200,139.83999633789062,140.1300048828125,137.14999389648438,140.00999450683594,74926664.0
1731943800,140.00999450683594,141.1699981689453,139.63999938964844,141.02999877929688,24675009.0
1731947400,141.02000427246094,141.27999877929688,139.35000610351562,139.52999877929688,22706788.0
1731951000,139.52999877929688,140.0500030517578,138.8800048828125,139.843505859375,16132498.0
1731954600,139.86000061035156,140.39999389648438,139.35299682617188,139.7100067138672,15415554.0
1731958200,139.72000122070312,141.5500030517578,139.55999755859375,141.5,15272534.0
1731961800,141.47000122070312,141.5,139.5,140.1999969482422,18040131.0
1731963600,140.2,148.73,140.0,140.27,0.0
1731967200,140.22,205.1873,140.22,140.66,0.0
1731970800,140.6,140.69,140.34,140.52,0.0
1732006800,140.99,142.59,140.92,141.57,0.0
1732010400,141.53,141.82,140.73,141.3,0.0
1732014000,141.29,142.08,141.24,141.82,0.0
1732017600,141.8,142.57,141.26,142.5,0.0
1732021200,142.5,142.5864,140.15,141.67,0.0
1732024800,141.6601,145.13,117.87,141.3199,0.0
1732026600,141.5,143.5500030517578,140.99000549316406,142.97999572753906,59592508.0
1732030200,142.97000122070312,144.5500030517578,142.77000427246094,143.67999267578125,29728176.0
1732033800,143.6804962158203,144.16000366210938,143.16000366210938,143.60000610351562,17453921.0
1732037400,143.60000610351562,144.66000366210938,143.41000366210938,144.60690307617188,16232534.0
1732041000,144.61000061035156,146.30999755859375,144.50999450683594,146.03460693359375,25125970.0
1732044600,146.03500366210938,146.97000122070312,145.77999877929688,146.63490295410156,26511111.0
1732048200,146.6300048828125,147.1300048828125,146.1300048828125,146.99000549316406,21863148.0
1732050000,147.0,156.7755,141.9251,147.13,0.0
1732053600,147.18,147.18,146.76,146.975,0.0
1732057200,146.97,147.6,146.88,147.46,0.0
1732093200,147.63,147.9,147.28,147.58,0.0
1732096800,147.6,147.67,146.35,146.9,0.0
1732100400,146.85,147.45,146.81,147.28,0.0
1732104000,147.27,148.08,147.08,147.82,0.0
1732107600,147.83,148.08,146.35,147.78,0.0
1732111200,147.76,147.96,137.185,147.345,0.0
1732113000,146.36000061035156,147.3800048828125,142.72999572753906,143.83450317382812,70469342.0
1732116600,143.8300018310547,146.5800018310547,143.7899932861328,144.7899932861328,39712714.0
1732120200,144.81080627441406,146.22000122070312,144.1999969482422,145.3101043701172,28787398.0
1732123800,145.31500244140625,145.5,144.3800048828125,145.02099609375,19184166.0
1732127400,145.02000427246094,145.0500030517578,143.24000549316406,143.47000122070312,22144642.0
1732131000,143.4600067138672,144.57000732421875,143.41000366210938,144.47000122070312,25982186.0
1732134600,144.4600067138672,146.16000366210938,144.4510955810547,145.92999267578125,29516785.0
1732136400,145.93,146.6,137.91,144.94,0.0
1732140000,144.97,145.85,142.37,144.1199,0.0
1732143600,144.12,144.51,143.3,143.54,0.0
1732179600,143.31,143.31,139.8,140.49,0.0
1732183200,140.47,141.69,140.33,141.2,0.0
1732186800,141.18,142.9,141.11,142.64,0.0
1732190400,142.64,144.98,142.55,144.67,0.0
1732194000,144.7,148.36,139.7831,148.1419,0.0
1732197600,148.1999,149.69,147.54,149.32,0.0
1732199400,149.31500244140625,152.88999938964844,141.02000427246094,141.1959991455078,161308642.0
1732203000,141.1522979736328,145.08990478515625,140.6999969482422,144.98199462890625,53973735.0
1732206600,144.99000549316406,145.4550018310547,143.14999389648438,144.27999877929688,36124960.0
1732210200,144.30999755859375,145.4199981689453,143.7100067138672,145.17999267578125,25072264.0
1732213800,145.1999969482422,147.61000061035156,145.19000244140625,147.10159301757812,40308019.0
1732217400,147.10989379882812,148.5500030517578,146.9499969482422,148.1750030517578,34275796.0
1732221000,148.1750030517578,148.42999267578125,146.3000030517578,146.6300048828125,24086105.0
1732222800,146.62,147.0,140.295,146.12,0.0
1732226400,146.1,150.1094,146.05,146.2,0.0
1732230000,146.18,146.67,146.07,146.09,0.0
1732266000,146.26,146.4,144.63,144.86,0.0
1732269600,144.81,145.66,144.3,145.24,0.0
1732273200,145.23,146.1,145.22,145.88,0.0
1732276800,145.89,146.25,145.6,146.07,0.0
1732280400,146.07,146.67,144.3271,146.1,0.0
1732284000,146.2999,152.815,138.4,145.891,0.0
1732285800,145.91000366210938,147.16000366210938,142.4600067138672,142.7449951171875,72309140.0
1732289400,142.75999450683594,143.88999938964844,142.00999450683594,142.2799072265625,35885016.0
1732293000,142.27999877929688,142.3800048828125,141.5301055908203,142.09719848632812,29752903.0
1732296600,142.08999633789062,142.3300018310547,141.7899932861328,141.99000549316406,17601923.0
1732300200,141.98500061035156,142.1699981689453,141.10000610351562,141.4600067138672,21078391.0
1732303800,141.46499633789062,142.22000122070312,141.43089294433594,142.0,20326048.0
1732307400,141.99989318847656,142.1300048828125,141.47999572753906,141.89999389648438,18195187.0
1732309200,141.9,142.9908,141.8,141.99,0.0
1732312800,141.97,142.08,141.92,142.0,0.0
1732316400,142.0,142.0,141.71,141.74,0.0
1732525200,142.95,143.18,140.04,142.36,0.0
1732528800,142.36,142.51,141.85,142.09,0.0
1732532400,142.08,142.26,141.68,142.02,0.0
1732536000,142.05,142.25,141.8,141.98,0.0
1732539600,141.97,143.32,141.01,141.5703,0.0
1732543200,141.5703,149.44,141.41,141.99,0.0
1732545000,141.97000122070312,142.0500030517578,136.49000549316406,137.1699981689453,93964898.0
1732548600,137.13999938964844,138.33999633789062,136.22000122070312,138.279296875,36654509.0
1732552200,138.28500366210938,138.66000366210938,136.63999938964844,136.96200561523438,26386230.0
1732555800,136.9698944091797,137.88999938964844,136.4499969482422,137.0897979736328,25854910.0
1732559400,137.0800018310547,137.1999969482422,136.3000030517578,136.927001953125,21813470.0
1732563000,136.9199981689453,137.4149932861328,136.35000610351562,136.72500610351562,20414076.0
1732566600,136.72999572753906,137.14830017089844,135.82000732421875,135.94000244140625,25894894.0
1732568400,135.94,136.54,135.38,136.25,0.0
1732572000,136.2505,143.8339,127.9996,136.43,0.0
1732575600,136.43,136.74,136.02,136.085,0.0
1732611600,136.0,136.94,135.8,136.59,0.0
1732615200,136.6,136.83,136.39,136.59,0.0
1732618800,136.56,136.87,136.32,136.59,0.0
1732622400,136.56,137.5,136.51,137.39,0.0
1732626000,137.42,137.97,135.8195,137.85,0.0
1732629600,137.84,138.55,136.02,137.67,0.0
1732631400,137.69000244140625,139.3000030517578,136.30999755859375,136.96310424804688,69441466.0
1732635000,136.97999572753906,137.1699981689453,136.1699981689453,136.9250030517578,27336608.0
1732638600,136.91000366210938,137.13999938964844,136.47999572753906,136.81619262695312,15867762.0
1732642200,136.8249969482422,137.10000610351562,136.375,136.63499450683594,12135169.0
1732645800,136.6300048828125,136.85499572753906,135.6699981689453,135.9600067138672,14953767.0
1732649400,135.9499969482422,136.84500122070312,135.80999755859375,136.83990478515625,13655903.0
1732653000,136.8350067138672,137.10000610351562,136.55999755859375,136.82000732421875,13840913.0
1732654800,136.86,141.82,136.465,136.69,0.0
1732658400,136.71,164.3445,101.0201,136.33,0.0
1732662000,136.34,136.92,136.26,136.32,0.0
1732698000,136.52,136.52,135.3,135.38,0.0
1732701600,135.35,135.68,135.11,135.29,0.0
1732705200,135.28,135.6,135.05,135.36,0.0
1732708800,135.35,135.64,135.12,135.26,0.0
1732712400,135.26,136.75,135.0101,135.285,0.0
1732716000,135.28,135.45,134.89,135.005,0.0
1732717800,135.00999450683594,135.1199951171875,132.25,132.35989379882812,72333292.0
1732721400,132.3780975341797,133.0800018310547,132.0,132.4149932861328,34349238.0
1732725000,132.41000366210938,132.7899932861328,131.89999389648438,132.59500122070312,20553359.0
1732728600,132.58999633789062,133.65989685058594,132.22999572753906,133.65989685058594,17619519.0
1732732200,133.65089416503906,134.57000732421875,133.6199951171875,134.14999389648438,19717594.0
1732735800,134.14500427246094,135.1699981689453,133.97999572753906,134.4398956298828,19235243.0
1732739400,134.43499755859375,135.4199981689453,134.17999267578125,135.4199981689453,14427684.0
1732741200,135.41,142.66,135.11,135.42,0.0
1732744800,135.4192,137.7489,128.7753,135.31,0.0
1732748400,135.34,135.45,135.06,135.43,0.0
1732870800,137.56,137.79,137.0,137.72,0.0
1732874400,137.72,137.75,137.24,137.48,0.0
1732878000,137.47,137.67,137.37,137.59,0.0
1732881600,137.6,137.8,137.15,137.27,0.0
1732885200,137.25,137.9988,135.34,136.7101,0.0
1732888800,136.71,138.15,132.51,136.71,0.0
1732890600,136.85000610351562,139.35000610351562,136.0500030517578,138.6750030517578,57723304.0
1732894200,138.6699981689453,139.14999389648438,138.1999969482422,138.35000610351562,23606266.0
1732897800,138.35000610351562,139.0800018310547,138.1300048828125,138.82000732421875,19259852.0
1732903200,138.81500244140625,139.02999877929688,138.0,138.08030700683594,0.0
1732906800,138.0899,138.385,138.01,138.1401,0.0
1732910400,138.15,146.8387,129.1495,138.12,0.0
1732914000,138.1,138.25,138.06,138.1202,0.0
1733130000,137.97,138.18,136.36,136.66,0.0
1733133600,136.62,136.75,135.71,136.55,0.0
1733137200,136.55,136.74,136.32,136.6,0.0
1733140800,136.63,137.74,136.47,137.72,0.0
1733144400,137.72,138.39,135.7792,137.85,0.0
1733148000,137.87,138.87,137.42,138.73,0.0
1733149800,138.83999633789062,140.4499969482422,138.08999633789062,139.1699981689453,53770929.0
1733153400,139.16000366210938,139.27000427246094,138.3000030517578,138.99400329589844,21944827.0
1733157000,138.98989868164062,139.64990234375,138.72000122070312,139.1649932861328,14733385.0
1733160600,139.1699981689453,139.22999572753906,138.2899932861328,138.2949981689453,13513148.0
1733164200,138.3000030517578,138.83999633789062,137.8249969482422,138.12860107421875,14799496.0
1733167800,138.1260986328125,138.8699951171875,138.0800018310547,138.79879760742188,10879220.0
1733171400,138.7949981689453,138.88999938964844,137.88999938964844,138.63999938964844,14377830.0
1733173200,138.63,141.415,138.3,138.48,0.0
1733176800,138.505,147.7039,138.36,138.42,0.0
1733180400,138.4,147.7039,138.34,138.41,0.0
1733216400,138.4,138.79,138.19,138.52,0.0
1733220000,138.5,138.68,138.3,138.42,0.0
1733223600,138.42,138.47,138.25,138.29,0.0
1733227200,138.29,138.71,138.29,138.56,0.0
1733230800,138.55,138.93,138.17,138.8,0.0
1733234400,138.785,140.14,137.8,138.29,0.0
1733236200,138.31500244140625,140.5399932861328,137.9499969482422,138.5299072265625,44241821.0
1733239800,138.52999877929688,139.39999389648438,138.10000610351562,139.17919921875,20134225.0
1733243400,139.18499755859375,139.4499969482422,138.4949951171875,138.77999877929688,19621458.0
1733247000,138.78500366210938,139.44000244140625,138.50999450683594,139.05870056152344,14091472.0
1733250600,139.0500030517578,139.39999389648438,138.9199981689453,139.26589965820312,9524141.0
1733254200,139.27000427246094,140.27999877929688,139.26499938964844,140.22999572753906,15387277.0
1733257800,140.22360229492188,140.27999877929688,139.72000122070312,140.25,15928668.0
1733259600,140.26,140.78,139.7172,140.525,0.0
1733263200,140.5198,140.64,137.8095,140.55,0.0
1733266800,140.55,140.73,140.41,140.7,0.0
1733302800,141.2,141.7,141.11,141.5,0.0
1733306400,141.49,141.67,141.36,141.52,0.0
1733310000,141.52,141.52,141.25,141.52,0.0
1733313600,141.52,141.84,141.36,141.689,0.0
1733317200,141.69,142.07,137.931,141.93,0.0
1733320800,141.94,142.28,141.84,142.0,0.0
1733322600,142.02000427246094,142.6300048828125,140.2899932861328,141.8000030517578,50608437.0
1733326200,141.8000030517578,143.0,141.6199951171875,142.9499969482422,24494468.0
1733329800,142.94110107421875,144.5800018310547,142.91000366210938,144.5749969482422,32275847.0
1733333400,144.5749969482422,144.6199951171875,143.80999755859375,143.83009338378906,21547289.0
1733337000,143.83380126953125,145.52000427246094,143.7530059814453,145.5050048828125,24719833.0
1733340600,145.5050048828125,145.7899932861328,145.25999450683594,145.3800048828125,24269319.0
1733344200,145.3699951171875,145.6699981689453,144.5800018310547,145.13819885253906,20550348.0
1733346000,145.13,145.15,137.54,144.8207,0.0
1733349600,144.84,145.14,144.66,144.7992,0.0
1733353200,144.785,144.85,144.45,144.5106,0.0
1733389200,144.47,144.66,144.15,144.51,0.0
1733392800,144.49,144.67,144.31,144.67,0.0
1733396400,144.69,144.88,144.54,144.82,0.0
1733400000,144.81,145.49,144.79,145.32,0.0
1733403600,145.28,145.49,144.19,145.0201,0.0
1733407200,145.02,145.18,141.045,145.12,0.0
1733409000,144.25100708007812,145.9600067138672,143.9499969482422,144.61000061035156,47984197.0
1733412600,144.610107421875,146.19000244140625,144.24000549316406,145.94500732421875,23943465.0
1733416200,145.94979858398438,146.5399932861328,145.75999450683594,146.0,18441563.0
1733419800,145.99000549316406,146.17990112304688,144.66000366210938,144.9199981689453,18051433.0
1733423400,144.9149932861328,145.1710968017578,144.30999755859375,144.87600708007812,15370696.0
1733427000,144.86000061035156,145.5,144.85000610351562,144.98989868164062,12772741.0
1733430600,144.97999572753906,145.25,144.8800048828125,145.00999450683594,12218215.0
1733432400,145.06,145.17,144.67,144.8001,0.0
1733436000,144.81,147.833,144.49,144.52,0.0
1733439600,144.53,145.06,144.36,144.4212,0.0
1733475600,144.96,145.14,144.73,144.8,0.0
1733479200,144.8,144.96,144.55,144.82,0.0
1733482800,144.81,144.87,144.51,144.67,0.0
1733486400,144.66,144.89,144.51,144.81,0.0
1733490000,144.79,145.101,144.2,144.4,0.0
1733493600,144.36,145.715,144.2,144.62,0.0
1733495400,144.6300048828125,145.6999969482422,144.1750030517578,144.5500030517578,44083095.0
1733499000,144.5500030517578,144.7050018310547,141.72000122070312,142.69000244140625,35632112.0
1733502600,142.67999267578125,143.22999572753906,141.30999755859375,142.91099548339844,27987480.0
1733506200,142.91709899902344,142.92999267578125,142.02999877929688,142.6708984375,14468084.0
1733509800,142.67990112304688,142.6999969482422,142.17999267578125,142.5850067138672,11155484.0
1733513400,142.58999633789062,142.7100067138672,141.8800048828125,142.10499572753906,13885046.0
1733517000,142.10499572753906,142.47999572753906,141.7899932861328,142.39999389648438,14636169.0
1733518800,142.43,142.48,133.326,142.11,0.0
1733522400,142.14,142.44,141.8604,141.92,0.0
1733526000,141.93,142.05,141.81,141.92,0.0
1733734800,142.01,142.49,141.2,141.38,0.0
1733738400,141.35,141.51,140.73,141.03,0.0
1733742000,141.05,141.24,140.61,141.08,0.0
1733745600,141.09,141.1,138.81,139.88,0.0
1733749200,139.9,143.0988,138.856,139.1901,0.0
1733752800,139.19,139.6,138.9,139.0,0.0
1733754600,138.0,139.9499969482422,137.80999755859375,138.66000366210938,63026259.0
1733758200,138.66000366210938,138.86729431152344,137.1300048828125,138.08999633789062,31012042.0
1733761800,138.08999633789062,138.7100067138672,137.8800048828125,138.4499969482422,14990840.0
1733765400,138.4550018310547,139.7830047607422,138.43040466308594,139.56500244140625,14749724.0
1733769000,139.57000732421875,139.83999633789062,138.63999938964844,138.67999267578125,11428516.0
1733772600,138.69000244140625,138.77000427246094,138.0500030517578,138.28500366210938,12452486.0
1733776200,138.3000030517578,139.13999938964844,138.24989318847656,138.80499267578125,11453233.0
1733778000,138.805,145.475,131.5215,138.475,0.0
1733781600,138.45,138.81,138.31,138.395,0.0
1733785200,138.4,138.4,138.0,138.12,0.0
1733821200,137.99,137.99,137.08,137.18,0.0
1733824800,137.18,137.7,137.02,137.58,0.0
1733828400,137.61,137.95,137.5,137.87,0.0
1733832000,137.89,138.53,137.89,138.48,0.0
1733835600,138.46,139.15,137.0236,138.735,0.0
1733839200,138.85,139.1,138.5,139.0,0.0
1733841000,138.89999389648438,141.82000732421875,138.80999755859375,140.07000732421875,46374574.0
1733844600,140.05999755859375,140.16000366210938,137.07000732421875,137.17990112304688,29845197.0
1733848200,137.19000244140625,137.25999450683594,135.764892578125,136.2899932861328,26121686.0
1733851800,136.2899932861328,136.85000610351562,135.96009826660156,136.41000366210938,13846109.0
1733855400,136.41000366210938,136.64999389648438,135.6300048828125,135.88999938964844,14589609.0
1733859000,135.88009643554688,135.9694061279297,133.8000030517578,134.5800018310547,28768670.0
1733862600,134.58999633789062,135.3800048828125,134.44000244140625,135.0,19039483.0
1733864400,135.08,143.1914,130.59,135.445,0.0
1733868000,135.47,135.48,135.07,135.385,0.0
1733871600,135.39,135.75,135.07,135.6,0.0
1733907600,136.22,136.68,136.0,136.52,0.0
1733911200,136.58,136.72,136.24,136.31,0.0
1733914800,136.32,136.88,136.22,136.76,0.0
1733918400,136.77,136.79,136.33,136.47,0.0
1733922000,136.49,136.89,135.07,136.35,0.0
1733925600,136.3485,143.69,135.2,137.44,0.0
1733927400,137.20010375976562,138.0500030517578,135.2100067138672,136.2050018310547,48972591.0
1733931000,136.197998046875,137.7100067138672,135.42999267578125,137.64999389648438,22757958.0
1733934600,137.64999389648438,139.0500030517578,137.17999267578125,138.6300048828125,21971597.0
1733938200,138.639892578125,139.17999267578125,138.22999572753906,139.17880249023438,14256316.0
1733941800,139.17979431152344,139.92999267578125,139.10000610351562,139.45449829101562,16419617.0
1733945400,139.4503936767578,140.1699981689453,139.35000610351562,140.11160278320312,18622791.0
1733949000,140.11500549316406,140.11500549316406,138.94000244140625,139.27000427246094,13537749.0
1733950800,139.31,148.1469,137.7489,138.96,0.0
1733954400,138.95,148.1469,133.7914,139.05,0.0
1733958000,139.07,139.31,138.88,138.9605,0.0
1733994000,139.06,139.43,138.42,138.6,0.0
1733997600,138.65,139.05,138.38,138.94,0.0
1734001200,138.9,139.2,138.62,138.91,0.0
1734004800,138.9,139.18,138.69,138.8,0.0
1734008400,138.82,139.43,138.3797,138.8094,0.0
1734012000,138.81,139.09,136.635,137.0595,0.0
1734013800,137.10000610351562,137.5500030517578,135.8000030517578,136.6739959716797,52104111.0
1734017400,136.66000366210938,137.52999877929688,136.3800048828125,136.72000122070312,18884134.0
1734021000,136.72999572753906,137.38999938964844,136.09010314941406,137.37010192871094,13556780.0
1734024600,137.3699951171875,138.41000366210938,136.9499969482422,138.2050018310547,16490344.0
1734028200,138.2050018310547,138.25,137.32000732421875,137.96090698242188,13279870.0
1734031800,137.9600067138672,138.1199951171875,137.27000427246094,137.38499450683594,11982914.0
1734035400,137.38999938964844,137.75,137.0,137.30999755859375,9286520.0
1734037200,137.3,141.95,136.93,137.245,0.0
1734040800,137.29,146.8387,129.1495,138.96,0.0
1734044400,138.95,139.41,137.34,138.79,0.0
1734080400,139.8,139.8,138.0,138.53,0.0
1734084000,138.5,138.99,138.43,138.85,0.0
1734087600,138.87,138.96,138.6,138.75,0.0
1734091200,138.77,139.15,138.49,139.09,0.0
1734094800,139.09,139.82,137.34,139.78,0.0
1734098400,139.78,139.98,136.505,138.89,0.0
1734100200,139.0,139.60000610351562,136.4499969482422,136.49000549316406,49347246.0
1734103800,136.50999450683594,137.0,132.5399932861328,132.9499969482422,55221021.0
1734107400,132.9517059326172,134.14999389648438,132.89999389648438,133.27999877929688,31987618.0
1734111000,133.3000030517578,134.52999877929688,132.85000610351562,134.5294952392578,18658386.0
1734114600,134.52499389648438,134.75,133.9499969482422,134.63479614257812,14065097.0
1734118200,134.63229370117188,134.9199981689453,133.64999389648438,133.98699951171875,22835599.0
1734121800,133.97999572753906,134.30999755859375,133.72000122070312,134.22000122070312,14372220.0
1734123600,134.22,139.0312,125.8178,133.995,0.0
1734127200,134.0,134.25,133.99,134.08,0.0
1734130800,134.09,134.1,134.0,134.01,0.0
1734339600,134.27,134.27,133.32,133.63,0.0
1734343200,133.63,133.67,133.05,133.54,0.0
1734346800,133.55,133.7,133.33,133.63,0.0
1734350400,133.64,133.87,133.42,133.81,0.0
1734354000,133.81,134.71,133.0436,134.6,0.0
1734357600,134.63,139.545,132.6,134.23,0.0
1734359400,134.1649932861328,134.39999389648438,130.4199981689453,132.29010009765625,73858692.0
1734363000,132.3000030517578,132.4600067138672,130.88999938964844,130.92990112304688,27169378.0
1734366600,130.92010498046875,131.57000732421875,130.44000244140625,130.96299743652344,23176778.0
1734370200,130.9600067138672,132.0399932861328,130.82000732421875,131.3184051513672,19102314.0
1734373800,131.30999755859375,131.77999877929688,130.7100067138672,131.61000061035156,23414928.0
1734377400,131.6300048828125,132.77999877929688,131.58999633789062,132.39999389648438,22170031.0
1734381000,132.38999938964844,132.44000244140625,131.52000427246094,131.99000549316406,16535776.0
1734382800,132.0,132.15,131.54,131.62,0.0
1734386400,131.615,132.0,131.21,131.3892,0.0
1734390000,131.39,132.0,131.01,131.0899,0.0
1734426000,130.72,130.96,129.04,129.09,0.0
1734429600,129.08,129.68,128.88,129.46,0.0
1734433200,129.47,130.3,129.47,130.3,0.0
1734436800,130.31,130.4,129.7,130.17,0.0
1734440400,130.16,132.0,128.9024,129.58,0.0
1734444000,129.55,129.83,128.69,129.11,0.0
1734445800,129.0,129.61000061035156,126.86000061035156,127.62000274658203,87462311.0
1734449400,127.62000274658203,129.3000030517578,127.62000274658203,128.99000549316406,33645194.0
1734453000,128.97999572753906,131.2100067138672,128.80999755859375,131.19000244140625,30929782.0
1734456600,131.1999969482422,131.58999633789062,129.7100067138672,129.72430419921875,20569000.0
1734460200,129.72500610351562,130.1999053955078,129.25,129.89999389648438,16935727.0
1734463800,129.89999389648438,130.00999450683594,129.10000610351562,129.3249053955078,15589185.0
1734467400,129.3249969482422,130.41000366210938,128.82000732421875,130.35000610351562,19970966.0
1734469200,130.39,139.375,130.29,130.895,0.0
1734472800,130.9,130.98,127.8854,130.83,0.0
1734476400,130.82,131.2883,130.11,131.2,0.0
1734512400,131.91,133.83,131.84,133.77,0.0
1734516000,133.77,135.0,133.63,134.6,0.0
1734519600,134.63,134.63,133.7,134.12,0.0
1734523200,134.12,134.25,133.1,134.06,0.0
1734526800,134.06,134.94,130.39,134.06,0.0
1734530400,134.01,134.24,133.3,133.8895,0.0
1734532200,133.8699951171875,135.77999877929688,132.80999755859375,135.56370544433594,63894115.0
1734535800,135.5601043701172,136.6999969482422,134.9550018310547,135.25,33075633.0
1734539400,135.27000427246094,135.86000061035156,134.66000366210938,135.61500549316406,18318841.0
1734543000,135.61990356445312,136.4199981689453,135.11000061035156,135.98500061035156,14292090.0
1734546600,135.97999572753906,136.3350067138672,133.74000549316406,133.8699951171875,24494848.0
1734550200,133.8520050048828,134.4499969482422,130.7899932861328,130.97000122070312,33555951.0
1734553800,130.9550018310547,131.57989501953125,128.27999877929688,128.7100067138672,36863879.0
1734555600,128.76,134.36,126.5,129.771,0.0
1734559200,129.745,131.43,125.2099,130.6,0.0
1734562800,130.6006,130.75,129.65,130.469,0.0
1734598800,132.03,133.0,131.61,131.78,0.0
1734602400,131.74,132.3,131.62,131.95,0.0
1734606000,131.94,131.94,131.03,131.11,0.0
1734609600,131.12,132.7,131.05,132.56,0.0
1734613200,132.59,132.9307,128.91,132.08,0.0
1734616800,132.2,132.25,131.31,131.7,0.0
1734618600,131.72000122070312,132.05999755859375,129.8217010498047,130.22000122070312,56394762.0
1734622200,130.22000122070312,133.44000244140625,129.5500030517578,133.14990234375,33593760.0
1734625800,133.1199951171875,134.02999877929688,131.4499969482422,131.61729431152344,22742846.0
1734629400,131.60499572753906,132.58999633789062,131.52000427246094,131.74000549316406,18404115.0
1734633000,131.7449951171875,132.9499969482422,131.57000732421875,132.0408935546875,13856362.0
1734636600,132.05999755859375,132.08999633789062,130.9499969482422,131.57009887695312,15554561.0
1734640200,131.58999633789062,131.89999389648438,130.3000030517578,130.6719970703125,15479724.0
1734642000,130.66,138.81,128.72,131.01,0.0
1734645600,131.01,145.06,121.8797,131.0,0.0
1734649200,131.0,131.25,130.86,131.03,0.0
1734685200,128.9,129.32,127.55,127.6,0.0
1734688800,127.58,128.13,127.21,127.75,0.0
1734692400,127.75,127.95,127.37,127.7,0.0
1734696000,127.67,127.8,126.34,126.84,0.0
1734699600,126.8,130.68,126.356,128.02,0.0
1734703200,128.03,133.25,127.275,129.825,0.0
1734705000,129.80999755859375,132.5,128.22000122070312,132.44679260253906,73961621.0
1734708600,132.4405059814453,134.14999389648438,132.36000061035156,133.91000366210938,32066759.0
1734712200,133.91000366210938,135.00999450683594,133.82000732421875,134.98489379882812,25135974.0
1734715800,134.97999572753906,135.27999877929688,133.5399932861328,133.69000244140625,20457543.0
1734719400,133.6970977783203,134.99000549316406,133.5800018310547,134.92970275878906,16952324.0
1734723000,134.9199981689453,135.02999877929688,133.6999969482422,133.889892578125,18593721.0
1734726600,133.88999938964844,135.00999450683594,132.89999389648438,134.9600067138672,24109566.0
1734728400,134.7,138.935,134.3,134.65,0.0
1734732000,134.65,141.8604,134.6,135.3,0.0
1734735600,135.29,135.6,135.1,135.59,0.0
1734944400,136.54,137.17,135.8,136.14,0.0
1734948000,136.12,136.5,135.61,135.71,0.0
1734951600,135.7,135.94,134.59,134.63,0.0
1734955200,134.64,136.23,134.56,136.06,0.0
1734958800,136.05,137.28,134.58,136.41,0.0
1734962400,136.42,136.48,128.975,136.23,0.0
1734964200,136.27999877929688,137.82000732421875,135.12010192871094,136.1999969482422,49997537.0
1734967800,136.1999969482422,137.50999450683594,135.8300018310547,137.25990295410156,19313071.0
1734971400,137.25,138.47000122070312,136.85000610351562,137.92999267578125,18596455.0
1734975000,137.92999267578125,139.0,137.7550048828125,138.52999877929688,16154943.0
1734978600,138.53990173339844,139.6999969482422,138.52000427246094,139.35000610351562,17563953.0
1734982200,139.3592071533203,139.52000427246094,138.33999633789062,139.05999755859375,18497265.0
1734985800,139.07000732421875,139.7899932861328,138.88999938964844,139.65499877929688,14565048.0
1734987600,139.67,143.8339,135.07,139.41,0.0
1734991200,139.4003,139.67,139.28,139.32,0.0
1734994800,139.32,139.39,139.06,139.16,0.0
1735030800,139.5,140.2,139.5,139.63,0.0
1735034400,139.61,139.96,139.4,139.53,0.0
1735038000,139.52,139.74,139.41,139.5,0.0
1735041600,139.52,140.5,139.23,140.2,0.0
1735045200,140.2,140.55,139.244,140.38,0.0
1735048800,140.39,140.5,128.7815,140.0099,0.0
1735050600,139.89500427246094,141.89999389648438,139.310302734375,140.82009887695312,44242434.0
1735054200,140.8300018310547,141.40989685058594,140.25999450683594,141.39500427246094,19811591.0
1735057800,141.39999389648438,141.39999389648438,140.4600067138672,140.76449584960938,14936424.0
1735063200,140.75999450683594,140.8300018310547,135.91000366210938,140.0601043701172,0.0
1735066800,140.07,144.9087,130.59,139.75,0.0
1735070400,139.7503,141.16,139.5,139.63,0.0
1735074000,139.65,140.22,139.51,139.77,0.0
1735203600,140.37,140.37,138.47,139.03,0.0
1735207200,139.05,139.25,138.19,138.75,0.0
1735210800,138.8,139.08,138.64,138.97,0.0
1735214400,139.0,139.6,138.41,139.44,0.0
1735218000,139.42,140.9,138.3852,138.94,0.0
1735221600,138.95,139.7,138.86,139.64,0.0
1735223400,139.52499389648438,140.85000610351562,137.72999572753906,138.72000122070312,38224769.0
1735227000,138.7100067138672,139.66000366210938,138.406005859375,139.3699951171875,16077919.0
1735230600,139.360107421875,140.44000244140625,139.22999572753906,139.94009399414062,13461581.0
1735234200,139.9600067138672,140.39999389648438,139.36000061035156,140.22000122070312,11051236.0
1735237800,140.2100067138672,140.35000610351562,139.85000610351562,139.99000549316406,9968537.0
1735241400,140.0,140.2899932861328,139.85000610351562,140.1649932861328,8107739.0
1735245000,140.14999389648438,140.27999877929688,139.82000732421875,139.88999938964844,8622750.0
1735246800,139.91,141.495,130.44,139.66,0.0
1735250400,139.67,148.9265,130.68,139.83,0.0
1735254000,139.82,139.95,139.65,139.73,0.0
1735290000,138.76,139.2,138.5,138.84,0.0
1735293600,138.8,138.95,138.66,138.92,0.0
1735297200,138.94,139.33,138.89,139.15,0.0
1735300800,139.18,139.67,139.14,139.35,0.0
1735304400,139.36,139.93,138.5,139.05,0.0
1735308000,139.06,140.615,138.5,138.5,0.0
1735309800,138.55499267578125,139.02000427246094,134.7100067138672,135.639892578125,51034871.0
1735313400,135.63499450683594,136.8699951171875,135.14999389648438,136.86380004882812,21330869.0
1735317000,136.86000061035156,136.92999267578125,135.17999267578125,135.6999969482422,18977464.0
1735320600,135.6999969482422,136.5699005126953,135.36000061035156,135.95989990234375,14807348.0
1735324200,135.94119262695312,136.8300018310547,135.85499572753906,136.23129272460938,11959118.0
1735327800,136.22999572753906,136.99000549316406,136.16000366210938,136.76849365234375,14163644.0
1735331400,136.77000427246094,137.13999938964844,136.3000030517578,137.13999938964844,16695144.0
1735333200,137.01,137.33,136.96,137.01,0.0
1735336800,136.995,142.0586,136.7,136.77,0.0
1735340400,136.7701,137.01,136.63,136.69,0.0
1735549200,136.11,136.42,135.28,135.63,0.0
1735552800,135.57,136.06,135.5,135.87,0.0
1735556400,135.9,136.4,135.83,136.34,0.0
1735560000,136.33,136.74,135.89,136.05,0.0
1735563600,136.05,137.01,134.75,134.78,0.0
1735567200,134.7807,137.9,133.93,134.9,0.0
1735569000,135.1343994140625,138.6699981689453,134.02000427246094,136.7100067138672,51292533.0
1735572600,136.6999969482422,138.2899932861328,136.64999389648438,137.55990600585938,21647966.0
1735576200,137.5500030517578,139.07000732421875,137.39239501953125,139.02000427246094,15602989.0
1735579800,139.02999877929688,140.27000427246094,138.89999389648438,139.5500030517578,22612504.0
1735583400,139.5399932861328,139.94000244140625,138.83999633789062,139.01100158691406,14240428.0
1735587000,139.02000427246094,139.5,138.57000732421875,138.5998992919922,14145908.0
1735590600,138.60000610351562,138.8249969482422,137.3800048828125,137.41000366210938,13996718.0
1735592400,137.4,144.1125,136.78,137.09,0.0
1735596000,137.0528,137.49,133.7,136.8,0.0
1735599600,136.8099,136.86,136.63,136.7303,0.0
1735635600,136.97,138.64,136.97,138.46,0.0
1735639200,138.48,138.83,138.12,138.3,0.0
1735642800,138.3,138.61,138.18,138.3,0.0
1735646400,138.28,138.74,138.2,138.58,0.0
1735650000,138.58,138.8228,136.9,138.5,0.0
1735653600,138.51,141.405,134.215,138.01,0.0
1735655400,137.60000610351562,137.7899932861328,135.6699981689453,137.47000122070312,37279333.0
1735659000,137.49000549316406,137.625,135.0800018310547,135.11000061035156,19151346.0
1735662600,135.10000610351562,136.1999969482422,134.92999267578125,135.0500030517578,16280814.0
1735666200,135.02999877929688,135.72239685058594,134.25599670410156,134.42999267578125,16882852.0
1735669800,134.4398956298828,134.8350067138672,133.83160400390625,134.1199951171875,14681046.0
1735673400,134.1199951171875,135.6199951171875,133.88999938964844,135.4615020751953,16433112.0
1735677000,135.4499969482422,135.5699005126953,134.0,134.2899932861328,16463481.0
1735678800,134.26,137.8095,131.75,134.37,0.0
1735682400,134.36,134.49,134.25,134.365,0.0
1735686000,134.34,134.35,134.19,134.21,0.0
1735808400,134.72,135.94,133.29,135.66,0.0
1735812000,135.67,136.1,135.41,135.79,0.0
1735815600,135.79,136.01,135.65,136.0,0.0
1735819200,135.99,136.84,135.81,136.61,0.0
1735822800,136.63,136.8264,133.0412,136.06,0.0
1735826400,136.11,143.24,134.29,136.0099,0.0
1735828200,136.39999389648438,138.3699951171875,134.6300048828125,136.97999572753906,57155225.0
1735831800,136.97999572753906,138.07000732421875,136.41000366210938,137.92129516601562,22385014.0
1735835400,137.9199981689453,138.8800048828125,136.9114990234375,137.00999450683594,22996889.0
1735839000,137.0,137.00970458984375,135.16000366210938,136.36990356445312,23813747.0
1735842600,136.35499572753906,137.36000061035156,135.52999877929688,137.3022003173828,15287714.0
1735846200,137.2899932861328,138.0399932861328,136.64999389648438,137.9149932861328,16465639.0
1735849800,137.92999267578125,138.62600708007812,137.30999755859375,138.27999877929688,14882303.0
1735851600,138.275,138.75,136.069,138.3,0.0
1735855200,138.35,147.5161,129.2819,138.33,0.0
1735858800,138.3497,138.4,137.8,137.9016,0.0
1735894800,138.45,139.19,138.44,138.97,0.0
1735898400,138.99,139.35,138.91,139.18,0.0
1735902000,139.16,139.34,139.04,139.3,0.0
1735905600,139.3,139.56,138.51,138.96,0.0
1735909200,138.95,139.57,138.31,139.39,0.0
1735912800,139.39,140.2297,135.515,140.0176,0.0
1735914600,140.02000427246094,144.2198944091797,139.77000427246094,143.11270141601562,79451070.0
1735918200,143.1199951171875,143.72000122070312,142.75289916992188,143.46009826660156,27317067.0
1735921800,143.47000122070312,144.1300048828125,143.1800994873047,143.6802978515625,19087152.0
1735925400,143.69000244140625,144.74000549316406,143.63999938964844,144.49530029296875,20329289.0
1735929000,144.5,144.89999389648438,143.82000732421875,144.37100219726562,19539730.0
1735932600,144.3699951171875,144.5500030517578,144.0399932861328,144.32000732421875,15989401.0
1735936200,144.3000030517578,144.72000122070312,144.05999755859375,144.58999633789062,17801822.0
1735938000,144.59,144.85,141.8604,144.56,0.0
1735941600,144.5699,144.83,144.47,144.81,0.0
1735945200,144.82,144.97,144.79,144.91,0.0
1736154000,145.8,147.3,144.87,147.21,0.0
1736157600,147.25,147.69,147.0,147.11,0.0
1736161200,147.1,147.79,146.99,147.58,0.0
1736164800,147.57,148.739,147.02,148.31,0.0
1736168400,148.32,148.74,144.47,148.445,0.0
1736172000,148.4501,148.76,136.55,148.634,0.0
1736173800,148.5601043701172,151.6999969482422,148.10499572753906,151.5312042236328,91209338.0
1736177400,151.52000427246094,152.156005859375,151.03500366210938,151.8887939453125,34157939.0
1736181000,151.8800048828125,151.91859436035156,150.88999938964844,151.3096923828125,21844568.0
1736184600,151.30189514160156,151.85000610351562,150.80999755859375,151.6750030517578,19322484.0
1736188200,151.66879272460938,151.83889770507812,149.66000366210938,150.2949981689453,23113785.0
1736191800,150.3000030517578,150.6199951171875,149.3699951171875,150.52499389648438,18639381.0
1736195400,150.52000427246094,150.8300018310547,148.2550048828125,149.51010131835938,25098803.0
1736197200,149.43,149.92,140.76,149.4615,0.0
1736200800,149.4605,151.7816,140.76,150.1,0.0
1736204400,150.05,150.39,150.05,150.28,0.0
1736240400,146.45,151.68,146.45,151.68,0.0
1736244000,151.69,152.13,151.31,151.68,0.0
1736247600,151.68,152.44,151.65,152.44,0.0
1736251200,152.44,153.65,152.05,153.0,0.0
1736254800,152.96,153.66,138.01,152.78,0.0
1736258400,152.78,153.74,148.415,153.01,0.0
1736260200,152.1999969482422,152.36000061035156,143.73440551757812,143.7899932861328,115634781.0
1736263800,142.9199981689453,143.1300048828125,140.44000244140625,142.76669311523438,80981326.0
1736267400,142.75999450683594,149.42999267578125,141.1199951171875,141.4290008544922,32583750.0
1736271000,141.42999267578125,143.4499969482422,141.30999755859375,143.11500549316406,23029395.0
1736274600,143.11000061035156,143.1699981689453,141.39999389648438,141.64010620117188,18605910.0
1736278200,141.64500427246094,141.66000366210938,140.44000244140625,140.60499572753906,24935062.0
1736281800,140.61000061035156,141.3000030517578,140.00999450683594,140.1199951171875,25410017.0
1736283600,140.12,142.1539,140.02,141.37,0.0
1736287200,141.38,144.9087,141.09,141.2,0.0
1736290800,141.22,141.5,141.0,141.475,0.0
1736326800,142.34,142.8,142.0,142.67,0.0
1736330400,142.7,142.77,142.2,142.73,0.0
1736334000,142.74,142.81,141.8,141.86,0.0
1736337600,141.86,142.08,140.04,140.38,0.0
1736341200,140.4,142.7785,140.0,141.9299,0.0
1736344800,141.9,142.7,141.21,142.66,0.0
1736346600,142.66000366210938,143.9499969482422,139.4300994873047,140.58999633789062,79113578.0
1736350200,140.5800018310547,141.5,139.42999267578125,140.031005859375,27638578.0
1736353800,140.0399932861328,140.85000610351562,138.02999877929688,138.1298065185547,21229554.0
1736357400,138.13999938964844,140.85000610351562,137.88999938964844,140.6199951171875,22854066.0
1736361000,140.6199951171875,141.02000427246094,139.57000732421875,140.7100067138672,21783866.0
1736364600,140.6999969482422,140.6999969482422,139.70010375976562,139.9989013671875,15800747.0
1736368200,139.97999572753906,140.27000427246094,139.77999877929688,140.05999755859375,12892815.0
1736370000,140.11,149.72,137.5901,138.69,0.0
1736373600,138.7,148.1469,133.7914,138.91,0.0
1736377200,138.94,140.11,138.3606,138.3899,0.0
1736499600,137.31,139.07,137.31,138.25,0.0
1736503200,138.25,138.61,137.9,138.5,0.0
1736506800,138.51,139.6,138.47,139.25,0.0
1736510400,139.27,139.5,137.51,137.87,0.0
1736514000,137.85,139.58,137.47,137.63,0.0
1736517600,137.67,149.41,134.29,137.44,0.0
1736519400,137.3699951171875,137.6750030517578,134.22000122070312,136.15130615234375,71482682.0
1736523000,136.15899658203125,137.4199981689453,135.1199951171875,135.6199951171875,30235066.0
1736526600,135.61000061035156,136.1999969482422,135.0,136.1699981689453,19282492.0
1736530200,136.16000366210938,136.89500427246094,136.10000610351562,136.52999877929688,15418478.0
1736533800,136.52000427246094,137.10989379882812,135.77000427246094,136.24000549316406,15407385.0
1736537400,136.22999572753906,136.46670532226562,135.42140197753906,135.64999389648438,14690719.0
1736541000,135.63999938964844,136.1300048828125,135.4199981689453,135.86000061035156,13963294.0
1736542800,135.86,137.462,135.82,135.96,0.0
1736546400,135.9994,137.48,135.8,135.8,0.0
1736550000,135.81,198.0528,84.6854,135.78,0.0
1736758800,133.16,133.53,131.9,132.24,0.0
1736762400,132.24,132.32,131.45,131.8,0.0
1736766000,131.81,132.13,131.36,131.47,0.0
1736769600,131.49,132.0,131.0,131.76,0.0
1736773200,131.76,135.91,131.01,131.7,0.0
1736776800,131.71,141.75,129.11,130.0,0.0
1736778600,131.61000061035156,132.61000061035156,129.6300048828125,130.74989318847656,78759504.0
1736782200,130.72000122070312,133.11000061035156,130.72000122070312,131.63499450683594,27363869.0
1736785800,131.6300048828125,132.83999633789062,131.13999938964844,132.6300048828125,19761358.0
1736789400,132.6300048828125,132.91000366210938,131.9550018310547,132.51499938964844,13032729.0
1736793000,132.52000427246094,132.6300048828125,131.57000732421875,132.2949981689453,13159817.0
1736796600,132.29949951171875,132.639892578125,131.94000244140625,132.1907958984375,14548338.0
1736800200,132.1999969482422,133.49000549316406,132.16000366210938,133.24000549316406,14212783.0
1736802000,133.23,134.4,133.03,134.13,0.0
1736805600,134.13,134.58,125.8178,134.57,0.0
1736809200,134.57,135.6,134.56,135.13,0.0
1736845200,136.0,136.22,135.65,136.2,0.0
1736848800,136.22,136.35,135.62,135.85,0.0
1736852400,135.86,136.08,135.3,135.4,0.0
1736856000,135.38,135.74,134.25,134.67,0.0
1736859600,134.62,136.35,133.23,134.68,0.0
1736863200,134.695,136.74,134.695,136.04,0.0
1736865000,136.05999755859375,136.3800048828125,132.514404296875,132.55999755859375,56314616.0
1736868600,132.55999755859375,132.9503936767578,130.32000732421875,130.9810028076172,37323371.0
1736872200,130.99000549316406,131.24000549316406,130.4499969482422,131.1300048828125,16714373.0
1736875800,131.13499450683594,131.7899932861328,130.5800018310547,131.656005859375,14111137.0
1736879400,131.6558074951172,132.36000061035156,131.4600067138672,131.7050018310547,16793453.0
1736883000,131.70950317382812,132.0399932861328,130.0500030517578,130.79580688476562,21614619.0
1736886600,130.7949981689453,131.85000610351562,130.4600067138672,131.85000610351562,15064220.0
1736888400,131.85,137.8095,129.805,131.92,0.0
1736892000,131.95,131.95,130.7454,131.5295,0.0
1736895600,131.53,131.58,131.2,131.3179,0.0
1736931600,131.31,131.33,130.81,131.17,0.0
1736935200,131.19,131.7,131.04,131.33,0.0
1736938800,131.33,131.47,131.22,131.4,0.0
1736942400,131.41,132.25,131.4,132.06,0.0
1736946000,132.04,132.3,130.87,132.11,0.0
1736949600,132.11,136.325,129.41,133.73,0.0
1736951400,133.6300048828125,134.5500030517578,131.2899932861328,134.1999969482422,53514058.0
1736955000,134.2100067138672,135.58999633789062,133.94000244140625,134.389892578125,28196095.0
1736958600,134.3800048828125,134.91000366210938,133.49000549316406,134.8813018798828,18294033.0
1736962200,134.88499450683594,135.74989318847656,134.86000061035156,135.5247039794922,17977109.0
1736965800,135.52870178222656,135.97000122070312,135.12010192871094,135.9398956298828,12270239.0
1736969400,135.9385986328125,136.24000549316406,135.25999450683594,136.06700134277344,15108793.0
1736973000,136.05999755859375,136.4250030517578,135.7100067138672,136.1999969482422,14667621.0
1736974800,136.2,136.31,131.24,135.94,0.0
1736978400,135.94,136.24,126.664,136.17,0.0
1736982000,136.16,136.28,136.0,136.07,0.0
1737018000,139.18,140.21,138.7,138.85,0.0
1737021600,138.87,139.0,137.68,138.8,0.0
1737025200,138.8,138.98,138.25,138.67,0.0
1737028800,138.7,138.9,137.68,137.84,0.0
1737032400,137.84,151.8388,134.98,138.01,0.0
1737036000,138.04,138.844,131.285,138.66,0.0
1737037800,137.5,138.6999969482422,136.29409790039062,137.1999969482422,59855103.0
1737041400,137.2050018310547,137.3800048828125,135.11000061035156,135.24000549316406,26007675.0
1737045000,135.25,135.61000061035156,134.11000061035156,135.56570434570312,22592545.0
1737048600,135.57000732421875,135.6699981689453,134.24000549316406,134.25999450683594,12856152.0
1737052200,134.25999450683594,135.32000732421875,133.5500030517578,135.125,26434872.0
1737055800,135.1300048828125,135.8686065673828,134.99000549316406,135.20010375976562,16984829.0
1737059400,135.2050018310547,135.35000610351562,133.5,133.55999755859375,16315423.0
1737061200,133.57,140.11,133.28,133.6,0.0
1737064800,133.561,139.88,125.0558,133.75,0.0
1737068400,133.75,133.91,133.57,133.69,0.0
1737104400,134.82,135.74,134.75,135.41,0.0
1737108000,135.41,135.44,135.01,135.07,0.0
1737111600,135.05,135.42,134.87,135.33,0.0
1737115200,135.33,135.33,134.54,134.82,0.0
1737118800,134.83,135.74,133.57,135.24,0.0
1737122400,135.23,138.7,133.57,136.8,0.0
1737124200,135.94149780273438,137.6291046142578,135.47000122070312,136.75,65138447.0
1737127800,136.75,138.24000549316406,136.7200927734375,138.1291961669922,27166921.0
1737131400,138.13499450683594,138.2200927734375,137.65379333496094,137.968505859375,19344161.0
1737135000,137.96499633789062,138.5,137.5800018310547,138.25999450683594,13857648.0
1737138600,138.25999450683594,138.30999755859375,137.47000122070312,138.08999633789062,15651447.0
1737142200,138.0800018310547,138.1649932861328,137.30999755859375,137.68499755859375,16654190.0
1737145800,137.67999267578125,138.10000610351562,137.52999877929688,137.72999572753906,15314643.0
1737147600,137.73,138.02,137.6,137.98,0.0
1737151200,137.97,141.8604,131.76,137.695,0.0
1737154800,137.69,137.94,137.61,137.68,0.0
1737450000,138.62,139.25,138.4,139.08,0.0
1737453600,139.05,139.22,138.8,138.93,0.0
1737457200,138.91,139.0,138.76,138.83,0.0
1737460800,138.83,138.92,138.13,138.42,0.0
1737464400,138.41,139.26,138.12,138.7,0.0
1737468000,138.718,139.31,136.475,139.17,0.0
1737469800,139.16000366210938,140.2100067138672,137.08999633789062,138.5166015625,52007076.0
1737473400,138.50999450683594,139.22000122070312,138.1300048828125,138.97999572753906,17474761.0
1737477000,138.9700927734375,139.49000549316406,138.3300018310547,139.33009338378906,12989005.0
1737480600,139.35000610351562,141.8300018310547,139.2899932861328,141.57960510253906,26808979.0
1737484200,141.5800018310547,141.75999450683594,140.76260375976562,141.27999877929688,17160453.0
1737487800,141.28750610351562,141.58999633789062,140.94000244140625,141.5800018310547,14044572.0
1737491400,141.5749969482422,141.72000122070312,140.5800018310547,140.8300018310547,13699719.0
1737493200,140.83,143.8339,140.6,141.3088,0.0
1737496800,141.28,144.9087,138.12,143.02,0.0
1737500400,143.04,143.21,140.83,142.825,0.0
1737536400,143.46,144.33,143.41,144.3,0.0
1737540000,144.31,144.81,144.1,144.72,0.0
1737543600,144.74,144.9,144.4,144.69,0.0
1737547200,144.69,145.46,144.52,145.13,0.0
1737550800,145.12,169.9988,140.83,145.03,0.0
1737554400,145.03,146.0,134.3298,144.72,0.0
1737556200,144.75,147.42999267578125,143.6699981689453,146.37890625,82029594.0
1737559800,146.375,147.17999267578125,145.5500030517578,146.0050048828125,31356657.0
1737563400,146.00990295410156,146.92990112304688,145.6999969482422,146.75929260253906,21005879.0
1737567000,146.75970458984375,147.10000610351562,146.3800048828125,146.60000610351562,15569337.0
1737570600,146.59500122070312,147.7100067138672,146.5399932861328,147.37010192871094,22193366.0
1737574200,147.3800048828125,147.7899932861328,147.02999877929688,147.05810546875,18442995.0
1737577800,147.05499267578125,147.4499969482422,146.6999969482422,147.0399932861328,17907158.0
1737579600,147.03,147.11,140.14,146.6807,0.0
1737583200,146.7,148.1469,137.7489,146.399,0.0
1737586800,146.399,147.07,146.01,146.02,0.0
1737622800,145.3,145.3,144.08,144.16,0.0
1737626400,144.18,144.75,144.05,144.44,0.0
1737630000,144.44,144.48,144.09,144.33,0.0
1737633600,144.33,144.76,144.13,144.75,0.0
1737637200,144.76,147.07,143.83,144.6872,0.0
1737640800,144.71,146.795,138.495,145.059,0.0
1737642600,145.02000427246094,145.92999267578125,143.72000122070312,145.2899932861328,49364950.0
1737646200,145.29049682617188,146.2899932861328,145.0500030517578,145.71499633789062,21234259.0
1737649800,145.7100067138672,146.3199005126953,145.27999877929688,145.3800048828125,12997316.0
1737653400,145.38499450683594,146.11000061035156,144.97999572753906,145.90499877929688,12459325.0
1737657000,145.89999389648438,146.72000122070312,145.8800048828125,146.58990478515625,12121155.0
1737660600,146.58999633789062,146.86000061035156,146.0,146.47999572753906,15219675.0
1737664200,146.47500610351562,147.22999572753906,146.07000732421875,147.1999969482422,15857774.0
1737666000,147.21,147.24,146.01,146.84,0.0
1737669600,146.8495,155.7173,140.6607,146.54,0.0
1737673200,146.535,146.68,146.3,146.6104,0.0
1737709200,146.26,147.32,146.26,147.26,0.0
1737712800,147.27,147.4,147.0,147.02,0.0
1737716400,147.0,147.05,146.2,146.28,0.0
1737720000,146.28,146.779,145.51,146.7,0.0
1737723600,146.71,147.37,145.5607,146.4505,0.0
1737727200,146.45,149.1,144.1,148.34,0.0
1737729000,148.5,148.5395050048828,145.75999450683594,146.0500030517578,63266630.0
1737732600,146.0399932861328,146.57000732421875,144.9199981689453,145.1999969482422,27036979.0
1737736200,145.19000244140625,145.39999389648438,144.13999938964844,144.43499755859375,22004122.0
1737739800,144.42999267578125,144.6154022216797,142.6199951171875,143.38999938964844,25876751.0
1737743400,143.38999938964844,143.57000732421875,141.94009399414062,142.3101043701172,30513147.0
1737747000,142.30999755859375,142.85000610351562,141.8800048828125,142.03500366210938,20342241.0
1737750600,142.02499389648438,142.83599853515625,141.89999389648438,142.60040283203125,21485810.0
1737752400,142.61,144.06,138.4516,142.475,0.0
1737756000,142.475,142.49,133.215,142.295,0.0
1737759600,142.2999,142.33,142.05,142.18,0.0
1737968400,133.0,133.69,130.01,130.43,0.0
1737972000,130.43,131.37,126.4,126.63,0.0
1737975600,126.63,127.77,122.72,126.2,0.0
1737979200,126.21,127.4,123.79,125.93,0.0
1737982800,125.92,142.62,122.77,125.99,0.0
1737986400,125.99,148.815,124.22,124.89,0.0
1737988200,124.79000091552734,128.39999389648438,123.05000305175781,124.02999877929688,243794418.0
1737991800,124.0199966430664,124.95999908447266,119.0,119.1500015258789,111922566.0
1737995400,119.1449966430664,121.75,117.26000213623047,119.76000213623047,119667017.0
1737999000,119.7699966430664,121.0154037475586,117.80000305175781,117.875,64458183.0
1738002600,117.87090301513672,119.95999908447266,117.36000061035156,118.80500030517578,65261226.0
1738006200,118.80500030517578,119.47000122070312,116.69999694824219,117.77999877929688,78086044.0
1738009800,117.77999877929688,118.62999725341797,117.7750015258789,118.51000213623047,61664583.0
1738011600,118.51,124.64,117.0,120.425,0.0
1738015200,120.43,204.3675,99.4765,122.69,0.0
1738018800,122.71,124.217,118.42,121.25,0.0
1738054800,124.17,124.49,122.84,123.69,0.0
1738058400,123.77,125.1,123.38,124.48,0.0
1738062000,124.48,125.02,124.16,124.36,0.0
1738065600,124.35,124.4,121.33,121.38,0.0
1738069200,121.38,125.1,118.42,122.6,0.0
1738072800,122.6,143.9903,116.91,121.81,0.0
1738074600,121.80500030517578,122.0,116.25,121.7699966430664,180037322.0
1738078200,121.7699966430664,121.80999755859375,119.36000061035156,120.7699966430664,63928166.0
1738081800,120.77010345458984,126.63999938964844,120.66200256347656,126.0199966430664,91004183.0
1738085400,126.01499938964844,126.91999816894531,124.9177017211914,126.08999633789062,61486818.0
1738089000,126.08499908447266,127.4000015258789,125.45240020751953,126.7750015258789,44202557.0
1738092600,126.7699966430664,127.87000274658203,126.63999938964844,127.59010314941406,46205682.0
1738096200,127.58999633789062,129.0,126.9000015258789,128.9801025390625,50320355.0
1738098000,128.99,150.785,117.195,127.67,0.0
1738101600,127.67,156.7755,81.6584,127.5707,0.0
1738105200,127.5705,128.99,127.5705,127.65,0.0
1738141200,129.81,130.29,128.1,129.06,0.0
1738144800,129.06,129.87,128.3,128.43,0.0
1738148400,128.44,129.2,128.06,128.34,0.0
1738152000,128.36,128.51,127.57,128.08,0.0
1738155600,128.09,132.0,125.6,126.54,0.0
1738159200,126.5405,137.74,115.145,126.5,0.0
1738161000,126.46150207519531,126.64990234375,123.71499633789062,124.0,97792943.0
1738164600,123.98999786376953,124.3499984741211,121.72000122070312,122.98159790039062,63372499.0
1738168200,122.9800033569336,123.2300033569336,121.87999725341797,122.99839782714844,37340162.0
1738171800,122.99800109863281,123.48989868164062,120.05000305175781,121.58999633789062,53048844.0
1738175400,121.58999633789062,122.08999633789062,120.30000305175781,120.91000366210938,37832248.0
1738179000,120.91000366210938,123.3499984741211,120.55000305175781,123.1500015258789,45222438.0
1738182600,123.16999816894531,123.80999755859375,121.61000061035156,123.80999755859375,37735388.0
1738184400,123.81,128.99,120.9499,126.0,0.0
1738188000,126.0,134.0171,117.8819,125.07,0.0
1738191600,125.135,125.2,121.55,121.79,0.0
1738227600,123.71,124.68,123.49,124.0,0.0
1738231200,124.0,124.22,122.25,122.52,0.0
1738234800,122.53,122.9,122.0,122.7,0.0
1738238400,122.69,123.5,122.52,122.72,0.0
1738242000,122.75,124.6776,122.0104,123.0517,0.0
1738245600,123.11,135.135,119.915,123.04,0.0
1738247400,123.08000183105469,124.1500015258789,119.44999694824219,119.56999969482422,90528663.0
1738251000,119.5813980102539,120.4000015258789,118.0999984741211,119.05470275878906,63174251.0
1738254600,119.05010223388672,120.88999938964844,118.44000244140625,119.29000091552734,39697758.0
1738258200,119.28500366210938,120.19999694824219,119.11000061035156,119.4749984741211,23780625.0
1738261800,119.4800033569336,121.56999969482422,119.37999725341797,121.45500183105469,32649141.0
1738265400,121.45429992675781,123.4800033569336,121.0,123.41500091552734,43926561.0
1738269000,123.41000366210938,125.0,121.93000030517578,124.91000366210938,47647645.0
1738270800,124.925,125.06,119.0901,123.05,0.0
1738274400,123.07,129.582,115.192,123.28,0.0
1738278000,123.29,124.65,123.07,123.375,0.0
1738314000,123.18,123.49,122.81,123.48,0.0
1738317600,123.48,123.9,123.22,123.43,0.0
1738321200,123.42,123.42,122.76,123.0,0.0
1738324800,123.0,123.66,122.591,122.96,0.0
1738328400,122.98,124.9388,122.59,122.87,0.0
1738332000,122.8891,124.92,122.3695,123.82,0.0
1738333800,123.80999755859375,126.62999725341797,123.20999908447266,126.18599700927734,84699752.0
1738337400,126.18000030517578,127.8499984741211,125.75,126.75,58838231.0
1738341000,126.73999786376953,126.97000122070312,124.05999755859375,125.30999755859375,44879038.0
1738344600,125.31999969482422,125.95480346679688,124.11000061035156,124.16999816894531,27608473.0
1738348200,124.1511001586914,124.42759704589844,122.56999969482422,123.01000213623047,34339688.0
1738351800,123.0250015258789,123.12999725341797,119.88009643554688,120.10990142822266,48003349.0
1738355400,120.1050033569336,120.3499984741211,119.19000244140625,120.0,40804602.0
1738357200,120.0,128.21,99.8803,120.055,0.0
1738360800,120.0301,163.7518,99.0848,119.7804,0.0
1738364400,119.8,120.08,119.6113,119.7196,0.0
1738573200,117.67,117.67,115.0,116.24,0.0
1738576800,116.24,116.96,116.0,116.79,0.0
1738580400,116.8,117.99,116.8,117.45,0.0
1738584000,117.45,117.53,115.15,115.52,0.0
1738587600,115.5,120.0288,113.41,115.6596,0.0
1738591200,115.6336,135.85,114.01,114.78,0.0
1738593000,114.70999908447266,116.38999938964844,113.01000213623047,115.76000213623047,133603571.0
1738596600,115.75,117.98999786376953,115.41999816894531,116.53700256347656,54914957.0
1738600200,116.54000091552734,117.4000015258789,115.8499984741211,115.88999938964844,28736939.0
1738603800,115.87999725341797,116.48999786376953,115.51000213623047,115.93990325927734,28422904.0
1738607400,115.94000244140625,118.56999969482422,115.9000015258789,117.6447982788086,36003187.0
1738611000,117.6449966430664,118.13140106201172,117.1500015258789,117.46990203857422,27327687.0
1738614600,117.47000122070312,117.93000030517578,116.01000213623047,116.66000366210938,25588651.0
1738616400,116.66,172.8835,113.0224,118.2,0.0
1738620000,118.185,185.6951,101.7251,118.2294,0.0
1738623600,118.215,118.92,116.66,118.8701,0.0
1738659600,117.25,117.75,117.07,117.65,0.0
1738663200,117.64,117.77,117.32,117.45,0.0
1738666800,117.46,117.66,117.17,117.37,0.0
1738670400,117.42,117.48,116.89,117.29,0.0
1738674000,117.3,117.99,115.42,117.0101,0.0
1738677600,117.05,117.34,113.12,116.915,0.0
1738679400,116.94000244140625,121.19999694824219,116.69999694824219,119.93000030517578,77281308.0
1738683000,119.94499969482422,120.36000061035156,119.27999877929688,120.11000061035156,33499092.0
1738686600,120.11000061035156,120.16999816894531,117.86000061035156,117.88999938964844,29580724.0
1738690200,117.88999938964844,119.33000183105469,117.85009765625,119.09010314941406,20084695.0
1738693800,119.08999633789062,119.81999969482422,119.0,119.30999755859375,17759010.0
1738697400,119.30999755859375,119.5999984741211,118.3499984741211,118.46499633789062,21662859.0
1738701000,118.46610260009766,118.95500183105469,118.08000183105469,118.68000030517578,17723334.0
1738702800,118.685,120.59,111.2409,112.9257,0.0
1738706400,119.19,122.7269,111.2409,118.96,0.0
1738710000,118.96,119.21,118.28,118.34,0.0
1738746000,118.58,119.16,118.35,119.03,0.0
1738749600,119.01,119.07,118.8,118.95,0.0
1738753200,118.97,119.04,118.42,118.96,0.0
1738756800,118.96,119.41,118.72,119.41,0.0
1738760400,119.4,120.35,118.4302,120.22,0.0
1738764000,120.2297,121.85,117.3,121.745,0.0
1738765800,122.3499984741211,123.30000305175781,120.76000213623047,122.30999755859375,88881320.0
1738769400,122.31539916992188,123.5,122.02999877929688,123.22599792480469,32575720.0
1738773000,123.22000122070312,124.63999938964844,123.05000305175781,124.03500366210938,30969306.0
1738776600,124.04000091552734,124.2300033569336,122.9000015258789,123.23989868164062,19752387.0
1738780200,123.2300033569336,123.55000305175781,122.33000183105469,123.32499694824219,20373343.0
1738783800,123.33000183105469,124.5,123.19999694824219,124.44000244140625,20964315.0
1738787400,124.43000030517578,125.0,123.54499816894531,124.95500183105469,24966962.0
1738789200,124.96,125.25,116.24,124.2,0.0
1738792800,124.17,128.7753,116.8607,124.3,0.0
1738796400,124.31,124.58,124.3,124.49,0.0
1738832400,125.35,126.38,125.11,126.12,0.0
1738836000,126.11,126.13,125.3,125.39,0.0
1738839600,125.4,126.2,125.27,125.87,0.0
1738843200,125.87,125.99,125.31,125.75,0.0
1738846800,125.74,126.95,124.67,126.9,0.0
1738850400,126.9,127.59,126.61,127.44,0.0
1738852200,127.41999816894531,127.5,125.20999908447266,126.22160339355469,72706327.0
1738855800,126.2300033569336,127.0,125.93000030517578,126.86000061035156,26067881.0
1738859400,126.86000061035156,128.24000549316406,126.5999984741211,127.73529815673828,36681781.0
1738863000,127.75,128.32000732421875,127.4000015258789,128.11000061035156,21309637.0
1738866600,128.10499572753906,128.44000244140625,127.4800033569336,127.6948013305664,20105477.0
1738870200,127.69999694824219,128.25,124.83000183105469,128.125,25923574.0
1738873800,128.1300048828125,128.75,127.92500305175781,128.68499755859375,19331163.0
1738875600,128.69,129.39,116.3,128.61,0.0
1738879200,128.61,169.3956,82.4356,128.025,0.0
1738882800,128.025,128.39,127.6822,128.0,0.0
1738918800,128.43,129.06,128.09,128.2,0.0
1738922400,128.21,128.42,127.01,127.42,0.0
1738926000,127.45,127.89,127.32,127.82,0.0
1738929600,127.82,128.85,127.76,128.72,0.0
1738933200,128.71,129.17,127.0224,128.4,0.0
1738936800,128.41,129.37,127.8103,129.22,0.0
1738938600,129.16000366210938,130.3699951171875,127.80000305175781,129.11000061035156,77600882.0
1738942200,129.10000610351562,129.89999389648438,128.22999572753906,128.6999969482422,32934587.0
1738945800,128.6999969482422,129.05960083007812,127.5999984741211,128.23500061035156,27757064.0
1738949400,128.22999572753906,129.64999389648438,128.02000427246094,129.2550048828125,17653887.0
1738953000,129.25990295410156,129.42999267578125,127.90879821777344,128.1300048828125,16675456.0
1738956600,128.13999938964844,129.08990478515625,127.97000122070312,128.94850158691406,16455557.0
1738960200,128.94500732421875,130.0,128.82000732421875,129.86000061035156,21996032.0
1738962000,129.85,129.87,124.8792,129.23,0.0
1738965600,129.215,129.84,120.9026,129.12,0.0
1738969200,129.1,129.84,128.85,128.98,0.0
1739178000,130.08,130.31,129.67,130.14,0.0
1739181600,130.13,130.25,129.83,130.18,0.0
1739185200,130.15,130.22,128.36,129.2,0.0
1739188800,129.21,130.0,129.0,129.92,0.0
1739192400,129.92,130.395,128.4152,130.11,0.0
1739196000,130.08,131.08,126.21,130.02,0.0
1739197800,130.0500030517578,134.78500366210938,129.97000122070312,134.41000366210938,77728736.0
1739201400,134.42999267578125,134.83999633789062,133.4499969482422,133.47500610351562,27521922.0
1739205000,133.50030517578125,134.1999969482422,132.99000549316406,134.0290069580078,20327925.0
1739208600,134.0260009765625,134.49000549316406,133.99000549316406,134.3300018310547,13224086.0
1739212200,134.3300018310547,134.69000244140625,134.11000061035156,134.51499938964844,15171778.0
1739215800,134.51210021972656,135.0,134.22000122070312,134.51930236816406,19896685.0
1739219400,134.50999450683594,134.6699981689453,133.38999938964844,133.50999450683594,17439170.0
1739221200,133.51,134.441,130.39,133.51,0.0
1739224800,133.515,133.6,130.4,133.505,0.0
1739228400,133.5,133.55,133.07,133.1899,0.0
1739264400,133.1,133.18,132.46,132.6,0.0
1739268000,132.63,132.68,131.84,131.86,0.0
1739271600,131.88,132.41,131.46,132.38,0.0
1739275200,132.38,133.11,132.14,132.81,0.0
1739278800,132.78,133.62,131.4583,132.499,0.0
1739282400,132.48,134.425,128.8,132.58,0.0
1739284200,132.3699951171875,134.47999572753906,132.00999450683594,133.94500732421875,52677652.0
1739287800,133.94000244140625,134.3800048828125,133.64999389648438,133.9698944091797,18659627.0
1739291400,133.97000122070312,134.08999633789062,131.02000427246094,132.7100067138672,30097141.0
1739295000,132.72000122070312,132.8699951171875,131.91000366210938,132.83230590820312,14579500.0
1739298600,132.83999633789062,133.89999389648438,132.80999755859375,133.03500366210938,17292595.0
1739302200,133.02999877929688,133.74000549316406,132.97999572753906,133.45140075683594,13156103.0
1739305800,133.4550018310547,133.50990295410156,132.41000366210938,132.8699951171875,13494512.0
1739307600,132.87,137.8095,131.99,132.75,0.0
1739311200,132.7599,133.61,132.73,133.1,0.0
1739314800,133.06,133.3167,132.83,133.1,0.0
1739350800,133.36,133.37,132.8,132.95,0.0
1739354400,132.96,133.35,132.88,133.31,0.0
1739358000,133.31,133.57,133.04,133.46,0.0
1739361600,133.46,133.47,133.02,133.25,0.0
1739365200,133.24,133.69,132.5,133.67,0.0
1739368800,133.66,133.79,129.61,130.03,0.0
1739370600,130.00999450683594,132.24000549316406,129.0800018310547,131.32020568847656,53129779.0
1739374200,131.3300018310547,132.0,130.36000061035156,130.61990356445312,19227032.0
1739377800,130.61000061035156,132.0,130.61000061035156,131.5749969482422,17020004.0
1739381400,131.5749969482422,131.6199951171875,130.82119750976562,130.97500610351562,14244469.0
1739385000,130.97999572753906,131.1156005859375,130.19000244140625,130.6898956298828,13621244.0
1739388600,130.68499755859375,131.7050018310547,130.58999633789062,131.52499389648438,12791678.0
1739392200,131.50999450683594,131.61000061035156,130.97000122070312,131.07989501953125,11269249.0
1739394000,131.14,131.24,130.76,130.93,0.0
1739397600,130.915,165.3222,99.8982,130.64,0.0
1739401200,130.63,131.03,130.55,130.8604,0.0
1739437200,130.48,130.59,130.0,130.42,0.0
1739440800,130.4,131.36,130.25,131.1,0.0
1739444400,131.09,131.2,130.65,131.04,0.0
1739448000,131.04,131.05,130.43,130.93,0.0
1739451600,130.96,131.3293,130.0592,130.7011,0.0
1739455200,130.7996,131.98,130.51,131.5008,0.0
1739457000,131.55499267578125,134.9499969482422,131.1699981689453,134.5500030517578,54411865.0
1739460600,134.5500030517578,136.5,134.54660034179688,135.71499633789062,36777123.0
1739464200,135.7100067138672,135.97999572753906,134.6300048828125,135.00999450683594,19354752.0
1739467800,135.0050048828125,135.57000732421875,133.4207000732422,134.52499389648438,18628170.0
1739471400,134.4949951171875,135.2899932861328,133.8300018310547,135.12030029296875,17283443.0
1739475000,135.125,135.5500030517578,134.97000122070312,135.36129760742188,15429824.0
1739478600,135.36000061035156,135.38999938964844,134.72999572753906,135.25,15333903.0
1739480400,135.25,135.29,134.85,134.97,0.0
1739484000,134.98,135.29,125.8178,134.96,0.0
1739487600,134.96,135.05,134.9,134.95,0.0
1739523600,135.52,136.23,135.45,135.96,0.0
1739527200,135.99,136.15,135.72,135.81,0.0
1739530800,135.79,135.87,135.23,135.3,0.0
1739534400,135.31,135.59,134.6,135.25,0.0
1739538000,135.27,136.2002,134.6795,135.715,0.0
1739541600,135.73,136.9002,134.695,136.42,0.0
1739543400,136.8800048828125,138.1699981689453,135.5,138.00010681152344,57840894.0
1739547000,138.00999450683594,138.30999755859375,136.24000549316406,136.5800018310547,28584822.0
1739550600,136.58999633789062,137.0500030517578,136.00999450683594,136.74009704589844,17594915.0
1739554200,136.75,137.74000549316406,136.55999755859375,137.3376007080078,13675504.0
1739557800,137.3300018310547,137.99000549316406,137.0800018310547,137.82000732421875,13748369.0
1739561400,137.81500244140625,138.47999572753906,137.64999389648438,138.36509704589844,16155253.0
1739565000,138.3699951171875,139.1999969482422,138.35000610351562,138.86000061035156,24516052.0
1739566800,138.79,139.0002,138.51,138.62,0.0
1739570400,138.61,141.8604,138.4,138.6288,0.0
1739574000,138.6101,138.85,138.4,138.585,0.0
1739869200,140.0,140.2,139.82,139.97,0.0
1739872800,139.98,140.08,139.55,140.06,0.0
1739876400,140.07,140.18,139.88,139.95,0.0
1739880000,139.97,141.05,139.89,140.91,0.0
1739883600,140.92,141.52,138.503,141.38,0.0
1739887200,141.37,141.87,135.19,141.28,0.0
1739889000,141.25,143.44000244140625,140.3000030517578,140.66000366210938,75623001.0
1739892600,140.6649932861328,141.22000122070312,138.97999572753906,141.19500732421875,34088399.0
1739896200,141.19000244140625,141.19000244140625,139.8549041748047,139.96499633789062,15582760.0
1739899800,139.96499633789062,140.6999969482422,139.9499969482422,140.15139770507812,12499776.0
1739903400,140.15499877929688,140.39999389648438,139.0919952392578,139.5749969482422,16587058.0
1739907000,139.5675048828125,140.16990661621094,139.42999267578125,139.54989624023438,12892226.0
1739910600,139.52999877929688,139.72000122070312,137.9250030517578,139.41000366210938,22832152.0
1739912400,139.4,139.4,138.46,138.63,0.0
1739916000,138.64,144.9087,130.59,138.77,0.0
1739919600,138.8,139.24,138.785,139.22,0.0
1739955600,139.29,140.57,139.29,140.47,0.0
1739959200,140.46,140.49,139.55,139.57,0.0
1739962800,139.57,140.25,139.5,139.93,0.0
1739966400,139.93,140.28,139.85,140.05,0.0
1739970000,140.09,140.5324,128.68,139.62,0.0
1739973600,139.63,139.85,139.33,139.45,0.0
1739975400,139.50999450683594,140.0,137.22000122070312,139.3300018310547,43638802.0
1739979000,139.3350067138672,140.5,139.33189392089844,139.94830322265625,26073700.0
1739982600,139.94000244140625,140.11000061035156,139.49000549316406,139.81500244140625,13424823.0
1739986200,139.81500244140625,141.36000061035156,139.74000549316406,140.639892578125,19599460.0
1739989800,140.63999938964844,140.85000610351562,140.1199951171875,140.44509887695312,13213960.0
1739993400,140.44000244140625,140.84500122070312,139.02000427246094,139.31939697265625,20162981.0
1739997000,139.32000732421875,139.86000061035156,138.77239990234375,139.24000549316406,14622733.0
1739998800,139.24,143.155,136.04,138.7497,0.0
1740002400,138.75,139.23,138.65,138.9099,0.0
1740006000,138.91,161.2471,102.0394,139.02,0.0
1740042000,138.62,138.96,138.6,138.8,0.0
1740045600,138.8,139.64,138.73,139.38,0.0
1740049200,139.34,139.79,138.99,138.99,0.0
1740052800,138.96,139.58,138.79,139.29,0.0
1740056400,139.25,139.76,138.5,139.48,0.0
1740060000,139.48,142.835,139.22,140.05,0.0
1740061800,140.1300048828125,140.52999877929688,136.79010009765625,138.62060546875,45160191.0
1740065400,138.61000061035156,139.07000732421875,137.11000061035156,138.3000030517578,20769192.0
1740069000,138.3000030517578,139.97000122070312,138.22999572753906,139.5800018310547,17027606.0
1740072600,139.560302734375,139.839599609375,139.08999633789062,139.49000549316406,11187948.0
1740076200,139.49000549316406,140.0,139.38499450683594,139.80490112304688,10655696.0
1740079800,139.7899932861328,140.32000732421875,139.3800048828125,139.89999389648438,14152452.0
1740083400,139.88999938964844,140.1999969482422,139.69000244140625,140.1199951171875,10091197.0
1740085200,140.13,140.18,139.79,139.82,0.0
1740088800,139.84,148.844,135.8298,139.95,0.0
1740092400,139.86,140.11,139.85,139.86,0.0
1740128400,139.89,140.2,139.78,139.91,0.0
1740132000,139.9,140.23,139.87,139.99,0.0
1740135600,139.97,140.0,139.87,139.92,0.0
1740139200,139.92,140.32,139.46,140.19,0.0
1740142800,140.19,140.42,139.475,140.3997,0.0
1740146400,140.395,140.8799,137.685,140.0,0.0
1740148200,140.0,141.4600067138672,138.9499969482422,139.22999572753906,48808452.0
1740151800,139.22999572753906,139.72000122070312,138.5500030517578,139.19920349121094,23381184.0
1740155400,139.19000244140625,139.8000030517578,138.3699951171875,138.99110412597656,15825238.0
1740159000,139.0,139.05999755859375,136.05999755859375,137.1699981689453,29842368.0
1740162600,137.1699981689453,138.06500244140625,135.34500122070312,135.39669799804688,24903198.0
1740166200,135.3800048828125,136.25999450683594,134.5800018310547,135.10000610351562,30385659.0
1740169800,135.10000610351562,135.1999969482422,134.0399932861328,134.27000427246094,25630708.0
1740171600,134.27,134.57,134.04,134.24,0.0
1740175200,134.24,142.0586,120.07,135.3,0.0
1740178800,135.3001,135.35,134.43,135.02,0.0
1740387600,136.02,136.44,135.7,136.15,0.0
1740391200,136.15,136.22,135.4,135.4,0.0
1740394800,135.43,136.28,135.4,136.25,0.0
1740398400,136.24,136.25,135.55,135.84,0.0
1740402000,135.85,136.99,135.3,136.985,0.0
1740405600,136.99,139.605,135.95,136.83,0.0
1740407400,136.7550048828125,138.58999633789062,131.92999267578125,132.92999267578125,76292889.0
1740411000,132.9199981689453,134.2899932861328,130.61000061035156,134.0399932861328,37651734.0
1740414600,134.0399932861328,134.99000549316406,133.49000549316406,134.60000610351562,26471760.0
1740418200,134.60000610351562,134.88999938964844,134.19000244140625,134.6199951171875,13394332.0
1740421800,134.6300048828125,134.875,132.66000366210938,132.72000122070312,15517929.0
1740425400,132.71009826660156,133.14999389648438,131.9199981689453,132.57000732421875,18193639.0
1740429000,132.5800018310547,133.0800018310547,130.0897979736328,130.10000610351562,23873374.0
1740430800,130.09,133.282,130.05,130.96,0.0
1740434400,130.95,131.0,130.28,130.77,0.0
1740438000,130.78,130.97,130.0,130.1001,0.0
1740474000,134.0,134.0,128.2,129.12,0.0
1740477600,129.12,129.47,128.25,128.3,0.0
1740481200,128.3,128.85,127.47,128.85,0.0
1740484800,128.84,129.48,128.72,129.34,0.0
1740488400,129.33,131.84,127.05,131.8395,0.0
1740492000,131.85,131.98,129.5,129.9989,0.0
1740493800,129.9600067138672,130.1999969482422,124.44000244140625,125.33999633789062,85363681.0
1740497400,125.3499984741211,127.33999633789062,125.05000305175781,126.19000244140625,38552542.0
1740501000,126.19999694824219,128.5399932861328,125.75,128.52499389648438,26597121.0
1740504600,128.52870178222656,129.88999938964844,128.30999755859375,128.3699951171875,26234066.0
1740508200,128.3800048828125,129.0,127.04000091552734,127.2699966430664,22835671.0
1740511800,127.26000213623047,129.3800048828125,127.18000030517578,128.81500244140625,23200458.0
1740515400,128.82000732421875,128.8800048828125,126.19000244140625,126.62999725341797,25422556.0
1740517200,126.6,136.095,126.46,127.46,0.0
1740520800,127.46,131.41,127.27,127.6,0.0
1740524400,127.59,128.24,126.63,128.1699,0.0
1740560400,129.45,130.5,129.28,130.09,0.0
1740564000,130.1,130.11,129.33,129.89,0.0
1740567600,129.88,129.98,129.53,129.65,0.0
1740571200,129.66,129.97,129.03,129.85,0.0
1740574800,129.85,130.4964,128.83,130.31,0.0
1740578400,130.32,130.32,129.27,129.99,0.0
1740580200,129.98500061035156,131.60980224609375,129.0500030517578,130.4499969482422,61026640.0
1740583800,130.47000122070312,133.72999572753906,130.4499969482422,132.4149932861328,39297221.0
1740587400,132.4149932861328,133.0,131.72000122070312,132.55679321289062,24467999.0
1740591000,132.57989501953125,132.74000549316406,130.35000610351562,130.3751983642578,25366254.0
1740594600,130.36000061035156,131.1199951171875,128.49000549316406,129.88999938964844,45619369.0
1740598200,129.8800048828125,130.8800048828125,128.9600067138672,130.74000549316406,26930195.0
1740601800,130.6999969482422,132.08999633789062,130.02000427246094,131.52000427246094,30301408.0
1740603600,131.53,136.6,124.675,134.92,0.0
1740607200,134.9489,135.51,125.2099,130.62,0.0
1740610800,130.6197,131.43,130.0,130.9,0.0
1740646800,131.55,131.6,129.79,131.6,0.0
1740650400,131.61,133.31,131.18,132.99,0.0
1740654000,132.97,133.19,132.3,132.46,0.0
1740657600,132.46,134.779,132.05,134.34,0.0
1740661200,134.34,135.5,129.68,134.1999,0.0
1740664800,134.18,135.35,123.56,134.99,0.0
1740666600,135.0,135.0,125.27999877929688,127.4800033569336,139627459.0
1740670200,127.4800033569336,128.0699005126953,125.51000213623047,126.27999877929688,47154830.0
1740673800,126.29000091552734,127.41000366210938,125.6500015258789,127.08000183105469,31842499.0
1740677400,127.08000183105469,128.4499969482422,126.27999877929688,127.61000061035156,28567618.0
1740681000,127.61499786376953,127.91000366210938,123.69000244140625,123.74500274658203,40681735.0
1740684600,123.74500274658203,124.69000244140625,121.57140350341797,121.91000366210938,61051900.0
1740688200,121.90499877929688,122.55729675292969,120.01000213623047,120.01000213623047,47543937.0
1740690000,120.08,121.5,119.35,120.8799,0.0
1740693600,120.8795,190.9115,97.2121,120.98,0.0
1740697200,120.96,121.92,120.96,121.66,0.0
1740733200,127.21,127.21,120.76,120.96,0.0
1740736800,120.99,121.0,120.46,120.79,0.0
1740740400,120.79,121.69,120.79,121.35,0.0
1740744000,121.39,121.44,119.75,120.01,0.0
1740747600,120.0,122.81,116.6705,117.0295,0.0
1740751200,117.0299,139.4,116.85,118.04,0.0
1740753000,117.6500015258789,122.7750015258789,116.41000366210938,122.7300033569336,121634753.0
1740756600,122.73500061035156,123.69999694824219,121.41999816894531,121.55999755859375,53003489.0
1740760200,121.54000091552734,122.80000305175781,121.13999938964844,122.18099975585938,26114445.0
1740763800,122.19000244140625,122.27760314941406,118.84500122070312,120.57990264892578,36004561.0
1740767400,120.58760070800781,121.2300033569336,119.68000030517578,120.47000122070312,26592728.0
1740771000,120.46389770507812,122.2300033569336,120.29000091552734,121.88500213623047,29137364.0
1740774600,121.87999725341797,125.06999969482422,121.2699966430664,125.05000305175781,42867559.0
1740776400,125.05,133.72,117.3238,124.87,0.0
1740780000,124.87,124.94,116.2691,124.5899,0.0
1740783600,124.59,125.0,124.52,124.78,0.0
1740992400,124.56,124.96,123.03,123.9,0.0
1740996000,123.98,124.44,123.55,123.82,0.0
1740999600,123.82,124.2,123.13,123.7,0.0
1741003200,123.73,124.94,123.54,124.61,0.0
1741006800,124.611,125.74,123.0597,124.3,0.0
1741010400,124.31,124.38,117.265,123.5,0.0
1741012200,123.50499725341797,123.69999694824219,118.30000305175781,119.51000213623047,90292423.0
1741015800,119.51499938964844,120.19999694824219,118.51000213623047,119.22000122070312,38941419.0
1741019400,119.23999786376953,119.5,118.25,118.41000366210938,30591168.0
1741023000,118.41000366210938,118.43000030517578,114.51000213623047,115.23999786376953,64601109.0
1741026600,115.24440002441406,117.2699966430664,115.04000091552734,116.04499816894531,40434891.0
1741030200,116.03009796142578,117.62000274658203,112.27999877929688,113.16999816894531,65189266.0
1741033800,113.16000366210938,114.19999694824219,112.5,114.01000213623047,44205633.0
1741035600,114.01,120.2,112.6,114.62,0.0
1741039200,114.63,121.0,109.3627,113.865,0.0
1741042800,113.87,114.9,113.69,114.45,0.0
1741078800,114.14,115.45,114.13,115.43,0.0
1741082400,115.42,115.55,113.83,114.04,0.0
1741086000,114.03,114.53,113.29,114.0,0.0
1741089600,114.0,114.52,110.82,110.83,0.0
1741093200,110.83,115.53,108.85,108.95,0.0
1741096800,108.95,123.39,108.86,110.725,0.0
1741098600,111.8949966430664,115.13999938964844,110.11000061035156,111.61000061035156,127887000.0
1741102200,111.5999984741211,113.30000305175781,110.9000015258789,111.83000183105469,46791250.0
1741105800,111.81999969482422,116.5999984741211,111.81999969482422,116.01020050048828,51255627.0
1741109400,116.01499938964844,117.58000183105469,115.0999984741211,116.19999694824219,40436938.0
1741113000,116.20999908447266,118.25,115.87999725341797,117.7698974609375,33842281.0
1741116600,117.76499938964844,119.30999755859375,117.04000091552734,118.88999938964844,34300518.0
1741120200,118.9000015258789,119.01499938964844,115.05000305175781,115.95999908447266,34552128.0
1741122000,115.8977,120.965,109.4366,117.69,0.0
1741125600,117.6801,165.2462,79.2487,117.97,0.0
1741129200,117.96,118.86,117.8,118.26,0.0
1741165200,118.71,118.82,118.09,118.45,0.0
1741168800,118.41,118.8,117.46,117.72,0.0
1741172400,117.72,118.23,117.45,117.75,0.0
1741176000,117.73,118.21,117.1,117.65,0.0
1741179600,117.7,119.2,116.67,116.79,0.0
1741183200,116.85,117.77,110.72,117.579,0.0
1741185000,117.5199966430664,118.0,114.63999938964844,115.97000122070312,78072523.0
1741188600,115.97000122070312,116.86000061035156,114.51000213623047,115.40989685058594,39193117.0
1741192200,115.4000015258789,116.81999969482422,114.5199966430664,116.56310272216797,29044947.0
1741195800,116.55999755859375,117.91000366210938,116.11000061035156,116.2699966430664,29662552.0
1741199400,116.30000305175781,118.2300033569336,115.81999969482422,117.10980224609375,26002248.0
1741203000,117.11000061035156,118.2780990600586,116.7300033569336,117.66000366210938,26217630.0
1741206600,117.625,118.20899963378906,117.16999816894531,117.29000091552734,20809411.0
1741208400,117.3,123.1038,108.8867,117.1801,0.0
1741212000,117.1991,117.3,116.78,116.8,0.0
1741215600,116.78,116.93,116.64,116.65,0.0
1741251600,119.64,119.64,114.81,114.82,0.0
1741255200,114.81,115.49,114.27,115.2,0.0
1741258800,115.2,115.38,114.58,114.93,0.0
1741262400,114.9,115.2,114.01,114.39,0.0
1741266000,114.37,117.25,113.0,113.62,0.0
1741269600,113.62,113.96,113.03,113.55,0.0
1741271400,113.5,115.3499984741211,112.30000305175781,114.84439849853516,73446901.0
1741275000,114.83999633789062,115.33999633789062,113.56999969482422,114.05999755859375,34221965.0
1741278600,114.04000091552734,114.76000213623047,111.20999908447266,111.6355972290039,41307149.0
1741282200,111.63999938964844,112.29000091552734,110.94999694824219,111.53500366210938,33581282.0
1741285800,111.52999877929688,111.90499877929688,110.33999633789062,110.52999877929688,33771494.0
1741289400,110.5199966430664,112.22000122070312,110.22000122070312,111.09719848632812,39231805.0
1741293000,111.08999633789062,111.4999008178711,110.41000366210938,110.58000183105469,30010571.0
1741294800,110.57,119.335,104.9961,111.85,0.0
1741298400,111.83,119.335,106.3584,112.0297,0.0
1741302000,112.03,112.07,111.11,111.265,0.0
1741338000,111.93,112.77,111.9,112.3,0.0
1741341600,112.26,112.4,111.82,112.05,0.0
1741345200,112.07,112.37,111.92,112.2,0.0
1741348800,112.22,112.7,111.33,111.57,0.0
1741352400,111.56,112.7624,110.57,111.7488,0.0
1741356000,111.7,112.68,110.9,111.13,0.0
1741357800,111.18000030517578,113.4800033569336,110.7300033569336,111.04000091552734,76024654.0
1741361400,111.0199966430664,111.79000091552734,109.51190185546875,109.69999694824219,54624751.0
1741365000,109.70500183105469,110.0,107.55999755859375,109.00499725341797,51020128.0
1741368600,109.0,111.29000091552734,108.69999694824219,110.50890350341797,45996375.0
1741372200,110.52999877929688,112.51499938964844,110.33000183105469,112.25,34597993.0
1741375800,112.26000213623047,112.91999816894531,111.29499816894531,112.6050033569336,32459442.0
1741379400,112.5999984741211,113.0999984741211,111.03500366210938,112.7300033569336,29030527.0
1741381200,112.73,114.705,109.84,112.72,0.0
1741384800,112.715,169.6773,97.4663,112.43,0.0
1741388400,112.425,112.69,112.06,112.11,0.0
1741597200,109.9,110.46,109.76,110.21,0.0
1741600800,110.26,110.69,109.68,109.79,0.0
1741604400,109.78,110.87,109.56,110.77,0.0
1741608000,110.77,112.971,109.55,109.82,0.0
1741611600,109.82,131.28,109.02,109.97,0.0
1741613400,110.3499984741211,111.8499984741211,108.01000213623047,108.06439971923828,74631134.0
1741617000,108.06999969482422,108.47899627685547,106.18000030517578,107.658203125,62308207.0
1741620600,107.66010284423828,108.91999816894531,106.8499984741211,108.08499908447266,43453261.0
1741624200,108.08999633789062,108.8499984741211,106.51000213623047,107.06009674072266,36616744.0
1741627800,107.05500030517578,107.2968978881836,106.2300033569336,106.76000213623047,31503406.0
1741631400,106.76000213623047,107.4000015258789,105.45999908447266,106.64990234375,44627698.0
1741635000,106.6500015258789,107.91000366210938,106.29000091552734,107.0199966430664,39086074.0
1741636800,107.02,108.83,106.68,107.06,0.0
1741640400,107.06,113.5096,100.1171,105.6,0.0
1741644000,105.6,106.98,105.43,105.93,0.0
1741647600,105.95,106.01,104.4025,104.6702,0.0
1741680000,106.39,108.36,106.01,108.26,0.0
1741683600,108.28,109.0,107.9,108.87,0.0
1741687200,108.86,108.96,107.83,108.27,0.0
1741690800,108.27,108.28,106.69,107.22,0.0
1741694400,107.21,109.0,105.9,107.05,0.0
1741698000,107.01,111.79,106.58,107.02,0.0
1741699800,107.00499725341797,110.98999786376953,106.0999984741211,106.30999755859375,97478690.0
1741703400,106.30500030517578,109.47000122070312,104.7699966430664,108.8949966430664,60995863.0
1741707000,108.87999725341797,110.5999984741211,108.27999877929688,108.81999969482422,36587643.0
1741710600,108.80500030517578,109.4000015258789,107.4800033569336,107.55999755859375,28235528.0
1741714200,107.56500244140625,110.73999786376953,107.44999694824219,110.43000030517578,32990769.0
1741717800,110.44000244140625,112.23600006103516,109.9800033569336,110.80860137939453,45716228.0
1741721400,110.80999755859375,111.02989959716797,108.63999938964844,108.63999938964844,24887618.0
1741723200,108.65,115.8188,101.0201,108.48,0.0
1741726800,108.45,108.66,108.3,108.585,0.0
1741730400,108.6,109.63,108.5844,109.58,0.0
1741734000,109.59,109.65,109.15,109.415,0.0
1741766400,110.07,110.17,109.54,109.67,0.0
1741770000,109.69,110.49,109.63,110.38,0.0
1741773600,110.35,110.6,110.13,110.28,0.0
1741777200,110.29,111.54,110.29,111.4,0.0
1741780800,111.37,111.76,108.76,111.5972,0.0
1741784400,111.5909,114.27,111.59,114.1364,0.0
1741786200,114.12000274658203,116.76000213623047,113.87999725341797,114.65010070800781,103960062.0
1741789800,114.6500015258789,115.2291030883789,112.87999725341797,114.51000213623047,47132903.0
1741793400,114.51090240478516,116.19000244140625,114.36009979248047,115.83499908447266,33633309.0
1741797000,115.8499984741211,116.5999984741211,115.44000244140625,116.11499786376953,31306972.0
1741800600,116.11000061035156,116.26000213623047,114.30000305175781,115.55500030517578,29673338.0
1741804200,115.55999755859375,116.04000091552734,115.08000183105469,115.44999694824219,25861035.0
1741807800,115.43000030517578,115.97989654541016,114.9800033569336,115.73999786376953,25027420.0
1741809600,115.74,121.3833,108.5212,115.59,0.0
1741813200,115.58,116.15,115.55,115.96,0.0
1741816800,115.961,130.28,115.81,116.4293,0.0
1741820400,116.43,116.98,116.4,116.96,0.0
1741852800,114.8,115.03,114.1,114.65,0.0
1741856400,114.64,115.58,114.31,115.35,0.0
1741860000,115.36,116.87,115.28,116.63,0.0
1741863600,116.65,117.18,115.75,115.98,0.0
1741867200,115.97,117.44,113.88,115.8452,0.0
1741870800,115.9,117.18,115.75,117.04,0.0
1741872600,117.0199966430664,117.76000213623047,113.79000091552734,116.65499877929688,85359507.0
1741876200,116.65499877929688,117.25,115.61000061035156,116.08000183105469,39262209.0
1741879800,116.08000183105469,116.69999694824219,115.41000366210938,115.86090087890625,31632519.0
1741883400,115.8499984741211,116.80000305175781,114.44999694824219,115.26499938964844,30548149.0
1741887000,115.26499938964844,116.94999694824219,115.11019897460938,116.94999694824219,28164566.0
1741890600,116.94999694824219,117.7300033569336,115.88999938964844,116.00499725341797,31767650.0
1741894200,116.01000213623047,116.3499984741211,115.12000274658203,115.70999908447266,26425577.0
1741896000,115.58,165.4939,99.3052,115.8882,0.0
1741899600,115.86,163.3881,99.3052,115.81,0.0
1741903200,115.87,116.63,115.78,116.5,0.0
1741906800,116.485,116.6,115.58,116.4101,0.0
1741939200,117.0,117.68,117.0,117.61,0.0
1741942800,117.62,117.74,117.38,117.6,0.0
1741946400,117.59,117.87,117.45,117.71,0.0
1741950000,117.71,118.18,117.39,118.16,0.0
1741953600,118.16,119.13,115.58,119.1201,0.0
1741957200,119.13,124.92,112.11,118.62,0.0
1741959000,118.62000274658203,120.56500244140625,118.1500015258789,119.52490234375,80054675.0
1741962600,119.52899932861328,121.19000244140625,119.5000991821289,120.93000030517578,37708775.0
1741966200,120.93000030517578,121.87999725341797,120.5,120.51499938964844,33893954.0
1741969800,120.51010131835938,121.28500366210938,120.36000061035156,120.54499816894531,22384234.0
1741973400,120.54000091552734,120.8593978881836,120.11000061035156,120.2750015258789,19595435.0
1741977000,120.27999877929688,121.06849670410156,120.25,120.58499908447266,23734973.0
1741980600,120.58999633789062,121.80000305175781,120.58000183105469,121.44999694824219,29113451.0
1741982400,121.67,121.67,120.545,121.205,0.0
1741986000,121.2,154.6626,74.8355,121.3497,0.0
1741989600,121.34,121.6,121.28,121.5,0.0
1741993200,121.4931,121.6,121.41,121.4699,0.0
1742198400,121.03,122.48,121.01,122.35,0.0
1742202000,122.33,123.03,122.16,122.83,0.0
1742205600,122.8,122.87,122.4,122.68,0.0
1742209200,122.67,123.39,122.45,123.29,0.0
1742212800,123.31,123.7,120.83,123.04,0.0
1742216400,123.0288,123.63,108.76,122.7,0.0
1742218200,122.73750305175781,122.88999938964844,119.5,119.53500366210938,74495804.0
1742221800,119.54000091552734,120.2699966430664,118.87999725341797,119.29499816894531,34677303.0
1742225400,119.30500030517578,119.70999908447266,118.27999877929688,118.36509704589844,24933399.0
1742229000,118.37000274658203,119.25,118.02999877929688,119.17489624023438,24739657.0
1742232600,119.17500305175781,120.56999969482422,119.0,120.5,24394177.0
1742236200,120.48999786376953,121.08000183105469,120.2300033569336,120.3644027709961,25289938.0
1742239800,120.36000061035156,120.46499633789062,119.41999816894531,119.4800033569336,21588433.0
1742241600,119.48,120.0701,119.17,119.65,0.0
1742245200,119.6499,127.9996,112.0937,119.805,0.0
1742248800,119.78,119.99,119.53,119.74,0.0
1742252400,119.73,119.8,119.41,119.5101,0.0
1742284800,119.53,120.6,119.19,120.48,0.0
1742288400,120.47,120.73,119.95,120.03,0.0
1742292000,120.04,120.19,119.19,119.74,0.0
1742295600,119.72,120.04,119.54,119.57,0.0
1742299200,119.57,120.73,118.69,119.0106,0.0
1742302800,119.02,119.3,117.75,117.95,0.0
1742304600,118.24500274658203,118.5199966430664,114.54000091552734,115.83999633789062,72291232.0
1742308200,115.83000183105469,116.95999908447266,115.4800033569336,116.75499725341797,33542033.0
1742311800,116.75499725341797,117.68000030517578,116.1801986694336,117.63999938964844,26841463.0
1742315400,117.63999938964844,119.0199966430664,116.94000244140625,117.15499877929688,37041485.0
1742319000,117.16999816894531,117.6500015258789,115.7406997680664,116.63870239257812,38658434.0
1742322600,116.63999938964844,117.58000183105469,115.97000122070312,116.13500213623047,32486323.0
1742326200,116.13999938964844,116.29000091552734,114.94999694824219,115.58000183105469,26592776.0
1742328000,115.58,120.7806,107.7132,115.21,0.0
1742331600,115.2,122.7973,109.4041,115.0305,0.0
1742335200,115.0492,115.15,114.7,115.03,0.0
1742338800,115.03,115.15,114.72,114.7899,0.0
1742371200,115.07,115.75,115.07,115.75,0.0
1742374800,115.72,116.56,115.7,116.5,0.0
1742378400,116.49,117.24,116.36,116.91,0.0
1742382000,116.94,117.13,116.21,116.77,0.0
1742385600,116.79,117.24,114.77,116.63,0.0
1742389200,116.63,117.44,116.53,117.28,0.0
1742391000,117.30500030517578,118.16000366210938,115.68000030517578,116.98999786376953,64324915.0
1742394600,116.98570251464844,117.41999816894531,116.29499816894531,117.24500274658203,25356228.0
1742398200,117.24500274658203,118.0999984741211,117.0,118.0250015258789,26815588.0
1742401800,118.0199966430664,118.25,117.2699966430664,117.45860290527344,19938862.0
1742405400,117.45999908447266,119.26000213623047,117.33699798583984,118.53600311279297,31708228.0
1742409000,118.53099822998047,120.44499969482422,118.18000030517578,118.25,42933049.0
1742412600,118.26499938964844,119.08000183105469,117.38999938964844,117.5199966430664,28863345.0
1742414400,117.52,122.479,109.9363,117.54,0.0
1742418000,117.53,119.8126,109.7615,117.9201,0.0
1742421600,117.93,118.65,117.85,118.384,0.0
1742425200,118.3902,118.8,118.32,118.8,0.0
1742457600,119.3,119.55,118.93,119.43,0.0
1742461200,119.44,119.53,118.43,118.49,0.0
1742464800,118.43,118.52,116.02,116.91,0.0
1742468400,116.95,117.3,116.49,116.7,0.0
1742472000,116.67,119.55,116.0728,117.2138,0.0
1742475600,117.31,117.94,115.21,116.5299,0.0
1742477400,117.23500061035156,119.44000244140625,116.76000213623047,118.9000015258789,59212296.0
1742481000,118.91000366210938,119.90499877929688,118.68009948730469,119.62999725341797,29473663.0
1742484600,119.63980102539062,120.19999694824219,118.18990325927734,118.29000091552734,36312796.0
1742488200,118.30999755859375,118.7750015258789,117.81999969482422,117.88899993896484,29469743.0
1742491800,117.9000015258789,119.06999969482422,117.83999633789062,118.0791015625,20595474.0
1742495400,118.06500244140625,118.68000030517578,117.73999786376953,118.04499816894531,21977978.0
1742499000,118.05000305175781,118.91999816894531,118.05000305175781,118.47000122070312,18320216.0
1742500800,118.465,125.4035,115.3479,118.64,0.0
1742504400,118.6112,118.75,115.3479,118.57,0.0
1742508000,118.56,134.7,118.32,118.4,0.0
1742511600,118.45,118.53,118.12,118.1698,0.0
1742544000,118.03,118.39,117.77,117.83,0.0
1742547600,117.88,118.08,116.96,117.21,0.0
1742551200,117.26,117.7,116.99,117.52,0.0
1742554800,117.51,117.77,117.04,117.77,0.0
1742558400,117.76,118.45,116.97,117.6699,0.0
1742562000,117.6301,118.53,116.0,117.04,0.0
1742563800,116.95800018310547,117.66999816894531,115.41999816894531,116.46939849853516,77008403.0
1742567400,116.47000122070312,117.05000305175781,116.0199966430664,116.29000091552734,23739474.0
1742571000,116.29499816894531,117.62999725341797,116.2699966430664,117.3499984741211,22178576.0
1742574600,117.3550033569336,117.98999786376953,116.97000122070312,117.06500244140625,27230579.0
1742578200,117.06500244140625,117.55999755859375,116.81999969482422,117.19110107421875,14765667.0
1742581800,117.19000244140625,117.41000366210938,116.68499755859375,116.78500366210938,17897704.0
1742585400,116.77999877929688,117.80000305175781,116.4000015258789,117.63500213623047,23788360.0
1742587200,117.63,117.99,112.92,117.84,0.0
1742590800,117.86,119.7243,111.1016,117.7191,0.0
1742594400,117.71,117.78,117.0382,117.65,0.0
1742598000,117.63,117.71,117.52,117.64,0.0
1742803200,119.1,119.64,118.82,119.53,0.0
1742806800,119.5,119.55,118.84,118.93,0.0
1742810400,118.92,119.36,118.74,119.28,0.0
1742814000,119.26,119.98,119.22,119.95,0.0
1742817600,119.95,120.14,117.406,120.055,0.0
1742821200,120.07,120.25,117.7,119.87,0.0
1742823000,119.88999938964844,121.06999969482422,119.33999633789062,120.4800033569336,60100425.0
1742826600,120.47000122070312,122.22000122070312,120.33000183105469,122.04000091552734,34041886.0
1742830200,122.04010009765625,122.22000122070312,121.3499984741211,121.75,21429703.0
1742833800,121.75499725341797,122.08000183105469,121.37999725341797,121.72879791259766,15509433.0
1742837400,121.7249984741211,121.9800033569336,121.55999755859375,121.81500244140625,13064300.0
1742841000,121.81500244140625,122.08000183105469,121.6500015258789,121.79499816894531,16563480.0
1742844600,121.79499816894531,122.00990295410156,121.2300033569336,121.2300033569336,19638306.0
1742846400,121.22,149.0198,95.792,102.3052,0.0
1742850000,121.29,147.7039,95.1137,121.2128,0.0
1742853600,121.21,121.23,120.84,120.97,0.0
1742857200,120.9699,121.03,120.92,120.9695,0.0
1742889600,120.74,120.91,119.8,119.84,0.0
1742893200,119.82,120.44,119.73,120.35,0.0
1742896800,120.31,120.76,120.31,120.61,0.0
1742900400,120.59,121.25,120.57,120.66,0.0
1742904000,120.69,121.25,119.7448,120.66,0.0
1742907600,120.65,121.41,120.43,120.54,0.0
1742909400,120.56749725341797,120.94000244140625,118.91999816894531,119.9800033569336,54305819.0
1742913000,119.9800033569336,120.44000244140625,119.44499969482422,120.2615966796875,22280992.0
1742916600,120.2699966430664,120.98999786376953,120.04000091552734,120.66020202636719,18179130.0
1742920200,120.66999816894531,121.41000366210938,120.16999816894531,120.23500061035156,14869007.0
1742923800,120.23999786376953,121.0199966430664,120.23670196533203,120.71510314941406,13385816.0
1742927400,120.72000122070312,120.94999694824219,120.51000213623047,120.69499969482422,13173791.0
1742931000,120.69499969482422,121.29000091552734,120.51000213623047,120.6449966430664,13672618.0
1742932800,120.645,120.77,115.0874,120.65,0.0
1742936400,120.6696,120.68,119.9,120.53,0.0
1742940000,120.52,120.68,120.45,120.52,0.0
1742943600,120.5184,120.64,120.5,120.61,0.0
1742976000,120.06,120.06,119.64,119.95,0.0
1742979600,119.95,120.05,119.64,119.72,0.0
1742983200,119.78,119.84,119.19,119.45,0.0
1742986800,119.47,119.7,118.71,118.89,0.0
1742990400,118.85,120.16,118.5,118.78,0.0
1742994000,118.7887,120.1181,110.52,118.74,0.0
1742995800,118.75499725341797,118.83999633789062,114.45500183105469,115.11499786376953,89092370.0
1742999400,115.11499786376953,115.63999938964844,114.73999786376953,115.16500091552734,34117276.0
1743003000,115.16000366210938,115.4000015258789,113.56999969482422,114.03500366210938,35802958.0
1743006600,114.03500366210938,114.27999877929688,113.38999938964844,113.45999908447266,28403778.0
1743010200,113.46499633789062,113.79000091552734,112.70999908447266,113.6449966430664,29558918.0
1743013800,113.6500015258789,113.7699966430664,112.76499938964844,113.26499938964844,26875607.0
1743017400,113.26499938964844,114.1500015258789,113.18000030517578,113.69999694824219,24048584.0
1743019200,113.7,120.375,106.34,113.4997,0.0
1743022800,113.49,117.8819,106.34,113.38,0.0
1743026400,113.3,113.47,112.01,112.41,0.0
1743030000,112.41,112.43,111.83,112.2001,0.0
1743062400,112.0,112.44,111.53,112.04,0.0
1743066000,112.07,113.44,112.07,113.12,0.0
1743069600,113.12,113.15,112.58,112.77,0.0
1743073200,112.78,112.89,111.66,111.75,0.0
1743076800,111.74,113.43,111.55,111.593,0.0
1743080400,111.64,120.89,111.24,111.34,0.0
1743082200,111.34500122070312,113.28739929199219,110.66999816894531,112.81500244140625,68494954.0
1743085800,112.80999755859375,114.44999694824219,112.6500015258789,113.55000305175781,33925620.0
1743089400,113.55000305175781,113.55999755859375,111.95999908447266,112.50499725341797,28975493.0
1743093000,112.5,112.79000091552734,111.6500015258789,111.69139862060547,18461760.0
1743096600,111.69000244140625,112.53500366210938,111.5199966430664,112.1449966430664,18439363.0
1743100200,112.12999725341797,112.97000122070312,111.94999694824219,112.66999816894531,16703652.0
1743103800,112.6636962890625,112.68499755859375,111.18000030517578,111.43000030517578,19127222.0
1743105600,111.43,118.9836,104.2323,111.67,0.0
1743109200,111.6692,113.4307,104.2308,111.61,0.0
1743112800,111.6098,111.69,111.43,111.6198,0.0
1743116400,111.6197,111.63,111.25,111.265,0.0
1743148800,111.17,111.32,110.74,110.99,0.0
1743152400,110.94,111.83,110.76,111.77,0.0
1743156000,111.78,111.98,111.3,111.92,0.0
1743159600,111.93,112.38,111.79,111.92,0.0
1743163200,111.91,112.37,110.7604,112.07,0.0
1743166800,112.05,117.055,111.15,111.53,0.0
1743168600,111.48500061035156,112.87000274658203,109.26000213623047,109.27880096435547,67383364.0
1743172200,109.27999877929688,110.1500015258789,109.07990264892578,109.65499877929688,30806013.0
1743175800,109.65499877929688,110.18389892578125,109.0999984741211,109.58499908447266,24313542.0
1743179400,109.58000183105469,110.1449966430664,109.23999786376953,109.4749984741211,22879578.0
1743183000,109.48500061035156,110.41819763183594,109.36000061035156,110.01499938964844,19879394.0
1743186600,110.01100158691406,110.61000061035156,109.86000061035156,109.91000366210938,21216107.0
1743190200,109.91000366210938,110.07859802246094,109.4000015258789,109.63999938964844,21276045.0
1743192000,109.63,114.5865,102.3446,109.13,0.0
1743195600,109.1683,116.78,102.5881,109.26,0.0
1743199200,109.265,109.67,109.06,109.08,0.0
1743202800,109.08,109.08,109.0,109.02,0.0
1743408000,106.85,107.09,105.96,106.18,0.0
1743411600,106.22,106.4,105.6,106.06,0.0
1743415200,106.1,106.15,105.28,105.55,0.0
1743418800,105.54,106.0,104.79,104.88,0.0
1743422400,104.889,109.67,104.7,105.29,0.0
1743426000,105.29,109.396,105.03,105.16,0.0
1743427800,105.11000061035156,106.01000213623047,103.6500015258789,103.88999938964844,87254622.0
1743431400,103.8949966430664,105.52999877929688,103.8949966430664,105.1895980834961,38342264.0
1743435000,105.18000030517578,106.01000213623047,104.7699966430664,105.9800033569336,26299485.0
1743438600,105.9749984741211,106.25,105.30999755859375,105.72000122070312,20941158.0
1743442200,105.72889709472656,107.56999969482422,105.55999755859375,107.55010223388672,21222498.0
1743445800,107.55000305175781,108.13999938964844,107.12000274658203,107.23999786376953,30430998.0
1743449400,107.25,108.95999908447266,107.13009643554688,108.7699966430664,30493185.0
1743451200,108.77,115.43,104.0171,107.9299,0.0
1743454800,107.93,112.3114,100.8586,107.9,0.0
1743458400,107.925,107.96,107.56,107.74,0.0
1743462000,107.7298,107.88,107.37,107.52,0.0
1743494400,107.99,109.74,107.95,109.69,0.0
1743498000,109.61,109.72,109.16,109.53,0.0
1743501600,109.54,109.97,108.64,108.69,0.0
1743505200,108.65,109.23,108.16,108.75,0.0
1743508800,108.73,109.9596,107.58,108.4736,0.0
1743512400,108.45,108.94,108.35,108.47,0.0
1743514200,108.53250122070312,109.09369659423828,106.47000122070312,107.12999725341797,56995789.0
1743517800,107.14350128173828,109.48999786376953,107.07499694824219,108.91089630126953,31564223.0
1743521400,108.91999816894531,109.92990112304688,108.58000183105469,109.4000015258789,25262661.0
1743525000,109.41000366210938,109.45500183105469,108.44999694824219,108.80120086669922,19506598.0
1743528600,108.80000305175781,109.2300033569336,107.41000366210938,107.71990203857422,18839819.0
1743532200,107.70999908447266,108.95999908447266,107.63999938964844,108.61129760742188,20397955.0
1743535800,108.61000061035156,110.19999694824219,108.55999755859375,110.1500015258789,23879667.0
1743537600,110.18,114.3028,102.6654,110.02,0.0
1743541200,110.0,115.058,105.3817,109.915,0.0
1743544800,109.91,110.5,109.9,110.11,0.0
1743548400,110.13,110.27,110.0,110.0201,0.0
1743580800,109.02,109.56,108.77,109.5,0.0
1743584400,109.47,109.65,109.19,109.21,0.0
1743588000,109.21,109.45,108.59,108.68,0.0
1743591600,108.65,108.9,108.2,108.34,0.0
1743595200,108.35,109.69,107.5,107.8999,0.0
1743598800,107.8998,108.14,107.05,107.3,0.0
1743600600,107.30000305175781,109.72000122070312,106.79000091552734,108.99859619140625,52456911.0
1743604200,109.0,110.48999786376953,108.68000030517578,110.25,24990782.0
1743607800,110.23999786376953,111.15499877929688,109.61000061035156,111.15239715576172,20802108.0
1743611400,111.15129852294922,111.9800033569336,110.1500015258789,111.23500061035156,24736543.0
1743615000,111.22000122070312,111.25,109.31999969482422,109.32499694824219,23167039.0
1743618600,109.30000305175781,110.12999725341797,108.8499984741211,109.6500015258789,20996629.0
1743622200,109.6449966430664,110.76000213623047,109.38999938964844,110.37999725341797,18771615.0
1743624000,110.325,114.3277,102.0394,106.76,0.0
1743627600,106.79,112.1008,104.02,105.6212,0.0
1743631200,105.7,110.42,104.75,105.21,0.0
1743634800,105.249,105.26,104.0235,104.13,0.0
1743667200,105.73,107.2,105.73,107.03,0.0
1743670800,107.06,107.38,106.39,106.39,0.0
1743674400,106.4,106.78,104.5,104.91,0.0
1743678000,104.88,105.78,104.02,104.32,0.0
1743681600,104.31,110.42,103.82,103.9,0.0
1743685200,103.88,104.22,103.43,103.585,0.0
1743687000,103.50499725341797,105.62999725341797,103.26219940185547,105.1500015258789,88390819.0
1743690600,105.1500015258789,105.4291000366211,102.01000213623047,102.96990203857422,61147077.0
1743694200,102.95500183105469,104.19000244140625,102.88500213623047,103.66100311279297,32422689.0
1743697800,103.66999816894531,103.87000274658203,102.75,103.0199966430664,30347849.0
1743701400,103.0198974609375,103.36000061035156,102.30000305175781,102.625,22282652.0
1743705000,102.62999725341797,104.0999984741211,102.53500366210938,102.66850280761719,33686143.0
1743708600,102.66999816894531,103.01000213623047,101.5999984741211,101.80999755859375,36062968.0
1743710400,101.785,106.3298,101.56,102.29,0.0
1743714000,102.265,106.3584,97.2119,102.8,0.0
1743717600,102.8,102.95,101.8,102.3993,0.0
1743721200,102.39,102.48,101.8,102.4199,0.0
1743753600,101.8,102.67,101.67,102.38,0.0
1743757200,102.35,102.59,101.63,101.68,0.0
1743760800,101.7,102.26,96.88,97.15,0.0
1743764400,97.16,98.9,95.71,95.85,0.0
1743768000,95.86,102.6428,95.36,97.95,0.0
1743771600,97.95,99.15,97.46,99.0,0.0
1743773400,98.94000244140625,100.12409973144531,94.55999755859375,94.60579681396484,144457921.0
1743777000,94.6050033569336,96.56999969482422,92.11000061035156,95.0999984741211,99663988.0
1743780600,95.0999984741211,95.8499984741211,93.62999725341797,93.82990264892578,50949073.0
1743784200,93.83000183105469,94.58000183105469,93.23999786376953,94.10009765625,42350512.0
1743787800,94.11000061035156,96.12989807128906,93.66500091552734,94.01000213623047,43326237.0
1743791400,94.0250015258789,95.55999755859375,93.26490020751953,95.16500091552734,54075828.0
1743795000,95.16999816894531,96.37999725341797,94.20999908447266,94.31999969482422,48492823.0
1743796800,94.32,149.1817,82.803,93.98,0.0
1743800400,93.94,160.2169,82.803,93.81,0.0
1743804000,93.81,93.82,93.12,93.15,0.0
1743807600,93.1503,94.31,92.5497,92.5999,0.0
1744012800,87.0,89.03,86.05,88.87,0.0
1744016400,88.86,90.57,88.45,89.31,0.0
1744020000,89.31,92.53,89.19,91.91,0.0
1744023600,91.9,93.55,90.43,90.88,0.0
1744027200,90.9,94.075,83.75,89.68,0.0
1744030800,89.68,90.68,87.36,87.4,0.0
1744032600,88.25,101.73999786376953,86.62999725341797,93.4800033569336,243187525.0
1744036200,93.4800033569336,98.27999877929688,92.0199966430664,93.87999725341797,98058048.0
1744039800,93.86000061035156,97.73999786376953,93.86000061035156,95.87000274658203,52286254.0
1744043400,95.86000061035156,98.31999969482422,94.81199645996094,98.23290252685547,44582320.0
1744047000,98.20999908447266,99.69000244140625,97.17500305175781,97.41000366210938,54154785.0
1744050600,97.43070220947266,99.02999877929688,96.41999816894531,96.6500015258789,41244887.0
1744054200,96.66999816894531,98.37000274658203,96.2699966430664,97.70999908447266,32364653.0
1744056000,97.71,113.5096,92.185,98.375,0.0
1744059600,98.3892,147.833,94.7929,98.32,0.0
1744063200,98.33,112.555,98.25,99.2292,0.0
1744066800,99.215,99.49,97.64,99.1799,0.0
1744099200,99.83,101.22,98.91,99.44,0.0
1744102800,99.43,100.63,99.39,99.96,0.0
1744106400,99.98,100.59,99.54,99.78,0.0
1744110000,99.78,100.85,99.71,100.78,0.0
1744113600,100.73,102.34,97.95,101.72,0.0
1744117200,101.6905,104.25,87.015,103.82,0.0
1744119000,103.80500030517578,105.8499984741211,102.58999633789062,104.7300033569336,131855772.0
1744122600,104.72000122070312,105.2300033569336,102.0199966430664,102.05999755859375,62175660.0
1744126200,102.05999755859375,104.3656997680664,100.94999694824219,101.58499908447266,53337417.0
1744129800,101.58000183105469,101.81999969482422,98.69999694824219,98.77999877929688,54463549.0
1744133400,98.75499725341797,101.0,98.58000183105469,99.42990112304688,37886532.0
1744137000,99.42829895019531,101.0,95.2699966430664,96.31999969482422,55183916.0
1744140600,96.30999755859375,96.75,94.45999908447266,96.70999908447266,44320325.0
1744142400,96.73,101.1839,89.8286,96.34,0.0
1744146000,96.39,97.17,96.01,96.75,0.0
1744149600,96.73,96.78,94.56,94.87,0.0
1744153200,94.835,94.87,92.59,93.3995,0.0
1744185600,98.82,101.16,98.5,98.5,0.0
1744189200,98.51,100.16,96.85,99.11,0.0
1744192800,99.2,99.36,97.85,98.31,0.0
1744196400,98.22,99.14,95.13,96.46,0.0
1744200000,96.49,108.91,93.25,96.39,0.0
1744203600,96.34,99.14,96.1,98.94,0.0
1744205400,98.87999725341797,101.18000030517578,97.53009796142578,99.97940063476562,110121099.0
1744209000,99.97000122070312,100.93000030517578,97.73999786376953,99.1688003540039,48978408.0
1744212600,99.16999816894531,99.70999908447266,98.0,99.44000244140625,33664067.0
1744216200,99.44000244140625,109.8499984741211,99.1500015258789,106.47000122070312,86003341.0
1744219800,106.47000122070312,112.98999786376953,101.56999969482422,112.02999877929688,114934175.0
1744223400,112.02999877929688,113.30000305175781,110.0999984741211,112.79000091552734,79368009.0
1744227000,112.79759979248047,115.0999984741211,112.7750015258789,114.25,69889080.0
1744228800,114.22,114.6,67.2868,114.0001,0.0
1744232400,114.05,114.33,77.8688,112.7814,0.0
1744236000,112.86,114.33,112.4,113.6,0.0
1744239600,113.5997,114.33,99.1,112.58,0.0
1744272000,111.44,111.98,109.71,110.2,0.0
1744275600,110.17,110.3,109.0,109.93,0.0
1744279200,109.95,111.3,109.8,110.81,0.0
1744282800,110.85,111.6,110.33,110.63,0.0
1744286400,110.59,114.65,109.0243,109.81,0.0
1744290000,109.76,111.38,109.21,109.3209,0.0
1744291800,109.31999969482422,110.02999877929688,106.94000244140625,109.08000183105469,103900783.0
1744295400,109.05000305175781,110.86000061035156,107.88999938964844,107.8949966430664,49359864.0
1744299000,107.89129638671875,108.26799774169922,103.01000213623047,104.05000305175781,64357100.0
1744302600,104.02999877929688,108.37000274658203,103.94000244140625,106.47000122070312,52957278.0
1744306200,106.44999694824219,108.56999969482422,106.05000305175781,108.44400024414062,43347805.0
1744309800,108.44999694824219,108.9386978149414,106.41000366210938,106.44000244140625,42888124.0
1744313400,106.44000244140625,108.05999755859375,105.5,107.69999694824219,39204146.0
1744315200,107.7,126.4343,72.3758,107.54,0.0
1744318800,107.54,129.5107,77.8629,107.195,0.0
1744322400,107.19,111.13,107.04,107.8,0.0
1744326000,107.7704,107.8,105.9,106.25,0.0
1744358400,108.6,108.75,107.0,107.27,0.0
1744362000,107.23,107.75,106.67,107.72,0.0
1744365600,107.73,109.15,107.59,108.84,0.0
1744369200,108.84,109.19,108.48,108.58,0.0
1744372800,108.6,110.0,106.69,108.9,0.0
1744376400,108.94,113.98,95.23,108.4601,0.0
1744378200,108.58999633789062,110.69000244140625,107.55999755859375,107.69999694824219,81909147.0
1744381800,107.70999908447266,109.83499908447266,107.4800033569336,108.63999938964844,41874415.0
1744385400,108.6500015258789,109.98999786376953,108.43000030517578,109.44000244140625,31153652.0
1744389000,109.47000122070312,111.05999755859375,109.43000030517578,109.73999786376953,35792537.0
1744392600,109.73999786376953,111.54989624023438,109.29010009765625,110.3499984741211,36180706.0
1744396200,110.36000061035156,110.5199966430664,109.58000183105469,110.11000061035156,24853430.0
1744399800,110.1050033569336,111.0,109.83000183105469,110.69000244140625,29628386.0
1744401600,110.7,122.5411,71.9844,110.67,0.0
1744405200,110.69,115.5581,75.458,110.595,0.0
1744408800,110.6099,110.61,110.46,110.515,0.0
1744412400,110.5197,110.71,110.4,110.7097,0.0
1744617600,114.7,114.82,113.82,113.87,0.0
1744621200,113.87,114.0,112.88,113.19,0.0
1744624800,113.19,113.27,112.41,113.12,0.0
1744628400,113.12,114.9,113.0,114.789,0.0
1744632000,114.79,114.9,110.542,114.4199,0.0
1744635600,114.42,115.38,114.07,114.15,0.0
1744637400,114.13999938964844,114.29000091552734,111.38009643554688,112.56700134277344,82789779.0
1744641000,112.56500244140625,112.98999786376953,111.30000305175781,111.33350372314453,32614822.0
1744644600,111.3499984741211,111.66000366210938,109.06999969482422,110.02999877929688,42210370.0
1744648200,110.02999877929688,111.19000244140625,109.93499755859375,110.44000244140625,23588472.0
1744651800,110.43000030517578,111.36000061035156,109.77999877929688,111.19999694824219,21463425.0
1744655400,111.19110107421875,111.87999725341797,111.0999984741211,111.3499984741211,20101443.0
1744659000,111.36000061035156,111.79000091552734,110.63999938964844,110.69999694824219,21299355.0
1744660800,110.7,143.8339,87.2552,110.42,0.0
1744664400,110.44,140.76,87.2552,110.3005,0.0
1744668000,110.3005,110.31,109.5608,109.57,0.0
1744671600,109.5699,109.75,109.31,109.3697,0.0
1744704000,111.0,111.31,110.71,111.04,0.0
1744707600,111.06,111.2,110.76,111.09,0.0
1744711200,111.08,111.25,110.72,110.96,0.0
1744714800,110.98,111.05,110.39,110.49,0.0
1744718400,110.48,111.39,109.85,110.05,0.0
1744722000,110.0201,111.13,109.91,111.022,0.0
1744723800,110.97000122070312,112.76000213623047,110.5,111.01499938964844,58803422.0
1744727400,111.04000091552734,112.48999786376953,111.0,112.02999877929688,26916127.0
1744731000,112.03500366210938,113.61499786376953,111.79000091552734,113.26499938964844,35167817.0
1744734600,113.2699966430664,113.4000015258789,111.7301025390625,111.84010314941406,22753728.0
1744738200,111.83499908447266,112.63999938964844,111.7699966430664,112.12000274658203,19596078.0
1744741800,112.11499786376953,112.72000122070312,111.99500274658203,112.21009826660156,17827629.0
1744745400,112.21499633789062,112.3499984741211,111.94999694824219,112.0999984741211,14052161.0
1744747200,112.1,119.2783,105.3817,110.1994,0.0
1744750800,112.02,122.7973,94.9615,105.275,0.0
1744754400,105.28,110.25,96.3,105.88,0.0
1744758000,105.875,105.95,104.91,105.1187,0.0
1744790400,105.27,105.71,104.21,105.0,0.0
1744794000,105.03,107.38,104.87,105.9,0.0
1744797600,105.9,106.28,105.46,105.81,0.0
1744801200,105.81,105.85,104.59,105.14,0.0
1744804800,105.14,112.2,103.55,105.14,0.0
1744808400,105.11,116.87,95.97,104.445,0.0
1744810200,104.55000305175781,106.79000091552734,104.3499984741211,105.5199966430664,101562531.0
1744813800,105.5250015258789,105.58470153808594,103.80000305175781,105.17510223388672,46612325.0
1744817400,105.18000030517578,105.37000274658203,103.58000183105469,103.91500091552734,32297195.0
1744821000,103.91500091552734,104.16000366210938,103.1500015258789,103.93499755859375,28022826.0
1744824600,103.94000244140625,103.9800033569336,101.74120330810547,102.18499755859375,46963938.0
1744828200,102.18499755859375,102.25499725341797,100.44999694824219,101.00499725341797,52578363.0
1744831800,101.01000213623047,104.55000305175781,101.01000213623047,104.5,48163675.0
1744833600,104.5,110.275,96.7091,103.03,0.0
1744837200,103.05,110.275,97.5769,103.6,0.0
1744840800,103.6,104.49,103.51,103.9194,0.0
1744844400,103.92,103.92,103.25,103.3805,0.0
1744876800,105.82,106.05,105.2,105.89,0.0
1744880400,105.85,105.98,105.3,105.63,0.0
1744884000,105.62,105.75,104.86,105.01,0.0
1744887600,105.03,105.15,104.22,104.51,0.0
1744891200,104.52,106.45,104.21,104.9491,0.0
1744894800,104.95,105.06,104.0,104.48,0.0
1744896600,104.42500305175781,104.47000122070312,100.4800033569336,100.49500274658203,82712336.0
1744900200,100.49569702148438,101.33000183105469,100.05000305175781,100.39820098876953,50819134.0
1744903800,100.3949966430664,101.4000015258789,100.16000366210938,101.23500061035156,34589269.0
1744907400,101.23509979248047,101.83999633789062,100.75170135498047,100.8311996459961,26631436.0
1744911000,100.83999633789062,102.37999725341797,100.79000091552734,102.15630340576172,26656995.0
1744914600,102.16000366210938,102.48999786376953,101.0199966430664,101.21499633789062,27771508.0
1744918200,101.20999908447266,101.69999694824219,100.8499984741211,101.41000366210938,22752612.0
1744920000,101.4,101.7,101.23,101.3983,0.0
1744923600,101.36,106.7981,101.18,101.225,0.0
1744927200,101.2107,101.26,101.03,101.115,0.0
1744930800,101.1293,101.49,101.06,101.2805,0.0
1745222400,100.01,100.18,99.07,99.49,0.0
1745226000,99.47,99.68,98.77,99.21,0.0
1745229600,99.21,99.33,97.82,97.88,0.0
1745233200,97.88,99.58,97.7,98.43,0.0
1745236800,98.44,101.49,97.67,98.31,0.0
1745240400,98.32,105.195,98.07,98.7704,0.0
1745242200,99.2699966430664,99.33999633789062,95.56999969482422,95.83499908447266,83473343.0
1745245800,95.83499908447266,96.56999969482422,95.6500015258789,95.88999938964844,33159945.0
1745249400,95.88999938964844,96.27999877929688,95.73999786376953,95.80000305175781,23386474.0
1745253000,95.80000305175781,96.38999938964844,95.1500015258789,95.36859893798828,24254282.0
1745256600,95.36000061035156,95.68000030517578,95.04000091552734,95.58999633789062,21645802.0
1745260200,95.58999633789062,95.86000061035156,95.1500015258789,95.5999984741211,25081227.0
1745263800,95.5999984741211,97.19999694824219,95.5999984741211,96.80000305175781,28458934.0
1745265600,96.8,102.3052,95.525,96.2399,0.0
1745269200,96.2301,103.0794,89.7486,96.34,0.0
1745272800,96.34,96.91,95.9,96.049,0.0
1745276400,96.05,96.65,95.99,96.62,0.0
1745308800,98.22,98.22,97.7,97.98,0.0
1745312400,97.96,98.51,97.95,98.43,0.0
1745316000,98.43,98.44,97.98,98.04,0.0
1745319600,98.07,98.22,97.67,97.83,0.0
1745323200,97.85,98.781,96.77,98.2,0.0
1745326800,98.2001,98.8,98.0435,98.755,0.0
1745328600,98.76499938964844,99.37999725341797,97.36000061035156,99.02870178222656,59768072.0
1745332200,99.0250015258789,99.44999694824219,98.35009765625,98.8949966430664,29039264.0
1745335800,98.89640045166016,99.81099700927734,98.30000305175781,99.6500015258789,30596290.0
1745339400,99.65499877929688,99.7699966430664,97.95999908447266,98.1050033569336,28063300.0
1745343000,98.0999984741211,98.55999755859375,97.56999969482422,98.48500061035156,20303566.0
1745346600,98.49579620361328,98.83000183105469,97.5999984741211,97.70500183105469,17537365.0
1745350200,97.69999694824219,99.0,97.27999877929688,98.87999725341797,24642393.0
1745352000,98.8769,105.7166,93.8797,99.0299,0.0
1745355600,99.025,104.187,93.8797,101.9,0.0
1745359200,101.9,102.1,98.89,101.995,0.0
1745362800,102.02,102.66,98.89,102.5,0.0
1745395200,102.75,103.93,102.69,103.69,0.0
1745398800,103.7,104.29,103.33,103.61,0.0
1745402400,103.63,104.3,103.54,104.09,0.0
1745406000,104.12,104.7,104.05,104.34,0.0
1745409600,104.33,104.7,102.47,104.32,0.0
1745413200,104.29,104.72,96.345,104.5,0.0
1745415000,104.52010345458984,104.80000305175781,102.58000183105469,104.18499755859375,83247065.0
1745418600,104.18499755859375,104.73999786376953,102.94000244140625,103.13700103759766,34974533.0
1745422200,103.1500015258789,103.47000122070312,102.62000274658203,103.36000061035156,25976963.0
1745425800,103.3550033569336,104.33000183105469,103.11000061035156,103.95999908447266,20566700.0
1745429400,103.97000122070312,104.23999786376953,103.55999755859375,103.71499633789062,15975552.0
1745433000,103.71499633789062,103.91999816894531,102.31999969482422,102.41999816894531,20008243.0
1745436600,102.41999816894531,102.87000274658203,102.0199966430664,102.53500366210938,20806368.0
1745438400,102.51,109.3004,96.083,102.72,0.0
1745442000,102.7198,102.98,102.36,102.58,0.0
1745445600,102.56,102.71,101.8,102.519,0.0
1745449200,102.52,102.97,102.17,102.48,0.0
1745481600,101.72,101.74,100.79,100.96,0.0
1745485200,100.92,101.19,100.63,101.09,0.0
1745488800,101.1,102.19,101.02,102.05,0.0
1745492400,102.07,103.03,102.02,102.53,0.0
1745496000,102.52,103.29,100.6224,103.1105,0.0
1745499600,103.11,103.75,98.0,103.43,0.0
1745501400,103.4749984741211,105.38500213623047,103.11000061035156,105.36869812011719,56039411.0
1745505000,105.36499786376953,105.98999786376953,104.7300033569336,105.34500122070312,31690192.0
1745508600,105.3499984741211,105.87999725341797,105.03790283203125,105.7489013671875,22022097.0
1745512200,105.73999786376953,106.37999725341797,105.66999816894531,106.29499816894531,24284792.0
1745515800,106.29830169677734,106.45999908447266,105.86000061035156,106.33470153808594,16704091.0
1745519400,106.33000183105469,106.5,105.51010131835938,105.7249984741211,18390301.0
1745523000,105.7249984741211,106.54000091552734,105.66999816894531,106.37999725341797,18998196.0
1745524800,106.37,113.2697,101.0079,106.125,0.0
1745528400,106.1018,138.81,99.3052,106.98,0.0
1745532000,106.99,106.99,106.43,106.9296,0.0
1745535600,106.93,107.9,106.85,107.72,0.0
1745568000,107.98,108.12,107.59,107.8,0.0
1745571600,107.78,107.86,107.07,107.46,0.0
1745575200,107.48,107.6,106.86,106.99,0.0
1745578800,106.96,107.14,106.0,106.75,0.0
1745582400,106.75,108.65,106.0,106.61,0.0
1745586000,106.61,126.49,101.49,106.85,0.0
1745587800,106.86000061035156,108.0999984741211,105.7300033569336,107.54100036621094,56519423.0
1745591400,107.55999755859375,108.9800033569336,107.30999755859375,108.66000366210938,26933524.0
1745595000,108.66000366210938,109.5199966430664,108.4800033569336,109.4749984741211,24948783.0
1745598600,109.47000122070312,111.91999816894531,109.31999969482422,111.87000274658203,39255944.0
1745602200,111.85990142822266,111.89949798583984,109.82119750976562,110.83499908447266,33902808.0
1745605800,110.83999633789062,111.44000244140625,110.5999984741211,110.73500061035156,25044117.0
1745609400,110.73999786376953,111.0,110.19999694824219,110.95999908447266,23072925.0
1745611200,110.96,117.8006,107.1461,110.9597,0.0
1745614800,110.95,117.8006,109.17,110.74,0.0
1745618400,110.74,110.81,110.51,110.76,0.0
1745622000,110.78,110.88,110.69,110.8595,0.0
1745827200,109.95,110.18,109.08,109.22,0.0
1745830800,109.22,109.96,109.06,109.91,0.0
1745834400,109.94,110.11,109.55,109.79,0.0
1745838000,109.81,109.98,109.16,109.43,0.0
1745841600,109.42,111.01,109.01,109.4536,0.0
1745845200,109.465,111.595,106.02,109.71,0.0
1745847000,109.69499969482422,110.36990356445312,107.86000061035156,108.52519989013672,60413372.0
1745850600,108.52999877929688,108.68000030517578,106.3843994140625,106.5999984741211,30770324.0
1745854200,106.6050033569336,107.52999877929688,106.54019927978516,106.5509033203125,20240417.0
1745857800,106.55999755859375,107.25499725341797,106.0199966430664,106.27999877929688,18846051.0
1745861400,106.27999877929688,107.4000015258789,106.16999816894531,107.30000305175781,15472588.0
1745865000,107.29499816894531,108.29000091552734,107.08000183105469,108.19000244140625,16786692.0
1745868600,108.18000030517578,108.8499984741211,108.12000274658203,108.63999938964844,18093005.0
1745870400,108.63,115.9109,102.2292,108.5,0.0
1745874000,108.51,112.3114,100.8586,108.33,0.0
1745877600,108.3303,108.34,108.01,108.15,0.0
1745881200,108.15,108.73,108.0712,108.11,0.0
1745913600,108.96,109.14,108.46,108.85,0.0
1745917200,108.85,108.99,108.58,108.63,0.0
1745920800,108.65,108.79,108.46,108.68,0.0
1745924400,108.66,108.66,107.58,108.02,0.0
1745928000,108.02,109.1688,107.5852,108.07,0.0
1745931600,108.07,111.0,104.425,107.65,0.0
1745933400,107.87000274658203,109.70999908447266,107.81999969482422,108.52999877929688,45041087.0
1745937000,108.54000091552734,109.0999984741211,108.37999725341797,108.80979919433594,19083368.0
1745940600,108.80999755859375,109.2699966430664,108.53500366210938,108.875,13963878.0
1745944200,108.87999725341797,109.08000183105469,108.22000122070312,108.73500061035156,12800451.0
1745947800,108.73999786376953,110.19989776611328,108.73999786376953,109.9801025390625,21179656.0
1745951400,109.98519897460938,110.08000183105469,108.82009887695312,109.4000015258789,22598643.0
1745955000,109.4000015258789,109.52999877929688,108.7699966430664,108.91999816894531,16544045.0
1745956800,108.91,112.9257,99.7129,107.2007,0.0
1745960400,107.25,114.3028,100.234,106.88,0.0
1745964000,106.89,107.37,103.4751,106.98,0.0
1745967600,106.97,107.03,106.75,106.78,0.0
1746000000,107.14,107.87,106.65,107.23,0.0
1746003600,107.23,107.47,107.12,107.45,0.0
1746007200,107.47,107.52,106.97,107.0,0.0
1746010800,107.0,107.0,106.38,106.49,0.0
1746014400,106.51,109.02,105.93,106.13,0.0
1746018000,106.15,112.6616,104.31,104.48,0.0
1746019800,104.47000122070312,106.12000274658203,104.08000183105469,105.98500061035156,59488326.0
1746023400,105.9800033569336,106.54000091552734,105.66999816894531,106.375,23685269.0
1746027000,106.375,106.90499877929688,105.87999725341797,106.05500030517578,19101518.0
1746030600,106.05999755859375,106.5,105.63999938964844,106.47000122070312,14908641.0
1746034200,106.47010040283203,107.7699966430664,106.37999725341797,107.19499969482422,21407425.0
1746037800,107.19000244140625,107.83499908447266,107.04000091552734,107.25499725341797,16187996.0
1746041400,107.25,108.87999725341797,107.04000091552734,108.7750015258789,24138337.0
1746043200,108.76,119.8126,106.4447,112.27,0.0
1746046800,112.299,119.8126,107.6252,111.81,0.0
1746050400,111.82,113.97,111.82,113.4,0.0
1746054000,113.4,113.52,108.92,112.9703,0.0
1746086400,112.97,113.35,112.7,112.92,0.0
1746090000,112.9,113.64,112.56,113.24,0.0
1746093600,113.25,113.93,113.23,113.85,0.0
1746097200,113.83,114.47,113.35,114.16,0.0
1746100800,114.17,114.47,108.92,113.87,0.0
1746104400,113.87,120.3562,96.91,113.04,0.0
1746106200,113.0999984741211,114.07980346679688,112.08000183105469,113.33000183105469,69672901.0
1746109800,113.31999969482422,114.94000244140625,113.13369750976562,114.32499694824219,38782979.0
1746113400,114.33000183105469,114.41999816894531,113.05000305175781,113.65180206298828,28376525.0
1746117000,113.6500015258789,113.87000274658203,112.86000061035156,113.5647964477539,16605965.0
1746120600,113.56999969482422,113.91999816894531,112.9000015258789,113.66999816894531,15678013.0
1746124200,113.66999816894531,113.75,112.87999725341797,113.0,15249098.0
1746127800,113.0,113.04000091552734,111.31999969482422,111.52999877929688,22930513.0
1746129600,111.53,118.3354,104.9961,111.785,0.0
1746133200,111.785,115.3479,106.3584,111.0307,0.0
1746136800,111.05,111.61,110.51,111.08,0.0
1746140400,111.1,111.55,111.03,111.0999,0.0
1746172800,112.05,112.83,112.05,112.71,0.0
1746176400,112.66,112.83,112.28,112.45,0.0
1746180000,112.45,112.95,112.37,112.9,0.0
1746183600,112.89,112.94,112.52,112.82,0.0
1746187200,112.84,112.95,111.61,112.62,0.0
1746190800,112.64,114.53,103.99,114.12,0.0
1746192600,114.18000030517578,115.4000015258789,113.37000274658203,113.90499877929688,59365090.0
1746196200,113.9000015258789,114.80000305175781,113.48999786376953,114.65010070800781,23266857.0
1746199800,114.66000366210938,115.25,114.55000305175781,114.74500274658203,20729043.0
1746203400,114.74500274658203,114.97989654541016,113.94999694824219,114.364501953125,15564881.0
1746207000,114.36499786376953,114.87999725341797,114.19000244140625,114.80000305175781,14510300.0
1746210600,114.80999755859375,115.02999877929688,114.22000122070312,114.47000122070312,19985024.0
1746214200,114.47000122070312,114.62999725341797,113.9000015258789,114.38999938964844,19368086.0
1746216000,114.37,120.5399,106.6208,114.2403,0.0
1746219600,114.245,120.5399,108.262,114.1995,0.0
1746223200,114.19,114.26,114.13,114.21,0.0
1746226800,114.2,114.29,114.14,114.2293,0.0
1746432000,113.86,113.88,113.46,113.46,0.0
1746435600,113.5,113.52,112.47,113.0,0.0
1746439200,113.01,113.26,112.85,112.89,0.0
1746442800,112.9,113.21,112.66,113.07,0.0
1746446400,113.03,114.5,112.49,113.07,0.0
1746450000,113.0798,115.36,95.7387,112.92,0.0
1746451800,112.90499877929688,114.37999725341797,112.7699966430664,113.24500274658203,38031331.0
1746455400,113.24700164794922,113.97000122070312,112.66000366210938,113.9198989868164,17940252.0
1746459000,113.91999816894531,114.12000274658203,113.4000015258789,113.78500366210938,13139046.0
1746462600,113.95999908447266,114.16000366210938,113.8499984741211,114.12999725341797,10787578.0
1746466200,114.13500213623047,114.52999877929688,114.0999984741211,114.37100219726562,9164969.0
1746469800,114.37000274658203,114.66000366210938,114.04000091552734,114.3740005493164,11760297.0
1746473400,114.36000061035156,114.62000274658203,113.66999816894531,113.80999755859375,11600077.0
1746475200,113.82,119.6363,106.2694,113.59,0.0
1746478800,113.6399,117.1351,106.2694,113.52,0.0
1746482400,113.51,113.55,113.25,113.31,0.0
1746486000,113.31,113.82,113.25,113.28,0.0
1746518400,113.17,113.17,112.34,112.56,0.0
1746522000,112.53,112.77,112.25,112.4,0.0
1746525600,112.4,112.66,112.25,112.47,0.0
1746529200,112.47,112.74,112.1,112.25,0.0
1746532800,112.27,113.82,112.02,112.27,0.0
1746536400,112.28,112.42,111.36,111.5,0.0
1746538200,111.63999938964844,112.97000122070312,110.8219985961914,112.65499877929688,44297315.0
1746541800,112.6500015258789,113.25,112.5636978149414,113.06999969482422,18483594.0
1746545400,113.06500244140625,113.79000091552734,112.5999984741211,113.01789855957031,15157659.0
1746549000,113.01010131835938,113.4000015258789,112.61000061035156,112.91999816894531,13211868.0
1746552600,112.93000030517578,113.77999877929688,112.72000122070312,113.68000030517578,11895316.0
1746556200,113.66999816894531,114.30000305175781,113.55999755859375,114.2300033569336,16085333.0
1746559800,114.23139953613281,114.73999786376953,113.37999725341797,113.44499969482422,15975805.0
1746561600,113.45,139.1357,83.4567,127.7255,0.0
1746565200,113.465,113.649,88.9383,112.255,0.0
1746568800,112.27,114.62,112.2518,114.49,0.0
1746572400,114.5,114.58,114.11,114.4999,0.0
1746604800,114.28,114.34,113.64,113.97,0.0
1746608400,113.99,114.27,113.79,113.93,0.0
1746612000,113.92,114.13,113.75,113.87,0.0
1746615600,113.83,114.35,113.72,114.08,0.0
1746619200,114.07,114.45,113.54,113.665,0.0
1746622800,113.6512,113.96,113.01,113.04,0.0
1746624600,113.04499816894531,113.6500015258789,112.61499786376953,113.48030090332031,36330539.0
1746628200,113.4800033569336,113.66999816894531,112.93009948730469,113.29499816894531,16245674.0
1746631800,113.29000091552734,114.22000122070312,113.2300033569336,113.67990112304688,15074340.0
1746635400,113.68000030517578,114.12999725341797,113.59490203857422,113.94499969482422,9835847.0
1746639000,113.94999694824219,114.0,112.28179931640625,113.0000991821289,20558834.0
1746642600,112.99500274658203,113.87999725341797,112.7699966430664,113.23500061035156,19343637.0
1746646200,113.2300033569336,117.68000030517578,113.19000244140625,117.0199966430664,63856483.0
1746648000,117.015,145.2702,71.9844,116.38,0.0
1746651600,135.7993,145.1633,72.7231,116.3003,0.0
1746655200,116.31,116.54,116.12,116.36,0.0
1746658800,116.36,116.95,116.36,116.865,0.0
1746691200,119.42,119.45,118.86,119.21,0.0
1746694800,119.21,119.3,118.79,118.94,0.0
1746698400,118.96,119.42,118.96,119.15,0.0
1746702000,119.15,119.26,118.82,118.95,0.0
1746705600,118.95,120.8,118.5006,119.06,0.0
1746709200,119.06,119.2,111.985,118.49,0.0
1746711000,118.4800033569336,118.58999633789062,116.48999786376953,117.23999786376953,59707764.0
1746714600,117.2300033569336,117.59500122070312,115.8499984741211,117.26000213623047,31401104.0
1746718200,117.26000213623047,118.44999694824219,117.02999877929688,118.04989624023438,28059942.0
1746721800,118.04499816894531,118.24500274658203,117.7300033569336,117.90489959716797,13310250.0
1746725400,117.90499877929688,118.19100189208984,117.52999877929688,117.9749984741211,13827447.0
1746729000,117.97460174560547,118.68000030517578,117.86000061035156,118.54049682617188,15953072.0
1746732600,118.55000305175781,118.5999984741211,117.29499816894531,117.37000274658203,16200137.0
1746734400,117.37,124.2548,111.1734,117.16,0.0
1746738000,117.19,118.45,112.9952,117.3105,0.0
1746741600,117.33,117.37,117.2,117.31,0.0
1746745200,117.295,117.33,117.0,117.0481,0.0
1746777600,117.85,118.2,117.76,117.93,0.0
1746781200,117.88,117.94,117.64,117.88,0.0
1746784800,117.87,118.19,117.81,118.11,0.0
1746788400,118.1,118.19,117.26,117.73,0.0
1746792000,117.66,118.21,117.22,117.4176,0.0
1746795600,117.42,118.58,114.265,117.33,0.0
1746797400,117.34500122070312,118.2300033569336,115.8499984741211,116.13159942626953,41154488.0
1746801000,116.12999725341797,116.7699966430664,115.20999908447266,116.37750244140625,28264877.0
1746804600,116.37999725341797,116.7699966430664,115.9800033569336,116.28500366210938,12954336.0
1746808200,116.28019714355469,116.66999816894531,116.11000061035156,116.43000030517578,9605723.0
1746811800,116.42150115966797,116.91999816894531,116.2300033569336,116.58000183105469,9257679.0
1746815400,116.5802001953125,116.80000305175781,116.47000122070312,116.7251968383789,8950592.0
1746819000,116.7249984741211,116.86499786376953,116.43000030517578,116.62069702148438,11620676.0
1746820800,116.62,122.5411,109.4064,116.36,0.0
1746824400,116.39,116.65,109.4064,116.38,0.0
1746828000,116.375,116.43,116.33,116.36,0.0
1746831600,116.37,116.41,116.34,116.38,0.0
1747036800,120.0,122.08,119.79,121.98,0.0
1747040400,121.98,122.62,121.73,122.51,0.0
1747044000,122.53,122.67,122.02,122.45,0.0
1747047600,122.41,122.78,122.01,122.2,0.0
1747051200,122.2,122.94,116.65,121.96,0.0
1747054800,121.9698,122.05,121.5,121.95,0.0
1747056600,121.94000244140625,122.81999969482422,120.47000122070312,120.86000061035156,70528533.0
1747060200,120.86000061035156,121.8499984741211,120.27999877929688,121.65139770507812,28095532.0
1747063800,121.65499877929688,122.72000122070312,121.44499969482422,122.37129974365234,22575292.0
1747067400,122.3949966430664,122.93000030517578,122.33000183105469,122.6614990234375,17996416.0
1747071000,122.66500091552734,122.94000244140625,122.47000122070312,122.73500061035156,15972208.0
1747074600,122.73500061035156,123.0,122.47000122070312,122.58499908447266,19606969.0
1747078200,122.58000183105469,123.0,122.07009887695312,122.98999786376953,24973516.0
1747080000,122.995,123.08,116.5156,122.705,0.0
1747083600,122.7,127.9996,116.5346,122.7999,0.0
1747087200,122.8,122.86,122.6,122.71,0.0
1747090800,122.71,122.95,122.7,122.84,0.0
1747123200,122.25,122.31,121.78,121.86,0.0
1747126800,121.88,122.1,121.67,122.1,0.0
1747130400,122.1,123.32,122.02,123.16,0.0
1747134000,123.16,123.55,122.83,123.36,0.0
1747137600,123.35,124.15,121.84,124.14,0.0
1747141200,124.14,125.08,124.05,124.99,0.0
1747143000,124.72000122070312,129.49989318847656,124.47000122070312,129.21499633789062,97107956.0
1747146600,129.22500610351562,130.8300018310547,128.9199981689453,129.8300018310547,69868680.0
1747150200,129.8350067138672,130.47999572753906,129.32000732421875,130.4600067138672,33679000.0
1747153800,130.4499969482422,130.99000549316406,130.08999633789062,130.8350067138672,24889147.0
1747157400,130.8350067138672,131.21890258789062,129.86000061035156,130.44500732421875,29883803.0
1747161000,130.4499969482422,130.6750030517578,129.72000122070312,130.21499633789062,25419839.0
1747164600,130.21499633789062,130.4499969482422,129.82000732421875,129.83999633789062,22868247.0
1747166400,129.835,130.01,126.1899,129.44,0.0
1747170000,129.45,130.59,120.7806,130.25,0.0
1747173600,130.24,130.48,95.78,130.44,0.0
1747177200,130.45,131.35,130.41,131.2798,0.0
1747209600,132.1,132.57,131.32,132.31,0.0
1747213200,132.32,132.74,131.95,132.24,0.0
1747216800,132.26,132.56,131.9,132.28,0.0
1747220400,132.27,134.2,132.18,134.14,0.0
1747224000,134.14,134.25,129.93,133.83,0.0
1747227600,133.82,133.92,132.99,133.22,0.0
1747229400,133.1699981689453,134.86000061035156,131.67999267578125,132.66000366210938,92146747.0
1747233000,132.63999938964844,134.27999877929688,132.3699951171875,134.15499877929688,35295196.0
1747236600,134.15499877929688,135.11000061035156,133.9600067138672,134.97000122070312,30186219.0
1747240200,134.97830200195312,135.43499755859375,133.9600067138672,134.4600067138672,25502850.0
1747243800,134.46090698242188,135.14999389648438,134.22999572753906,134.55999755859375,18795906.0
1747247400,134.55499267578125,135.32000732421875,134.55149841308594,134.88999938964844,21685495.0
1747251000,134.88999938964844,135.39500427246094,134.25999450683594,135.34710693359375,23440039.0
1747252800,135.34,139.6468,126.957,136.25,0.0
1747256400,136.25,139.6468,128.6337,135.54,0.0
1747260000,135.55,136.0,135.45,135.9801,0.0
1747263600,136.0,136.25,135.55,136.21,0.0
1747296000,133.51,134.34,133.01,133.37,0.0
1747299600,133.35,133.39,131.88,132.67,0.0
1747303200,132.67,133.6,132.45,133.26,0.0
1747306800,133.27,134.49,133.05,134.48,0.0
1747310400,134.48,135.92,131.88,133.939,0.0
1747314000,133.9,134.97,108.02,134.33,0.0
1747315800,133.8524932861328,134.72000122070312,132.66000366210938,133.27000427246094,64545441.0
1747319400,133.3000030517578,134.49000549316406,132.84010314941406,134.38499450683594,26958012.0
1747323000,134.39999389648438,135.25,134.2100067138672,135.2165985107422,22394144.0
1747326600,135.21499633789062,136.3000030517578,135.10000610351562,136.22000122070312,27539610.0
1747330200,136.22000122070312,136.22000122070312,134.75999450683594,135.36000061035156,22560474.0
1747333800,135.36000061035156,135.58999633789062,133.58999633789062,133.73500061035156,23291803.0
1747337400,133.73500061035156,134.9499969482422,133.72999572753906,134.89999389648438,19243632.0
1747339200,134.89,140.6607,125.4035,134.715,0.0
1747342800,134.7,134.83,132.77,134.36,0.0
1747346400,134.31,134.83,134.28,134.3802,0.0
1747350000,134.39,134.88,134.31,134.6983,0.0
1747382400,134.95,135.92,133.99,135.75,0.0
1747386000,135.75,136.08,135.69,135.81,0.0
1747389600,135.79,135.82,135.38,135.73,0.0
1747393200,135.72,136.16,135.61,136.1,0.0
1747396800,136.11,136.91,134.71,136.8,0.0
1747400400,136.81,136.86,135.82,136.2996,0.0
1747402200,136.25,136.30999755859375,135.02000427246094,135.4250030517578,57460183.0
1747405800,135.4250030517578,135.42999267578125,133.4600067138672,134.86500549316406,34733736.0
1747409400,134.86000061035156,135.3300018310547,134.57000732421875,134.7949981689453,17561863.0
1747413000,134.8000030517578,135.82989501953125,134.42999267578125,135.82179260253906,19290065.0
1747416600,135.82009887695312,136.25,134.95199584960938,135.03500366210938,25639188.0
1747420200,135.03500366210938,135.63999938964844,135.01499938964844,135.08030700683594,17202833.0
1747423800,135.0850067138672,135.4199981689453,134.875,135.32000732421875,18371101.0
1747425600,135.32,135.5,134.71,134.87,0.0
1747429200,134.89,141.5192,130.6404,133.98,0.0
1747432800,133.97,134.38,131.83,132.545,0.0
1747436400,132.54,133.23,132.07,132.1,0.0
1747641600,132.32,132.57,130.52,130.53,0.0
1747645200,130.55,131.0,130.03,130.98,0.0
1747648800,130.98,131.4,130.61,131.35,0.0
1747652400,131.35,132.16,131.24,131.25,0.0
1747656000,131.22,133.23,130.03,131.6377,0.0
1747659600,131.6124,132.45,131.46,132.3901,0.0
1747661400,132.41000366210938,135.8699951171875,132.41000366210938,135.28500366210938,70608935.0
1747665000,135.2949981689453,135.39999389648438,134.27999877929688,134.9250030517578,30377827.0
1747668600,134.9199981689453,135.72000122070312,132.85000610351562,135.22500610351562,17839663.0
1747672200,135.22109985351562,135.6999969482422,134.69000244140625,135.27499389648438,15733373.0
1747675800,135.27999877929688,135.69000244140625,133.0,135.0850067138672,13132000.0
1747679400,135.0850067138672,135.47000122070312,134.99000549316406,135.1199951171875,13714659.0
1747683000,135.1199951171875,135.60000610351562,135.0800018310547,135.49000549316406,13501113.0
1747684800,135.49,135.96,126.1,135.38,0.0
1747688400,135.37,149.7202,95.1137,135.42,0.0
1747692000,135.4298,135.44,135.32,135.375,0.0
1747695600,135.375,135.9,135.36,135.67,0.0
1747728000,135.13,135.24,134.8,135.05,0.0
1747731600,135.07,135.25,134.91,134.95,0.0
1747735200,134.95,135.32,134.95,135.18,0.0
1747738800,135.21,135.42,135.06,135.28,0.0
1747742400,135.29,135.57,130.87,134.7976,0.0
1747746000,134.8,136.485,132.2,134.27,0.0
1747747800,134.2899932861328,134.5800018310547,132.6199951171875,132.9499969482422,47478213.0
1747751400,132.94000244140625,133.9199981689453,132.75,133.77499389648438,23892925.0
1747755000,133.77999877929688,134.25999450683594,133.63999938964844,134.0845947265625,16269373.0
1747758600,134.0850067138672,134.44000244140625,134.02999877929688,134.10499572753906,12840545.0
1747762200,134.10000610351562,134.24000549316406,133.3699951171875,133.4499969482422,14347265.0
1747765800,133.4499969482422,133.9199981689453,133.02999877929688,133.81500244140625,16515666.0
1747769400,133.82000732421875,134.4600067138672,133.8000030517578,134.3800048828125,14603744.0
1747771200,134.39,135.25,134.11,134.6406,0.0
1747774800,134.68,156.326,98.5324,134.3,0.0
1747778400,134.3179,134.38,133.69,133.96,0.0
1747782000,133.92,134.3,133.92,133.9805,0.0
1747814400,133.57,133.67,133.1,133.13,0.0
1747818000,133.14,133.38,132.95,133.1,0.0
1747821600,133.11,133.25,132.65,132.8,0.0
1747825200,132.8,133.429,132.77,133.28,0.0
1747828800,133.281,133.96,132.65,133.57,0.0
1747832400,133.57,135.385,131.49,133.05,0.0
1747834200,133.65769958496094,134.89999389648438,133.44500732421875,134.0850067138672,43028055.0
1747837800,134.08999633789062,135.97999572753906,133.77000427246094,135.87579345703125,29055499.0
1747841400,135.875,137.39999389648438,135.72000122070312,137.0850067138672,35553645.0
1747845000,137.0850067138672,137.39999389648438,133.11500549316406,133.21499633789062,34652134.0
1747848600,133.22999572753906,134.22000122070312,132.28469848632812,132.84500122070312,43037831.0
1747852200,132.84500122070312,133.44500732421875,130.58999633789062,131.07870483398438,36210032.0
1747855800,131.0800018310547,132.41000366210938,131.07000732421875,131.72999572753906,23830741.0
1747857600,131.73,137.8184,129.2707,131.4296,0.0
1747861200,131.43,137.8184,130.73,131.45,0.0
1747864800,131.46,131.59,131.2,131.3801,0.0
1747868400,131.3845,131.55,131.0,131.1699,0.0
1747900800,132.29,132.95,132.22,132.91,0.0
1747904400,132.88,132.93,132.46,132.67,0.0
1747908000,132.65,132.84,132.38,132.63,0.0
1747911600,132.61,132.87,132.2,132.53,0.0
1747915200,132.52,132.94,131.05,131.17,0.0
1747918800,131.19,137.175,114.5,132.23,0.0
1747920600,132.17999267578125,133.9499969482422,131.55479431152344,133.0399932861328,55798007.0
1747924200,133.0399932861328,133.5,132.52999877929688,132.8800048828125,25893008.0
1747927800,132.8800048828125,133.85000610351562,132.5800018310547,133.39500427246094,20481345.0
1747931400,133.40499877929688,133.6699981689453,133.00999450683594,133.51100158691406,16235179.0
1747935000,133.51730346679688,133.72000122070312,133.11000061035156,133.3350067138672,13441513.0
1747938600,133.3302001953125,134.25,133.21499633789062,133.918701171875,20043231.0
1747942200,133.9199981689453,133.97000122070312,132.66000366210938,132.78990173339844,17337021.0
1747944000,132.78,136.4544,126.4343,133.05,0.0
1747947600,133.12,137.3102,125.0558,133.1,0.0
1747951200,133.105,133.19,132.61,132.8292,0.0
1747954800,132.83,132.95,132.7,132.8602,0.0
1747987200,133.08,133.27,132.87,133.15,0.0
1747990800,133.18,133.22,132.72,132.73,0.0
1747994400,132.75,133.1,132.32,132.9,0.0
1747998000,132.93,133.17,132.5,132.84,0.0
1748001600,132.85,133.25,127.79,128.6483,0.0
1748005200,128.65,132.83,128.56,130.0,0.0
1748007000,129.99000549316406,131.19500732421875,129.1699981689453,130.52999877929688,60714536.0
1748010600,130.5500030517578,131.47999572753906,130.19000244140625,130.97999572753906,26901787.0
1748014200,130.9600067138672,131.2899932861328,130.6300048828125,131.00999450683594,19633301.0
1748017800,131.01109313964844,132.0989990234375,130.75,131.9499969482422,17553945.0
1748021400,131.94979858398438,132.67999267578125,131.4199981689453,132.13499450683594,23401439.0
1748025000,132.1300048828125,132.38999938964844,131.3000030517578,131.6239013671875,17163745.0
1748028600,131.625,132.0,131.13999938964844,131.30999755859375,18296554.0
1748030400,131.3,131.575,126.2261,131.2599,0.0
1748034000,131.26,139.9864,122.2218,131.18,0.0
1748037600,131.18,131.24,131.15,131.19,0.0
1748041200,131.19,131.27,131.1497,131.17,0.0
1748332800,134.99,135.05,134.51,134.89,0.0
1748336400,134.94,134.95,134.5,134.57,0.0
1748340000,134.61,135.08,134.53,134.9,0.0
1748343600,134.91,135.0,134.3,134.51,0.0
1748347200,134.53,135.296,131.29,134.53,0.0
1748350800,134.54,135.0,129.57,134.09,0.0
1748352600,134.15249633789062,135.39999389648438,133.30999755859375,135.2917938232422,60714477.0
1748356200,135.3000030517578,135.55999755859375,134.94000244140625,135.2100067138672,25220857.0
1748359800,135.21499633789062,135.4499969482422,134.83999633789062,135.26199340820312,18583613.0
1748363400,135.26499938964844,135.66000366210938,135.17999267578125,135.60000610351562,15154754.0
1748367000,135.6011962890625,135.64999389648438,135.0449981689453,135.25160217285156,14567409.0
1748370600,135.2550048828125,135.4600067138672,135.00999450683594,135.13999938964844,16065055.0
1748374200,135.13999938964844,135.5,134.72000122070312,135.49000549316406,20197749.0
1748376000,135.49,143.506,135.06,135.25,0.0
1748379600,135.26,144.453,126.0626,135.33,0.0
1748383200,135.34,135.5,135.2,135.48,0.0
1748386800,135.48,135.6,135.41,135.58,0.0
1748419200,135.63,135.98,135.49,135.66,0.0
1748422800,135.69,135.69,135.03,135.49,0.0
1748426400,135.49,136.39,135.45,136.32,0.0
1748430000,136.34,136.56,136.11,136.21,0.0
1748433600,136.22,136.77,108.76,136.43,0.0
1748437200,136.43,136.6,128.3225,136.01,0.0
1748439000,136.0500030517578,136.3000030517578,135.0,135.26499938964844,54142058.0
1748442600,135.25999450683594,135.6300048828125,134.8000030517578,135.59190368652344,24001256.0
1748446200,135.59500122070312,136.10000610351562,135.47999572753906,135.9403076171875,21989816.0
1748449800,135.93499755859375,136.5,135.52000427246094,136.4499969482422,22906136.0
1748453400,136.4499969482422,137.25,136.24000549316406,136.6699981689453,27863769.0
1748457000,136.66000366210938,137.19000244140625,136.31500244140625,136.8300018310547,30892124.0
1748460600,136.8300018310547,136.8300018310547,134.7899932861328,134.8115997314453,34431570.0
1748462400,134.82,172.7204,93.4608,141.7699,0.0
1748466000,141.7518,172.7204,93.4608,140.65,0.0
1748469600,140.87,141.2,140.23,140.78,0.0
1748473200,140.79,142.0,140.6701,141.37,0.0
1748505600,142.07,142.45,141.4,141.52,0.0
1748509200,141.55,142.42,141.34,142.36,0.0
1748512800,142.37,143.84,142.36,142.94,0.0
1748516400,142.94,143.39,142.11,142.29,0.0
1748520000,142.28,143.83,134.81,142.18,0.0
1748523600,142.1607,142.84,135.205,142.24,0.0
1748525400,142.24000549316406,143.49000549316406,139.2899932861328,140.61929321289062,149521246.0
1748529000,140.61500549316406,141.94000244140625,140.17999267578125,141.66000366210938,50432815.0
1748532600,141.65499877929688,141.7100067138672,140.05499267578125,140.57020568847656,32266412.0
1748536200,140.57000732421875,141.0500030517578,139.67999267578125,139.875,24634864.0
1748539800,139.87010192871094,139.99000549316406,137.91000366210938,138.44419860839844,39127901.0
1748543400,138.44500732421875,139.42999267578125,138.44000244140625,138.91000366210938,29054162.0
1748547000,138.89999389648438,139.4600067138672,138.44000244140625,139.17999267578125,24908972.0
1748548800,139.18,177.9765,91.3088,138.695,0.0
1748552400,138.7,175.529,94.7316,138.05,0.0
1748556000,138.08,138.35,137.81,137.86,0.0
1748559600,137.85,138.09,137.8,137.8,0.0
1748592000,137.81,139.07,137.81,138.38,0.0
1748595600,138.4,138.49,138.02,138.33,0.0
1748599200,138.35,138.42,138.05,138.42,0.0
1748602800,138.42,139.34,138.27,138.96,0.0
1748606400,138.97,139.35,137.65,138.178,0.0
1748610000,138.15,138.7591,138.01,138.69,0.0
1748611800,138.99000549316406,139.61000061035156,135.8000030517578,137.36000061035156,70550253.0
1748615400,137.35000610351562,137.4499969482422,135.5449981689453,136.10499572753906,36076531.0
1748619000,136.10499572753906,136.22000122070312,133.38999938964844,133.58999633789062,41219309.0
1748622600,133.58999633789062,134.91000366210938,132.9199981689453,134.46229553222656,38667810.0
1748626200,134.4600067138672,135.10000610351562,133.7899932861328,134.77999877929688,25333394.0
1748629800,134.77999877929688,135.47000122070312,134.2100067138672,135.26499938964844,25676693.0
1748633400,135.27000427246094,135.74000549316406,134.4199981689453,134.83999633789062,30087974.0
1748635200,134.84,175.3419,96.152,134.99,0.0
1748638800,135.0,169.25,96.152,135.24,0.0
1748642400,135.24,135.25,134.75,134.77,0.0
1748646000,134.8,134.95,134.4,134.5482,0.0
1748851200,133.56,134.18,133.56,133.91,0.0
1748854800,133.89,133.98,133.6,133.92,0.0
1748858400,133.9,134.08,133.65,133.83,0.0
1748862000,133.83,134.67,133.75,134.32,0.0
1748865600,134.31,134.793,133.05,134.31,0.0
1748869200,134.3,135.65,134.28,135.58,0.0
1748871000,136.375,137.66000366210938,135.86000061035156,136.66009521484375,56937755.0
1748874600,136.66000366210938,137.17999267578125,136.0,136.45989990234375,23706991.0
1748878200,136.47000122070312,137.63999938964844,136.36000061035156,137.4075927734375,20963251.0
1748881800,137.38999938964844,137.73500061035156,137.05999755859375,137.57000732421875,14436996.0
1748885400,137.5601043701172,138.1199951171875,137.1199951171875,138.03140258789062,16905714.0
1748889000,138.0399932861328,138.0500030517578,137.50999450683594,137.625,14148724.0
1748892600,137.62669372558594,137.6999969482422,136.9600067138672,137.3699951171875,16432511.0
1748894400,137.37,137.73,133.6,137.69,0.0
1748898000,137.695,137.88,107.57,137.74,0.0
1748901600,137.73,137.75,137.47,137.5297,0.0
1748905200,137.52,137.7,137.31,137.4,0.0
1748937600,137.26,137.26,136.51,136.75,0.0
1748941200,136.73,137.25,136.73,137.17,0.0
1748944800,137.16,137.34,136.95,137.34,0.0
1748948400,137.35,137.9,137.32,137.9,0.0
1748952000,137.88,138.3,136.51,138.13,0.0
1748955600,138.12,138.89,137.88,138.75,0.0
1748957400,138.7626953125,141.5,137.9550018310547,141.3000030517578,72503390.0
1748961000,141.2917022705078,142.0,140.8800048828125,141.8199005126953,33656146.0
1748964600,141.80999755859375,141.9398956298828,140.32000732421875,141.56500244140625,21536837.0
1748968200,141.56820678710938,141.86000061035156,141.5500030517578,141.61500549316406,13738770.0
1748971800,141.6165008544922,141.6750030517578,140.25999450683594,141.15980529785156,22293768.0
1748975400,141.16000366210938,141.52999877929688,140.9199981689453,141.4499969482422,15855554.0
1748979000,141.44500732421875,141.47999572753906,141.0399932861328,141.27000427246094,18234984.0
1748980800,141.26,146.8956,131.6111,141.1,0.0
1748984400,141.09,143.8811,141.03,141.17,0.0
1748988000,141.16,141.5,141.1,141.4793,0.0
1748991600,141.46,141.5295,141.33,141.4993,0.0
1749024000,141.6,142.36,141.55,142.07,0.0
1749027600,142.05,142.38,142.03,142.31,0.0
1749031200,142.3,142.62,142.17,142.22,0.0
1749034800,142.25,142.43,142.06,142.24,0.0
1749038400,142.24,142.63,141.22,141.92,0.0
1749042000,141.92,142.33,141.9,142.2,0.0
1749043800,142.22000122070312,142.38999938964844,139.5449981689453,140.98500061035156,54713686.0
1749047400,140.98500061035156,141.5500030517578,140.7100067138672,141.3249969482422,22934690.0
1749051000,141.32000732421875,141.4199981689453,140.47999572753906,140.51010131835938,16773873.0
1749054600,140.50999450683594,140.97000122070312,140.35009765625,140.7899932861328,13648099.0
1749058200,140.7899932861328,141.6300048828125,140.66000366210938,141.61880493164062,12028629.0
1749061800,141.6199951171875,141.9600067138672,141.4217071533203,141.6699981689453,16668260.0
1749065400,141.6750030517578,141.97000122070312,141.38999938964844,141.83009338378906,14052117.0
1749067200,141.84,175.0185,74.3526,141.55,0.0
1749070800,141.59,173.4061,97.8397,141.63,0.0
1749074400,141.64,141.69,141.47,141.48,0.0
1749078000,141.48,141.6,141.3,141.3481,0.0
1749110400,141.69,142.28,141.69,142.24,0.0
1749114000,142.27,142.36,141.65,141.74,0.0
1749117600,141.73,141.91,141.67,141.88,0.0
1749121200,141.85,141.95,141.11,141.17,0.0
1749124800,141.2,142.3576,141.1201,141.4498,0.0
1749128400,141.41,142.255,129.93,142.165,0.0
1749130200,143.00399780273438,143.1999969482422,140.74000549316406,141.97830200195312,47304437.0
1749133800,141.97000122070312,143.25,141.0800018310547,143.0388946533203,31955898.0
1749137400,143.03179931640625,144.0,142.58990478515625,143.0050048828125,32856742.0
1749141000,143.0,143.0749969482422,140.77999877929688,141.57870483398438,25643548.0
1749144600,141.57350158691406,141.78990173339844,139.7899932861328,140.71499633789062,21809449.0
1749148200,140.71499633789062,141.125,138.8300018310547,139.59010314941406,22827344.0
1749151800,139.61000061035156,140.89999389648438,139.57069396972656,139.9499969482422,18670737.0
1749153600,139.95,172.922,101.49,138.1,0.0
1749157200,138.12,139.99,115.9171,138.03,0.0
1749160800,138.05,139.99,138.03,138.94,0.0
1749164400,138.96,139.35,138.9,138.955,0.0
1749196800,140.29,140.46,139.77,140.09,0.0
1749200400,140.12,140.69,140.06,140.53,0.0
1749204000,140.51,140.93,140.46,140.78,0.0
1749207600,140.75,140.81,140.25,140.63,0.0
1749211200,140.5,140.93,139.776,140.88,0.0
1749214800,140.88,142.71,140.88,142.57,0.0
1749216600,142.25,143.27000427246094,141.50999450683594,141.64500427246094,48131114.0
1749220200,141.82000732421875,142.7899932861328,141.55999755859375,141.7899932861328,22693222.0
1749223800,141.7899932861328,142.8800048828125,141.5800018310547,142.25999450683594,16272911.0
1749227400,142.3199005126953,142.41000366210938,141.5399932861328,142.11500549316406,12379647.0
1749231000,142.11500549316406,142.72999572753906,142.02999877929688,142.36500549316406,11651566.0
1749234600,142.3614959716797,142.86000061035156,141.9600067138672,142.07179260253906,13192321.0
1749238200,142.07000732421875,142.11000061035156,141.63999938964844,141.69000244140625,14850249.0
1749240000,141.685,144.7735,138.424,141.95,0.0
1749243600,141.965,151.4433,133.6858,141.69,0.0
1749247200,141.7,141.84,141.68,141.76,0.0
1749250800,141.77,141.9,141.7,141.8997,0.0
1749456000,142.19,142.51,142.13,142.47,0.0
1749459600,142.45,142.48,142.27,142.41,0.0
1749463200,142.41,142.49,142.19,142.24,0.0
1749466800,142.24,142.43,142.14,142.28,0.0
1749470400,142.299,143.35,141.366,143.2706,0.0
1749474000,143.2896,143.58,143.02,143.2,0.0
1749475800,143.1999969482422,144.6999969482422,142.89999389648438,144.375,46562468.0
1749479400,144.375,145.0,143.0800018310547,143.1800994873047,32958581.0
1749483000,143.19000244140625,143.50010681152344,142.02830505371094,142.22500610351562,35668047.0
1749486600,142.22999572753906,143.04510498046875,142.16000366210938,142.77000427246094,14458248.0
1749490200,142.77499389648438,142.89999389648438,141.97000122070312,142.83990478515625,12523340.0
1749493800,142.8300018310547,143.02999877929688,142.52999877929688,142.77499389648438,12378395.0
1749497400,142.77000427246094,142.77999877929688,142.19000244140625,142.5500030517578,14675807.0
1749499200,142.55,143.8339,139.6028,142.6993,0.0
1749502800,142.7,149.9201,135.1536,142.73,0.0
1749506400,142.7287,142.84,142.61,142.7695,0.0
1749510000,142.7598,142.95,142.6,142.6799,0.0
1749542400,142.46,142.85,142.05,142.25,0.0
1749546000,142.27,142.97,142.22,142.9,0.0
1749549600,142.9,143.28,142.79,143.02,0.0
1749553200,143.05,143.19,142.84,142.96,0.0
1749556800,142.95,143.45,142.06,143.36,0.0
1749560400,143.355,143.4,142.34,142.67,0.0
1749562200,142.6699981689453,143.07000732421875,141.80999755859375,142.8000030517578,36348920.0
1749565800,142.7949981689453,143.13980102539062,142.30999755859375,142.68699645996094,19012075.0
1749569400,142.67999267578125,143.14990234375,141.52499389648438,143.11500549316406,17762944.0
1749573000,143.11000061035156,143.28500366210938,142.64999389648438,142.65499877929688,11320481.0
1749576600,142.6501007080078,143.1300048828125,142.10499572753906,143.11990356445312,11735743.0
1749580200,143.1199951171875,144.2899932861328,142.88999938964844,144.0,21355092.0
1749583800,143.99000549316406,144.0,143.22999572753906,143.9499969482422,15565383.0
1749585600,143.95,150.6163,139.635,143.9,0.0
1749589200,143.93,150.6163,141.4008,143.83,0.0
1749592800,143.82,143.96,143.74,143.84,0.0
1749596400,143.86,143.98,143.64,143.76,0.0
1749628800,143.55,143.97,143.55,143.66,0.0
1749632400,143.65,143.93,143.63,143.84,0.0
1749636000,143.86,143.92,143.66,143.88,0.0
1749639600,143.86,144.27,143.7,143.85,0.0
1749643200,143.88,144.52,143.6036,144.025,0.0
1749646800,144.03,145.29,142.475,144.59,0.0
1749648600,144.61000061035156,144.99000549316406,143.02000427246094,144.477294921875,49613839.0
1749652200,144.48500061035156,144.6898956298828,143.42999267578125,144.1501007080078,23256895.0
1749655800,144.1199951171875,144.22999572753906,142.7729949951172,143.37989807128906,18477391.0
1749659400,143.3759002685547,143.85000610351562,143.0218048095703,143.7100067138672,11585509.0
1749663000,143.72500610351562,143.8000030517578,142.02000427246094,142.4716033935547,18120336.0
1749666600,142.47000122070312,142.9600067138672,141.8699951171875,142.39999389648438,17550577.0
1749670200,142.39500427246094,142.97999572753906,142.2899932861328,142.83999633789062,13674586.0
1749672000,142.85,150.1338,137.104,143.03,0.0
1749675600,143.05,143.34,138.5292,142.93,0.0
1749679200,142.95,143.0799,142.3501,142.41,0.0
1749682800,142.47,142.83,142.18,142.22,0.0
1749715200,142.27,142.28,141.0,141.37,0.0
1749718800,141.38,141.94,141.3,141.45,0.0
1749722400,141.8,142.01,140.92,141.18,0.0
1749726000,141.21,141.44,140.9,140.95,0.0
1749729600,140.93,142.83,140.45,140.86,0.0
1749733200,140.89,144.81,140.8601,142.01,0.0
1749735000,141.97999572753906,144.17999267578125,141.8699951171875,144.06500244140625,43378306.0
1749738600,144.07000732421875,145.0,143.9949951171875,144.45120239257812,33988311.0
1749742200,144.44500732421875,144.72000122070312,143.97000122070312,144.4499969482422,15078767.0
1749745800,144.4550018310547,144.60000610351562,144.02999877929688,144.3300018310547,11353255.0
1749749400,144.3249969482422,144.8350067138672,144.32000732421875,144.47500610351562,12360146.0
1749753000,144.47500610351562,144.89999389648438,144.25,144.7550048828125,14644653.0
1749756600,144.75,145.0,144.5,145.0,15549176.0
1749758400,144.995,145.7486,144.63,144.8199,0.0
1749762000,144.8,145.0,144.77,144.87,0.0
1749765600,144.87,144.8897,144.5,144.56,0.0
1749769200,144.55,145.0,144.3698,144.5,0.0
1749801600,142.13,143.19,142.04,142.72,0.0
1749805200,142.72,142.8,141.73,142.17,0.0
1749808800,142.16,142.49,141.9,142.11,0.0
1749812400,142.12,143.24,142.0,142.65,0.0
1749816000,142.63,145.0,141.52,143.21,0.0
1749819600,143.23,143.23,142.19,142.46,0.0
1749821400,143.3699951171875,143.5800018310547,141.0749969482422,141.1999969482422,51872162.0
1749825000,141.19500732421875,142.94000244140625,141.0800018310547,142.91650390625,23127908.0
1749828600,142.9149932861328,143.3699951171875,142.8719024658203,143.0749969482422,13935311.0
1749832200,143.0800018310547,143.36000061035156,142.49000549316406,142.65499877929688,14462880.0
1749835800,142.65499877929688,142.8498992919922,141.56500244140625,141.60000610351562,16100745.0
1749839400,141.58999633789062,142.0800018310547,140.85499572753906,141.5050048828125,22482726.0
1749843000,141.5050048828125,142.0,141.4600067138672,141.9600067138672,20970591.0
1749844800,141.96,142.13,108.92,141.8483,0.0
1749848400,141.81,177.4003,99.5178,141.83,0.0
1749852000,141.845,141.88,141.75,141.84,0.0
1749855600,141.82,141.85,141.7,141.8,0.0
1750060800,142.68,143.15,142.68,143.13,0.0
1750064400,143.12,143.25,142.64,142.72,0.0
1750068000,142.73,142.96,142.73,142.94,0.0
1750071600,142.95,143.3,142.88,143.08,0.0
1750075200,143.09,143.54,142.6,143.42,0.0
1750078800,143.44,143.5,141.97,143.32,0.0
1750080600,143.34500122070312,144.88999938964844,143.20010375976562,144.47999572753906,44856735.0
1750084200,144.47500610351562,146.1750030517578,144.02000427246094,145.4698028564453,42997672.0
1750087800,145.4600067138672,146.05999755859375,145.4019012451172,145.9550018310547,17537399.0
1750091400,146.0,146.0399932861328,145.360107421875,145.625,15141052.0
1750095000,145.625,145.6999969482422,145.02999877929688,145.22999572753906,13046550.0
1750098600,145.2216033935547,145.25999450683594,144.7100067138672,144.97000122070312,15532334.0
1750102200,144.97500610351562,145.0,144.27000427246094,144.6699981689453,15755840.0
1750104000,144.69,176.8173,111.718,144.54,0.0
1750107600,144.52,176.8173,107.7797,144.6007,0.0
1750111200,144.62,144.78,144.03,144.12,0.0
1750114800,144.13,144.36,143.66,143.66,0.0
1750147200,144.15,144.65,144.01,144.55,0.0
1750150800,144.57,145.29,144.52,144.7,0.0
1750154400,144.71,144.85,144.25,144.3,0.0
1750158000,144.32,144.92,143.8,144.78,0.0
1750161600,144.74,145.44,143.7,145.36,0.0
1750165200,145.36,145.42,140.6,144.51,0.0
1750167000,144.875,145.22000122070312,144.0399932861328,144.3986053466797,35665612.0
1750170600,144.38999938964844,144.9499969482422,144.24000549316406,144.50999450683594,15413357.0
1750174200,144.50999450683594,145.1649932861328,144.22000122070312,145.02000427246094,15381526.0
1750177800,145.02000427246094,145.125,144.25,144.8300018310547,14502323.0
1750181400,144.82000732421875,145.07000732421875,143.9600067138672,144.17999267578125,16341184.0
1750185000,144.19000244140625,144.5,143.77999877929688,144.27609252929688,11499700.0
1750188600,144.27499389648438,144.74000549316406,144.00999450683594,144.0399932861328,12690439.0
1750190400,144.04,178.8647,95.664,144.03,0.0
1750194000,144.03,155.8825,109.8241,143.74,0.0
1750197600,143.74,143.74,143.33,143.36,0.0
1750201200,143.36,143.66,143.26,143.63,0.0
1750233600,144.3,144.57,144.24,144.45,0.0
1750237200,144.47,144.97,144.46,144.84,0.0
1750240800,144.8,144.88,144.43,144.54,0.0
1750244400,144.57,144.58,144.11,144.47,0.0
1750248000,144.48,144.94,144.07,144.56,0.0
1750251600,144.55,144.67,143.35,144.01,0.0
1750253400,144.0050048828125,145.3300018310547,143.1199951171875,145.22000122070312,34846762.0
1750257000,145.22000122070312,145.6199951171875,144.8699951171875,144.99000549316406,18889032.0
1750260600,145.0500030517578,145.60000610351562,144.91000366210938,145.27999877929688,15092573.0
1750264200,145.27420043945312,145.60000610351562,145.08999633789062,145.13499450683594,9643794.0
1750267800,145.13499450683594,145.5,144.7100067138672,145.0500030517578,14648267.0
1750271400,145.0283966064453,145.27999877929688,143.91000366210938,144.17990112304688,21610193.0
1750275000,144.1699981689453,145.60000610351562,144.0800018310547,145.47000122070312,24050186.0
1750276800,145.48,151.7127,135.5979,145.21,0.0
1750280400,145.2195,149.2606,135.5979,144.98,0.0
1750284000,144.97,145.12,144.9,145.04,0.0
1750287600,145.02,145.12,144.9997,145.075,0.0
1750406400,144.98,145.19,144.64,144.79,0.0
1750410000,144.79,144.99,144.5,144.97,0.0
1750413600,144.97,145.0,144.7,144.82,0.0
1750417200,144.81,145.0,144.8,144.99,0.0
1750420800,144.99,145.48,144.5,145.31,0.0
1750424400,145.31,145.86,142.13,145.47,0.0
1750426200,145.43499755859375,146.1999969482422,144.10000610351562,144.625,67783997.0
1750429800,144.6300048828125,145.02999877929688,142.7100067138672,143.89990234375,31508786.0
1750433400,143.8780059814453,144.47000122070312,143.67999267578125,143.9550018310547,24548725.0
1750437000,143.9550018310547,144.33999633789062,143.452392578125,143.48500061035156,17667331.0
1750440600,143.49000549316406,144.27999877929688,143.22000122070312,144.15499877929688,12313905.0
1750444200,144.15499877929688,144.32000732421875,143.57179260253906,143.78990173339844,12939836.0
1750447800,143.7899932861328,143.97999572753906,143.13999938964844,143.77999877929688,17734749.0
1750449600,143.85,144.13,143.425,143.73,0.0
1750453200,143.74,153.5191,136.4544,143.5801,0.0
1750456800,143.58,153.5191,133.6858,143.61,0.0
1750460400,143.59,143.85,143.58,143.6102,0.0
1750665600,143.15,143.8,143.15,143.5,0.0
1750669200,143.5,143.58,143.2,143.2,0.0
1750672800,143.21,143.37,142.92,143.14,0.0
1750676400,143.14,143.14,142.42,142.64,0.0
1750680000,142.64,143.85,142.1,142.39,0.0
1750683600,142.3999,145.765,142.01,142.49,0.0
1750685400,143.42999267578125,144.3000030517578,142.32000732421875,143.6300048828125,38498456.0
1750689000,143.63999938964844,144.2100067138672,143.52999877929688,143.80999755859375,16692515.0
1750692600,143.69500732421875,144.0500030517578,142.85000610351562,142.92999267578125,16739353.0
1750696200,142.92999267578125,144.44000244140625,142.02999877929688,144.4058074951172,24187562.0
1750699800,144.40499877929688,144.74000549316406,143.8800048828125,143.90989685058594,17966220.0
1750703400,143.91000366210938,144.38999938964844,143.75,143.84500122070312,11368715.0
1750707000,143.83999633789062,144.3699951171875,143.66180419921875,144.1750030517578,13348173.0
1750708800,144.17,144.28,139.6028,143.9201,0.0
1750712400,143.949,144.453,139.6028,144.015,0.0
1750716000,143.98,145.24,143.96,145.05,0.0
1750719600,145.05,145.5,145.04,145.4998,0.0
1750752000,145.62,145.95,145.6,145.85,0.0
1750755600,145.85,145.94,145.68,145.89,0.0
1750759200,145.86,145.95,145.54,145.64,0.0
1750762800,145.64,145.77,145.25,145.53,0.0
1750766400,145.51,146.38,145.23,145.44,0.0
1750770000,145.44,145.69,142.53,145.52,0.0
1750771800,145.86000061035156,147.89999389648438,145.69000244140625,147.02000427246094,57816010.0
1750775400,147.02000427246094,147.42999267578125,146.8000030517578,146.90499877929688,19347817.0
1750779000,146.91000366210938,147.1999969482422,146.5500030517578,147.1649932861328,18014469.0
1750782600,147.1649932861328,147.4499969482422,147.0,147.19500732421875,13836659.0
1750786200,147.19000244140625,147.60000610351562,147.18499755859375,147.35009765625,12496972.0
1750789800,147.35499572753906,147.5399932861328,147.1699981689453,147.22850036621094,12406122.0
1750793400,147.22500610351562,147.9600067138672,147.18499755859375,147.8300018310547,18197811.0
1750795200,147.83,147.92,139.635,147.615,0.0
1750798800,147.6101,156.326,139.635,147.5999,0.0
1750802400,147.5903,147.5903,147.42,147.5298,0.0
1750806000,147.53,147.8,147.51,147.7901,0.0
1750838400,147.81,147.99,147.59,147.63,0.0
1750842000,147.63,147.95,147.5,147.78,0.0
1750845600,147.76,147.78,147.57,147.62,0.0
1750849200,147.62,149.18,147.13,149.04,0.0
1750852800,149.04,149.55,147.51,149.2298,0.0
1750856400,149.22,149.85,147.9,149.26,0.0
1750858200,149.30999755859375,152.55999755859375,149.27999877929688,152.2050018310547,87631761.0
1750861800,152.2050018310547,153.0,151.52999877929688,152.0500030517578,34570654.0
1750865400,152.04299926757812,152.1999969482422,151.38999938964844,152.14129638671875,17980007.0
1750869000,152.14500427246094,153.92999267578125,151.97000122070312,153.89999389648438,29544691.0
1750872600,153.90589904785156,154.00999450683594,153.18020629882812,153.9322967529297,25802407.0
1750876200,153.94000244140625,154.42999267578125,153.36000061035156,153.75439453125,27432674.0
1750879800,153.75,154.41000366210938,153.33999633789062,154.30999755859375,24556634.0
1750881600,154.31,181.9799,93.1919,114.6725,0.0
1750885200,154.6,172.7204,93.1919,154.28,0.0
1750888800,154.2819,154.64,153.56,154.54,0.0
1750892400,154.53,154.6505,153.81,154.6,0.0
1750924800,155.57,155.95,155.47,155.91,0.0
1750928400,155.92,156.27,155.72,156.22,0.0
1750932000,156.16,156.18,155.82,156.11,0.0
1750935600,156.12,156.4,155.69,156.28,0.0
1750939200,156.3,157.0,153.74,156.7,0.0
1750942800,156.68,156.7,153.69,155.97,0.0
1750944600,155.3800048828125,156.47000122070312,154.03500366210938,156.44859313964844,71476728.0
1750948200,156.44500732421875,156.71499633789062,154.7899932861328,154.95989990234375,29246134.0
1750951800,154.9499969482422,155.7299041748047,154.80999755859375,155.625,16236689.0
1750955400,155.625,156.17999267578125,155.11500549316406,156.02999877929688,15834843.0
1750959000,156.03990173339844,156.49000549316406,155.75999450683594,156.10479736328125,15689997.0
1750962600,156.0850067138672,156.08999633789062,155.42999267578125,155.46429443359375,18052277.0
1750966200,155.4600067138672,155.58990478515625,154.875,155.0800018310547,16962532.0
1750968000,155.08,156.365,145.5944,154.935,0.0
1750971600,163.7989,163.7989,145.5944,155.22,0.0
1750975200,155.2002,155.35,155.02,155.35,0.0
1750978800,155.32,155.42,155.21,155.35,0.0
1751011200,155.69,155.76,155.53,155.61,0.0
1751014800,155.59,155.94,155.59,155.88,0.0
1751018400,155.88,155.93,155.69,155.78,0.0
1751022000,155.78,156.49,155.76,156.33,0.0
1751025600,156.33,156.49,155.02,156.1599,0.0
1751029200,156.12,156.39,155.63,156.0392,0.0
1751031000,156.0,157.44500732421875,155.25999450683594,157.42010498046875,50511015.0
1751034600,157.4250030517578,158.0,156.77999877929688,157.91009521484375,28993628.0
1751038200,157.9199981689453,158.7100067138672,157.2899932861328,157.69000244140625,27167396.0
1751041800,157.67849731445312,157.8000030517578,156.9600067138672,157.48500061035156,18710941.0
1751045400,157.4149932861328,157.5800018310547,156.27000427246094,156.30499267578125,19409637.0
1751049000,156.30499267578125,156.8300018310547,155.4600067138672,156.47000122070312,25358639.0
1751052600,156.47000122070312,157.85000610351562,156.45010375976562,157.75,24317507.0
1751054400,157.74,177.4003,102.854,157.485,0.0
1751058000,157.51,179.7988,100.1947,157.38,0.0
1751061600,157.38,157.75,157.37,157.56,0.0
1751065200,157.57,157.66,157.49,157.5601,0.0
1751270400,158.96,159.18,158.64,158.77,0.0
1751274000,158.78,159.04,158.47,159.03,0.0
1751277600,159.04,159.1,158.76,158.97,0.0
1751281200,158.98,159.0,158.59,158.63,0.0
1751284800,158.63,159.42,157.7412,158.4999,0.0
1751288400,158.49,158.9,157.7412,158.4104,0.0
1751290200,158.40499877929688,158.46240234375,155.9600067138672,157.10000610351562,45352612.0
1751293800,157.11000061035156,157.58999633789062,156.7550048828125,157.04989624023438,20595043.0
1751297400,157.0500030517578,158.27000427246094,156.9550018310547,157.7100067138672,18408929.0
1751301000,157.6999969482422,158.1699981689453,157.65499877929688,157.82550048828125,13452357.0
1751304600,157.8249969482422,158.11000061035156,157.5399932861328,157.57989501953125,10936075.0
1751308200,157.57000732421875,158.10000610351562,156.83999633789062,157.94500732421875,16748845.0
1751311800,157.94500732421875,158.66000366210938,157.8300018310547,157.8699951171875,18860588.0
1751313600,157.87,168.1535,147.876,157.77,0.0
1751317200,157.79,168.1535,147.0747,157.79,0.0
1751320800,157.75,157.8,157.5,157.5202,0.0
1751324400,157.5298,157.62,157.49,157.5201,0.0
1751356800,157.04,157.23,156.87,157.1,0.0
1751360400,157.15,157.33,156.99,157.04,0.0
1751364000,157.03,157.03,156.65,156.77,0.0
1751367600,156.77,156.97,156.65,156.8,0.0
1751371200,156.84,157.99,155.7,155.9,0.0
1751374800,155.9,157.99,155.89,156.31,0.0
1751376600,156.25999450683594,157.1999969482422,154.39010620117188,154.6300048828125,41736822.0
1751380200,154.63499450683594,154.83999633789062,151.49000549316406,152.88499450683594,49090512.0
1751383800,152.8800048828125,153.49000549316406,152.22000122070312,153.39500427246094,25783852.0
1751387400,153.39500427246094,154.97999572753906,153.310302734375,154.27499389648438,21975374.0
1751391000,154.3300018310547,154.8800048828125,154.00999450683594,154.35169982910156,13955512.0
1751394600,154.35000610351562,154.63999938964844,152.91009521484375,153.72999572753906,19809769.0
1751398200,153.72000122070312,154.125,153.2100067138672,153.27999877929688,18863865.0
1751400000,153.29,153.52,152.91,153.15,0.0
1751403600,153.1,156.0,152.85,152.96,0.0
1751407200,153.03,153.16,152.87,153.05,0.0
1751410800,153.01,153.11,152.84,152.8998,0.0
1751443200,153.44,153.62,153.22,153.33,0.0
1751446800,153.36,153.36,152.88,153.17,0.0
1751450400,153.17,153.25,152.92,152.92,0.0
1751454000,152.92,152.95,152.19,152.32,0.0
1751457600,152.36,153.9,151.51,151.69,0.0
1751461200,151.6901,153.13,151.1,152.98,0.0
1751463000,153.02999877929688,156.16000366210938,152.97999572753906,156.08140563964844,45496358.0
1751466600,156.0800018310547,157.60000610351562,155.89999389648438,156.36500549316406,31796987.0
1751470200,156.36500549316406,157.375,156.06019592285156,157.093505859375,18521442.0
1751473800,157.13499450683594,157.57000732421875,156.83999633789062,157.2053985595703,13905801.0
1751477400,157.2050018310547,157.30499267578125,156.7050018310547,156.9550018310547,11032900.0
1751481000,156.9499969482422,157.39439392089844,156.50999450683594,156.93499755859375,15050404.0
1751484600,156.83999633789062,157.42999267578125,156.8300018310547,157.24000549316406,15265742.0
1751486400,157.24,175.0185,110.0368,157.085,0.0
1751490000,157.095,180.627,74.3526,156.98,0.0
1751493600,156.9601,180.627,118.3086,157.07,0.0
1751497200,157.08,157.25,157.03,157.23,0.0
1751529600,157.57,157.68,157.1,157.24,0.0
1751533200,157.25,157.28,156.95,157.05,0.0
1751536800,157.07,157.13,156.6,156.77,0.0
1751540400,156.77,157.19,156.77,157.19,0.0
1751544000,157.19,157.78,156.5964,157.37,0.0
1751547600,157.43,158.58,153.18,158.4199,0.0
1751549400,158.35000610351562,160.97999572753906,157.77000427246094,160.6300048828125,63107837.0
1751553000,160.63499450683594,160.82000732421875,159.17999267578125,159.80499267578125,31499036.0
1751556600,159.8000030517578,159.97000122070312,159.30999755859375,159.37969970703125,18434686.0
1751562000,159.3800048828125,159.39999389648438,158.57620239257812,159.2100067138672,0.0
1751565600,159.21,159.34,153.5191,159.13,0.0
1751569200,159.13,159.37,159.05,159.315,0.0
1751572800,159.35,159.43,157.06,159.25,0.0
1751875200,158.56,158.9,157.73,157.75,0.0
1751878800,157.73,157.97,157.51,157.93,0.0
1751882400,157.92,158.46,157.83,158.4,0.0
1751886000,158.41,158.56,157.9,158.2,0.0
1751889600,158.2,158.942,157.5136,158.04,0.0
1751893200,158.04,158.26,157.74,158.25,0.0
1751895000,158.1999969482422,159.30540466308594,158.02999877929688,158.30999755859375,38468204.0
1751898600,158.32000732421875,158.6199951171875,157.3419952392578,158.27999877929688,19739847.0
1751902200,158.1300048828125,158.6999969482422,157.6967010498047,158.22000122070312,20104320.0
1751905800,158.19500732421875,158.58990478515625,158.03500366210938,158.3188018798828,11668152.0
1751909400,158.3144989013672,158.77000427246094,157.72999572753906,157.8249969482422,11966286.0
1751913000,157.82000732421875,158.6300048828125,157.75,158.3000946044922,11449648.0
1751916600,158.30999755859375,158.60000610351562,158.0800018310547,158.24000549316406,11041631.0
1751918400,158.25,199.0555,112.653,157.9857,0.0
1751922000,158.0,181.4671,99.66,157.96,0.0
1751925600,157.96,177.8272,157.86,157.98,0.0
1751929200,157.98,158.2,157.96,158.045,0.0
1751961600,158.9,159.31,158.65,159.3,0.0
1751965200,159.3,159.86,159.27,159.65,0.0
1751968800,159.65,159.67,159.3,159.59,0.0
1751972400,159.6,159.75,159.4,159.44,0.0
1751976000,159.441,159.8488,158.24,159.455,0.0
1751979600,159.46,159.49,158.24,159.3136,0.0
1751981400,159.3300018310547,159.74000549316406,158.3916015625,159.07000732421875,36806011.0
1751985000,159.06649780273438,159.2899932861328,158.6699981689453,159.0800018310547,18018628.0
1751988600,159.0850067138672,159.8699951171875,158.92999267578125,159.72999572753906,12403457.0
1751992200,159.74000549316406,159.7899932861328,159.2799072265625,159.5850067138672,12493506.0
1751995800,159.5800018310547,160.22000122070312,159.25,159.5399932861328,15155501.0
1751999400,159.5500030517578,159.94000244140625,159.36500549316406,159.89500427246094,11112506.0
1752003000,159.89500427246094,160.0800018310547,159.6999969482422,160.00010681152344,13626894.0
1752004800,160.028,180.896,109.8646,160.09,0.0
1752008400,160.09,160.27,134.86,160.1798,0.0
1752012000,160.16,160.24,160.0,160.19,0.0
1752015600,160.19,160.3,160.17,160.3,0.0
1752048000,160.0,160.12,159.69,159.81,0.0
1752051600,159.85,160.24,159.69,160.18,0.0
1752055200,160.17,160.32,160.02,160.09,0.0
1752058800,160.11,160.52,160.03,160.44,0.0
1752062400,160.45,160.87,158.24,160.86,0.0
1752066000,160.8505,161.41,160.0,161.2294,0.0
1752067800,161.19000244140625,164.4199981689453,161.16000366210938,163.06869506835938,64850584.0
1752071400,163.06500244140625,163.4499969482422,162.44000244140625,163.35000610351562,25988494.0
1752075000,163.3450927734375,163.3800048828125,162.89999389648438,163.27000427246094,16389704.0
1752078600,163.27029418945312,163.3699951171875,162.52999877929688,162.56500244140625,15282610.0
1752082200,162.55999755859375,163.0384063720703,162.49000549316406,162.81500244140625,11576319.0
1752085800,162.81500244140625,163.2100067138672,162.5500030517578,162.85000610351562,13576938.0
1752089400,162.84500122070312,163.02000427246094,162.57009887695312,162.8300018310547,16787843.0
1752091200,162.88,181.9799,100.1947,115.7909,0.0
1752094800,162.855,172.6928,109.3739,163.0499,0.0
1752098400,163.0403,163.38,163.01,163.3353,0.0
1752102000,163.35,163.38,163.17,163.36,0.0
1752134400,163.28,164.35,163.22,163.73,0.0
1752138000,163.72,164.1,163.57,163.66,0.0
1752141600,163.68,163.95,163.54,163.86,0.0
1752145200,163.87,164.329,163.82,164.26,0.0
1752148800,164.25,164.64,162.91,164.5,0.0
1752152400,164.51,164.84,162.88,164.33,0.0
1752154200,164.36000061035156,164.3699951171875,161.88999938964844,162.41000366210938,53282712.0
1752157800,162.39999389648438,162.8000030517578,161.61000061035156,162.59669494628906,23008245.0
1752161400,162.59500122070312,163.32000732421875,162.57000732421875,163.2747039794922,16064526.0
1752165000,163.2799072265625,163.65989685058594,163.0,163.44769287109375,12567265.0
1752168600,163.44500732421875,164.49000549316406,163.38999938964844,163.72999572753906,20190900.0
1752172200,163.72500610351562,164.32000732421875,163.64999389648438,164.05999755859375,14012071.0
1752175800,164.05999755859375,164.27999877929688,163.8000030517578,164.10499572753906,14867354.0
1752177600,164.1,175.529,159.375,164.06,0.0
1752181200,164.06,164.13,163.81,163.81,0.0
1752184800,163.81,163.9,163.67,163.8804,0.0
1752188400,163.88,164.09,163.88,164.04,0.0
1752220800,163.02,163.36,162.63,162.87,0.0
1752224400,162.87,162.92,162.61,162.75,0.0
1752228000,162.75,163.02,162.61,162.77,0.0
1752231600,162.81,163.27,162.71,163.21,0.0
1752235200,163.209,164.1,155.02,163.09,0.0
1752238800,163.08,164.08,163.0,163.67,0.0
1752240600,163.71499633789062,167.59500122070312,163.52000427246094,167.35989379882812,58059074.0
1752244200,167.375,167.88999938964844,166.11000061035156,166.4949951171875,37872862.0
1752247800,166.49000549316406,167.1199951171875,165.92999267578125,166.47869873046875,19912075.0
1752251400,166.47479248046875,166.69000244140625,165.99000549316406,166.1822967529297,13148079.0
1752255000,166.19000244140625,166.25,165.3699951171875,165.68150329589844,15595742.0
1752258600,165.67999267578125,166.08990478515625,164.8300018310547,165.09500122070312,17912784.0
1752262200,165.0998992919922,165.27000427246094,164.8699951171875,164.8800048828125,14271548.0
1752264000,164.8815,175.3419,155.0939,165.02,0.0
1752267600,165.015,200.0397,114.9794,165.04,0.0
1752271200,165.01,165.05,122.69,164.96,0.0
1752274800,164.93,165.0,164.78,164.935,0.0
1752480000,164.92,165.6,164.71,165.25,0.0
1752483600,165.25,165.74,165.23,165.63,0.0
1752487200,165.65,165.98,165.53,165.57,0.0
1752490800,165.59,165.6,164.86,165.04,0.0
1752494400,165.031,165.96,164.34,165.2601,0.0
1752498000,165.26,165.9,163.62,165.4287,0.0
1752499800,165.4250030517578,165.49000549316406,162.0399932861328,163.72000122070312,49921181.0
1752503400,163.72500610351562,165.28500366210938,163.33999633789062,164.75469970703125,23965559.0
1752507000,164.75759887695312,165.25,164.58999633789062,164.97000122070312,11859176.0
1752510600,164.97500610351562,165.36000061035156,164.57000732421875,165.08009338378906,9882041.0
1752514200,165.0800018310547,165.22000122070312,164.69000244140625,164.82000732421875,8199722.0
1752517800,164.8000030517578,165.0399932861328,164.32000732421875,164.40330505371094,11169702.0
1752521400,164.40499877929688,164.52999877929688,164.0,164.07000732421875,11699982.0
1752523200,164.07,173.9146,160.1503,164.15,0.0
1752526800,164.12,175.5108,160.4923,164.03,0.0
1752530400,164.025,164.05,163.9,163.965,0.0
1752534000,163.97,164.0,163.86,163.8697,0.0
1752566400,169.5,172.0,169.5,171.3,0.0
1752570000,171.3,172.83,170.85,172.53,0.0
1752573600,172.53,172.76,171.95,172.34,0.0
1752577200,172.31,172.4,170.92,171.36,0.0
1752580800,171.36,172.8275,164.07,171.09,0.0
1752584400,171.08,172.4002,162.785,171.12,0.0
1752586200,170.35989379882812,172.25,169.1981964111328,171.57839965820312,97536358.0
1752589800,171.57029724121094,172.39999389648438,170.75,171.38499450683594,35052855.0
1752593400,171.38999938964844,171.60499572753906,171.02999877929688,171.38499450683594,14121272.0
1752597000,171.3699951171875,171.5500030517578,170.36000061035156,170.52499389648438,15343175.0
1752600600,170.52999877929688,171.11000061035156,170.25,170.91180419921875,15475030.0
1752604200,170.9149932861328,170.9600067138672,169.94000244140625,170.1999053955078,16779036.0
1752607800,170.19500732421875,170.97999572753906,170.13999938964844,170.5500030517578,16696416.0
1752609600,170.55,178.8647,161.8686,170.03,0.0
1752613200,170.08,170.7,169.93,170.17,0.0
1752616800,170.17,170.23,169.85,170.195,0.0
1752620400,170.195,170.32,170.11,170.19,0.0
1752652800,170.11,170.11,169.0,169.33,0.0
1752656400,169.35,169.54,169.2,169.24,0.0
1752660000,169.24,169.77,169.22,169.69,0.0
1752663600,169.69,170.55,169.69,170.39,0.0
1752667200,170.4,171.18,168.9987,170.93,0.0
1752670800,170.92,171.49,170.86,171.01,0.0
1752672600,171.0,171.75,169.61000061035156,169.96490478515625,47018712.0
1752676200,169.96499633789062,170.65499877929688,169.28770446777344,170.37860107421875,25866268.0
1752679800,170.39010620117188,170.68479919433594,168.89999389648438,170.39500427246094,23472577.0
1752683400,170.38499450683594,171.4199981689453,170.33009338378906,170.9022979736328,13702209.0
1752687000,170.91000366210938,171.095703125,170.6240997314453,171.0050048828125,9660542.0
1752690600,171.0050048828125,171.14999389648438,170.6750030517578,170.77999877929688,11175077.0
1752694200,170.77999877929688,171.4499053955078,170.75999450683594,171.33999633789062,12791407.0
1752696000,171.34,180.627,166.3531,171.2001,0.0
1752699600,171.2,171.35,171.14,171.325,0.0
1752703200,171.3195,171.33,171.13,171.155,0.0
1752706800,171.16,171.25,171.14,171.2,0.0
1752739200,172.71,173.04,172.1,173.01,0.0
1752742800,172.98,173.19,172.8,172.8,0.0
1752746400,172.81,172.92,172.6,172.74,0.0
1752750000,172.74,172.88,172.21,172.34,0.0
1752753600,172.34,173.35,171.18,172.65,0.0
1752757200,172.65,172.8,170.125,172.02,0.0
1752759000,172.05999755859375,173.64019775390625,170.8300018310547,172.92999267578125,53096486.0
1752762600,172.92999267578125,173.34500122070312,172.63999938964844,173.11500549316406,16964743.0
1752766200,173.11000061035156,174.16000366210938,172.93499755859375,173.860107421875,20740420.0
1752769800,173.86500549316406,173.97999572753906,173.36000061035156,173.72000122070312,14631775.0
1752773400,173.71499633789062,173.9167022705078,173.0800018310547,173.2989959716797,13460577.0
1752777000,173.2899932861328,173.68850708007812,173.1750030517578,173.28500366210938,12203669.0
1752780600,173.28500366210938,173.50999450683594,173.00999450683594,173.1114044189453,14952193.0
1752782400,173.11,177.7444,166.5,173.16,0.0
1752786000,173.17,177.7444,173.0,173.15,0.0
1752789600,173.14,173.24,173.11,173.18,0.0
1752793200,173.17,173.5,173.17,173.4612,0.0
1752825600,173.92,173.92,173.67,173.79,0.0
1752829200,173.8,173.95,173.67,173.89,0.0
1752832800,173.89,173.99,173.71,173.79,0.0
1752836400,173.81,173.87,173.61,173.721,0.0
1752840000,173.77,174.17,173.62,173.795,0.0
1752843600,173.79,174.53,171.835,173.8188,0.0
1752845400,173.72999572753906,174.24000549316406,171.93499755859375,172.08999633789062,48486073.0
1752849000,172.08999633789062,172.74839782714844,171.25999450683594,172.16009521484375,25270061.0
1752852600,172.1699981689453,172.5800018310547,171.97999572753906,172.15469360351562,12708477.0
1752856200,172.16000366210938,172.75,171.8000030517578,172.64999389648438,11859350.0
1752859800,172.64520263671875,172.73500061035156,172.11500549316406,172.4149932861328,9307613.0
1752863400,172.4152069091797,172.4199981689453,171.88999938964844,172.07000732421875,9333832.0
1752867000,172.0800018310547,172.4250030517578,171.8249969482422,172.38999938964844,14900120.0
1752868800,172.38,172.44,170.9208,172.39,0.0
1752872400,172.38,173.8155,122.2218,172.46,0.0
1752876000,172.45,172.5,172.41,172.44,0.0
1752879600,172.445,172.45,172.2501,172.36,0.0
1753084800,172.87,172.97,172.63,172.75,0.0
1753088400,172.74,172.9,172.55,172.88,0.0
1753092000,172.89,173.23,172.62,172.94,0.0
1753095600,172.93,172.94,172.5,172.6,0.0
1753099200,172.59,173.2005,172.4,172.58,0.0
1753102800,172.58,172.83,172.37,172.77,0.0
1753104600,172.73500061035156,173.3800048828125,171.67999267578125,173.08009338378906,34024091.0
1753108200,173.0850067138672,173.13999938964844,172.4499969482422,172.6981964111328,14503791.0
1753111800,172.69009399414062,172.82000732421875,171.4499969482422,172.02940368652344,16191347.0
1753115400,172.02999877929688,172.6199951171875,171.99000549316406,172.55479431152344,10114493.0
1753119000,172.55819702148438,172.80999755859375,172.47000122070312,172.70480346679688,6943501.0
1753122600,172.6999969482422,172.72999572753906,171.86000061035156,171.9600067138672,10195751.0
1753126200,171.9600067138672,172.14999389648438,171.05999755859375,171.4600067138672,11753089.0
1753128000,171.45,181.4671,160.1503,171.24,0.0
1753131600,171.24,181.4671,93.86,170.69,0.0
1753135200,170.7,171.38,170.61,171.01,0.0
1753138800,171.02,171.12,170.82,170.97,0.0
1753171200,170.74,170.92,169.88,170.24,0.0
1753174800,170.24,170.37,169.04,169.32,0.0
1753178400,169.31,170.19,169.25,169.78,0.0
1753182000,169.78,170.45,169.63,170.29,0.0
1753185600,170.28,171.38,169.04,170.57,0.0
1753189200,170.5702,173.78,170.4,171.4,0.0
1753191000,171.22000122070312,171.35000610351562,164.5800018310547,166.0847930908203,75042055.0
1753194600,166.0800018310547,168.1999969482422,166.0800018310547,167.86000061035156,27036246.0
1753198200,167.86000061035156,168.63999938964844,167.49000549316406,167.5509033203125,20199319.0
1753201800,167.5500030517578,168.3699951171875,167.35000610351562,168.26499938964844,14441058.0
1753205400,168.25999450683594,168.4199981689453,167.360107421875,167.90029907226562,10662147.0
1753209000,167.89999389648438,168.16000366210938,167.72999572753906,167.88499450683594,10053490.0
1753212600,167.8800048828125,168.0,166.75999450683594,167.00999450683594,14282707.0
1753214400,167.03,177.952,150.6163,166.43,0.0
1753218000,166.455,180.896,127.7255,166.535,0.0
1753221600,166.5117,166.61,166.3,166.33,0.0
1753225200,166.31,167.78,166.31,167.77,0.0
1753257600,168.11,168.49,167.89,168.46,0.0
1753261200,168.45,168.6,168.29,168.35,0.0
1753264800,168.34,168.68,168.27,168.65,0.0
1753268400,168.67,168.88,168.1,168.61,0.0
1753272000,168.59,169.29,167.03,169.16,0.0
1753275600,169.1594,169.69,167.03,169.54,0.0
1753277400,169.52000427246094,170.39999389648438,167.97000122070312,169.1300048828125,46559663.0
1753281000,169.1300048828125,169.8000030517578,168.47000122070312,169.52330017089844,17365993.0
1753284600,169.5050048828125,169.8800048828125,168.52999877929688,168.6199951171875,14747305.0
1753288200,168.6199951171875,169.27999877929688,168.55999755859375,169.03500366210938,9774945.0
1753291800,169.03990173339844,171.25999450683594,168.97999572753906,170.65750122070312,20290549.0
1753295400,170.65130615234375,171.05999755859375,170.4600067138672,170.7100067138672,15108435.0
1753299000,170.6999969482422,170.86000061035156,170.1707000732422,170.8300018310547,13031395.0
1753300800,170.78,181.9799,170.49,172.47,0.0
1753304400,172.47,172.74,170.78,172.5899,0.0
1753308000,172.5705,172.7,172.4,172.5402,0.0
1753311600,172.5408,172.95,172.49,172.9,0.0
1753344000,173.0,173.0,172.17,172.69,0.0
1753347600,172.72,172.94,172.53,172.65,0.0
1753351200,172.61,172.83,172.54,172.73,0.0
1753354800,172.73,172.83,172.18,172.71,0.0
1753358400,172.69,172.98,170.78,172.62,0.0
1753362000,172.62,172.68,144.3306,172.45,0.0
1753363800,172.4499969482422,173.4499969482422,171.3000030517578,172.08999633789062,38225261.0
1753367400,172.08999633789062,173.1999053955078,171.99000549316406,172.67849731445312,18227398.0
1753371000,172.69189453125,173.08999633789062,172.39999389648438,172.94500732421875,12437977.0
1753374600,172.94000244140625,173.67999267578125,172.77000427246094,173.43240356445312,13470296.0
1753378200,173.42999267578125,173.8300018310547,173.22000122070312,173.4550018310547,12804764.0
1753381800,173.4550018310547,173.75999450683594,173.25999450683594,173.6501007080078,9442160.0
1753385400,173.66000366210938,173.82000732421875,173.31500244140625,173.77999877929688,11284670.0
1753387200,173.78,182.5667,169.273,173.475,0.0
1753390800,173.48,173.66,173.4,173.52,0.0
1753394400,173.55,173.81,173.48,173.54,0.0
1753398000,173.535,173.65,173.5,173.585,0.0
1753430400,173.11,173.67,173.11,173.67,0.0
1753434000,173.69,173.73,173.05,173.3,0.0
1753437600,173.28,173.52,173.22,173.42,0.0
1753441200,173.43,173.51,173.2,173.28,0.0
1753444800,173.26,173.8502,172.94,173.22,0.0
1753448400,173.19,173.65,171.8501,173.61,0.0
1753450200,173.61500549316406,174.72000122070312,172.96499633789062,174.46189880371094,38537566.0
1753453800,174.46820068359375,174.67999267578125,173.63999938964844,174.06809997558594,15660859.0
1753457400,174.10000610351562,174.52999877929688,173.75,174.3800048828125,13706268.0
1753461000,174.38999938964844,174.5,173.8300018310547,173.8843994140625,10462333.0
1753464600,173.88499450683594,173.97000122070312,173.00999450683594,173.64999389648438,11734143.0
1753468200,173.64999389648438,174.05999755859375,173.41000366210938,173.7949981689453,9810393.0
1753471800,173.7899932861328,173.99000549316406,173.25,173.49000549316406,11726836.0
1753473600,173.5,179.7988,169.25,173.4689,0.0
1753477200,173.47,182.6607,167.8754,173.48,0.0
1753480800,173.48,173.56,173.4,173.4708,0.0
1753484400,173.4894,173.5,173.2901,173.4001,0.0
1753689600,174.55,174.97,174.39,174.9,0.0
1753693200,174.89,174.96,174.6,174.65,0.0
1753696800,174.64,174.8,174.59,174.6,0.0
1753700400,174.59,174.65,174.37,174.59,0.0
1753704000,174.58,174.98,173.067,174.635,0.0
1753707600,174.6397,174.71,172.41,174.01,0.0
1753709400,174.02000427246094,175.57000732421875,173.97000122070312,174.9250030517578,40106290.0
1753713000,174.9199981689453,175.25999450683594,174.2550048828125,174.92999267578125,15757910.0
1753716600,174.9250030517578,175.13999938964844,174.67999267578125,175.0299072265625,9614060.0
1753720200,175.02020263671875,175.27999877929688,174.6999969482422,175.2100067138672,8315414.0
1753723800,175.1999969482422,175.69509887695312,175.19869995117188,175.47500610351562,11462309.0
1753727400,175.47999572753906,176.27499389648438,175.2100067138672,176.15499877929688,15190206.0
1753731000,176.16000366210938,176.97999572753906,175.8300018310547,176.75,19019292.0
1753732800,176.74,184.2823,168.1535,176.84,0.0
1753736400,176.84,176.95,176.81,176.865,0.0
1753740000,176.84,176.94,176.75,176.925,0.0
1753743600,176.94,177.17,176.85,177.13,0.0
1753776000,178.95,179.31,178.03,178.88,0.0
1753779600,178.87,179.6,178.79,179.41,0.0
1753783200,179.41,179.65,179.19,179.33,0.0
1753786800,179.33,179.58,179.06,179.48,0.0
1753790400,179.47,179.6,177.61,179.131,0.0
1753794000,179.13,179.16,173.4,178.0097,0.0
1753795800,177.9600067138672,179.3800048828125,177.6300048828125,178.13999938964844,47245091.0
1753799400,178.14999389648438,178.6999053955078,175.67010498046875,175.85989379882812,26997973.0
1753803000,175.85499572753906,176.77999877929688,175.1699981689453,176.33999633789062,21153065.0
1753806600,176.34500122070312,176.66000366210938,175.83169555664062,176.19529724121094,11231828.0
1753810200,176.1999969482422,176.6300048828125,175.8000030517578,176.2050018310547,9845570.0
1753813800,176.2050018310547,176.57510375976562,175.77000427246094,175.8249969482422,10067988.0
1753817400,175.8300018310547,175.97039794921875,175.23789978027344,175.50999450683594,14984039.0
1753819200,175.56,178.8647,163.8593,175.825,0.0
1753822800,175.85,178.8647,163.8593,175.965,0.0
1753826400,175.98,176.11,175.77,176.01,0.0
1753830000,176.02,176.1,175.95,176.0883,0.0
1753862400,176.46,176.73,176.28,176.28,0.0
1753866000,176.27,176.6,176.07,176.42,0.0
1753869600,176.41,176.57,175.28,175.82,0.0
1753873200,175.81,176.65,175.71,176.64,0.0
1753876800,176.621,176.88,173.74,176.54,0.0
1753880400,176.58,176.88,175.98,176.5197,0.0
1753882200,176.34950256347656,178.74000549316406,176.34950256347656,178.4600067138672,36121613.0
1753885800,178.46009826660156,179.27999877929688,178.19000244140625,178.26519775390625,20571627.0
1753889400,178.26019287109375,179.1999969482422,178.1446990966797,178.80499267578125,13706613.0
1753893000,178.8000946044922,179.39999389648438,178.8000946044922,179.00669860839844,14438209.0
1753896600,179.00999450683594,179.67999267578125,178.8800048828125,179.55499267578125,13260125.0
1753900200,179.55499267578125,179.88999938964844,177.55999755859375,178.58999633789062,28400674.0
1753903800,178.58999633789062,179.39999389648438,178.5800018310547,179.2899932861328,16698311.0
1753905600,179.29,181.67,126.3785,180.97,0.0
1753909200,180.96,190.8448,120.5867,182.78,0.0
1753912800,182.78,184.12,182.7,183.19,0.0
1753916400,183.198,183.39,182.71,183.355,0.0
1753948800,182.86,183.72,182.3,182.55,0.0
1753952400,182.54,182.94,182.5,182.65,0.0
1753956000,182.65,182.65,181.8,182.3,0.0
1753959600,182.33,183.75,182.27,183.15,0.0
1753963200,183.19,185.21,179.27,183.355,0.0
1753966800,183.4196,183.54,179.27,182.91,0.0
1753968600,182.92999267578125,183.2899932861328,180.39999389648438,181.57000732421875,58728773.0
1753972200,181.57009887695312,181.72000122070312,178.68350219726562,179.889892578125,32906598.0
1753975800,179.88999938964844,181.49000549316406,179.8000030517578,181.3780059814453,16810132.0
1753979400,181.37229919433594,181.4949951171875,178.82000732421875,179.02000427246094,18524780.0
1753983000,179.0,179.44000244140625,175.92999267578125,177.36500549316406,27861825.0
1753986600,177.36500549316406,178.1699981689453,177.2100067138672,177.41969299316406,17966475.0
1753990200,177.4250030517578,178.1699981689453,177.14500427246094,177.85000610351562,16408484.0
1753992000,177.87,193.3398,124.2548,177.7,0.0
1753995600,177.635,193.3398,135.5199,176.08,0.0
1753999200,176.16,177.87,175.9,175.9982,0.0
1754002800,175.97,176.8,175.75,176.69,0.0
1754035200,174.49,175.0,172.24,172.58,0.0
1754038800,172.58,173.81,172.51,173.05,0.0
1754042400,173.05,173.94,172.92,173.58,0.0
1754046000,173.56,174.64,173.08,174.37,0.0
1754049600,174.35,177.87,172.2404,174.95,0.0
1754053200,174.94,177.87,173.6,174.01,0.0
1754055000,172.75,175.03500366210938,170.88999938964844,174.97500610351562,66875436.0
1754058600,174.97999572753906,176.0,174.33999633789062,174.77999877929688,26579583.0
1754062200,174.77000427246094,176.5399932861328,174.64999389648438,175.82000732421875,18229449.0
1754065800,175.82000732421875,175.8699951171875,172.6649932861328,173.10989379882812,19679327.0
1754069400,173.10499572753906,173.6999969482422,171.7949981689453,173.2799072265625,21601464.0
1754073000,173.27499389648438,174.14999389648438,172.72999572753906,173.75,18409216.0
1754076600,173.7449951171875,174.6999969482422,173.19500732421875,173.58999633789062,14884559.0
1754078400,173.58,173.8872,173.11,173.341,0.0
1754082000,173.3498,226.1203,126.9922,173.17,0.0
1754085600,173.17,173.17,172.56,172.638,0.0
1754089200,172.63,172.84,172.5,172.5,0.0
1754294400,174.75,175.64,174.16,175.25,0.0
1754298000,175.27,175.62,175.1,175.35,0.0
1754301600,175.42,176.15,175.34,176.09,0.0
1754305200,176.1,176.15,175.31,175.48,0.0
1754308800,175.47,176.1,173.25,175.5,0.0
1754312400,175.4801,183.155,171.51,175.16,0.0
1754314200,175.16000366210938,178.10000610351562,174.55999755859375,177.9499969482422,40024836.0
1754317800,177.95140075683594,178.10000610351562,176.92999267578125,177.8498992919922,17929805.0
1754321400,177.8300018310547,179.03529357910156,177.64999389648438,178.9250030517578,14410982.0
1754325000,178.9250030517578,179.10000610351562,178.61000061035156,179.02999877929688,10199184.0
1754328600,179.0399932861328,179.81500244140625,178.69000244140625,179.27000427246094,14291109.0
1754332200,179.27479553222656,179.66000366210938,178.94000244140625,179.31390380859375,12966879.0
1754335800,179.3101043701172,179.99000549316406,179.11000061035156,179.97000122070312,14189742.0
1754337600,179.98,190.0723,176.6679,180.85,0.0
1754341200,180.85,190.0723,177.8272,180.76,0.0
1754344800,180.78,180.79,180.53,180.76,0.0
1754348400,180.75,180.8,180.48,180.675,0.0
1754380800,180.67,180.9,180.09,180.46,0.0
1754384400,180.48,180.8,180.37,180.47,0.0
1754388000,180.47,181.1,180.47,180.97,0.0
1754391600,180.95,181.37,180.66,181.23,0.0
1754395200,181.22,181.5402,180.0,180.8,0.0
1754398800,180.8,181.0,172.525,179.64,0.0
1754400600,178.77000427246094,180.25999450683594,177.75,178.24000549316406,41827154.0
1754404200,178.25,178.48829650878906,175.89999389648438,176.88499450683594,30111029.0
1754407800,176.8800048828125,178.26499938964844,176.22000122070312,177.92999267578125,18008893.0
1754411400,177.9199981689453,178.22000122070312,177.00999450683594,178.02999877929688,12436982.0
1754415000,178.0399932861328,179.11439514160156,177.9499969482422,178.50999450683594,13221722.0
1754418600,178.51010131835938,178.82000732421875,177.65150451660156,178.77520751953125,14104085.0
1754422200,178.77499389648438,178.97500610351562,178.1199951171875,178.25999450683594,11063423.0
1754424000,178.26,205.6974,139.635,150.6163,0.0
1754427600,177.14,205.6974,127.7255,177.17,0.0
1754431200,177.25,177.4,176.76,177.16,0.0
1754434800,177.145,177.16,176.78,176.8,0.0
1754467200,178.3,178.85,178.24,178.3,0.0
1754470800,178.3,178.32,176.91,177.1,0.0
1754474400,177.14,177.21,176.64,176.85,0.0
1754478000,176.86,176.95,175.68,176.58,0.0
1754481600,176.58,178.85,175.6888,176.755,0.0
1754485200,176.74,177.09,176.18,176.2907,0.0
1754487000,176.3249969482422,179.42999267578125,176.25,178.0399932861328,37211087.0
1754490600,178.02999877929688,178.39999389648438,176.80189514160156,178.14999389648438,20699896.0
1754494200,178.14999389648438,179.3800048828125,178.02000427246094,178.23500061035156,14807008.0
1754497800,178.22999572753906,178.4499969482422,177.65809631347656,178.42999267578125,11344990.0
1754501400,178.4199981689453,179.27999877929688,178.2689971923828,179.22999572753906,10284555.0
1754505000,179.22000122070312,179.86000061035156,178.8800048828125,179.6649932861328,13334056.0
1754508600,179.66000366210938,179.89999389648438,179.32000732421875,179.41000366210938,11599106.0
1754510400,179.41,181.9799,172.565,179.43,0.0
1754514000,179.43,181.9799,171.2796,179.86,0.0
1754517600,179.85,181.0,179.41,180.5088,0.0
1754521200,180.54,180.65,180.24,180.48,0.0
1754553600,180.43,181.31,180.29,181.24,0.0
1754557200,181.2,181.26,181.01,181.17,0.0
1754560800,181.15,181.71,181.04,181.56,0.0
1754564400,181.55,182.13,181.35,181.89,0.0
1754568000,181.85,182.13,179.42,181.84,0.0
1754571600,181.82,181.98,176.465,181.61,0.0
1754573400,181.5500030517578,183.8800048828125,181.3000030517578,182.47999572753906,48813258.0
1754577000,182.33880615234375,183.08999633789062,181.14999389648438,181.52999877929688,19854693.0
1754580600,181.52000427246094,182.02499389648438,180.47999572753906,181.14999389648438,15244882.0
1754584200,181.13510131835938,181.3350067138672,179.4199981689453,179.97000122070312,15384202.0
1754587800,179.96499633789062,180.27000427246094,178.82000732421875,179.42010498046875,15509269.0
1754591400,179.4250030517578,180.24000549316406,179.1199951171875,179.47000122070312,13498015.0
1754595000,179.47000122070312,180.88999938964844,179.4199981689453,180.8699951171875,11101336.0
1754596800,180.875,181.77,177.9765,181.26,0.0
1754600400,181.33,193.1195,169.273,181.38,0.0
1754604000,181.46,181.76,181.33,181.62,0.0
1754607600,181.62,181.66,181.42,181.585,0.0
1754640000,181.65,181.91,181.62,181.79,0.0
1754643600,181.79,182.2,181.73,182.17,0.0
1754647200,182.16,182.25,181.83,181.9,0.0
1754650800,181.89,182.15,181.79,182.09,0.0
1754654400,182.09,182.25,181.4,181.61,0.0
1754658000,181.6,183.325,174.385,181.54,0.0
1754659800,181.5500030517578,182.7689971923828,180.39999389648438,182.19500732421875,35346711.0
1754663400,182.19000244140625,183.3000030517578,182.04449462890625,183.01499938964844,19263080.0
1754667000,183.0050048828125,183.2899932861328,182.25,182.90809631347656,13673296.0
1754670600,182.9149932861328,182.9199981689453,181.61000061035156,181.88499450683594,12839636.0
1754674200,181.8800048828125,182.88999938964844,181.85000610351562,182.61500549316406,10114146.0
1754677800,182.60009765625,183.05999755859375,182.58009338378906,182.69500732421875,10238542.0
1754681400,182.69500732421875,183.05999755859375,182.1649932861328,182.75,11085190.0
1754683200,182.77,192.8472,175.3419,182.7392,0.0
1754686800,182.74,192.8472,175.3419,182.73,0.0
1754690400,182.715,183.2,182.68,182.79,0.0
1754694000,182.775,183.04,182.71,182.8306,0.0
1754899200,182.4,182.51,179.03,179.95,0.0
1754902800,179.95,180.79,179.78,180.71,0.0
1754906400,180.73,181.38,180.64,181.34,0.0
1754910000,181.34,181.77,180.86,181.44,0.0
1754913600,181.41,183.1802,179.12,181.94,0.0
1754917200,181.96,182.21,181.36,182.05,0.0
1754919000,182.16000366210938,183.66000366210938,180.25,183.3455047607422,44896099.0
1754922600,183.34500122070312,183.67999267578125,182.3699951171875,183.1800994873047,16480275.0
1754926200,183.16439819335938,183.83999633789062,182.8800048828125,183.73500061035156,16486141.0
1754929800,183.73500061035156,183.80499267578125,182.85499572753906,183.23550415039062,10001941.0
1754933400,183.23500061035156,183.46499633789062,182.59010314941406,182.89999389648438,8923527.0
1754937000,182.91000366210938,183.08999633789062,182.10000610351562,182.16000366210938,9764807.0
1754940600,182.16000366210938,182.5800018310547,181.5,182.0850067138672,16433921.0
1754942400,182.11,182.7804,170.5523,181.94,0.0
1754946000,181.99,182.3,176.8173,182.13,0.0
1754949600,182.0898,182.3,182.04,182.11,0.0
1754953200,182.14,182.25,182.07,182.08,0.0
1754985600,181.79,181.95,181.5,181.57,0.0
1754989200,181.58,181.61,181.22,181.54,0.0
1754992800,181.56,182.96,181.45,182.18,0.0
1754996400,182.18,182.43,181.65,181.9,0.0
1755000000,181.89,182.92,180.55,182.37,0.0
1755003600,182.41,183.87,181.7115,182.97,0.0
1755005400,182.9600067138672,182.99000549316406,179.4600067138672,180.92999267578125,53579929.0
1755009000,180.9232940673828,182.55999755859375,180.75450134277344,182.0146942138672,19016729.0
1755012600,182.01010131835938,182.75,181.7602996826172,182.27499389648438,12312308.0
1755016200,182.27000427246094,182.6999969482422,181.75,182.24000549316406,10381630.0
1755019800,182.24000549316406,183.08999633789062,182.1750030517578,183.06500244140625,10502042.0
1755023400,183.0800018310547,183.3300018310547,182.69000244140625,182.7845001220703,11225989.0
1755027000,182.7899932861328,184.47999572753906,182.25999450683594,183.10000610351562,12971517.0
1755028800,183.15,183.22,176.5654,182.9,0.0
1755032400,182.9,182.97,100.97,182.83,0.0
1755036000,182.84,182.85,182.77,182.78,0.0
1755039600,182.78,182.95,182.76,182.93,0.0
1755072000,182.86,183.5,182.86,183.39,0.0
1755075600,183.39,183.58,182.54,182.78,0.0
1755079200,182.78,183.12,182.22,182.52,0.0
1755082800,182.56,182.9,181.75,182.83,0.0
1755086400,182.85,183.57,181.7648,183.09,0.0
1755090000,183.0824,183.17,182.48,182.6,0.0
1755091800,182.35499572753906,183.968994140625,180.97999572753906,181.41099548339844,57183001.0
1755095400,181.39500427246094,181.80929565429688,179.35000610351562,180.13180541992188,31905250.0
1755099000,180.139892578125,181.08999633789062,179.5749969482422,180.0500030517578,18665334.0
1755102600,180.0399932861328,181.00999450683594,179.39999389648438,180.99000549316406,15541217.0
1755106200,180.97999572753906,181.66000366210938,180.47000122070312,181.32989501953125,13188042.0
1755109800,181.3249969482422,181.9199981689453,181.06100463867188,181.26499938964844,13400589.0
1755113400,181.26499938964844,181.64999389648438,180.6300048828125,181.57000732421875,14629608.0
1755115200,181.55,190.8448,174.4123,181.3591,0.0
1755118800,181.2517,181.48,181.18,181.33,0.0
1755122400,181.33,181.35,135.24,181.27,0.0
1755126000,181.29,181.36,181.12,181.28,0.0
1755158400,181.35,181.74,181.35,181.65,0.0
1755162000,181.63,181.72,181.23,181.46,0.0
1755165600,181.46,181.48,181.26,181.3,0.0
1755169200,181.31,181.92,181.28,181.88,0.0
1755172800,181.89,182.07,180.9997,181.76,0.0
1755176400,181.77,183.54,179.7,179.7476,0.0
1755178200,179.7949981689453,182.66700744628906,179.4600067138672,182.5800018310547,41933654.0
1755181800,182.57850646972656,182.97500610351562,181.00999450683594,181.3800048828125,19906026.0
1755185400,181.3800048828125,182.19000244140625,180.9600067138672,181.14349365234375,15698784.0
1755189000,181.2200927734375,182.1999969482422,181.125,182.1649932861328,10084493.0
1755192600,182.1649932861328,182.1699981689453,181.4499969482422,181.52499389648438,8710122.0
1755196200,181.52999877929688,182.05999755859375,181.4217071533203,181.9600067138672,9628090.0
1755199800,181.9550018310547,182.24000549316406,181.7899932861328,182.0,12263611.0
1755201600,181.96,193.3398,181.52,181.685,0.0
1755205200,181.73,193.3398,181.55,181.66,0.0
1755208800,181.67,181.8,181.63,181.78,0.0
1755212400,181.7792,181.88,181.72,181.84,0.0
1755244800,182.0,182.26,181.87,181.88,0.0
1755248400,181.9,181.93,181.51,181.78,0.0
1755252000,181.77,181.77,181.45,181.6,0.0
1755255600,181.62,181.99,181.6,181.91,0.0
1755259200,181.9,182.26,181.44,181.85,0.0
1755262800,181.85,182.26,181.55,181.55,0.0
1755264600,181.75999450683594,181.89999389648438,178.04469299316406,179.92010498046875,53746813.0
1755268200,179.9250030517578,180.04989624023438,178.75,179.5050048828125,19965791.0
1755271800,179.47000122070312,179.61000061035156,178.41000366210938,178.92999267578125,16053351.0
1755275400,178.9250030517578,179.8000030517578,178.8350067138672,179.70010375976562,10662845.0
1755279000,179.6999969482422,180.30999755859375,179.69000244140625,180.17999267578125,10132382.0
1755282600,180.18499755859375,180.25,179.48500061035156,179.97000122070312,11672960.0
1755286200,179.97999572753906,180.5399932861328,179.92999267578125,180.44000244140625,14420184.0
1755288000,180.44,180.48,171.7013,180.21,0.0
1755291600,180.2001,180.45,171.7013,180.1899,0.0
1755295200,180.18,180.28,180.14,180.28,0.0
1755298800,180.28,180.35,179.71,179.75,0.0
1755504000,180.1,180.1,179.2,179.42,0.0
1755507600,179.39,179.76,179.08,179.26,0.0
1755511200,179.26,180.15,179.26,179.62,0.0
1755514800,179.65,180.13,179.65,179.85,0.0
1755518400,179.87,180.8787,179.08,180.0352,0.0
1755522000,180.02,180.8,179.78,180.585,0.0
1755523800,180.64999389648438,182.93499755859375,180.60450744628906,182.67999267578125,41258508.0
1755527400,182.67999267578125,182.69500732421875,180.94000244140625,181.1519012451172,21186319.0
1755531000,181.16000366210938,181.8300018310547,181.07000732421875,181.7657928466797,10494508.0
1755534600,181.75999450683594,181.91000366210938,180.9600067138672,181.49920654296875,10564113.0
1755538200,181.48500061035156,181.82000732421875,181.13499450683594,181.76210021972656,9063596.0
1755541800,181.75999450683594,182.61000061035156,181.75010681152344,182.19500732421875,14116183.0
1755545400,182.19500732421875,182.3800048828125,181.97000122070312,181.97999572753906,8608391.0
1755547200,181.97,190.0723,177.8272,182.04,0.0
1755550800,182.04,190.0723,170.9384,181.97,0.0
1755554400,181.98,182.2,181.97,182.065,0.0
1755558000,182.065,182.11,181.88,181.965,0.0
1755590400,182.26,182.37,182.1,182.36,0.0
1755594000,182.39,182.79,182.33,182.64,0.0
1755597600,182.65,182.7,182.27,182.38,0.0
1755601200,182.37,182.46,182.23,182.44,0.0
1755604800,182.44,182.8,181.61,182.32,0.0
1755608400,182.41,182.72,182.02,182.4497,0.0
1755610200,182.42999267578125,182.5,178.52999877929688,178.66490173339844,43099321.0
1755613800,178.66000366210938,179.13999938964844,177.3000030517578,178.27749633789062,31692135.0
1755617400,178.27499389648438,178.6649932861328,176.80499267578125,177.53990173339844,19758122.0
1755621000,177.5399932861328,177.75999450683594,175.75,176.69509887695312,23233166.0
1755624600,176.6699981689453,177.22999572753906,176.4199981689453,176.5749053955078,14572380.0
1755628200,176.5800018310547,176.75999450683594,175.66000366210938,176.33250427246094,17226419.0
1755631800,176.3350067138672,176.5800018310547,175.49000549316406,175.64999389648438,16724604.0
1755633600,175.64,180.896,163.755,176.05,0.0
1755637200,176.055,180.896,167.5459,175.11,0.0
1755640800,175.12,175.64,175.111,175.28,0.0
1755644400,175.275,175.34,175.0,175.0399,0.0
1755676800,174.71,175.1,174.67,174.71,0.0
1755680400,174.72,176.5,174.65,176.12,0.0
1755684000,176.14,176.59,175.8,176.15,0.0
1755687600,176.14,176.18,175.26,175.35,0.0
1755691200,175.35,176.56,173.6297,175.84,0.0
1755694800,175.83,180.41,174.8,175.16,0.0
1755696600,175.10000610351562,175.11000061035156,168.80099487304688,170.30999755859375,75230669.0
1755700200,170.30999755859375,172.47999572753906,168.89999389648438,172.4250030517578,36403063.0
1755703800,172.4199981689453,174.11000061035156,171.6999969482422,174.0500030517578,25285992.0
1755707400,174.05499267578125,174.0800018310547,172.64999389648438,173.47500610351562,15454109.0
1755711000,173.47000122070312,174.4199981689453,172.56019592285156,172.8249969482422,16865512.0
1755714600,172.82989501953125,174.86000061035156,172.75,174.5800018310547,15941813.0
1755718200,174.5800018310547,175.5299072265625,174.42999267578125,175.38999938964844,15457138.0
1755720000,175.4,181.9799,169.9272,175.8,0.0
1755723600,175.785,175.92,172.6928,175.855,0.0
1755727200,175.87,176.05,175.74,175.9597,0.0
1755730800,175.96,175.99,175.6,175.81,0.0
1755763200,175.58,176.44,175.03,176.44,0.0
1755766800,176.41,176.81,175.95,176.66,0.0
1755770400,176.65,176.99,176.4,176.81,0.0
1755774000,176.8,176.86,176.18,176.5,0.0
1755777600,176.5,176.99,174.6,174.61,0.0
1755781200,174.58,175.4,173.81,174.8324,0.0
1755783000,174.67999267578125,176.89999389648438,173.97999572753906,176.47500610351562,42477436.0
1755786600,176.47149658203125,176.47149658203125,174.60069274902344,174.96499633789062,17677407.0
1755790200,174.92999267578125,175.63999938964844,174.11000061035156,174.22569274902344,15131639.0
1755793800,174.22000122070312,174.80999755859375,173.80999755859375,174.26499938964844,14081487.0
1755797400,174.26499938964844,175.19000244140625,174.2550048828125,174.7449951171875,11047345.0
1755801000,174.75999450683594,175.0872039794922,174.27000427246094,174.80189514160156,10711465.0
1755804600,174.8000030517578,175.1300048828125,174.52000427246094,174.9709930419922,10228191.0
1755806400,174.98,174.98,174.66,174.91,0.0
1755810000,174.9093,182.5667,169.273,174.77,0.0
1755813600,174.79,175.0,174.79,174.96,0.0
1755817200,174.94,174.98,174.71,174.7999,0.0
1755849600,172.57,172.96,168.0,172.5,0.0
1755853200,172.49,173.55,172.42,172.95,0.0
1755856800,172.93,173.35,172.29,173.13,0.0
1755860400,173.12,173.41,172.8,173.05,0.0
1755864000,173.07,173.53,171.12,173.01,0.0
1755867600,173.02,173.02,172.22,172.58,0.0
1755869400,171.44349670410156,177.86000061035156,171.1999969482422,176.32000732421875,59679892.0
1755873000,176.30499267578125,178.3000030517578,176.07000732421875,178.1300048828125,27365324.0
1755876600,178.125,178.58999633789062,176.8800048828125,177.00579833984375,19515607.0
1755880200,177.00999450683594,178.3000030517578,176.88999938964844,178.2949981689453,13484278.0
1755883800,178.2949981689453,178.4199981689453,177.8300018310547,178.11500549316406,11900337.0
1755887400,178.11500549316406,178.5399932861328,177.74000549316406,178.0601043701172,11391933.0
1755891000,178.06500244140625,178.41000366210938,177.63999938964844,178.02000427246094,13795946.0
1755892800,178.02,179.7988,169.25,178.01,0.0
1755896400,178.0397,182.6607,167.8754,178.05,0.0
1755900000,178.09,178.3,178.02,178.24,0.0
1755903600,178.25,178.45,178.2,178.32,0.0
1756108800,178.61,178.7,178.27,178.6,0.0
1756112400,178.61,178.74,178.01,178.3,0.0
1756116000,178.29,178.44,177.84,177.93,0.0
1756119600,177.93,177.96,177.23,177.879,0.0
1756123200,177.88,179.36,177.246,177.58,0.0
1756126800,177.59,178.44,176.49,178.361,0.0
1756128600,178.35499572753906,179.40989685058594,176.57000732421875,178.99000549316406,42237022.0
1756132200,178.97999572753906,181.25,178.86419677734375,181.22140502929688,28701803.0
1756135800,181.23500061035156,181.91000366210938,181.0399932861328,181.5240936279297,21214446.0
1756139400,181.50999450683594,181.71499633789062,180.6199951171875,181.0,14530987.0
1756143000,181.00010681152344,181.47999572753906,180.74000549316406,181.33990478515625,12209736.0
1756146600,181.3350067138672,181.6699981689453,180.9199981689453,181.03500366210938,12052092.0
1756150200,181.02999877929688,181.25,179.5800018310547,179.83999633789062,15481637.0
1756152000,179.84,181.58,174.85,180.0,0.0
1756155600,180.0,223.5328,114.6426,180.2298,0.0
1756159200,180.225,180.64,180.19,180.57,0.0
1756162800,180.55,180.58,180.2,180.3,0.0
1756195200,180.01,180.31,179.91,180.15,0.0
1756198800,180.15,180.45,180.05,180.3,0.0
1756202400,180.32,180.86,180.25,180.8,0.0
1756206000,180.82,180.84,180.4,180.5,0.0
1756209600,180.52,180.85,179.7487,180.7,0.0
1756213200,180.6991,180.73,180.02,180.02,0.0
1756215000,180.00999450683594,181.22999572753906,178.80999755859375,180.97999572753906,41256978.0
1756218600,180.9600067138672,181.75999450683594,180.67999267578125,180.8800048828125,23689726.0
1756222200,180.8699951171875,181.9499969482422,180.77999877929688,181.68499755859375,13758007.0
1756225800,181.69000244140625,181.75,181.22000122070312,181.6199951171875,9254676.0
1756229400,181.61500549316406,181.8699951171875,180.88999938964844,181.81500244140625,10526629.0
1756233000,181.81500244140625,182.27000427246094,181.75,182.02549743652344,15952704.0
1756236600,182.02000427246094,182.38999938964844,181.52999877929688,181.6999969482422,14977172.0
1756238400,181.7,182.16,181.69,182.14,0.0
1756242000,182.15,214.1025,126.3031,182.09,0.0
1756245600,182.0992,182.39,182.02,182.295,0.0
1756249200,182.3,182.35,182.18,182.34,0.0
1756281600,182.18,182.63,182.17,182.46,0.0
1756285200,182.49,182.72,182.41,182.69,0.0
1756288800,182.69,183.05,182.62,182.96,0.0
1756292400,182.97,183.2,182.731,182.9,0.0
1756296000,182.9,183.1976,181.77,182.75,0.0
1756299600,182.75,182.84,177.465,181.99,0.0
1756301400,182.07000732421875,182.07000732421875,179.10020446777344,181.05999755859375,56038541.0
1756305000,181.06179809570312,182.44000244140625,181.05999755859375,181.58999633789062,27348415.0
1756308600,181.5800018310547,182.22999572753906,181.11000061035156,181.40420532226562,17369181.0
1756312200,181.39999389648438,182.07000732421875,181.2899932861328,181.93499755859375,14646358.0
1756315800,181.93499755859375,182.49000549316406,181.6300048828125,182.22259521484375,14657337.0
1756319400,182.22000122070312,182.22999572753906,180.92999267578125,181.6645965576172,19942375.0
1756323000,181.6649932861328,181.8300018310547,181.27000427246094,181.60000610351562,20299137.0
1756324800,181.6,228.7666,129.2707,176.76,0.0
1756328400,176.76,190.8448,132.1502,176.7,0.0
1756332000,176.74,176.74,175.58,176.03,0.0
1756335600,176.05,176.5,175.8,175.97,0.0
1756368000,177.52,179.42,177.3,178.92,0.0
1756371600,178.97,179.09,178.31,178.6,0.0
1756375200,178.63,178.75,177.82,178.4,0.0
1756378800,178.43,178.86,178.05,178.68,0.0
1756382400,178.68,181.6,176.5097,179.25,0.0
1756386000,179.22,181.9401,179.22,180.9,0.0
1756387800,183.90499877929688,184.47000122070312,176.41000366210938,177.69500732421875,115181721.0
1756391400,177.67190551757812,180.60499572753906,177.61749267578125,179.156494140625,37722258.0
1756395000,179.15499877929688,179.82000732421875,178.3800048828125,179.69000244140625,21239947.0
1756398600,179.67999267578125,179.97000122070312,178.69000244140625,179.91419982910156,18458449.0
1756402200,179.9149932861328,180.85000610351562,179.79100036621094,180.82969665527344,18823778.0
1756405800,180.8249969482422,181.5500030517578,179.97000122070312,180.0800018310547,26267219.0
1756409400,180.0850067138672,181.0800018310547,179.99000549316406,180.1999969482422,20952896.0
1756411200,180.2,180.38,179.5,179.66,0.0
1756414800,179.66,180.17,167.7068,179.625,0.0
1756418400,179.625,179.95,179.57,179.8,0.0
1756422000,179.7601,179.91,179.54,179.5801,0.0
1756454400,179.56,179.71,178.98,179.31,0.0
1756458000,179.31,179.48,177.49,178.3,0.0
1756461600,178.31,178.44,177.69,178.11,0.0
1756465200,178.11,178.53,177.61,178.39,0.0
1756468800,178.37,180.17,177.5083,178.12,0.0
1756472400,178.11,184.665,172.24,178.08,0.0
1756474200,178.11000061035156,178.11000061035156,173.75999450683594,175.06500244140625,80744435.0
1756477800,175.05999755859375,175.22999572753906,173.3699951171875,174.77499389648438,35501745.0
1756481400,174.75999450683594,174.8498992919922,173.61000061035156,174.14999389648438,22530764.0
1756485000,174.14999389648438,174.77000427246094,173.14500427246094,173.52000427246094,19417117.0
1756488600,173.53500366210938,174.2899932861328,173.25,173.55670166015625,18216909.0
1756492200,173.57420349121094,174.2698974609375,173.56500244140625,174.0399932861328,16934957.0
1756495800,174.0449981689453,174.50999450683594,173.35000610351562,174.27999877929688,21927826.0
1756497600,174.27,177.36,173.6,173.81,0.0
1756501200,173.785,174.18,171.7013,173.88,0.0
1756504800,173.9,173.99,173.8,173.88,0.0
1756508400,173.87,173.9,173.67,173.6898,0.0
1756800000,172.42,173.44,171.27,171.91,0.0
1756803600,171.95,172.25,171.6,172.13,0.0
1756807200,172.13,172.19,171.35,171.53,0.0
1756810800,171.5,171.79,170.11,170.22,0.0
1756814400,170.211,174.18,169.44,169.6888,0.0
1756818000,169.6888,180.995,168.58,170.05,0.0
1756819800,169.0,172.37899780273438,168.64999389648438,170.63360595703125,67328024.0
1756823400,170.6300048828125,170.63999938964844,168.52999877929688,169.05999755859375,33206180.0
1756827000,169.0500030517578,169.09730529785156,167.2200927734375,167.93499755859375,35717985.0
1756830600,167.94000244140625,169.35000610351562,167.85000610351562,169.23500061035156,22695385.0
1756834200,169.22999572753906,169.6199951171875,168.97999572753906,169.1981964111328,15114674.0
1756837800,169.1999969482422,170.44000244140625,169.03500366210938,170.2949981689453,21361055.0
1756841400,170.2899932861328,171.1199951171875,170.27999877929688,170.75,18149057.0
1756843200,170.78,221.3906,135.6414,170.2499,0.0
1756846800,170.22,225.3578,127.7255,170.3999,0.0
1756850400,170.3995,216.5726,125.0757,170.15,0.0
1756854000,170.11,170.19,169.5,169.6637,0.0
1756886400,170.24,171.25,170.23,171.2,0.0
1756890000,171.17,171.82,170.78,171.76,0.0
1756893600,171.75,172.11,171.43,172.03,0.0
1756897200,172.03,172.07,171.49,171.5,0.0
1756900800,171.55,172.1,169.42,171.635,0.0
1756904400,171.64,171.72,170.99,171.05,0.0
1756906200,170.96600341796875,171.82000732421875,169.52000427246094,171.35000610351562,43886562.0
1756909800,171.35000610351562,172.41000366210938,170.5800018310547,170.70590209960938,22048727.0
1756913400,170.70579528808594,171.77999877929688,170.33999633789062,171.52499389648438,16505755.0
1756917000,171.52999877929688,171.5449981689453,170.57009887695312,170.7834930419922,11770942.0
1756920600,170.77999877929688,170.9499969482422,169.22000122070312,169.36000061035156,16683384.0
1756924200,169.36500549316406,169.6654052734375,168.875,169.36500549316406,15625408.0
1756927800,169.36000061035156,170.63499450683594,169.36000061035156,170.6300048828125,15586633.0
1756929600,170.63,175.4,170.32,170.39,0.0
1756933200,170.4,181.9799,159.0745,170.4589,0.0
1756936800,170.44,170.62,170.26,170.262,0.0
1756940400,170.26,170.42,170.25,170.395,0.0
1756972800,170.67,172.0,170.67,171.66,0.0
1756976400,171.67,171.84,171.46,171.53,0.0
1756980000,171.53,171.83,171.5,171.63,0.0
1756983600,171.62,171.76,170.33,170.5,0.0
1756987200,170.5,172.0,170.06,171.16,0.0
1756990800,171.16,171.23,170.3,170.57,0.0
1756992600,170.5500030517578,171.86000061035156,169.41000366210938,170.8614959716797,41325410.0
1756996200,170.86000061035156,171.3083038330078,170.0800018310547,170.8000030517578,18117759.0
1756999800,170.8083953857422,170.94000244140625,170.2100067138672,170.46420288085938,12428337.0
1757003400,170.46499633789062,171.17999267578125,170.39349365234375,170.4499969482422,10774928.0
1757007000,170.4550018310547,170.86000061035156,170.35000610351562,170.41220092773438,11356223.0
1757010600,170.4149932861328,171.1300048828125,170.39999389648438,170.90499877929688,10743103.0
1757014200,170.88999938964844,171.7375946044922,170.8300018310547,171.64999389648438,14491186.0
1757016000,171.65,181.24,171.25,171.53,0.0
1757019600,171.57,182.5667,161.2397,171.18,0.0
1757023200,171.17,171.48,171.01,171.37,0.0
1757026800,171.38,171.57,171.25,171.3,0.0
1757059200,171.27,171.49,170.92,171.34,0.0
1757062800,171.33,171.37,170.59,170.78,0.0
1757066400,170.77,170.95,170.35,170.41,0.0
1757070000,170.41,170.48,169.94,170.1,0.0
1757073600,170.08,171.66,169.4,169.5,0.0
1757077200,169.51,170.63,165.99,168.0,0.0
1757079000,166.87249755859375,169.02999877929688,164.22479248046875,165.13729858398438,84959254.0
1757082600,165.1300048828125,166.13999938964844,164.07000732421875,166.08999633789062,38285700.0
1757086200,166.08680725097656,166.99000549316406,165.86000061035156,166.36549377441406,22932097.0
1757089800,166.3699951171875,167.13999938964844,166.25999450683594,166.5850067138672,14017812.0
1757093400,166.5850067138672,166.88999938964844,165.8800048828125,166.76010131835938,15004758.0
1757097000,166.75999450683594,167.14999389648438,166.02999877929688,167.09500122070312,16232638.0
1757100600,167.08999633789062,167.19500732421875,166.50999450683594,167.0399932861328,15720578.0
1757102400,167.04,175.3419,159.1758,166.8005,0.0
1757106000,166.8199,177.4003,156.0049,166.6001,0.0
1757109600,166.61,166.64,166.5,166.53,0.0
1757113200,166.56,166.56,166.04,166.09,0.0
1757318400,166.86,167.6,166.86,167.25,0.0
1757322000,167.25,167.68,167.05,167.47,0.0
1757325600,167.43,168.22,167.31,168.07,0.0
1757329200,168.09,168.25,167.7,167.85,0.0
1757332800,167.85,168.25,166.212,167.355,0.0
1757336400,167.3699,167.72,167.01,167.52,0.0
1757338200,167.55999755859375,170.9600067138672,167.4499969482422,170.25999450683594,53173407.0
1757341800,170.25,170.4550018310547,169.5399932861328,169.9698944091797,18395592.0
1757345400,169.9600067138672,170.25,169.25,170.1649932861328,15482659.0
1757349000,170.16000366210938,170.19509887695312,169.5,169.86500549316406,10722063.0
1757352600,169.8699951171875,170.16000366210938,169.52999877929688,169.71499633789062,10813107.0
1757356200,169.7100067138672,169.91000366210938,168.9499969482422,169.14500427246094,15257114.0
1757359800,169.14999389648438,169.80999755859375,168.11000061035156,168.3699951171875,21138361.0
1757361600,168.38,176.8173,156.4548,168.13,0.0
1757365200,168.1,176.8173,156.4548,168.27,0.0
1757368800,168.28,168.42,167.55,168.36,0.0
1757372400,168.36,168.42,168.11,168.2,0.0
1757404800,168.88,169.5,168.88,169.49,0.0
1757408400,169.5,169.99,169.49,169.68,0.0
1757412000,169.66,169.8,169.42,169.55,0.0
1757415600,169.55,169.83,168.45,168.69,0.0
1757419200,168.69,169.98,168.251,169.08,0.0
1757422800,169.09,169.47,167.0,169.09,0.0
1757424600,168.61500549316406,169.63999938964844,167.48989868164062,168.0800018310547,36489605.0
1757428200,168.07000732421875,168.13999938964844,166.74009704589844,167.7550048828125,23318993.0
1757431800,167.7550048828125,168.92999267578125,167.44500732421875,168.7050018310547,14592458.0
1757435400,168.7100067138672,168.8000030517578,167.93580627441406,168.0850067138672,11117131.0
1757439000,168.08999633789062,168.59500122070312,167.84500122070312,168.2449951171875,14638624.0
1757442600,168.25990295410156,170.3699951171875,168.1300048828125,170.23989868164062,18651732.0
1757446200,170.24000549316406,170.9799041748047,169.83999633789062,170.7584991455078,17249099.0
1757448000,170.753,178.8647,163.8593,173.47,0.0
1757451600,173.42,174.39,170.6425,173.98,0.0
1757455200,173.98,174.04,173.5,173.7,0.0
1757458800,173.74,174.22,173.24,174.22,0.0
1757491200,173.82,174.19,173.15,173.93,0.0
1757494800,173.93,174.4,173.73,174.08,0.0
1757498400,174.1,174.55,173.82,174.43,0.0
1757502000,174.4,175.33,174.35,175.28,0.0
1757505600,175.28,175.91,170.76,175.84,0.0
1757509200,175.83,176.73,170.76,176.68,0.0
1757511000,176.64999389648438,178.9499969482422,175.47999572753906,177.64999389648438,82319968.0
1757514600,177.64999389648438,179.2899932861328,177.60000610351562,178.61419677734375,36684204.0
1757518200,178.6199951171875,178.72999572753906,177.47999572753906,177.99000549316406,20946072.0
1757521800,177.97999572753906,178.14999389648438,177.3699951171875,178.00509643554688,14456545.0
1757525400,178.0050048828125,178.32000732421875,176.14999389648438,176.27499389648438,18519526.0
1757529000,176.27000427246094,176.7657928466797,175.9600067138672,176.72500610351562,18537958.0
1757532600,176.72999572753906,177.54510498046875,176.67999267578125,177.3300018310547,18318589.0
1757534400,177.28,184.5353,174.4123,176.87,0.0
1757538000,176.87,180.627,166.21,176.79,0.0
1757541600,176.805,177.28,176.79,177.1999,0.0
1757545200,177.19,177.29,177.0,177.15,0.0
1757577600,177.82,178.2,177.79,177.97,0.0
1757581200,177.94,178.0,177.64,177.79,0.0
1757584800,177.75,178.68,177.31,178.21,0.0
1757588400,178.2,178.67,178.07,178.29,0.0
1757592000,178.3,178.67,177.3297,178.55,0.0
1757595600,178.585,179.78,172.945,179.73,0.0
1757597400,179.69000244140625,180.0,176.9250030517578,177.2550048828125,47832570.0
1757601000,177.2550048828125,178.44000244140625,177.14999389648438,178.09500122070312,384018.0
1757604600,178.08999633789062,178.52999877929688,177.42999267578125,177.55810546875,35862018.0
1757608200,177.56419372558594,177.6999969482422,176.9499969482422,177.0941925048828,12011191.0
1757611800,177.09500122070312,177.73989868164062,176.47999572753906,177.5749969482422,16520716.0
1757615400,177.5800018310547,177.74000549316406,176.977294921875,177.1199951171875,10922991.0
1757619000,177.1199951171875,177.5,176.89999389648438,177.08999633789062,10686498.0
1757620800,177.06,177.7444,167.8865,177.13,0.0
1757624400,177.13,177.3,177.02,177.19,0.0
1757628000,177.15,177.3,177.02,177.2,0.0
1757631600,177.19,177.29,177.1,177.22,0.0
1757664000,177.13,177.58,177.13,177.51,0.0
1757667600,177.51,177.91,177.47,177.83,0.0
1757671200,177.84,177.93,177.33,177.43,0.0
1757674800,177.41,177.5,177.13,177.45,0.0
1757678400,177.47,177.9212,177.0012,177.4948,0.0
1757682000,177.48,177.9,177.12,177.9,0.0
1757683800,177.75010681152344,178.0800018310547,176.4499969482422,177.77499389648438,31281879.0
1757687400,177.77639770507812,178.58999633789062,177.63999938964844,177.6750030517578,18768373.0
1757691000,177.6649932861328,178.17999267578125,177.3249969482422,178.11000061035156,16940381.0
1757694600,178.10000610351562,178.21839904785156,177.5,177.52499389648438,9160585.0
1757698200,177.52000427246094,177.9501953125,177.44500732421875,177.4700927734375,8744569.0
1757701800,177.4720001220703,177.94000244140625,177.41000366210938,177.68499755859375,10122889.0
1757705400,177.6842041015625,178.0,177.39999389648438,177.7899932861328,11842853.0
1757707200,177.8,177.99,171.7013,177.77,0.0
1757710800,177.79,177.8,171.7013,177.7598,0.0
1757714400,177.75,177.8,177.62,177.67,0.0
1757718000,177.6799,177.69,177.5,177.53,0.0
1757923200,177.48,177.95,173.09,173.77,0.0
1757926800,173.79,174.09,172.53,172.68,0.0
1757930400,172.71,173.69,172.64,173.35,0.0
1757934000,173.36,175.31,173.27,174.85,0.0
1757937600,174.82,178.05,172.5248,175.4664,0.0
1757941200,175.47,178.985,175.18,175.69,0.0
1757943000,175.66000366210938,176.57000732421875,174.50999450683594,175.48899841308594,45146345.0
1757946600,175.49000549316406,177.25,174.8300018310547,177.02169799804688,21808573.0
1757950200,177.02999877929688,178.08999633789062,176.7700958251953,177.5850067138672,19648158.0
1757953800,177.5850067138672,178.27999877929688,177.14500427246094,177.27000427246094,12971918.0
1757957400,177.2718963623047,177.8800048828125,177.25450134277344,177.52499389648438,9423651.0
1757961000,177.52499389648438,177.85000610351562,176.92340087890625,177.19500732421875,12982335.0
1757964600,177.1920928955078,178.85000610351562,176.9149932861328,177.77999877929688,14122964.0
1757966400,177.79,181.4671,167.02,177.36,0.0
1757970000,177.3501,181.4671,167.4851,177.36,0.0
1757973600,177.35,177.75,177.15,177.2,0.0
1757977200,177.21,177.26,177.2,177.235,0.0
1758009600,177.53,177.55,177.5,177.53,0.0
1758013200,177.52,177.54,177.15,177.35,0.0
1758016800,177.35,177.38,177.09,177.18,0.0
1758020400,177.18,177.45,177.07,177.36,0.0
1758024000,177.33,177.83,176.9,177.34,0.0
1758027600,177.34,177.5,176.895,177.06,0.0
1758029400,176.9949951171875,177.5,175.7100067138672,176.31500244140625,32526962.0
1758033000,176.30999755859375,176.85000610351562,175.82000732421875,176.13999938964844,17078775.0
1758036600,176.1300048828125,176.19500732421875,174.80999755859375,175.26499938964844,17647333.0
1758040200,175.26499938964844,175.39999389648438,174.9499969482422,175.14999389648438,12304080.0
1758043800,175.154296875,175.17999267578125,174.64999389648438,174.77499389648438,13033359.0
1758047400,174.77999877929688,175.22000122070312,174.67999267578125,174.75,12991542.0
1758051000,174.7449951171875,175.16000366210938,174.3800048828125,174.8300018310547,16323762.0
1758052800,174.84,180.4697,166.55,175.09,0.0
1758056400,175.08,180.896,167.5459,175.165,0.0
1758060000,175.17,175.31,175.14,175.3,0.0
1758063600,175.25,175.34,175.1,175.1509,0.0
1758096000,175.38,175.72,175.07,175.28,0.0
1758099600,175.28,175.34,171.77,173.05,0.0
1758103200,173.05,173.57,171.94,172.03,0.0
1758106800,172.06,172.81,171.75,172.39,0.0
1758110400,172.39,175.97,171.74,173.5315,0.0
1758114000,173.55,173.58,172.13,172.54,0.0
1758115800,172.5800018310547,173.1999969482422,169.76499938964844,170.1199951171875,56381360.0
1758119400,170.1300048828125,170.77999877929688,169.6699981689453,170.40499877929688,24501916.0
1758123000,170.39999389648438,170.4600067138672,169.30999755859375,169.87840270996094,19537478.0
1758126600,169.88999938964844,170.27999877929688,169.27000427246094,170.23500061035156,14559453.0
1758130200,170.25,171.60000610351562,168.64999389648438,170.19580078125,28164845.0
1758133800,170.2100067138672,171.39999389648438,168.41000366210938,171.18850708007812,33136610.0
1758137400,171.19639587402344,171.27999877929688,170.1199951171875,170.2100067138672,16604213.0
1758139200,170.21,181.9799,170.207,170.68,0.0
1758142800,170.65,172.7204,161.9704,170.64,0.0
1758146400,170.63,171.38,170.62,171.19,0.0
1758150000,171.2,171.35,171.11,171.35,0.0
1758182400,172.1,173.38,171.99,173.17,0.0
1758186000,173.16,174.14,173.06,174.06,0.0
1758189600,174.1,174.66,174.0,174.42,0.0
1758193200,174.41,176.169,174.06,175.8,0.0
1758196800,175.79,176.17,170.29,175.25,0.0
1758200400,175.3,175.3,173.6,173.99,0.0
1758202200,174.0570068359375,175.8000030517578,173.03089904785156,175.77490234375,60722688.0
1758205800,175.77000427246094,176.38999938964844,175.08999633789062,176.2550048828125,28413878.0
1758209400,176.25570678710938,176.57000732421875,175.46499633789062,176.25999450683594,17798601.0
1758213000,176.2519073486328,176.92999267578125,176.1999969482422,176.6199951171875,14145107.0
1758216600,176.6199951171875,176.72900390625,176.0,176.55499267578125,14897510.0
1758220200,176.55499267578125,177.08999633789062,176.2899932861328,176.34500122070312,15451038.0
1758223800,176.33999633789062,177.10000610351562,174.2100067138672,176.27999877929688,18968507.0
1758225600,176.32,180.6479,175.8,176.24,0.0
1758229200,176.2301,182.5667,169.273,176.24,0.0
1758232800,176.19,176.44,176.1,176.33,0.0
1758236400,176.32,176.4,176.25,176.4,0.0
1758268800,175.96,175.96,175.55,175.86,0.0
1758272400,175.86,175.88,175.36,175.7,0.0
1758276000,175.67,175.89,175.47,175.87,0.0
1758279600,175.87,176.05,175.56,175.75,0.0
1758283200,175.75,176.24,175.37,176.1,0.0
1758286800,176.08,176.55,175.37,175.7,0.0
1758288600,176.10000610351562,177.789306640625,175.17999267578125,177.7050018310547,56102590.0
1758292200,177.6999969482422,178.0800018310547,176.1649932861328,176.3000030517578,21800764.0
1758295800,176.298095703125,176.57989501953125,175.8000030517578,176.0677032470703,16332882.0
1758299400,176.05999755859375,176.10000610351562,175.55999755859375,175.88499450683594,12387551.0
1758303000,175.88499450683594,176.22500610351562,175.57260131835938,175.59500122070312,13501140.0
1758306600,175.59500122070312,176.47999572753906,175.5500030517578,176.31500244140625,14306891.0
1758310200,176.30999755859375,178.0,175.8300018310547,176.5019073486328,18105830.0
1758312000,176.505,176.7177,175.4,176.42,0.0
1758315600,176.43,179.81,169.25,176.23,0.0
1758319200,176.21,182.6607,167.8754,176.12,0.0
1758322800,176.13,176.2,176.0,176.04,0.0
1758528000,175.73,175.73,175.18,175.44,0.0
1758531600,175.47,175.58,174.9,175.01,0.0
1758535200,175.02,175.37,174.64,175.34,0.0
1758538800,175.31,175.69,175.11,175.54,0.0
1758542400,175.539,176.229,174.3267,175.39,0.0
1758546000,175.38,176.67,175.23,175.33,0.0
1758547800,175.35000610351562,176.07000732421875,174.70530700683594,175.4199981689453,31865074.0
1758551400,175.4199981689453,176.0800018310547,175.27000427246094,175.46009826660156,16016014.0
1758555000,175.47000122070312,182.49000549316406,175.39999389648438,182.1999969482422,64690587.0
1758558600,182.1999969482422,184.5500030517578,182.02999877929688,182.9949951171875,61192196.0
1758562200,182.99000549316406,183.69000244140625,182.3350067138672,182.68499755859375,24015488.0
1758565800,182.68499755859375,183.9573974609375,182.52000427246094,183.26010131835938,24735631.0
1758569400,183.27000427246094,183.80099487304688,182.63999938964844,183.61000061035156,23741673.0
1758571200,183.61,183.88,176.8173,183.413,0.0
1758574800,183.44,183.61,183.09,183.1207,0.0
1758634200,181.94000244140625,182.4199981689453,179.14500427246094,180.6522979736328,41118404.0
1758637800,180.66000366210938,180.77000427246094,179.41099548339844,180.21499633789062,15283598.0
1758641400,180.22999572753906,180.3699951171875,179.34500122070312,179.485595703125,11573277.0
1758645000,179.49000549316406,179.75,178.57000732421875,178.69000244140625,13191585.0
1758648600,178.69000244140625,178.77000427246094,177.3000030517578,177.89500427246094,16650287.0
1758652200,177.89999389648438,178.61000061035156,177.6199951171875,178.10000610351562,57636558.0
1758655800,178.11000061035156,178.9149932861328,176.2100067138672,178.4499969482422,14503114.0
1758657600,178.45,178.8647,174.229,178.3,0.0
1758661200,178.29,179.25,178.13,178.19,0.0
1758664800,178.17,178.4,178.1207,178.1399,0.0
1758668400,178.14,178.26,177.8,177.94,0.0
1758700800,179.37,180.24,179.29,179.71,0.0
1758704400,179.72,179.98,179.51,179.58,0.0
1758708000,179.59,179.82,179.35,179.53,0.0
1758711600,179.6,179.92,179.44,179.6,0.0
1758715200,179.6,180.21,177.57,178.67,0.0
1758718800,178.675,182.765,178.66,179.735,0.0
1758720600,179.72000122070312,179.77999877929688,177.60000610351562,178.4949951171875,24773443.0
1758724200,178.47999572753906,178.875,177.9199981689453,178.3542022705078,11961544.0
1758727800,178.35499572753906,178.3800048828125,175.39999389648438,176.2449951171875,19802432.0
1758731400,176.2550048828125,177.22129821777344,175.74000549316406,177.12010192871094,10872730.0
1758735000,177.1300048828125,177.33999633789062,176.4801025390625,176.72000122070312,8798972.0
1758738600,176.73500061035156,177.33999633789062,176.54510498046875,177.05999755859375,7526968.0
1758742200,177.0699005126953,177.22000122070312,176.7050018310547,176.8800048828125,6585490.0
1758744000,176.97,180.627,166.3531,176.67,0.0
1758747600,176.6512,180.627,176.53,176.72,0.0
1758751200,176.72,176.75,176.62,176.6806,0.0
1758754800,176.699,176.71,176.48,176.55,0.0
1758787200,176.89,177.6,176.85,177.45,0.0
1758790800,177.45,177.46,176.6,176.9,0.0
1758794400,176.87,176.9,175.89,176.12,0.0
1758798000,176.15,176.2,175.38,175.6,0.0
1758801600,175.56,177.5487,174.75,175.39,0.0
1758805200,175.33,175.49,173.75,174.4552,0.0
1758807000,174.47999572753906,177.64999389648438,173.1300048828125,177.14500427246094,35556731.0
1758810600,177.15499877929688,178.57000732421875,176.92999267578125,178.0301055908203,18681926.0
1758814200,178.02999877929688,180.25999450683594,178.02999877929688,179.26510620117188,20684301.0
1758817800,179.27000427246094,179.75790405273438,177.40440368652344,177.9799041748047,14562904.0
1758821400,177.97500610351562,178.13999938964844,175.5482940673828,177.20989990234375,18040186.0
1758825000,177.20179748535156,177.75,176.77000427246094,177.0749969482422,12699385.0
1758828600,177.0800018310547,177.94000244140625,176.83999633789062,177.67999267578125,9238888.0
1758830400,177.68,177.8,167.7068,177.35,0.0
1758834000,177.33,179.8078,175.4,177.28,0.0
1758837600,177.2897,177.69,177.2,177.225,0.0
1758841200,177.225,177.25,177.0197,177.0937,0.0
1758873600,176.92,177.03,176.41,176.54,0.0
1758877200,176.52,176.52,175.81,176.26,0.0
1758880800,176.28,176.44,175.8,175.82,0.0
1758884400,175.81,176.8,175.6,176.8,0.0
1758888000,176.83,178.14,175.6,177.9438,0.0
1758891600,177.944,178.88,177.69,178.17,0.0
1758893400,178.1699981689453,178.63999938964844,174.92999267578125,175.58999633789062,28263350.0
1758897000,175.59010314941406,176.77769470214844,175.36500549316406,176.7449951171875,16379330.0
1758900600,176.75,176.89999389648438,175.77999877929688,176.52999877929688,11014839.0
1758904200,176.52650451660156,177.57000732421875,176.1699981689453,177.15499877929688,11609712.0
1758907800,177.1533966064453,177.9199981689453,176.9705047607422,177.7342987060547,8400243.0
1758911400,177.74000549316406,177.80999755859375,177.17999267578125,177.68499755859375,8373700.0
1758915000,177.6800994873047,178.27999877929688,177.49899291992188,178.19000244140625,50759133.0
1758916800,178.19,178.29,177.1255,177.9,0.0
1758920400,177.88,184.2823,171.7013,177.635,0.0
1758924000,177.65,177.71,171.7013,177.655,0.0
1758927600,177.655,177.75,177.55,177.6388,0.0
1759132800,178.98,179.72,178.73,179.55,0.0
1759136400,179.55,179.97,179.44,179.78,0.0
1759140000,179.77,179.8,179.0,179.44,0.0
1759143600,179.44,179.73,179.2,179.63,0.0
1759147200,179.62,180.22,178.19,180.0,0.0
1759150800,180.0,180.5,179.66,180.39,0.0
1759152600,180.43499755859375,184.0,180.35000610351562,183.375,41112749.0
1759156200,183.375,183.8800048828125,182.1699981689453,182.3249969482422,21215289.0
1759159800,182.3249969482422,182.57000732421875,181.44000244140625,182.02999877929688,13497978.0
1759163400,182.03819274902344,182.30799865722656,181.27999877929688,181.9031982421875,9240745.0
1759167000,181.89999389648438,182.26739501953125,181.69009399414062,181.7100067138672,7552876.0
1759170600,181.6999969482422,181.84500122070312,180.6699981689453,180.89500427246094,10601888.0
1759174200,180.88999938964844,181.94000244140625,180.8699951171875,181.82000732421875,9869077.0
1759176000,181.85,182.0,181.47,181.48,0.0
1759179600,181.48,190.0723,176.6679,181.31,0.0
1759183200,181.33,181.85,181.26,181.385,0.0
1759186800,181.36,181.42,180.96,181.0775,0.0
1759219200,181.34,181.35,180.56,181.22,0.0
1759222800,181.2,181.6,181.09,181.6,0.0
1759226400,181.62,181.82,181.5,181.64,0.0
1759230000,181.66,182.65,181.53,182.23,0.0
1759233600,182.21,182.65,180.57,182.0733,0.0
1759237200,182.085,182.85,181.85,182.1,0.0
1759239000,182.22000122070312,184.94000244140625,181.47999572753906,184.73989868164062,41216097.0
1759242600,184.73500061035156,187.35000610351562,184.55990600585938,186.30990600585938,38277144.0
1759246200,186.2949981689453,187.1199951171875,185.60000610351562,186.73500061035156,17575412.0
1759249800,186.73500061035156,186.9499969482422,185.32000732421875,185.625,14131551.0
1759253400,185.6199951171875,186.4600067138672,185.22999572753906,186.2725067138672,11551216.0
1759257000,186.27000427246094,186.30999755859375,185.00999450683594,185.88999938964844,12705176.0
1759260600,185.88999938964844,186.77000427246094,185.3000030517578,186.55999755859375,14524343.0
1759262400,186.57,186.8,180.4697,186.06,0.0
1759266000,186.0988,186.42,180.4697,186.23,0.0
1759269600,186.26,186.43,186.07,186.2,0.0
1759273200,186.19,186.2,185.72,185.7317,0.0
1759305600,185.01,185.58,184.09,184.64,0.0
1759309200,184.7,185.75,184.69,185.73,0.0
1759312800,185.72,185.73,185.16,185.28,0.0
1759316400,185.26,185.77,185.12,185.55,0.0
1759320000,185.52,186.58,184.0,185.18,0.0
1759323600,185.21,185.42,184.8,185.21,0.0
1759325400,185.2100067138672,186.6699981689453,183.89999389648438,186.65499877929688,36094855.0
1759329000,186.65499877929688,187.86500549316406,186.314697265625,186.55999755859375,22794271.0
1759332600,186.55999755859375,187.52999877929688,186.4199981689453,186.60499572753906,10682992.0
1759336200,186.61500549316406,188.13999938964844,186.48500061035156,187.57000732421875,12818212.0
1759339800,187.5800018310547,187.9499969482422,187.3000030517578,187.48440551757812,44723479.0
1759343400,187.48500061035156,187.69000244140625,187.14999389648438,187.18350219726562,10013033.0
1759347000,187.17999267578125,187.4600067138672,186.36000061035156,187.1699981689453,15197176.0
1759348800,187.16,199.2898,175.1164,186.88,0.0
1759352400,186.88,194.2784,180.795,186.815,0.0
1759356000,186.815,187.09,186.8,187.0492,0.0
1759359600,187.0592,187.16,186.91,186.94,0.0
1759392000,187.84,189.0,187.84,188.88,0.0
1759395600,188.88,189.64,188.65,189.47,0.0
1759399200,189.45,189.9,189.03,189.83,0.0
1759402800,189.81,189.92,189.12,189.67,0.0
1759406400,189.67,189.99,187.24,189.97,0.0
1759410000,189.97,190.23,177.24,189.61,0.0
1759411800,189.6199951171875,191.0500030517578,188.26499938964844,190.1049041748047,51136746.0
1759415400,190.10499572753906,190.4199981689453,188.89999389648438,189.85499572753906,20569176.0
1759419000,189.85499572753906,189.89169311523438,188.9499969482422,189.2100067138672,13336605.0
1759422600,189.18499755859375,189.47999572753906,188.77000427246094,189.11929321289062,10186660.0
1759426200,189.1199951171875,189.24000549316406,188.61000061035156,188.87510681152344,9326052.0
1759429800,188.8699951171875,189.30499267578125,188.71009826660156,189.18499755859375,10060451.0
1759433400,189.18499755859375,189.24000549316406,188.5,188.9199981689453,10344240.0
1759435200,188.89,189.2977,177.5225,188.63,0.0
1759438800,188.66,200.6264,176.2145,188.48,0.0
1759442400,188.48,188.65,188.22,188.5,0.0
1759446000,188.5,189.0,188.43,188.9785,0.0
1759478400,188.36,189.77,187.5,189.6,0.0
1759482000,189.61,189.94,189.54,189.72,0.0
1759485600,189.75,189.99,189.69,189.79,0.0
1759489200,189.8,189.99,189.4,189.56,0.0
1759492800,189.59,190.0,188.4,189.75,0.0
1759496400,189.76,189.81,188.84,189.18,0.0
1759498200,189.18499755859375,190.36000061035156,188.3300018310547,188.94369506835938,31867298.0
1759501800,188.9499969482422,189.8000030517578,188.3699951171875,189.47390747070312,15378728.0
1759505400,189.47000122070312,189.54930114746094,188.4199981689453,188.7001953125,12735312.0
1759509000,188.6999969482422,188.6999969482422,186.9499969482422,187.17750549316406,16666788.0
1759512600,187.16000366210938,187.52000427246094,185.3800048828125,187.47500610351562,20766990.0
1759516200,187.47999572753906,187.7449951171875,187.02999877929688,187.3249969482422,11927924.0
1759519800,187.32000732421875,188.0,186.22999572753906,187.62100219726562,11488859.0
1759521600,187.619,187.639,177.82,187.485,0.0
1759525200,187.49,200.0397,175.3419,187.65,0.0
1759528800,187.68,187.8,187.61,187.665,0.0
1759532400,187.68,187.79,187.6,187.66,0.0
1759737600,188.01,188.71,188.01,188.64,0.0
1759741200,188.63,188.96,188.55,188.83,0.0
1759744800,188.82,189.6,188.79,189.54,0.0
1759748400,189.57,189.99,182.88,184.28,0.0
1759752000,184.3,189.9,182.94,185.25,0.0
1759755600,185.25,186.65,184.24,185.57,0.0
1759757400,185.55999755859375,187.2299041748047,183.3300018310547,185.5,59311744.0
1759761000,185.5399932861328,186.19000244140625,184.2100067138672,185.9698944091797,22980670.0
1759764600,185.97999572753906,187.22999572753906,185.97999572753906,186.92999267578125,16569881.0
1759768200,186.93370056152344,186.9600067138672,186.00999450683594,186.14990234375,9813634.0
1759771800,186.14999389648438,186.2100067138672,185.38999938964844,185.58999633789062,11195919.0
1759775400,185.59719848632812,186.0500030517578,185.49000549316406,185.80999755859375,9944365.0
1759779000,185.80999755859375,186.02810668945312,185.42999267578125,185.52999877929688,11119569.0
1759780800,185.53,185.89,179.3759,185.84,0.0
1759784400,185.88,189.44,176.8173,185.81,0.0
1759788000,185.86,185.97,185.54,185.615,0.0
1759791600,185.615,185.9,185.54,185.6208,0.0
1759824000,185.99,186.49,185.93,186.29,0.0
1759827600,186.28,186.31,185.9,186.15,0.0
1759831200,186.16,186.93,185.96,186.07,0.0
1759834800,186.09,186.3,185.9,186.1,0.0
1759838400,186.12,186.92,176.24,186.3398,0.0
1759842000,186.34,187.0,178.44,186.27,0.0
1759843800,186.25999450683594,189.05999755859375,186.1999969482422,188.01510620117188,36576448.0
1759847400,188.02000427246094,188.57000732421875,184.7801055908203,185.24000549316406,30950863.0
1759851000,185.24000549316406,186.1699981689453,184.40499877929688,185.47000122070312,22823701.0
1759854600,185.47000122070312,186.4149932861328,185.46499633789062,185.90980529785156,12411681.0
1759858200,185.86500549316406,186.0399932861328,185.14999389648438,185.89500427246094,8840682.0
1759861800,185.91000366210938,185.96499633789062,185.4250946044922,185.5863037109375,7925630.0
1759865400,185.58999633789062,185.67999267578125,184.50999450683594,184.9600067138672,9331222.0
1759867200,184.95,185.4977,176.5654,185.15,0.0
1759870800,185.2,185.49,174.229,185.32,0.0
1759874400,185.32,185.54,185.22,185.3802,0.0
1759878000,185.4,186.18,184.88,184.99,0.0
1759910400,185.69,186.39,185.69,186.39,0.0
1759914000,186.37,186.59,185.8,185.89,0.0
1759917600,185.89,186.27,185.76,186.1,0.0
1759921200,186.13,186.47,185.86,185.86,0.0
1759924800,185.86,186.6,185.04,186.0262,0.0
1759928400,186.0036,187.08,185.75,186.63,0.0
1759930200,186.6300048828125,189.4199981689453,186.5399932861328,189.0449981689453,45810785.0
1759933800,189.0449981689453,189.2261962890625,187.7449951171875,188.27000427246094,16475937.0
1759937400,188.27000427246094,188.39500427246094,187.61380004882812,188.18499755859375,11866256.0
1759941000,188.17999267578125,188.48980712890625,187.76499938964844,188.14999389648438,9095911.0
1759944600,188.16000366210938,188.88999938964844,188.1199951171875,188.42239379882812,10444809.0
1759948200,188.42999267578125,188.75,187.98500061035156,188.58999633789062,9523320.0
1759951800,188.58999633789062,189.19000244140625,188.2949981689453,189.07000732421875,13031125.0
1759953600,189.06,189.24,127.129,188.84,0.0
1759957200,188.88,225.7857,127.129,188.97,0.0
1759960800,188.93,189.18,188.85,189.1,0.0
1759964400,189.085,189.24,189.03,189.215,0.0
1759996800,191.3,191.52,190.55,191.06,0.0
1760000400,191.02,191.1,190.2,190.54,0.0
1760004000,190.54,192.05,190.43,191.5,0.0
1760007600,191.49,192.43,191.0,192.27,0.0
1760011200,192.25,192.84,190.176,192.77,0.0
1760014800,192.8299,192.99,192.1,192.18,0.0
1760016600,192.27999877929688,195.3000030517578,191.05999755859375,193.68499755859375,69029669.0
1760020200,193.6842041015625,194.7198944091797,192.19000244140625,193.75999450683594,28515373.0
1760023800,193.76499938964844,194.5800018310547,193.36500549316406,193.88499450683594,17397407.0
1760027400,193.8800048828125,194.0500030517578,192.43910217285156,192.66009521484375,13991184.0
1760031000,192.67999267578125,193.1699981689453,192.17999267578125,192.5449981689453,12688036.0
1760034600,192.53500366210938,193.5395050048828,192.1300048828125,192.74000549316406,15942400.0
1760038200,192.72999572753906,193.00999450683594,191.89999389648438,192.5399932861328,12018618.0
1760040000,192.57,193.3398,181.58,192.27,0.0
1760043600,192.3,203.8033,192.07,192.26,0.0
1760047200,192.27,192.79,192.22,192.7,0.0
1760050800,192.72,192.91,192.7,192.8998,0.0
1760083200,192.38,193.6,192.38,193.51,0.0
1760086800,193.53,194.0,193.2,193.83,0.0
1760090400,193.83,193.88,192.85,193.61,0.0
1760094000,193.58,193.87,193.29,193.72,0.0
1760097600,193.7,194.01,191.93,193.83,0.0
1760101200,193.82,193.93,192.5,193.54,0.0
1760103000,193.5050048828125,195.49000549316406,192.22000122070312,195.24830627441406,46230258.0
1760106600,195.2449951171875,195.6199951171875,188.33990478515625,188.83160400390625,51916107.0
1760110200,188.85000610351562,190.1999053955078,186.3800048828125,189.14999389648438,42140895.0
1760113800,189.13999938964844,189.66000366210938,186.64089965820312,188.16000366210938,22149826.0
1760117400,188.14999389648438,188.4600067138672,186.97999572753906,187.72000122070312,15772022.0
1760121000,187.72000122070312,187.9600067138672,186.11000061035156,186.39999389648438,17485987.0
1760124600,186.4199981689453,186.55999755859375,182.8000030517578,183.13999938964844,35832393.0
1760126400,183.12,192.54,180.9,181.3,0.0
1760130000,181.2,181.44,171.7013,179.85,0.0
1760133600,180.1203,183.7,171.7013,182.8899,0.0
1760137200,182.87,183.83,182.57,183.2,0.0
1760342400,188.0,190.12,188.0,189.07,0.0
1760346000,189.2,190.05,189.2,189.62,0.0
1760349600,189.64,189.78,189.27,189.37,0.0
1760353200,189.33,189.55,187.67,187.74,0.0
1760356800,187.75,190.2507,186.9592,188.68,0.0
1760360400,188.65,192.625,186.81,187.95,0.0
1760362200,187.96499633789062,190.10989379882812,187.38999938964844,188.49000549316406,53451703.0
1760365800,188.5,188.77499389648438,185.97000122070312,188.27499389648438,24205593.0
1760369400,188.27999877929688,188.64999389648438,187.69000244140625,188.43179321289062,13795160.0
1760373000,188.4208984375,189.42999267578125,188.2700958251953,188.5500030517578,11823453.0
1760376600,188.5500030517578,188.6558074951172,187.66000366210938,187.9250030517578,10396598.0
1760380200,187.9250030517578,188.17999267578125,187.25,187.80259704589844,10500602.0
1760383800,187.8000030517578,188.89999389648438,187.52000427246094,188.32000732421875,13567029.0
1760385600,188.31,199.969,181.4671,188.34,0.0
1760389200,188.34,199.969,177.8272,188.315,0.0
1760392800,188.31,188.65,188.25,188.6095,0.0
1760396400,188.6,188.67,188.43,188.53,0.0
1760428800,184.85,185.39,184.1,185.39,0.0
1760432400,185.4,185.83,184.95,185.1,0.0
1760436000,185.09,185.29,184.16,184.28,0.0
1760439600,184.23,185.07,183.4,184.89,0.0
1760443200,184.88,188.65,183.38,185.62,0.0
1760446800,185.59,185.67,169.8558,184.76,0.0
1760448600,184.77999877929688,184.8000030517578,179.6999969482422,182.38499450683594,61673542.0
1760452200,182.3800048828125,182.42999267578125,180.94500732421875,181.5500030517578,24869258.0
1760455800,181.55999755859375,183.53599548339844,181.35000610351562,183.43629455566406,21469144.0
1760459400,183.44000244140625,184.1999969482422,182.91000366210938,183.22500610351562,20202579.0
1760463000,183.22999572753906,183.30999755859375,181.52349853515625,182.17999267578125,17686398.0
1760466600,182.17999267578125,182.3699951171875,181.72000122070312,181.89990234375,13423471.0
1760470200,181.89599609375,181.9199981689453,179.8300018310547,180.07000732421875,26666011.0
1760472000,180.03,181.2,177.952,181.0698,0.0
1760475600,181.035,181.42,179.2685,181.24,0.0
1760479200,181.22,181.61,181.14,181.4229,0.0
1760482800,181.37,181.43,181.16,181.2066,0.0
1760515200,183.06,183.99,182.99,183.9,0.0
1760518800,183.9,184.9,183.55,184.22,0.0
1760522400,184.2,184.88,184.02,184.46,0.0
1760526000,184.47,184.52,183.6,184.01,0.0
1760529600,184.0,184.9,181.8412,184.55,0.0
1760533200,184.53,185.56,184.51,184.825,0.0
1760535000,184.83999633789062,184.8699951171875,181.02000427246094,182.36990356445312,52916810.0
1760538600,182.3697967529297,183.2100067138672,181.5,181.71090698242188,28256632.0
1760542200,181.7100067138672,181.73899841308594,179.86090087890625,180.69020080566406,29801481.0
1760545800,180.69000244140625,180.74000549316406,177.2899932861328,178.17999267578125,27094307.0
1760549400,178.17999267578125,180.0207061767578,178.0850067138672,179.79490661621094,18813172.0
1760553000,179.7949981689453,180.67999267578125,179.6999969482422,180.16000366210938,13746081.0
1760556600,180.1699981689453,180.3699951171875,178.60459899902344,179.8699951171875,19911874.0
1760558400,179.83,181.9799,172.7204,180.28,0.0
1760562000,180.28,180.85,171.2796,180.63,0.0
1760565600,180.62,180.9,179.83,180.8698,0.0
1760569200,180.87,180.89,180.63,180.84,0.0
1760601600,181.81,182.24,181.64,181.75,0.0
1760605200,181.72,182.03,181.51,182.03,0.0
1760608800,182.03,182.3,181.77,182.27,0.0
1760612400,182.27,182.37,181.85,182.14,0.0
1760616000,182.14,182.37,180.5415,182.13,0.0
1760619600,182.12,185.35,179.625,182.29,0.0
1760621400,182.19000244140625,183.02000427246094,181.24000549316406,182.41000366210938,41938632.0
1760625000,182.4199981689453,183.27999877929688,181.97000122070312,182.32139587402344,22390005.0
1760628600,182.32249450683594,182.7899932861328,180.82000732421875,180.96499633789062,20255390.0
1760632200,180.97000122070312,182.35000610351562,179.77000427246094,182.3300018310547,23943118.0
1760635800,182.3249969482422,182.52000427246094,179.8800048828125,180.33999633789062,19387187.0
1760639400,180.34010314941406,181.61000061035156,179.82000732421875,180.78500366210938,18685762.0
1760643000,180.8000030517578,182.00999450683594,180.49000549316406,181.81100463867188,13969567.0
1760644800,181.82,182.0,176.2145,181.41,0.0
1760648400,181.41,182.5667,168.8388,181.25,0.0
1760652000,181.3,181.86,180.9008,180.92,0.0
1760655600,180.95,181.15,180.51,180.715,0.0
1760688000,177.59,179.59,176.23,176.66,0.0
1760691600,176.6,177.92,176.25,177.55,0.0
1760695200,177.58,178.03,177.18,177.81,0.0
1760698800,177.8,179.98,177.55,179.64,0.0
1760702400,179.64,180.87,176.206,180.42,0.0
1760706000,180.4152,181.81,179.53,180.2,0.0
1760707800,179.86000061035156,183.52999877929688,179.8000030517578,183.27999877929688,52215912.0
1760711400,183.27999877929688,183.35499572753906,180.57000732421875,180.8719940185547,27029244.0
1760715000,180.8800048828125,182.78509521484375,180.02000427246094,182.6300048828125,20595635.0
1760718600,182.6199951171875,182.97000122070312,182.00999450683594,182.36000061035156,13910035.0
1760722200,182.3699951171875,183.86500549316406,181.92999267578125,183.69000244140625,16815195.0
1760725800,183.6909942626953,184.10000610351562,183.2550048828125,183.7100067138672,15059096.0
1760729400,183.7100067138672,183.7899932861328,182.83999633789062,183.24000549316406,12278827.0
1760731200,183.24,192.8472,175.3419,183.26,0.0
1760734800,183.2596,192.8472,175.3419,183.16,0.0
1760738400,183.16,183.22,183.03,183.0998,0.0
1760742000,183.09,183.39,183.01,183.33,0.0
1760947200,184.29,184.79,183.9,183.93,0.0
1760950800,183.91,184.14,183.51,183.6,0.0
1760954400,183.6,184.0,182.97,183.64,0.0
1760958000,183.67,184.26,183.16,183.68,0.0
1760961600,183.68,184.95,182.56,182.95,0.0
1760965200,182.96,183.34,182.73,183.0985,0.0
1760967000,183.07000732421875,185.05499267578125,181.72999572753906,184.94400024414062,39741770.0
1760970600,184.94000244140625,185.1999969482422,183.1300048828125,183.78500366210938,21790430.0
1760974200,183.77999877929688,183.8800048828125,183.02999877929688,183.80999755859375,12556026.0
1760977800,183.80999755859375,184.25990295410156,183.47999572753906,183.8159942626953,10187702.0
1760981400,183.80999755859375,183.96499633789062,183.47000122070312,183.63409423828125,7966091.0
1760985000,183.62530517578125,183.7949981689453,182.60000610351562,182.95530700683594,11984910.0
1760988600,182.9600067138672,183.1300048828125,182.4499969482422,182.57000732421875,11294009.0
1760990400,182.56,182.97,176.8173,182.87,0.0
1760994000,182.89,182.99,182.8,182.95,0.0
1760997600,182.98,182.99,170.9384,182.8516,0.0
1761001200,182.89,182.89,182.66,182.7704,0.0
1761033600,182.53,182.93,182.5,182.78,0.0
1761037200,182.78,182.95,182.08,182.31,0.0
1761040800,182.38,182.5,182.0,182.45,0.0
1761044400,182.45,182.98,182.27,182.85,0.0
1761048000,182.83,183.2994,182.07,183.12,0.0
1761051600,183.1295,183.28,162.38,182.79,0.0
1761053400,182.77999877929688,182.77999877929688,179.93499755859375,180.18499755859375,36389148.0
1761057000,180.1959991455078,182.18649291992188,179.8000030517578,181.91000366210938,20754684.0
1761060600,181.91000366210938,182.6510009765625,181.46009826660156,182.49000549316406,12199927.0
1761064200,182.49000549316406,182.49549865722656,181.0601043701172,181.47999572753906,11885756.0
1761067800,181.4801025390625,181.68499755859375,180.97000122070312,181.22999572753906,8908090.0
1761071400,181.22999572753906,181.47000122070312,180.92999267578125,181.3350067138672,9096058.0
1761075000,181.3350067138672,181.61990356445312,181.0800018310547,181.13999938964844,7546853.0
1761076800,181.14,181.2809,176.5654,181.0001,0.0
1761080400,181.02,181.25,143.9295,181.19,0.0
1761084000,181.19,181.25,180.92,181.0702,0.0
1761087600,181.075,181.09,180.7,180.74,0.0
1761120000,181.32,181.34,180.99,181.25,0.0
1761123600,181.28,181.46,180.99,181.05,0.0
1761127200,181.02,181.91,180.95,181.78,0.0
1761130800,181.72,181.82,181.1,181.31,0.0
1761134400,181.34,181.9328,180.88,181.21,0.0
1761138000,181.21,181.54,180.79,181.1017,0.0
1761139800,181.1300048828125,183.44000244140625,180.2899932861328,180.3968963623047,34186154.0
1761143400,180.4199981689453,180.88999938964844,178.7899932861328,178.87010192871094,29126012.0
1761147000,178.89999389648438,179.9600067138672,177.89999389648438,179.22000122070312,19190846.0
1761150600,179.22000122070312,179.4387969970703,177.22999572753906,177.69000244140625,19775065.0
1761154200,177.67999267578125,178.04600524902344,176.77000427246094,177.7050018310547,17739839.0
1761157800,177.69000244140625,179.6300048828125,177.58999633789062,179.47669982910156,15270067.0
1761161400,179.47999572753906,180.38999938964844,179.4600067138672,180.2899932861328,11283433.0
1761163200,180.29,190.8448,168.5353,179.83,0.0
1761166800,179.83,190.8448,174.4123,179.58,0.0
1761170400,179.59,180.11,179.57,179.9,0.0
1761174000,179.92,180.2,179.62,179.7,0.0
1761206400,180.44,180.96,180.27,180.91,0.0
1761210000,180.91,180.99,180.18,180.47,0.0
1761213600,180.46,180.65,180.09,180.39,0.0
1761217200,180.39,180.43,179.62,179.99,0.0
1761220800,179.95,180.99,179.22,179.635,0.0
1761224400,179.63,180.5202,179.0,180.42,0.0
1761226200,180.375,181.75999450683594,179.79010009765625,181.58009338378906,31763740.0
1761229800,181.5800018310547,182.39999389648438,181.22500610351562,181.9949951171875,16283069.0
1761233400,182.0,182.5,181.35409545898438,181.82000732421875,10578688.0
1761237000,181.82000732421875,182.2899932861328,181.57000732421875,181.78500366210938,9233407.0
1761240600,181.77999877929688,182.9409942626953,181.7440948486328,182.7100067138672,10330473.0
1761244200,182.7100067138672,183.02999877929688,182.64999389648438,182.78500366210938,9634220.0
1761247800,182.78500366210938,182.7899932861328,181.8800048828125,182.1999969482422,8583605.0
1761249600,182.21,182.62,182.05,182.46,0.0
1761253200,182.46,186.97,182.0,182.2,0.0
1761256800,182.1892,182.3,182.16,182.23,0.0
1761260400,182.24,182.35,182.17,182.35,0.0
1761292800,182.76,183.23,182.73,183.21,0.0
1761296400,183.23,183.3,183.04,183.12,0.0
1761300000,183.15,183.44,183.1,183.27,0.0
1761303600,183.3,183.4,182.99,183.27,0.0
1761307200,183.25,183.4364,182.4512,183.19,0.0
1761310800,183.12,184.49,183.12,183.86,0.0
1761312600,183.8350067138672,186.02999877929688,183.5,184.61500549316406,37413753.0
1761316200,184.60000610351562,185.52999877929688,184.3300018310547,185.19000244140625,16357048.0
1761319800,185.19000244140625,185.60000610351562,185.0800018310547,185.08999633789062,11016169.0
1761323400,185.08999633789062,185.39999389648438,184.89999389648438,185.0,7696934.0
1761327000,185.00999450683594,185.64999389648438,184.99009704589844,185.27499389648438,9319098.0
1761330600,185.27000427246094,187.47000122070312,185.01499938964844,186.91000366210938,21613138.0
1761334200,186.91000366210938,187.0,186.06500244140625,186.25999450683594,14808808.0
1761336000,186.26,187.22,186.18,186.7706,0.0
1761339600,186.805,186.84,186.45,186.58,0.0
1761343200,186.59,186.59,186.3,186.3601,0.0
1761346800,186.37,186.52,186.32,186.46,0.0
1761552000,189.77,190.24,188.39,190.07,0.0
1761555600,190.04,190.77,189.91,190.53,0.0
1761559200,190.52,191.02,190.5,191.0,0.0
1761562800,190.98,191.16,190.6,190.769,0.0
1761566400,190.76,191.15,185.795,190.4,0.0
1761570000,190.39,190.55,189.83,190.02,0.0
1761571800,189.97999572753906,191.27000427246094,188.43179321289062,189.8800048828125,47161860.0
1761575400,189.8800048828125,191.47000122070312,189.6999969482422,190.92449951171875,20726049.0
1761579000,190.92410278320312,191.25,190.72149658203125,190.9250030517578,12818888.0
1761582600,190.92999267578125,191.77499389648438,190.77999877929688,191.3341064453125,12280428.0
1761586200,191.3350067138672,191.4499969482422,190.5399932861328,190.55999755859375,11050962.0
1761589800,190.55499267578125,190.9250030517578,190.27000427246094,190.7252960205078,13555691.0
1761593400,190.72999572753906,191.75,190.7100067138672,191.42999267578125,15074766.0
1761595200,191.43,221.3593,125.4878,191.6402,0.0
1761598800,191.65,224.9703,129.4428,191.57,0.0
1761602400,191.57,191.59,191.31,191.4099,0.0
1761606000,191.4,191.7,191.4,191.5678,0.0
1761638400,191.29,191.29,190.6,190.72,0.0
1761642000,190.75,191.6,190.65,191.46,0.0
1761645600,191.5,191.61,191.27,191.47,0.0
1761649200,191.47,192.46,191.3,192.22,0.0
1761652800,192.24,193.36,190.5848,192.99,0.0
1761656400,193.02,193.58,192.74,193.05,0.0
1761658200,193.0500030517578,195.468994140625,192.5601043701172,192.8249969482422,45569836.0
1761661800,192.8249969482422,193.34500122070312,192.1999969482422,192.80499267578125,15309085.0
1761665400,192.8000030517578,194.2100067138672,191.91000366210938,193.70010375976562,21440152.0
1761669000,193.7050018310547,196.57000732421875,193.26820373535156,194.58929443359375,44808829.0
1761672600,194.58999633789062,199.5399932861328,194.5,199.31199645996094,51096684.0
1761676200,199.31500244140625,202.20590209960938,199.05999755859375,202.01499938964844,58853278.0
1761679800,202.01499938964844,203.14999389648438,200.64999389648438,201.02999877929688,35924486.0
1761681600,201.035,205.6974,196.9994,204.6285,0.0
1761685200,204.63,216.065,201.03,204.1018,0.0
1761688800,204.1,204.55,203.11,203.28,0.0
1761692400,203.28,204.44,203.16,204.42,0.0
1761724800,206.12,206.95,205.5,206.95,0.0
1761728400,206.94,208.05,206.87,207.35,0.0
1761732000,207.37,208.15,207.08,208.15,0.0
1761735600,208.15,209.37,207.41,209.14,0.0
1761739200,209.14,209.38,201.03,207.89,0.0
1761742800,207.89,209.0,207.63,208.01,0.0
1761744600,207.97999572753906,212.1898956298828,207.08999633789062,210.61000061035156,113829055.0
1761748200,210.6199951171875,211.60000610351562,207.86500549316406,208.7949981689453,39423803.0
1761751800,208.7899932861328,209.07000732421875,205.02999877929688,206.58999633789062,34968460.0
1761755400,206.57899475097656,207.7899932861328,205.4499969482422,206.78900146484375,22268708.0
1761759000,206.77999877929688,208.02499389648438,206.22999572753906,206.94000244140625,20595473.0
1761762600,206.94000244140625,207.39999389648438,204.77999877929688,207.0399932861328,34988953.0
1761766200,207.02499389648438,208.0500030517578,206.52000427246094,207.0500030517578,19062261.0
1761768000,207.03,213.995,199.2898,207.64,0.0
1761771600,207.63,213.995,194.2784,204.9791,0.0
1761775200,204.98,210.08,204.94,207.48,0.0
1761778800,207.4706,207.9,207.11,207.69,0.0
1761811200,207.47,208.17,206.7,207.14,0.0
1761814800,207.11,207.71,206.61,206.61,0.0
1761818400,206.64,206.64,205.01,205.77,0.0
1761822000,205.75,207.38,205.67,207.25,0.0
1761825600,207.3,209.9987,204.89,205.1117,0.0
1761829200,205.0616,207.04,202.75,205.065,0.0
1761831000,205.2050018310547,206.14999389648438,201.41000366210938,202.20590209960938,40981766.0
1761834600,202.1999969482422,203.85000610351562,202.0500030517578,203.0749969482422,16584564.0
1761838200,203.0800018310547,203.83999633789062,202.05999755859375,203.42990112304688,12480897.0
1761841800,203.42999267578125,203.82989501953125,202.44070434570312,203.05499267578125,9224051.0
1761845400,203.05999755859375,204.4799041748047,202.77999877929688,203.5904998779297,10066606.0
1761849000,203.5850067138672,204.27000427246094,201.8800048828125,202.54989624023438,11030647.0
1761852600,202.55999755859375,203.13999938964844,201.97999572753906,202.8000030517578,9738038.0
1761854400,202.825,207.04,200.6264,204.04,0.0
1761858000,204.04,204.49,193.1195,204.07,0.0
1761861600,204.01,204.84,203.9,204.47,0.0
1761865200,204.49,204.71,204.01,204.5499,0.0
1761897600,205.86,206.86,205.8,206.75,0.0
1761901200,206.73,207.03,206.41,206.54,0.0
1761904800,206.55,207.33,206.5,207.09,0.0
1761908400,207.14,207.44,206.2,206.92,0.0
1761912000,206.89,207.5,202.89,207.23,0.0
1761915600,207.23,208.495,180.8,206.485,0.0
1761917400,206.4499969482422,207.97000122070312,204.6199951171875,205.47999572753906,26815362.0
1761921000,205.49000549316406,206.6199951171875,204.9600067138672,205.2801055908203,12951916.0
1761924600,205.2899932861328,205.6699981689453,203.22999572753906,203.98500061035156,14396998.0
1761928200,203.97999572753906,204.3800048828125,202.07000732421875,202.8365020751953,12054501.0
1761931800,202.80999755859375,204.36990356445312,202.42999267578125,204.27000427246094,9275762.0
1761935400,204.27999877929688,204.77000427246094,203.33999633789062,204.41000366210938,9598288.0
1761939000,204.41000366210938,204.6699981689453,202.38999938964844,202.39999389648438,12011826.0
1761940800,202.39,204.1399,192.8472,202.4813,0.0
1761944400,202.49,202.88,202.45,202.8502,0.0
1761948000,202.85,202.88,202.63,202.7781,0.0
1761951600,202.78,202.82,202.5122,202.62,0.0
1762160400,203.98,204.7,203.51,204.64,0.0
1762164000,204.63,205.8,204.63,205.23,0.0
1762167600,205.21,206.33,204.93,205.97,0.0
1762171200,205.97,206.89,205.61,206.36,0.0
1762174800,206.35,206.9,202.49,206.3379,0.0
1762180200,208.05499267578125,209.4499969482422,206.8000030517578,207.7949981689453,31975951.0
1762183800,207.7949981689453,208.5399932861328,207.02999877929688,207.9149932861328,13106502.0
1762187400,207.91000366210938,209.88999938964844,207.6999969482422,209.4199981689453,13815297.0
1762191000,209.4199981689453,211.3350067138672,209.38999938964844,210.95989990234375,17314585.0
1762194600,210.9550018310547,211.0500030517578,207.5,207.7050018310547,17239185.0
1762198200,207.69000244140625,208.42999267578125,206.8300018310547,207.0749969482422,15544676.0
1762201800,207.0800018310547,207.38999938964844,206.3300018310547,207.02000427246094,10320475.0
1762203600,206.88,216.0287,202.49,207.28,0.0
1762207200,207.2301,219.1221,199.8468,207.175,0.0
1762210800,207.17,207.33,206.88,207.23,0.0
1762246800,204.08,204.42,202.8,203.18,0.0
1762250400,203.18,203.5,201.43,202.46,0.0
1762254000,202.45,203.24,202.42,203.06,0.0
1762257600,203.08,203.41,202.28,203.4,0.0
1762261200,203.37,206.88,201.4,201.95,0.0
1762264800,201.99,203.25,180.28,203.07,0.0
1762266600,202.94500732421875,203.9698944091797,200.89999389648438,201.6595001220703,31537039.0
1762270200,201.64500427246094,202.39999389648438,200.92410278320312,201.85000610351562,17357235.0
1762273800,201.85000610351562,202.3000030517578,199.8000030517578,200.97500610351562,15379806.0
1762277400,200.97760009765625,201.24000549316406,199.8000030517578,199.82510375976562,10260122.0
1762281000,199.82000732421875,200.85000610351562,199.20010375976562,200.19000244140625,12554670.0
1762284600,200.17999267578125,200.22999572753906,198.5800018310547,199.88499450683594,13670302.0
1762288200,199.88999938964844,200.25999450683594,197.92999267578125,198.5399932861328,13531541.0
1762290000,198.595,206.88,196.5,198.0,0.0
1762293600,197.95,212.9972,155.8825,196.9699,0.0
1762297200,196.97,197.5,195.3605,195.925,0.0
1762333200,197.11,198.4,196.8,197.71,0.0
1762336800,197.65,197.65,196.71,197.26,0.0
1762340400,197.24,197.3,195.54,196.09,0.0
1762344000,196.06,197.39,196.0,197.18,0.0
1762347600,197.16,199.1687,195.55,198.6795,0.0
1762351200,198.6794,207.345,198.62,198.73,0.0
1762353000,198.72000122070312,201.02000427246094,196.97999572753906,200.6300048828125,29256410.0
1762356600,200.63009643554688,202.9199981689453,200.33999633789062,202.33999633789062,15957621.0
1762360200,202.34010314941406,202.39999389648438,201.13999938964844,201.27000427246094,9158713.0
1762363800,201.27499389648438,201.8000030517578,200.67999267578125,200.9499969482422,7174505.0
1762367400,200.9499969482422,202.27499389648438,200.82000732421875,201.03500366210938,8374576.0
1762371000,201.0399932861328,201.52999877929688,199.14999389648438,199.5301055908203,9942383.0
1762374600,199.52999877929688,199.53500366210938,194.97000122070312,195.14999389648438,20756871.0
1762376400,195.15,199.0555,183.82,195.9,0.0
1762380000,195.95,206.7285,190.8448,197.17,0.0
1762383600,197.2,197.35,196.52,197.33,0.0
1762419600,196.98,197.95,196.88,197.51,0.0
1762423200,197.52,198.23,197.11,198.14,0.0
1762426800,198.09,198.35,197.75,198.3,0.0
1762430400,198.32,198.53,197.93,198.23,0.0
1762434000,198.24,201.705,195.21,197.73,0.0
1762437600,197.73,202.335,195.21,196.45,0.0
1762439400,196.35499572753906,197.6199951171875,192.00999450683594,193.06500244140625,34294010.0
1762443000,193.0782012939453,193.30999755859375,189.4499969482422,190.6999969482422,25489219.0
1762446600,190.68499755859375,190.75,186.3800048828125,186.82000732421875,23698146.0
1762450200,186.80999755859375,189.68499755859375,186.57000732421875,189.20640563964844,17626398.0
1762453800,189.19000244140625,190.58999633789062,188.335205078125,190.5,14197269.0
1762457400,190.49000549316406,190.69000244140625,189.28500366210938,189.82000732421875,12207324.0
1762461000,189.81500244140625,189.97999572753906,187.10000610351562,188.1699981689453,15254119.0
1762462800,188.08,195.21,187.97,189.28,0.0
1762466400,189.265,193.3398,188.08,188.55,0.0
1762470000,188.55,189.05,188.5,188.9697,0.0
1762506000,189.6,189.6,188.62,188.92,0.0
1762509600,188.93,189.24,187.16,187.46,0.0
1762513200,187.4,187.82,185.53,186.0,0.0
1762516800,186.07,186.98,185.46,186.68,0.0
1762520400,186.64,189.6777,185.01,185.09,0.0
1762524000,185.15,206.97,181.81,184.92,0.0
1762525800,184.86000061035156,185.6999969482422,181.75999450683594,182.42799377441406,43489348.0
1762529400,182.4346923828125,182.82000732421875,178.9199981689453,180.11219787597656,31031004.0
1762533000,180.10000610351562,182.61500549316406,179.6999969482422,182.05999755859375,18278444.0
1762536600,182.0399932861328,184.5,181.52999877929688,184.44000244140625,16835961.0
1762540200,184.44000244140625,185.47999572753906,183.67019653320312,184.98500061035156,18717862.0
1762543800,184.99000549316406,187.47000122070312,184.9499969482422,186.13499450683594,21454529.0
1762547400,186.13499450683594,188.30999755859375,186.13499450683594,188.2449951171875,13946409.0
1762549200,188.26,189.95,182.7,189.88,0.0
1762552800,189.85,189.9,188.15,189.79,0.0
1762556400,189.79,190.0,188.15,189.99,0.0
1762765200,193.56,194.49,193.56,194.07,0.0
1762768800,194.08,194.9,193.95,194.54,0.0
1762772400,194.55,194.85,193.84,194.04,0.0
1762776000,194.0,194.35,193.83,193.98,0.0
1762779600,193.98,194.9163,182.6355,194.2921,0.0
1762783200,194.3284,196.245,188.15,195.08,0.0
1762785000,195.11000061035156,197.0500030517578,193.9199981689453,196.6199951171875,38233320.0
1762788600,196.6199951171875,197.6699981689453,194.02999877929688,194.12179565429688,23017353.0
1762792200,194.1199951171875,196.1199951171875,193.7899932861328,195.8656005859375,13943848.0
1762795800,195.88499450683594,197.2689971923828,195.860107421875,196.71180725097656,10659812.0
1762799400,196.72500610351562,198.0800018310547,196.5850067138672,197.9199981689453,13268511.0
1762803000,197.9138946533203,198.9199981689453,197.68499755859375,198.74000549316406,14263479.0
1762806600,198.73500061035156,199.94000244140625,198.6300048828125,199.0399932861328,16182022.0
1762808400,199.03,199.54,188.15,199.33,0.0
1762812000,199.3492,208.9535,190.0723,199.235,0.0
1762815600,199.25,199.55,199.05,199.53,0.0
1762851600,198.52,199.85,197.66,197.87,0.0
1762855200,197.85,197.9,196.13,196.48,0.0
1762858800,196.5,196.55,195.37,196.27,0.0
1762862400,196.25,196.45,195.68,195.75,0.0
1762866000,195.73,199.35,194.6201,195.09,0.0
1762869600,195.09,195.9,194.81,195.14,0.0
1762871400,195.15499877929688,195.4199981689453,192.08999633789062,192.52999877929688,37526712.0
1762875000,192.5399932861328,193.28990173339844,191.55999755859375,192.375,18843337.0
1762878600,192.3800048828125,193.22000122070312,191.3000030517578,192.4199981689453,15368429.0
1762882200,192.4149932861328,193.97000122070312,192.27499389648438,193.64999389648438,12973699.0
1762885800,193.66000366210938,194.6300048828125,193.13499450683594,193.97509765625,12912352.0
1762889400,193.97979736328125,194.33990478515625,193.55999755859375,194.10499572753906,9579599.0
1762893000,194.10499572753906,194.3000030517578,192.8300018310547,193.22999572753906,10666270.0
1762894800,193.24,199.05,192.9,193.2491,0.0
1762898400,193.215,205.6974,180.4697,194.0398,0.0
1762902000,194.02,194.13,193.6,193.91,0.0
1762938000,195.57,196.17,195.36,196.06,0.0
1762941600,196.01,196.38,196.0,196.04,0.0
1762945200,196.07,196.15,195.48,195.48,0.0
1762948800,195.48,197.0,194.82,196.14,0.0
1762952400,196.2,199.05,193.16,195.72,0.0
1762956000,195.79,196.08,193.16,195.72,0.0
1762957800,195.69500732421875,195.88999938964844,191.59010314941406,192.69000244140625,32595058.0
1762961400,192.69000244140625,193.1470947265625,191.4600067138672,193.10000610351562,16898205.0
1762965000,193.0850067138672,193.55999755859375,191.6699981689453,192.0500030517578,13500602.0
1762968600,192.0399932861328,193.11500549316406,191.75999450683594,192.6300048828125,10499784.0
1762972200,192.6082000732422,193.26589965820312,192.02000427246094,192.12989807128906,9617343.0
1762975800,192.1300048828125,192.47999572753906,191.1300048828125,192.41000366210938,10740232.0
1762979400,192.39999389648438,193.8800048828125,192.32069396972656,193.85000610351562,10004331.0
1762981200,193.85,204.3475,185.5528,193.37,0.0
1762984800,193.33,199.969,184.1572,193.2401,0.0
1762988400,193.25,193.31,191.9,192.25,0.0
1763024400,193.47,193.56,191.78,191.82,0.0
1763028000,191.86,192.71,191.82,192.65,0.0
1763031600,192.63,193.18,192.54,192.66,0.0
1763035200,192.64,192.72,192.15,192.48,0.0
1763038800,192.44,194.1,191.7884,192.35,0.0
1763042400,192.32,193.98,190.26,191.05,0.0
1763044200,191.0399932861328,191.44000244140625,186.9499969482422,188.09609985351562,34364805.0
1763047800,188.10000610351562,188.13999938964844,185.3800048828125,186.2899932861328,23729370.0
1763051400,186.2949981689453,187.1699981689453,185.35000610351562,186.92990112304688,15881795.0
1763055000,186.9199981689453,187.22999572753906,184.56500244140625,184.86500549316406,14047159.0
1763058600,184.86000061035156,186.0449981689453,183.85000610351562,186.00999450683594,57161519.0
1763062200,186.0,186.4866943359375,185.02000427246094,185.9499969482422,0.0
1763065800,185.9600067138672,187.1999969482422,185.72000122070312,186.9499969482422,13785838.0
1763067600,186.97,193.8,176.2145,185.99,0.0
1763071200,185.945,197.3853,173.9552,186.39,0.0
1763074800,186.37,187.16,186.37,186.615,0.0
1763110800,184.59,185.18,183.92,184.03,0.0
1763114400,184.05,184.94,183.79,184.61,0.0
1763118000,184.61,184.95,182.51,182.92,0.0
1763121600,182.91,183.04,180.67,181.13,0.0
1763125200,181.12,186.86,180.39,181.3031,0.0
1763128800,181.39,186.86,180.68,182.79,0.0
1763130600,182.86000061035156,187.82000732421875,180.5800018310547,186.9644012451172,45071493.0
1763134200,186.95509338378906,190.57000732421875,186.85000610351562,189.97979736328125,20026763.0
1763137800,189.97999572753906,190.68179321289062,189.33999633789062,190.03500366210938,12795289.0
1763141400,190.0399932861328,190.27999877929688,188.6300048828125,189.1999969482422,11150771.0
1763145000,189.19000244140625,190.02000427246094,188.39999389648438,189.9600067138672,10931312.0
1763148600,189.97999572753906,191.00999450683594,189.75,190.10000610351562,11899532.0
1763152200,190.10000610351562,190.4600067138672,189.36000061035156,190.22999572753906,10109310.0
1763154000,190.28,201.5218,179.7988,189.98,0.0
1763157600,189.95,201.5218,177.8392,190.305,0.0
1763161200,190.31,193.075,179.0562,190.82,0.0
1763370000,192.24,192.35,191.54,191.85,0.0
1763373600,191.86,191.9,190.1,190.13,0.0
1763377200,190.16,190.42,188.59,189.39,0.0
1763380800,189.34,189.87,187.93,188.1,0.0
1763384400,188.07,192.43,186.73,187.1212,0.0
1763388000,187.16,187.76,185.32,185.98,0.0
1763389800,185.89999389648438,189.0,184.92999267578125,187.5500030517578,32446940.0
1763393400,187.5500030517578,187.88999938964844,185.74000549316406,187.1999969482422,15318699.0
1763397000,187.20010375976562,188.3000030517578,186.5,187.5800018310547,13228969.0
1763400600,187.58999633789062,187.9199981689453,186.27000427246094,186.72999572753906,10873398.0
1763404200,186.72000122070312,187.5500030517578,184.8800048828125,185.3300018310547,12268419.0
1763407800,185.3300018310547,185.60000610351562,184.32000732421875,184.93499755859375,14051559.0
1763411400,184.94000244140625,186.7899932861328,184.66000366210938,186.58999633789062,11922157.0
1763413200,186.6,198.69,175.8432,186.56,0.0
1763416800,186.54,186.82,176.8173,186.0588,0.0
1763420400,186.13,186.72,186.01,186.1422,0.0
1763456400,185.13,185.83,184.86,185.25,0.0
1763460000,185.21,185.43,184.52,184.64,0.0
1763463600,184.71,185.23,184.46,184.65,0.0
1763467200,184.64,185.29,183.89,184.41,0.0
1763470800,184.41,186.6,182.56,184.455,0.0
1763474400,184.4774,185.0,183.01,183.375,0.0
1763476200,183.3300018310547,184.27000427246094,179.64999389648438,181.85000610351562,48839802.0
1763479800,181.86000061035156,183.0800018310547,180.17010498046875,182.88999938964844,23708753.0
1763483400,182.89999389648438,183.7100067138672,181.4344940185547,181.5800018310547,17762717.0
1763487000,181.57000732421875,184.61000061035156,181.39999389648438,183.6199951171875,14657409.0
1763490600,183.63999938964844,184.5,183.1300048828125,183.4499969482422,12177112.0
1763494200,183.4698944091797,184.64999389648438,182.39999389648438,182.91000366210938,13305432.0
1763497800,182.88999938964844,183.10000610351562,181.19000244140625,181.3699951171875,60434304.0
1763499600,181.37,186.6,174.229,181.17,0.0
1763503200,181.12,189.13,170.9384,180.85,0.0
1763506800,180.87,181.5,180.84,181.15,0.0
1763542800,182.05,182.22,181.21,181.83,0.0
1763546400,181.83,182.67,181.68,182.55,0.0
1763550000,182.58,183.0,182.32,182.91,0.0
1763553600,182.86,184.46,182.71,184.37,0.0
1763557200,184.4,184.83,180.89,184.76,0.0
1763560800,184.7375,188.0,183.82,184.75,0.0
1763562600,184.8000030517578,187.80999755859375,183.27999877929688,187.6300048828125,38469108.0
1763566200,187.63589477539062,187.85409545898438,184.8699951171875,185.38999938964844,21336004.0
1763569800,185.3800048828125,185.49000549316406,183.89039611816406,184.38999938964844,15792899.0
1763573400,184.38490295410156,185.60000610351562,182.83009338378906,184.25999450683594,16969053.0
1763577000,184.25,185.8800048828125,184.1199951171875,184.6300048828125,13831848.0
1763580600,184.6300048828125,187.05999755859375,184.36000061035156,186.7050018310547,17271695.0
1763584200,186.71499633789062,187.3459014892578,185.75,186.77999877929688,16646317.0
1763586000,186.79,195.83,180.627,194.65,0.0
1763589600,194.6725,198.6,186.52,194.4,0.0
1763593200,194.4,196.97,194.3,196.18,0.0
1763629200,196.06,197.91,196.06,196.92,0.0
1763632800,196.92,197.15,194.5,195.63,0.0
1763636400,195.6,196.26,194.81,195.12,0.0
1763640000,195.12,196.1,195.1,195.54,0.0
1763643600,195.54,198.5,186.52,196.06,0.0
1763647200,196.1,197.1885,181.07,196.0,0.0
1763649000,195.9499969482422,196.0,192.2899932861328,193.9199981689453,62106291.0
1763652600,193.91000366210938,194.64999389648438,188.49000549316406,189.75999450683594,34578314.0
1763656200,189.7301025390625,189.9499053955078,182.35000610351562,183.68519592285156,45694421.0
1763659800,183.685302734375,185.8800048828125,181.77999877929688,184.50999450683594,28824890.0
1763663400,184.5,184.8699951171875,180.9499969482422,182.72000122070312,22398571.0
1763667000,182.7100067138672,183.75,181.3699951171875,182.3800048828125,19768242.0
1763670600,182.38499450683594,182.99000549316406,179.85000610351562,180.94000244140625,18988723.0
1763672400,180.64,186.5457,179.16,179.87,0.0
1763676000,179.93,180.64,178.41,178.9703,0.0
1763679600,179.0,180.95,169.9272,180.64,0.0
1763715600,181.02,181.62,178.42,178.94,0.0
1763719200,178.87,179.0,174.42,175.35,0.0
1763722800,175.39,178.79,175.39,177.44,0.0
1763726400,177.44,177.89,176.1,176.29,0.0
1763730000,176.32,182.7,174.45,181.45,0.0
1763733600,181.4982,198.02,180.99,181.27,0.0
1763735400,181.23500061035156,182.3000030517578,175.47999572753906,175.7899932861328,67502729.0
1763739000,175.80999755859375,178.94000244140625,172.94000244140625,178.86000061035156,46262440.0
1763742600,178.85470581054688,181.41000366210938,178.8000030517578,181.07000732421875,29829294.0
1763746200,181.0800018310547,181.9550018310547,178.61000061035156,179.33470153808594,19462417.0
1763749800,179.32000732421875,184.55999755859375,179.1300048828125,184.19000244140625,30711523.0
1763753400,184.19349670410156,184.4550018310547,180.35000610351562,180.38999938964844,22276052.0
1763757000,180.3699951171875,180.91000366210938,178.1999969482422,178.94000244140625,17142253.0
1763758800,178.94,180.64,178.45,180.15,0.0
1763762400,180.15,180.2,171.7013,180.11,0.0
1763766000,180.1,180.5,178.88,180.22,0.0
1763974800,181.36,181.5,179.23,179.26,0.0
1763978400,179.23,180.21,179.02,179.03,0.0
1763982000,179.01,179.86,178.77,179.53,0.0
1763985600,179.57,180.22,179.06,180.17,0.0
1763989200,180.17,181.511,178.76,180.02,0.0
1763992800,180.01,180.26,178.88,179.455,0.0
1763994600,179.5,180.8699951171875,176.47999572753906,178.0,43370401.0
1763998200,178.00860595703125,182.32000732421875,177.67999267578125,182.08999633789062,24840299.0
1764001800,182.05999755859375,183.1300048828125,181.61000061035156,182.47000122070312,17332798.0
1764005400,182.46499633789062,183.3699951171875,181.8350067138672,182.10000610351562,12407053.0
1764009000,182.09500122070312,182.55999755859375,181.27999877929688,181.8699951171875,12475956.0
1764012600,181.87620544433594,182.47999572753906,181.08399963378906,181.6699981689453,13511330.0
1764016200,181.6699981689453,183.47999572753906,181.2100067138672,182.5500030517578,65119838.0
1764018000,182.55,183.1,176.6679,181.9,0.0
1764021600,181.91,190.0723,171.132,179.6861,0.0
1764025200,179.69,182.55,177.72,179.8316,0.0
1764061200,178.47,178.81,176.05,176.2,0.0
1764064800,176.2,176.88,175.71,175.94,0.0
1764068400,175.97,176.28,174.17,175.73,0.0
1764072000,175.74,176.82,174.43,176.13,0.0
1764075600,176.13,182.55,174.2249,175.0,0.0
1764079200,175.0,183.2386,173.66,174.96,0.0
1764081000,174.91000366210938,175.0,169.5500030517578,171.0749969482422,79887076.0
1764084600,171.07000732421875,174.8800048828125,171.0281982421875,174.7238006591797,33770896.0
1764088200,174.72000122070312,175.99000549316406,174.13009643554688,175.53500366210938,22733351.0
1764091800,175.52999877929688,176.47999572753906,175.07020568847656,176.2050018310547,16279741.0
1764095400,176.2050018310547,176.83999633789062,174.33999633789062,174.77499389648438,17449279.0
1764099000,174.77999877929688,176.97000122070312,173.6199951171875,176.84170532226562,23100143.0
1764102600,176.84500122070312,178.16000366210938,176.7100067138672,177.8000030517578,15031963.0
1764104400,177.79,182.55,167.5459,176.74,0.0
1764108000,176.74,180.896,167.5459,177.3,0.0
1764111600,177.3,177.37,176.62,176.9,0.0
1764147600,177.09,177.3,174.5,174.8,0.0
1764151200,174.8,175.85,174.8,175.65,0.0
1764154800,175.61,177.4,175.5,176.97,0.0
1764158400,177.0,177.21,175.45,176.53,0.0
1764162000,176.5,178.69,174.52,178.16,0.0
1764165600,178.17,181.88,177.82,181.61,0.0
1764167400,181.6300048828125,182.91000366210938,178.24000549316406,179.5850067138672,45946959.0
1764171000,179.5850067138672,181.11000061035156,179.5850067138672,180.91000366210938,16924615.0
1764174600,180.9199981689453,181.72999572753906,180.125,180.77999877929688,14050216.0
1764178200,180.78030395507812,181.5,180.38999938964844,180.80999755859375,11563205.0
1764181800,180.80999755859375,180.84500122070312,179.793701171875,180.5500030517578,10619635.0
1764185400,180.5500030517578,180.75999450683594,179.92999267578125,180.50999450683594,10611517.0
1764189000,180.5050048828125,180.75,179.875,180.19000244140625,9278599.0
1764190800,180.16,185.5528,167.535,179.73,0.0
1764194400,179.73,184.1572,167.1295,179.84,0.0
1764198000,179.85,179.98,179.65,179.707,0.0
1764320400,180.31,180.6,179.81,180.03,0.0
1764324000,180.03,180.5,179.8,180.42,0.0
1764327600,180.41,180.78,180.33,180.35,0.0
1764331200,180.36,181.0,180.36,180.98,0.0
1764334800,180.98,181.0,179.79,180.6,0.0
1764338400,180.6,180.64,173.925,179.0,0.0
1764340200,178.99000549316406,179.2899932861328,176.97000122070312,177.2899932861328,30011592.0
1764343800,177.24000549316406,178.0800018310547,176.75,177.08140563964844,17490994.0
1764347400,177.0850067138672,177.33999633789062,176.53140258789062,177.1342010498047,14456367.0
1764352800,177.1334991455078,180.25999450683594,175.07000732421875,176.6199951171875,0.0
1764356400,176.63,182.5667,164.4817,176.685,0.0
1764360000,176.69,182.5667,164.4817,176.57,0.0
1764363600,176.58,176.8,176.56,176.64,0.0
1764579600,175.62,176.21,175.05,175.27,0.0
1764583200,175.3,175.38,174.81,175.25,0.0
1764586800,175.26,175.93,175.2,175.37,0.0
1764590400,175.37,175.48,173.23,173.54,0.0
1764594000,173.52,181.14,173.22,174.45,0.0
1764597600,174.4409,177.0,174.3,174.775,0.0
1764599400,174.6999969482422,179.13999938964844,173.67999267578125,178.86000061035156,41192309.0
1764603000,178.85000610351562,180.00999450683594,178.22000122070312,178.9600067138672,19055485.0
1764606600,178.94000244140625,180.0800018310547,178.8300018310547,179.8350067138672,13512472.0
1764610200,179.8350067138672,180.3000030517578,179.1699981689453,179.40499877929688,11026020.0
1764613800,179.41000366210938,179.9853973388672,178.86000061035156,179.08999633789062,9463328.0
1764617400,179.08999633789062,179.47999572753906,178.62489318847656,179.37989807128906,10803646.0
1764621000,179.3800048828125,180.0,179.22000122070312,179.99000549316406,9755933.0
1764622800,179.93,180.66,175.8432,179.92,0.0
1764626400,179.88,179.99,167.3776,179.95,0.0
1764630000,179.955,179.9893,179.63,179.7646,0.0
1764666000,179.94,180.41,179.94,180.18,0.0
1764669600,180.18,180.39,180.01,180.15,0.0
1764673200,180.15,181.35,180.15,181.26,0.0
1764676800,181.3,181.59,181.08,181.42,0.0
1764680400,181.41,181.6,178.975,181.35,0.0
1764684000,181.37,182.5,181.28,181.75,0.0
1764685800,181.72000122070312,185.66000366210938,181.58999633789062,183.2550048828125,40993279.0
1764689400,183.22500610351562,184.63999938964844,180.1699981689453,180.55999755859375,26987007.0
1764693000,180.52999877929688,182.25999450683594,180.0,182.16000366210938,16599118.0
1764696600,182.16000366210938,182.3800048828125,181.08009338378906,181.71499633789062,11681277.0
1764700200,181.7100067138672,181.84500122070312,180.75,181.0,8886433.0
1764703800,180.97999572753906,181.77999877929688,180.93499755859375,181.42999267578125,8959159.0
1764707400,181.41749572753906,181.6999969482422,181.0,181.36000061035156,7888265.0
1764709200,181.29,182.6281,174.229,181.4511,0.0
1764712800,181.465,181.68,174.229,181.45,0.0
1764716400,181.455,181.5,181.31,181.41,0.0
1764752400,182.03,182.32,181.69,181.76,0.0
1764756000,181.79,182.36,181.7,182.27,0.0
1764759600,182.25,182.67,182.03,182.56,0.0
1764763200,182.55,182.99,182.4,182.911,0.0
1764766800,182.92,184.48,181.46,183.63,0.0
1764770400,183.61,183.88,173.84,181.0996,0.0
1764772200,181.06500244140625,181.2191925048828,179.110107421875,180.3300018310547,31808430.0
1764775800,180.32000732421875,182.4199981689453,179.9300994873047,180.5500030517578,18136013.0
1764779400,180.5449981689453,181.22000122070312,179.82000732421875,180.375,10736030.0
1764783000,180.3699951171875,180.97999572753906,180.0644989013672,180.64999389648438,7611606.0
1764786600,180.66000366210938,181.27999877929688,180.4420928955078,180.7449951171875,9127929.0
1764790200,180.7440948486328,180.9600067138672,179.91000366210938,180.02000427246094,10015000.0
1764793800,180.02000427246094,180.02999877929688,179.27999877929688,179.63999938964844,49322097.0
1764795600,179.65,184.5353,179.45,179.83,0.0
1764799200,179.83,190.8448,170.304,179.95,0.0
1764802800,179.9699,180.08,179.59,180.01,0.0
1764838800,180.19,180.68,180.0,180.39,0.0
1764842400,180.39,180.85,180.36,180.8,0.0
1764846000,180.81,180.81,180.16,180.36,0.0
1764849600,180.36,180.51,180.12,180.32,0.0
1764853200,180.32,180.91,179.59,180.36,0.0
1764856800,180.38,181.77,180.03,181.7416,0.0
1764858600,181.5500030517578,183.11000061035156,179.97000122070312,181.08009338378906,32979831.0
1764862200,181.0850067138672,183.02000427246094,181.00999450683594,182.63510131835938,18829532.0
1764865800,182.63259887695312,184.51499938964844,182.4949951171875,183.5449981689453,17920525.0
1764869400,183.5399932861328,184.11000061035156,183.05999755859375,183.61500549316406,9241513.0
1764873000,183.60000610351562,183.7899932861328,182.0,182.31500244140625,9737123.0
1764876600,182.3101043701172,183.23590087890625,182.25,182.32350158691406,9446805.0
1764880200,182.3249969482422,183.47999572753906,182.27999877929688,183.39999389648438,7290764.0
1764882000,183.39,183.98,179.59,183.51,0.0
1764885600,183.51,195.9818,175.1892,183.15,0.0
1764889200,183.19,195.9818,183.1,183.2092,0.0
1764925200,184.3,184.88,184.3,184.87,0.0
1764928800,184.85,184.89,184.57,184.63,0.0
1764932400,184.63,184.73,184.2,184.36,0.0
1764936000,184.39,184.6,183.91,184.13,0.0
1764939600,184.15,184.96,183.8,183.945,0.0
1764943200,183.93,184.06,183.13,183.9,0.0
1764945000,183.86000061035156,184.66000366210938,180.91000366210938,182.7698974609375,31800007.0
1764948600,182.75,183.34500122070312,181.50999450683594,182.05999755859375,15107397.0
1764952200,182.07000732421875,182.50999450683594,181.4949951171875,181.77980041503906,9661576.0
1764955800,181.77999877929688,182.3699951171875,181.50999450683594,182.24000549316406,7846279.0
1764959400,182.22999572753906,182.49000549316406,181.14999389648438,181.45509338378906,9682336.0
1764963000,181.47000122070312,182.0800018310547,181.32000732421875,181.8574981689453,7419949.0
1764966600,181.83999633789062,182.63999938964844,181.3000030517578,182.35000610351562,9289965.0
1764968400,182.34,183.38,182.31,182.44,0.0
1764972000,182.4403,182.48,171.7013,182.3601,0.0
1764975600,182.37,182.42,182.2407,182.2499,0.0
1765184400,182.46,182.48,181.85,182.08,0.0
1765188000,182.11,182.74,182.0,182.71,0.0
1765191600,182.71,183.07,182.53,182.76,0.0
1765195200,182.76,182.94,182.65,182.81,0.0
1765198800,182.81,183.13,181.8526,182.4655,0.0
1765202400,182.49,182.86,182.22,182.68,0.0
1765204200,182.6300048828125,185.6999969482422,182.39999389648438,183.05059814453125,31629584.0
1765207800,183.0500030517578,184.53990173339844,182.86000061035156,183.48500061035156,15218096.0
1765211400,183.47000122070312,183.6898956298828,182.91000366210938,183.40499877929688,8622856.0
1765215000,183.40390014648438,187.99000549316406,182.89999389648438,185.89410400390625,28598668.0
1765218600,185.8800048828125,186.0800018310547,183.72999572753906,184.7064971923828,16919547.0
1765222200,184.70010375976562,185.0800018310547,184.31019592285156,184.88499450683594,11168209.0
1765225800,184.89999389648438,185.60000610351562,184.22999572753906,185.5800018310547,10293098.0
1765227600,185.59,191.6116,179.99,189.2,0.0
1765231200,189.19,190.99,177.8272,190.16,0.0
1765234800,190.14,190.28,181.4671,189.495,0.0
1765270800,189.57,189.71,188.31,188.39,0.0
1765274400,188.4,189.0,185.55,189.0,0.0
1765278000,189.0,189.25,184.79,185.8,0.0
1765281600,185.82,187.65,185.56,187.35,0.0
1765285200,187.36,189.93,184.8,186.9,0.0
1765288800,186.92,186.95,185.49,185.57,0.0
1765290600,185.5500030517578,185.59249877929688,183.32000732421875,184.6300048828125,34498889.0
1765294200,184.6300048828125,185.71670532226562,184.14999389648438,185.07000732421875,16816492.0
1765297800,185.07000732421875,185.14999389648438,184.27999877929688,184.88800048828125,9798280.0
1765301400,184.88999938964844,185.17999267578125,184.75,184.8582000732422,6431260.0
1765305000,184.85000610351562,184.97999572753906,184.47999572753906,184.5449981689453,6781968.0
1765308600,184.5449981689453,184.75,184.02000427246094,184.3300018310547,7998590.0
1765312200,184.3300018310547,185.5500030517578,184.19479370117188,184.97000122070312,42282644.0
1765314000,184.97,185.55,177.952,184.549,0.0
1765317600,184.53,184.97,179.2685,184.5752,0.0
1765321200,184.58,184.72,184.5,184.51,0.0
1765357200,184.83,184.94,184.48,184.62,0.0
1765360800,184.65,185.72,184.48,184.5,0.0
1765364400,184.5,186.0,184.3,185.04,0.0
1765368000,185.03,185.7,184.97,185.24,0.0
1765371600,185.23,190.055,182.575,185.52,0.0
1765375200,185.58,185.58,184.46,184.97,0.0
1765377000,184.99000549316406,185.47999572753906,183.66000366210938,183.85960388183594,23220830.0
1765380600,183.85000610351562,184.02000427246094,182.03500366210938,182.8455047607422,16910743.0
1765384200,182.83999633789062,182.94000244140625,182.14010620117188,182.57000732421875,9730722.0
1765387800,182.56500244140625,183.42999267578125,182.36000061035156,182.61000061035156,8737291.0
1765391400,182.61000061035156,183.86000061035156,182.4499969482422,183.09579467773438,12230964.0
1765395000,183.1300048828125,184.6999969482422,182.4949951171875,183.7899932861328,17627934.0
1765398600,183.7899932861328,184.0500030517578,183.46499633789062,183.77999877929688,9467558.0
1765400400,183.78,184.97,174.2422,182.1,0.0
1765404000,182.09,194.2784,170.2037,181.41,0.0
1765407600,181.41,183.78,181.25,181.4883,0.0
1765443600,180.45,181.1,180.25,180.83,0.0
1765447200,180.89,180.89,180.16,180.47,0.0
1765450800,180.48,180.89,180.37,180.55,0.0
1765454400,180.55,181.35,180.42,181.3,0.0
1765458000,181.29,185.545,179.68,181.2,0.0
1765461600,181.2,181.3,180.2,180.27,0.0
1765463400,180.27499389648438,180.4199981689453,176.6199951171875,178.0850067138672,37363624.0
1765467000,178.10000610351562,178.27000427246094,176.83200073242188,177.05990600585938,17316464.0
1765470600,177.0500030517578,178.77000427246094,176.9250030517578,178.4862060546875,12621994.0
1765474200,178.49000549316406,179.77099609375,178.49000549316406,179.30499267578125,10408848.0
1765477800,179.3000030517578,180.99000549316406,179.02000427246094,180.906494140625,12558029.0
1765481400,180.91000366210938,181.32000732421875,179.97000122070312,180.36990356445312,12050067.0
1765485000,180.36000061035156,181.08999633789062,180.1342010498047,180.9355010986328,7710478.0
1765486800,180.93,183.78,169.273,171.2708,0.0
1765490400,180.95,182.5667,167.8865,180.54,0.0
1765494000,180.55,181.0,180.1,180.2204,0.0
1765530000,180.17,180.37,179.24,179.34,0.0
1765533600,179.31,179.89,179.0,179.47,0.0
1765537200,179.47,180.5,179.15,180.19,0.0
1765540800,180.19,181.119,180.14,181.05,0.0
1765544400,181.04,183.24,179.0,182.415,0.0
1765548000,182.43,182.45,180.95,181.11,0.0
1765549800,181.5,182.82000732421875,179.32000732421875,179.5399932861328,29530704.0
1765553400,179.52999877929688,180.14999389648438,175.83999633789062,176.63499450683594,26510600.0
1765557000,176.60000610351562,177.38999938964844,175.2100067138672,176.52000427246094,17972854.0
1765560600,176.52999877929688,178.17999267578125,176.2100067138672,177.4499969482422,17539226.0
1765564200,177.45150756835938,177.78579711914062,176.03500366210938,176.2136993408203,9884365.0
1765567800,176.2100067138672,176.6750030517578,175.67999267578125,175.90499877929688,10780310.0
1765571400,175.89999389648438,176.01499938964844,174.6199951171875,174.99000549316406,13955635.0
1765573200,175.02,180.93,166.2859,175.1,0.0
1765576800,175.105,182.6607,164.4817,174.99,0.0
1765580400,175.0,175.0,174.8,174.98,0.0
1765789200,176.33,177.15,176.11,177.05,0.0
1765792800,177.06,177.24,177.0,177.04,0.0
1765796400,177.02,177.25,176.51,177.13,0.0
1765800000,177.11,177.29,176.53,176.97,0.0
1765803600,176.98,177.45,175.02,177.05,0.0
1765807200,177.07,178.38,176.99,177.95,0.0
1765809000,177.08999633789062,178.33990478515625,175.031005859375,175.45159912109375,33169711.0
1765812600,175.44000244140625,178.4149932861328,175.33999633789062,178.2519989013672,15840736.0
1765816200,178.25999450683594,178.32000732421875,177.17999267578125,177.59500122070312,10379090.0
1765819800,177.5998992919922,177.97000122070312,176.80999755859375,177.125,9608800.0
1765823400,177.11000061035156,177.66000366210938,176.67999267578125,177.13999938964844,8950468.0
1765827000,177.14999389648438,177.2449951171875,176.1199951171875,176.3300018310547,11198952.0
1765830600,176.3300018310547,176.8300018310547,175.91000366210938,176.22999572753906,11393170.0
1765832400,176.23,183.95,175.02,176.5699,0.0
1765836000,176.57,176.7,176.29,176.44,0.0
1765839600,176.45,176.75,176.01,176.06,0.0
1765875600,174.72,175.55,174.72,175.3,0.0
1765879200,175.35,175.39,174.65,175.36,0.0
1765882800,175.35,175.98,175.2,175.54,0.0
1765886400,175.57,176.87,175.55,176.83,0.0
1765890000,176.84,177.34,173.81,177.203,0.0
1765893600,177.32,177.8,176.22,176.22,0.0
1765895400,176.25999450683594,177.49000549316406,174.89999389648438,176.1501007080078,26259399.0
1765899000,176.14999389648438,177.30499267578125,175.57000732421875,176.02000427246094,14639694.0
1765902600,176.02000427246094,177.0915985107422,175.69009399414062,176.48500061035156,11094691.0
1765906200,176.47999572753906,176.97500610351562,176.10000610351562,176.22000122070312,8514374.0
1765909800,176.22000122070312,177.67999267578125,176.02000427246094,176.74000549316406,11202122.0
1765913400,176.7449951171875,177.19000244140625,176.5050048828125,177.17880249023438,8161125.0
1765917000,177.1750030517578,178.19500732421875,177.1699981689453,177.50999450683594,9954348.0
1765918800,177.72,178.8647,174.229,177.24,0.0
1765922400,177.27,184.97,174.229,177.26,0.0
1765926000,177.27,177.72,177.0,177.0936,0.0
1765962000,177.65,177.87,177.26,177.83,0.0
1765965600,177.82,178.1,177.6,178.1,0.0
1765969200,178.09,178.35,177.8,177.8,0.0
1765972800,177.86,178.1,177.77,177.9,0.0
1765976400,177.9,178.37,176.42,177.2163,0.0
1765980000,177.22,177.74,175.89,176.05,0.0
1765981800,176.10000610351562,176.1300048828125,173.38499450683594,174.3800048828125,35267097.0
1765985400,174.3699951171875,174.4499969482422,170.6300048828125,171.13499450683594,28410068.0
1765989000,171.1300048828125,171.72999572753906,170.30999755859375,171.4499053955078,18913757.0
1765992600,171.4499969482422,172.82000732421875,171.30999755859375,172.25,15329123.0
1765996200,172.24000549316406,172.3300018310547,170.85009765625,170.9499053955078,12530990.0
1765999800,170.92999267578125,171.69000244140625,170.66009521484375,171.19000244140625,13027015.0
1766003400,171.19000244140625,171.82000732421875,170.75,170.9199981689453,13015782.0
1766005200,170.92,183.76,160.0946,170.98,0.0
1766008800,170.93,180.627,160.5055,171.6264,0.0
1766012400,171.61,171.67,171.0,171.11,0.0
1766048400,172.36,172.68,172.31,172.39,0.0
1766052000,172.37,173.08,172.36,173.0,0.0
1766055600,173.02,173.4,172.96,173.35,0.0
1766059200,173.35,173.56,172.8,172.81,0.0
1766062800,172.82,173.5512,171.24,173.07,0.0
1766066400,173.04,176.625,173.03,174.52,0.0
1766068200,174.52999877929688,175.25,171.82000732421875,175.0399932861328,34559711.0
1766071800,175.0399932861328,176.14999389648438,174.75999450683594,174.88009643554688,18553063.0
1766075400,174.8699951171875,176.0399932861328,173.72999572753906,174.0399932861328,14253404.0
1766079000,174.02999877929688,175.3800048828125,173.91000366210938,174.91439819335938,9934049.0
1766082600,174.91000366210938,175.22999572753906,174.24000549316406,174.5500030517578,8742821.0
1766086200,174.55999755859375,174.89999389648438,173.66000366210938,174.6750030517578,9852863.0
1766089800,174.67250061035156,174.9600067138672,173.92999267578125,174.00999450683594,9023413.0
1766091600,174.0,174.39,170.94,174.0568,0.0
1766095200,174.075,174.95,163.7402,174.81,0.0
1766098800,174.8,175.13,174.51,175.07,0.0
1766134800,176.41,176.56,176.2,176.41,0.0
1766138400,176.42,176.79,176.15,176.66,0.0
1766142000,176.63,177.3,176.15,177.03,0.0
1766145600,177.07,177.12,175.76,176.01,0.0
1766149200,176.04,177.3,171.195,175.9902,0.0
1766152800,176.0,176.98,175.595,176.78,0.0
1766154600,176.6649932861328,180.6999969482422,176.35000610351562,178.66000366210938,59589348.0
1766158200,178.63999938964844,179.57000732421875,178.35000610351562,179.3000030517578,18218903.0
1766161800,179.32000732421875,180.99000549316406,179.27000427246094,180.5200958251953,17015994.0
1766165400,180.5200958251953,181.07000732421875,179.76499938964844,179.96499633789062,12073476.0
1766169000,179.96400451660156,180.8000030517578,179.42999267578125,180.57420349121094,10984702.0
1766172600,180.57000732421875,180.97999572753906,180.22999572753906,180.44850158691406,11564864.0
1766176200,180.44000244140625,181.4499969482422,179.94009399414062,180.99000549316406,15328254.0
1766178000,180.99,181.2743,174.14,180.98,0.0
1766181600,180.9899,181.0,171.7013,180.9514,0.0
1766185200,180.96,181.28,180.81,181.2599,0.0
1766394000,182.49,182.91,182.3,182.9,0.0
1766397600,182.89,183.29,182.87,183.18,0.0
1766401200,183.19,183.67,183.15,183.53,0.0
1766404800,183.53,184.45,182.78,184.32,0.0
1766408400,184.32,184.6,180.538,184.0,0.0
1766412000,184.0,184.39,174.25,183.92,0.0
1766413800,183.3800048828125,183.94000244140625,182.35000610351562,183.39999389648438,27990203.0
1766417400,183.41000366210938,184.16000366210938,182.6699981689453,183.6300048828125,13547290.0
1766421000,183.6199951171875,183.6649932861328,183.00999450683594,183.10000610351562,8157060.0
1766424600,183.10499572753906,183.3000030517578,182.7899932861328,183.22560119628906,6320882.0
1766428200,183.22999572753906,183.48500061035156,182.99000549316406,183.3800048828125,6294933.0
1766431800,183.38999938964844,183.57679748535156,183.1999969482422,183.28500366210938,6554015.0
1766435400,183.28500366210938,183.8000030517578,183.23500061035156,183.61000061035156,6999578.0
1766437200,183.6,183.75,180.99,183.44,0.0
1766440800,183.44,190.0723,171.132,183.43,0.0
1766444400,183.4295,183.49,183.25,183.32,0.0
1766480400,183.39,183.65,183.05,183.59,0.0
1766484000,183.55,183.82,182.88,183.11,0.0
1766487600,183.13,183.25,182.96,183.14,0.0
1766491200,183.06,183.31,182.84,182.85,0.0
1766494800,182.85,183.8248,180.2799,182.869,0.0
1766498400,182.88,183.69,181.82,182.97,0.0
1766500200,184.39480590820312,185.47999572753906,183.5,185.27499389648438,26864696.0
1766503800,185.27999877929688,188.0500030517578,185.10000610351562,187.91009521484375,22108447.0
1766507400,187.9149932861328,188.6300048828125,187.1199951171875,188.2144012451172,16947493.0
1766511000,188.22000122070312,188.47999572753906,187.77999877929688,187.9949951171875,10350335.0
1766514600,187.9949951171875,188.8000030517578,187.89999389648438,188.61810302734375,9891144.0
1766518200,188.61000061035156,188.86000061035156,188.3800048828125,188.78640747070312,9766022.0
1766521800,188.77999877929688,189.3300018310547,188.7100067138672,189.2100067138672,11919210.0
1766523600,189.22,189.39,183.4487,188.7499,0.0
1766527200,188.74,189.21,180.4697,188.6168,0.0
1766530800,188.61,188.61,188.28,188.5,0.0
1766566800,189.0,189.0,188.53,188.56,0.0
1766570400,188.55,188.9,188.27,188.35,0.0
1766574000,188.36,188.41,188.25,188.29,0.0
1766577600,188.29,188.56,188.15,188.45,0.0
1766581200,188.45,189.0,188.12,188.705,0.0
1766584800,188.71,188.77,184.265,187.95,0.0
1766586600,188.00010681152344,188.72000122070312,186.58999633789062,187.22999572753906,21232093.0
1766590200,187.22650146484375,188.02999877929688,186.95089721679688,187.94500732421875,10515515.0
1766593800,187.94500732421875,188.47999572753906,187.9199981689453,188.22500610351562,9095497.0
1766599200,188.22500610351562,189.2100067138672,187.11000061035156,188.27999877929688,0.0
1766602800,188.265,201.5415,175.7997,188.42,0.0
1766606400,188.43,188.44,188.31,188.325,0.0
1766610000,188.33,188.44,188.0,188.05,0.0
1766739600,190.19,190.19,189.5,189.83,0.0
1766743200,189.82,189.9,189.7,189.88,0.0
1766746800,189.82,189.96,189.71,189.74,0.0
1766750400,189.73,189.85,189.5,189.579,0.0
1766754000,189.58,190.27,188.139,190.1102,0.0
1766757600,190.1284,190.49,183.415,189.91,0.0
1766759400,190.0,192.2899932861328,189.61000061035156,191.5800018310547,32978539.0
1766763000,191.57000732421875,192.19000244140625,190.8300018310547,191.02499389648438,13650116.0
1766766600,191.03700256347656,191.35000610351562,190.4600067138672,190.77969360351562,8711783.0
1766770200,190.77000427246094,191.55999755859375,190.6300048828125,191.53289794921875,10091526.0
1766773800,191.53500366210938,192.69000244140625,191.49000549316406,192.24000549316406,12249349.0
1766777400,192.24440002441406,192.30999755859375,191.38380432128906,191.42999267578125,8713789.0
1766781000,191.4199981689453,191.67300415039062,190.4199981689453,190.5399932861328,41818252.0
1766782800,190.54,201.5218,177.9765,190.2501,0.0
1766786400,190.25,200.0397,177.7805,190.23,0.0
1766790000,190.2309,201.5218,184.2823,190.14,0.0
1766998800,188.4,189.75,187.87,188.3,0.0
1767002400,188.28,188.33,187.45,188.12,0.0
1767006000,188.13,188.44,187.7,188.08,0.0
1767009600,188.07,188.6,188.04,188.4,0.0
1767013200,188.42,190.89,187.44,188.301,0.0
1767016800,188.32,188.36,187.45,187.72,0.0
1767018600,187.6999969482422,188.7550048828125,185.91000366210938,187.2550048828125,29356608.0
1767022200,187.25999450683594,187.73500061035156,186.47999572753906,187.24459838867188,13079563.0
1767025800,187.24000549316406,187.5800018310547,186.7899932861328,186.8800048828125,7754465.0
1767029400,186.87989807128906,187.639892578125,186.80999755859375,187.45989990234375,6845200.0
1767033000,187.4550018310547,187.83999633789062,187.0500030517578,187.375,6599620.0
1767036600,187.3800048828125,188.10499572753906,187.3699951171875,187.96449279785156,7541351.0
1767040200,187.97000122070312,188.39999389648438,187.74009704589844,188.22999572753906,36852071.0
1767042000,188.21,190.53,175.8432,188.04,0.0
1767045600,188.04,188.22,176.8173,187.9207,0.0
1767049200,187.9607,187.99,187.68,187.71,0.0
1767085200,187.84,188.16,187.84,188.16,0.0
1767088800,188.16,188.16,187.93,187.94,0.0
1767092400,187.95,188.15,187.9,188.02,0.0
1767096000,188.04,188.7,188.02,188.51,0.0
1767099600,188.54,188.7,187.27,188.52,0.0
1767103200,188.52,190.15,188.2,188.26,0.0
1767105000,188.45770263671875,188.92999267578125,186.92999267578125,187.17030334472656,19456481.0
1767108600,187.1699981689453,188.50999450683594,187.10499572753906,188.25999450683594,11898733.0
1767112200,188.25,188.41000366210938,187.72999572753906,187.90989685058594,7392734.0
1767115800,187.90499877929688,188.25,187.6999969482422,188.21600341796875,6543003.0
1767119400,188.2100067138672,188.35499572753906,187.9001007080078,188.15420532226562,5905084.0
1767123000,188.14999389648438,188.1999969482422,187.41000366210938,187.5800018310547,7428329.0
1767126600,187.5800018310547,187.9250030517578,187.5,187.5500030517578,5948220.0
1767128400,187.54,188.22,174.229,187.24,0.0
1767132000,187.23,187.54,174.229,187.27,0.0
1767135600,187.27,187.3785,187.15,187.23,0.0
1767171600,187.19,187.19,186.8,186.86,0.0
1767175200,186.8,186.91,186.59,186.91,0.0
1767178800,186.92,187.69,186.79,187.69,0.0
1767182400,187.68,188.33,187.61,188.2,0.0
1767186000,188.19,188.89,186.48,188.77,0.0
1767189600,188.78,189.91,181.3,189.6016,0.0
1767191400,189.47000122070312,190.55999755859375,188.08999633789062,189.01499938964844,24722821.0
1767195000,189.00999450683594,189.13999938964844,188.158203125,188.8459930419922,10366144.0
1767198600,188.84500122070312,189.27999877929688,188.67999267578125,188.91990661621094,8109664.0
1767202200,188.91600036621094,189.02000427246094,188.5,188.97000122070312,6642986.0
1767205800,188.96499633789062,189.05499267578125,188.00999450683594,188.0449981689453,7697467.0
1767209400,188.0500030517578,188.0998992919922,187.08999633789062,187.13499450683594,8876958.0
1767213000,187.13999938964844,187.47000122070312,186.49000549316406,186.49000549316406,8547159.0
1767214800,186.5,190.8448,175.7997,186.55,0.0
1767218400,186.5687,190.8448,174.4123,186.58,0.0
1767222000,186.6,186.62,186.51,186.53,0.0
1767344400,189.24,190.25,188.61,190.15,0.0
1767348000,190.1,190.27,190.0,190.01,0.0
1767351600,190.01,190.01,189.75,189.86,0.0
1767355200,189.88,190.05,189.31,189.41,0.0
1767358800,189.41,190.28,186.5,189.1301,0.0
1767362400,189.1316,189.94,186.5,189.8327,0.0
1767364200,190.17999267578125,192.92990112304688,189.7301025390625,190.58900451660156,32940503.0
1767367800,190.57000732421875,191.73500061035156,188.2899932861328,189.59939575195312,18539784.0
1767371400,189.60000610351562,190.06500244140625,189.0800018310547,189.47999572753906,9782720.0
1767375000,189.5,189.94000244140625,189.16000366210938,189.3616943359375,8182942.0
1767378600,189.3699951171875,189.6999969482422,188.25999450683594,189.20570373535156,10067165.0
1767382200,189.2050018310547,189.6199951171875,188.5500030517578,188.9550018310547,9185520.0
1767385800,188.9499969482422,189.0399932861328,188.47999572753906,188.80990600585938,7525907.0
1767387600,188.8,193.3398,186.5,188.65,0.0
1767391200,188.66,188.85,181.3361,188.78,0.0
1767394800,188.78,188.95,188.75,188.935,0.0
1767603600,189.91,190.41,189.59,190.2,0.0
1767607200,190.17,190.49,190.0,190.38,0.0
1767610800,190.31,191.19,190.24,191.12,0.0
1767614400,191.06,191.84,190.91,191.47,0.0
1767618000,191.47,191.84,188.378,191.415,0.0
1767621600,191.41,192.25,191.25,191.73,0.0
1767623400,192.75,193.6300048828125,189.38999938964844,190.0749969482422,32125631.0
1767627000,190.07000732421875,190.88999938964844,189.25999450683594,190.19000244140625,16588778.0
1767630600,190.18499755859375,190.49000549316406,187.07000732421875,187.6199951171875,18571029.0
1767634200,187.61000061035156,188.10000610351562,186.9949951171875,187.78500366210938,13995168.0
1767637800,187.77999877929688,188.24000549316406,186.3800048828125,186.64320373535156,13535787.0
1767641400,186.64999389648438,187.57000732421875,186.14999389648438,187.47000122070312,14354077.0
1767645000,187.47000122070312,188.16000366210938,187.27999877929688,188.11000061035156,11088428.0
1767646800,188.1167,199.0555,187.32,187.59,0.0
1767650400,187.55,199.8468,177.8272,187.6468,0.0
1767654000,187.64,188.12,187.45,187.89,0.0
1767690000,189.04,189.04,188.17,188.37,0.0
1767693600,188.38,189.36,188.38,189.21,0.0
1767697200,189.21,189.49,189.02,189.1,0.0
1767700800,189.15,189.36,189.01,189.3,0.0
1767704400,189.33,189.6902,188.12,189.55,0.0
1767708000,189.5484,190.73,186.5,190.5097,0.0
1767709800,190.5,192.1739959716797,188.97999572753906,191.39999389648438,34692681.0
1767713400,191.3896026611328,191.52499389648438,187.8699951171875,188.58999633789062,21434069.0
1767717000,188.58999633789062,190.02999877929688,188.39500427246094,189.03990173339844,16404130.0
1767720600,189.0399932861328,189.6999969482422,188.27000427246094,188.2899932861328,10313216.0
1767724200,188.17999267578125,188.3000030517578,187.52000427246094,187.9600067138672,11187185.0
1767727800,188.0500030517578,188.27999877929688,186.87010192871094,186.94000244140625,11264316.0
1767731400,186.94000244140625,187.64999389648438,186.82000732421875,187.25,6829507.0
1767733200,187.53,187.85,177.952,187.725,0.0
1767736800,187.71,187.99,180.4697,187.99,0.0
1767740400,187.99,189.371,187.24,188.1792,0.0
1767776400,187.72,187.88,187.16,187.64,0.0
1767780000,187.69,187.87,187.41,187.45,0.0
1767783600,187.45,187.53,186.86,187.4,0.0
1767787200,187.4,188.51,187.4,188.46,0.0
1767790800,188.5,188.52,186.86,188.212,0.0
1767794400,188.2148,191.775,187.6,188.61,0.0
1767796200,188.57000732421875,191.36000061035156,186.55999755859375,191.01499938964844,32512869.0
1767799800,191.02000427246094,191.0709991455078,188.47000122070312,189.5800018310547,20307873.0
1767803400,189.57000732421875,190.60000610351562,189.46499633789062,190.0030059814453,10444458.0
1767807000,190.0050048828125,190.2100067138672,189.5800018310547,189.625,6648717.0
1767810600,189.625,190.0,189.1999969482422,189.2801055908203,8125097.0
1767814200,189.28500366210938,189.77999877929688,188.75,188.99000549316406,8539006.0
1767817800,188.97999572753906,189.25999450683594,188.77499389648438,189.24000549316406,6965360.0
1767819600,189.25,199.2898,177.9856,189.12,0.0
1767823200,189.12,201.5415,177.9856,189.1492,0.0
1767826800,189.135,189.19,189.0,189.0312,0.0
1767862800,189.68,190.25,189.5,189.67,0.0
1767866400,189.69,189.83,189.43,189.51,0.0
1767870000,189.43,190.1,189.43,189.97,0.0
1767873600,189.96,190.28,189.44,189.99,0.0
1767877200,189.91,190.8,187.73,189.88,0.0
1767880800,189.88,189.98,189.0,189.11,0.0
1767882600,189.0,189.3800048828125,184.66009521484375,186.10000610351562,31476671.0
1767886200,186.0800018310547,186.9499969482422,184.6199951171875,184.8800048828125,20521041.0
1767889800,184.8699951171875,185.44500732421875,184.05999755859375,184.25579833984375,12549620.0
1767893400,184.2550048828125,184.8800048828125,183.8300018310547,184.75,11927382.0
1767897000,184.74000549316406,184.88999938964844,183.7100067138672,184.14999389648438,10808506.0
1767900600,184.15499877929688,185.27000427246094,184.13999938964844,185.18649291992188,11122410.0
1767904200,185.2100067138672,185.33999633789062,184.64999389648438,185.1300048828125,51790464.0
1767906000,185.04,185.35,177.9765,185.11,0.0
1767909600,185.11,197.3853,173.9552,185.23,0.0
1767913200,185.23,185.29,185.03,185.03,0.0
1767949200,184.88,185.67,184.88,185.66,0.0
1767952800,185.65,185.9,185.54,185.75,0.0
1767956400,185.75,185.89,185.45,185.62,0.0
1767960000,185.67,187.0,185.54,185.6,0.0
1767963600,185.61,187.0,185.0,185.7605,0.0
1767967200,185.8,186.24,184.86,185.03,0.0
1767969000,185.0,185.82000732421875,183.67010498046875,184.96200561523438,24696951.0
1767972600,184.99000549316406,185.61000061035156,184.30999755859375,185.30999755859375,13379947.0
1767976200,185.30499267578125,185.6999969482422,184.69000244140625,184.9541015625,9302538.0
1767979800,184.9499969482422,185.22999572753906,184.63999938964844,185.18499755859375,8385501.0
1767983400,185.18499755859375,186.33999633789062,185.0800018310547,185.88009643554688,10340638.0
1767987000,185.88499450683594,186.0800018310547,185.50999450683594,185.55499267578125,8241985.0
1767990600,185.5500030517578,185.63999938964844,184.80999755859375,184.85000610351562,7572604.0
1767992400,184.86,192.8472,172.4339,185.0199,0.0
1767996000,185.02,185.04,175.3419,184.9803,0.0
1767999600,184.98,185.02,184.9,184.9,0.0
1768208400,182.74,183.01,182.55,182.61,0.0
1768212000,182.62,182.78,182.46,182.69,0.0
1768215600,182.7,182.86,182.4,182.71,0.0
1768219200,182.69,183.16,182.6,182.96,0.0
1768222800,182.95,183.43,182.3792,183.23,0.0
1768226400,183.2207,183.6007,182.95,183.3,0.0
1768228200,183.19000244140625,186.1999969482422,183.0200958251953,184.6199951171875,22194605.0
1768231800,184.61549377441406,185.28500366210938,183.72999572753906,185.23989868164062,13447414.0
1768235400,185.23500061035156,186.89500427246094,184.63999938964844,186.28500366210938,12658198.0
1768239000,186.27999877929688,186.8800048828125,185.8000030517578,186.7801055908203,9970852.0
1768242600,186.77999877929688,187.1199951171875,186.51499938964844,186.99000549316406,9084157.0
1768246200,186.99240112304688,187.0,185.92010498046875,186.00999450683594,8960960.0
1768249800,186.0050048828125,186.03750610351562,184.5500030517578,184.89999389648438,7250258.0
1768251600,184.89,185.12,175.8432,184.83,0.0
1768255200,184.85,250.4368,168.1535,184.9799,0.0
1768258800,184.95,185.02,184.7,184.74,0.0
1768294800,184.95,185.67,184.91,185.6,0.0
1768298400,185.55,185.64,185.16,185.21,0.0
1768302000,185.22,185.73,185.22,185.45,0.0
1768305600,185.44,185.5,184.74,184.94,0.0
1768309200,184.95,185.74,184.478,185.19,0.0
1768312800,185.18,186.09,184.67,184.97,0.0
1768314600,184.9600067138672,185.13999938964844,183.6313018798828,183.91749572753906,23396967.0
1768318200,183.91000366210938,185.8000030517578,183.41000366210938,185.22999572753906,17247104.0
1768321800,185.24000549316406,188.10989379882812,185.08999633789062,186.39999389648438,18595078.0
1768325400,186.39999389648438,186.5865020751953,184.58999633789062,185.0699005126953,12037560.0
1768329000,185.07000732421875,185.1699981689453,184.42999267578125,184.78990173339844,9161964.0
1768332600,184.77999877929688,184.8800048828125,184.21499633789062,184.72000122070312,10894475.0
1768336200,184.7227020263672,185.85000610351562,184.50010681152344,185.82000732421875,9301670.0
1768338000,185.81,185.99,174.229,185.5,0.0
1768341600,185.49,233.0062,131.6111,185.8485,0.0
1768345200,185.85,185.9,185.65,185.77,0.0
1768381200,185.33,185.43,185.0,185.03,0.0
1768384800,185.03,185.13,184.03,184.25,0.0
1768401000,183.78500366210938,184.0,180.91000366210938,181.6750030517578,31179261.0
1768404600,181.65460205078125,182.6300048828125,181.23500061035156,181.98500061035156,13745617.0
1768408200,181.99169921875,182.1300048828125,181.3625030517578,182.10000610351562,10577549.0
1768411800,182.08999633789062,182.32000732421875,181.5449981689453,182.22000122070312,9658660.0
1768415400,182.22000122070312,182.25,181.5500946044922,181.82000732421875,8195076.0
1768419000,181.83999633789062,182.61000061035156,180.8300018310547,182.14999389648438,12799407.0
1768422600,182.14999389648438,183.3300018310547,182.07000732421875,183.1699981689453,10193733.0
1768424400,183.2,190.8448,180.627,182.9962,0.0
1768428000,182.9361,190.8448,170.304,182.76,0.0
1768467600,186.5,186.5,183.49,185.36,0.0
1768471200,185.36,185.75,185.18,185.7,0.0
1768487400,186.86000061035156,189.17999267578125,186.38499450683594,187.60000610351562,41062050.0
1768491000,187.60000610351562,188.5500030517578,186.83009338378906,187.5200958251953,15913647.0
1768494600,187.50999450683594,189.2899932861328,187.3300018310547,188.61349487304688,17182601.0
1768498200,188.6199951171875,189.24000549316406,188.14999389648438,189.2301025390625,11251165.0
1768501800,189.22999572753906,189.6999969482422,188.23500061035156,188.39500427246094,13200932.0
1768505400,188.38999938964844,189.38499450683594,187.17999267578125,187.4250030517578,16006085.0
1768509000,187.4199981689453,187.52999877929688,186.3300018310547,187.13999938964844,11812011.0
1768510800,187.16,193.3398,181.3361,187.25,0.0
1768514400,187.255,187.5,187.05,187.43,0.0
1768518000,187.4492,187.73,187.42,187.5012,0.0
1768554000,188.47,188.93,188.37,188.86,0.0
1768557600,188.87,189.27,188.35,188.97,0.0
1768573800,188.83999633789062,190.44000244140625,187.62010192871094,187.63839721679688,38626121.0
1768577400,187.63009643554688,188.1696014404297,187.08999633789062,187.99000549316406,14426542.0
1768581000,187.98500061035156,188.375,187.6300048828125,188.02999877929688,10840609.0
1768584600,188.02000427246094,188.25,187.42999267578125,187.93499755859375,10212531.0
1768588200,187.94000244140625,188.4136962890625,187.64500427246094,187.69000244140625,8760813.0
1768591800,187.6800994873047,188.02499389648438,187.61500549316406,187.74000549316406,9080726.0
1768595400,187.74000549316406,187.86000061035156,186.0800018310547,186.22999572753906,11380197.0
1768597200,186.23,186.45,186.105,186.3491,0.0
1768600800,186.35,186.35,186.22,186.285,0.0
1768899600,181.49,183.42,180.28,180.3,0.0
1768903200,180.28,181.52,180.01,181.47,0.0
1768906800,181.55,181.86,181.16,181.61,0.0
1768910400,181.64,182.89,181.5,182.37,0.0
1768914000,182.36,186.23,180.01,182.11,0.0
1768917600,182.095,185.76,180.8,181.91,0.0
1768919400,181.89999389648438,182.375,179.58999633789062,180.8000030517578,43771661.0
1768923000,180.77000427246094,181.62269592285156,179.81500244140625,180.3199005126953,22206399.0
1768926600,180.31500244140625,180.47999572753906,179.55999755859375,180.0198974609375,17266194.0
1768930200,180.00999450683594,180.08999633789062,179.27000427246094,179.52000427246094,11847931.0
1768933800,179.5,179.97999572753906,178.89999389648438,179.43499755859375,12605910.0
1768937400,179.41000366210938,179.63999938964844,178.35499572753906,178.4949951171875,12805916.0
1768941000,178.4949951171875,178.92999267578125,177.6199951171875,178.2100067138672,15204088.0
1768942800,178.23,189.11,169.9272,178.75,0.0
1768946400,178.75,190.0723,167.5459,178.87,0.0
1768950000,178.89,190.0723,167.5459,178.74,0.0
1768986000,179.85,179.94,179.36,179.48,0.0
1768989600,179.44,179.52,178.85,179.51,0.0
1768993200,179.51,179.71,179.07,179.3,0.0
1768996800,179.34,180.25,177.93,178.23,0.0
1769000400,178.221,180.28,177.92,178.7679,0.0
1769004000,178.73,181.955,178.28,179.08,0.0
1769005800,179.0500030517578,180.96009826660156,178.39999389648438,180.80999755859375,29335836.0
1769009400,180.80999755859375,183.74000549316406,180.6999969482422,182.73550415039062,20623670.0
1769013000,182.72000122070312,182.75,179.35000610351562,179.43499755859375,17371067.0
1769016600,179.43499755859375,180.50999450683594,179.19500732421875,180.2449951171875,11214251.0
1769020200,180.26010131835938,183.08999633789062,180.14010620117188,182.97999572753906,11543309.0
1769023800,182.97999572753906,185.37899780273438,182.86000061035156,183.7899932861328,23163020.0
1769027400,183.77999877929688,184.72000122070312,183.18499755859375,183.32000732421875,12393974.0
1769029200,183.34,184.855,177.86,183.41,0.0
1769032800,183.425,185.5528,171.2796,183.98,0.0
1769036400,183.97,194.2784,171.4544,183.8085,0.0
1769072400,185.0,185.38,184.98,185.23,0.0
1769076000,185.22,185.5,184.68,184.83,0.0
1769079600,184.85,185.16,184.7,184.86,0.0
1769083200,184.85,185.049,184.53,184.93,0.0
1769086800,184.9,185.5,183.32,184.81,0.0
1769090400,184.83,184.99,184.36,184.729,0.0
1769092200,184.7449951171875,186.16000366210938,183.92999267578125,184.8699951171875,28406345.0
1769095800,184.8699951171875,185.8350067138672,184.47999572753906,185.73550415039062,12426040.0
1769099400,185.73399353027344,186.1699981689453,184.66000366210938,184.97500610351562,12791084.0
1769103000,184.97999572753906,185.23500061035156,184.4149932861328,184.72549438476562,10627960.0
1769106600,184.7100067138672,184.8800048828125,184.2805938720703,184.65499877929688,7722254.0
1769110200,184.64999389648438,184.86000061035156,184.08999633789062,184.11000061035156,9579552.0
1769113800,184.10000610351562,184.8699951171875,183.92999267578125,184.8300018310547,7630030.0
1769115600,184.84,187.7959,173.9552,184.27,0.0
1769119200,184.84,193.1195,171.2708,184.11,0.0
1769122800,184.04,184.84,183.9,184.1092,0.0
1769158800,184.25,184.5,184.04,184.1,0.0
1769162400,184.09,184.09,183.5,183.79,0.0
1769166000,183.79,189.0,183.73,188.15,0.0
1769169600,188.19,188.47,186.88,187.79,0.0
1769173200,187.78,188.98,183.5,186.4179,0.0
1769176800,186.4179,187.64,186.38,187.5006,0.0
1769178600,187.48500061035156,189.60000610351562,186.82330322265625,187.65499877929688,31955472.0
1769182200,187.64500427246094,188.08999633789062,187.1300048828125,187.75999450683594,11124846.0
1769185800,187.75,188.23609924316406,187.19500732421875,187.74009704589844,10929600.0
1769189400,187.75,188.09500122070312,187.14500427246094,187.89500427246094,9086987.0
1769193000,187.89999389648438,188.41000366210938,187.51499938964844,187.8300018310547,8542009.0
1769196600,187.80999755859375,188.02999877929688,187.11000061035156,187.22999572753906,9352649.0
1769200200,187.22000122070312,187.9149932861328,187.13999938964844,187.6699981689453,7833862.0
1769202000,187.65,192.8472,177.7805,187.475,0.0
1769205600,187.47,200.0397,175.3419,187.235,0.0
1769209200,187.2399,187.3,187.21,187.25,0.0
1769418000,187.1,187.11,186.35,186.42,0.0
1769421600,186.48,186.49,185.7,186.38,0.0
1769425200,186.39,186.5,186.01,186.21,0.0
1769428800,186.16,186.56,186.05,186.25,0.0
1769432400,186.2,187.67,185.68,186.44,0.0
1769436000,186.45,187.22,186.3,187.185,0.0
1769437800,187.07000732421875,189.1199951171875,186.85000610351562,187.3459930419922,26709879.0
1769441400,187.33450317382812,187.61000061035156,186.00999450683594,186.80499267578125,14032874.0
1769445000,186.7899932861328,187.24000549316406,186.44000244140625,186.66000366210938,8942861.0
1769448600,186.63999938964844,186.7100067138672,185.99000549316406,186.42999267578125,8131157.0
1769452200,186.41000366210938,187.0800018310547,186.41000366210938,186.5749969482422,7632265.0
1769455800,186.56869506835938,186.67999267578125,186.0,186.44500732421875,7964393.0
1769459400,186.4499969482422,186.8000030517578,186.24000549316406,186.38999938964844,6378125.0
1769461200,186.36,186.47,173.8012,186.275,0.0
1769464800,186.27,186.47,176.8173,186.36,0.0
1769468400,186.39,186.5,186.25,186.45,0.0
1769504400,187.24,187.47,187.14,187.39,0.0
1769508000,187.34,187.8,187.34,187.68,0.0
1769511600,187.68,187.72,187.42,187.42,0.0
1769515200,187.42,187.95,187.22,187.25,0.0
1769518800,187.28,188.0,186.47,187.0592,0.0
1769522400,187.06,187.53,187.03,187.24,0.0
1769524200,187.24000549316406,189.5050048828125,185.6999969482422,188.91510009765625,26462339.0
1769527800,188.9199981689453,190.0,188.88999938964844,189.70579528808594,15491427.0
1769531400,189.7100067138672,190.0,189.41000366210938,189.68499755859375,9426192.0
1769535000,189.69000244140625,190.0,188.89999389648438,189.48500061035156,11268576.0
1769538600,189.49000549316406,189.77999877929688,189.0449981689453,189.125,9872166.0
1769542200,189.1300048828125,189.72000122070312,188.9499969482422,189.4250030517578,10276591.0
1769545800,189.4199981689453,189.42999267578125,188.47279357910156,188.5399932861328,7688049.0
1769547600,188.56,201.3796,187.67,188.8013,0.0
1769551200,188.82,189.05,176.5654,188.87,0.0
1769554800,188.86,201.3796,178.8647,188.855,0.0
1769590800,191.79,192.67,191.24,191.84,0.0
1769594400,191.81,192.16,190.97,191.59,0.0
1769598000,191.55,192.01,191.49,191.6,0.0
1769601600,191.6,192.39,191.01,192.31,0.0
1769605200,192.3,192.6784,188.52,191.73,0.0
1769608800,191.745,191.95,191.11,191.28,0.0
1769610600,191.2899932861328,192.35000610351562,190.1300048828125,191.40499877929688,29505783.0
1769614200,191.40499877929688,192.03990173339844,190.72300720214844,191.77999877929688,14818854.0
1769617800,191.77000427246094,191.77000427246094,189.83999633789062,191.09579467773438,14169875.0
1769621400,191.0850067138672,191.78799438476562,190.8249969482422,191.72000122070312,9289559.0
1769625000,191.73500061035156,192.2100067138672,191.3800048828125,191.52000427246094,10051502.0
1769628600,191.50999450683594,192.32000732421875,190.90370178222656,191.6230010986328,12697817.0
1769632200,191.6199951171875,191.7899932861328,190.8699951171875,191.5399932861328,8804660.0
1769634000,191.54,193.11,191.3,192.245,0.0
1769637600,192.28,192.5,179.8805,192.18,0.0
1769641200,192.16,192.2,190.6,190.63,0.0
1769677200,191.29,191.29,190.79,190.91,0.0
1769680800,190.89,190.91,190.2,190.66,0.0
1769684400,190.66,191.2,190.57,191.2,0.0
1769688000,191.22,191.48,191.02,191.199,0.0
1769691600,191.18,191.52,190.2026,191.345,0.0
1769695200,191.3783,191.77,191.11,191.4594,0.0
1769697000,191.33999633789062,193.47999572753906,188.35000610351562,188.92999267578125,31030481.0
1769700600,188.92999267578125,189.0,186.05999755859375,187.8350067138672,21813216.0
1769704200,187.8300018310547,189.83999633789062,187.69000244140625,189.5449981689453,13577127.0
1769707800,189.5399932861328,190.69000244140625,189.1699981689453,190.05499267578125,12734523.0
1769711400,190.05999755859375,190.77999877929688,189.7050018310547,190.36000061035156,9429560.0
1769715000,190.36000061035156,191.4499969482422,190.02000427246094,190.94500732421875,10769502.0
1769718600,190.93499755859375,192.75,190.86000061035156,192.42999267578125,12608559.0
1769720400,192.4,193.3398,190.0577,192.0101,0.0
1769724000,192.025,203.8033,181.3361,191.25,0.0
1769727600,191.16,191.69,190.58,191.325,0.0
1769763600,189.97,192.51,189.11,189.2,0.0
1769767200,189.21,189.5,188.31,189.39,0.0
1769770800,189.39,190.1,189.39,189.82,0.0
1769774400,189.82,191.11,189.63,190.52,0.0
1769778000,190.55,191.12,188.3,190.58,0.0
1769781600,190.52,192.185,183.32,191.2,0.0
1769783400,191.21499633789062,193.42999267578125,190.90960693359375,191.65499877929688,26075854.0
1769787000,191.64500427246094,192.17999267578125,191.22500610351562,192.01939392089844,1626247.0
1770057000,189.86000061035156,190.10000610351562,189.5800018310547,189.9199981689453,41108232.0
1770060600,189.9149932861328,189.9600067138672,186.08009338378906,186.1750030517578,16398097.0
1770064200,186.18499755859375,186.30999755859375,184.8800048828125,185.69000244140625,14576292.0
1770066000,185.61,186.6,183.16,185.0107,0.0
1770069600,185.02,190.0723,177.8272,186.66,0.0
1770073200,186.61,186.94,186.11,186.21,0.0
1770109200,186.93,187.1,186.03,186.32,0.0
1770112800,186.43,186.78,186.16,186.5,0.0
1770116400,186.5,186.53,186.0,186.31,0.0
1770120000,186.31,187.1,186.23,187.05,0.0
1770123600,187.011,191.7499,186.0,186.91,0.0
1770127200,186.91,191.46,186.2,186.25,0.0
1770129000,186.23500061035156,186.24000549316406,179.55999755859375,180.29989624023438,36764666.0
1770132600,180.27999877929688,180.9600067138672,179.0800018310547,179.10000610351562,18459623.0
1770136200,179.09010314941406,180.49000549316406,179.09010314941406,180.00010681152344,13626585.0
1770139800,180.0,180.0749969482422,178.64999389648438,179.1584930419922,50779155.0
1770143400,179.14500427246094,179.52000427246094,178.0500030517578,178.69500732421875,0.0
1770147000,178.6750030517578,179.02000427246094,176.22999572753906,178.69700622558594,19572051.0
1770150600,178.69509887695312,180.48500061035156,178.67999267578125,180.3300018310547,12029640.0
1770152400,180.34,180.92,167.5459,179.8588,0.0
1770156000,179.86,180.896,167.5459,178.96,0.0
1770159600,178.95,179.59,178.83,179.2718,0.0
1770195600,179.77,179.78,178.67,179.27,0.0
1770199200,179.25,180.39,179.0,180.18,0.0
1770202800,180.16,180.9,179.93,180.7,0.0
1770206400,180.7,181.7,180.63,180.85,0.0
1770210000,180.88,181.72,177.0,180.1812,0.0
1770213600,180.15,180.63,179.25,179.478,0.0
1770215400,179.44000244140625,179.57000732421875,176.6199951171875,177.19520568847656,26799337.0
1770219000,177.1999969482422,177.55999755859375,174.4842071533203,175.25,20952975.0
1770222600,175.24000549316406,175.3000030517578,173.27000427246094,173.35000610351562,16589189.0
1770226200,173.33999633789062,174.32000732421875,171.91000366210938,174.12660217285156,18911010.0
1770229800,174.13999938964844,175.00999450683594,172.89999389648438,174.94009399414062,13287616.0
1770233400,174.92999267578125,176.13999938964844,174.25,175.27099609375,15314438.0
1770237000,175.27110290527344,175.88999938964844,174.19500732421875,174.1999969482422,11531460.0
1770238800,174.19,185.5528,166.0256,177.44,0.0
1770242400,177.47,184.1572,165.7386,177.32,0.0
1770246000,177.32,177.83,174.19,177.16,0.0
1770282000,177.19,177.96,176.8,177.93,0.0
1770285600,177.94,178.39,177.43,178.33,0.0
1770289200,178.28,178.32,176.93,176.97,0.0
1770292800,177.0,177.24,175.17,175.26,0.0
1770296400,175.25,178.3974,172.38,173.96,0.0
1770300000,173.99,175.1,173.0,175.0,0.0
1770301800,174.9250030517578,176.80999755859375,171.30999755859375,171.5850067138672,35556583.0
1770305400,171.5800018310547,174.25999450683594,171.44000244140625,174.2550048828125,18782253.0
1770309000,174.27000427246094,175.77479553222656,174.17999267578125,175.28500366210938,14405499.0
1770312600,175.29989624023438,175.6999969482422,174.02000427246094,174.3300018310547,9909346.0
1770316200,174.30999755859375,174.74000549316406,172.89999389648438,173.6699981689453,11166823.0
1770319800,173.65499877929688,174.22000122070312,172.1699981689453,172.26010131835938,11241371.0
1770323400,172.25,172.5,171.02999877929688,171.82000732421875,11583645.0
1770325200,171.93,182.5667,167.6182,171.405,0.0
1770328800,171.4,182.5667,159.6941,171.1,0.0
1770332400,171.28,171.88,169.84,170.26,0.0
1770368400,172.88,175.7,172.62,175.31,0.0
1770372000,175.3,176.42,175.09,176.01,0.0
1770375600,176.02,177.8,176.0,177.2,0.0
1770379200,177.2,177.92,176.71,176.71,0.0
1770382800,176.73,177.9279,171.41,176.61,0.0
1770386400,176.6,177.87,175.8962,176.725,0.0
1770388200,176.69000244140625,182.88499450683594,174.60000610351562,182.64999389648438,43992598.0
1770391800,182.6425018310547,184.25,181.9250030517578,183.97999572753906,23254485.0
1770395400,183.97999572753906,184.64500427246094,182.91000366210938,184.5312042236328,16217369.0
1770399000,184.52000427246094,185.1699981689453,184.2100067138672,184.5102996826172,13680434.0
1770402600,184.5135040283203,185.02000427246094,184.13499450683594,184.44500732421875,9404085.0
1770406200,184.4499969482422,185.58999633789062,184.3000030517578,185.3350067138672,14219330.0
1770409800,185.3300018310547,187.0,185.1999969482422,185.41000366210938,15861985.0
1770411600,185.41,186.05,184.87,185.41,0.0
1770415200,185.44,192.8472,172.4339,185.16,0.0
1770418800,185.1508,185.35,185.0,185.1801,0.0
1770627600,184.93,185.19,184.35,184.51,0.0
1770631200,184.49,184.55,183.11,183.3,0.0
1770634800,183.3,183.95,182.83,183.85,0.0
1770638400,183.85,184.2,183.5,183.91,0.0
1770642000,183.9,185.99,182.82,184.8512,0.0
1770645600,184.88,184.9,183.76,184.2688,0.0
1770647400,184.10000610351562,193.66000366210938,184.0,190.66000366210938,52895611.0
1770651000,190.6999969482422,192.14999389648438,190.6999969482422,191.8249969482422,16568890.0
1770654600,191.80999755859375,192.52000427246094,191.30499267578125,191.58999633789062,13787785.0
1770658200,191.58999633789062,192.05990600585938,190.77999877929688,190.9929962158203,9397729.0
1770661800,190.985107421875,191.5,190.63999938964844,191.00999450683594,9257464.0
1770665400,191.0050048828125,198.72500610351562,189.6300048828125,189.89999389648438,12988392.0
1770669000,189.88999938964844,190.5,189.53500366210938,189.7899932861328,10705934.0
1770670800,189.78,190.9892,176.8173,190.0,0.0
1770674400,189.985,190.1,176.8173,190.0,0.0
1770678000,190.02,190.1,189.88,189.9003,0.0
1770714000,190.56,191.42,190.55,191.3,0.0
1770717600,191.3,191.41,190.86,191.02,0.0
1770721200,191.01,191.22,190.73,190.76,0.0
1770724800,190.79,192.19,190.75,192.16,0.0
1770728400,192.16,192.2,189.7025,191.07,0.0
1770732000,191.05,191.94,190.75,191.4,0.0
1770733800,191.40499877929688,192.47999572753906,188.1199951171875,189.17320251464844,29239093.0
1770737400,189.16000366210938,190.3300018310547,188.84500122070312,189.12010192871094,13633209.0
1770741000,189.1199951171875,190.16000366210938,188.91000366210938,189.69000244140625,8843117.0
1770744600,189.67999267578125,190.44000244140625,189.19000244140625,189.2449951171875,8346711.0
1770748200,189.24000549316406,189.60000610351562,189.07000732421875,189.21499633789062,6039719.0
1770751800,189.22000122070312,189.55499267578125,188.4199981689453,189.10000610351562,9308355.0
1770755400,189.10000610351562,189.42999267578125,188.3800048828125,188.61000061035156,6982075.0
1770757200,188.54,201.3796,178.22,188.62,0.0
1770760800,188.64,201.3796,176.5654,188.55,0.0
1770764400,188.59,189.0,188.54,188.979,0.0
1770800400,188.58,189.23,188.0,188.7,0.0
1770804000,188.69,188.69,188.0,188.31,0.0
1770807600,188.24,189.94,188.07,189.87,0.0
1770811200,189.85,190.0,188.83,189.53,0.0
1770814800,189.53,190.25,188.0,190.194,0.0
1770818400,190.2,192.8,190.0,192.45,0.0
1770820200,192.4199981689453,193.25999450683594,188.77000427246094,188.9199981689453,32129202.0
1770823800,188.9250030517578,192.18499755859375,188.8699951171875,191.289794921875,18144329.0
1770827400,191.27999877929688,192.10499572753906,190.3699951171875,191.98500061035156,11344285.0
1770831000,191.97999572753906,192.27999877929688,191.10000610351562,191.43099975585938,8748863.0
1770834600,191.44000244140625,192.2100067138672,190.97000122070312,192.0449981689453,7656291.0
1770838200,192.0399932861328,192.15499877929688,190.9550018310547,191.05999755859375,7857075.0
1770841800,191.0500030517578,191.36000061035156,189.9600067138672,190.02999877929688,7713715.0
1770843600,190.03,190.8448,180.627,190.4723,0.0
1770847200,190.455,190.8448,179.8805,190.3512,0.0
1770850800,190.375,190.54,190.05,190.4,0.0
1770886800,190.81,191.66,190.81,191.48,0.0
1770890400,191.48,191.61,191.2,191.38,0.0
1770894000,191.38,192.07,191.38,192.07,0.0
1770897600,192.05,192.4,191.63,192.4,0.0
1770901200,192.4,192.45,190.05,192.1,0.0
1770904800,192.1,193.1,189.575,193.08,0.0
1770906600,193.02999877929688,193.60000610351562,190.52000427246094,191.69000244140625,27666471.0
1770910200,191.70069885253906,191.8199005126953,187.24000549316406,187.30499267578125,20283149.0
1770913800,187.32000732421875,189.97999572753906,187.22999572753906,189.5749969482422,14914347.0
1770917400,189.55999755859375,190.52999877929688,188.5399932861328,189.25,12965171.0
1770921000,189.25,190.0,188.9199981689453,189.0500030517578,9508266.0
1770924600,189.07000732421875,189.47999572753906,187.50999450683594,187.60000610351562,10523188.0
1770928200,187.58999633789062,187.97999572753906,186.50999450683594,186.91000366210938,11600879.0
1770930000,186.97,199.969,186.5997,187.88,0.0
1770933600,187.94,199.969,186.94,187.93,0.0
1770937200,187.88,188.45,186.94,187.98,0.0
1770973200,187.04,187.64,186.5,187.64,0.0
1770976800,187.7,188.3,187.53,188.04,0.0
1770980400,188.08,188.09,186.2,186.5,0.0
1770984000,186.41,187.27,186.11,187.11,0.0
1770987600,187.1,188.3388,185.78,186.7,0.0
1770991200,186.25,188.15,186.24,187.51,0.0
1770993000,187.46499633789062,187.47000122070312,182.17999267578125,184.0800018310547,36099600.0
1770996600,184.05999755859375,185.17999267578125,182.30130004882812,183.59500122070312,16832869.0
1771000200,183.58999633789062,184.7100067138672,183.0850067138672,184.5500030517578,9913912.0
1771003800,184.55999755859375,184.97999572753906,183.4600067138672,184.22000122070312,8906348.0
1771007400,184.24000549316406,184.86000061035156,183.55999755859375,183.69000244140625,6974694.0
1771011000,183.72000122070312,184.27999877929688,182.0500030517578,182.30589294433594,11523863.0
1771014600,182.2949981689453,183.1199951171875,181.58999633789062,182.78500366210938,11695004.0
1771016400,182.77,193.32,182.73,183.1,0.0
1771020000,183.05,183.14,171.7013,183.0,0.0
1771023600,183.0,183.05,182.81,182.9,0.0
1771318800,181.86,182.11,181.26,181.71,0.0
1771322400,181.73,182.13,181.48,181.6,0.0
1771326000,181.66,181.66,180.45,180.97,0.0
1771329600,181.0,181.75,180.98,181.14,0.0
1771333200,181.14,182.63,180.28,181.14,0.0
1771336800,181.1,182.06,180.0,181.77,0.0
1771338600,181.72000122070312,183.4199981689453,179.17999267578125,180.41000366210938,27099755.0
1771342200,180.39999389648438,184.3699951171875,179.27000427246094,183.5800018310547,18859264.0
1771345800,183.57000732421875,184.75,183.19000244140625,184.7050018310547,12755043.0
1771349400,184.7449951171875,185.5,183.6199951171875,185.35000610351562,12008333.0
1771353000,185.36000061035156,186.4499053955078,185.0,186.41700744628906,10075969.0
1771356600,186.42999267578125,187.14999389648438,185.3300018310547,185.4250030517578,11583987.0
1771360200,185.3800048828125,185.5,184.36000061035156,184.97999572753906,9243775.0
1771362000,185.01,190.0723,180.7065,186.8,0.0
1771365600,186.8,187.0,176.6679,186.6999,0.0
1771369200,186.68,190.0723,177.8272,185.6,0.0
1771405200,187.82,188.07,187.5,188.02,0.0
1771408800,188.11,188.78,188.0,188.46,0.0
1771412400,188.46,188.51,187.8,188.1,0.0
1771416000,188.12,189.25,188.11,188.72,0.0
1771419600,188.71,189.28,184.97,189.0008,0.0
1771423200,189.02,191.4,188.12,188.76,0.0
1771425000,188.75,190.2299041748047,187.35000610351562,189.77569580078125,45553682.0
1771428600,189.77000427246094,190.3699951171875,189.25,189.77499389648438,0.0
1771432200,189.77000427246094,189.9550018310547,188.66000366210938,189.139892578125,11122908.0
1771435800,189.139892578125,189.69500732421875,188.89500427246094,188.94000244140625,6705103.0
1771439400,188.94000244140625,189.12989807128906,188.1999969482422,188.56419372558594,9756650.0
1771443000,188.55499267578125,188.6699981689453,186.75999450683594,186.97000122070312,13920476.0
1771446600,186.9600067138672,188.5,186.91000366210938,187.88999938964844,55898935.0
1771448400,187.87,199.2898,177.9856,187.808,0.0
1771452000,187.75,199.2898,175.7997,188.305,0.0
1771455600,188.25,188.55,188.0102,188.0706,0.0
1771491600,188.46,188.46,187.96,188.05,0.0
1771495200,188.01,188.09,186.96,187.21,0.0
1771498800,187.15,187.47,187.02,187.33,0.0
1771502400,187.35,187.7,186.9,187.49,0.0
1771506000,187.44,190.7001,186.9,187.1745,0.0
1771509600,187.18,187.45,181.685,187.06,0.0
1771511400,187.02999877929688,188.2899932861328,185.66000366210938,187.6190948486328,20569888.0
1771515000,187.61000061035156,188.42999267578125,186.9199981689453,187.30999755859375,12628047.0
1771518600,187.3300018310547,187.7899932861328,186.39999389648438,186.6300048828125,9760430.0
1771522200,186.6199951171875,186.6750030517578,185.7899932861328,186.19940185546875,8553635.0
1771525800,186.17999267578125,187.05999755859375,186.15939331054688,186.52999877929688,7010595.0
1771529400,186.52149963378906,187.06500244140625,186.3625946044922,186.79510498046875,7527474.0
1771533000,186.7899932861328,187.93899536132812,186.72000122070312,187.88999938964844,6612222.0
1771534800,187.88,188.2,176.2145,187.37,0.0
1771538400,187.37,197.3853,175.529,187.2475,0.0
1771542000,187.2,187.9,187.16,187.39,0.0
1771578000,187.9,188.72,187.89,188.7,0.0
1771581600,188.69,188.95,188.39,188.5,0.0
1771585200,188.54,188.54,187.59,188.02,0.0
1771588800,188.02,188.07,186.92,186.92,0.0
1771592400,186.93,188.9502,186.7093,187.4127,0.0
1771596000,187.45,187.45,186.23,186.5201,0.0
1771597800,186.52000427246094,189.33999633789062,185.93780517578125,187.81500244140625,27799788.0
1771601400,187.83999633789062,190.3300018310547,187.51499938964844,188.7949981689453,19072274.0
1771605000,188.7949981689453,190.1999969482422,187.6300048828125,187.94000244140625,14472955.0
1771608600,187.93499755859375,188.97999572753906,187.86000061035156,188.67999267578125,11926040.0
1771612200,188.6999969482422,190.08999633789062,188.3300018310547,189.36500549316406,11532581.0
1771615800,189.36000061035156,189.88999938964844,188.94000244140625,189.4199981689453,8798931.0
1771619400,189.42999267578125,190.0,189.3699951171875,189.8300018310547,7619446.0
1771621200,189.82,201.5218,177.4003,189.52,0.0
1771624800,189.5207,200.0397,177.4003,189.96,0.0
1771628400,189.9631,189.9999,189.84,189.85,0.0
1771837200,189.03,190.3,188.93,190.28,0.0
1771840800,190.26,190.6,189.62,189.92,0.0
1771844400,189.92,190.27,189.25,189.93,0.0
1771848000,189.93,189.93,189.1,189.46,0.0
1771851600,189.48,190.71,187.87,190.605,0.0
1771855200,190.61,193.77,190.38,191.39,0.0
1771857000,191.44500732421875,193.9499969482422,190.9199981689453,191.32000732421875,34473317.0
1771860600,191.3300018310547,191.6696014404297,189.5749969482422,190.49659729003906,17744253.0
1771864200,190.49000549316406,191.32000732421875,190.42230224609375,190.9499969482422,11613687.0
1771867800,190.94000244140625,191.74000549316406,189.72500610351562,191.4600067138672,12495769.0
1771871400,191.45590209960938,191.75,190.57000732421875,190.5800018310547,9658558.0
1771875000,190.57000732421875,190.9499969482422,190.19000244140625,190.88999938964844,10203395.0
1771878600,190.88999938964844,191.64999389648438,190.64999389648438,191.61000061035156,10753581.0
1771880400,191.66,191.88,189.99,191.74,0.0
1771884000,191.73,202.8989,191.55,191.67,0.0
1771887600,191.67,191.88,191.56,191.661,0.0
1771923600,192.42,192.98,192.37,192.72,0.0
1771927200,192.72,192.72,191.98,192.39,0.0
1771930800,192.4,192.85,192.19,192.33,0.0
1771934400,192.31,192.36,190.01,190.23,0.0
1771938000,190.23,193.1,189.0226,190.31,0.0
1771941600,190.2993,191.52,186.355,191.5,0.0
1771943400,191.48500061035156,192.07000732421875,187.39999389648438,192.00999450683594,31917690.0
1771947000,192.0,193.25,191.71499633789062,192.14999389648438,16931266.0
1771950600,192.1501007080078,193.75,191.8800048828125,193.23500061035156,13263753.0
1771954200,193.23989868164062,193.60000610351562,192.8800048828125,192.94009399414062,8116758.0
1771957800,192.94500732421875,193.08999633789062,192.16000366210938,192.42999267578125,8644384.0
1771961400,192.43499755859375,193.0500030517578,192.4001007080078,192.78500366210938,9349318.0
1771965000,192.7899932861328,193.77000427246094,192.66000366210938,192.8699951171875,10170522.0
1771966800,192.855,201.3796,192.0139,192.62,0.0
1771970400,192.6,201.3796,192.4,192.631,0.0
1771974000,192.64,192.84,192.48,192.801,0.0
1772010000,193.55,193.86,193.38,193.67,0.0
1772013600,193.69,193.97,193.66,193.93,0.0
1772017200,193.88,194.44,193.8,194.31,0.0
1772020800,194.28,194.68,194.18,194.27,0.0
1772024400,194.28,194.6884,192.85,194.55,0.0
1772028000,194.56,194.86,194.27,194.47,0.0
1772029800,194.47000122070312,196.55999755859375,193.8000030517578,196.04510498046875,55504706.0
1772033400,196.04010009765625,196.6199951171875,195.5,196.33999633789062,0.0
1772037000,196.3300018310547,197.62989807128906,196.3300018310547,197.36000061035156,17167407.0
1772040600,197.35009765625,197.52999877929688,196.60499572753906,196.7299041748047,48572207.0
1772044200,196.72500610351562,197.4499969482422,196.4810028076172,197.0998992919922,0.0
1772047800,197.08900451660156,197.3699951171875,196.67999267578125,196.89500427246094,13553001.0
1772051400,196.88999938964844,197.2100067138672,195.52000427246094,195.8800048828125,16776117.0
1772053200,195.83,203.49,195.0722,201.07,0.0
1772056800,201.1,206.7285,190.8448,197.4,0.0
1772060400,197.48,197.92,192.71,196.0489,0.0
1772096400,197.45,198.64,197.34,198.64,0.0
1772100000,198.62,198.99,197.74,197.74,0.0
1772103600,197.74,197.89,196.38,197.18,0.0
1772107200,197.09,198.5,197.03,198.38,0.0
1772110800,198.38,198.99,195.4012,197.38,0.0
1772114400,197.4,198.25,193.97,194.27,0.0
1772116200,194.2100067138672,194.2100067138672,185.5800018310547,186.09500122070312,79010681.0
1772119800,186.10000610351562,187.93980407714844,184.5800018310547,187.8249969482422,37958256.0
1772123400,187.77999877929688,187.97000122070312,185.85000610351562,187.5749969482422,21772751.0
1772127000,187.57000732421875,188.1199951171875,184.86000061035156,185.35499572753906,20471972.0
1772130600,185.34500122070312,186.6999969482422,184.822998046875,185.29989624023438,20354965.0
1772134200,185.2949981689453,185.82000732421875,184.31500244140625,184.6898956298828,20238432.0
1772137800,184.67999267578125,185.5500030517578,184.33999633789062,184.89999389648438,17624324.0
1772139600,184.89,186.466,184.5,185.2982,0.0
1772143200,185.3,195.9818,181.3361,185.18,0.0
1772146800,185.17,185.28,184.31,185.16,0.0
1772182800,186.35,186.65,186.14,186.43,0.0
1772186400,186.42,186.58,185.41,185.85,0.0
1772190000,185.85,186.06,185.45,185.45,0.0
1772193600,185.44,185.49,184.3,184.6,0.0
1772197200,184.6,186.68,182.3,182.51,0.0
1772200800,182.51,202.645,181.01,181.21,0.0
1772202600,181.22000122070312,182.5800018310547,179.57000732421875,181.8350067138672,51155508.0
1772206200,181.83999633789062,182.25,181.0,181.02000427246094,17238608.0
1772209800,181.02999877929688,181.4600067138672,179.0500030517578,179.9149932861328,17647740.0
1772213400,179.9250030517578,180.2899932861328,178.64999389648438,178.97000122070312,14614608.0
1772217000,178.97889709472656,179.30999755859375,178.10000610351562,178.6649932861328,16081199.0
1772220600,178.6699981689453,179.6999969482422,178.4199981689453,178.89999389648438,16816888.0
1772224200,178.88999938964844,178.98500061035156,176.3800048828125,177.16000366210938,26068673.0
1772226000,177.14,185.0165,176.9995,177.48,0.0
1772229600,177.48,178.2002,171.7013,177.97,0.0
1772233200,177.9899,178.05,177.19,178.04,0.0
1772442000,174.96,175.74,174.25,175.09,0.0
1772445600,175.1,175.19,174.1,174.45,0.0
1772449200,174.44,175.09,174.26,174.87,0.0
1772452800,174.88,176.09,174.499,174.499,0.0
1772456400,174.47,177.19,173.1,175.18,0.0
1772460000,175.18,196.42,173.9,175.0,0.0
1772461800,174.8000030517578,181.3800048828125,174.63999938964844,180.5,45254437.0
1772465400,180.49000549316406,181.80999755859375,180.00999450683594,180.9199981689453,49699069.0
1772469000,180.93499755859375,183.4600067138672,180.83999633789062,183.05999755859375,0.0
1772472600,183.05499267578125,183.05599975585938,182.2100067138672,182.44509887695312,10237938.0
1772476200,182.4499969482422,182.91000366210938,181.9499969482422,182.64500427246094,55594090.0
1772479800,182.64500427246094,183.0500030517578,181.64500427246094,182.14999389648438,16411672.0
1772483400,182.1699981689453,182.8300018310547,181.99000549316406,182.35000610351562,15836427.0
1772485200,182.36,182.94,142.5261,182.02,0.0
1772488800,182.01,190.0723,177.8272,182.12,0.0
1772492400,182.12,182.2,171.132,181.8769,0.0
1772528400,177.05,179.1,176.8,176.92,0.0
1772532000,176.95,177.41,176.05,176.6,0.0
1772535600,176.6,177.4,176.1,177.15,0.0
1772539200,177.2,178.55,176.77,178.41,0.0
1772542800,178.4,182.48,176.05,178.07,0.0
1772546400,178.05,178.65,176.91,178.65,0.0
1772548200,178.4774932861328,180.52999877929688,177.72000122070312,177.77000427246094,50710924.0
1772551800,177.75999450683594,180.0050048828125,176.9199981689453,179.31500244140625,31236634.0
1772555400,179.31500244140625,180.64999389648438,178.94000244140625,180.10499572753906,19302177.0
1772559000,180.10000610351562,180.39999389648438,178.97999572753906,180.14999389648438,14349165.0
1772562600,180.1699981689453,180.89999389648438,179.44000244140625,179.5500030517578,13694732.0
1772566200,179.55999755859375,180.8699951171875,179.14999389648438,180.2050018310547,17047547.0
1772569800,180.1999969482422,180.56500244140625,179.89999389648438,180.0800018310547,12169048.0
1772571600,180.01,180.12,167.5459,179.535,0.0
1772575200,179.54,180.896,167.5459,179.6298,0.0
1772578800,179.625,180.05,179.21,179.4018,0.0
1772614800,179.64,180.35,179.14,180.35,0.0
1772618400,180.35,182.71,180.17,182.32,0.0
1772622000,182.45,183.42,182.41,182.66,0.0
1772625600,182.66,182.75,180.81,180.82,0.0
1772629200,180.82,183.43,177.35,182.089,0.0
1772632800,182.13,182.52,174.505,180.41,0.0
1772634600,180.3699951171875,183.5500030517578,180.05999755859375,183.47000122070312,49537596.0
1772638200,183.47999572753906,183.63999938964844,181.8000030517578,182.39999389648438,22335669.0
1772641800,182.39999389648438,183.14500427246094,182.32080078125,182.48500061035156,14459566.0
1772645400,182.49000549316406,183.36000061035156,182.19000244140625,183.04989624023438,13044050.0
1772649000,183.0399932861328,184.6999969482422,182.97999572753906,184.30499267578125,21891737.0
1772652600,184.30499267578125,184.33999633789062,182.60000610351562,183.07000732421875,17483899.0
1772656200,183.0749969482422,183.33999633789062,182.60000610351562,182.91000366210938,17451882.0
1772658000,182.9,183.24,171.2796,182.75,0.0
1772661600,182.74,194.2784,170.2037,183.23,0.0
1772665200,183.215,183.33,182.79,183.13,0.0
1772701200,182.2,183.41,182.16,182.79,0.0
1772704800,182.71,183.0,182.4,182.87,0.0
1772708400,182.95,183.0,182.44,182.83,0.0
1772712000,182.81,182.85,182.15,182.45,0.0
1772715600,182.45,183.41,181.26,182.06,0.0
1772719200,182.0589,182.13,181.01,181.0645,0.0
1772721000,181.1699981689453,182.7899932861328,180.80999755859375,181.69500732421875,39187846.0
1772724600,181.6999969482422,184.05999755859375,180.85499572753906,182.77999877929688,26866863.0
1772728200,182.8000030517578,183.8300018310547,181.07000732421875,181.07000732421875,17633964.0
1772731800,181.07000732421875,181.22000122070312,177.88999938964844,178.87989807128906,36802356.0
1772735400,178.8699951171875,181.02000427246094,178.8000030517578,180.72999572753906,17972462.0
1772739000,180.72999572753906,182.38999938964844,179.88999938964844,181.875,20068545.0
1772742600,181.8800048828125,183.4199981689453,181.70010375976562,183.3300018310547,20535969.0
1772744400,183.317,183.35,175.36,182.46,0.0
1772748000,182.499,183.34,169.8531,182.37,0.0
1772751600,182.34,183.04,182.2,182.435,0.0
1772787600,182.77,182.77,181.9,181.92,0.0
1772791200,181.9,182.09,181.44,182.05,0.0
1772794800,181.9,181.95,181.24,181.53,0.0
1772798400,181.54,181.57,180.52,180.89,0.0
1772802000,180.9,183.34,180.5,181.27,0.0
1772805600,181.3,181.4702,178.8,179.7902,0.0
1772807400,179.83999633789062,182.756103515625,179.63999938964844,181.82009887695312,42314271.0
1772811000,181.82000732421875,182.40499877929688,180.89999389648438,181.7100067138672,20012304.0
1772814600,181.718505859375,182.49000549316406,181.02999877929688,181.13999938964844,17253066.0
1772818200,181.13999938964844,181.8249969482422,180.52000427246094,181.46009826660156,14392829.0
1772821800,181.4499969482422,181.7698974609375,180.19000244140625,180.52999877929688,15056438.0
1772825400,180.52000427246094,180.77000427246094,176.9499969482422,177.1300048828125,25886766.0
1772829000,177.13999938964844,178.37989807128906,176.82009887695312,177.69000244140625,26255790.0
1772830800,177.69,179.7988,166.2859,177.87,0.0
1772834400,177.8698,182.6607,166.2859,178.035,0.0
1772838000,178.06,178.29,178.02,178.08,0.0
1773043200,175.7,175.85,175.0,175.5,0.0
1773046800,175.5,177.0,175.4,176.82,0.0
1773050400,176.84,177.66,176.2,176.45,0.0
1773054000,176.42,176.59,175.73,176.18,0.0
1773057600,176.24,177.65,173.7995,176.5,0.0
1773061200,176.48,179.82,175.8115,176.84,0.0
1773063000,176.8300018310547,178.50999450683594,175.55999755859375,178.11000061035156,43221028.0
1773066600,178.08999633789062,179.47999572753906,177.99000549316406,179.18499755859375,19919743.0
1773070200,179.16000366210938,180.62730407714844,178.8000030517578,180.49000549316406,16780073.0
1773073800,180.49000549316406,180.91000366210938,179.17999267578125,179.38999938964844,15945158.0
1773077400,179.39999389648438,180.22000122070312,179.02000427246094,179.91000366210938,12583605.0
1773081000,179.89999389648438,182.07000732421875,179.2899932861328,182.02609252929688,21985315.0
1773084600,182.02999877929688,182.91000366210938,181.4499969482422,182.63999938964844,22182613.0
1773086400,182.64,182.85,171.3878,181.98,0.0
1773090000,181.98,182.0,169.2637,181.81,0.0
1773093600,181.83,182.65,176.8173,181.47,0.0
1773097200,181.44,181.8,181.3,181.36,0.0
1773129600,182.34,183.55,182.33,183.45,0.0
1773133200,183.41,184.18,183.12,183.4,0.0
1773136800,183.4,183.5,182.65,182.94,0.0
1773140400,182.93,183.24,182.57,182.84,0.0
1773144000,182.85,183.8605,181.02,181.66,0.0
1773147600,181.64,182.49,181.51,182.44,0.0
1773149400,182.39999389648438,184.22500610351562,182.01010131835938,184.0449981689453,36549411.0
1773153000,184.0399932861328,186.44000244140625,184.00999450683594,185.9499969482422,31283932.0
1773156600,185.97000122070312,186.1199951171875,185.04969787597656,185.3076934814453,19945381.0
1773160200,185.32000732421875,186.22500610351562,185.22999572753906,186.13499450683594,13122732.0
1773163800,186.1300048828125,186.1300048828125,184.10000610351562,184.889892578125,17940859.0
1773167400,184.88999938964844,185.27000427246094,184.02000427246094,184.39999389648438,17479430.0
1773171000,184.39999389648438,184.83999633789062,183.25,184.75999450683594,20492139.0
1773172800,184.76,185.59,184.63,184.91,0.0
1773176400,184.92,185.07,174.229,184.765,0.0
1773180000,184.74,184.8055,184.46,184.58,0.0
1773183600,184.57,184.86,184.51,184.7603,0.0
1773216000,185.22,185.75,185.02,185.46,0.0
1773219600,185.39,185.49,184.74,184.77,0.0
1773223200,184.78,185.1,184.1,185.06,0.0
1773226800,185.06,185.66,185.05,185.24,0.0
1773230400,185.21,186.25,184.06,185.36,0.0
1773234000,185.37,185.91,184.56,185.91,0.0
1773235800,185.9199981689453,187.6199951171875,184.94000244140625,186.91000366210938,39795140.0
1773239400,186.89010620117188,186.94000244140625,185.06080627441406,185.0749969482422,20362143.0
1773243000,185.0760955810547,185.80650329589844,184.83999633789062,185.55499267578125,14151413.0
1773246600,185.5500030517578,186.0699005126953,185.25,185.61000061035156,10355965.0
1773250200,185.6199951171875,185.6999969482422,184.45010375976562,185.1540069580078,12728588.0
1773253800,185.16000366210938,185.74000549316406,185.02000427246094,185.36000061035156,10974433.0
1773257400,185.36990356445312,186.0399932861328,185.22999572753906,186.00999450683594,10325194.0
1773259200,186.01,187.23,180.627,185.5,0.0
1773262800,185.55,190.8448,174.4123,185.655,0.0
1773266400,185.65,185.6965,184.71,184.91,0.0
1773270000,185.0,185.0,184.03,184.42,0.0
1773302400,184.88,185.39,184.87,184.88,0.0
1773306000,184.86,185.15,184.63,184.95,0.0
1773309600,184.99,185.37,184.89,185.02,0.0
1773313200,185.06,185.36,184.88,185.25,0.0
1773316800,185.24,186.03,183.39,184.735,0.0
1773320400,184.74,187.465,182.18,184.0,0.0
1773322200,184.0500030517578,184.86000061035156,182.0500030517578,182.0850067138672,36646581.0
1773325800,182.0850067138672,182.9600067138672,181.75,182.8800048828125,21123869.0
1773329400,182.8699951171875,184.94000244140625,182.7700958251953,184.25999450683594,21620770.0
1773333000,184.25999450683594,184.72000122070312,183.53500366210938,183.75999450683594,13929708.0
1773336600,183.77000427246094,184.19000244140625,183.1699981689453,183.55499267578125,12712518.0
1773340200,183.5399932861328,183.6199951171875,182.77999877929688,183.44000244140625,14025360.0
1773343800,183.43499755859375,183.6699981689453,182.7200927734375,183.00999450683594,12544443.0
1773345600,183.07,193.3398,182.79,183.25,0.0
1773349200,183.21,193.3398,172.7111,183.0,0.0
1773352800,183.06,183.3999,182.92,183.18,0.0
1773356400,183.18,183.49,182.9,182.9087,0.0
1773388800,182.74,182.89,182.06,182.29,0.0
1773392400,182.29,183.56,182.29,183.23,0.0
1773396000,183.25,183.97,183.06,183.74,0.0
1773399600,183.69,184.85,183.63,184.6,0.0
1773403200,184.6,184.88,182.02,184.7,0.0
1773406800,184.7,185.77,184.55,184.93,0.0
1773408600,184.91000366210938,186.08999633789062,183.61000061035156,183.92210388183594,38715340.0
1773412200,183.9250030517578,184.25,181.66000366210938,181.88340759277344,27389127.0
1773415800,181.88999938964844,182.25,180.72000122070312,181.13999938964844,21151599.0
1773419400,181.13499450683594,181.75999450683594,180.92999267578125,181.5399932861328,14321948.0
1773423000,181.5399932861328,181.58920288085938,180.00999450683594,180.5449981689453,14153135.0
1773426600,180.5399932861328,181.13999938964844,180.27999877929688,180.6999969482422,14593908.0
1773430200,180.7100067138672,180.8249969482422,179.94000244140625,180.26499938964844,16337302.0
1773432000,180.25,180.3,180.01,180.045,0.0
1773435600,180.03,180.3,171.7013,180.2495,0.0
1773439200,180.26,180.58,180.2,180.36,0.0
1773442800,180.36,180.39,180.1,180.1982,0.0
1773648000,181.92,182.31,181.76,181.92,0.0
1773651600,181.92,182.31,181.66,182.0,0.0
1773655200,181.99,182.57,181.53,182.42,0.0
1773658800,182.44,182.6,182.09,182.18,0.0
1773662400,182.23,183.37,180.25,183.0877,0.0
1773666000,183.11,183.92,182.66,182.96,0.0
1773667800,182.97000122070312,185.0500030517578,182.87440490722656,184.07000732421875,25160321.0
1773671400,184.07000732421875,184.9199981689453,183.30499267578125,184.72779846191406,13947723.0
1773675000,184.72000122070312,184.94000244140625,183.6300048828125,183.89500427246094,10572265.0
1773678600,183.90499877929688,185.05999755859375,183.78500366210938,184.76010131835938,9780571.0
1773682200,184.77000427246094,185.52999877929688,184.27000427246094,184.93499755859375,12380863.0
1773685800,184.9398956298828,188.8699951171875,181.67999267578125,181.83380126953125,41293367.0
1773689400,181.85000610351562,183.65499877929688,181.41000366210938,183.1300048828125,18558112.0
1773691200,183.22,184.2743,182.27,182.5886,0.0
1773694800,182.589,190.0723,171.132,182.65,0.0
1773698400,182.7,182.72,182.45,182.6501,0.0
1773702000,182.6448,182.8,182.52,182.7846,0.0
1773734400,183.21,183.72,183.18,183.22,0.0
1773738000,183.25,183.78,182.93,183.78,0.0
1773741600,183.74,183.98,183.44,183.75,0.0
1773745200,183.74,183.95,183.21,183.53,0.0
1773748800,183.54,183.99,182.5,183.6913,0.0
1773752400,183.7,185.2879,183.67,185.07,0.0
1773754200,185.0500030517578,185.39999389648438,181.89999389648438,183.08999633789062,35838393.0
1773757800,183.0800018310547,183.41000366210938,182.24029541015625,182.43499755859375,36924089.0
1773761400,182.43499755859375,183.10000610351562,181.68040466308594,182.69830322265625,0.0
1773765000,182.6999969482422,182.9499969482422,181.8699951171875,182.41000366210938,43422500.0
1773768600,182.41000366210938,183.47000122070312,182.39999389648438,183.0399932861328,0.0
1773772200,183.02999877929688,183.15989685058594,182.05999755859375,182.64010620117188,10839212.0
1773775800,182.63009643554688,182.92999267578125,181.80999755859375,181.9600067138672,10549153.0
1773777600,181.97,182.11,181.65,182.04,0.0
1773781200,182.05,182.1,180.4697,181.99,0.0
1773784800,181.99,182.4,181.9,182.3602,0.0
1773788400,182.3602,182.38,182.13,182.345,0.0
1773820800,183.25,183.58,183.25,183.49,0.0
1773824400,183.45,183.73,183.4,183.68,0.0
1773828000,183.7,183.98,183.57,183.9,0.0
1773831600,183.9,183.95,183.01,183.13,0.0
1773835200,183.14,183.9802,181.93,182.6222,0.0
1773838800,182.55,182.65,181.56,182.57,0.0
1773840600,182.49000549316406,183.3800048828125,180.72999572753906,182.2794952392578,27757729.0
1773844200,182.2805938720703,183.23500061035156,181.83999633789062,182.5399932861328,15580633.0
1773847800,182.5399932861328,182.85000610351562,182.32000732421875,182.74000549316406,9596417.0
1773851400,182.74000549316406,182.7550048828125,181.8300018310547,182.07000732421875,8508642.0
1773855000,182.07000732421875,183.14999389648438,181.82000732421875,182.31500244140625,10044595.0
1773858600,182.30999755859375,182.39500427246094,180.8800048828125,181.2449951171875,14439661.0
1773862200,181.22999572753906,181.38499450683594,180.3300018310547,180.35000610351562,9305558.0
1773864000,180.39,181.9799,174.2422,180.23,0.0
1773867600,180.24,185.5528,168.0016,180.32,0.0
1773871200,180.31,180.32,179.76,180.1699,0.0
1773874800,180.19,180.45,180.14,180.24,0.0
1773907200,179.88,180.11,179.6,179.88,0.0
1773910800,179.87,179.9,179.01,179.12,0.0
1773914400,179.17,180.22,179.11,180.03,0.0
1773918000,180.02,180.2,179.47,179.66,0.0
1773921600,179.68,180.69,178.06,178.53,0.0
1773925200,178.55,180.4,177.83,178.01,0.0
1773927000,178.00999450683594,178.39930725097656,175.78500366210938,177.58999633789062,33648796.0
1773930600,177.58999633789062,179.0500030517578,177.55499267578125,178.23219299316406,15448637.0
1773934200,178.24000549316406,178.94000244140625,177.6649932861328,178.78500366210938,11424087.0
1773937800,178.7899932861328,178.89999389648438,177.55999755859375,178.5449981689453,41821467.0
1773941400,178.5399932861328,179.24000549316406,177.97000122070312,178.9698944091797,0.0
1773945000,178.97999572753906,179.97999572753906,178.08999633789062,179.13499450683594,13879376.0
1773948600,179.1300048828125,179.14990234375,177.91000366210938,178.5,10911447.0
1773950400,178.51,182.5667,167.6182,179.0693,0.0
1773954000,179.0695,182.5667,169.273,179.0899,0.0
1773957600,179.089,179.6,178.86,179.375,0.0
1773961200,179.38,179.49,179.0,179.1692,0.0
1773993600,178.66,179.36,178.51,178.61,0.0
1773997200,178.55,178.79,178.15,178.22,0.0
1774000800,178.2,178.4,177.0,177.47,0.0
1774004400,177.44,177.96,177.44,177.73,0.0
1774008000,177.73,179.3948,177.01,178.36,0.0
1774011600,178.3623,179.1,177.9321,178.01,0.0
1774013400,178.0,178.25999450683594,175.42999267578125,175.73500061035156,54718351.0
1774017000,175.75,176.25,175.0,175.69500732421875,27274362.0
1774020600,175.6999969482422,176.4499969482422,175.55999755859375,175.98849487304688,14754297.0
1774024200,175.98500061035156,175.98500061035156,175.02999877929688,175.07000732421875,12073349.0
1774027800,175.06500244140625,175.08999633789062,173.9600067138672,174.26010131835938,20076641.0
1774031400,174.26499938964844,174.33999633789062,172.37010192871094,172.42999267578125,23159557.0
1774035000,172.4250030517578,173.0399932861328,171.72500610351562,173.0,24605650.0
1774036800,173.0,179.7988,166.2859,174.1499,0.0
1774040400,174.08,179.7988,164.4817,175.08,0.0
1774044000,175.0882,175.48,174.73,175.1693,0.0
1774047600,175.1792,177.67,174.82,174.86,0.0
1774252800,170.29,171.87,170.29,171.45,0.0
1774256400,171.43,172.23,171.21,171.37,0.0
1774260000,171.38,171.41,170.5,170.75,0.0
1774263600,170.74,178.47,170.67,176.72,0.0
1774267200,176.68,178.5,169.34,176.4499,0.0
1774270800,176.43,177.79,176.05,177.37,0.0
1774272600,177.25,178.2279052734375,175.87010192871094,177.875,55566937.0
1774276200,177.86500549316406,178.3699951171875,177.22999572753906,177.5800018310547,23567711.0
1774279800,177.58999633789062,177.77000427246094,174.75999450683594,174.80999755859375,26157500.0
1774283400,174.81500244140625,175.88999938964844,174.80349731445312,175.2949981689453,14902798.0
1774287000,175.27999877929688,176.41000366210938,175.27999877929688,176.10499572753906,13473293.0
1774290600,176.10000610351562,176.9600067138672,176.08999633789062,176.22999572753906,15340354.0
1774294200,176.22500610351562,176.6999969482422,175.5,175.50999450683594,14875311.0
1774296000,175.51,176.8173,164.7617,175.5519,0.0
1774299600,175.5519,185.0,167.3776,175.76,0.0
1774303200,175.75,176.2,175.64,176.1848,0.0
1774306800,176.15,176.2,175.9,176.0,0.0
1774339200,176.46,176.56,175.83,175.91,0.0
1774342800,175.83,176.12,175.08,175.45,0.0
1774346400,175.48,176.0,175.45,175.75,0.0
1774350000,175.74,176.31,175.63,175.89,0.0
1774353600,175.88,176.89,174.38,175.495,0.0
1774357200,175.49,175.64,174.3405,174.76,0.0
1774359000,174.76199340820312,175.89990234375,173.97999572753906,174.25,31849095.0
1774362600,174.2550048828125,176.16000366210938,174.13499450683594,175.61500549316406,25114276.0
1774366200,175.61000061035156,175.89939880371094,174.9199981689453,175.3249969482422,14868329.0
1774369800,175.3300018310547,175.47999572753906,174.38499450683594,174.70730590820312,12064410.0
1774373400,174.6999969482422,175.60000610351562,174.41990661621094,175.4250030517578,11873453.0
1774377000,175.42999267578125,176.22000122070312,175.3000030517578,175.51499938964844,13983547.0
1774380600,175.51780700683594,175.6199951171875,174.86000061035156,175.30999755859375,13261358.0
1774382400,175.32,177.56,175.2,177.15,0.0
1774386000,177.15,178.8647,174.229,176.9,0.0
1774389600,176.93,177.1,176.61,176.96,0.0
1774393200,176.9599,176.99,176.73,176.95,0.0
1774425600,177.01,178.05,177.01,177.8,0.0
1774429200,177.8,177.95,177.11,177.48,0.0
1774432800,177.49,177.9,177.18,177.64,0.0
1774436400,177.64,177.98,177.3,177.96,0.0
1774440000,177.99,178.39,175.2,177.67,0.0
1774443600,177.74,177.85,177.03,177.05,0.0
1774445400,177.10000610351562,180.30999755859375,176.86000061035156,180.05999755859375,47087931.0
1774449000,180.0500030517578,181.21499633789062,179.1999969482422,180.0,31111269.0
1774452600,179.9949951171875,180.05589294433594,178.73500061035156,179.1199951171875,18161118.0
1774456200,179.11000061035156,179.33970642089844,178.50999450683594,178.92999267578125,12018365.0
1774459800,178.94000244140625,179.57000732421875,178.66000366210938,179.02000427246094,12686862.0
1774463400,179.02000427246094,179.1999969482422,177.8300018310547,178.60000610351562,15914397.0
1774467000,178.59500122070312,179.1199951171875,178.25,178.6699981689453,10187015.0
1774468800,178.71,190.8448,167.1443,178.46,0.0
1774472400,178.44,190.8448,166.3531,178.38,0.0
1774476000,178.39,178.4,178.1,178.12,0.0
1774479600,178.15,178.33,178.02,178.04,0.0
1774512000,177.6,177.62,176.89,176.97,0.0
1774515600,176.97,177.12,176.63,176.74,0.0
1774519200,176.74,177.08,176.3,177.0,0.0
1774522800,176.95,177.1,176.43,176.64,0.0
1774526400,176.64,178.68,176.04,176.36,0.0
1774530000,176.36,176.71,175.75,176.16,0.0
1774531800,176.1699981689453,176.5,174.80990600585938,174.82000732421875,36029353.0
1774535400,174.81500244140625,175.15989685058594,173.0399932861328,174.07009887695312,29537109.0
1774539000,174.06500244140625,174.8300018310547,173.7050018310547,173.77499389648438,18378166.0
1774542600,173.77499389648438,174.0,173.33999633789062,173.54010009765625,13236281.0
1774546200,173.5399932861328,173.7100067138672,171.83999633789062,172.09500122070312,22153880.0
1774549800,172.09500122070312,172.5,171.5500030517578,172.125,18593403.0
1774553400,172.12319946289062,172.14999389648438,171.13999938964844,171.22999572753906,17202750.0
1774555200,171.25,172.69,163.7402,172.13,0.0
1774558800,172.13,184.2823,160.6223,172.19,0.0
1774562400,172.19,172.27,171.24,172.23,0.0
1774566000,172.205,172.3,172.08,172.28,0.0
1774598400,172.5,173.06,171.9,171.99,0.0
1774602000,172.0,172.36,171.29,171.98,0.0
1774605600,171.99,172.0,171.4,171.67,0.0
1774609200,171.65,171.72,170.6,171.34,0.0
1774612800,171.33,178.75,170.6,171.72,0.0
1774616400,171.72,177.91,169.69,169.98,0.0
1774618200,169.99000549316406,170.97000122070312,167.8000030517578,167.85000610351562,56166225.0
1774621800,167.8300018310547,169.5699005126953,167.5500030517578,169.5699005126953,27603646.0
1774625400,169.55999755859375,169.94000244140625,168.7100067138672,168.82000732421875,17521361.0
1774629000,168.80999755859375,169.27000427246094,167.8300018310547,167.83999633789062,16758151.0
1774632600,167.83999633789062,168.24000549316406,167.61000061035156,168.0,15062395.0
1774636200,168.0050048828125,168.27000427246094,167.22000122070312,167.42999267578125,17650366.0
1774639800,167.44000244140625,167.92999267578125,167.00999450683594,167.4600067138672,18119318.0
1774641600,167.46,173.8155,156.4134,167.5,0.0
1774645200,167.465,178.68,156.6058,167.31,0.0
1774648800,167.3,167.34,167.0,167.03,0.0
1774652400,167.06,167.09,166.45,166.569,0.0
1774857600,167.77,168.7487,166.72,168.3431,0.0
1774861200,168.4,169.6,168.2822,169.3464,0.0
1774864800,169.34,169.4905,168.54,168.578,0.0
1774868400,168.5758,169.5,167.52,169.22,0.0
1774872000,169.23,169.4,168.4,169.05,0.0
1774875600,169.09,169.44,168.53,168.76,0.0
1774877400,168.73500061035156,169.4499969482422,166.2100067138672,166.91000366210938,44328928.0
1774881000,166.90499877929688,168.25,166.27000427246094,167.0050048828125,25106249.0
1774884600,167.0,168.02000427246094,166.35000610351562,166.47500610351562,19964516.0
1774888200,166.47999572753906,166.9199981689453,165.80999755859375,165.875,16368311.0
1774891800,165.8699951171875,166.4499969482422,165.58999633789062,165.69500732421875,14207997.0
1774895400,165.6999969482422,166.07000732421875,164.2949981689453,164.46310424804688,19702372.0
1774899000,164.46499633789062,165.5399932861328,164.27000427246094,165.05999755859375,18227730.0
1774900800,165.06,165.34,164.525,165.15,0.0
1774904400,165.15,165.17,164.72,164.83,0.0
1774908000,164.87,176.37,164.51,164.55,0.0
1774911600,164.55,164.59,163.5,163.5187,0.0
1774944000,166.32,167.25,165.17,166.74,0.0
1774947600,166.74,166.9707,166.32,166.88,0.0
1774951200,166.8,166.87,166.34,166.6502,0.0
1774954800,166.6463,167.378,165.17,167.0763,0.0
1774958400,167.08,168.1,166.9,167.75,0.0
1774962000,167.72,168.0,166.8,167.02,0.0
1774963800,166.97000122070312,171.0749969482422,166.9600067138672,170.97999572753906,44954815.0
1774967400,170.97999572753906,171.3800048828125,169.55999755859375,170.30499267578125,25991642.0
1774971000,170.3000030517578,171.27999877929688,169.7550048828125,171.0500030517578,18531113.0
1774974600,171.0500030517578,173.8800048828125,170.7550048828125,173.27499389648438,33199113.0
1774978200,173.27999877929688,173.72999572753906,172.27999877929688,173.26499938964844,19348274.0
1774981800,173.25999450683594,174.27499389648438,173.02000427246094,173.93499755859375,21682792.0
1774985400,173.92999267578125,174.6199951171875,173.85499572753906,174.3800048828125,20307842.0
1774987200,174.37,174.85,162.88,174.24,0.0
1774990800,174.27,174.4,173.75,173.93,0.0
1774994400,173.87,174.59,173.7519,174.26,0.0
1774998000,174.29,174.97,174.15,174.97,0.0
1775030400,175.77,176.98,174.4,175.72,0.0
1775034000,175.72,176.0,174.8,175.1517,0.0
1775037600,175.19,175.73,175.15,175.64,0.0
1775041200,175.6,176.95,174.4,176.84,0.0
1775044800,176.81,177.32,174.4,176.3526,0.0
1775048400,176.35,176.85,174.4,176.0,0.0
1775050200,176.0,176.60000610351562,174.75999450683594,176.1999969482422,46071243.0
1775053800,176.19000244140625,177.11500549316406,175.5050048828125,176.48500061035156,22675088.0
1775057400,176.47999572753906,177.3699951171875,176.39999389648438,177.10000610351562,15319849.0
1775061000,177.10000610351562,177.1649932861328,176.61000061035156,176.6649932861328,11191707.0
1775064600,176.6649932861328,176.72000122070312,174.8699951171875,175.0800018310547,16219900.0
1775068200,175.0800018310547,176.32000732421875,174.80499267578125,176.00999450683594,16485638.0
1775071800,176.0050048828125,176.25999450683594,175.50010681152344,175.8000030517578,11838090.0
1775073600,175.81,176.1451,175.55,175.78,0.0
1775077200,175.72,187.67,175.72,175.8565,0.0
1775080800,175.83,176.65,175.72,176.13,0.0
1775084400,176.2,176.45,176.04,176.0799,0.0
1775116800,172.14,175.75,170.91,171.71,0.0
1775120400,171.7,172.04,171.55,171.8,0.0
1775124000,171.84,171.9,171.21,171.2587,0.0
1775127600,171.25,171.9699,170.66,170.6956,0.0
1775131200,170.7,175.75,170.2,170.8305,0.0
1775134800,170.7884,175.75,170.5,172.18,0.0
1775136600,172.17999267578125,175.10000610351562,171.3699951171875,174.0449981689453,45441550.0
1775140200,174.02999877929688,177.14999389648438,173.9199981689453,176.67999267578125,24382227.0
1775143800,176.6999969482422,177.02000427246094,175.72000122070312,176.125,14120301.0
1775147400,176.1199951171875,176.9199981689453,175.77000427246094,176.77499389648438,9243660.0
1775151000,176.7899932861328,177.0500030517578,176.110107421875,176.5399932861328,9736315.0
1775154600,176.5500030517578,177.47000122070312,176.52000427246094,176.90499877929688,12773281.0
1775158200,176.89999389648438,177.47999572753906,176.86000061035156,177.39999389648438,10781288.0
1775160000,177.39,177.49,176.819,177.0488,0.0
1775163600,177.0,177.39,176.78,176.905,0.0
1775167200,176.92,177.0,176.69,176.73,0.0
1775170800,176.71,176.85,176.62,176.66,0.0
1775462400,177.9488,178.7195,177.05,178.64,0.0
1775466000,178.65,179.1763,178.64,178.9569,0.0
1775469600,178.95,178.95,178.0,178.3525,0.0
1775473200,178.31,178.35,177.2,177.82,0.0
1775476800,177.82,178.15,177.81,177.955,0.0
1775480400,177.97,178.04,176.325,177.1335,0.0
1775482200,177.0800018310547,177.4600067138672,175.75999450683594,176.77999877929688,31902106.0
1775485800,176.77999877929688,176.9550018310547,176.18350219726562,176.48609924316406,14423208.0
1775489400,176.49000549316406,177.61000061035156,176.4499969482422,177.15499877929688,10776969.0
1775493000,177.1501007080078,177.44000244140625,176.10000610351562,176.93499755859375,10043504.0
1775496600,176.9320068359375,177.3000030517578,176.44500732421875,176.98500061035156,10372408.0
1775500200,176.97500610351562,177.4199981689453,176.75,177.2200927734375,8384391.0
1775503800,177.22000122070312,177.67999267578125,177.0749969482422,177.63999938964844,8330957.0
1775505600,177.64,178.68,176.9991,177.4805,0.0
1775509200,177.49,177.6,177.03,177.25,0.0
1775512800,177.24,177.37,176.65,176.8305,0.0
1775516400,176.8297,177.0,176.72,176.75,0.0
1775548800,176.5025,177.64,176.0597,177.16,0.0
1775552400,177.15,177.4772,176.7,176.8812,0.0
1775556000,176.8412,177.12,175.81,176.5817,0.0
1775559600,176.56,177.64,175.2,175.5978,0.0
1775563200,175.61,175.7,174.8,175.5,0.0
1775566800,175.45,175.782,175.01,175.63,0.0
1775568600,175.75,176.99000549316406,174.44000244140625,175.0800018310547,31133504.0
1775572200,175.08999633789062,175.1699981689453,173.66000366210938,175.01010131835938,18582815.0
1775575800,175.02000427246094,175.9499053955078,174.69000244140625,175.41000366210938,13773231.0
1775579400,175.39999389648438,175.9470977783203,175.27999877929688,175.38999938964844,9482355.0
1775583000,175.38999938964844,176.17999267578125,175.34500122070312,175.69960021972656,10391810.0
1775586600,175.69500732421875,176.8699951171875,174.9801025390625,176.2899932861328,13809826.0
1775590200,176.27499389648438,178.2050018310547,176.0800018310547,178.09500122070312,15240344.0
1775592000,178.1,179.89,177.85,178.317,0.0
1775595600,178.26,178.71,178.1,178.6,0.0
1775599200,178.7,182.44,177.54,182.4101,0.0
1775602800,182.4103,183.66,182.0,183.2601,0.0
1775635200,183.5,184.51,178.1,184.47,0.0
1775638800,184.48,185.1,184.32,184.76,0.0
1775642400,184.76,185.05,184.43,185.03,0.0
1775646000,185.01,185.22,183.77,184.47,0.0
1775649600,184.44,184.85,184.0492,184.4521,0.0
1775653200,184.4587,184.95,184.1691,184.47,0.0
1775655000,184.4499969482422,185.25,181.2550048828125,181.8000030517578,51602936.0
1775658600,181.79510498046875,181.92970275878906,180.30999755859375,181.3000030517578,20915113.0
1775662200,181.3000030517578,182.02999877929688,181.1300048828125,181.4499969482422,11893338.0
1775665800,181.4499969482422,181.80999755859375,181.375,181.44500732421875,9159925.0
1775669400,181.44500732421875,182.17999267578125,181.2949981689453,181.70030212402344,10518995.0
1775673000,181.7075958251953,182.0500030517578,181.10000610351562,181.7050018310547,11151138.0
1775676600,181.6999969482422,182.3000030517578,181.64999389648438,182.10000610351562,11293205.0
1775678400,182.11,190.8448,175.7997,181.74,0.0
1775682000,181.74,190.8448,174.4123,181.53,0.0
1775685600,181.549,181.64,181.0,181.13,0.0
1775689200,181.09,181.3,180.85,180.9401,0.0
1775721600,182.0,182.08,180.0,180.33,0.0
1775725200,180.33,180.7688,180.3,180.69,0.0
1775728800,180.73,180.98,180.549,180.6807,0.0
1775732400,180.7053,182.08,180.5,180.79,0.0
1775736000,180.7797,182.08,180.7797,181.05,0.0
1775739600,181.09,181.92,180.69,181.8,0.0
1775741400,181.83999633789062,182.25999450683594,180.62010192871094,181.625,26761935.0
1775745000,181.61000061035156,183.52999877929688,181.38999938964844,182.8350067138672,18257065.0
1775748600,182.8300018310547,183.9600067138672,182.72000122070312,183.53500366210938,13985168.0
1775752200,183.52999877929688,183.88999938964844,183.10000610351562,183.4600067138672,9528547.0
1775755800,183.4550018310547,183.73959350585938,183.0,183.10000610351562,9518565.0
1775759400,183.0800018310547,183.8300018310547,182.9199981689453,183.64500427246094,9176370.0
1775763000,183.64999389648438,184.0800018310547,183.60000610351562,183.85000610351562,10974717.0
1775764800,183.91,193.3398,177.64,183.68,0.0
1775768400,183.67,183.91,181.3361,183.52,0.0
1775772000,183.525,195.9818,183.18,183.19,0.0
1775775600,183.2,183.39,182.8995,183.02,0.0
1775808000,183.19,183.91,182.84,183.05,0.0
1775811600,183.0537,183.29,182.55,182.9877,0.0
1775815200,182.99,183.2558,182.3,183.166,0.0
1775818800,183.06,183.5,182.9,183.34,0.0
1775822400,183.33,183.86,183.17,183.73,0.0
1775826000,183.74,184.4,183.63,184.3,0.0
1775827800,184.4199981689453,187.9199981689453,184.3000030517578,187.8249969482422,41841686.0
1775831400,187.8350067138672,190.0,187.72999572753906,189.47999572753906,32319743.0
1775835000,189.48500061035156,189.5800018310547,188.09500122070312,188.45469665527344,17852756.0
1775838600,188.4499969482422,188.6199951171875,187.92999267578125,188.1470947265625,12587920.0
1775842200,188.13999938964844,189.0,187.9600067138672,188.5850067138672,10697184.0
1775845800,188.5800018310547,189.69000244140625,188.38009643554688,189.38999938964844,13701728.0
1775849400,189.38499450683594,189.38499450683594,188.11000061035156,188.63999938964844,14162426.0
1775851200,188.73,188.85,178.68,188.7305,0.0
1775854800,188.75,188.75,188.32,188.4,0.0
1775858400,188.4,188.43,188.17,188.1809,0.0
1775862000,188.18,188.44,188.11,188.4199,0.0
1776067200,186.19,186.2,185.12,186.02,0.0
1776070800,186.0253,186.7,185.9,186.54,0.0
1776074400,186.54,186.67,186.07,186.2658,0.0
1776078000,186.25,188.63,185.82,186.2052,0.0
1776081600,186.29,186.29,185.45,185.749,0.0
1776085200,185.73,186.22,185.49,186.0,0.0
1776087000,186.02000427246094,188.47999572753906,185.74000549316406,188.41990661621094,35943745.0
1776090600,188.41000366210938,189.64999389648438,188.13499450683594,188.6107940673828,18922601.0
1776094200,188.6199951171875,188.89990234375,187.9199981689453,188.44509887695312,13963685.0
1776097800,188.44000244140625,188.64990234375,187.85000610351562,188.2050018310547,11181831.0
1776101400,188.2100067138672,188.4199981689453,187.97000122070312,188.0198974609375,9120812.0
1776105000,188.00999450683594,188.88999938964844,187.99000549316406,188.7050018310547,10976974.0
1776108600,188.6999969482422,189.4550018310547,188.38999938964844,189.2100067138672,12534805.0
1776110400,189.2,199.969,188.29,188.9773,0.0
1776114000,189.0,199.969,177.8272,188.99,0.0
1776117600,189.03,190.0723,181.4671,189.25,0.0
1776121200,189.25,189.37,189.0,189.0065,0.0
1776153600,189.59,190.21,188.91,189.8985,0.0
1776157200,189.9,190.0,189.8,189.8716,0.0
1776160800,189.87,189.9,189.63,189.7025,0.0
1776164400,189.7,190.63,189.31,190.56,0.0
1776168000,190.5695,190.87,190.38,190.6868,0.0
1776171600,190.6883,191.11,190.0,190.9108,0.0
1776173400,190.8300018310547,193.30999755859375,190.8000030517578,192.86000061035156,43520464.0
1776177000,192.8699951171875,193.72999572753906,192.66000366210938,193.44500732421875,19306493.0
1776180600,193.44500732421875,194.94000244140625,193.3300018310547,194.79989624023438,18612294.0
1776184200,194.80589294433594,194.99000549316406,194.33999633789062,194.72500610351562,13990697.0
1776187800,194.72999572753906,194.89999389648438,194.38999938964844,194.5800018310547,8811868.0
1776191400,194.5749969482422,196.33999633789062,194.56500244140625,196.20989990234375,19309999.0
1776195000,196.1999969482422,196.5,195.57000732421875,196.49000549316406,16494329.0
1776196800,196.49,208.233,192.9518,196.35,0.0
1776200400,196.37,196.51,195.61,195.82,0.0
1776204000,195.81,208.233,192.9518,195.845,0.0
1776207600,195.84,196.25,195.83,196.19,0.0
1776240000,195.87,196.51,195.04,196.1,0.0
1776243600,196.15,196.2402,195.35,195.54,0.0
1776247200,195.49,195.5163,194.7322,194.9706,0.0
1776250800,195.0021,196.64,194.862,196.075,0.0
1776254400,196.07,196.52,195.39,195.46,0.0
1776258000,195.48,196.6605,195.36,196.51,0.0
1776259800,196.5500030517578,199.5800018310547,196.25999450683594,199.24000549316406,47272775.0
1776263400,199.25990295410156,199.94000244140625,199.02000427246094,199.80999755859375,23088432.0
1776267000,199.7949981689453,200.39999389648438,199.08999633789062,199.125,23311405.0
1776270600,199.1201934814453,199.13999938964844,196.13999938964844,196.97000122070312,22601798.0
1776274200,196.9550018310547,197.7100067138672,195.74000549316406,196.9698944091797,16412953.0
1776277800,196.9600067138672,198.27000427246094,196.95249938964844,198.23989868164062,14111714.0
1776281400,198.24000549316406,199.1699981689453,198.02000427246094,198.8677978515625,16516099.0
1776283200,198.85,204.3475,184.51,198.3124,0.0
1776286800,198.325,198.39,198.18,198.19,0.0
1776290400,198.15,199.2898,194.2784,198.41,0.0
1776294000,198.4115,204.3475,194.2784,198.49,0.0
1776326400,199.51,200.2285,198.87,199.53,0.0
1776330000,199.52,199.84,199.3,199.625,0.0
1776333600,199.59,199.77,198.8315,198.89,0.0
1776337200,198.87,198.8837,196.8,198.01,0.0
1776340800,198.03,198.25,197.5,197.765,0.0
1776344400,197.7541,198.1,190.345,197.46,0.0
1776346200,197.42999267578125,197.75999450683594,195.80999755859375,197.3699951171875,34867030.0
1776349800,197.3699951171875,199.85000610351562,197.30999755859375,199.00999450683594,19694478.0
1776353400,199.02000427246094,199.6300048828125,198.40029907226562,198.6199951171875,14184255.0
1776357000,198.61500549316406,198.85000610351562,197.75,198.4149932861328,12103065.0
1776360600,198.4174041748047,198.7299041748047,197.3000030517578,197.4949951171875,11223279.0
1776364200,197.49000549316406,198.38999938964844,197.48500061035156,198.1199951171875,13497268.0
1776367800,198.1199951171875,198.77000427246094,198.09500122070312,198.24000549316406,11174544.0
1776369600,198.25,211.4304,187.98,197.9687,0.0
1776373200,197.97,211.5445,193.1195,197.665,0.0
1776376800,197.67,198.08,197.67,197.8901,0.0
1776380400,197.8903,198.0,197.71,197.8997,0.0
1776412800,198.0665,198.438,197.6292,198.37,0.0
1776416400,198.36,198.6682,198.0672,198.56,0.0
1776420000,198.56,198.92,198.43,198.74,0.0
1776423600,198.7,198.9102,198.5152,198.765,0.0
1776427200,198.76,199.4,198.43,199.4,0.0
1776430800,199.4,201.65,198.53,199.835,0.0
1776432600,199.8800048828125,201.67999267578125,199.27000427246094,200.375,55123160.0
1776436200,200.375,200.99000549316406,200.02000427246094,200.63999938964844,17346281.0
1776439800,200.63499450683594,201.39999389648438,200.22999572753906,200.69000244140625,18546450.0
1776443400,200.6999969482422,200.8699951171875,199.47000122070312,199.8800048828125,13021821.0
1776447000,199.8699951171875,200.88510131835938,199.84010314941406,200.64999389648438,10962127.0
1776450600,200.66000366210938,201.47999572753906,200.5500030517578,201.25999450683594,11941766.0
1776454200,201.27999877929688,201.6999969482422,201.1199951171875,201.64999389648438,11970481.0
1776456000,201.63,201.88,200.61,201.4,0.0
1776459600,201.4,201.44,192.8472,201.2515,0.0
1776463200,201.25,201.68,198.5073,201.119,0.0
1776466800,201.105,201.11,200.91,201.0,0.0
1776675600,199.181,199.22,199.1127,199.2188,0.0
1776679200,199.2,199.54,198.95,199.4988,0.0
1776682800,199.4645,201.68,199.2035,199.56,0.0
1776686400,199.53,201.176,199.4501,199.78,0.0
1776690000,199.77,200.5,199.61,199.92,0.0
1776691800,199.97999572753906,200.52000427246094,198.4199981689453,199.1300048828125,31888414.0
1776695400,199.11500549316406,199.41929626464844,197.83970642089844,199.27000427246094,18660733.0
1776699000,199.25999450683594,199.45989990234375,198.4199981689453,199.18499755859375,12893600.0
1776702600,199.1999969482422,199.8000030517578,199.13999938964844,199.5299072265625,6997175.0
1776706200,199.52999877929688,200.72999572753906,199.4499969482422,200.58999633789062,13358656.0
1776709800,200.60000610351562,201.24000549316406,200.3800048828125,201.1300048828125,10484052.0
1776713400,201.1300048828125,202.16000366210938,201.08999633789062,202.11000061035156,12574882.0
1776715200,202.06,216.0287,200.0422,201.92,0.0
1776718800,201.915,206.0108,201.5,201.66,0.0
1776722400,201.66,216.0287,201.59,201.94,0.0
1776726000,201.93,201.98,196.765,201.725,0.0
1776758400,201.8,202.06,201.5835,201.87,0.0
1776762000,201.87,202.04,201.7512,201.85,0.0
1776765600,201.83,202.0882,201.76,202.01,0.0
1776769200,201.99,202.91,201.99,202.6,0.0
1776772800,202.5921,202.96,202.54,202.9,0.0
1776776400,202.9,202.98,202.01,202.21,0.0
1776778200,202.1300048828125,202.75,200.83999633789062,201.88999938964844,26931641.0
1776781800,201.88999938964844,202.0500030517578,200.57090759277344,201.0500030517578,13287102.0
1776785400,201.05999755859375,201.3800048828125,199.8699951171875,199.89500427246094,11146811.0
1776789000,199.88999938964844,200.31910705566406,199.0,199.32000732421875,10479999.0
1776792600,199.34010314941406,200.3800048828125,199.25999450683594,199.93099975585938,10018449.0
1776796200,199.9499969482422,200.97000122070312,199.9499969482422,200.95700073242188,9959608.0
1776799800,200.9600067138672,201.16000366210938,199.17999267578125,199.91000366210938,11675449.0
1776801600,199.88,201.3796,199.56,200.38,0.0
1776805200,200.425,212.9972,199.88,200.35,0.0
1776808800,200.35,200.6,200.29,200.4095,0.0
1776812400,200.4074,200.76,200.3928,200.7003,0.0
1776844800,201.357,201.4,199.88,201.0491,0.0
1776848400,201.04,201.3488,200.84,201.2407,0.0
1776852000,201.2663,201.2888,200.78,201.0,0.0
1776855600,200.9988,201.2889,199.88,201.08,0.0
1776859200,201.0794,201.4402,200.4,201.07,0.0
1776862800,201.06,201.15,200.39,200.955,0.0
1776864600,201.0,201.10000610351562,199.32000732421875,200.36000061035156,25702217.0
1776868200,200.35009765625,201.8699951171875,200.2899932861328,201.6009063720703,16102669.0
1776871800,201.60000610351562,201.6999969482422,200.92999267578125,201.09500122070312,8980435.0
1776875400,201.08999633789062,201.97999572753906,200.9499969482422,201.7449951171875,8787583.0
1776879000,201.75999450683594,202.4875030517578,201.6199951171875,201.6649932861328,11135412.0
1776882600,201.6649932861328,202.02000427246094,201.22999572753906,201.6750030517578,9664746.0
1776886200,201.66990661621094,202.5,201.59500122070312,202.4199981689453,11389298.0
1776888000,202.4,202.54,198.87,202.2099,0.0
1776891600,202.2,202.55,190.8448,202.45,0.0
1776895200,202.35,202.55,202.13,202.17,0.0
1776898800,202.2,202.32,202.1,202.2587,0.0
1776931200,201.7,202.5,200.5926,201.17,0.0
1776934800,201.17,201.24,200.5,200.784,0.0
1776938400,200.75,201.0,200.6,200.9685,0.0
1776942000,200.94,202.5,200.9112,201.53,0.0
1776945600,201.57,202.72,201.3,202.25,0.0
1776949200,202.26,202.59,201.77,202.35,0.0
1776951000,202.39999389648438,203.82899475097656,201.10499572753906,201.76010131835938,27402057.0
1776954600,201.78880310058594,203.11000061035156,201.76010131835938,202.5084991455078,12933498.0
1776958200,202.5050048828125,202.72000122070312,200.9600067138672,201.10629272460938,12307243.0
1776961800,201.10499572753906,201.91000366210938,199.2100067138672,199.43499755859375,11762619.0
1776965400,199.4499969482422,200.13999938964844,197.22059631347656,199.13999938964844,16660403.0
1776969000,199.13999938964844,199.64999389648438,198.185302734375,199.11000061035156,8347959.0
1776972600,199.1199951171875,199.7100067138672,198.6999969482422,199.7100067138672,8139245.0
1776974400,199.71,206.5513,193.3398,198.89,0.0
1776978000,198.825,203.8033,193.3398,198.83,0.0
1776981600,198.81,199.64,198.78,199.16,0.0
1776985200,199.175,199.6,199.02,199.5,0.0
1777017600,199.9975,200.3,199.26,200.0017,0.0
1777021200,200.01,200.0682,199.3685,199.44,0.0
1777024800,199.44,199.86,199.06,199.86,0.0
1777028400,199.86,201.64,199.4325,201.46,0.0
1777032000,201.45,201.79,200.5,200.64,0.0
1777035600,200.69,200.82,199.72,199.998,0.0
1777037400,199.9600067138672,203.22000122070312,199.80999755859375,202.60499572753906,36820806.0
1777041000,202.60499572753906,209.74000549316406,202.47999572753906,208.9158935546875,53306667.0
1777044600,208.91969299316406,210.0,208.3300018310547,209.5749969482422,31167268.0
1777048200,209.5749969482422,210.9499969482422,209.02999877929688,209.3300018310547,23047260.0
1777051800,209.30999755859375,209.72000122070312,208.14999389648438,208.1927032470703,14007833.0
1777055400,208.18499755859375,209.2790069580078,207.68499755859375,208.51800537109375,18107042.0
1777059000,208.50999450683594,208.61000061035156,207.5500030517578,208.19000244140625,16073082.0
1777060800,208.17,215.5875,207.9,208.07,0.0
1777064400,208.09,221.6755,204.4257,207.83,0.0
1777068000,207.8301,219.4836,207.8,207.9492,0.0
1777071600,207.935,208.385,207.92,208.1205,0.0
1777276800,208.54,210.49,208.22,208.46,0.0
1777280400,208.45,209.22,208.4,209.06,0.0
1777284000,209.03,210.59,209.0,210.2465,0.0
1777287600,210.25,212.12,210.05,211.67,0.0
1777291200,211.67,211.9,207.75,210.6,0.0
1777294800,210.6783,210.74,202.43,209.7,0.0
1777296600,209.64500427246094,211.9499969482422,208.39999389648438,208.69500732421875,46698474.0
1777300200,208.6999969482422,209.92999267578125,207.3800048828125,209.8800048828125,18121354.0
1777303800,209.88999938964844,211.63999938964844,209.77000427246094,211.4550018310547,16541416.0
1777307400,211.4600067138672,214.25999450683594,211.40499877929688,213.61000061035156,25911233.0
1777311000,213.6199951171875,216.25999450683594,213.5800018310547,215.6999969482422,24409920.0
1777314600,215.6649932861328,216.3800048828125,214.82000732421875,215.49000549316406,20512380.0
1777318200,215.48500061035156,216.82000732421875,215.3000030517578,216.6300048828125,15881349.0
1777320000,216.63,217.66,216.43,217.15,0.0
1777323600,217.14,241.1661,143.506,217.3301,0.0
1777327200,217.33,229.1204,202.5263,217.9982,0.0
1777330800,217.96,218.8,217.95,218.74,0.0
1777363200,215.9497,217.31,214.5,215.55,0.0
1777366800,215.48,216.14,213.86,214.02,0.0
1777370400,214.0,214.0427,212.35,213.15,0.0
1777374000,213.19,216.61,211.35,211.61,0.0
1777377600,211.61,211.61,208.68,209.0,0.0
1777381200,208.99,210.53,208.8,209.51,0.0
1777383000,209.5050048828125,213.6699981689453,208.1999969482422,212.375,57845453.0
1777386600,212.3699951171875,212.74000549316406,208.35000610351562,209.10000610351562,28861244.0
1777390200,209.10989379882812,210.65499877929688,208.58999633789062,210.11000061035156,15869340.0
1777393800,210.10000610351562,210.9550018310547,209.30999755859375,210.7899932861328,12687956.0
1777397400,210.7899932861328,213.0,210.78500366210938,212.84500122070312,13579691.0
1777401000,212.8498992919922,214.72999572753906,212.47000122070312,214.06500244140625,20176181.0
1777404600,214.05999755859375,214.42999267578125,213.0,213.14999389648438,12274582.0
1777406400,213.16,219.4824,208.233,212.53,0.0
1777410000,212.5595,218.6291,212.3,212.3982,0.0
1777413600,212.365,224.9013,200.674,212.335,0.0
1777417200,212.36,224.9013,205.6974,212.6195,0.0
1777449600,213.51,214.0487,212.51,213.28,0.0
1777453200,213.29,213.49,212.6,213.2,0.0
1777456800,213.2,214.44,212.74,214.28,0.0
1777460400,214.27,214.3988,213.17,214.19,0.0
1777464000,214.14,214.2,213.32,213.42,0.0
1777467600,213.45,213.75,212.54,212.7,0.0
1777469400,212.71499633789062,212.71499633789062,209.75,211.11000061035156,29242173.0
1777473000,211.11000061035156,211.9499969482422,210.375,210.8000030517578,14808343.0
1777476600,210.80999755859375,211.39999389648438,209.66000366210938,209.6699981689453,12425477.0
1777480200,209.66000366210938,209.86000061035156,208.55999755859375,209.43699645996094,12347642.0
1777483800,209.4499969482422,209.69000244140625,207.5941925048828,208.0449981689453,11516524.0
1777487400,208.0500030517578,209.5,207.5758056640625,209.3249969482422,12533817.0
1777491000,209.30999755859375,209.44000244140625,208.67999267578125,209.3000030517578,10885625.0
1777492800,209.35,219.648,199.2898,208.36,0.0
1777496400,208.33,219.648,199.2898,208.94,0.0
1777500000,208.88,211.62,208.2,210.7999,0.0
1777503600,210.78,211.41,210.46,211.125,0.0
1777536000,209.95,210.3,207.0,210.23,0.0
1777539600,210.24,210.8,209.824,210.48,0.0
1777543200,210.55,210.95,210.2,210.8012,0.0
1777546800,210.84,211.09,210.27,211.04,0.0
1777550400,211.035,211.1,210.5,210.9322,0.0
1777554000,210.97,211.1,209.95,210.0,0.0
1777555800,209.93899536132812,210.3000030517578,199.77999877929688,200.61500549316406,0.0
1777559400,200.61000061035156,202.4600067138672,198.6999969482422,201.3209991455078,95178344.0
1777563000,201.3000030517578,201.82000732421875,199.4199981689453,200.13999938964844,20337941.0
1777566600,200.14500427246094,201.0500030517578,199.32000732421875,200.47999572753906,16011537.0
1777570200,200.47999572753906,201.72999572753906,200.25999450683594,200.77499389648438,15835799.0
1777573800,200.77000427246094,202.0,200.74000549316406,200.82000732421875,17412627.0
1777577400,200.58999633789062,201.0084991455078,199.5,199.52999877929688,19896461.0
1777579200,199.531,211.4094,199.01,200.16,0.0
1777582800,200.13,211.5445,197.3564,200.2,0.0
1777586400,200.21,200.65,199.57,200.2,0.0
1777590000,200.155,200.38,200.0,200.0097,0.0
1777622400,200.6,201.0075,199.57,200.29,0.0
1777626000,200.3,200.42,199.78,200.33,0.0
1777629600,200.31,200.5,200.0437,200.302,0.0
1777633200,200.31,200.58,200.05,200.38,0.0
1777636800,200.3499,201.57,188.63,201.03,0.0
1777640400,201.0293,212.93,178.1,201.37,0.0
1777642200,201.27999877929688,203.0,199.13999938964844,199.3000030517578,34778609.0
1777645800,199.30499267578125,200.0500030517578,197.1199951171875,198.92999267578125,23090131.0
1777649400,198.92999267578125,199.85000610351562,198.47999572753906,198.65499877929688,12209876.0
1777653000,198.64239501953125,200.1999969482422,198.55999755859375,199.85000610351562,9257551.0
1777656600,199.85000610351562,200.2899932861328,198.92999267578125,199.13009643554688,8524694.0
1777660200,199.1300048828125,199.8300018310547,198.17999267578125,199.71499633789062,12173166.0
1777663800,199.72000122070312,199.9199981689453,198.22000122070312,198.4199981689453,11233757.0
1777665600,198.39,200.0397,192.8472,198.26,0.0
1777669200,198.35,242.8142,152.613,198.28,0.0
1777672800,198.28,198.3,198.12,198.1395,0.0
1777676400,198.14,198.3,198.01,198.13,0.0
1777881600,199.75,199.9887,199.21,199.4352,0.0
1777885200,199.44,199.79,199.4,199.6385,0.0
1777888800,199.62,199.66,196.5,197.45,0.0
1777892400,197.46,198.63,197.4,198.3504,0.0
1777896000,198.35,199.21,197.93,199.16,0.0
1777899600,199.16,199.69,190.84,199.58,0.0
1777901400,198.52000427246094,201.72999572753906,197.33999633789062,197.375,34264236.0
1777905000,197.3800048828125,198.39999389648438,194.74000549316406,195.75599670410156,21273947.0
1777908600,195.8000030517578,196.5894012451172,194.86000061035156,196.22000122070312,16464990.0
1777912200,196.22979736328125,197.82000732421875,196.11000061035156,197.3000030517578,9864130.0
1777915800,197.2899932861328,199.1999969482422,196.91000366210938,198.22999572753906,12056404.0
1777919400,198.24000549316406,198.72999572753906,197.35000610351562,198.63999938964844,10678723.0
1777923000,198.6300048828125,199.17999267578125,198.0,198.55999755859375,9210772.0
1777924800,198.56,198.75,197.73,197.82,0.0
1777928400,197.81,198.48,197.8,198.05,0.0
1777932000,198.0,208.7754,197.59,197.77,0.0
1777935600,197.79,206.0108,197.62,197.67,0.0
1777968000,198.84,199.1987,198.07,198.78,0.0
1777971600,198.7785,198.95,198.33,198.76,0.0
1777975200,198.77,199.26,198.62,199.11,0.0
1777978800,199.08,199.205,198.26,198.43,0.0
1777982400,198.469,199.26,198.43,199.02,0.0
1777986000,199.0425,199.989,199.0425,199.3,0.0
1777987800,199.3000030517578,200.24000549316406,197.5,198.52499389648438,30544680.0
1777991400,198.5200958251953,198.6999969482422,196.66000366210938,197.0301971435547,16517108.0
1777995000,197.03500366210938,198.5,196.83009338378906,197.97500610351562,11108809.0
1777998600,197.9698944091797,198.10000610351562,197.14999389648438,197.78500366210938,7386811.0
1778002200,197.78500366210938,197.97999572753906,196.99000549316406,197.5,8102043.0
1778005800,197.5,197.64999389648438,196.24000549316406,196.30999755859375,11553147.0
1778009400,196.30499267578125,196.60000610351562,196.02999877929688,196.5,9641519.0
1778011200,196.47,201.3796,195.78,196.7848,0.0
1778014800,196.79,199.0555,196.0,196.135,0.0
1778018400,196.135,197.18,195.5,196.76,0.0
1778022000,196.75,201.3796,196.33,197.4204,0.0
1778054400,196.6,197.2388,196.14,197.15,0.0
1778058000,197.12,199.41,197.1153,199.2185,0.0
1778061600,199.2,201.1,199.1025,201.08,0.0
1778065200,201.03,201.75,200.26,201.19,0.0
1778068800,201.0,202.7,200.0,200.4234,0.0
1778072400,200.37,200.67,199.23,199.839,0.0
1778074200,199.80999755859375,205.64999389648438,198.61000061035156,203.9499969482422,57596744.0
1778077800,203.9694061279297,206.79989624023438,203.50999450683594,206.35000610351562,22958803.0
1778081400,206.3800048828125,207.17999267578125,204.60000610351562,205.2698974609375,16072083.0
1778085000,205.25999450683594,205.52000427246094,203.9499969482422,205.0699005126953,11073902.0
1778088600,205.07000732421875,207.2100067138672,204.96009826660156,207.02000427246094,12300158.0
1778092200,207.03880310058594,208.0500030517578,206.51300048828125,207.6199951171875,16853634.0
1778095800,207.61000061035156,208.26499938964844,206.88999938964844,207.6649932861328,17143139.0
1778097600,207.83,208.7,207.0,207.1,0.0
1778101200,207.04,207.83,205.45,205.84,0.0
1778104800,205.9,207.83,205.77,206.34,0.0
1778108400,206.32,207.33,206.21,207.2595,0.0
1778140800,209.0,209.9475,207.12,208.96,0.0
1778144400,209.0,209.77,208.4,208.81,0.0
1778148000,208.79,209.12,208.1585,208.6,0.0
1778151600,208.65,209.25,207.84,207.91,0.0
1778155200,207.99,208.35,197.5188,207.1995,0.0
1778158800,207.18,209.6,206.93,208.3352,0.0
1778160600,208.31500244140625,214.02999877929688,206.5,213.1300048828125,51861512.0
1778164200,213.1300048828125,214.1999969482422,210.72999572753906,211.95599365234375,25332727.0
1778167800,211.98500061035156,213.86000061035156,210.6199951171875,213.5749969482422,20878239.0
1778171400,213.57000732421875,214.14999389648438,210.9499969482422,212.0,15159207.0
1778175000,211.9499969482422,213.1988067626953,211.44000244140625,212.7884979248047,13016590.0
1778178600,212.77000427246094,213.25999450683594,211.4199981689453,212.02999877929688,11919279.0
1778182200,212.03070068359375,212.5800018310547,211.22999572753906,211.50999450683594,10318267.0
1778184000,211.5,222.3682,199.02,211.8901,0.0
1778187600,211.895,212.0,209.2,209.8604,0.0
1778191200,209.92,223.8906,209.9,210.29,0.0
1778194800,210.255,211.49,210.25,211.4335,0.0
1778227200,213.79,214.04,211.5,214.0299,0.0
1778230800,214.01,214.2,213.5,214.15,0.0
1778234400,214.15,214.19,213.3,213.63,0.0
1778238000,213.64,213.728,213.12,213.45,0.0
1778241600,213.47,213.62,213.0,213.3,0.0
1778245200,213.26,214.05,212.97,212.987,0.0
1778247000,213.02999877929688,217.8000030517578,212.88999938964844,215.2899932861328,43322899.0
1778250600,215.3112030029297,216.8000030517578,214.30999755859375,216.25999450683594,18072660.0
1778254200,216.27999877929688,217.1999969482422,215.16000366210938,215.88999938964844,13308112.0
1778257800,215.89999389648438,216.0998992919922,215.00999450683594,215.6750030517578,8779609.0
1778261400,215.68499755859375,215.80499267578125,214.85000610351562,215.36300659179688,8972004.0
1778265000,215.3699951171875,215.82000732421875,214.8249969482422,214.85000610351562,9641300.0
1778268600,214.85000610351562,215.47000122070312,214.67999267578125,215.2100067138672,11516279.0
1778270400,215.2,221.6755,208.8782,214.985,0.0
1778274000,214.9804,221.6755,214.95,214.97,0.0
1778277600,214.98,215.17,214.94,215.03,0.0
1778281200,215.03,215.07,214.91,215.05,0.0
1778486400,214.91,214.97,213.81,213.8115,0.0
1778490000,213.86,214.2,213.1097,213.4997,0.0
1778493600,213.48,213.87,213.3,213.4108,0.0
1778497200,213.41,215.2,213.01,214.12,0.0
1778500800,214.17,214.46,213.52,213.904,0.0
1778504400,213.9,214.16,183.91,214.0535,0.0
1778506200,213.92999267578125,220.89999389648438,213.92999267578125,217.97000122070312,48204003.0
1778509800,217.98500061035156,222.2899932861328,217.3699951171875,221.98500061035156,29227300.0
1778513400,221.98500061035156,222.3000030517578,220.97000122070312,221.98880004882812,14795865.0
1778517000,221.98109436035156,222.08999633789062,219.8800048828125,220.76499938964844,11200648.0
1778520600,220.72000122070312,221.44000244140625,220.3699951171875,221.42889404296875,8563105.0
1778524200,221.41000366210938,221.56500244140625,218.94000244140625,219.13999938964844,12472914.0
1778527800,219.14500427246094,219.58999633789062,218.9199981689453,219.47999572753906,10509450.0
1778529600,219.44,241.1661,141.7977,219.239,0.0
1778533200,219.239,233.878,210.1876,219.3299,0.0
1778536800,219.32,219.89,219.32,219.62,0.0
1778540400,219.61,220.1,219.6,219.6996,0.0
1778572800,217.69,219.44,216.31,216.85,0.0
1778576400,216.891,217.68,216.73,217.5029,0.0
1778580000,217.51,218.4,217.5,217.79,0.0
1778583600,217.77,218.08,217.25,217.5,0.0
1778587200,217.57,218.2,212.63,217.525,0.0
1778590800,217.6,219.28,217.01,218.545,0.0
1778592600,218.5449981689453,223.75,217.00999450683594,218.9199981689453,45254879.0
1778596200,218.89500427246094,219.10000610351562,215.00999450683594,215.4600067138672,27061151.0
1778599800,215.4199981689453,218.25999450683594,215.13999938964844,217.5050048828125,15568727.0
1778603400,217.5198974609375,218.08999633789062,215.52999877929688,217.72000122070312,15677842.0
1778607000,217.72000122070312,219.1999969482422,217.6699981689453,218.9600067138672,9893599.0
1778610600,218.9499969482422,221.13999938964844,218.89169311523438,220.72999572753906,14638529.0
1778614200,220.74000549316406,221.73989868164062,220.14999389648438,220.8699951171875,12903996.0
1778616000,220.91,234.7265,205.6974,220.19,0.0
1778619600,220.19,224.9013,205.6974,219.95,0.0
1778623200,219.95,220.78,219.68,219.97,0.0
1778626800,220.0,220.2,219.22,219.4786,0.0
1778659200,224.7,226.3,220.78,226.1,0.0
1778662800,226.09,226.24,225.395,226.03,0.0
1778666400,226.02,226.68,225.87,226.39,0.0
1778670000,226.38,226.5302,224.76,225.3997,0.0
1778673600,225.4,226.2,225.05,225.68,0.0
1778677200,225.69,225.7,199.97,224.9,0.0
1778679000,224.92999267578125,227.16000366210938,221.5653076171875,224.44000244140625,46864063.0
1778682600,224.4600067138672,227.57000732421875,223.6999969482422,226.2100067138672,24274192.0
1778686200,226.22000122070312,227.83999633789062,225.7100067138672,227.3300018310547,15288462.0
1778689800,227.3000030517578,227.64999389648438,226.66000366210938,226.9499969482422,10556665.0
1778693400,226.9300994873047,227.42999267578125,225.41000366210938,226.9600067138672,12329697.0
1778697000,226.9600067138672,227.1999969482422,226.3000030517578,226.7801055908203,9649273.0
1778700600,226.78509521484375,226.80999755859375,225.0800018310547,225.8699951171875,11059959.0
1778702400,225.89,240.7107,215.6948,226.525,0.0
1778706000,226.55,240.7107,215.6948,226.85,0.0
1778709600,226.86,227.49,226.5,227.345,0.0
1778713200,227.35,227.8,227.12,227.78,0.0
1778745600,231.6597,233.22,225.83,231.67,0.0
1778749200,231.64,231.8,229.65,230.19,0.0
1778752800,230.15,231.32,229.36,229.85,0.0
1778756400,229.85,230.28,225.83,229.445,0.0
1778760000,229.43,231.3,229.4,231.0868,0.0
1778763600,231.06,231.23,229.5,229.98,0.0
1778765400,229.72999572753906,234.14999389648438,229.35000610351562,233.02999877929688,58278680.0
1778769000,233.03500366210938,236.0500030517578,232.85000610351562,235.0399932861328,28689833.0
1778772600,235.07000732421875,236.47000122070312,234.57000732421875,234.74009704589844,19533747.0
1778776200,234.75,235.91189575195312,232.67999267578125,234.125,16396698.0
1778779800,234.11000061035156,235.55999755859375,233.75,235.50070190429688,11848175.0
1778783400,235.51499938964844,236.5399932861328,235.10499572753906,235.6300048828125,14911897.0
1778787000,235.61000061035156,236.02749633789062,235.13999938964844,235.7449951171875,12204261.0
1778788800,235.8,246.0573,218.6296,235.3678,0.0
1778792400,235.42,246.0573,223.8273,235.965,0.0
1778796000,235.9591,236.49,235.74,236.4372,0.0
1778799600,236.43,237.96,236.4207,237.8674,0.0
1778832000,233.18,236.98,230.0,230.15,0.0
1778835600,230.16,230.9497,228.51,229.58,0.0
1778839200,229.62,230.1,228.01,229.21,0.0
1778842800,229.29,232.05,229.21,231.1,0.0
1778846400,231.19,231.3,229.18,229.43,0.0
1778850000,229.32,230.18,228.16,229.8,0.0
1778851800,229.75,230.0500030517578,224.25,226.60499572753906,60322891.0
1778855400,226.66000366210938,227.91990661621094,225.67999267578125,227.76499938964844,16262111.0
1778859000,227.7899932861328,229.17999267578125,227.05999755859375,228.3000030517578,13927816.0
1778862600,228.3199005126953,229.3000030517578,227.6300048828125,229.16009521484375,10929378.0
1778866200,229.16000366210938,231.5,229.12010192871094,229.84979248046875,14668215.0
1778869800,229.5399932861328,229.85000610351562,226.7100067138672,227.0449981689453,14566675.0
1778873400,227.0500030517578,227.5500030517578,224.88999938964844,225.22999572753906,17202887.0
1778875200,225.32,225.34,216.0477,225.13,0.0
1778878800,225.0622,225.32,224.65,224.76,0.0
1778882400,224.75,225.32,224.51,224.67,0.0
1778886000,224.665,224.78,224.28,224.411,0.0
1779091200,225.24,227.1088,222.7717,227.06,0.0
1779094800,227.1088,228.58,226.7995,227.86,0.0
1779098400,227.92,227.935,226.68,226.9,0.0
1779102000,226.9153,227.01,225.5,226.6999,0.0
1779105600,226.65,228.57,226.64,228.19,0.0
1779109200,228.2074,230.65,209.65,229.84,0.0
1779111000,229.82000732421875,230.0,222.4199981689453,222.8249969482422,45078463.0
1779114600,222.80999755859375,223.42999267578125,220.57000732421875,221.67999267578125,22071339.0
1779118200,221.60000610351562,223.3498992919922,220.25999450683594,220.41000366210938,11933786.0
1779121800,220.4199981689453,222.5399932861328,219.64019775390625,221.47999572753906,13115109.0
1779125400,221.47000122070312,221.85000610351562,219.22000122070312,219.9199981689453,10811721.0
1779129000,219.92999267578125,221.64999389648438,218.3699951171875,220.18499755859375,16325602.0
1779132600,220.19009399414062,222.35000610351562,220.1199951171875,222.35000610351562,11289743.0
1779134400,222.32,250.9493,215.286,222.34,0.0
1779138000,222.36,237.9783,215.286,223.0499,0.0
1779141600,223.09,223.76,223.05,223.37,0.0
1779145200,223.3715,223.65,222.7,222.75,0.0
1779177600,220.41,222.88,220.03,220.75,0.0
1779181200,220.8,221.6,220.01,220.13,0.0
1779184800,220.13,220.895,219.55,220.6997,0.0
1779188400,220.7197,221.1167,219.74,220.6,0.0
1779192000,220.6,220.8,219.75,219.89,0.0
1779195600,219.8507,221.16,218.63,219.61,0.0
1779197400,219.73500061035156,223.3300018310547,217.91000366210938,218.5749969482422,35894972.0
1779201000,218.60000610351562,221.60000610351562,218.14999389648438,220.51499938964844,16710773.0
1779204600,220.49000549316406,222.00999450683594,220.1999969482422,221.90499877929688,12185522.0
1779208200,221.86000061035156,224.47999572753906,221.75010681152344,223.34500122070312,13301572.0
1779211800,223.3101043701172,224.1300048828125,222.07000732421875,222.64999389648438,11000826.0
1779215400,222.63999938964844,223.1300048828125,221.19000244140625,221.89599609375,11082503.0
1779219000,221.9199981689453,222.47999572753906,219.0,220.6300048828125,14725529.0
1779220800,220.61,222.21,212.9972,220.81,0.0
1779224400,220.905,221.99,220.81,221.7752,0.0
1779228000,221.8,222.13,220.61,221.515,0.0
1779231600,221.515,222.2,221.4,221.54,0.0
1779264000,222.77,224.1,220.61,223.7,0.0
1779267600,223.74,224.08,223.45,223.84,0.0
1779271200,223.783,224.91,223.783,224.42,0.0
1779274800,224.45,225.08,220.61,224.185,0.0
1779278400,224.22,224.45,223.51,224.3487,0.0
1779282000,224.35,224.48,223.09,223.2,0.0
1779283800,223.10000610351562,225.07000732421875,220.4949951171875,224.33990478515625,41070380.0
1779287400,224.35000610351562,226.1300048828125,223.85000610351562,225.2449951171875,20816958.0
1779291000,225.25,225.63999938964844,223.8000030517578,224.26010131835938,12753450.0
1779294600,224.27999877929688,225.1199951171875,224.08999633789062,224.9199981689453,9989295.0
1779298200,224.9199981689453,225.16000366210938,223.86000061035156,224.27000427246094,10660551.0
1779301800,224.26499938964844,224.3199005126953,222.03070068359375,222.8800048828125,16972518.0
1779305400,222.8892059326172,223.64999389648438,222.58999633789062,223.43499755859375,15836751.0
1779307200,223.41,226.94,216.25,222.42,0.0
1779310800,222.49,224.23,219.34,220.7448,0.0
1779314400,220.75,221.48,219.24,221.2502,0.0
1779318000,221.3,223.47,220.28,220.66,0.0
1779350400,221.38,224.75,221.06,223.8,0.0
1779354000,223.79,224.1,222.11,223.94,0.0
1779357600,223.98,225.0958,223.52,224.0057,0.0
1779361200,224.05,224.7,222.5,224.35,0.0
1779364800,224.38,224.63,222.5,222.83,0.0
1779368400,222.87,223.69,220.76,222.31,0.0
1779370200,222.1999969482422,227.39990234375,218.35000610351562,218.97000122070312,79656346.0
1779373800,218.92999267578125,220.10000610351562,217.92999267578125,218.85499572753906,26986727.0
1779377400,218.86500549316406,220.3249969482422,218.35000610351562,219.53500366210938,16169724.0
1779381000,219.5399932861328,222.3699951171875,218.92999267578125,221.11990356445312,16107400.0
1779384600,221.11000061035156,221.85000610351562,219.77999877929688,220.25999450683594,14242485.0
1779388200,220.25,220.4499969482422,218.6199951171875,220.3300018310547,18585308.0
1779391800,220.32000732421875,220.6300048828125,219.11000061035156,219.5,12663419.0
1779393600,219.51,233.7118,206.5513,219.515,0.0
1779397200,219.52,306.18,219.37,219.4969,0.0
1779400800,219.49,219.95,219.25,219.75,0.0
1779404400,219.75,220.18,219.7,220.1202,0.0
1779436800,220.74,221.71,219.51,221.6,0.0
1779440400,221.5783,221.67,219.89,220.07,0.0
1779444000,220.09,220.497,219.39,219.5,0.0
1779447600,219.5229,220.35,219.22,219.98,0.0
1779451200,219.97,221.05,219.51,220.495,0.0
1779454800,220.5,221.5,220.32,220.96,0.0
1779456600,220.9040069580078,221.00999450683594,215.16000366210938,216.3300018310547,50485470.0
1779460200,216.33700561523438,218.30499267578125,216.00999450683594,218.15499877929688,19893580.0
1779463800,218.14999389648438,218.32000732421875,216.7100067138672,217.10000610351562,13352896.0
1779467400,217.11000061035156,218.49000549316406,216.41000366210938,218.24000549316406,13514273.0
1779471000,218.24020385742188,218.2899932861328,215.4499969482422,216.0449981689453,16717248.0
1779474600,216.0399932861328,216.3300018310547,214.86000061035156,215.3350067138672,20907915.0
1779478200,215.3249969482422,215.94000244140625,215.11000061035156,215.25,13884597.0
1779480000,215.24,221.6755,208.8782,215.01,0.0
1779483600,215.01,219.4836,204.4257,215.0499,0.0
1779487200,215.05,215.33,214.53,214.64,0.0
1779490800,214.65,214.79,214.25,214.2974,0.0
1779782400,217.14,217.38,216.79,217.12,0.0
1779786000,217.14,217.3353,216.96,217.07,0.0
1779789600,217.08,218.47,217.0042,218.39,0.0
1779793200,218.38,218.45,217.4,217.9355,0.0
1779796800,217.93,218.6,215.868,218.1,0.0
1779800400,218.1143,222.83,216.26,216.57,0.0
1779802200,216.57749938964844,217.6999969482422,214.27999877929688,217.57009887695312,48336162.0
1779805800,217.60000610351562,218.17999267578125,213.610107421875,214.42999267578125,25453169.0
1779809400,214.44000244140625,214.75999450683594,212.0,213.10000610351562,20920540.0
1779813000,213.1199951171875,214.11700439453125,212.88299560546875,213.64300537109375,11456634.0
1779816600,213.63999938964844,214.4499969482422,212.90330505371094,213.88499450683594,12363737.0
1779820200,213.88499450683594,214.0399932861328,212.83999633789062,213.60800170898438,12901212.0
1779823800,213.60499572753906,214.86000061035156,213.4600067138672,214.8300018310547,12961311.0
1779825600,214.855,226.5096,202.5263,214.4,0.0
1779829200,214.4,229.1204,200.674,214.3943,0.0
1779832800,214.37,214.46,213.79,213.98,0.0
1779836400,213.9991,214.86,213.8,213.9508,0.0
1779868800,213.77,214.86,212.64,214.3721,0.0
1779872400,214.37,215.1439,214.11,214.7155,0.0
1779876000,214.77,216.2457,214.65,215.86,0.0
1779879600,215.88,216.39,214.86,216.13,0.0
1779883200,216.13,216.86,214.72,215.8695,0.0
1779886800,215.86,216.18,213.68,214.1379,0.0
1779888600,214.1199951171875,214.13999938964844,209.48939514160156,209.9199981689453,50952450.0
1779892200,209.92999267578125,210.38999938964844,208.77999877929688,209.7899932861328,20195747.0
1779895800,209.8000030517578,211.11000061035156,209.3350067138672,210.6898956298828,15861098.0
1779899400,210.67999267578125,212.1199951171875,210.31500244140625,211.97000122070312,13301084.0
1779903000,211.97000122070312,213.2899932861328,211.8000030517578,213.1999969482422,12953088.0
1779906600,213.17999267578125,213.32000732421875,212.1199951171875,212.44000244140625,12247580.0
1779910200,212.4499969482422,213.25999450683594,212.16000366210938,212.5800018310547,10427471.0
1779912000,212.67,227.095,199.2898,212.39,0.0
1779915600,212.4,227.095,199.2898,212.235,0.0
1779919200,212.25,212.6,211.9025,212.08,0.0
1779922800,212.08,212.22,211.56,211.7401,0.0
1779955200,211.57,212.6,209.2,211.2975,0.0
1779958800,211.3,211.6376,211.15,211.27,0.0
1779962400,211.27,211.65,210.65,210.89,0.0
1779966000,210.82,212.6,209.73,210.3,0.0
1779969600,210.33,210.79,210.16,210.6505,0.0
1779973200,210.65,213.17,210.57,211.34,0.0
1779975000,211.27499389648438,214.2899932861328,211.2220001220703,212.4512939453125,34321042.0
1779978600,212.47000122070312,213.14999389648438,211.50999450683594,212.6699981689453,15883778.0
1779982200,212.67999267578125,213.32000732421875,212.10000610351562,212.9949951171875,12354616.0
1779985800,212.99749755859375,213.97500610351562,212.4499969482422,213.22999572753906,11604811.0
1779989400,213.24600219726562,215.51910400390625,212.92999267578125,214.3800048828125,16226317.0
1779993000,214.36459350585938,214.8968963623047,213.86000061035156,214.10000610351562,11783954.0
1779996600,214.1199951171875,214.49000549316406,213.77000427246094,214.3000030517578,7963820.0
1779998400,214.25,223.8273,200.6264,213.96,0.0
1780002000,213.94,223.8273,206.172,214.155,0.0
1780005600,214.12,214.47,214.03,214.1007,0.0
1780009200,214.1004,214.49,214.1,214.15,0.0
1780041600,215.25,215.61,214.12,214.9379,0.0
1780045200,214.92,215.14,214.6092,214.88,0.0
1780048800,214.88,215.04,214.52,214.8,0.0
1780052400,214.8,215.5,214.25,215.25,0.0
1780056000,215.27,215.36,214.8712,215.1502,0.0
1780059600,215.155,221.175,214.43,214.61,0.0
1780061400,214.4499969482422,217.35000610351562,212.80999755859375,215.9199981689453,40543469.0
1780065000,215.9149932861328,217.02000427246094,214.36000061035156,215.38999938964844,19932251.0
1780068600,215.4199981689453,217.1199951171875,214.77000427246094,215.98989868164062,11951156.0
1780072200,215.99000549316406,217.52000427246094,215.78990173339844,216.27999877929688,11200176.0
1780075800,216.2899932861328,217.0500030517578,215.2899932861328,216.97000122070312,11436702.0
1780079400,217.0,217.85989379882812,216.45030212402344,216.99000549316406,15770699.0
1780083000,216.9949951171875,217.4499969482422,211.1300048828125,211.14999389648438,37566793.0
1780084800,211.1375,216.2654,197.6362,212.497,0.0
1780088400,212.47,216.0477,199.582,212.5,0.0
1780092000,212.5,213.0,211.14,212.98,0.0
1780095600,212.99,212.99,212.31,212.49,0.0
1780300800,215.77,217.2607,214.66,214.82,0.0
1780304400,214.8,215.7,214.3,214.9576,0.0
1780308000,214.9985,215.478,214.439,215.19,0.0
1780311600,215.19,216.3,211.14,216.0,0.0
1780315200,215.9803,216.68,215.65,215.8394,0.0
1780318800,215.84,216.5,211.14,215.7,0.0
1780320600,215.77999877929688,222.1699981689453,215.7050018310547,221.3699951171875,69982504.0
1780324200,221.33999633789062,222.08999633789062,218.99000549316406,219.39999389648438,24378990.0
1780327800,219.38999938964844,222.3699951171875,219.3300018310547,221.9499969482422,17133641.0
1780331400,221.94000244140625,222.39999389648438,220.97000122070312,221.9600067138672,15498968.0
1780335000,221.9600067138672,224.66000366210938,221.52999877929688,224.61599731445312,20858418.0
1780338600,224.61000061035156,224.8699951171875,223.6699981689453,224.0,17259685.0
1780342200,223.98069763183594,224.43499755859375,222.39999389648438,224.4199981689453,14416592.0
1780344000,224.42,224.86,212.6,224.4001,0.0
1780347600,224.4012,237.9783,215.286,224.91,0.0
1780351200,224.871,224.91,221.46,224.06,0.0
1780354800,224.06,224.21,223.57,223.92,0.0
1780387200,228.85,235.0,222.44,227.13,0.0
1780390800,227.17,227.95,226.51,227.7688,0.0
1780394400,227.7124,229.2482,227.7124,228.52,0.0
1780398000,228.5103,228.6,224.36,228.2288,0.0
1780401600,228.24,228.55,226.87,227.2431,0.0
1780405200,227.24,227.54,224.36,227.2,0.0
1780407000,227.19000244140625,232.27999877929688,225.0500030517578,228.5299072265625,63909850.0
1780410600,228.50999450683594,228.9499969482422,225.35009765625,225.93899536132812,25956281.0
1780414200,225.9499053955078,226.86500549316406,224.14999389648438,224.85000610351562,18776428.0
1780417800,224.8300018310547,225.6300048828125,223.86000061035156,224.16009521484375,14668900.0
1780421400,224.1616973876953,224.2100067138672,222.55999755859375,222.97999572753906,15089002.0
1780425000,222.97000122070312,223.46600341796875,221.89999389648438,222.6300048828125,13667953.0
1780428600,222.6199951171875,222.9499969482422,221.35000610351562,222.82000732421875,12789493.0
1780430400,222.82,230.71,212.9972,222.88,0.0
1780434000,222.88,222.89,212.9972,222.45,0.0
1780437600,222.425,222.82,221.65,221.7,0.0
1780441200,221.7,221.9,220.8,221.8,0.0
1780473600,222.5433,223.23,221.4927,222.3,0.0
1780477200,222.3134,222.42,221.04,221.5,0.0
1780480800,221.46,221.77,220.71,221.3038,0.0
1780484400,221.3,223.4799,221.12,223.08,0.0
1780488000,223.0504,224.4,214.155,223.3,0.0
1780491600,223.2826,223.3,221.6,221.73,0.0
1780493400,221.68499755859375,222.82000732421875,215.38999938964844,216.1699981689453,51590417.0
1780497000,216.1699981689453,216.77499389648438,214.5800018310547,216.27999877929688,21547548.0
1780500600,216.27000427246094,217.5500030517578,215.47000122070312,215.63999938964844,14790315.0
1780504200,215.6300048828125,216.10000610351562,214.82000732421875,215.76499938964844,11832778.0
1780507800,215.77499389648438,216.0800018310547,215.22999572753906,215.9949951171875,8460342.0
1780511400,215.9949951171875,216.69859313964844,215.00999450683594,215.2899932861328,10509694.0
1780515000,215.27999877929688,215.94000244140625,214.52000427246094,214.8350067138672,17490269.0
1780516800,214.75,226.2547,199.8468,214.9991,0.0
1780520400,214.954,226.2547,213.24,214.365,0.0
1780524000,214.43,214.8,213.14,213.625,0.0
1780527600,213.62,214.43,213.13,214.26,0.0
1780560000,215.13,215.5465,213.45,213.84,0.0
1780563600,213.85,214.2342,211.81,212.6948,0.0
1780567200,212.6,213.25,212.49,212.66,0.0
1780570800,212.66,214.75,211.4,212.35,0.0
1780574400,212.37,214.75,211.51,211.7599,0.0
1780578000,211.75,214.7479,211.67,213.9974,0.0
1780579800,213.90499877929688,215.72999572753906,210.97000122070312,213.48989868164062,42925735.0
1780583400,213.4600067138672,216.2100067138672,213.22000122070312,215.97669982910156,19099921.0
1780587000,215.98500061035156,218.2899932861328,215.67999267578125,217.63980102539062,22718163.0
1780590600,217.63499450683594,219.4698944091797,217.3000030517578,218.85009765625,17539276.0
1780594200,218.86000061035156,220.92999267578125,218.72000122070312,220.73989868164062,14832395.0
1780597800,220.73500061035156,221.60000610351562,219.9600067138672,220.22000122070312,15369201.0
1780601400,220.22999572753906,220.4199981689453,214.75,218.71499633789062,12594102.0
1780603200,218.66,223.8906,208.1399,217.32,0.0
1780606800,217.331,223.8906,203.8033,217.44,0.0
1780610400,217.44,217.45,216.5,216.965,0.0
1780614000,216.98,217.1,216.26,216.31,0.0
1780646400,215.23,218.66,214.4932,216.161,0.0
1780650000,216.19,216.5,215.32,215.7801,0.0
1780653600,215.6047,216.3937,215.5,216.2012,0.0
1780657200,216.2487,218.66,215.55,215.8702,0.0
1780660800,215.8457,215.95,215.09,215.2437,0.0
1780664400,215.3632,218.66,214.35,214.5,0.0
1780666200,214.42999267578125,214.8699951171875,210.99000549316406,211.2550048828125,42751920.0
1780669800,211.24090576171875,212.13999938964844,208.49000549316406,208.7100067138672,25918107.0
1780673400,208.6999969482422,209.3800048828125,207.5301055908203,208.72999572753906,22985163.0
1780677000,208.74949645996094,208.8000030517578,206.63999938964844,207.7449951171875,22499860.0
1780680600,207.69500732421875,208.97000122070312,205.7899932861328,206.01499938964844,18338072.0
1780684200,206.00999450683594,206.38999938964844,204.33999633789062,206.3800048828125,26780351.0
1780687800,206.389892578125,206.75999450683594,205.0800018310547,205.10499572753906,21464295.0
1780689600,205.1,217.7892,193.7188,205.0,0.0
1780693200,205.02,205.66,204.85,205.65,0.0
1780696800,205.64,205.93,204.81,205.23,0.0
1780700400,205.2,205.23,204.01,204.0378,0.0
1780905600,207.06,208.5692,205.29,207.82,0.0
1780909200,207.8431,208.5475,207.12,207.97,0.0
1780912800,208.0,208.75,207.7,208.6453,0.0
1780916400,208.6477,210.3,208.38,209.76,0.0
1780920000,209.72,210.35,205.1,210.1569,0.0
1780923600,210.1585,210.83,209.91,209.9983,0.0
1780925400,210.17999267578125,210.389892578125,206.0,207.8249969482422,44382183.0
1780929000,207.8350067138672,208.89999389648438,207.47000122070312,207.6699981689453,15007967.0
1780932600,207.6699981689453,209.7490997314453,207.17999267578125,208.5749969482422,14875777.0
1780936200,208.59500122070312,208.9600067138672,207.64999389648438,208.61000061035156,10832899.0
1780939800,208.58999633789062,209.6199951171875,208.04769897460938,209.25,8862843.0
1780943400,209.25999450683594,209.35000610351562,207.3699951171875,207.81500244140625,9310979.0
1780947000,207.8350067138672,208.75,207.6699981689453,208.61000061035156,9766347.0
1780948800,208.64,220.9367,202.5263,208.05,0.0
1780952400,208.01,221.775,202.5263,208.2015,0.0
1780956000,208.22,208.64,207.1197,207.73,0.0
1780959600,207.74,208.15,207.55,207.65,0.0
1780992000,209.722,210.65,208.64,210.6,0.0
1780995600,210.6,210.65,210.0,210.2192,0.0
1780999200,210.2192,210.47,209.6,209.832,0.0
1781002800,209.85,210.12,209.36,209.52,0.0
1781006400,209.4622,209.6,208.78,208.9567,0.0
1781010000,209.0,210.8,208.64,210.6767,0.0
1781011800,210.61500549316406,211.38999938964844,205.88999938964844,206.97500610351562,35104582.0
1781015400,206.96009826660156,207.5800018310547,203.30999755859375,203.39999389648438,20627423.0
1781019000,203.4199981689453,205.52999877929688,200.0500030517578,201.47999572753906,28728496.0
1781022600,201.47000122070312,204.24989318847656,199.33999633789062,203.89999389648438,24499652.0
1781026200,203.89999389648438,206.4600067138672,203.6699981689453,206.4573974609375,15381214.0
1781029800,206.44000244140625,207.4600067138672,204.5399932861328,205.92999267578125,18062171.0
1781033400,205.9199981689453,208.27999877929688,205.39500427246094,208.19000244140625,14414185.0
1781035200,208.19,219.4824,207.34,207.4577,0.0
1781038800,207.5,215.2615,200.674,206.9,0.0
1781042400,206.94,207.28,206.0,206.22,0.0
1781046000,206.19,206.88,205.75,206.4273,0.0
1781078400,205.98,208.19,204.84,205.3032,0.0
1781082000,205.43,205.87,203.1,204.15,0.0
1781085600,204.23,204.7,203.38,204.01,0.0
1781089200,204.04,204.6888,202.83,203.3165,0.0
1781092800,203.18,204.11,202.7035,204.0,0.0
1781096400,204.06,206.75,203.7,204.303,0.0
1781098200,204.4250030517578,207.22000122070312,204.30499267578125,206.19500732421875,37809466.0
1781101800,206.1300048828125,206.82000732421875,201.61000061035156,202.72500610351562,24089224.0
1781105400,202.72500610351562,203.86000061035156,201.8699951171875,202.86500549316406,16258127.0
1781109000,202.85000610351562,203.9499969482422,202.00999450683594,202.50999450683594,11358542.0
1781112600,202.52000427246094,203.4600067138672,201.86500549316406,202.25999450683594,12025403.0
1781116200,202.25999450683594,202.35499572753906,199.9199981689453,200.20669555664062,17915177.0
1781119800,200.2100067138672,201.8800048828125,200.1300048828125,200.33999633789062,15284450.0
1781121600,200.42,204.3475,199.33,200.04,0.0
1781125200,200.048,204.3475,189.3442,200.0,0.0
1781128800,200.08,200.42,199.45,199.52,0.0
1781132400,199.5194,200.01,198.86,199.1992,0.0
1781164800,202.3,203.6,200.42,203.1537,0.0
1781168400,203.32,203.59,202.8022,203.1,0.0
1781172000,203.1357,203.3,202.4335,202.8052,0.0
1781175600,202.75,202.9855,200.42,202.16,0.0
1781179200,202.0527,203.16,201.98,202.15,0.0
1781182800,202.1,202.4,200.42,201.57,0.0
1781184600,201.39500427246094,203.64999389648438,201.0800018310547,202.34500122070312,32266655.0
1781188200,202.36000061035156,203.0,199.5399932861328,200.6999969482422,16495119.0
1781191800,200.6699981689453,202.0449981689453,200.47999572753906,201.3300018310547,11152450.0
1781195400,201.31500244140625,202.86000061035156,199.710693359375,202.80999755859375,12220334.0
1781199000,202.8249969482422,204.47000122070312,201.63999938964844,202.75999450683594,19155650.0
1781202600,202.78990173339844,204.66000366210938,201.97900390625,204.47000122070312,15806431.0
1781206200,204.47999572753906,205.66000366210938,204.14199829101562,204.6699981689453,18111343.0
1781208000,204.87,218.6296,191.475,214.971,0.0
1781211600,205.1747,215.0322,191.475,205.13,0.0
1781215200,205.12,206.43,204.87,206.04,0.0
1781218800,206.0405,206.13,205.5,205.98,0.0
1781251200,204.8575,206.31,203.162,205.6317,0.0
1781254800,205.6317,206.03,205.0,205.9812,0.0
1781258400,206.0385,206.6532,205.5012,205.5122,0.0
1781262000,205.5953,206.3,205.5025,206.2,0.0
1781265600,206.205,206.31,205.43,205.46,0.0
1781269200,205.4987,207.8368,203.9,204.844,0.0
1781271000,204.72999572753906,206.67999267578125,203.43850708007812,205.69000244140625,28371615.0
1781274600,205.66000366210938,207.07000732421875,203.9501953125,206.9550018310547,15070173.0
1781278200,206.9600067138672,206.99969482421875,203.91000366210938,204.99899291992188,14030065.0
1781281800,204.97000122070312,205.5800018310547,204.3426971435547,205.02999877929688,8790409.0
1781285400,205.0695037841797,205.5500030517578,204.19500732421875,204.9199981689453,8646872.0
1781289000,204.92999267578125,205.3249969482422,204.58999633789062,204.75,9541207.0
1781292600,204.72000122070312,205.27999877929688,203.91000366210938,205.1300048828125,10118712.0
1781294400,205.146,205.39,192.6807,205.3395,0.0
1781298000,205.3388,216.0477,192.8472,205.3297,0.0
1781301600,205.32,205.33,205.0,205.2,0.0
1781305200,205.2,205.5757,205.18,205.4238,0.0
1781510400,209.98,211.36,209.8,210.47,0.0
1781514000,210.45,210.57,209.6,209.6861,0.0
1781517600,209.6027,209.7385,209.2,209.62,0.0
1781521200,209.57,209.59,208.63,209.39,0.0
1781524800,209.38,209.4,207.71,207.99,0.0
1781528400,207.96,209.1,204.28,208.985,0.0
1781530200,208.85499572753906,210.99000549316406,208.33999633789062,209.39500427246094,35221336.0
1781533800,209.39999389648438,211.38999938964844,209.22999572753906,211.1649932861328,18300746.0
1781537400,211.1649932861328,212.710693359375,210.8300018310547,212.34500122070312,15277982.0
1781541000,212.35000610351562,212.6699981689453,211.85299682617188,212.52999877929688,8737594.0
1781544600,212.52000427246094,212.64999389648438,211.4199981689453,211.94000244140625,8729960.0
1781548200,211.9600067138672,212.55999755859375,211.6199951171875,211.66000366210938,10839617.0
1781551800,211.64999389648438,212.60000610351562,211.2899932861328,212.4600067138672,11139647.0
1781553600,212.45,216.0287,206.0108,212.07,0.0
1781557200,212.09,225.45,206.0108,212.08,0.0
1781560800,212.04,212.45,211.43,211.57,0.0
1781564400,211.5,211.98,211.33,211.9398,0.0
1781596800,211.57,212.45,210.8432,211.6,0.0
1781600400,211.57,211.84,211.11,211.199,0.0
1781604000,211.162,211.5,211.0,211.39,0.0
1781607600,211.39,212.45,211.201,212.1869,0.0
1781611200,212.1801,212.35,211.2,211.42,0.0
1781614800,211.44,211.5,210.8,210.86,0.0
1781616600,211.11500549316406,211.4600067138672,208.5500030517578,209.07000732421875,30034891.0
1781620200,209.0749969482422,210.32000732421875,208.5301055908203,209.14999389648438,14305358.0
1781623800,209.16000366210938,209.72000122070312,208.5229949951172,209.28500366210938,13369494.0
1781627400,209.2899932861328,209.32000732421875,208.27999877929688,209.10000610351562,8556136.0
1781631000,209.09500122070312,209.82000732421875,208.86000061035156,209.45010375976562,6300814.0
1781634600,209.45010375976562,209.4949951171875,208.07000732421875,208.9300994873047,9483751.0
1781638200,208.92999267578125,209.10000610351562,207.2899932861328,207.2899932861328,12123602.0
1781640000,207.41,218.6291,201.3796,207.655,0.0
1781643600,207.72,217.9895,201.3796,207.74,0.0
1781647200,207.72,208.09,207.41,207.98,0.0
1781650800,207.89,208.0,207.37,207.5492,0.0
1781683200,208.66,209.0,207.41,208.5109,0.0
1781686800,208.5221,208.6552,207.9203,208.44,0.0
1781690400,208.44,208.54,207.9,208.29,0.0
1781694000,208.18,215.74,207.41,207.8357,0.0
1781697600,207.81,208.43,207.29,208.02,0.0
1781701200,208.02,209.2,208.02,208.49,0.0
1781703000,208.52999877929688,209.2100067138672,206.74000549316406,207.89439392089844,22060313.0
1781706600,207.89999389648438,207.92999267578125,205.9199981689453,206.4499969482422,16048970.0
1781710200,206.44000244140625,207.65989685058594,206.0399932861328,207.42999267578125,10199498.0
1781713800,207.4250030517578,207.63999938964844,206.60000610351562,207.36399841308594,6314626.0
1781717400,207.3800048828125,207.91000366210938,205.3000030517578,205.96499633789062,15129654.0
1781721000,205.9600067138672,207.67999267578125,204.44000244140625,204.72000122070312,15933371.0
1781724600,204.7100067138672,205.1699981689453,203.4499969482422,204.67799377441406,13761435.0
1781726400,204.65,205.3,192.1368,205.1294,0.0
1781730000,205.1299,205.45,192.1368,205.44,0.0
1781733600,205.44,205.75,205.15,205.45,0.0
1781737200,205.4001,206.4,205.4,206.3,0.0
1781769600,206.31,207.35,204.65,206.89,0.0
1781773200,206.9,207.05,206.3547,206.94,0.0
1781776800,206.99,207.25,206.7,207.18,0.0
1781780400,207.1712,207.34,204.65,206.9,0.0
1781784000,206.9,207.16,206.41,207.14,0.0
1781787600,207.1,208.4,207.06,207.58,0.0
1781789400,207.27499389648438,209.8699951171875,206.5,209.13009643554688,51088536.0
1781793000,209.1300048828125,209.77999877929688,208.57000732421875,208.88499450683594,15929835.0
1781796600,208.89999389648438,210.11000061035156,207.63999938964844,209.98500061035156,14486519.0
1781800200,209.98500061035156,211.1999969482422,209.8800048828125,210.05999755859375,14248546.0
1781803800,210.06500244140625,210.5399932861328,209.61000061035156,210.19500732421875,10363083.0
1781807400,210.19000244140625,210.5,209.58009338378906,209.85499572753906,10980653.0
1781811000,209.85000610351562,211.38999938964844,209.52000427246094,210.22999572753906,15910016.0
1781812800,210.69,210.7532,209.9,210.21,0.0
1781816400,210.23,223.8906,197.6995,210.645,0.0
1781820000,210.55,210.69,209.9,210.16,0.0
1781823600,210.15,210.33,210.0,210.33,0.0
1782115200,209.95,210.02,208.2625,209.2994,0.0
1782118800,209.29,209.8042,209.2,209.42,0.0
1782122400,209.41,209.98,209.103,209.6067,0.0
1782126000,209.56,210.66,209.2578,210.19,0.0
1782129600,210.11,210.4,209.85,210.3,0.0
1782133200,210.3,211.4795,210.2,211.44,0.0
1782135000,211.44500732421875,213.99000549316406,210.7899932861328,211.11000061035156,32277192.0
1782138600,211.1199951171875,211.13999938964844,208.6199951171875,209.8300018310547,18584286.0
1782142200,209.8300018310547,210.88999938964844,209.17059326171875,209.76499938964844,12023919.0
1782145800,209.75999450683594,209.9199981689453,208.8800048828125,208.99000549316406,7509506.0
1782149400,208.99200439453125,209.27000427246094,208.4499969482422,208.75,8350932.0
1782153000,208.75999450683594,209.13499450683594,207.9499969482422,208.00999450683594,9381436.0
1782156600,208.00010681152344,208.85000610351562,207.72000122070312,208.55999755859375,10038649.0
1782158400,208.65,220.9158,202.5263,208.095,0.0
1782162000,208.095,221.775,193.7188,208.0368,0.0
1782165600,208.035,208.65,207.64,207.69,0.0
1782169200,207.69,208.0,207.64,207.825,0.0
1782201600,202.6,208.65,201.66,201.88,0.0
1782205200,201.93,202.88,201.83,202.73,0.0
1782208800,202.7449,202.9,202.0812,202.13,0.0
1782212400,202.2901,208.65,201.8242,203.1658,0.0
1782216000,203.2,204.19,202.9182,203.2006,0.0
1782219600,203.25,203.38,189.31,202.16,0.0
1782221400,200.80499267578125,203.77000427246094,200.0399932861328,203.05999755859375,36782681.0
1782225000,203.09280395507812,203.4499969482422,200.42999267578125,200.76499938964844,16748004.0
1782228600,200.75999450683594,202.96099853515625,200.6199951171875,202.22999572753906,12290930.0
1782232200,202.24000549316406,202.8000030517578,201.75,202.50999450683594,8274401.0
1782235800,202.5,202.6199951171875,201.44000244140625,201.65499877929688,7733859.0
1782239400,201.64999389648438,201.7187042236328,200.3000030517578,201.22500610351562,12239934.0
1782243000,201.2100067138672,201.47000122070312,200.0,200.02099609375,16532889.0
1782244800,200.03,208.233,188.1873,200.47,0.0
1782248400,200.4698,201.1,198.43,201.0,0.0
1782252000,200.95,201.18,200.4,200.54,0.0
1782255600,200.6,200.9097,200.2,200.9,0.0
1782288000,201.01,201.8,200.04,201.3785,0.0
1782291600,201.3916,201.66,201.1312,201.41,0.0
1782295200,201.43,201.5275,201.1997,201.51,0.0
1782298800,201.51,201.72,200.81,200.9975,0.0
1782302400,200.96,201.7,200.9482,201.4,0.0
1782306000,201.4,221.76,199.06,200.23,0.0
1782307800,200.07000732421875,201.64999389648438,198.60000610351562,199.8699951171875,28008146.0
1782311400,199.87989807128906,201.50999450683594,199.8699951171875,200.91000366210938,12449494.0
1782315000,200.90499877929688,201.25,200.41000366210938,200.73500061035156,7326519.0
1782318600,200.74000549316406,200.74000549316406,197.86000061035156,197.9600067138672,13148832.0
1782322200,197.97900390625,198.77000427246094,197.32989501953125,198.57000732421875,13660727.0
1782325800,198.5850067138672,198.72999572753906,196.5800018310547,197.74000549316406,14947301.0
1782329400,197.74000549316406,199.22999572753906,196.95010375976562,199.08999633789062,16049039.0
1782331200,199.0,204.3475,188.5275,200.4,0.0
1782334800,200.3983,204.3475,199.0,200.5,0.0
1782338400,200.5,200.85,199.0,199.9,0.0
1782342000,199.9,200.88,199.8,200.6875,0.0
1782374400,200.79,201.8,199.0,201.6,0.0
1782378000,201.6,202.19,201.5,201.8787,0.0
1782381600,201.8312,202.1,201.22,201.2788,0.0
1782385200,201.31,201.51,199.0,200.59,0.0
1782388800,200.6,201.19,200.39,200.8988,0.0
1782392400,200.86,201.83,200.0097,200.03,0.0
1782394200,199.96499633789062,200.30999755859375,192.1300048828125,194.49000549316406,44951770.0
1782397800,194.49009704589844,196.67999267578125,194.27000427246094,195.1699981689453,18843470.0
1782401400,195.17999267578125,197.10000610351562,195.12010192871094,196.0,12255382.0
1782405000,196.0,196.01499938964844,194.50999450683594,195.39500427246094,8772904.0
1782408600,195.39999389648438,195.84759521484375,193.72459411621094,195.75999450683594,11232048.0
1782412200,195.77000427246094,195.77000427246094,193.7032928466797,194.3800048828125,10930247.0
1782415800,194.3699951171875,195.9600067138672,193.89990234375,195.74000549316406,13648157.0
1782417600,195.76,196.81,195.04,195.32,0.0
1782421200,195.28,206.172,186.2292,195.51,0.0
1782424800,195.52,200.6264,181.631,194.7794,0.0
1782428400,194.78,195.7,194.5,194.8,0.0
1782460800,193.92,195.74,191.22,193.4465,0.0
1782464400,193.48,193.54,192.5047,193.04,0.0
1782468000,193.0,194.1,192.88,193.75,0.0
1782471600,193.67,193.9,193.5,193.715,0.0
1782475200,193.715,193.99,193.19,193.42,0.0
1782478800,193.4261,193.48,191.93,193.12,0.0
1782480600,193.10499572753906,194.52999877929688,191.22000122070312,193.72000122070312,28961043.0
1782484200,193.73399353027344,193.92999267578125,192.48500061035156,193.6300048828125,14567534.0
1782487800,193.63999938964844,195.25,193.60000610351562,194.1699981689453,13745368.0
1782491400,194.16990661621094,195.17999267578125,193.9300994873047,195.03500366210938,9918426.0
1782495000,195.03500366210938,195.5500030517578,193.9199981689453,194.02000427246094,12982807.0
1782498600,194.02499389648438,194.52000427246094,193.39999389648438,193.9499969482422,11624906.0
1782502200,193.97999572753906,195.17999267578125,191.7100067138672,191.72000122070312,16613227.0
1782504000,191.72,205.45,179.1653,192.21,0.0
1782507600,192.28,200.0397,179.6358,192.37,0.0
1782511200,192.35,193.15,192.19,192.8991,0.0
1782514800,192.875,192.98,192.61,192.79,0.0
1782720000,194.97,195.36,193.16,194.947,0.0
1782723600,194.8655,195.1288,194.36,194.65,0.0
1782727200,194.6332,194.7397,194.1,194.36,0.0
1782730800,194.3721,194.89,192.53,194.465,0.0
1782734400,194.49,194.85,192.049,194.4405,0.0
1782738000,194.44,194.77,193.33,193.85,0.0
1782739800,192.125,196.1699981689453,189.8000030517578,192.6999969482422,38602241.0
1782743400,192.72000122070312,195.1199951171875,192.5800018310547,194.25999450683594,21746232.0
1782747000,194.27000427246094,194.3699951171875,192.75010681152344,192.8350067138672,12981698.0
1782750600,192.83999633789062,194.7899932861328,192.71119689941406,194.6699981689453,9754484.0
1782754200,194.6699981689453,195.05999755859375,193.69000244140625,193.8000030517578,8884834.0
1782757800,193.8249969482422,194.8699951171875,193.75999450683594,194.7100067138672,9205080.0
1782761400,194.7100067138672,195.17999267578125,194.52000427246094,194.89999389648438,13323532.0
1782763200,194.97,206.0108,181.3818,194.86,0.0
1782766800,194.86,206.0108,181.3818,194.88,0.0
1782770400,194.91,195.25,194.73,195.2326,0.0
1782774000,195.233,195.5,194.97,195.12,0.0
1782806400,195.3132,195.9782,194.95,195.3432,0.0
1782810000,195.46,195.49,194.43,194.8,0.0
1782813600,194.8,195.99,194.6037,195.78,0.0
1782817200,195.71,197.23,194.97,196.7599,0.0
1782820800,196.76,198.0,196.5,196.6,0.0
1782824400,196.6,197.36,195.7,197.15,0.0
1782826200,197.19500732421875,199.05990600585938,195.11000061035156,197.6999969482422,32380246.0
1782829800,197.72000122070312,198.64500427246094,196.42999267578125,198.24000549316406,12211124.0
1782833400,198.24000549316406,198.64999389648438,197.8000030517578,197.9499969482422,9172896.0
1782837000,197.9499969482422,198.55999755859375,197.64500427246094,198.2100067138672,8237126.0
1782840600,198.2100067138672,199.4696044921875,198.05999755859375,198.92999267578125,9699758.0
1782844200,198.92999267578125,199.4149932861328,198.10000610351562,199.27999877929688,14391369.0
1782847800,199.27000427246094,200.6300048828125,198.3699951171875,199.77000427246094,22100545.0
1782849600,199.76,212.9972,186.5629,199.615,0.0
1782853200,199.67,212.9972,186.5629,199.45,0.0
1782856800,199.4324,199.8,199.2,199.325,0.0
1782860400,199.3,200.09,199.16,199.53,0.0
1782892800,198.13,200.09,197.0,198.18,0.0
1782896400,198.24,198.6,197.9997,198.44,0.0
1782900000,198.4597,199.1,198.412,198.93,0.0
1782903600,198.96,200.09,198.63,198.87,0.0
1782907200,198.89,199.16,198.59,198.7,0.0
1782910800,198.71,200.09,194.23,196.08,0.0
1782912600,196.1699981689453,196.57000732421875,193.4499969482422,196.1999969482422,33832957.0
1782916200,196.2050018310547,196.99000549316406,194.47000122070312,196.92999267578125,17244030.0
1782919800,196.9302978515625,197.36000061035156,196.57009887695312,197.06199645996094,11051098.0
1782923400,197.0800018310547,198.47999572753906,196.910400390625,198.2050018310547,12076805.0
1782927000,198.1999969482422,198.9250030517578,197.67999267578125,198.09500122070312,11622565.0
1782930600,198.09500122070312,199.85000610351562,197.89010620117188,199.3000030517578,13205841.0
1782934200,199.3000030517578,199.70989990234375,197.22999572753906,197.5800018310547,16409561.0
1782936000,197.58,199.5629,184.4418,197.21,0.0
1782939600,197.2039,197.835,187.5009,197.73,0.0
1782943200,197.72,197.93,197.31,197.8317,0.0
1782946800,197.8317,197.9,197.0,197.04,0.0
1782979200,196.3,198.3,195.0,195.65,0.0
1782982800,195.65,196.3922,195.5,196.09,0.0
1782986400,196.09,196.2688,195.4,195.6,0.0
1782990000,195.6,197.58,195.556,196.46,0.0
1782993600,196.4609,200.04,196.25,197.7562,0.0
1782997200,197.7304,198.7,196.86,197.17,0.0
1782999000,197.14999389648438,200.05499267578125,196.77999877929688,197.85000610351562,25455768.0
1783002600,197.88999938964844,198.2050018310547,194.4199981689453,194.7794952392578,20691466.0
1783006200,194.77999877929688,196.0,193.625,193.7899932861328,15015064.0
1783009800,193.7899932861328,194.15989685058594,192.76199340820312,193.0500030517578,12353010.0
1783013400,193.0449981689453,193.86000061035156,192.35000610351562,193.76260375976562,11468938.0
1783017000,193.75999450683594,193.9499969482422,192.52999877929688,193.10499572753906,11027767.0
1783020600,193.11500549316406,195.0,193.06500244140625,194.6199951171875,15092870.0
1783022400,194.48,207.5,181.3941,194.53,0.0
1783026000,194.53,203.8033,181.3941,194.5591,0.0
1783029600,194.55,194.83,194.45,194.66,0.0
1783033200,194.66,194.72,194.2722,194.3965,0.0
1783324800,195.03,195.55,194.0522,195.09,0.0
1783328400,195.11,195.4,194.9864,195.36,0.0
1783332000,195.3599,195.62,194.83,195.3,0.0
1783335600,195.35,195.93,195.1,195.83,0.0
1783339200,195.83,195.95,195.1,195.16,0.0
1783342800,195.17,195.5493,194.33,194.42,0.0
1783344600,194.38999938964844,197.4199981689453,194.0,196.57400512695312,24790156.0
1783348200,196.58990478515625,196.75999450683594,195.36000061035156,196.5135040283203,11070371.0
1783351800,196.5,197.5500030517578,196.02999877929688,197.0,10338717.0
1783355400,197.00509643554688,197.24000549316406,195.85000610351562,195.97000122070312,7095621.0
1783359000,195.97000122070312,196.6699981689453,195.6300048828125,196.27000427246094,7308554.0
1783362600,196.27000427246094,197.13999938964844,196.0399932861328,196.85000610351562,7906694.0
1783366200,196.85499572753906,197.03500366210938,195.4199981689453,195.5749969482422,11769018.0
1783368000,195.55,208.8782,191.226,195.25,0.0
1783371600,195.2842,208.8782,182.847,195.5,0.0
1783375200,195.5,195.7,195.26,195.3922,0.0
1783378800,195.4,195.46,194.68,194.6983,0.0
1783411200,193.99,195.55,193.2598,193.9985,0.0
1783414800,193.9415,194.1,193.71,193.98,0.0
1783418400,194.0188,194.4,193.67,193.91,0.0
1783422000,193.9,193.94,190.68,191.08,0.0
1783425600,191.0,192.69,190.6112,192.6091,0.0
1783429200,192.6017,195.55,184.97,192.3,0.0
1783431000,192.3699951171875,193.5,191.44000244140625,191.860107421875,30891972.0
1783434600,191.8699951171875,193.36500549316406,191.14999389648438,193.0500030517578,14107434.0
1783438200,193.0500030517578,197.58999633789062,192.8000946044922,197.38999938964844,16102972.0
1783441800,197.38949584960938,198.41000366210938,196.63099670410156,197.44000244140625,15688038.0
1783445400,197.42999267578125,198.25,197.22000122070312,197.27499389648438,8714306.0
1783449000,197.27999877929688,197.64999389648438,195.6999969482422,196.14500427246094,11148682.0
1783452600,196.14999389648438,197.0500030517578,195.47000122070312,196.92999267578125,10579644.0
1783454400,196.977,197.1,194.3997,196.6,0.0
1783458000,196.58,208.233,188.1873,195.68,0.0
1783461600,195.77,196.93,195.52,195.95,0.0
1783465200,195.95,196.45,195.6,195.89,0.0
1783497600,196.385,197.45,193.8732,194.09,0.0
1783501200,194.0,194.6275,192.9019,193.3,0.0
1783504800,193.18,193.917,193.04,193.66,0.0
1783508400,193.8,194.275,193.55,193.74,0.0
1783512000,193.71,195.25,193.6,195.03,0.0
1783515600,195.03,195.93,194.7,195.1,0.0
1783517400,195.1300048828125,199.86000061035156,195.10499572753906,197.00999450683594,24772824.0
1783521000,197.00999450683594,199.4499969482422,196.0500030517578,196.58999633789062,20952645.0
1783524600,196.5500030517578,200.10000610351562,196.5500030517578,199.2528076171875,13979919.0
1783528200,199.25999450683594,203.12899780273438,198.906494140625,203.0800018310547,16353935.0
1783531800,203.08999633789062,203.7100067138672,201.89999389648438,202.19000244140625,15515856.0
1783535400,202.1999969482422,204.8300018310547,202.09300231933594,204.4550018310547,17705271.0
1783539000,204.4550018310547,205.14999389648438,203.77000427246094,204.14999389648438,15113069.0
1783540800,204.12,215.6948,188.5275,202.9,0.0
1783544400,202.93,216.04,189.3442,203.1969,0.0
1783548000,203.1988,203.43,202.5801,202.9178,0.0
1783551600,202.88,203.68,202.8,203.62,0.0
1783584000,205.12,205.86,203.4,204.6,0.0
1783587600,204.69,205.0,203.8535,204.39,0.0
1783591200,204.38,204.79,204.05,204.69,0.0
1783594800,204.61,205.35,203.81,205.179,0.0
1783598400,205.28,206.24,205.13,205.8305,0.0
1783602000,205.775,206.34,204.27,204.41,0.0
1783603800,204.4600067138672,204.4600067138672,198.97000122070312,200.23500061035156,39934967.0
1783607400,200.24850463867188,202.1999969482422,199.30999755859375,201.72000122070312,16617266.0
1783611000,201.74000549316406,202.5084991455078,201.17030334472656,202.17630004882812,12019513.0
1783614600,202.19000244140625,203.3300018310547,201.63999938964844,202.8300018310547,9438328.0
1783618200,202.8300018310547,203.5500030517578,202.77000427246094,203.50999450683594,8857216.0
1783621800,203.52999877929688,204.5800018310547,202.97000122070312,203.7899932861328,12628428.0
1783625400,203.77999877929688,204.1300048828125,202.58999633789062,202.72999572753906,9554841.0
1783627200,202.69,203.17,194.83,202.54,0.0
1783630800,202.52,215.0322,188.646,202.7487,0.0
1783634400,202.75,202.8,202.11,202.3607,0.0
1783638000,202.395,202.66,202.16,202.315,0.0
1783670400,201.22,203.0975,201.1012,201.5382,0.0
1783674000,201.5363,201.8977,200.7,201.66,0.0
1783677600,201.66,201.9855,201.65,201.79,0.0
1783681200,201.8662,202.325,201.722,201.89,0.0
1783684800,201.89,201.98,201.0,201.57,0.0
1783688400,201.56,202.78,201.35,201.98,0.0
1783690200,201.9199981689453,208.13999938964844,201.9199981689453,207.3000030517578,36233936.0
1783693800,207.2899932861328,208.8000030517578,205.72000122070312,208.57000732421875,20223518.0
1783697400,208.58999633789062,210.55999755859375,207.66000366210938,209.7899932861328,21713068.0
1783701000,209.7949981689453,210.3800048828125,209.41000366210938,210.19000244140625,11647482.0
1783704600,210.19000244140625,210.87989807128906,209.92999267578125,210.30999755859375,13804151.0
1783708200,210.32000732421875,210.73989868164062,209.74000549316406,209.96609497070312,13506969.0
1783711800,209.97000122070312,211.0,209.55999755859375,210.9499969482422,13007287.0
1783713600,210.96,211.1,207.949,210.6682,0.0
1783717200,210.5822,216.0477,197.6362,210.34,0.0
1783720800,210.3512,210.64,210.33,210.612,0.0
1783724400,210.639,210.65,210.41,210.57,0.0
1783929600,207.72,208.46,205.92,207.1,0.0
1783933200,207.02,208.2,206.77,208.14,0.0
1783936800,208.1793,208.55,207.2195,207.35,0.0
1783940400,207.35,208.79,207.345,208.41,0.0
1783944000,208.42,210.433,207.7797,207.81,0.0
1783947600,207.78,208.82,207.41,208.61,0.0
1783949400,208.5399932861328,210.57000732421875,207.02000427246094,208.6300048828125,27014241.0
1783953000,208.6300048828125,208.8800048828125,206.63999938964844,207.80499267578125,13323007.0
1783956600,207.80999755859375,208.02999877929688,205.57000732421875,205.9199981689453,11983424.0
1783960200,205.9199981689453,205.9199981689453,203.83999633789062,204.24000549316406,12908962.0
1783963800,204.25,204.4499969482422,203.47000122070312,203.6300048828125,10329870.0
1783967400,203.61500549316406,204.5,203.35000610351562,203.8300018310547,9793873.0
1783971000,203.85000610351562,204.5,203.4199981689453,203.47999572753906,11656158.0
1783972800,203.94,216.0287,189.5638,203.6571,0.0
1783976400,203.64,216.0287,189.5442,203.62,0.0
1783980000,203.62,203.96,203.29,203.45,0.0
1783983600,203.47,203.66,202.75,203.25,0.0
1784016000,204.997,205.49,203.1087,205.3,0.0
1784019600,205.2985,205.3,204.44,204.44,0.0
1784023200,204.49,204.72,204.35,204.54,0.0
1784026800,204.54,206.3,204.31,206.0135,0.0
1784030400,206.0109,206.66,205.6,206.2708,0.0
1784034000,206.3,208.54,206.3,208.2,0.0
1784035800,208.1999969482422,208.33999633789062,203.8000030517578,205.53219604492188,25632188.0
1784039400,205.5399932861328,209.13999938964844,205.25,209.10000610351562,14604201.0
1784043000,209.1199951171875,209.5850067138672,208.3101043701172,209.55499267578125,12188634.0
1784046600,209.55999755859375,211.52000427246094,209.3000030517578,211.02999877929688,15022566.0
1784050200,211.02999877929688,212.10000610351562,210.50999450683594,211.77969360351562,11128924.0
1784053800,211.77999877929688,212.5399932861328,211.25999450683594,211.27499389648438,11614521.0
1784057400,211.27999877929688,212.3000030517578,211.02000427246094,211.8000030517578,12017876.0
1784059200,211.771,218.6291,198.508,211.631,0.0
1784062800,211.63,217.9895,201.3796,211.53,0.0
1784066400,211.56,211.65,211.25,211.4987,0.0
1784070000,211.4547,211.88,211.25,211.8192,0.0
1784102400,212.1657,213.21,210.5,210.91,0.0
1784106000,210.855,211.3988,210.5,211.1659,0.0
1784109600,211.12,211.295,210.6066,210.94,0.0
1784113200,210.97,212.0,210.7075,211.43,0.0
1784116800,211.4629,211.9,210.93,211.09,0.0
1784120400,211.0,212.0,210.82,212.0,0.0
1784122200,212.00999450683594,213.80999755859375,209.36000061035156,210.67999267578125,24516818.0
1784125800,210.67999267578125,210.82000732421875,208.3699951171875,209.5,14631685.0
1784129400,209.5050048828125,209.73779296875,206.52000427246094,206.86000061035156,15327331.0
1784133000,206.85499572753906,209.10989379882812,206.0399932861328,209.02999877929688,13390113.0
1784136600,209.02999877929688,211.0,208.86000061035156,210.47000122070312,10112385.0
1784140200,210.49000549316406,212.00999450683594,209.85000610351562,210.968505859375,11623451.0
1784143800,211.0,212.56930541992188,210.91000366210938,212.49000549316406,11587685.0
1784145600,212.5,226.2547,212.01,212.07,0.0
1784149200,212.1,226.2547,199.5629,211.82,0.0
1784152800,211.88,212.5,211.18,211.67,0.0
1784156400,211.66,211.8,211.1,211.2502,0.0
1784188800,210.92,212.5,208.8679,209.38,0.0
1784192400,209.5,210.5,209.3488,210.02,0.0
1784196000,210.02,210.2588,209.122,209.5668,0.0
1784199600,209.68,210.42,208.68,209.2,0.0
1784203200,209.1202,212.5,208.4,209.315,0.0
1784206800,209.315,210.74,208.61,210.17,0.0
1784208600,210.26499938964844,211.0800018310547,207.17999267578125,208.9698944091797,24620465.0
1784212200,208.9499969482422,209.14999389648438,205.85000610351562,207.05999755859375,18003767.0
1784215800,207.02999877929688,212.5,206.4644012451172,207.22000122070312,10939067.0
1784219400,207.22999572753906,207.81500244140625,206.6199951171875,207.32260131835938,8899771.0
1784223000,207.3300018310547,207.4499969482422,205.875,206.88999938964844,11882319.0
1784226600,206.8800048828125,207.66000366210938,206.13999938964844,206.47000122070312,9956016.0
1784230200,206.4600067138672,207.5399932861328,205.94000244140625,207.47000122070312,14191211.0
1784232000,207.49,207.49,206.5513,206.87,0.0
1784235600,206.8712,208.1399,202.2243,206.7295,0.0
1784239200,206.715,207.4,206.12,206.36,0.0
1784242800,206.3565,206.45,205.25,205.965,0.0
1784275200,201.23,207.4,200.14,200.595,0.0
1784278800,200.65,201.5917,200.33,201.3072,0.0
1784282400,201.3,202.42,201.07,202.33,0.0
1784286000,202.31,207.4,201.51,202.25,0.0
1784289600,202.35,202.73,201.43,201.91,0.0
1784293200,201.95,202.9,201.0,202.9,0.0
1784295000,202.73500061035156,206.1999969482422,197.97000122070312,203.8000030517578,54332090.0
1784298600,203.82000732421875,204.64500427246094,202.3699951171875,203.9250030517578,16729585.0
1784302200,203.9250030517578,205.39990234375,203.83999633789062,204.8350067138672,13260696.0
1784305800,204.8249969482422,206.64500427246094,204.55999755859375,206.13499450683594,10360412.0
1784309400,206.13999938964844,206.22999572753906,202.99000549316406,203.3957977294922,9230035.0
1784313000,203.36000061035156,203.89999389648438,201.63009643554688,202.96499633789062,11831616.0
1784316600,202.97000122070312,203.82000732421875,202.52000427246094,202.63999938964844,11012934.0
1784318400,202.647,208.8782,191.43,202.76,0.0
1784322000,202.76,204.4257,193.6731,202.675,0.0
1784325600,202.61,202.81,202.54,202.7246,0.0
1784329200,202.7492,202.8,202.4,202.4887,0.0
1784534400,203.12,204.04,202.53,203.89,0.0
1784538000,203.86,203.88,203.3,203.79,0.0
1784541600,203.75,204.29,203.7,204.17,0.0
1784545200,204.13,205.38,202.81,205.1,0.0
1784548800,205.06,206.42,205.03,205.97,0.0
1784552400,205.99,206.64,205.0,206.13,0.0
1784554200,205.97500610351562,207.74000549316406,204.66000366210938,205.93499755859375,21217575.0
1784557800,205.9261016845703,206.5050048828125,204.58009338378906,206.49000549316406,10233874.0
1784561400,206.4604949951172,206.53500366210938,204.77999877929688,205.27499389648438,8034257.0
1784565000,205.2899932861328,205.36000061035156,203.0426025390625,203.7899932861328,8684039.0
1784568600,203.7899932861328,205.01499938964844,203.6501007080078,204.30999755859375,6310147.0
1784572200,204.3105926513672,204.31500244140625,202.27999877929688,202.95989990234375,9559725.0
1784575800,202.9499969482422,203.44000244140625,202.5800018310547,203.3800048828125,7870520.0
1784577600,203.38,210.1876,191.226,202.72,0.0
1784581200,202.72,215.0513,189.5442,202.86,0.0
1784584800,202.9,202.92,202.3,202.4,0.0
1784588400,202.4475,203.24,202.31,203.0892,0.0
1784620800,204.59,205.56,203.28,205.53,0.0
1784624400,205.5,205.88,205.4242,205.524,0.0
1784628000,205.6662,205.79,205.34,205.5214,0.0
1784631600,205.5,205.81,203.28,205.38,0.0
1784635200,205.361,206.2,203.28,205.75,0.0
1784638800,205.75,207.55,205.5,207.5,0.0
1784640600,207.5399932861328,208.64999389648438,204.01010131835938,205.38999938964844,24526611.0
1784644200,205.3699951171875,206.72999572753906,204.70030212402344,206.60000610351562,11920887.0
1784647800,206.6199951171875,206.82000732421875,205.02000427246094,205.0850067138672,13342712.0
1784651400,205.0800018310547,206.36000061035156,204.8300018310547,206.125,11789499.0
1784655000,206.125,206.96499633789062,205.71119689941406,206.25,7310358.0
1784658600,206.24989318847656,207.34500122070312,206.22000122070312,206.77000427246094,10329363.0
1784662200,206.7899932861328,207.82009887695312,206.5,207.17999267578125,10439183.0
1784664000,207.29,219.4824,200.674,206.7,0.0
1784667600,206.77,213.2832,205.6974,206.77,0.0
1784671200,206.73,206.79,206.17,206.4,0.0
1784674800,206.4982,206.58,206.2,206.35,0.0
1784707200,205.55,207.29,204.64,205.2,0.0
1784710800,205.2,205.5188,204.9192,205.42,0.0
1784714400,205.38,205.8,204.95,205.695,0.0
1784718000,205.695,207.29,205.08,205.1975,0.0
1784721600,205.14,207.29,204.5,205.0,0.0
1784725200,204.99,207.29,204.5602,205.77,0.0
1784727000,205.80499267578125,208.22999572753906,204.9499969482422,206.79949951171875,20545500.0
1784730600,206.8000030517578,213.5458984375,206.4499969482422,212.1999969482422,26786013.0
1784734200,212.22500610351562,214.25999450683594,211.83999633789062,213.5,19851505.0
1784737800,213.49000549316406,214.38999938964844,213.1999969482422,213.75999450683594,13149669.0
1784741400,213.77000427246094,214.37989807128906,213.46009826660156,213.74000549316406,9948041.0
1784745000,213.72999572753906,214.2050018310547,212.91000366210938,213.35000610351562,11609223.0
1784748600,213.35000610351562,213.39999389648438,211.72000122070312,212.05990600585938,13401761.0
1784750400,212.0601,227.095,211.75,212.89,0.0
1784754000,212.89,227.095,210.18,211.07,0.0
1784757600,211.07,211.4462,210.35,211.1166,0.0
1784761200,211.12,212.05,210.8,212.04,0.0
1784793600,210.501,212.5,210.0065,210.898,0.0
1784797200,210.8798,211.86,210.803,211.0762,0.0
1784800800,210.97,211.1445,210.312,210.312,0.0
1784804400,210.388,212.06,210.3,210.5,0.0
1784808000,210.45,210.77,209.51,209.65,0.0
1784811600,209.62,209.9442,208.27,209.46,0.0
1784813400,209.39500427246094,210.8686981201172,208.0500030517578,208.5760040283203,24237343.0
1784817000,208.5399932861328,209.12989807128906,206.04010009765625,206.3800048828125,15403198.0
1784820600,206.34500122070312,209.81500244140625,205.9600067138672,209.6300048828125,11580527.0
1784824200,209.63999938964844,210.42999267578125,209.17999267578125,210.1300048828125,9217654.0
1784827800,210.13499450683594,210.1999969482422,208.19000244140625,208.57000732421875,7295185.0
1784831400,208.57980346679688,208.8249969482422,207.1199951171875,207.84500122070312,9313061.0
1784835000,207.85000610351562,208.97999572753906,206.88999938964844,208.6999969482422,10705777.0
1784836800,208.78,222.3682,203.2372,209.15,0.0
1784840400,209.1,215.0322,198.1799,208.4,0.0
1784844000,208.43,208.76,207.51,208.38,0.0
1784847600,208.4975,208.5,207.78,207.99,0.0
1784880000,206.59,208.76,206.1,207.3271,0.0
1784883600,207.39,208.28,207.023,208.274,0.0
1784887200,208.2642,208.5,207.7112,207.9927,0.0
1784890800,207.9732,208.49,207.52,208.24,0.0
1784894400,208.25,208.99,208.02,208.4859,0.0
1784898000,208.45,208.76,206.92,207.45,0.0
1784899800,207.55999755859375,208.60000610351562,205.6699981689453,208.11000061035156,20305939.0
1784903400,208.11000061035156,210.36000061035156,207.10000610351562,209.2100067138672,15086430.0
1784907000,209.2100067138672,211.90989685058594,208.97999572753906,210.77000427246094,14557643.0
1784910600,210.77499389648438,210.8800048828125,209.52000427246094,210.25,9038412.0
1784914200,210.27000427246094,210.52999877929688,207.72999572753906,207.8249969482422,7838822.0
1784917800,207.8300018310547,207.88580322265625,204.80999755859375,205.60659790039062,17993073.0
1784921400,205.60000610351562,207.17999267578125,205.2899932861328,206.9600067138672,13248396.0
1784923200,206.98,216.0477,192.6807,207.03,0.0
1784926800,207.03,216.0477,199.582,206.905,0.0
1784930400,206.9005,206.96,206.62,206.7127,0.0
1784934000,206.7246,206.82,206.5,206.7995,0.0
1785139200,208.7,209.75,208.34,209.282,0.0
1785142800,209.32,209.62,209.0417,209.1877,0.0
1785146400,209.13,209.2788,208.52,208.75,0.0
1785150000,208.7867,209.2,207.7635,207.88,0.0
1785153600,207.89,208.5975,207.8257,208.1387,0.0
1785157200,208.1387,208.89,207.5,208.19,0.0
1785159000,208.11000061035156,208.75,198.8800048828125,198.94500732421875,34792635.0
1785162600,198.9499969482422,200.0,196.77000427246094,197.06500244140625,27222128.0
1785166200,197.0749969482422,198.5399932861328,195.9199981689453,197.77999877929688,18304743.0
1785169800,197.77999877929688,198.14999389648438,195.44000244140625,195.57000732421875,12949732.0
1785173400,195.5800018310547,197.0800018310547,195.5,196.7050018310547,10165862.0
1785177000,196.69500732421875,198.02000427246094,196.08999633789062,197.72999572753906,12772277.0
1785180600,197.72999572753906,197.8300018310547,196.30999755859375,196.52000427246094,13711449.0
1785182400,196.53,206.0108,196.4,196.94,0.0
1785186000,196.91,206.0108,185.6813,197.01,0.0
1785189600,197.01,197.14,196.25,196.36,0.0
1785193200,196.3887,196.51,196.062,196.14,0.0
1785225600,194.2,196.51,193.0,194.33,0.0
1785229200,194.36,195.18,194.1042,194.65,0.0
1785232800,194.65,194.8135,194.31,194.6512,0.0
1785236400,194.7,196.51,193.607,194.7999,0.0
1785240000,194.75,196.08,194.03,195.79,0.0
1785243600,195.86,196.47,194.02,195.05,0.0
1785245400,194.9499969482422,195.4550018310547,192.74000549316406,194.08999633789062,36821242.0
1785249000,194.08999633789062,197.85000610351562,193.89999389648438,196.72000122070312,20666546.0
1785252600,196.6999969482422,198.6999969482422,196.44000244140625,197.27999877929688,13377269.0
1785256200,197.27999877929688,198.2449951171875,196.60000610351562,197.6999969482422,10884017.0
1785259800,197.69009399414062,198.08990478515625,196.64999389648438,196.7050018310547,6939840.0
1785263400,196.7050018310547,198.02999877929688,196.53309631347656,197.88999938964844,10170431.0
1785267000,197.91000366210938,198.14999389648438,196.75,196.9499969482422,13539085.0
1785268800,197.01,201.3796,183.6614,197.21,0.0
1785272400,197.21,201.3796,183.6614,196.89,0.0
1785276000,196.8966,197.24,195.5,195.53,0.0
1785279600,195.5001,197.75,195.0,197.63,0.0
1785312000,196.13,197.01,194.0432,195.6685,0.0
1785315600,195.78,197.6022,195.67,197.33,0.0
1785319200,197.27,198.3,197.09,197.58,0.0
1785322800,197.63,197.78,196.68,197.48,0.0
1785326400,197.48,197.6,196.3,196.37,0.0
1785330000,196.43,197.15,194.5,195.81,0.0
1785331800,195.84500122070312,197.07400512695312,190.92300415039062,191.63499450683594,26776737.0
1785335400,191.61000061035156,193.16000366210938,190.9600067138672,192.375,13980503.0
1785339000,192.375,192.60000610351562,190.6820068359375,191.58999633789062,14222182.0
1785342600,191.5749969482422,193.0800018310547,191.27999877929688,192.16949462890625,12697362.0
1785346200,192.110107421875,194.0570068359375,191.7100067138672,193.1999969482422,13691975.0
1785349800,193.17100524902344,196.32989501953125,192.56500244140625,193.3699951171875,15825181.0
1785353400,193.3800048828125,193.7550048828125,190.02000427246094,190.05999755859375,21014144.0
1785355200,190.01,202.04,177.0854,189.6912,0.0
1785358800,189.6529,199.5629,177.0854,189.29,0.0
1785362400,189.28,192.15,189.2,190.98,0.0
1785366000,190.98,191.8,190.95,191.2641,0.0
1785398400,191.3,192.0,190.01,191.4304,0.0
1785402000,191.45,192.66,191.4142,192.45,0.0
1785405600,192.48,192.6957,191.45,192.58,0.0
1785409200,192.697,193.45,190.01,193.3483,0.0
1785412800,193.3485,194.3,192.86,193.64,0.0
1785416400,193.5507,194.66,192.97,193.31,0.0
1785418200,193.4499969482422,197.17999267578125,191.52000427246094,196.80999755859375,33838063.0
1785421800,196.80999755859375,197.25,193.43499755859375,193.50999450683594,19038422.0
1785425400,193.50999450683594,194.3699951171875,192.72999572753906,193.80999755859375,13266492.0
1785429000,193.80999755859375,194.01499938964844,192.67999267578125,193.6199951171875,8373037.0
1785432600,193.6199951171875,194.07000732421875,193.0601043701172,193.49000549316406,7580624.0
1785436200,193.49000549316406,194.9250030517578,193.13999938964844,194.05499267578125,10395289.0
1785439800,194.0399932861328,195.32550048828125,193.99000549316406,195.14999389648438,11945984.0
1785441600,195.04,196.3599,182.2548,195.4754,0.0
1785445200,195.48,203.8033,182.0157,195.48,0.0
1785448800,195.48,196.23,195.23,196.01,0.0
1785452400,196.07,196.85,196.01,196.839,0.0
1785484800,198.4897,198.8,195.04,198.7,0.0
1785488400,198.68,198.77,198.05,198.0977,0.0
1785492000,198.11,198.3997,197.65,198.0215,0.0
1785495600,198.02,198.18,197.2,197.25,0.0
1785499200,197.32,197.8,195.04,196.99,0.0
1785502800,196.9888,198.68,196.4,198.57,0.0
1785504600,198.4405059814453,200.08999633789062,194.9499969482422,196.9949951171875,29866755.0
1785508200,197.0,198.92999267578125,195.32000732421875,195.6199951171875,14917314.0
1785511800,195.60000610351562,198.02000427246094,195.2386932373047,198.02000427246094,9730128.0
1785515400,198.0449981689453,199.3199005126953,197.5,199.2550048828125,9171395.0
1785519000,199.2550048828125,199.97000122070312,198.49000549316406,198.5500946044922,9755690.0
1785522600,198.59500122070312,201.1199951171875,198.25999450683594,200.30499267578125,15913383.0
1785526200,200.30499267578125,201.97000122070312,199.8800048828125,200.80999755859375,19652521.0
1785528000,200.75,200.8,199.49,199.49,0.0
1785531600,199.5294,208.9337,193.7188,199.04,0.0
1785535200,199.05,200.75,198.9,198.9671,0.0
1785538800,198.9671,199.2,198.94,198.9495,0.0
1785744000,201.99,202.7477,199.66,199.99,0.0
1785747600,199.92,200.9,199.6645,200.72,0.0
1785751200,200.63,200.8857,199.66,199.95,0.0
1785754800,199.96,200.46,199.25,199.343,0.0
1785758400,199.31,199.8506,197.944,198.53,0.0
1785762000,198.7582,199.29,196.75,197.69,0.0
1785763800,198.5,205.72000122070312,198.08999633789062,205.39010620117188,33652814.0
1785767400,205.38999938964844,207.39999389648438,204.8000946044922,206.4149932861328,19086003.0
1785771000,206.4199981689453,207.47999572753906,206.27000427246094,207.08999633789062,11203186.0
1785774600,207.08680725097656,208.67990112304688,206.69000244140625,208.59500122070312,9609744.0
1785778200,208.5998992919922,208.74000549316406,207.57000732421875,207.7100067138672,10728882.0
1785781800,207.6999969482422,208.72000122070312,207.60000610351562,207.83999633789062,9701905.0
1785785400,207.85000610351562,207.9199981689453,205.9199981689453,206.69000244140625,11942945.0
1785787200,206.68,220.9158,202.5263,206.6546,0.0
1785790800,206.67,220.9367,199.8468,206.76,0.0
1785794400,206.7491,207.4032,206.72,206.9934,0.0
1785798000,206.99,207.06,206.72,206.8031,0.0
1785830400,207.76,208.7,206.64,208.45,0.0
1785834000,208.41,208.5,207.8255,208.35,0.0
1785837600,208.37,208.71,208.1012,208.5575,0.0
1785841200,208.55,209.63,208.29,209.63,0.0
1785844800,209.6062,210.68,209.1652,210.0803,0.0
1785848400,210.08,211.57,209.78,211.44,0.0
1785850200,210.67999267578125,212.1708984375,209.11500549316406,210.2624053955078,29989052.0
1785853800,210.24000549316406,211.03990173339844,209.0500030517578,209.89999389648438,14932802.0
1785857400,209.89999389648438,210.9499969482422,209.6199951171875,210.22030639648438,9540619.0
1785861000,210.22000122070312,211.64999389648438,209.94000244140625,211.4600067138672,9087924.0
1785864600,211.4698944091797,212.64999389648438,211.0399932861328,212.55999755859375,12059709.0
1785868200,212.57000732421875,213.05999755859375,212.1999969482422,212.49000549316406,13768942.0
1785871800,212.48500061035156,212.97999572753906,211.80999755859375,211.83999633789062,11957434.0
1785873600,211.94,213.93,209.29,213.73,0.0
1785877200,213.7472,224.9013,200.674,215.1,0.0
1785880800,215.1003,216.6,211.94,216.58,0.0
1785884400,216.4901,217.1,216.01,216.5,0.0
1785916800,216.64,217.8087,211.94,216.2267,0.0
1785920400,216.15,216.2365,215.53,216.14,0.0
1785924000,216.178,216.3,215.65,215.97,0.0
1785927600,215.99,216.68,215.36,215.5,0.0
1785931200,215.43,216.0,214.8,215.15,0.0
1785934800,215.1162,217.69,214.95,216.85,0.0
1785936600,216.86000061035156,222.22000122070312,216.39999389648438,220.72779846191406,54180378.0
1785940200,220.6999969482422,220.72999572753906,218.35000610351562,219.11000061035156,17737803.0
1785943800,219.0989990234375,221.3699951171875,218.44000244140625,221.1699981689453,14334618.0
1785947400,221.1699981689453,221.60000610351562,220.6082000732422,221.0500030517578,12081572.0
1785951000,221.05999755859375,221.8000030517578,220.59010314941406,221.73980712890625,9319375.0
1785954600,221.74000549316406,222.17999267578125,221.1699981689453,221.8350067138672,14860918.0
1785958200,221.8300018310547,221.8699951171875,218.85000610351562,219.1999969482422,15732584.0
1785960000,219.22,233.4137,215.6948,219.9604,0.0
1785963600,219.96,234.2166,215.6948,219.86,0.0
1785967200,219.83,221.16,219.22,220.82,0.0
1785970800,220.84,221.0,220.5,220.7423,0.0
1786003200,220.1187,220.42,218.4027,219.43,0.0
1786006800,219.49,220.0,218.75,218.83,0.0
1786010400,218.82,219.9,218.8012,219.8475,0.0
1786014000,219.75,220.89,218.8,220.6083,0.0
1786017600,220.6424,222.38,220.61,221.4331,0.0
1786021200,221.4,222.15,220.3,221.5983,0.0
1786023000,221.52999877929688,223.62750244140625,219.33009338378906,219.81500244140625,33560480.0
1786026600,219.82179260253906,219.9698944091797,217.7100067138672,218.2041015625,17120226.0
1786030200,218.2100067138672,219.1300048828125,217.27000427246094,218.52999877929688,11943067.0
1786033800,218.5399932861328,219.75,218.47999572753906,218.9600067138672,8048183.0
1786037400,218.97000122070312,220.91000366210938,217.38999938964844,220.41000366210938,8250020.0
1786041000,220.4149932861328,220.4499969482422,219.41000366210938,219.85000610351562,9312481.0
1786044600,219.86000061035156,220.2899932861328,218.57000732421875,218.99000549316406,10008767.0
1786046400,218.99,222.3682,211.4094,218.9688,0.0
1786050000,218.95,230.3812,206.172,218.7122,0.0
1786053600,218.83,219.68,218.7,219.56,0.0
1786057200,219.57,219.78,219.4,219.42,0.0
1786089600,218.84,220.1557,218.4742,219.8,0.0
1786093200,219.9,220.15,219.8,219.99,0.0
1786096800,219.95,220.0738,219.2,219.54,0.0
1786100400,219.62,220.41,218.99,220.33,0.0
1786104000,220.3475,220.59,219.6,219.9504,0.0
1786107600,219.98,221.91,219.6905,221.52,0.0
1786109400,222.0,223.4499969482422,220.66000366210938,223.3498992919922,24342350.0
1786113000,223.3300018310547,224.64999389648438,222.67999267578125,224.1999969482422,15850676.0
1786116600,224.2100067138672,224.75999450683594,222.25,222.4499969482422,12096313.0
1786120200,222.4600067138672,222.64999389648438,221.55039978027344,221.8249969482422,9554800.0
1786123800,221.8249969482422,222.39999389648438,221.67999267578125,221.94500732421875,5864404.0
1786127400,221.9600067138672,223.13999938964844,221.76499938964844,223.0399932861328,8282356.0
1786131000,223.0399932861328,224.2100067138672,222.38999938964844,223.97999572753906,11686341.0
1786132800,223.96,224.0,223.26,223.6,0.0
1786136400,223.6183,249.1383,158.04,223.3547,0.0
1786140000,223.354,223.449,223.2,223.44,0.0
1786143600,223.44,223.92,223.3,223.7619,0.0
1786348800,224.858,225.58,224.4317,224.99,0.0
1786352400,224.98,225.1888,224.7012,224.78,0.0
1786356000,224.78,224.99,224.6,224.87,0.0
1786359600,224.87,225.1888,223.96,224.62,0.0
1786363200,224.6102,224.63,223.04,223.33,0.0
1786366800,223.3299,223.91,222.28,223.32,0.0
1786368600,223.4499969482422,224.1378936767578,220.17999267578125,220.4001007080078,23836130.0
1786372200,220.39999389648438,221.13999938964844,218.92999267578125,219.4499969482422,14292207.0
1786375800,219.42999267578125,220.60000610351562,218.34010314941406,218.34010314941406,13335496.0
1786379400,218.36000061035156,219.0,216.77000427246094,218.4980926513672,17200195.0
1786383000,218.48989868164062,219.0449981689453,217.8300018310547,218.5399932861328,8173686.0
1786386600,218.5449981689453,219.4499969482422,218.3699951171875,219.1488037109375,8153843.0
1786390200,219.14999389648438,219.21499633789062,217.3699951171875,217.55999755859375,10481185.0
1786392000,217.541,219.66,206.0108,219.3412,0.0
1786395600,219.35,229.1204,206.0108,218.959,0.0
1786399200,218.94,219.4,218.5512,218.64,0.0
1786402800,218.66,218.7,217.9,217.99,0.0
1786435200,218.6085,219.61,217.55,218.65,0.0
1786438800,218.64,219.9367,218.31,219.75,0.0
1786442400,219.79,220.01,219.2,219.89,0.0
1786446000,219.89,220.35,219.6,219.8701,0.0
1786449600,219.9132,221.25,219.691,221.161,0.0
1786453200,221.18,222.45,220.82,222.45,0.0
1786455000,222.14999389648438,222.1999969482422,218.8300018310547,219.5749969482422,25985660.0
1786458600,219.58999633789062,220.55999755859375,218.46499633789062,219.0800018310547,12698811.0
1786462200,219.08999633789062,219.3800048828125,218.25,218.6699981689453,7908260.0
1786465800,218.6699981689453,219.2698974609375,216.72000122070312,217.28509521484375,9786776.0
1786469400,217.28500366210938,217.83999633789062,216.3000030517578,216.47000122070312,7055894.0
1786473000,216.47999572753906,217.97000122070312,216.39999389648438,217.85499572753906,7567601.0
1786476600,217.86000061035156,218.17999267578125,216.89280700683594,217.47999572753906,11068340.0
1786478400,217.48,218.6291,212.9972,217.6012,0.0
1786482000,217.6487,218.1,212.9972,217.9139,0.0
1786485600,217.9877,218.23,217.7,218.2165,0.0
1786489200,218.229,218.23,217.94,218.0385,0.0
1786521600,218.31,219.2033,217.5,218.95,0.0
1786525200,218.96,219.7774,218.82,219.61,0.0
1786528800,219.5112,220.27,219.5112,220.0052,0.0
1786532400,220.0071,220.1,219.2,219.3,0.0
1786536000,219.2822,219.781,219.03,219.735,0.0
1786539600,219.79,221.18,208.8008,220.79,0.0
1786541400,221.0399932861328,224.72999572753906,220.1999969482422,224.47659301757812,32684933.0
1786545000,224.4499969482422,225.10000610351562,223.35000610351562,223.83990478515625,15909944.0
1786548600,223.85000610351562,223.94000244140625,222.89010620117188,223.22000122070312,9441156.0
1786552200,223.22079467773438,224.2899932861328,222.67010498046875,224.10009765625,8219260.0
1786555800,224.0904998779297,224.22000122070312,223.1699981689453,224.1199951171875,7219140.0
1786559400,224.1199951171875,224.4499969482422,222.80999755859375,223.0,7523883.0
1786563000,222.99000549316406,224.3498992919922,222.22999572753906,224.1300048828125,10766745.0
1786564800,224.09,226.2547,207.6764,223.4765,0.0
1786568400,223.41,226.2547,223.35,223.7805,0.0
1786572000,223.7995,223.8062,223.3545,223.55,0.0
1786575600,223.549,223.88,223.51,223.7415,0.0
1786608000,224.43,224.7882,223.6012,224.1105,0.0
1786611600,224.08,224.187,223.3,223.5537,0.0
1786615200,223.5012,224.4255,223.5012,224.3755,0.0
1786618800,224.35,224.55,223.72,223.83,0.0
1786622400,223.85,224.15,222.95,223.639,0.0
1786626000,223.6338,225.2399,223.3096,225.11,0.0
1786627800,225.05499267578125,227.22999572753906,224.13499450683594,226.02999877929688,29866520.0
1786631400,226.03500366210938,226.47999572753906,224.3000030517578,224.4499969482422,12534298.0
1786635000,224.4481964111328,225.4600067138672,223.7100067138672,225.2899932861328,8854908.0
1786638600,225.3000030517578,225.90989685058594,224.9600067138672,225.34500122070312,6232415.0
1786642200,225.34500122070312,225.74000549316406,225.0399932861328,225.625,5719340.0
1786645800,225.6284942626953,226.24000549316406,225.4199981689453,225.77999877929688,8365507.0
1786649400,225.75999450683594,226.1999969482422,224.85000610351562,225.3699951171875,10655293.0
1786651200,225.3,228.6601,222.3682,225.36,0.0
1786654800,225.3828,233.7118,223.8906,225.54,0.0
1786658400,225.5209,225.77,225.3,225.6434,0.0
1786662000,225.795,226.0,225.41,225.4256,0.0
1786694400,225.05,225.52,224.805,225.3037,0.0
1786698000,225.3078,226.12,225.3078,226.0071,0.0
1786701600,226.0,226.44,225.76,226.045,0.0
1786705200,226.09,226.4385,225.76,225.8092,0.0
1786708800,225.78,225.99,225.19,225.7,0.0
1786712400,225.7,226.795,225.6301,226.75,0.0
1786714200,226.8000030517578,227.49000549316406,224.5,225.11500549316406,19626364.0
1786717800,225.11500549316406,226.94000244140625,224.92999267578125,225.54800415039062,10960396.0
1786721400,225.5399932861328,225.8000030517578,224.6199951171875,225.64999389648438,6741009.0
1786725000,225.63999938964844,225.7100067138672,224.9499969482422,225.1199951171875,5873716.0
1786728600,225.1199951171875,226.5,224.55999755859375,224.72000122070312,5731432.0
1786732200,224.6999969482422,225.4499969482422,224.64999389648438,225.1300048828125,6670272.0
1786735800,225.1649932861328,225.92999267578125,224.86000061035156,225.16000366210938,19538830.0
1786737600,225.09,234.8373,221.6373,224.9604,0.0
1786741200,224.9987,236.5457,221.6755,224.9614,0.0
1786744800,224.9614,225.16,224.8595,224.87,0.0
1786748400,224.88,225.0,224.7,224.72,0.0
1786953600,225.79,226.55,225.5103,226.32,0.0
1786957200,226.34,226.35,225.9325,226.0275,0.0
1786960800,225.95,226.4755,225.932,226.45,0.0
1786964400,226.38,226.79,226.049,226.5423,0.0
1786968000,226.54,227.1288,224.598,226.88,0.0
1786971600,226.86,227.08,225.5,226.01,0.0
1786973400,226.02000427246094,227.1699981689453,225.02999877929688,226.60000610351562,19035868.0
1786977000,226.60000610351562,227.75,225.61000061035156,227.44000244140625,15492978.0
1786980600,227.46499633789062,227.9199981689453,226.71200561523438,227.0303955078125,9952374.0
1786984200,227.03089904785156,227.2100067138672,225.8300018310547,225.9199981689453,6804284.0
1786987800,225.91000366210938,226.27999877929688,225.38999938964844,225.52999877929688,6431278.0
1786991400,225.5301055908203,225.9149932861328,225.35000610351562,225.5,5615571.0
1786995000,225.49000549316406,226.00999450683594,224.86000061035156,225.0500030517578,8321416.0
1786996800,225.01,235.9964,219.22,225.0222,0.0
1787000400,225.0062,246.7079,171.9907,225.06,0.0
1787004000,225.06,225.16,224.9324,225.08,0.0
1787007600,225.075,225.31,225.011,225.15,0.0
1787040000,222.315,225.01,220.63,221.04,0.0
1787043600,221.07,221.2,219.77,219.89,0.0
1787047200,219.83,220.66,219.53,220.355,0.0
1787050800,220.39,220.96,220.3415,220.62,0.0
1787054400,220.61,221.16,220.5,220.7601,0.0
1787058000,220.76,221.66,219.75,220.31,0.0
1787059800,220.4499969482422,221.63999938964844,218.8350067138672,219.97000122070312,26756702.0
1787063400,219.94000244140625,220.52999877929688,218.69020080566406,219.53970336914062,13264389.0
1787067000,219.52999877929688,220.36000061035156,219.32000732421875,219.52999877929688,8440865.0
1787070600,219.52999877929688,220.4499969482422,219.38999938964844,220.3300018310547,7609414.0
1787074200,220.30999755859375,220.50999450683594,219.2220001220703,219.93499755859375,7081084.0
1787077800,219.92999267578125,220.19000244140625,219.1300048828125,219.24000549316406,7061411.0
1787081400,219.24000549316406,220.02999877929688,218.9199981689453,219.8000030517578,12278943.0
1787083200,219.81,234.7265,208.233,219.62,0.0
1787086800,219.63,224.9013,208.233,219.4302,0.0
1787090400,219.49,219.74,218.93,219.05,0.0
1787094000,219.03,219.37,218.93,219.25,0.0
1787126400,219.4,221.14,218.53,220.71,0.0
1787130000,220.708,220.9988,220.195,220.22,0.0
1787133600,220.4,220.57,219.85,220.45,0.0
1787137200,220.47,220.84,219.74,220.19,0.0
1787140800,220.1987,220.7272,219.463,220.19,0.0
1787144400,220.23,222.071,219.8,221.67,0.0
1787146200,221.6699981689453,222.8699951171875,216.75999450683594,218.14999389648438,25906631.0
1787149800,218.14999389648438,219.9499969482422,217.9600067138672,219.27000427246094,11630304.0
1787153400,219.2550048828125,220.64999389648438,218.64010620117188,219.4001007080078,9384406.0
1787157000,219.3800048828125,219.52490234375,218.75999450683594,218.9813995361328,6246936.0
1787160600,218.9803924560547,219.77999877929688,218.6300048828125,219.16000366210938,6294469.0
1787164200,219.16000366210938,219.99000549316406,219.14999389648438,219.53500366210938,6058312.0
1787167800,219.5399932861328,219.84500122070312,217.0399932861328,217.64999389648438,11947374.0
1787169600,217.56,227.095,215.33,218.0446,0.0
1787173200,218.06,227.095,215.6948,218.3193,0.0
1787176800,218.32,218.91,217.56,218.6,0.0
1787180400,218.67,219.0,218.56,218.8244,0.0
1787212800,219.09,219.5,217.56,218.34,0.0
1787216400,218.48,218.65,217.8855,218.51,0.0
1787220000,218.46,218.65,218.2512,218.6159,0.0
1787223600,218.6475,218.9,218.01,218.0457,0.0
1787227200,218.04,218.32,216.43,216.97,0.0
1787230800,216.97,218.54,216.61,218.38,0.0
1787232600,218.36000061035156,219.86000061035156,216.7100067138672,217.5,19258361.0
1787236200,217.5,218.97000122070312,216.63999938964844,216.8300018310547,11502198.0
1787239800,216.8000030517578,216.9600067138672,215.66000366210938,216.83999633789062,8087364.0
1787243400,216.8350067138672,217.97999572753906,216.1999969482422,216.2949981689453,8404406.0
1787247000,216.3000030517578,217.0,216.17999267578125,216.9199981689453,5010054.0
1787250600,216.88099670410156,217.4600067138672,216.47000122070312,217.4499969482422,6606937.0
1787254200,217.44000244140625,217.44000244140625,216.35499572753906,217.0500030517578,8167918.0
1787256000,217.01,217.14,216.65,217.0,0.0
1787259600,217.02,230.3812,203.2372,217.1605,0.0
1787263200,217.199,217.24,216.54,217.15,0.0
1787266800,217.1912,217.24,217.02,217.05,0.0
1787299200,217.75,218.3,216.85,218.0,0.0
1787302800,217.96,218.48,213.02,216.51,0.0
1787306400,216.48,217.65,216.36,217.6,0.0
1787310000,217.6,218.38,217.25,218.219,0.0
1787313600,218.22,218.66,217.76,218.12,0.0
1787317200,218.136,218.7097,216.12,218.45,0.0
1787319000,218.4199981689453,218.74000549316406,214.5850067138672,214.6446075439453,32276874.0
1787322600,214.64990234375,215.9499969482422,214.5,215.8300018310547,10991780.0
1787326200,215.82000732421875,217.02499389648438,215.4300994873047,215.67999267578125,9577215.0
1787329800,215.67010498046875,215.82000732421875,214.63499450683594,215.0800018310547,7493432.0
1787333400,215.0850067138672,216.12680053710938,214.89999389648438,215.3699951171875,7216980.0
1787337000,215.36000061035156,215.4600067138672,214.72500610351562,214.8800048828125,6506839.0
1787340600,214.8800048828125,215.47999572753906,214.57000732421875,214.75,8523398.0
1787342400,214.76,215.15,214.69,215.03,0.0
1787346000,215.04,216.0477,214.72,215.18,0.0
1787349600,215.179,215.39,214.72,215.3619,0.0
1787353200,215.3643,215.48,215.32,215.38,0.0
1787558400,215.18,216.4,214.3,214.87,0.0
1787562000,215.0,215.5,214.6125,214.7627,0.0
1787565600,214.7828,215.4,214.7,214.9,0.0
1787569200,214.9,215.25,212.81,214.01,0.0
1787572800,214.1,214.89,214.01,214.7,0.0
1787576400,214.7,215.9,214.3,215.73,0.0
1787578200,215.3800048828125,215.58999633789062,208.6199951171875,209.36000061035156,33308701.0
1787581800,209.35000610351562,210.34500122070312,208.86000061035156,209.8699951171875,16077894.0
1787585400,209.85499572753906,211.02999877929688,209.58999633789062,210.6699981689453,12455353.0
1787589000,210.6699981689453,210.75,209.1699981689453,209.2722930908203,8261610.0
1787592600,209.27999877929688,210.4199981689453,209.1999969482422,210.38999938964844,7195595.0
1787596200,210.38999938964844,210.47999572753906,209.11000061035156,209.3699951171875,9234044.0
1787599800,209.3699951171875,209.47000122070312,207.3699951171875,208.4600067138672,15642243.0
1787601600,208.49,209.8496,208.08,208.67,0.0
1787605200,208.66,223.1792,206.0108,208.7759,0.0
1787608800,208.8,208.94,208.58,208.69,0.0
1787612400,208.69,208.978,208.56,208.8,0.0
1787644800,210.52,210.93,208.48,210.6817,0.0
1787648400,210.7482,211.4973,210.54,210.89,0.0
1787652000,210.8974,211.4922,210.74,211.1897,0.0
1787655600,211.1973,211.4935,210.01,210.54,0.0
1787659200,210.5727,211.36,210.49,211.27,0.0
1787662800,211.29,211.47,211.0,211.05,0.0
1787664600,211.02499389648438,214.72909545898438,210.11000061035156,211.8199005126953,34049760.0
1787668200,211.8000946044922,212.0399932861328,210.19000244140625,211.19500732421875,15545762.0
1787671800,211.1999969482422,212.3195037841797,210.88999938964844,212.1999969482422,9384332.0
1787675400,212.22000122070312,212.5800018310547,211.72000122070312,212.25999450683594,8252922.0
1787679000,212.27000427246094,212.52000427246094,208.47999572753906,212.2550048828125,5895282.0
1787682600,212.25999450683594,213.43499755859375,211.7100067138672,212.03500366210938,10411266.0
1787686200,212.02999877929688,213.22999572753906,211.88999938964844,212.97999572753906,8922989.0
1787688000,212.97,222.29,212.95,213.59,0.0
1787691600,213.59,218.6291,200.1337,213.99,0.0
1787695200,213.95,214.3,213.05,214.14,0.0
1787698800,214.17,214.18,213.5,213.67,0.0
1787731200,213.83,214.3,213.05,213.8167,0.0
1787734800,213.6932,213.9,213.4,213.55,0.0
1787738400,213.4922,213.8,213.4922,213.6182,0.0
1787742000,213.5515,214.05,213.05,213.5115,0.0
1787745600,213.5115,213.67,212.45,213.3,0.0
1787749200,213.2972,213.47,212.14,212.4915,0.0
1787751000,212.4199981689453,213.60000610351562,210.19320678710938,210.50259399414062,25202730.0
1787754600,210.49009704589844,211.52999877929688,210.08079528808594,211.08270263671875,12315793.0
1787758200,211.08990478515625,211.42999267578125,209.75999450683594,210.17990112304688,10716305.0
1787761800,210.1750030517578,210.32000732421875,209.47000122070312,210.06500244140625,10464674.0
1787765400,210.05999755859375,210.9149932861328,209.89999389648438,210.78500366210938,10633222.0
1787769000,210.78500366210938,211.3300018310547,210.49000549316406,210.88999938964844,13711133.0
1787772600,210.89500427246094,210.9949951171875,209.22999572753906,209.9499969482422,19896937.0
1787774400,209.96,211.5,203.5,210.54,0.0
1787778000,210.4977,226.2547,208.46,219.02,0.0
1787781600,219.0012,219.64,209.66,218.7,0.0
1787785200,218.6977,219.64,217.7712,219.53,0.0
1787817600,222.0,225.93,209.66,225.71,0.0
1787821200,225.6,226.81,224.52,224.7485,0.0
1787824800,224.75,225.39,223.88,223.9572,0.0
1787828400,223.93,225.0,222.3,222.3003,0.0
1787832000,222.3002,223.68,221.5,223.2999,0.0
1787835600,223.2959,223.99,221.5,222.86,0.0
1787837400,222.5850067138672,226.39999389648438,220.89999389648438,225.72000122070312,107486188.0
1787841000,225.72000122070312,227.30999755859375,223.5,225.4499969482422,33732591.0
1787844600,225.4499969482422,228.63999938964844,224.83999633789062,228.52499389648438,26653270.0
1787848200,228.52999877929688,230.47000122070312,228.31500244140625,229.24949645996094,32466294.0
1787851800,229.24000549316406,229.60000610351562,226.0800018310547,226.08999633789062,20894230.0
1787855400,226.10000610351562,227.47999572753906,225.35000610351562,227.2100067138672,23071561.0
1787859000,227.1999969482422,228.97999572753906,226.94580078125,228.0500030517578,19429849.0
1787860800,227.91,228.23,226.58,226.8255,0.0
1787864400,226.802,233.7118,222.3682,225.95,0.0
1787868000,226.01,227.98,225.83,226.3,0.0
1787871600,226.3599,226.44,225.9997,226.149,0.0
1787904000,226.6,227.98,225.28,225.43,0.0
1787907600,225.43,226.0,225.2,225.71,0.0
1787911200,225.71,226.56,225.4927,226.4673,0.0
1787914800,226.4457,227.5,226.4457,227.2685,0.0
1787918400,227.2111,227.84,226.65,227.81,0.0
1787922000,227.8243,228.7,226.58,227.3,0.0
1787923800,227.3300018310547,229.25999450683594,223.25,225.11500549316406,45899802.0
1787927400,225.11500549316406,226.91000366210938,223.5,224.0,22092103.0
1787931000,224.0,224.19000244140625,219.94000244140625,220.17999267578125,25938017.0
1787934600,220.1999969482422,220.9499969482422,217.88999938964844,218.69000244140625,22368616.0
1787938200,218.6999969482422,219.8300018310547,218.07000732421875,218.39500427246094,13800971.0
1787941800,218.39500427246094,218.69000244140625,216.80999755859375,217.27999877929688,19575302.0
1787945400,217.2899932861328,218.1802978515625,216.92999267578125,217.5399932861328,17752300.0
1787947200,217.51,221.6755,217.4,217.7499,0.0
1787950800,217.7303,232.0498,217.55,217.7805,0.0
1787954400,217.7809,217.98,217.7,217.8769,0.0
1787958000,217.88,227.69,217.85,217.89,0.0
1788163200,218.9988,219.16,217.3022,218.73,0.0
1788166800,218.73,219.31,218.73,219.17,0.0
1788170400,219.17,219.2,218.5,219.11,0.0
1788174000,219.11,219.2467,217.55,218.962,0.0
1788177600,218.95,219.1,218.49,218.7,0.0
1788181200,218.7,219.0,217.73,218.98,0.0
1788183000,218.86199951171875,220.36000061035156,216.2100067138672,220.07000732421875,31252089.0
1788186600,220.07000732421875,220.60000610351562,219.1199951171875,220.27000427246094,12671411.0
1788190200,220.25,220.36000061035156,219.10000610351562,220.22540283203125,8168409.0
1788193800,220.2299041748047,220.2899932861328,219.33999633789062,219.3699951171875,6945756.0
1788197400,219.36000061035156,220.02000427246094,218.9105987548828,218.97000122070312,7282736.0
1788201000,218.9499969482422,219.8498992919922,217.7100067138672,219.82000732421875,12669946.0
1788204600,219.82000732421875,221.3000030517578,219.272705078125,220.8800048828125,13880736.0
1788206400,220.85,235.9964,220.43,220.66,0.0
1788210000,220.65,233.878,210.1876,220.53,0.0
1788213600,220.5298,220.58,220.26,220.28,0.0
1788217200,220.271,220.5,220.19,220.27,0.0
1788249600,220.205,220.89,218.44,218.44,0.0
1788253200,218.48,218.74,217.52,217.61,0.0
1788256800,217.65,218.5,217.6,218.31,0.0
1788260400,218.3,220.78,217.7,218.01,0.0
1788264000,218.0,220.78,217.23,217.4773,0.0
1788267600,217.45,220.78,216.64,216.77,0.0
1788269400,216.61000061035156,218.38999938964844,215.10000610351562,217.61000061035156,27988912.0
1788273000,217.61000061035156,218.8000030517578,217.52999877929688,218.8000030517578,10756815.0
1788276600,218.8000030517578,220.41000366210938,218.6999969482422,219.5800018310547,12252538.0
1788280200,219.60000610351562,219.8498992919922,218.1300048828125,218.3596954345703,8549235.0
1788283800,218.34500122070312,218.60000610351562,217.2899932861328,217.4593048095703,6829555.0
1788287400,217.4600067138672,217.91009521484375,216.35009765625,217.58999633789062,10236675.0
1788291000,217.60000610351562,217.6999969482422,216.63999938964844,217.5399932861328,9239679.0
1788292800,217.58,219.4824,208.233,218.3371,0.0
1788296400,217.5107,224.9013,208.233,217.6,0.0
1788300000,217.6,217.75,217.21,217.49,0.0
1788303600,217.48,217.61,217.4,217.4798,0.0
1788336000,217.496,217.6995,216.933,217.34,0.0
1788339600,217.35,217.5,216.486,216.6888,0.0
1788343200,216.65,216.867,216.35,216.7032,0.0
1788346800,216.7975,217.44,216.07,216.9688,0.0
1788350400,216.92,218.6,216.75,218.3031,0.0
1788354000,218.3,218.98,217.75,218.86,0.0
1788355800,218.78500366210938,223.44000244140625,218.47999572753906,222.8300018310547,33462245.0
1788359400,222.83999633789062,227.0,222.59820556640625,226.30999755859375,30878760.0
1788363000,226.32000732421875,227.9499969482422,225.77000427246094,227.0399932861328,23181164.0
1788366600,227.033203125,227.67999267578125,224.75,225.5072021484375,15789712.0
1788370200,225.5198974609375,225.57000732421875,224.42999267578125,224.9600067138672,11584569.0
1788373800,224.95799255371094,225.34500122070312,224.17999267578125,224.39999389648438,9886374.0
1788377400,224.41400146484375,224.63999938964844,223.7301025390625,224.39999389648438,10211270.0
1788379200,224.41,233.4137,215.6948,224.06,0.0
1788382800,224.04,234.2166,215.6948,225.0199,0.0
1788386400,224.9,225.19,224.55,224.9515,0.0
1788390000,225.01,225.5,224.71,225.35,0.0
1788422400,225.46,226.3762,224.41,225.77,0.0
1788426000,225.77,225.78,225.0,225.1955,0.0
1788429600,225.02,225.197,224.39,224.6664,0.0
1788433200,224.648,224.9,224.11,224.4817,0.0
1788436800,224.52,225.05,223.01,225.05,0.0
1788440400,225.0299,226.3,224.76,226.01,0.0
1788442200,226.02000427246094,229.07000732421875,224.75,227.38999938964844,36298079.0
1788445800,227.38499450683594,227.9499969482422,225.44000244140625,227.81500244140625,17066881.0
1788449400,227.8300018310547,228.09970092773438,226.8800048828125,227.0399932861328,10540837.0
1788453000,227.02999877929688,227.94000244140625,227.02000427246094,227.44000244140625,6889961.0
1788456600,227.44009399414062,230.39999389648438,227.39999389648438,229.50999450683594,24939705.0
1788460200,229.5137939453125,230.10000610351562,229.1699981689453,229.53799438476562,9640877.0
1788463800,229.5500030517578,229.69000244140625,228.3300018310547,228.39999389648438,9515504.0
1788465600,228.41,237.9406,218.6296,228.4972,0.0
1788469200,228.49,237.9406,215.0322,228.9,0.0
1788472800,228.9177,229.52,228.73,229.4523,0.0
1788476400,229.46,229.96,229.4,229.622,0.0
1788508800,230.35,230.98,228.45,230.8769,0.0
1788512400,230.89,230.9053,229.85,230.26,0.0
1788516000,230.28,232.49,230.26,232.26,0.0
1788519600,232.143,232.3355,228.45,231.1143,0.0
1788523200,231.0517,232.13,230.9,231.7,0.0
1788526800,231.7772,231.7772,230.12,231.13,0.0
1788528600,231.14199829101562,234.75999450683594,229.82000732421875,234.71609497070312,47125731.0
1788532200,234.72000122070312,234.74000549316406,231.64999389648438,231.78500366210938,17694038.0
1788535800,231.77999877929688,232.05889892578125,230.50999450683594,231.15499877929688,12153842.0
1788539400,231.14999389648438,232.23500061035156,230.60299682617188,230.75,10721650.0
1788543000,230.74000549316406,230.77999877929688,229.89999389648438,230.35000610351562,9211968.0
1788546600,230.35000610351562,230.72000122070312,229.85000610351562,229.8699951171875,8192578.0
1788550200,229.8699951171875,231.08999633789062,229.6300048828125,230.34500122070312,11049496.0
1788552000,230.36,230.36,229.56,230.0,0.0
1788555600,229.9844,242.8142,216.0477,230.081,0.0
1788559200,230.089,230.15,229.8617,229.9397,0.0
1788562800,229.94,230.18,227.41,229.5,0.0
1788854400,231.0,233.0502,230.3125,230.808,0.0
1788858000,230.73,231.0,230.28,230.95,0.0
1788861600,230.99,231.9845,230.9512,231.7,0.0
1788865200,231.6427,231.75,230.36,231.0201,0.0
1788868800,231.08,231.89,230.75,231.8,0.0
1788872400,231.818,233.23,231.76,233.21,0.0
1788874200,233.2100067138672,233.7100067138672,227.6300048828125,227.9423065185547,32088207.0
1788877800,227.9600067138672,227.9600067138672,226.37440490722656,226.8699951171875,17923121.0
1788881400,226.87159729003906,227.13999938964844,225.57000732421875,225.66000366210938,12939539.0
1788885000,225.6699981689453,226.36990356445312,225.4600067138672,225.64999389648438,10220505.0
1788888600,225.6699981689453,226.25999450683594,225.64999389648438,226.0800018310547,6210575.0
1788892200,226.0800018310547,226.39990234375,225.25,225.5500030517578,9408139.0
1788895800,225.5500030517578,225.89999389648438,224.85000610351562,225.77000427246094,11584266.0
1788897600,225.78,225.94,216.0287,225.75,0.0
1788901200,225.75,238.2209,212.9972,225.61,0.0
1788904800,225.5776,226.0,225.4,225.9576,0.0
1788908400,225.9576,225.99,225.2,225.31,0.0
1788940800,225.9918,226.4791,225.73,226.3797,0.0
1788944400,226.29,226.4425,225.6512,225.82,0.0
1788948000,225.8,225.94,223.9027,224.495,0.0
1788951600,224.51,224.95,224.15,224.68,0.0
1788955200,224.67,225.35,224.31,224.48,0.0
1788958800,224.44,225.3422,224.27,225.31,0.0
1788960600,225.27000427246094,226.17999267578125,223.5500030517578,224.88499450683594,22027814.0
1788964200,224.875,225.3800048828125,223.50999450683594,223.59010314941406,13475000.0
1788967800,223.60000610351562,224.6300048828125,223.5800018310547,223.86000061035156,7243198.0
1788971400,223.86000061035156,224.49000549316406,223.75,224.27000427246094,4538085.0
1788975000,224.27000427246094,224.4199981689453,223.89999389648438,224.19500732421875,4277313.0
1788978600,224.19500732421875,224.375,223.4600067138672,224.13499450683594,7081759.0
1788982200,224.13999938964844,224.24000549316406,223.5,223.6999969482422,8403984.0
1788984000,223.77,226.2547,223.6012,226.2547,0.0
1788987600,223.6847,230.15,223.51,223.57,0.0
1788991200,223.6,223.67,223.46,223.5441,0.0
1788994800,223.54,223.67,223.45,223.6699,0.0
1789027200,222.77,223.67,222.6165,223.2377,0.0
1789030800,223.2377,223.569,223.0,223.2025,0.0
1789034400,223.2975,223.4845,222.713,223.056,0.0
1789038000,223.056,223.18,222.07,222.2185,0.0
1789041600,222.2185,223.67,220.6,220.6487,0.0
1789044387,220.57,220.57,220.57,220.57,0.0
