ts,open,high,low,close,volume
1760738400,183.1503,183.18,183.04,183.09,115280.0
1760742000,183.0801,183.39,183.01,183.37,217005.0
1760918400,183.37,183.9,182.5,183.65,169626.0
1760922000,183.71,184.18,183.67,184.08,127048.0
1760925600,184.09,184.23,183.9,184.23,48934.0
1760929200,184.23,184.69,184.16,184.55,75506.0
1760932800,184.54,184.96,184.43,184.62,78277.0
1760936400,184.64,184.77,184.21,184.21,65099.0
1760940000,184.29,184.51,184.09,184.14,76419.0
1760943600,184.14,184.67,184.09,184.36,65388.0
1760947200,184.3,185.0,183.58,183.63,544873.0
1760950800,183.61,184.05,182.97,183.71,422466.0
1760954400,183.73,184.25,183.19,183.31,444445.0
1760958000,183.26,183.8,182.57,182.751,689907.0
1760961600,182.91,184.95,182.56,182.87,2272847.0
1760965200,183.08,183.39,181.73,182.93,19305650.0
1760968800,182.95,185.205,182.3,183.91,28575021.0
1760972400,183.905,184.03,183.03,183.6,16554316.0
1760976000,183.65,184.13,183.275,184.07,10376621.0
1760979600,184.05,184.26,183.5,183.56,8884838.0
1760983200,183.565,183.795,183.39,183.46,8116108.0
1760986800,183.445,183.515,182.05,182.56,19323661.0
1760990400,182.57,182.97,182.5,182.84,663766.0
1760994000,182.84,182.98,182.82,182.95,174201.0
1760997600,182.95,182.96,182.64,182.86,150034.0
1761001200,182.87,182.88,182.65,182.78,229218.0
1761004800,182.81,183.19,182.66,183.13,55354.0
1761008400,183.1,183.19,182.8,182.98,32971.0
1761012000,183.0,183.28,182.93,183.09,35569.0
1761015600,183.1,183.24,183.02,183.13,25685.0
1761019200,183.13,183.15,182.69,182.79,22525.0
1761022800,182.79,182.89,182.5,182.57,41126.0
1761026400,182.55,182.81,182.37,182.79,28486.0
1761030000,182.7,182.73,182.33,182.41,41917.0
1761033600,182.45,182.93,182.14,182.28,287564.0
1761037200,182.29,182.53,182.0,182.25,236543.0
1761040800,182.22,182.52,182.22,182.52,118831.0
1761044400,182.5,183.02,182.48,182.96,360689.0
1761048000,183.05,183.2994,182.08,183.05,1159779.0
1761051600,182.795,183.15,180.66,180.96,18887445.0
1761055200,180.985,181.41,179.8,181.35,26939582.0
1761058800,181.295,182.305,181.14,182.18,15609045.0
1761062400,182.17,182.651,181.365,181.405,11471853.0
1761066000,181.415,181.6874,181.06,181.67,10034651.0
1761069600,181.65,181.665,180.93,181.28,8958175.0
1761073200,181.27,181.6199,181.02,181.12,12382103.0
1761076800,181.05,181.2809,180.7,181.05,1132578.0
1761080400,181.04,181.25,180.91,181.19,192334.0
1761084000,181.21,181.24,181.01,181.0246,110417.0
1761087600,181.0701,181.09,180.7,180.8065,230534.0
1761091200,180.48,181.0,180.43,180.48,46846.0
1761094800,180.48,180.87,180.46,180.81,35900.0
1761098400,180.82,180.99,180.66,180.89,21797.0
1761102000,180.92,181.19,180.72,181.19,25262.0
1761105600,181.16,181.59,181.16,181.45,34379.0
1761109200,181.43,181.53,181.35,181.45,17571.0
1761112800,181.49,181.54,181.18,181.46,16398.0
1761116400,181.48,181.48,180.89,181.17,36208.0
1761120000,181.34,181.46,181.0,181.36,208527.0
1761123600,181.32,181.93,180.96,181.81,242302.0
1761127200,181.82,181.9,181.53,181.57,175214.0
1761130800,181.62,181.7,180.98,181.01,298640.0
1761134400,181.16,181.93,180.9,181.16,1087545.0
1761138000,181.16,183.44,180.29,182.64,18603248.0
1761141600,182.77,183.12,179.32,180.71,31604509.0
1761145200,180.7,180.7259,177.9,179.48,23584407.0
1761148800,179.5,179.96,177.76,178.77,18180692.0
1761152400,178.7,179.0,176.76,177.535,16585157.0
1761156000,177.57,178.9,176.93,178.88,15979904.0
1761159600,178.86,180.39,178.6301,180.33,19403753.0
1761163200,180.29,180.58,179.4485,180.29,2498445.0
1761166800,179.8,179.89,179.53,179.59,303766.0
1761170400,179.59,180.1,179.5713,179.93,323267.0
1761174000,179.92,180.2,179.62,179.7,220525.0
1761177600,180.47,180.47,179.62,180.24,37883.0
1761181200,180.24,180.9,180.14,180.6,52045.0
1761184800,180.6,180.67,180.45,180.46,18494.0
1761188400,180.46,180.62,180.42,180.57,21103.0
1761192000,180.57,180.68,180.39,180.67,18522.0
1761195600,180.68,180.79,180.6,180.71,21322.0
1761199200,180.7,180.74,180.38,180.52,41978.0
1761202800,180.54,180.72,180.28,180.54,44753.0
1761206400,180.61,180.98,180.28,180.78,228733.0
1761210000,180.79,180.79,180.09,180.55,203157.0
1761213600,180.58,180.67,180.15,180.3,135404.0
1761217200,180.33,180.33,179.6,179.66,307099.0
1761220800,180.3,180.98,179.22,179.91,2022564.0
1761224400,179.67,181.605,179.0,181.345,17957386.0
1761228000,181.34,182.325,180.62,182.285,20020327.0
1761231600,182.305,182.5,181.35,182.1,13812897.0
1761235200,182.105,182.28,181.68,181.99,8792179.0
1761238800,182.01,182.67,181.5,182.505,9750167.0
1761242400,182.55,183.03,182.255,182.925,9305518.0
1761246000,182.945,183.03,181.37,182.13,13861976.0
1761249600,182.16,182.62,182.05,182.46,2259615.0
1761253200,182.47,182.5,182.0,182.18,354145.0
1761256800,182.18,182.29,182.173,182.22,114809.0
1761260400,182.2107,182.33,182.1716,182.33,188330.0
1761264000,182.16,182.51,182.16,182.45,31971.0
1761267600,182.46,182.71,182.36,182.37,86372.0
1761271200,182.37,182.51,182.25,182.32,31627.0
1761274800,182.31,182.52,182.29,182.5,28845.0
1761278400,182.51,182.6,182.45,182.57,16441.0
1761282000,182.59,182.68,182.5,182.61,14130.0
1761285600,182.61,182.78,182.56,182.65,28552.0
1761289200,182.65,182.89,182.6,182.66,30093.0
1761292800,182.72,183.3,182.6,183.13,304563.0
1761296400,183.16,183.3,183.05,183.19,149456.0
1761300000,183.22,183.45,182.99,183.02,207465.0
1761303600,182.99,183.4,182.99,183.21,266153.0
1761307200,183.12,184.49,182.46,183.98,2222310.0
1761310800,184.04,186.04,183.5,185.62,22698595.0
1761314400,185.65,185.7,184.2701,184.87,20824604.0
1761318000,184.865,185.6,184.53,185.31,13257232.0
1761321600,185.33,185.42,184.92,185.18,9033405.0
1761325200,185.155,185.66,184.9,185.48,8390197.0
1761328800,185.49,185.8,185.015,185.79,10729699.0
1761332400,185.805,187.47,185.7801,186.29,30105884.0
1761336000,186.21,187.21,186.1833,186.21,1942134.0
1761339600,186.8,186.83,186.45,186.59,214301.0
1761343200,186.57,186.58,186.3,186.37,143863.0
1761346800,186.36,186.5,186.32,186.45,239242.0
1761523200,187.2,189.96,187.2,189.35,408955.0
1761526800,189.37,189.45,189.22,189.25,76261.0
1761530400,189.25,189.57,189.23,189.53,77308.0
1761534000,189.54,189.77,189.47,189.58,50188.0
1761537600,189.6,189.7,189.39,189.62,75926.0
1761541200,189.59,189.95,189.54,189.87,39130.0
1761544800,189.89,189.96,189.46,189.6,80431.0
1761548400,189.59,190.17,189.42,189.6,116198.0
1761552000,189.0,190.19,188.12,190.17,863851.0
1761555600,190.2,190.94,190.16,190.88,633345.0
1761559200,190.87,191.16,190.52,190.8,646974.0
1761562800,190.81,190.99,190.58,190.65,782306.0
1761566400,190.64,191.14,189.4,190.47,2054185.0
1761570000,190.47,191.27,189.75,191.035,23408669.0
1761573600,191.045,191.115,188.4318,190.305,29139507.0
1761577200,190.3,191.475,190.24,190.86,16567412.0
1761580800,190.885,191.49,190.78,191.465,11733171.0
1761584400,191.49,191.775,191.0,191.09,12609878.0
1761588000,191.095,191.24,190.27,190.745,11872507.0
1761591600,190.785,192.0,190.28,191.44,22260025.0
1761595200,191.46,191.77,191.42,191.64,2004962.0
1761598800,191.6497,191.68,191.49,191.59,213925.0
1761602400,191.57,191.58,191.31,191.4,209292.0
1761606000,191.4,191.69,191.4,191.5678,252970.0
1761609600,191.6,191.69,191.45,191.6,29775.0
1761613200,191.58,191.63,191.5,191.58,23790.0
1761616800,191.6,191.6,191.47,191.55,16287.0
1761620400,191.55,191.65,191.52,191.57,24554.0
1761624000,191.57,191.61,191.07,191.33,31689.0
1761627600,191.34,191.34,190.95,191.27,36925.0
1761631200,191.25,191.41,191.05,191.11,26507.0
1761634800,191.14,191.29,191.06,191.08,23341.0
1761638400,191.2,191.47,190.6,191.15,287230.0
1761642000,191.16,191.61,191.07,191.44,298466.0
1761645600,191.43,191.58,191.3,191.33,243034.0
1761649200,191.33,192.67,191.3,192.63,743068.0
1761652800,193.13,193.36,190.62,193.13,2659122.0
1761656400,193.11,195.469,192.65,193.84,29771445.0
1761660000,193.835,193.97,192.2,193.175,20507909.0
1761663600,193.13,193.34,191.91,193.315,18262426.0
1761667200,193.355,195.55,193.3,193.875,24889871.0
1761670800,193.87,198.47,193.26,198.075,56189990.0
1761674400,197.985,200.01,197.48,199.98,46218016.0
1761678000,199.98,203.15,199.57,201.06,72728261.0
1761681600,201.29,204.75,200.6,204.5,5987595.0
1761685200,204.6,204.85,201.03,204.14,3185736.0
1761688800,204.1,204.15,203.1,203.27,1285036.0
1761692400,203.28,204.44,203.16,204.43,1274293.0
1761696000,204.61,204.61,203.7,203.97,235757.0
1761699600,203.96,206.86,203.96,206.57,421016.0
1761703200,206.57,207.6,205.94,206.38,710533.0
1761706800,206.37,206.56,206.17,206.42,158301.0
1761710400,206.42,206.42,205.18,206.32,224022.0
1761714000,206.3,206.89,205.99,206.79,143700.0
1761717600,206.77,206.95,205.89,206.24,203544.0
1761721200,206.24,206.49,205.41,205.96,200256.0
1761724800,206.02,208.05,205.3,207.36,2479619.0
1761728400,207.35,207.95,207.06,207.25,1316601.0
1761732000,207.31,208.88,207.2,207.72,1714295.0
1761735600,207.72,209.37,207.41,208.04,2518207.0
1761739200,207.77,209.37,205.2,208.16,7721240.0
1761742800,208.22,212.01,207.09,211.98,69395844.0
1761746400,211.97,212.1899,208.57,208.93,51315459.0
1761750000,208.91,209.18,206.36,207.49,33825214.0
1761753600,207.465,207.5,205.03,206.92,29598138.0
1761757200,206.92,208.025,206.23,207.365,19582376.0
1761760800,207.355,207.65,204.775,206.6,32631916.0
1761764400,206.73,208.05,205.4,207.045,32247121.0
1761768000,207.04,208.5,206.33,207.7394,4109439.0
1761771600,207.62,207.75,204.58,204.9782,1597498.0
1761775200,204.99,207.5,204.99,207.47,1020758.0
1761778800,207.47,207.98,207.12,207.65,752328.0
1761782400,207.55,208.88,207.51,208.69,157925.0
1761786000,208.7,208.83,208.44,208.62,95561.0
1761789600,208.62,210.6,208.59,210.0,329210.0
1761793200,210.02,210.62,209.6,209.6,226570.0
1761796800,209.66,210.04,204.88,207.24,759645.0
1761800400,207.3,207.81,206.02,207.19,183932.0
1761804000,207.2,207.25,205.73,205.74,166033.0
1761807600,205.75,207.71,205.48,207.56,191112.0
1761811200,207.04,208.73,206.7,207.36,619371.0
1761814800,207.41,207.72,205.0,205.56,586427.0
1761818400,205.57,206.22,205.05,205.94,444562.0
1761822000,205.92,207.38,205.91,206.71,664449.0
1761825600,205.4,210.0,202.76,203.42,5980208.0
1761829200,203.63,206.16,201.45,203.99,35591844.0
1761832800,204.16,204.71,201.41,202.91,30220837.0
1761836400,202.96,203.85,202.06,202.54,19044282.0
1761840000,202.55,203.84,202.41,203.575,14245285.0
1761843600,203.55,204.4799,202.4407,204.16,13852406.0
1761847200,204.16,204.28,203.36,203.53,12432140.0
1761850800,203.5,203.615,201.88,202.9,23220811.0
1761854400,202.89,204.27,201.7,204.05,3795497.0
1761858000,204.02,204.5,203.5,204.0158,872768.0
1761861600,204.01,204.84,203.91,204.43,482458.0
1761865200,204.41,204.7,204.01,204.5499,374018.0
1761868800,204.46,205.48,204.39,205.15,107687.0
1761872400,205.17,205.22,204.62,205.06,71799.0
1761876000,205.02,205.16,204.71,204.73,45337.0
1761879600,204.73,204.85,204.3,204.62,41151.0
1761883200,204.67,204.8,204.5,204.79,27100.0
1761886800,204.75,205.26,204.66,204.95,62871.0
1761890400,204.95,205.43,204.93,205.28,98210.0
1761894000,205.27,205.98,205.2,205.91,106921.0
1761897600,205.89,207.03,205.39,206.61,780872.0
1761901200,206.61,207.12,206.41,207.12,397565.0
1761904800,207.15,207.44,206.72,206.75,634839.0
1761908400,206.72,207.23,206.19,207.12,688858.0
1761912000,206.8,207.5,204.51,206.7968,2384213.0
1761915600,206.435,207.97,205.1,205.21,21515704.0
1761919200,205.25,206.62,204.62,206.475,23307648.0
1761922800,206.44,206.6,203.76,203.8,22011254.0
1761926400,203.75,204.38,202.5601,202.755,18659834.0
1761930000,202.72,203.95,202.07,203.255,16062763.0
1761933600,203.26,204.38,203.2401,203.775,18392030.0
1761937200,203.77,204.77,202.381,202.5,27255980.0
1761940800,202.4018,202.93,202.289,202.5,3392877.0
1761944400,202.49,202.88,202.45,202.8503,370224.0
1761948000,202.85,202.86,202.65,202.76,122557.0
1761951600,202.77,202.8,202.52,202.62,202128.0
1762131600,204.99,205.42,202.61,204.54,282824.0
1762135200,204.54,204.57,203.79,204.17,79838.0
1762138800,204.14,204.33,203.57,204.33,54323.0
1762142400,204.32,204.35,203.92,204.09,24835.0
1762146000,204.09,204.14,203.69,203.8,37212.0
1762149600,203.8,203.99,203.43,203.52,46284.0
1762153200,203.56,203.61,203.11,203.26,50757.0
1762156800,203.27,203.99,203.21,203.97,40316.0
1762160400,203.99,205.8,203.5,205.48,807368.0
1762164000,205.46,205.53,204.95,205.15,300088.0
1762167600,205.18,206.35,205.18,205.73,718388.0
1762171200,205.7,206.9,205.61,206.4,1009682.0
1762174800,206.33,206.99,203.1,206.9,2538399.0
1762178400,207.89,209.45,206.8701,207.69,27455561.0
1762182000,207.6,208.44,206.8,208.05,23252645.0
1762185600,208.09,209.51,207.7,209.17,17000785.0
1762189200,209.195,210.56,208.77,210.455,22186302.0
1762192800,210.46,211.335,209.325,209.415,21772440.0
1762196400,209.42,209.56,206.92,208.245,25048203.0
1762200000,208.25,208.43,205.56,207.0,21732553.0
1762203600,207.09,208.3849,206.88,207.21,2023225.0
1762207200,207.2301,207.5,207.19,207.2,250035.0
1762210800,207.16,207.3002,206.88,207.22,251540.0
1762214400,207.23,207.23,206.31,206.6,469526.0
1762218000,207.15,207.24,206.5,207.01,121141.0
1762221600,206.99,207.0,205.35,205.37,127249.0
1762225200,205.41,205.94,204.86,205.31,118334.0
1762228800,205.34,205.98,205.26,205.86,70365.0
1762232400,205.84,205.86,203.52,203.84,190570.0
1762236000,203.8,204.68,202.94,204.17,220745.0
1762239600,204.17,204.35,203.57,204.26,168802.0
1762243200,204.28,204.33,203.42,204.08,189610.0
1762246800,204.05,205.02,202.21,202.3,698549.0
1762250400,202.22,203.1,201.44,202.66,771060.0
1762254000,202.63,203.33,202.45,203.16,421385.0
1762257600,203.23,203.54,202.27,202.8,1036409.0
1762261200,202.82,205.76,201.44,202.45,3872284.0
1762264800,202.965,203.9699,200.9,203.815,26164471.0
1762268400,203.8,203.8599,201.155,201.64,26372720.0
1762272000,201.625,202.3,200.9241,201.51,19891398.0
1762275600,201.495,201.55,199.8,200.61,21052854.0
1762279200,200.565,200.85,199.2001,200.36,17889770.0
1762282800,200.345,200.765,198.58,199.03,18045458.0
1762286400,199.09,200.27,197.93,198.59,28082892.0
1762290000,198.63,200.0,196.49,198.24,3942799.0
1762293600,197.93,198.69,196.8582,197.0,841580.0
1762297200,196.97,197.5,195.38,195.93,1284724.0
1762300800,195.92,195.93,195.0,195.0,1009768.0
1762304400,195.99,195.99,192.8,195.07,732805.0
1762308000,195.04,197.01,193.61,196.7,467934.0
1762311600,196.7,199.83,196.61,199.82,618157.0
1762315200,199.82,199.91,197.81,198.25,236834.0
1762318800,198.25,199.18,197.89,197.99,169820.0
1762322400,198.01,199.18,197.71,197.95,176093.0
1762326000,197.95,198.03,196.09,196.15,187034.0
1762329600,196.14,197.61,195.66,196.94,192748.0
1762333200,197.09,198.4,196.59,197.37,622345.0
1762336800,197.33,197.55,195.93,195.93,428646.0
1762340400,195.91,196.58,195.55,196.41,423696.0
1762344000,196.47,197.98,196.0,197.7,618151.0
1762347600,197.76,199.98,195.58,199.6848,3386647.0
1762351200,198.71,200.34,196.98,199.95,23570643.0
1762354800,199.9,202.79,199.35,202.57,26897937.0
1762358400,202.56,202.92,201.3,202.04,17176218.0
1762362000,202.03,202.08,200.96,201.205,11825211.0
1762365600,201.19,202.275,200.68,201.68,11355897.0
1762369200,201.695,201.6967,200.87,201.33,9688394.0
1762372800,201.3,201.47,194.65,195.165,40437823.0
1762376400,194.42,196.35,193.95,195.82,4650767.0
1762380000,195.88,197.26,195.88,197.16,862419.0
1762383600,197.2,197.35,196.52,197.35,596950.0
1762387200,197.35,197.38,196.11,196.3,639257.0
1762390800,197.33,197.33,195.64,196.19,169785.0
1762394400,196.23,197.31,196.08,197.19,162894.0
1762398000,197.15,197.7,196.87,197.16,111966.0
1762401600,197.15,197.22,196.86,197.12,45734.0
1762405200,197.12,197.59,196.84,196.93,75834.0
1762408800,196.93,197.01,196.24,196.91,126421.0
1762412400,196.94,197.26,196.6,196.65,103856.0
1762416000,196.64,197.09,196.47,196.93,92268.0
1762419600,196.94,197.96,196.92,197.5,480530.0
1762423200,197.52,198.3,197.36,197.87,388497.0
1762426800,197.85,198.33,197.83,198.08,353177.0
1762430400,198.0,198.54,197.84,197.92,574271.0
1762434000,197.38,198.52,195.21,197.38,2774510.0
1762437600,196.85,197.62,193.165,193.59,27212215.0
1762441200,193.56,193.75,189.0,190.36,40166372.0
1762444800,190.325,191.44,187.94,189.01,30726622.0
1762448400,189.03,189.76,186.38,189.15,29451308.0
1762452000,189.16,189.97,187.85,188.77,19315741.0
1762455600,188.77,190.69,188.5,190.405,19667690.0
1762459200,190.38,190.5094,187.07,188.15,29003475.0
1762462800,188.08,189.31,187.96,189.25,2119802.0
1762466400,189.25,189.33,188.5,188.5234,497876.0
1762470000,188.55,189.05,188.48,188.9697,341493.0
1762473600,188.9503,189.89,188.7,189.6792,512878.0
1762477200,189.76,189.9,186.37,187.76,354208.0
1762480800,187.67,187.91,186.21,187.49,243938.0
1762484400,187.48,187.89,186.83,187.09,91934.0
1762488000,187.09,187.61,186.21,187.21,121432.0
1762491600,187.21,188.92,187.14,188.72,132810.0
1762495200,188.71,189.0,188.5,188.82,77608.0
1762498800,188.79,189.68,188.58,189.66,91760.0
1762502400,189.67,189.68,188.83,189.51,117155.0
1762506000,189.39,189.45,188.12,188.45,415915.0
1762509600,188.37,188.55,186.91,187.16,386234.0
1762513200,187.17,187.17,185.47,186.72,874144.0
1762516800,186.79,186.98,185.03,185.66,1097754.0
1762520400,185.41,189.67,184.58,184.66,4143405.0
1762524000,185.13,185.7,182.09,183.14,35451337.0
1762527600,183.095,183.69,180.49,180.5,40174980.0
1762531200,180.56,180.985,178.91,180.29,38645856.0
1762534800,180.28,182.96,179.98,182.885,25831136.0
1762538400,182.9,185.1599,182.5701,184.5,27668378.0
1762542000,184.48,187.15,184.15,187.105,30486983.0
1762545600,187.065,188.32,185.64,188.205,33438963.0
1762549200,188.22,189.94,188.15,189.08,3203500.0
1762552800,189.86,189.9,189.46,189.78,655192.0
1762556400,189.78,190.0,189.7,189.985,409286.0
1762560000,189.99,190.2,189.94,190.2,413835.0
1762736400,194.28,194.28,190.33,193.36,616185.0
1762740000,193.38,193.4,192.59,193.06,237679.0
1762743600,193.09,193.41,192.98,193.39,167192.0
1762747200,193.38,193.42,193.17,193.35,142227.0
1762750800,193.36,193.66,193.17,193.46,174146.0
1762754400,193.46,193.69,193.3,193.63,122751.0
1762758000,193.64,194.2,193.44,193.86,208298.0
1762761600,193.87,194.07,193.1,193.81,216454.0
1762765200,192.85,194.85,192.85,194.71,754095.0
1762768800,194.78,194.9,193.81,194.43,462893.0
1762772400,194.44,194.55,193.84,194.12,392119.0
1762776000,194.14,194.35,193.76,194.005,759925.0
1762779600,193.98,194.9,193.11,194.69,2936513.0
1762783200,194.43,195.61,193.92,195.22,30627984.0
1762786800,195.005,197.67,194.495,194.56,34691615.0
1762790400,194.62,195.29,193.78,195.045,22736466.0
1762794000,195.035,196.91,194.94,196.55,15047032.0
1762797600,196.6,197.88,196.58,196.965,15171002.0
1762801200,196.89,198.33,196.585,198.19,16500967.0
1762804800,198.215,199.945,197.96,199.035,32360290.0
1762808400,199.39,199.5383,198.9,199.3,1943603.0
1762812000,199.35,199.59,199.01,199.2205,466480.0
1762815600,199.24,199.55,199.05,199.53,253212.0
1762819200,199.5464,200.05,199.48,199.9903,768896.0
1762822800,199.92,201.57,199.81,200.92,318590.0
1762826400,200.97,200.98,199.95,200.38,174818.0
1762830000,200.36,200.51,200.02,200.46,57971.0
1762833600,200.44,200.51,198.83,198.85,133842.0
1762837200,198.89,198.93,197.17,197.8,305822.0
1762840800,197.75,199.36,197.71,198.35,146819.0
1762844400,198.33,198.43,197.62,198.34,196988.0
1762848000,198.35,198.88,198.05,198.34,129777.0
1762851600,198.6,198.91,196.13,196.25,792231.0
1762855200,196.25,196.55,195.38,195.64,644130.0
1762858800,195.64,196.35,195.54,196.21,545837.0
1762862400,196.22,196.45,194.66,195.24,1170619.0
1762866000,195.46,199.35,194.6201,195.35,3871235.0
1762869600,195.54,195.9,192.561,193.55,29803569.0
1762873200,193.49,193.87,191.56,192.28,30222405.0
1762876800,192.29,193.2899,191.3,191.45,19581793.0
1762880400,191.545,193.8,191.4307,193.42,19002770.0
1762884000,193.435,194.63,193.08,194.49,17970731.0
1762887600,194.41,194.46,193.56,193.875,13688601.0
1762891200,193.87,194.34,192.7,193.265,21270160.0
1762894800,193.25,194.25,192.9,193.85,2010105.0
1762898400,193.21,194.1,193.01,194.0398,532180.0
1762902000,194.02,194.1299,193.6,193.92,402003.0
1762905600,193.9,194.24,193.9,194.0,344793.0
1762909200,194.04,196.44,194.01,195.01,396801.0
1762912800,194.98,195.75,194.82,195.25,165190.0
1762916400,195.21,195.33,194.79,194.99,82881.0
1762920000,194.99,195.0,193.99,194.56,101102.0
1762923600,194.56,195.26,194.51,195.06,73223.0
1762927200,195.04,195.23,194.94,195.08,69436.0
1762930800,195.12,195.7,195.12,195.47,123718.0
1762934400,195.48,195.86,195.14,195.74,83709.0
1762938000,195.74,196.37,195.3,196.2,387022.0
1762941600,196.18,196.39,195.51,195.94,269219.0
1762945200,196.0,196.14,194.81,195.01,337985.0
1762948800,195.01,197.15,194.88,196.15,912684.0
1762952400,196.1,196.39,193.16,195.68,2084427.0
1762956000,195.73,195.9383,191.5901,192.69,23013324.0
1762959600,192.66,193.98,191.64,192.43,29248347.0
1762963200,192.44,193.56,191.45,192.05,20917181.0
1762966800,192.08,193.115,191.7,192.535,16397368.0
1762970400,192.64,193.2659,192.23,192.315,14073012.0
1762974000,192.375,192.64,191.76,192.02,10779118.0
1762977600,191.975,193.98,191.12,193.87,22382393.0
1762981200,193.73,194.0,193.25,193.62,2069968.0
1762984800,193.37,193.54,193.23,193.2472,250098.0
1762988400,193.25,193.26,191.9,192.2519,513313.0
1762992000,192.3,192.74,191.98,191.98,357231.0
1762995600,192.35,194.47,192.09,194.4,259508.0
1762999200,194.37,194.85,193.57,193.89,138949.0
1763002800,193.9,193.92,192.94,193.17,128091.0
1763006400,193.22,193.75,193.17,193.56,40442.0
1763010000,193.57,194.06,193.45,193.83,62520.0
1763013600,193.84,194.1,193.78,193.98,58573.0
1763017200,193.98,194.02,193.23,193.23,51122.0
1763020800,193.26,193.56,193.0,193.4,68751.0
1763024400,193.49,194.0,191.78,192.33,422942.0
1763028000,192.33,193.19,192.33,192.74,179188.0
1763031600,192.74,193.13,192.3,192.59,182355.0
1763035200,192.59,192.8,192.15,192.4,282149.0
1763038800,192.38,194.1,191.0118,191.52,1635407.0
1763042400,190.93,191.44,186.95,188.22,28522610.0
1763046000,188.255,189.92,185.79,186.59,34407160.0
1763049600,186.52,187.0225,185.35,185.79,26691556.0
1763053200,185.665,187.23,185.55,185.65,19073761.0
1763056800,185.66,186.14,183.85,184.75,22019995.0
1763060400,184.845,186.4867,183.96,185.695,22632974.0
1763064000,185.595,187.2,185.165,186.96,28196609.0
1763067600,187.34,187.5,185.8,187.04,2213405.0
1763071200,185.91,186.86,185.73,186.37,434507.0
1763074800,186.39,187.15,186.39,186.61,428513.0
1763078400,186.63,186.8882,185.91,185.92,408673.0
1763082000,186.86,186.86,185.98,186.31,126451.0
1763085600,186.29,186.66,186.12,186.44,71152.0
1763089200,186.43,186.54,185.92,186.16,68625.0
1763092800,186.16,186.19,183.88,184.38,223675.0
1763096400,184.42,186.18,184.0,186.14,187696.0
1763100000,186.14,186.27,185.26,186.05,128510.0
1763103600,186.11,186.14,184.41,184.79,165147.0
1763107200,184.79,185.0,183.99,184.59,216375.0
1763110800,184.5,185.19,183.78,184.23,495109.0
1763114400,184.14,185.0,184.06,184.55,325622.0
1763118000,184.46,184.58,182.04,182.88,1208652.0
1763121600,182.89,182.95,180.4,180.91,2182442.0
1763125200,180.89,186.27,180.4,181.62,4697236.0
1763128800,181.94,187.83,180.58,186.935,37736857.0
1763132400,186.99,189.5269,185.47,188.55,31637151.0
1763136000,188.595,190.6818,187.55,190.02,22290605.0
1763139600,189.97,190.4,188.84,189.39,15183948.0
1763143200,189.41,189.82,188.4,189.5,14817601.0
1763146800,189.44,191.01,188.57,190.73,15946266.0
1763150400,190.75,190.95,189.36,190.275,21476273.0
1763154000,190.18,190.41,189.8,189.96,4725168.0
1763157600,189.98,190.3199,189.92,190.3199,264109.0
1763161200,190.31,190.85,190.11,190.85,293386.0
1763164800,190.85,191.07,190.8496,191.06,337199.0
1763341200,193.15,193.15,191.45,192.18,369887.0
1763344800,192.18,192.25,191.52,192.03,137638.0
1763348400,192.03,192.5,191.74,192.0,102683.0
1763352000,192.01,192.23,191.8,191.88,69813.0
1763355600,191.9,191.92,191.23,191.47,131324.0
1763359200,191.45,191.51,190.61,190.99,138609.0
1763362800,191.01,191.99,190.9,191.86,130191.0
1763366400,191.88,192.45,191.83,192.15,180912.0
1763370000,192.16,192.33,191.08,191.15,431625.0
1763373600,191.15,191.23,188.56,189.48,616432.0
1763377200,189.39,189.88,188.7,189.4,489144.0
1763380800,189.4,189.6,187.69,188.1,1025051.0
1763384400,189.46,192.44,186.55,187.71,3603259.0
1763388000,185.97,189.0,184.92,188.09,25564298.0
1763391600,188.085,188.4782,186.15,187.23,23644629.0
1763395200,187.215,188.3,185.74,188.2,22341591.0
1763398800,188.21,188.24,186.51,186.55,14018249.0
1763402400,186.56,187.55,185.58,185.85,14264034.0
1763406000,185.84,185.97,184.4201,184.715,17897767.0
1763409600,184.675,186.81,184.315,186.68,26297095.0
1763413200,186.66,187.1878,186.24,186.55,4157008.0
1763416800,186.58,186.83,186.01,186.12,284390.0
1763420400,186.13,186.72,186.01,186.1422,321590.0
1763424000,186.1016,186.3287,184.911,185.3299,595114.0
1763427600,185.51,186.25,184.62,185.84,156653.0
1763431200,185.83,185.9,185.08,185.14,103742.0
1763434800,185.15,185.16,184.16,184.23,198860.0
1763438400,184.23,184.43,182.88,184.15,289664.0
1763442000,184.15,184.48,183.75,183.96,89465.0
1763445600,183.96,184.16,183.59,183.76,121726.0
1763449200,183.79,184.1,182.39,183.97,299615.0
1763452800,183.97,186.2,183.91,185.41,239423.0
1763456400,185.3,185.82,184.52,185.24,284337.0
1763460000,185.22,185.32,184.45,185.11,227291.0
1763463600,185.05,185.21,183.88,185.02,460456.0
1763467200,185.0,185.29,184.01,184.39,804722.0
1763470800,184.91,186.17,182.45,184.04,3825444.0
1763474400,184.13,184.36,180.13,180.385,33151555.0
1763478000,180.3,182.67,179.65,181.05,41813731.0
1763481600,181.06,183.635,180.1701,183.15,28634786.0
1763485200,183.07,184.8,181.4,184.27,21133927.0
1763488800,184.29,184.5,183.13,183.43,16361062.0
1763492400,183.515,184.65,183.015,183.99,16295601.0
1763496000,184.01,184.22,181.06,181.26,27759511.0
1763499600,181.14,182.342,180.52,180.84,2434724.0
1763503200,181.12,181.17,180.66,180.8501,505703.0
1763506800,180.85,181.5,180.85,181.15,642092.0
1763510400,181.13,181.2,180.65,180.7197,638137.0
1763514000,180.45,181.61,179.71,181.35,191185.0
1763517600,181.35,182.8,181.35,182.49,234294.0
1763521200,182.47,183.09,181.35,181.62,189807.0
1763524800,181.64,182.2,181.37,181.62,99984.0
1763528400,181.64,181.99,180.86,181.47,131144.0
1763532000,181.46,181.76,181.23,181.41,94106.0
1763535600,181.41,182.28,181.29,182.14,144233.0
1763539200,182.12,182.58,181.83,181.92,134091.0
1763542800,181.52,182.41,181.2,182.37,474287.0
1763546400,182.44,182.9,182.0,182.83,417151.0
1763550000,182.8,183.77,182.6,183.28,677004.0
1763553600,183.26,184.81,183.17,184.19,1293495.0
1763557200,184.01,184.85,180.88,184.01,3978976.0
1763560800,184.52,187.6951,183.28,187.59,30911147.0
1763564400,187.62,187.855,185.5,185.845,29195576.0
1763568000,185.79,186.4748,184.5989,185.18,23668849.0
1763571600,185.09,185.21,182.8301,184.84,21925153.0
1763575200,184.76,185.9,184.12,185.4,19230493.0
1763578800,185.24,186.105,184.36,185.41,18430829.0
1763582400,185.395,187.3459,185.37,186.7,33423993.0
1763586000,186.61,195.83,185.7171,194.65,24798344.0
1763589600,194.59,198.6,186.52,194.3,16587868.0
1763593200,194.4555,196.99,194.3002,196.2,3913514.0
1763596800,196.16,197.0,195.69,195.9997,2362260.0
1763600400,196.38,196.65,195.75,196.16,385085.0
1763604000,196.14,196.34,195.88,196.02,199039.0
1763607600,196.02,196.84,195.81,196.82,361832.0
1763611200,196.8,197.87,196.8,197.41,346704.0
1763614800,197.41,197.49,196.75,196.94,172841.0
1763618400,196.94,198.25,196.75,198.23,344049.0
1763622000,198.24,198.5,197.69,198.3,333293.0
1763625600,198.3,198.33,196.62,197.08,379283.0
1763629200,196.06,198.0,195.7,195.93,1387626.0
1763632800,195.95,196.3,194.5,196.0,1259812.0
1763636400,196.02,196.2,194.83,195.73,719371.0
1763640000,195.76,196.0,195.13,195.91,1329348.0
1763643600,195.78,198.49,194.6,196.0,7235115.0
1763647200,196.13,196.7,192.29,195.3,55161486.0
1763650800,195.36,195.59,192.01,192.37,41618590.0
1763654400,192.28,192.38,184.41,185.28,60198827.0
1763658000,185.03,186.842,181.72,183.72,48544789.0
1763661600,183.685,185.9,181.49,182.16,32735524.0
1763665200,182.19,183.75,180.94,183.6,28377623.0
1763668800,183.605,183.69,179.85,180.92,40143594.0
1763672400,180.55,185.697,179.17,180.55,3420929.0
1763676000,179.87,180.0999,178.41,178.9703,2323487.0
1763679600,179.0,180.95,178.63,180.64,1720863.0
1763683200,180.6422,181.3,180.15,181.1,1158230.0
1763686800,181.17,183.26,181.12,182.73,435911.0
1763690400,182.76,182.76,180.24,180.89,351108.0
1763694000,180.87,181.61,180.69,181.23,154383.0
1763697600,181.21,181.49,179.17,180.57,255130.0
1763701200,180.58,181.0,180.07,180.56,147742.0
1763704800,180.56,181.23,180.38,181.16,227787.0
1763708400,181.16,181.9,179.73,179.76,289970.0
1763712000,179.76,181.43,179.66,181.28,292317.0
1763715600,181.02,181.9,175.81,176.02,1879479.0
1763719200,175.99,177.86,174.43,177.6,2146584.0
1763722800,177.62,178.77,176.88,177.45,1107170.0
1763726400,177.47,180.99,176.1,180.27,2653033.0
1763730000,180.12,182.82,174.48,181.71,7740143.0
1763733600,182.09,182.57,176.72,178.58,49308713.0
1763737200,178.84,179.86,172.93,175.28,69398219.0
1763740800,175.35,181.3,174.66,181.13,47001611.0
1763744400,181.13,181.955,179.7,180.78,30594648.0
1763748000,180.885,184.29,178.61,182.9,35693378.0
1763751600,182.88,184.56,180.73,181.22,35974650.0
1763755200,181.16,181.99,178.06,178.93,37472589.0
1763758800,179.68,180.3552,178.45,180.22,6326855.0
1763762400,180.15,180.1998,179.56,180.1,530260.0
1763766000,180.11,180.49,180.0,180.22,364867.0
1763769600,180.26,180.3827,180.0,180.05,465074.0
1763946000,182.0,182.34,180.0,180.84,579569.0
1763949600,180.83,181.38,180.64,181.26,161442.0
1763953200,181.29,181.37,180.64,180.91,190845.0
1763956800,180.91,181.04,180.19,180.38,106508.0
1763960400,180.39,180.96,180.19,180.64,73348.0
1763964000,180.65,180.68,180.26,180.33,67988.0
1763967600,180.3,180.92,180.09,180.9,136208.0
1763971200,180.86,181.39,180.33,181.38,136596.0
1763974800,181.25,181.51,179.23,179.94,644908.0
1763978400,179.94,180.09,178.78,179.54,398552.0
1763982000,179.6,179.77,179.02,179.7,298327.0
1763985600,179.71,180.28,179.5,179.999,621764.0
1763989200,180.17,181.5,178.7903,179.54,2627395.0
1763992800,179.445,180.87,176.48,178.06,34609826.0
1763996400,178.04,180.0,177.64,178.64,34123523.0
1764000000,178.7,183.13,178.595,182.16,33004698.0
1764003600,182.17,183.37,181.98,182.48,18711863.0
1764007200,182.535,182.85,181.28,182.135,15833991.0
1764010800,182.06,182.565,181.084,181.53,15853246.0
1764014400,181.61,183.5,181.21,182.835,32292755.0
1764018000,182.23,183.0989,181.88,182.23,22977270.0
1764021600,181.91,182.35,178.75,179.57,2213167.0
1764025200,179.61,180.2,177.71,179.8544,2942931.0
1764028800,179.78,179.85,179.06,179.81,1018110.0
1764032400,179.79,180.0,178.73,178.8,275380.0
1764036000,178.8,179.21,178.49,178.98,180016.0
1764039600,178.98,179.19,178.7,178.89,172627.0
1764043200,178.89,179.08,178.73,178.73,127572.0
1764046800,178.75,179.1,178.7,179.06,116782.0
1764050400,179.03,179.06,178.55,178.8,138878.0
1764054000,178.79,179.07,178.65,178.95,137222.0
1764057600,178.94,179.01,178.14,178.26,134623.0
1764061200,178.5,178.95,175.72,176.7,1509036.0
1764064800,176.7,176.84,174.16,175.17,1473009.0
1764068400,175.24,176.28,174.43,175.47,1172201.0
1764072000,175.5,176.819,175.2,175.45,2252032.0
1764075600,175.34,179.1,173.67,173.96,8634399.0
1764079200,174.96,175.18,170.4,172.35,61819801.0
1764082800,172.27,173.08,169.55,172.585,62293035.0
1764086400,172.55,175.3,171.95,174.725,38251631.0
1764090000,174.71,176.48,174.38,175.26,24789144.0
1764093600,175.245,176.84,175.2,176.055,20209689.0
1764097200,176.015,176.2799,173.62,175.16,26241491.0
1764100800,175.195,178.16,175.17,177.79,39415975.0
1764104400,177.19,177.88,176.2967,177.19,6944719.0
1764108000,176.73,177.7,176.5,177.3,1799364.0
1764111600,177.31,177.37,176.67,176.9,463785.0
1764115200,176.91,177.05,176.714,176.89,509195.0
1764118800,176.94,177.66,176.74,177.52,243927.0
1764122400,177.53,178.89,177.51,178.51,335526.0
1764126000,178.5,178.61,177.95,178.08,149419.0
1764129600,178.08,178.25,177.4,177.42,98816.0
1764133200,177.46,178.5,177.4,178.31,145897.0
1764136800,178.31,178.41,178.08,178.29,82148.0
1764140400,178.29,178.37,178.08,178.18,88941.0
1764144000,178.17,178.19,176.79,177.11,226362.0
1764147600,177.0,177.3,174.51,175.4,678791.0
1764151200,175.4,177.13,175.35,176.98,471732.0
1764154800,176.9,177.41,176.51,176.85,356256.0
1764158400,176.89,177.3,175.45,177.06,1018014.0
1764162000,177.83,181.75,174.5297,181.73,6796302.0
1764165600,180.88,182.91,178.41,178.74,36139439.0
1764169200,178.615,180.76,178.24,180.675,29496959.0
1764172800,180.7,181.735,179.97,180.855,19959790.0
1764176400,180.925,181.5,180.125,181.005,16337077.0
1764180000,181.025,181.23,179.7937,180.475,15119883.0
1764183600,180.495,181.0,179.925,180.185,13646395.0
1764187200,180.235,180.75,179.875,180.18,20709919.0
1764190800,180.14,180.3471,179.6,179.7,2307042.0
1764194400,179.7519,179.8644,179.5,179.835,354128.0
1764198000,179.85,179.98,179.65,179.707,321805.0
1764201600,179.65,179.72,179.37,179.5,423623.0
1764291600,179.99,180.96,179.51,180.81,228289.0
1764295200,180.81,180.87,180.32,180.62,57760.0
1764298800,180.62,180.87,180.59,180.68,50958.0
1764302400,180.7,180.76,180.59,180.66,36404.0
1764306000,180.65,180.71,180.44,180.67,41150.0
1764309600,180.67,180.81,180.51,180.62,52284.0
1764313200,180.59,180.67,180.49,180.54,46277.0
1764316800,180.56,180.58,180.43,180.5,38652.0
1764320400,180.8,180.8,179.8,180.25,268633.0
1764324000,180.25,180.67,180.17,180.66,94747.0
1764327600,180.65,180.76,180.35,180.64,108336.0
1764331200,180.63,181.0,180.58,180.91,255727.0
1764334800,180.41,181.0,179.64,180.41,1715363.0
1764338400,179.89,180.0,176.97,177.985,23916651.0
1764342000,178.01,178.25,176.93,177.96,28471709.0
1764345600,177.97,178.015,176.5314,176.95,24852715.0
1764349200,176.94,177.34,176.5,176.95,23324866.0
1764352800,176.78,177.0,176.5,176.5,10382336.0
1764363600,176.63,176.8,176.56,176.63,321756.0
1764579600,175.65,176.4,174.81,175.06,391148.0
1764583200,175.07,175.9,175.0,175.7,280905.0
1764586800,175.69,175.7,174.93,175.19,282742.0
1764590400,175.18,175.47,173.24,173.38,1443778.0
1764594000,173.4,177.0,173.2203,174.97,3899675.0
1764597600,174.98,178.69,173.68,178.1465,32276858.0
1764601200,178.13,180.01,177.57,179.415,31461126.0
1764604800,179.42,179.85,178.4,179.635,19341427.0
1764608400,179.6348,180.3,179.335,179.395,16508729.0
1764612000,179.4,179.9854,179.17,179.93,12453469.0
1764615600,179.93,179.95,178.6249,178.91,15715480.0
1764619200,178.905,180.02,178.8,179.93,23441737.0
1764622800,179.92,180.7,179.8,179.9,5181617.0
1764626400,179.88,179.98,179.73,179.95,3057832.0
1764630000,179.96,179.99,179.641,179.7646,231084.0
1764633600,179.76,179.85,179.64,179.7,231349.0
1764666000,179.94,180.4,179.94,180.23,174675.0
1764669600,180.25,181.0,180.07,180.84,184412.0
1764673200,180.84,181.58,180.66,181.23,345793.0
1764676800,181.26,181.55,181.07,181.34,409847.0
1764680400,181.1,182.36,178.97,182.34,2549781.0
1764684000,182.3345,185.66,181.58,184.75,34160708.0
1764687600,184.76,185.555,182.9401,183.6833,30277035.0
1764691200,183.7,183.9,180.0,181.3774,34832662.0
1764694800,181.37,182.38,181.17,181.174,15654688.0
1764698400,181.165,182.07,181.03,181.205,13085872.0
1764702000,181.205,181.78,180.75,181.59,12311126.0
1764705600,181.595,181.77,181.0,181.31,15960178.0
1764709200,181.37,182.6281,180.9,181.4994,1557580.0
1764712800,181.46,181.68,181.2,181.44,3120410.0
1764716400,181.47,181.49,181.32,181.42,173414.0
1764720000,181.4,181.5,180.75,181.03,367488.0
1764752400,182.19,182.3,181.68,182.2,247719.0
1764756000,182.22,182.36,182.05,182.16,129377.0
1764759600,182.1,182.67,182.09,182.51,142079.0
1764763200,182.49,183.9,182.4,183.63,620911.0
1764766800,183.65,184.49,181.69,183.3,2529674.0
1764770400,183.29,183.44,179.1101,179.99,24964680.0
1764774000,180.02,182.45,179.85,180.9266,29924099.0
1764777600,180.93,181.4,179.82,179.99,15140980.0
1764781200,180.0,180.74,179.9,180.6551,13474683.0
1764784800,180.6685,181.22,180.4205,180.58,12252218.0
1764788400,180.57,181.28,180.53,180.65,10975939.0
1764792000,180.645,180.86,179.27,179.64,26342636.0
1764795600,179.59,180.3796,179.45,179.818,8153864.0
1764799200,179.8208,180.21,179.59,179.92,2212161.0
1764802800,179.9699,180.0647,179.9,180.0647,219307.0
1764806400,180.07,180.08,179.9,179.9199,267449.0
1764838800,180.24,180.79,180.0,180.78,302396.0
1764842400,180.77,180.85,180.21,180.37,191541.0
1764846000,180.33,180.51,180.14,180.4,128848.0
1764849600,180.4,180.52,180.13,180.34,182850.0
1764853200,180.14,180.91,180.0,180.14,1797008.0
1764856800,180.5,183.11,179.96,180.76,28321900.0
1764860400,180.68,183.02,180.065,181.77,29060476.0
1764864000,181.745,184.27,181.15,184.21,23348721.0
1764867600,184.21,184.515,183.265,183.495,17878427.0
1764871200,183.47,183.79,183.06,183.505,11439474.0
1764874800,183.455,183.4856,181.99,182.86,15331055.0
1764878400,182.82,183.7,182.28,183.44,15789430.0
1764882000,183.54,183.98,182.5835,183.54,1926179.0
1764885600,183.51,183.56,183.08,183.17,320814.0
1764889200,183.16,183.4313,183.12,183.18,189699.0
1764892800,183.21,183.49,183.2,183.4699,223602.0
1764896400,183.24,183.68,183.12,183.5,82965.0
1764900000,183.48,183.99,183.48,183.95,93913.0
1764903600,183.96,184.14,183.88,184.04,59509.0
1764907200,184.03,184.46,184.0,184.06,62046.0
1764910800,184.06,184.48,184.05,184.41,65303.0
1764914400,184.41,184.51,184.21,184.5,41967.0
1764918000,184.5,184.96,184.41,184.71,73804.0
1764921600,184.69,184.87,184.38,184.54,104488.0
1764925200,184.6,184.89,184.29,184.63,255479.0
1764928800,184.62,184.73,184.3,184.3,110503.0
1764932400,184.31,184.59,184.18,184.5,155900.0
1764936000,184.5,184.6,183.91,184.26,265738.0
1764939600,183.33,184.95,183.13,183.33,2744294.0
1764943200,183.84,184.66,180.91,181.93,24589601.0
1764946800,181.94,183.345,181.57,181.985,25560771.0
1764950400,182.01,182.51,181.495,182.115,16869848.0
1764954000,182.07,182.34,181.51,182.24,11390108.0
1764957600,182.235,182.49,181.67,181.85,10911120.0
1764961200,181.87,181.92,181.15,181.84,11325125.0
1764964800,181.845,182.98,181.3,182.365,18467059.0
1764968400,182.45,182.56,182.31,182.45,1280763.0
1764972000,182.41,182.47,182.35,182.37,292496.0
1764975600,182.36,182.41,182.24,182.2499,182604.0
1764979200,182.25,182.39,182.21,182.35,185535.0
1765155600,183.38,183.38,182.0,182.36,160640.0
1765159200,182.38,182.6,182.13,182.57,118960.0
1765162800,182.59,182.79,182.54,182.66,67943.0
1765166400,182.67,182.78,182.64,182.67,42434.0
1765170000,182.65,182.81,182.61,182.79,32024.0
1765173600,182.78,182.91,182.69,182.79,44630.0
1765177200,182.79,183.12,182.74,182.94,69950.0
1765180800,182.92,182.92,182.34,182.52,94369.0
1765184400,182.5,182.5,181.85,182.28,228031.0
1765188000,182.34,183.0,182.1,182.97,167033.0
1765191600,182.96,183.07,182.66,182.84,156954.0
1765195200,182.83,182.95,182.65,182.85,205014.0
1765198800,182.0,183.14,181.86,182.43,1516743.0
1765202400,182.41,185.7,182.23,183.33,28432792.0
1765206000,183.41,184.5399,182.39,183.645,26143663.0
1765209600,183.58,183.815,183.12,183.575,13454611.0
1765213200,183.555,186.49,182.9,185.87,20164946.0
1765216800,185.78,188.0,184.225,184.405,40622826.0
1765220400,184.4,185.08,183.73,184.435,17524112.0
1765224000,184.42,185.6,184.23,185.575,22000341.0
1765227600,187.64,189.99,185.5,187.91,7654741.0
1765231200,189.15,190.99,189.1,190.16,4309897.0
1765234800,190.21,190.28,185.55,189.48,2376194.0
1765238400,189.4932,189.98,189.4301,189.8987,865704.0
1765242000,189.76,190.18,189.21,189.54,252864.0
1765245600,189.55,189.62,189.24,189.27,89310.0
1765249200,189.27,189.46,188.54,189.4,218209.0
1765252800,189.39,189.77,189.34,189.74,104534.0
1765256400,189.74,189.78,189.12,189.46,109609.0
1765260000,189.47,189.88,189.32,189.86,91220.0
1765263600,189.88,189.94,189.53,189.79,99516.0
1765267200,189.78,189.84,189.42,189.48,98514.0
1765270800,189.01,189.87,188.2,188.48,479187.0
1765274400,188.48,189.25,186.26,186.41,1096880.0
1765278000,186.41,187.0,184.78,186.65,1380321.0
1765281600,186.66,187.65,186.61,187.29,969964.0
1765285200,187.22,189.93,184.96,186.46,5049080.0
1765288800,186.46,186.67,183.32,184.09,26922980.0
1765292400,184.06,185.3,183.95,185.19,25461883.0
1765296000,185.2,185.725,184.275,184.63,16947007.0
1765299600,184.62,185.185,184.5,185.09,10423120.0
1765303200,185.05,185.13,184.48,184.75,8849591.0
1765306800,184.76,184.8,184.11,184.215,10337204.0
1765310400,184.235,185.26,184.02,184.97,16668308.0
1765314000,184.97,185.11,184.28,184.5484,6683411.0
1765317600,184.55,184.88,184.51,184.5752,258022.0
1765321200,184.58,184.7,184.5,184.5,175579.0
1765324800,184.501,184.53,184.2,184.32,272674.0
1765328400,184.89,184.89,183.98,184.07,105814.0
1765332000,184.07,184.22,183.99,184.1,74389.0
1765335600,184.11,184.18,184.06,184.15,28452.0
1765339200,184.15,184.31,184.13,184.23,36597.0
1765342800,184.22,184.32,184.16,184.28,39512.0
1765346400,184.28,184.7,184.27,184.64,58587.0
1765350000,184.64,184.99,184.58,184.8,55703.0
1765353600,184.83,185.23,184.71,184.78,81881.0
1765357200,185.0,185.0,184.3,184.82,118163.0
1765360800,184.8,185.7,184.28,184.61,373949.0
1765364400,184.55,186.0,184.36,185.47,588641.0
1765368000,185.47,185.71,184.98,185.46,372379.0
1765371600,185.44,186.0,184.16,185.3,1641653.0
1765375200,184.69,185.48,183.66,184.315,18242262.0
1765378800,184.235,184.49,182.61,182.77,22270495.0
1765382400,182.79,182.965,182.035,182.595,18184315.0
1765386000,182.6,183.43,182.375,183.225,10515976.0
1765389600,183.23,183.27,182.36,182.825,11303909.0
1765393200,182.795,184.61,182.495,184.57,23972977.0
1765396800,184.56,184.7,183.465,183.74,23874008.0
1765400400,182.2,183.78,181.44,182.02,5227198.0
1765404000,182.1,182.54,181.3,181.41,2820556.0
1765407600,181.41,181.7,181.25,181.45,524732.0
1765411200,181.49,181.5,181.2,181.28,468641.0
1765414800,181.25,181.5,181.01,181.07,111098.0
1765418400,181.07,181.08,179.61,180.1,320020.0
1765422000,180.1,180.13,178.85,179.83,406080.0
1765425600,179.85,180.23,179.6,180.18,158511.0
1765429200,180.18,180.29,179.93,180.27,84218.0
1765432800,180.27,180.55,179.7,179.9,99650.0
1765436400,179.87,180.11,179.67,180.1,109763.0
1765440000,180.1,180.45,179.68,180.36,131389.0
1765443600,180.4,181.1,180.25,180.34,400856.0
1765447200,180.45,180.85,180.16,180.77,275225.0
1765450800,180.79,180.88,180.4,180.76,194793.0
1765454400,180.75,181.51,180.62,181.35,568940.0
1765458000,180.89,181.55,179.68,180.95,2108051.0
1765461600,180.275,181.25,176.8018,176.845,31570650.0
1765465200,176.81,178.68,176.62,177.5,34013749.0
1765468800,177.46,178.0,176.925,177.64,18075342.0
1765472400,177.59,179.135,177.23,178.76,16122142.0
1765476000,178.7,180.15,178.68,179.855,17212201.0
1765479600,179.84,181.32,179.7,180.5,17453885.0
1765483200,180.45,181.29,178.99,180.98,19861961.0
1765486800,180.49,181.86,180.28,180.49,3227405.0
1765490400,180.99,181.1,179.2,180.51,2527154.0
1765494000,180.56,181.0,180.16,180.22,374427.0
1765497600,180.24,180.24,179.79,179.83,315786.0
1765501200,179.99,180.23,179.71,180.15,78086.0
1765504800,180.15,180.84,180.12,180.65,74331.0
1765508400,180.65,180.71,180.19,180.33,65379.0
1765512000,180.35,180.42,180.19,180.24,43646.0
1765515600,180.27,180.64,180.24,180.55,40951.0
1765519200,180.52,180.69,180.24,180.33,74262.0
1765522800,180.33,180.5,180.25,180.26,43766.0
1765526400,180.26,180.36,179.93,180.2,93566.0
1765530000,180.2,180.89,178.98,179.42,278447.0
1765533600,179.41,179.9,179.15,179.85,159585.0
1765537200,179.83,180.83,179.6,180.55,306313.0
1765540800,180.5,183.23,180.24,182.45,1070860.0
1765544400,179.67,183.23,179.0026,181.97,2736355.0
1765548000,181.23,182.825,180.38,181.13,21509047.0
1765551600,181.095,181.14,177.08,177.235,29493877.0
1765555200,177.24,178.29,175.21,175.82,35435237.0
1765558800,175.68,177.6,175.6,176.885,19927504.0
1765562400,176.86,178.18,176.405,176.935,20955678.0
1765566000,176.965,177.01,176.035,176.285,13019470.0
1765569600,176.34,176.675,174.62,175.055,30899852.0
1765573200,175.14,175.18,174.7702,175.13,3290233.0
1765576800,175.1097,175.16,174.93,174.99,813407.0
1765580400,175.0,175.0,174.8,174.97,301194.0
1765584000,174.9754,175.38,174.93,175.17,422339.0
1765760400,175.21,176.45,175.17,176.33,258794.0
1765764000,176.34,176.5,176.02,176.38,121242.0
1765767600,176.36,176.5,176.12,176.16,84741.0
1765771200,176.16,176.23,175.66,176.0,86996.0
1765774800,176.01,176.29,175.92,176.23,64025.0
1765778400,176.25,176.26,176.09,176.23,51952.0
1765782000,176.23,176.45,176.12,176.23,85920.0
1765785600,176.22,176.39,175.73,176.28,97361.0
1765789200,176.11,177.23,176.0,177.1,333529.0
1765792800,177.08,177.11,176.51,176.86,254897.0
1765796400,176.88,177.29,176.75,176.84,204367.0
1765800000,176.86,177.27,176.6,177.27,393059.0
1765803600,177.0,177.45,175.75,177.27,1684347.0
1765807200,177.26,178.39,175.68,177.26,26357245.0
1765810800,177.215,178.34,175.03,177.01,28528616.0
1765814400,177.01,178.415,176.85,177.81,17686324.0
1765818000,177.845,178.07,177.015,177.34,12103338.0
1765821600,177.33,177.578,176.68,177.465,12430021.0
1765825200,177.455,177.66,176.27,176.935,13378897.0
1765828800,176.91,176.9255,175.905,176.09,24401839.0
1765832400,176.18,176.6598,175.945,176.12,2041451.0
1765836000,176.57,176.7,176.42,176.43,137747.0
1765839600,176.5,176.73,176.01,176.06,229649.0
1765843200,176.06,176.12,175.61,175.78,360834.0
1765846800,177.14,177.14,174.63,175.01,184185.0
1765850400,175.01,175.31,174.72,174.75,118324.0
1765854000,174.74,174.95,174.64,174.81,78923.0
1765857600,174.81,174.99,174.8,174.84,64561.0
1765861200,174.84,174.89,174.67,174.68,63903.0
1765864800,174.68,174.79,174.52,174.67,54770.0
1765868400,174.67,174.82,174.11,174.54,130983.0
1765872000,174.56,175.11,174.28,174.77,127271.0
1765875600,174.7,175.55,174.65,175.01,275464.0
1765879200,174.99,175.95,174.81,175.66,165577.0
1765882800,175.62,176.29,175.44,176.17,156292.0
1765886400,176.17,177.07,176.03,176.78,386444.0
1765890000,176.9,177.8,173.81,176.51,2196063.0
1765893600,176.84,177.35,174.9,177.28,21066455.0
1765897200,177.34,177.49,175.51,176.85,22989002.0
1765900800,176.91,177.305,175.69,177.0,18048043.0
1765904400,176.995,177.0916,176.22,176.33,11888020.0
1765908000,176.325,177.68,176.1,177.48,12832704.0
1765911600,177.42,177.486,176.02,176.79,12687646.0
1765915200,176.74,178.49,176.71,177.515,20246755.0
1765918800,177.3,177.72,176.6829,177.3,2002986.0
1765922400,177.25,177.72,177.1,177.28,179629.0
1765926000,177.28,177.41,177.0,177.09,377124.0
1765929600,177.1,177.4,176.9,177.17,265572.0
1765933200,177.19,177.77,177.05,177.77,82116.0
1765936800,177.76,177.77,177.1,177.26,92269.0
1765940400,177.28,177.44,177.17,177.2,39264.0
1765944000,177.2,177.35,176.94,176.98,48686.0
1765947600,176.98,177.11,176.74,177.05,56671.0
1765951200,177.08,177.57,177.01,177.29,71142.0
1765954800,177.28,177.64,177.25,177.6,71212.0
1765958400,177.58,177.63,177.11,177.45,78111.0
1765962000,177.68,178.0,177.25,177.76,197585.0
1765965600,177.78,178.34,177.66,178.23,195902.0
1765969200,178.3,178.33,177.77,177.92,190140.0
1765972800,177.92,178.35,177.78,178.24,279627.0
1765976400,177.98,178.3574,176.44,176.86,2605497.0
1765980000,176.99,177.63,173.385,174.575,29806283.0
1765983600,174.57,174.63,171.11,171.54,37406078.0
1765987200,171.46,172.1894,170.31,171.07,31380316.0
1765990800,171.105,172.43,170.38,172.155,21803760.0
1765994400,172.14,172.82,171.325,171.68,18172128.0
1765998000,171.67,171.81,170.66,171.57,15862080.0
1766001600,171.61,171.82,170.73,170.97,28136794.0
1766005200,171.54,172.46,170.61,170.64,3672587.0
1766008800,170.94,171.67,170.72,171.61,643618.0
1766012400,171.6,171.65,171.0,171.0001,624440.0
1766016000,171.0965,171.49,170.8525,171.4401,426116.0
1766019600,171.35,171.85,171.35,171.65,106969.0
1766023200,171.64,172.23,171.63,171.79,92550.0
1766026800,171.74,171.81,171.14,171.36,76796.0
1766030400,171.38,171.8,171.35,171.68,48884.0
1766034000,171.69,171.93,171.65,171.9,52097.0
1766037600,171.92,171.93,171.65,171.76,37575.0
1766041200,171.77,172.41,171.75,172.21,99600.0
1766044800,172.23,172.6,172.01,172.47,87604.0
1766048400,172.39,173.01,172.3,172.95,273836.0
1766052000,172.93,173.3,172.69,173.2,222268.0
1766055600,173.16,173.56,172.97,173.15,247254.0
1766059200,173.14,173.21,172.75,172.8,371706.0
1766062800,172.88,174.45,171.24,173.79,2861874.0
1766066400,174.22,174.89,171.82,173.835,26937518.0
1766070000,173.865,176.15,172.72,175.37,31810516.0
1766073600,175.355,176.04,174.81,175.675,18269939.0
1766077200,175.72,175.73,173.73,175.3,17900621.0
1766080800,175.265,175.38,174.71,174.88,11485964.0
1766084400,174.895,175.04,173.75,173.895,12894539.0
1766088000,173.925,175.0,172.05,173.975,22098604.0
1766091600,173.91,174.39,173.6501,173.91,2366128.0
1766095200,174.1,174.95,174.06,174.81,406035.0
1766098800,174.8,175.13,174.5207,175.12,326559.0
1766102400,175.11,175.17,174.78,174.81,295752.0
1766106000,174.67,175.16,174.64,175.06,75156.0
1766109600,175.06,175.2,174.91,174.97,66681.0
1766113200,174.94,176.03,174.9,175.98,163310.0
1766116800,175.98,176.9,175.63,176.81,114171.0
1766120400,176.86,176.87,176.32,176.33,76594.0
1766124000,176.33,176.36,175.92,176.1,55634.0
1766127600,176.09,176.87,176.08,176.45,129321.0
1766131200,176.46,176.75,176.41,176.48,86434.0
1766134800,176.5,176.56,175.87,176.46,176049.0
1766138400,176.42,176.79,176.13,176.4,193126.0
1766142000,176.38,177.3,176.15,176.51,304844.0
1766145600,176.47,176.96,175.51,175.7,410415.0
1766149200,175.7,177.2,175.57,175.91,1346120.0
1766152800,175.82,180.39,175.5998,180.255,48221766.0
1766156400,180.26,180.71,178.23,178.84,38297287.0
1766160000,178.805,180.245,178.55,179.7,21474436.0
1766163600,179.76,181.07,179.73,180.565,20483606.0
1766167200,180.57,180.73,179.43,179.695,14102689.0
1766170800,179.7,180.98,179.69,180.285,16582437.0
1766174400,180.3,181.45,179.9401,181.0,32824906.0
1766178000,180.97,181.2743,180.72,181.0,13425781.0
1766181600,180.9898,181.0,180.75,180.9597,479378.0
1766185200,180.97,181.28,180.81,181.2328,604317.0
1766188800,181.26,181.38,181.22,181.38,266209.0
1766365200,181.37,183.01,181.37,182.78,302653.0
1766368800,182.77,182.81,182.47,182.64,112512.0
1766372400,182.63,182.77,182.58,182.59,55434.0
1766376000,182.61,182.66,182.42,182.49,61466.0
1766379600,182.48,182.52,182.23,182.35,55449.0
1766383200,182.36,182.46,182.12,182.38,54277.0
1766386800,182.37,182.57,182.35,182.55,60265.0
1766390400,182.55,182.74,182.48,182.5,67782.0
1766394000,182.0,183.13,182.0,183.02,338358.0
1766397600,183.02,183.29,182.91,183.25,237240.0
1766401200,183.26,183.69,183.11,183.13,342190.0
1766404800,183.12,184.6,182.78,184.47,1064902.0
1766408400,184.45,184.6,180.538,184.19,2193358.0
1766412000,184.32,184.39,182.35,183.83,25785325.0
1766415600,183.805,184.16,182.67,183.73,21085309.0
1766419200,183.735,183.8,183.01,183.145,13561800.0
1766422800,183.19,183.42,182.785,183.175,10062361.0
1766426400,183.17,183.455,183.0,183.165,7625579.0
1766430000,183.19,183.5768,182.985,183.42,8531823.0
1766433600,183.42,183.81,183.195,183.665,15584165.0
1766437200,183.61,183.77,183.4099,183.44,1115505.0
1766440800,183.45,183.5,183.39,183.42,149677.0
1766444400,183.41,183.4889,183.2508,183.31,1902921.0
1766448000,183.32,183.35,183.25,183.3,192736.0
1766451600,183.29,184.41,183.28,183.54,163558.0
1766455200,183.54,183.89,183.5,183.57,42430.0
1766458800,183.56,183.73,183.37,183.46,36585.0
1766462400,183.46,183.46,183.14,183.17,59756.0
1766466000,183.19,183.34,183.14,183.17,38477.0
1766469600,183.16,183.21,182.5,182.6,92346.0
1766473200,182.61,183.26,182.55,183.15,58732.0
1766476800,183.18,183.44,183.08,183.29,63769.0
1766480400,183.34,183.82,183.0,183.59,163001.0
1766484000,183.6,183.65,182.9,183.23,175066.0
1766487600,183.21,183.23,182.96,183.15,82840.0
1766491200,183.15,183.35,182.8,183.0,176491.0
1766494800,182.34,183.8,181.82,182.14,2317583.0
1766498400,182.95,184.9197,181.92,184.26,19191561.0
1766502000,184.29,186.645,183.5,186.49,30407757.0
1766505600,186.495,188.33,186.25,188.315,28057976.0
1766509200,188.225,188.63,187.78,188.04,17237207.0
1766512800,188.065,188.65,187.89,188.605,13804371.0
1766516400,188.605,188.8,188.36,188.595,14745919.0
1766520000,188.6,189.33,188.545,189.19,25720746.0
1766523600,188.79,189.3897,188.5,188.52,1724281.0
1766527200,188.74,188.88,188.51,188.62,309781.0
1766530800,188.61,188.61,188.3,188.49,1009367.0
1766534400,188.49,188.81,188.45,188.7,279998.0
1766538000,188.46,189.98,188.44,188.51,141473.0
1766541600,188.52,188.63,188.36,188.51,70322.0
1766545200,188.51,188.98,188.48,188.82,65804.0
1766548800,188.81,188.82,188.43,188.49,51706.0
1766552400,188.5,188.76,188.45,188.74,40675.0
1766556000,188.75,188.78,188.56,188.68,30783.0
1766559600,188.7,188.74,188.56,188.73,25333.0
1766563200,188.72,188.97,188.62,188.71,38429.0
1766566800,188.86,189.0,188.53,188.63,156763.0
1766570400,188.61,188.61,188.25,188.32,122810.0
1766574000,188.32,188.42,188.15,188.41,129384.0
1766577600,188.42,188.8,188.369,188.62,252265.0
1766581200,188.68,188.96,188.14,188.69,1170039.0
1766584800,188.69,188.75,187.43,187.805,15453870.0
1766588400,187.79,188.2899,186.59,187.365,17825404.0
1766592000,187.385,188.48,187.25,188.3,12682323.0
1766595600,188.28,188.91,187.95,188.625,12024756.0
1766599200,188.36,188.61,188.36,188.36,3703784.0
1766610000,188.33,188.43,188.0,188.05,185645.0
1766710800,188.05,190.01,188.04,189.98,197187.0
1766714400,189.98,190.5,189.89,190.5,108951.0
1766718000,190.5,190.66,190.21,190.33,111676.0
1766721600,190.36,190.38,189.99,190.12,82279.0
1766725200,190.12,190.28,190.0,190.11,53323.0
1766728800,190.11,190.17,189.94,189.95,30642.0
1766732400,189.95,189.96,189.58,189.89,53404.0
1766736000,189.89,189.91,189.64,189.69,32807.0
1766739600,189.37,189.93,189.37,189.83,161708.0
1766743200,189.84,189.96,189.79,189.89,87826.0
1766746800,189.89,189.95,189.63,189.67,105576.0
1766750400,189.66,189.779,189.5,189.64,231315.0
1766754000,189.98,190.4895,188.139,190.3,1795091.0
1766757600,190.27,192.29,189.58,191.21,26801938.0
1766761200,191.17,192.19,190.16,191.93,25231358.0
1766764800,191.92,192.12,190.81,190.97,13964060.0
1766768400,190.95,191.21,190.455,191.1,12524240.0
1766772000,191.1,192.54,191.02,192.535,14202589.0
1766775600,192.535,192.7,191.82,191.94,13591586.0
1766779200,191.935,191.97,188.0,190.44,19492373.0
1766782800,190.53,190.85,189.98,190.2548,1023019.0
1766786400,190.2729,190.53,190.1,190.23,291999.0
1766790000,190.24,190.26,190.1,190.1307,124127.0
1766793600,190.14,190.18,190.01,190.08,226651.0
1766970000,190.2,191.12,189.92,190.69,221299.0
1766973600,190.69,190.75,190.05,190.27,119605.0
1766977200,190.27,190.75,190.27,190.7,70916.0
1766980800,190.7,190.99,190.69,190.85,70404.0
1766984400,190.84,190.9,190.42,190.42,63178.0
1766988000,190.43,190.49,190.15,190.15,65728.0
1766991600,190.15,190.18,189.24,189.64,149001.0
1766995200,189.63,189.7,188.39,188.4,185625.0
1766998800,188.55,189.95,187.45,187.94,525633.0
1767002400,187.9,188.43,187.69,188.115,192806.0
1767006000,188.1,188.45,187.7,188.45,212205.0
1767009600,188.48,188.6,188.05,188.07,313408.0
1767013200,188.24,190.85,187.48,187.78,1981979.0
1767016800,187.78,188.755,185.91,186.635,26469445.0
1767020400,186.59,187.74,186.03,186.92,21383270.0
1767024000,186.945,187.59,186.48,187.35,15534199.0
1767027600,187.305,187.57,186.79,187.535,9383954.0
1767031200,187.48,187.845,187.1331,187.25,8596706.0
1767034800,187.235,188.11,187.05,187.955,9436038.0
1767038400,187.965,188.4,187.5618,188.24,13968034.0
1767042000,188.21,188.25,187.91,188.04,672039.0
1767045600,188.01,188.05,187.82,187.95,129601.0
1767049200,187.95,187.98,187.68,187.71,127163.0
1767052800,187.7198,187.8,187.6,187.6184,198572.0
1767056400,187.51,187.7,187.29,187.57,71287.0
1767060000,187.58,187.6,187.47,187.51,35069.0
1767063600,187.51,187.81,187.49,187.76,36268.0
1767067200,187.75,188.05,187.75,188.05,47959.0
1767070800,188.02,188.08,187.8,187.95,33098.0
1767074400,187.95,187.98,187.58,187.6,42718.0
1767078000,187.6,187.66,187.25,187.48,52209.0
1767081600,187.48,187.94,187.46,187.94,32925.0
1767085200,187.9,188.17,187.58,187.96,94484.0
1767088800,187.99,188.13,187.9,188.07,69837.0
1767092400,188.02,188.39,188.01,188.31,102064.0
1767096000,188.3,188.7,188.24,188.55,178466.0
1767099600,188.42,188.7,187.27,188.42,895007.0
1767103200,188.43,188.99,187.08,187.565,15347698.0
1767106800,187.525,187.95,186.93,187.855,16967154.0
1767110400,187.86,188.51,187.71,188.015,12835989.0
1767114000,187.97,188.1399,187.7,188.07,8735283.0
1767117600,188.055,188.325,187.8,188.25,7504206.0
1767121200,188.28,188.355,187.67,187.905,8509248.0
1767124800,187.86,187.94,187.41,187.525,13310812.0
1767128400,187.54,188.0,187.21,187.23,1222040.0
1767132000,187.24,187.47,187.1,187.28,290614.0
1767135600,187.27,187.35,187.15,187.22,161210.0
1767139200,187.22,187.26,187.03,187.08,204135.0
1767142800,187.05,187.99,186.99,187.21,110998.0
1767146400,187.22,187.5,187.15,187.21,53211.0
1767150000,187.22,187.31,187.07,187.11,27987.0
1767153600,187.11,187.27,187.1,187.12,20605.0
1767157200,187.15,187.18,186.82,186.83,44027.0
1767160800,186.84,186.91,186.48,186.63,62267.0
1767164400,186.66,187.38,186.54,187.38,62821.0
1767168000,187.39,187.56,186.87,186.95,62927.0
1767171600,187.07,187.72,186.66,186.69,80978.0
1767175200,186.66,187.29,186.59,187.28,73259.0
1767178800,187.3,187.89,187.29,187.72,146667.0
1767182400,187.69,188.35,187.63,188.26,317245.0
1767186000,188.26,190.2,186.5,189.61,2270754.0
1767189600,189.71,190.56,188.09,188.63,20204852.0
1767193200,188.61,189.14,188.15,188.28,16204833.0
1767196800,188.32,189.065,188.215,189.02,12031001.0
1767200400,189.0,189.28,188.49,188.71,9087047.0
1767204000,188.71,189.055,188.635,188.695,8917770.0
1767207600,188.73,188.87,187.36,187.795,11532356.0
1767211200,187.785,187.82,186.49,186.51,17786960.0
1767214800,186.5,188.1427,186.25,186.53,2185810.0
1767218400,186.55,186.6997,186.51,186.58,186456.0
1767222000,186.6,186.61,186.51,186.54,155917.0
1767225600,186.5398,186.55,186.35,186.4593,227580.0
1767315600,200.0,200.0,186.99,187.94,165459.0
1767319200,187.94,188.44,187.77,188.3,125821.0
1767322800,188.29,188.75,188.2,188.49,60664.0
1767326400,188.53,188.56,188.29,188.31,43648.0
1767330000,188.31,188.48,188.16,188.47,36068.0
1767333600,188.48,188.66,188.38,188.5,45595.0
1767337200,188.52,188.55,188.39,188.5,41879.0
1767340800,188.5,189.51,188.48,189.48,158219.0
1767344400,189.45,190.27,188.38,190.18,347610.0
1767348000,190.16,190.18,189.75,189.88,219729.0
1767351600,189.87,190.04,189.8,189.86,125376.0
1767355200,189.85,189.86,189.13,189.13,482284.0
1767358800,189.14,190.27,186.5,189.14,1473510.0
1767362400,189.81,192.9299,188.74,191.75,29254666.0
1767366000,191.735,192.24,188.82,188.96,28945030.0
1767369600,188.975,190.065,188.29,189.33,19618694.0
1767373200,189.33,189.95,189.08,189.46,11688708.0
1767376800,189.47,189.77,188.26,188.54,10999669.0
1767380400,188.53,189.62,188.52,188.685,12865232.0
1767384000,188.68,189.25,188.48,188.825,16013123.0
1767387600,188.78,189.0016,188.45,188.67,734968.0
1767391200,188.6668,188.82,188.6,188.79,221502.0
1767394800,188.78,188.95,188.75,188.92,192259.0
1767398400,188.94,188.97,188.85,188.97,152853.0
1767574800,188.58,190.04,188.58,189.64,233079.0
1767578400,189.64,190.18,189.64,189.99,114864.0
1767582000,190.01,190.24,189.95,190.05,94428.0
1767585600,190.04,190.09,189.69,189.83,80739.0
1767589200,189.84,190.09,189.74,190.04,68636.0
1767592800,190.04,190.12,189.74,189.88,75579.0
1767596400,189.9,190.04,189.43,189.67,122092.0
1767600000,189.7,190.11,189.64,189.91,112580.0
1767603600,189.97,190.41,189.5,190.06,265553.0
1767607200,190.09,191.13,190.08,191.1,286535.0
1767610800,191.08,191.22,190.89,191.04,212419.0
1767614400,191.01,191.84,190.91,191.61,746932.0
1767618000,191.69,191.99,188.378,191.82,2042465.0
1767621600,192.22,193.63,189.39,190.1,29154808.0
1767625200,190.1,190.46,189.25,190.25,22377416.0
1767628800,190.25,190.89,189.28,189.3,19122926.0
1767632400,189.275,189.325,187.05,187.905,24929755.0
1767636000,187.91,188.24,186.99,187.46,15875783.0
1767639600,187.45,187.48,186.15,186.77,19693124.0
1767643200,186.75,188.16,186.51,188.13,23371485.0
1767646800,188.18,188.7629,187.32,188.18,2636393.0
1767650400,187.54,189.3,187.22,187.6332,1698235.0
1767654000,187.67,188.12,187.45,187.9,1921098.0
1767657600,187.88,188.2,187.83,187.99,472611.0
1767661200,188.6,188.6,187.9,188.13,91721.0
1767664800,188.11,188.7,188.05,188.64,79967.0
1767668400,188.65,188.8,188.53,188.7,69683.0
1767672000,188.7,189.29,188.67,189.15,91109.0
1767675600,189.15,189.19,188.89,188.97,77547.0
1767679200,188.97,189.48,188.95,189.43,58636.0
1767682800,189.43,189.47,189.09,189.29,71750.0
1767686400,189.28,189.29,188.12,188.8,150102.0
1767690000,189.0,189.39,188.17,189.2,373164.0
1767693600,189.19,189.49,188.99,189.27,188691.0
1767697200,189.3,189.48,189.0,189.17,170564.0
1767700800,189.22,189.46,189.02,189.42,452087.0
1767704400,189.6,189.8,188.13,189.74,1986990.0
1767708000,189.69,192.174,188.98,191.93,30368994.0
1767711600,191.885,192.09,188.89,189.16,29769655.0
1767715200,189.07,190.03,187.6401,189.485,28051656.0
1767718800,189.51,189.72,188.525,188.71,15303328.0
1767722400,188.68,188.77,187.3,188.25,14305384.0
1767726000,188.2,188.28,187.51,187.695,12475024.0
1767729600,187.655,187.93,186.82,187.265,22501161.0
1767733200,187.25,187.85,187.03,187.73,2524506.0
1767736800,187.7107,187.99,187.62,187.9899,402528.0
1767740400,187.97,188.25,187.91,188.17,538524.0
1767744000,188.17,188.38,188.1,188.16,395060.0
1767747600,188.15,188.31,187.98,188.01,102462.0
1767751200,188.0,188.23,187.89,188.13,73810.0
1767754800,188.13,188.27,187.99,188.08,62478.0
1767758400,188.1,188.12,187.77,187.92,77259.0
1767762000,187.94,188.11,187.76,187.97,51375.0
1767765600,187.99,188.23,187.85,187.95,48151.0
1767769200,187.95,188.14,187.87,188.05,43755.0
1767772800,188.02,188.07,187.52,187.58,96477.0
1767776400,187.75,188.2,187.15,187.74,205609.0
1767780000,187.65,187.75,186.86,187.36,198260.0
1767783600,187.34,188.0,187.28,187.86,134383.0
1767787200,187.86,188.52,187.82,188.2,355951.0
1767790800,187.94,188.52,186.86,187.94,1274575.0
1767794400,187.96,190.2,186.56,190.1,24796954.0
1767798000,190.165,191.37,188.47,189.595,40590054.0
1767801600,189.61,190.35,189.18,190.19,15434015.0
1767805200,190.155,190.6,189.68,189.97,14905824.0
1767808800,189.98,190.16,189.37,189.765,9724020.0
1767812400,189.76,190.01,189.18,189.275,10865507.0
1767816000,189.32,189.42,188.745,189.18,15935111.0
1767819600,189.24,189.39,189.0,189.12,809573.0
1767823200,189.0964,189.2331,189.0648,189.1492,167934.0
1767826800,189.15,189.19,189.0,189.07,143295.0
1767830400,189.02,189.39,188.97,189.3699,222481.0
1767834000,189.09,189.41,188.91,189.08,69259.0
1767837600,189.08,189.18,188.71,188.77,77861.0
1767841200,188.77,188.96,188.66,188.66,38788.0
1767844800,188.67,188.81,188.6,188.79,39097.0
1767848400,188.8,188.93,188.33,188.33,69460.0
1767852000,188.34,188.36,187.72,188.16,121900.0
1767855600,188.19,190.88,188.04,189.29,320891.0
1767859200,189.27,189.96,189.24,189.68,104608.0
1767862800,189.81,190.23,189.43,189.81,191546.0
1767866400,189.8,190.08,189.43,189.77,157832.0
1767870000,189.74,190.28,189.49,189.95,213091.0
1767873600,189.94,190.17,189.53,189.631,244709.0
1767877200,189.65,190.87,187.73,189.65,1595521.0
1767880800,189.41,189.8,185.01,185.04,25821839.0
1767884400,185.01,186.95,184.6601,185.46,35551777.0
1767888000,185.48,185.78,184.43,184.86,21764102.0
1767891600,184.82,184.885,183.83,184.51,17779987.0
1767895200,184.44,184.89,184.065,184.21,13414910.0
1767898800,184.18,185.01,183.71,184.635,15320878.0
1767902400,184.615,185.35,184.53,185.09,18139969.0
1767906000,185.04,185.36,184.99,185.1491,3451890.0
1767909600,185.11,185.24,185.04,185.2384,217773.0
1767913200,185.2397,185.29,185.03,185.04,211702.0
1767916800,185.0307,185.17,185.0,185.0201,241882.0
1767920400,184.75,185.42,184.66,184.79,73419.0
1767924000,184.79,185.14,184.76,185.01,47977.0
1767927600,185.0,185.03,184.85,184.91,22988.0
1767931200,184.91,185.12,184.9,185.12,31871.0
1767934800,185.08,185.21,184.99,185.07,39802.0
1767938400,185.08,185.18,185.01,185.18,24564.0
1767942000,185.18,185.22,185.02,185.21,35772.0
1767945600,185.2,185.47,185.0,185.06,55911.0
1767949200,185.05,185.82,185.05,185.66,151860.0
1767952800,185.71,185.92,185.66,185.76,148909.0
1767956400,185.72,187.0,185.45,185.85,360237.0
1767960000,185.85,185.9,185.5,185.77,240657.0
1767963600,185.9,186.97,185.0,185.75,1395375.0
1767967200,186.2,186.24,183.6701,184.825,18706560.0
1767970800,184.85,185.61,183.73,184.89,24012971.0
1767974400,184.87,185.7,184.85,185.34,14985405.0
1767978000,185.345,185.5,184.64,185.05,12078787.0
1767981600,185.04,185.42,184.76,185.365,10188358.0
1767985200,185.36,186.34,185.245,185.535,14807166.0
1767988800,185.515,186.07,184.6,184.81,16670429.0
1767992400,184.86,185.05,184.81,185.01,2965573.0
1767996000,185.02,185.04,184.95,184.99,153736.0
1767999600,184.98,185.02,184.9,184.94,130778.0
1768003200,184.94,184.985,184.87,184.9701,163237.0
1768179600,184.16,184.96,183.59,183.72,276150.0
1768183200,183.72,183.76,183.0,183.45,165860.0
1768186800,183.44,183.56,183.08,183.37,77107.0
1768190400,183.37,183.39,183.15,183.28,46654.0
1768194000,183.28,183.32,182.77,183.0,124201.0
1768197600,183.04,183.16,182.89,182.93,79345.0
1768201200,182.93,183.31,182.89,183.22,84135.0
1768204800,183.22,183.32,182.36,182.65,160125.0
1768208400,182.8,183.46,182.45,182.66,277669.0
1768212000,182.67,182.78,182.4,182.48,153293.0
1768215600,182.48,182.93,182.4,182.87,128618.0
1768219200,182.9,183.16,182.75,183.07,323501.0
1768222800,183.5,183.6,182.38,183.5,1484765.0
1768226400,183.175,186.2,182.95,184.91,19101240.0
1768230000,184.925,185.21,183.725,184.51,19428714.0
1768233600,184.47,185.625,184.31,185.375,14394061.0
1768237200,185.39,186.895,185.28,186.185,16756421.0
1768240800,186.205,187.01,186.12,186.755,12850628.0
1768244400,186.77,187.12,186.56,186.605,10550361.0
1768248000,186.59,186.62,184.5,184.88,16664995.0
1768251600,184.86,185.1199,184.79,184.83,1241532.0
1768255200,184.83,185.1,184.82,184.96,193313.0
1768258800,184.95,185.02,184.71,184.731,217570.0
1768262400,184.72,184.7818,184.6,184.6899,214516.0
1768266000,184.7,184.76,184.04,184.46,89325.0
1768269600,184.44,184.66,184.39,184.53,40314.0
1768273200,184.53,184.78,184.34,184.71,42862.0
1768276800,184.71,184.71,184.44,184.57,36925.0
1768280400,184.57,184.97,184.5,184.84,47761.0
1768284000,184.82,185.1,184.61,184.85,53573.0
1768287600,184.86,185.18,184.79,185.12,39791.0
1768291200,185.11,185.23,184.8,184.84,56874.0
1768294800,184.95,185.66,184.79,185.51,191303.0
1768298400,185.51,185.57,185.16,185.36,104902.0
1768302000,185.39,185.73,185.17,185.2,118967.0
1768305600,185.24,185.29,184.64,184.8,306497.0
1768309200,185.54,186.08,184.478,185.84,1866849.0
1768312800,185.55,185.75,183.6313,184.115,20364639.0
1768316400,184.11,184.805,183.4,184.755,22153254.0
1768320000,184.79,188.1099,184.32,187.68,31501808.0
1768323600,187.655,187.81,184.7128,184.91,20111316.0
1768327200,184.85,185.35,184.44,184.605,13369367.0
1768330800,184.62,184.95,184.215,184.42,12471166.0
1768334400,184.425,185.85,184.225,185.8,20147075.0
1768338000,185.8,186.0,185.4,185.53,1525345.0
1768341600,185.5,185.85,185.48,185.8364,294432.0
1768345200,185.85,185.9,185.65,185.78,205167.0
1768348800,185.76,185.95,185.72,185.8,244644.0
1768352400,185.84,185.95,185.49,185.49,54226.0
1768356000,185.5,185.73,185.49,185.62,36728.0
1768359600,185.61,185.96,185.57,185.93,43433.0
1768363200,185.93,185.94,185.55,185.57,30397.0
1768366800,185.58,185.6,185.39,185.5,42195.0
1768370400,185.51,185.61,184.64,184.91,98780.0
1768374000,184.91,185.27,184.87,185.07,63878.0
1768377600,185.07,185.38,185.03,185.28,44845.0
1768381200,185.5,185.59,184.81,184.99,146553.0
1768384800,185.01,185.02,184.03,184.23,224030.0
1768388400,184.26,184.58,184.15,184.46,157663.0
1768392000,184.47,184.7,184.01,184.68,291322.0
1768395600,185.21,185.6,184.01,184.5502,1366186.0
1768399200,184.315,184.7612,181.45,181.67,26858418.0
1768402800,181.555,182.635,180.91,181.54,27798372.0
1768406400,181.54,182.16,181.235,181.73,18062850.0
1768410000,181.75,182.18,181.38,182.08,13699037.0
1768413600,182.08,182.33,181.5501,182.03,13188690.0
1768417200,181.97,182.06,181.08,181.34,13011173.0
1768420800,181.36,183.33,180.8,183.31,26487915.0
1768424400,183.16,183.45,182.62,182.86,1810709.0
1768428000,182.9361,182.95,182.7202,182.79,206246.0
1768431600,182.81,182.8754,182.68,182.85,184606.0
1768435200,182.85,182.8738,182.6109,182.75,186113.0
1768438800,182.79,182.94,182.3,182.59,60850.0
1768442400,182.59,183.01,182.39,182.66,62952.0
1768446000,182.67,182.72,182.29,182.32,29163.0
1768449600,182.3,182.43,181.99,182.15,41337.0
1768453200,182.16,183.15,182.1,182.99,68491.0
1768456800,183.01,184.28,182.87,183.91,204807.0
1768460400,183.9,184.09,183.68,183.96,89912.0
1768464000,183.96,184.38,183.82,184.19,111489.0
1768467600,184.39,186.5,183.5,185.32,651946.0
1768471200,185.39,186.0,185.39,185.84,452014.0
1768474800,185.79,186.64,185.79,186.25,699749.0
1768478400,186.25,186.26,184.67,185.47,1113245.0
1768482000,185.42,186.6,182.16,186.04,3279696.0
1768485600,186.2,189.18,185.52,188.365,39101493.0
1768489200,188.31,188.87,186.83,187.7,30669557.0
1768492800,187.69,189.05,187.33,188.89,19589563.0
1768496400,188.865,189.29,188.15,188.35,19290357.0
1768500000,188.405,189.7,188.19,189.52,18244783.0
1768503600,189.505,189.5166,187.96,188.65,18320700.0
1768507200,188.625,188.77,186.33,187.15,28253715.0
1768510800,187.05,187.28,186.87,187.25,2146254.0
1768514400,187.2611,187.5,187.22,187.3605,1118121.0
1768518000,187.37,187.55,187.22,187.5,193619.0
1768521600,187.53,187.78,187.5,187.7169,243315.0
1768525200,187.71,188.3,187.66,187.89,83491.0
1768528800,187.89,188.09,187.82,187.9,44437.0
1768532400,187.88,188.01,187.8,187.94,20605.0
1768536000,187.95,188.21,187.94,188.2,26731.0
1768539600,188.19,188.54,188.16,188.46,50806.0
1768543200,188.46,188.54,188.14,188.21,42419.0
1768546800,188.22,188.58,188.18,188.57,48279.0
1768550400,188.55,188.74,188.25,188.4,48083.0
1768554000,188.45,188.99,188.09,188.45,216640.0
1768557600,188.46,189.28,188.34,188.96,179481.0
1768561200,188.97,189.0,188.47,188.5,145659.0
1768564800,188.5,188.78,188.3,188.44,268278.0
1768568400,188.3,189.27,187.97,188.3,1254685.0
1768572000,188.975,190.44,188.0,189.195,31724664.0
1768575600,189.185,189.301,187.09,188.01,25408974.0
1768579200,188.04,188.26,187.5,188.075,18407800.0
1768582800,188.02,188.38,187.43,187.69,15682498.0
1768586400,187.67,188.27,187.655,188.06,12600269.0
1768590000,188.075,188.42,187.615,187.93,14525801.0
1768593600,187.93,188.025,186.08,186.13,24334843.0
1768597200,186.26,186.45,186.11,186.26,2612389.0
1768600800,186.3301,186.43,186.22,186.36,705501.0
1768604400,186.38,186.5,186.3,186.41,203927.0
1768608000,186.35,186.47,186.2487,186.2518,185047.0
1768870800,183.8,185.8,181.8,183.32,380970.0
1768874400,183.34,183.76,183.16,183.67,153666.0
1768878000,183.65,183.74,183.31,183.33,69278.0
1768881600,183.33,183.36,182.85,182.91,74453.0
1768885200,182.89,183.37,182.75,183.06,92229.0
1768888800,183.05,183.19,182.0,182.49,162803.0
1768892400,182.48,182.56,181.9,182.05,170891.0
1768896000,182.07,182.15,180.76,181.35,262736.0
1768899600,181.8,183.69,180.0,180.8,981443.0
1768903200,180.83,181.64,180.69,181.3,370902.0
1768906800,181.34,181.92,181.34,181.88,288945.0
1768910400,181.95,182.89,181.7,182.31,745451.0
1768914000,182.31,185.765,180.01,181.78,3146124.0
1768917600,181.82,182.3786,179.58,179.93,39566035.0
1768921200,179.845,181.85,179.6,180.59,34277559.0
1768924800,180.6,181.27,179.56,180.07,25603393.0
1768928400,180.01,180.225,179.27,179.81,21883610.0
1768932000,179.82,180.1,178.9,179.75,16910903.0
1768935600,179.85,179.98,179.15,179.565,13557492.0
1768939200,179.545,179.605,177.61,178.15,33001389.0
1768942800,178.27,179.0,177.86,178.78,1786474.0
1768946400,178.75,178.95,178.07,178.87,3184954.0
1768950000,178.87,179.24,178.61,178.74,456346.0
1768953600,178.74,179.25,178.7346,179.22,314557.0
1768957200,179.09,179.71,179.01,179.68,97986.0
1768960800,179.67,179.93,179.36,179.57,81610.0
1768964400,179.55,179.88,179.31,179.46,52339.0
1768968000,179.47,179.7,179.39,179.64,34002.0
1768971600,179.65,179.84,179.49,179.84,44157.0
1768975200,179.82,179.91,179.63,179.69,43162.0
1768978800,179.7,180.0,179.61,179.82,56866.0
1768982400,179.82,179.89,179.52,179.65,51143.0
1768986000,179.68,180.0,178.86,178.88,301076.0
1768989600,178.88,179.7,178.87,179.22,171687.0
1768993200,179.19,180.28,178.45,178.51,380231.0
1768996800,178.6,178.81,177.93,178.78,799267.0
1769000400,178.47,181.955,177.95,178.57,1756712.0
1769004000,179.13,180.88,178.4,180.4,27276501.0
1769007600,180.44,183.185,179.99,182.75,26718301.0
1769011200,182.745,183.74,180.02,180.115,28750354.0
1769014800,180.13,180.59,179.19,180.27,17217652.0
1769018400,180.26,181.23,179.7,181.145,13158928.0
1769022000,181.15,185.37,180.93,185.26,28531630.0
1769025600,185.26,185.38,183.0,183.3,31526204.0
1769029200,183.32,183.5495,181.9843,183.4001,2468169.0
1769032800,183.43,184.0,183.32,183.97,407557.0
1769036400,183.9592,184.0897,183.5,183.75,297916.0
1769040000,183.81,183.87,183.7,183.87,261542.0
1769043600,183.83,184.33,183.34,184.15,72035.0
1769047200,184.17,184.25,183.81,183.84,60462.0
1769050800,183.88,184.25,183.84,184.03,39362.0
1769054400,184.03,184.24,183.92,184.01,36880.0
1769058000,184.0,184.14,183.79,183.82,48680.0
1769061600,183.83,183.99,183.33,183.95,62461.0
1769065200,183.98,184.27,183.61,184.05,45927.0
1769068800,184.01,185.22,184.01,185.22,133803.0
1769072400,185.1,185.5,184.4,185.2,270752.0
1769076000,185.2,185.24,184.68,185.06,169963.0
1769079600,185.02,185.18,184.52,184.63,177781.0
1769083200,184.62,185.05,184.61,184.96,297402.0
1769086800,184.79,185.46,183.34,184.73,1428215.0
1769090400,184.77,186.16,183.99,184.29,26025690.0
1769094000,184.28,185.405,183.93,185.075,22166662.0
1769097600,185.08,186.17,184.953,185.53,17647139.0
1769101200,185.52,185.63,184.415,184.57,15392565.0
1769104800,184.555,185.235,184.37,184.475,12006158.0
1769108400,184.48,184.86,184.2806,184.455,11080479.0
1769112000,184.45,184.87,183.92,184.85,17221027.0
1769115600,184.813,184.87,184.14,184.26,4470224.0
1769119200,184.27,184.84,184.03,184.12,266905.0
1769122800,184.14,184.25,183.91,184.09,258142.0
1769126400,184.1,184.4,184.0,184.3331,205487.0
1769130000,184.24,184.58,184.19,184.5,38253.0
1769133600,184.5,184.54,184.36,184.46,27712.0
1769137200,184.45,184.77,184.42,184.61,31315.0
1769140800,184.61,184.67,184.51,184.58,23399.0
1769144400,184.57,184.67,184.46,184.58,25716.0
1769148000,184.6,184.73,184.5,184.6,22526.0
1769151600,184.6,184.79,184.56,184.69,30384.0
1769155200,184.69,184.81,184.07,184.17,69679.0
1769158800,184.5,184.63,183.5,183.81,231532.0
1769162400,183.78,184.01,183.66,184.01,113392.0
1769166000,184.09,189.0,184.03,187.28,1919073.0
1769169600,187.23,187.83,186.88,187.3,808121.0
1769173200,187.17,188.98,183.5,186.92,2884071.0
1769176800,187.15,189.6,186.82,187.8,29822623.0
1769180400,187.925,188.36,187.25,187.78,19958720.0
1769184000,187.775,188.09,187.13,187.745,16861806.0
1769187600,187.76,188.2361,187.145,187.38,13597478.0
1769191200,187.35,188.23,187.22,188.07,11683348.0
1769194800,188.075,188.41,187.345,187.535,12600244.0
1769198400,187.57,187.925,187.11,187.63,17585814.0
1769202000,187.43,187.8,187.2,187.42,1319355.0
1769205600,187.46,187.67,187.23,187.23,762324.0
1769209200,187.23,187.3,187.21,187.23,116206.0
1769212800,187.23,187.3,187.21,187.25,148630.0
1769389200,187.01,187.43,185.99,186.27,181979.0
1769392800,186.3,186.42,186.0,186.03,76867.0
1769396400,186.03,186.26,186.0,186.11,60653.0
1769400000,186.11,186.25,186.07,186.15,37349.0
1769403600,186.15,186.35,186.09,186.22,37332.0
1769407200,186.25,186.57,186.22,186.3,49643.0
1769410800,186.34,186.97,186.21,186.92,56596.0
1769414400,186.9,187.07,186.65,186.87,57550.0
1769418000,187.0,187.16,185.68,186.16,245519.0
1769421600,186.2,186.5,186.04,186.27,135138.0
1769425200,186.29,186.35,186.01,186.22,108214.0
1769428800,186.22,186.56,186.06,186.43,272025.0
1769432400,186.43,187.07,185.69,186.73,1541822.0
1769436000,186.89,189.12,186.68,187.51,23239749.0
1769439600,187.48,187.77,186.84,187.24,17394847.0
1769443200,187.26,187.285,186.01,187.02,16983530.0
1769446800,187.035,187.25,186.19,186.51,10757956.0
1769450400,186.475,187.075,185.99,187.045,10532829.0
1769454000,187.015,187.08,186.2,186.27,8931819.0
1769457600,186.26,186.805,185.99,186.41,14035988.0
1769461200,186.47,186.47,186.18,186.26,1677240.0
1769464800,186.27,186.42,186.18,186.39,171986.0
1769468400,186.3362,186.5,186.27,186.4499,144728.0
1769472000,186.4491,186.5,186.37,186.4191,193045.0
1769475600,186.25,186.89,186.25,186.6,47146.0
1769479200,186.6,187.1,186.59,187.08,61081.0
1769482800,187.06,187.21,186.87,187.09,49341.0
1769486400,187.09,187.27,187.04,187.18,34993.0
1769490000,187.18,187.25,186.99,187.2,28397.0
1769493600,187.22,187.47,187.2,187.34,47798.0
1769497200,187.34,187.5,187.31,187.5,38292.0
1769500800,187.48,187.51,187.15,187.49,73532.0
1769504400,187.35,187.58,187.12,187.54,200222.0
1769508000,187.56,187.79,187.53,187.58,109707.0
1769511600,187.6,187.66,187.34,187.46,122200.0
1769515200,187.42,187.96,187.08,187.08,340775.0
1769518800,187.19,187.9015,187.01,187.29,1085599.0
1769522400,187.29,187.79,185.7,187.64,18513293.0
1769526000,187.63,189.805,187.49,189.34,29394437.0
1769529600,189.31,190.0,189.18,189.65,17624917.0
1769533200,189.645,190.01,189.06,189.195,13309667.0
1769536800,189.215,189.78,188.9,189.375,11874272.0
1769540400,189.355,189.48,188.945,189.265,13652657.0
1769544000,189.26,189.725,188.47,188.55,18219472.0
1769547600,188.37,189.68,188.12,188.87,1983392.0
1769551200,188.849,189.05,188.52,188.87,4516658.0
1769554800,188.83,188.96,188.8,188.86,161942.0
1769558400,188.85,189.5869,188.85,189.5,362304.0
1769562000,189.4,189.56,189.18,189.2,68146.0
1769565600,189.19,189.39,189.11,189.16,45986.0
1769569200,189.16,190.9,189.03,190.84,168108.0
1769572800,190.88,192.43,190.85,191.47,564626.0
1769576400,191.46,191.68,191.33,191.47,100601.0
1769580000,191.48,192.23,191.48,192.05,217292.0
1769583600,192.05,192.21,191.85,192.06,128663.0
1769587200,192.05,192.12,191.8,191.87,133501.0
1769590800,191.54,192.67,190.8,191.14,728918.0
1769594400,191.17,192.0,190.95,191.93,287365.0
1769598000,191.91,192.0,191.42,191.5,276079.0
1769601600,191.54,192.51,191.01,192.25,1129702.0
1769605200,192.03,192.6,188.52,191.67,2774355.0
1769608800,191.65,192.33,190.12,191.87,24668692.0
1769612400,191.84,192.35,190.723,190.92,22545501.0
1769616000,190.93,192.04,189.84,190.27,21415499.0
1769619600,190.27,191.705,190.17,191.6,12952090.0
1769623200,191.605,191.99,191.26,191.925,10903499.0
1769626800,191.93,192.32,190.9037,191.56,17437636.0
1769630400,191.59,192.12,190.84,191.52,19035348.0
1769634000,191.85,193.11,191.3,192.18,2892564.0
1769637600,192.3,192.5,191.52,192.06,563721.0
1769641200,192.08,192.18,190.6,190.63,680332.0
1769644800,190.64,190.69,190.0,190.29,696914.0
1769648400,190.49,190.56,189.99,190.27,76332.0
1769652000,190.27,190.49,190.05,190.14,75362.0
1769655600,190.14,190.76,190.12,190.7,51633.0
1769659200,190.69,191.17,190.66,190.89,65352.0
1769662800,190.9,191.5,190.89,191.03,49914.0
1769666400,191.07,191.5,191.04,191.4,57374.0
1769670000,191.39,191.51,191.22,191.34,39679.0
1769673600,191.34,191.39,190.84,191.19,78281.0
1769677200,191.38,191.43,190.39,190.4,193074.0
1769680800,190.42,191.0,190.2,190.72,190036.0
1769684400,190.74,191.5,190.7,191.26,265488.0
1769688000,191.2,191.48,191.0,191.03,321611.0
1769691600,191.61,191.78,190.21,191.45,1348765.0
1769695200,191.275,193.48,190.15,190.79,23564578.0
1769698800,190.77,190.84,186.06,186.445,34554391.0
1769702400,186.415,188.49,186.0635,188.115,22353682.0
1769706000,188.06,190.01,188.015,189.35,17004681.0
1769709600,189.33,190.7,189.3299,190.515,14937570.0
1769713200,190.49,190.78,190.02,190.555,12637469.0
1769716800,190.59,192.84,190.37,192.49,26146175.0
1769720400,192.1,192.87,190.0577,192.1,1558898.0
1769724000,192.02,192.05,191.1,191.22,350851.0
1769727600,191.16,191.7,190.58,191.29,414150.0
1769731200,191.33,191.49,191.0,191.15,331631.0
1769734800,190.88,191.06,189.98,190.27,86572.0
1769738400,190.27,190.41,188.87,189.95,161332.0
1769742000,189.96,190.45,189.72,189.91,60083.0
1769745600,189.91,190.46,189.89,190.21,52309.0
1769749200,190.19,190.31,189.88,190.0,51985.0
1769752800,190.02,190.04,189.47,189.57,61595.0
1769756400,189.58,190.08,189.34,189.34,63690.0
1769760000,189.34,190.15,189.23,190.05,75463.0
1769763600,190.0,192.51,188.26,188.81,319064.0
1769767200,188.85,189.96,188.8,189.61,172697.0
1769770800,189.65,190.51,189.59,190.31,188689.0
1769774400,190.39,191.11,190.2,190.56,360647.0
1769778000,190.86,191.1183,188.3,190.55,1659556.0
1769781600,191.255,192.99,190.44,191.61,18832616.0
1769785200,191.62,194.49,191.225,193.69,31653931.0
1769788800,193.655,193.92,191.9,192.345,18789341.0
1769792400,192.37,193.03,191.58,191.855,15668547.0
1769796000,191.805,191.855,190.49,191.5,15832478.0
1769799600,191.5,191.92,190.68,190.78,13459330.0
1769803200,190.89,191.74,189.47,191.14,27292522.0
1769806800,191.15,191.54,190.2,191.15,1411706.0
1769810400,190.41,190.46,190.1,190.1,194796.0
1769814000,190.1,190.41,189.8,189.95,273316.0
1769817600,189.94,190.2482,189.51,190.2,309895.0
1769994000,191.01,192.0,186.99,187.41,358483.0
1769997600,187.43,188.06,187.23,187.44,160003.0
1770001200,187.44,187.49,185.72,185.74,269892.0
1770004800,185.74,187.21,184.99,186.86,263414.0
1770008400,186.82,186.9,185.7,185.94,106523.0
1770012000,185.94,186.02,184.97,185.49,161130.0
1770015600,185.53,187.27,185.5,187.23,162614.0
1770019200,187.23,187.93,187.23,187.51,127644.0
1770022800,187.9,188.24,187.04,187.71,395236.0
1770026400,187.71,188.08,187.14,187.39,201492.0
1770030000,187.36,188.0,187.21,187.89,209957.0
1770033600,187.88,189.45,187.81,189.05,638752.0
1770037200,189.02,191.13,185.0,188.09,2263976.0
1770040800,188.04,188.6507,186.5,186.65,22312798.0
1770044400,186.71,189.38,186.42,188.57,23005365.0
1770048000,188.66,189.51,187.87,189.445,15619898.0
1770051600,189.435,190.13,189.09,189.89,13244151.0
1770055200,189.86,190.3,189.47,189.99,11407746.0
1770058800,189.98,190.1,187.41,187.44,13647463.0
1770062400,187.43,187.64,184.88,185.67,34531656.0
1770066000,185.99,186.6,183.19,184.86,4372170.0
1770069600,185.0,187.25,184.95,186.68,1186434.0
1770073200,186.66,186.94,186.11,186.22,562100.0
1770076800,186.21,186.6592,186.1,186.25,434011.0
1770080400,186.5,186.91,186.24,186.64,107540.0
1770084000,186.6,186.62,186.0,186.07,89461.0
1770087600,186.1,186.55,186.06,186.48,65794.0
1770091200,186.47,186.74,186.45,186.72,70827.0
1770094800,186.72,186.84,186.51,186.73,73700.0
1770098400,186.74,187.09,186.55,187.03,78200.0
1770102000,187.01,187.16,186.71,187.02,73499.0
1770105600,187.02,187.47,186.7,186.75,105237.0
1770109200,186.97,187.1,186.03,186.5,268935.0
1770112800,186.55,186.77,186.22,186.32,127899.0
1770116400,186.32,186.52,186.0,186.425,139362.0
1770120000,186.43,187.17,186.38,186.92,353850.0
1770123600,187.0,187.46,186.05,186.8,1426549.0
1770127200,186.25,186.98,181.5,181.87,28881110.0
1770130800,181.82,182.0,179.56,180.725,36159668.0
1770134400,180.735,180.83,179.08,180.065,23049947.0
1770138000,180.085,180.4,178.65,178.805,20583215.0
1770141600,178.86,179.72,178.41,178.41,16372076.0
1770145200,178.4,179.52,176.23,177.87,27815519.0
1770148800,177.875,180.7,177.5293,180.27,27367402.0
1770152400,180.4,180.92,178.6,179.6,2081723.0
1770156000,179.76,179.8,178.65,178.92,666776.0
1770159600,178.96,179.5734,178.83,179.2718,372684.0
1770163200,179.26,179.3,179.0,179.3,315408.0
1770166800,179.89,180.07,179.25,179.79,85197.0
1770170400,179.85,180.33,179.69,179.71,64329.0
1770174000,179.72,179.95,179.4,179.68,77237.0
1770177600,179.68,179.74,179.26,179.42,36330.0
1770181200,179.41,179.95,179.35,179.6,36264.0
1770184800,179.58,179.93,179.58,179.86,30777.0
1770188400,179.85,180.31,179.77,180.07,58182.0
1770192000,180.08,180.12,179.25,179.55,71716.0
1770195600,179.8,179.95,178.67,179.5,219715.0
1770199200,179.55,180.91,179.5,180.7,223520.0
1770202800,180.7,181.7,180.35,181.51,295265.0
1770206400,181.47,181.5,180.5,180.61,322795.0
1770210000,180.52,181.68,177.0,180.04,1347986.0
1770213600,179.44,180.06,177.2,177.78,18881261.0
1770217200,177.7,178.13,175.655,175.89,31719129.0
1770220800,175.9,176.03,173.26,174.65,27524398.0
1770224400,174.65,175.18,171.91,173.3,25800282.0
1770228000,173.305,174.32,172.42,174.08,20272808.0
1770231600,174.11,175.98,173.6699,175.935,21408039.0
1770235200,175.94,176.14,174.19,174.195,27107180.0
1770238800,176.56,177.95,174.19,176.56,5591830.0
1770242400,177.45,178.71,177.3,177.32,1472338.0
1770246000,177.3,177.83,177.15,177.23,363843.0
1770249600,177.23,177.95,177.06,177.65,296427.0
1770253200,177.32,178.49,176.62,176.91,140736.0
1770256800,176.9,177.09,174.79,175.1,187931.0
1770260400,175.07,175.99,174.87,175.04,118347.0
1770264000,175.06,175.95,174.5,175.94,129202.0
1770267600,175.91,176.49,175.21,176.0,65834.0
1770271200,175.99,177.3,175.96,177.3,100565.0
1770274800,177.27,177.87,177.17,177.21,100613.0
1770278400,177.22,177.99,176.81,177.06,98530.0
1770282000,177.2,178.14,176.8,177.59,354906.0
1770285600,177.59,178.37,177.57,177.71,162178.0
1770289200,177.61,177.84,176.29,176.9,324970.0
1770292800,177.0,177.11,172.45,173.94,1650223.0
1770296400,174.8,178.33,172.4,174.24,2685592.0
1770300000,173.9,176.815,173.0,173.87,28790288.0
1770303600,173.94,174.24,171.31,173.125,35882544.0
1770307200,173.205,175.6,171.82,175.175,25510786.0
1770310800,175.195,175.7748,174.37,174.94,16504841.0
1770314400,174.98,175.37,173.07,173.21,23655731.0
1770318000,173.19,174.425,172.74,173.185,15394024.0
1770321600,173.19,174.22,171.03,171.82,26999445.0
1770325200,172.31,173.62,170.15,170.39,3622191.0
1770328800,171.39,172.2,170.75,171.17,2809299.0
1770332400,171.17,171.87,170.03,170.28,586144.0
1770336000,170.25,171.0545,170.0,170.6497,806392.0
1770339600,171.0,172.54,170.39,172.27,161574.0
1770343200,172.26,173.0,172.19,172.38,141604.0
1770346800,172.38,172.67,171.66,172.3,77109.0
1770350400,172.29,172.41,171.22,171.6,74171.0
1770354000,171.61,172.79,171.44,172.75,78862.0
1770357600,172.65,173.47,172.54,172.74,108381.0
1770361200,172.73,172.96,171.99,172.87,63950.0
1770364800,172.9,173.08,172.02,172.69,70408.0
1770368400,172.8,176.17,172.26,176.17,755515.0
1770372000,176.14,177.4,175.5,177.39,595991.0
1770375600,177.41,177.94,177.02,177.46,722342.0
1770379200,177.46,177.53,176.09,176.32,1039185.0
1770382800,176.36,177.9,171.44,177.02,2933585.0
1770386400,176.55,181.72,174.6,180.59,39016849.0
1770390000,180.45,182.995,179.45,182.845,40187452.0
1770393600,182.845,184.35,182.55,183.24,31029755.0
1770397200,183.295,185.175,182.93,184.535,22677000.0
1770400800,184.48,185.02,184.21,184.58,15341552.0
1770404400,184.56,185.11,184.135,184.97,15057543.0
1770408000,184.99,187.0,184.68,185.2,36420445.0
1770411600,185.34,186.05,184.87,185.5,3024677.0
1770415200,185.47,185.47,184.81,185.15,880884.0
1770418800,185.15,185.34,185.0,185.28,236936.0
1770422400,185.297,185.38,184.97,185.1801,282798.0
1770598800,185.89,187.01,185.21,186.08,204896.0
1770602400,186.08,186.58,186.01,186.22,90321.0
1770606000,186.24,186.4,185.62,185.62,70485.0
1770609600,185.62,186.15,185.51,185.51,43724.0
1770613200,185.51,186.0,185.41,185.75,48604.0
1770616800,185.77,185.8,185.14,185.27,64567.0
1770620400,185.26,185.26,184.55,185.01,94491.0
1770624000,185.0,185.61,184.93,185.06,62901.0
1770627600,185.0,185.43,183.78,183.9,357619.0
1770631200,183.9,184.03,182.83,183.72,375919.0
1770634800,183.72,184.08,183.33,183.86,200969.0
1770638400,183.93,184.2,183.5,183.86,400545.0
1770642000,184.99,185.99,182.82,184.49,5154789.0
1770645600,184.15,193.66,183.76,191.15,49251760.0
1770649200,191.14,192.44,190.58,191.975,34646201.0
1770652800,191.92,192.15,191.405,191.495,17691879.0
1770656400,191.465,192.53,191.305,191.41,17376561.0
1770660000,191.44,191.64,190.675,190.765,12472609.0
1770663600,190.745,191.42,190.64,190.915,12867709.0
1770667200,190.895,191.15,189.535,189.92,25389833.0
1770670800,189.87,190.9892,189.81,189.86,1440702.0
1770674400,190.0,190.09,189.89,190.0,188555.0
1770678000,190.02,190.09,189.88,189.93,209603.0
1770681600,189.91,190.0,189.5,189.69,168828.0
1770685200,189.75,190.0,189.29,189.8,87305.0
1770688800,189.8,189.84,189.29,189.54,44077.0
1770692400,189.55,189.72,189.3,189.45,34526.0
1770696000,189.49,189.97,189.46,189.95,29589.0
1770699600,189.97,191.25,189.69,191.0,128576.0
1770703200,191.01,191.1,190.29,190.42,76785.0
1770706800,190.46,190.93,190.4,190.88,47037.0
1770710400,190.91,191.03,190.54,190.63,57464.0
1770714000,190.5,191.43,190.37,191.05,163079.0
1770717600,191.04,191.21,190.85,191.06,94892.0
1770721200,191.01,191.36,190.73,191.29,138254.0
1770724800,191.24,192.19,191.22,191.38,571995.0
1770728400,191.38,192.2,189.74,190.85,1660825.0
1770732000,191.54,192.49,188.365,189.3,25236828.0
1770735600,189.31,190.255,188.12,190.055,23885701.0
1770739200,190.05,190.33,188.91,189.185,20228750.0
1770742800,189.24,190.445,189.2107,190.22,12605489.0
1770746400,190.23,190.26,189.07,189.49,9315141.0
1770750000,189.47,189.6,188.77,189.06,8777340.0
1770753600,189.025,189.56,188.38,188.42,17718809.0
1770757200,188.54,188.82,188.32,188.6196,1457419.0
1770760800,188.63,188.7,188.42,188.56,172798.0
1770764400,188.59,189.0,188.53,188.95,213069.0
1770768000,188.9305,188.97,188.75,188.8685,173458.0
1770771600,189.38,189.56,188.86,189.33,75231.0
1770775200,189.31,189.47,189.19,189.4,24438.0
1770778800,189.39,189.75,189.12,189.54,31505.0
1770782400,189.55,189.57,189.07,189.1,25737.0
1770786000,189.1,189.54,188.92,188.97,26283.0
1770789600,188.98,189.21,188.61,188.81,26764.0
1770793200,188.77,189.02,188.59,188.72,27648.0
1770796800,188.72,188.89,188.41,188.84,34662.0
1770800400,188.74,189.22,188.0,188.3,119507.0
1770804000,188.3,188.47,188.0,188.47,112574.0
1770807600,188.48,189.94,188.48,189.2,236863.0
1770811200,189.16,190.0,189.0,189.69,270566.0
1770814800,189.69,192.41,188.0,191.9,2898488.0
1770818400,192.32,193.26,190.99,191.2,26673471.0
1770822000,191.18,191.96,188.77,191.57,30640798.0
1770825600,191.59,192.185,190.69,190.94,18075630.0
1770829200,190.945,192.28,190.37,191.83,14439310.0
1770832800,191.84,192.0,190.97,191.79,10703644.0
1770836400,191.76,192.21,191.3,191.53,10623173.0
1770840000,191.505,191.57,189.95,189.98,16852629.0
1770843600,189.85,190.52,189.48,190.52,1166763.0
1770847200,190.45,190.48,190.05,190.3767,201065.0
1770850800,190.38,190.54,190.28,190.4,279045.0
1770854400,190.4,190.64,190.15,190.62,170874.0
1770858000,190.64,190.72,190.21,190.54,58039.0
1770861600,190.56,190.62,190.34,190.57,27462.0
1770865200,190.56,190.81,190.5,190.59,35601.0
1770868800,190.59,190.96,190.56,190.78,31267.0
1770872400,190.78,190.89,190.69,190.85,24796.0
1770876000,190.85,190.85,190.22,190.52,62267.0
1770879600,190.5,190.98,190.49,190.75,53427.0
1770883200,190.76,191.09,190.47,190.94,48664.0
1770886800,190.87,191.69,190.75,191.51,174437.0
1770890400,191.49,191.59,191.2,191.52,84167.0
1770894000,191.53,192.1,191.52,191.76,174324.0
1770897600,191.75,192.45,191.66,192.14,291078.0
1770901200,191.95,192.68,189.575,192.35,1407009.0
1770904800,192.33,193.61,191.22,191.42,23980602.0
1770908400,191.42,191.98,189.15,189.22,29703197.0
1770912000,189.25,189.8,187.23,189.33,28192353.0
1770915600,189.25,190.53,188.92,189.69,18146359.0
1770919200,189.67,189.96,188.54,189.865,16792823.0
1770922800,189.85,190.0,188.14,188.255,14332815.0
1770926400,188.31,188.525,186.51,186.89,25356116.0
1770930000,186.61,189.6826,186.59,187.82,3059608.0
1770933600,187.94,188.0,187.58,187.99,184373.0
1770937200,187.98,188.4498,187.5,187.99,395907.0
1770940800,187.95,188.4,187.0,187.19,376084.0
1770944400,187.02,187.74,187.02,187.44,57976.0
1770948000,187.49,188.16,187.47,187.83,51299.0
1770951600,187.79,188.0,187.02,187.09,69888.0
1770955200,187.14,187.76,187.07,187.12,42512.0
1770958800,187.11,187.32,186.49,186.75,72976.0
1770962400,186.72,187.1,185.77,186.57,73260.0
1770966000,186.67,187.36,186.61,186.81,49976.0
1770969600,186.86,187.26,186.2,187.12,81226.0
1770973200,186.94,188.29,186.5,187.62,168951.0
1770976800,187.7,188.3,186.8,187.01,117907.0
1770980400,186.96,187.09,186.17,186.85,175186.0
1770984000,186.87,187.4,186.58,186.77,224725.0
1770987600,186.73,188.28,185.78,187.41,2243959.0
1770991200,187.62,188.15,182.26,182.4,31854976.0
1770994800,182.37,185.18,182.18,183.335,30280656.0
1770998400,183.39,184.16,182.79,183.83,16462965.0
1771002000,183.845,184.98,183.66,183.98,12014533.0
1771005600,184.0,184.86,183.46,184.195,10789482.0
1771009200,184.22,184.285,182.83,182.87,11271777.0
1771012800,182.87,183.41,181.59,182.78,27594257.0
1771016400,182.94,183.2,182.73,182.87,2946604.0
1771020000,183.1,183.14,182.85,182.9915,185285.0
1771023600,183.0,183.05,182.81,182.81,120240.0
1771027200,182.9,182.97,182.81,182.88,141455.0
1771290000,184.41,184.41,181.68,182.01,183824.0
1771293600,181.96,182.4,181.49,181.86,93877.0
1771297200,181.84,181.85,180.9,180.94,81121.0
1771300800,180.99,181.49,180.85,181.3,49392.0
1771304400,181.39,181.51,180.7,181.08,37701.0
1771308000,181.1,181.92,181.0,181.84,41439.0
1771311600,181.91,182.14,181.29,182.11,38094.0
1771315200,182.08,182.64,181.59,181.7,79165.0
1771318800,182.1,182.25,181.27,181.99,181098.0
1771322400,182.01,182.1,180.8,180.88,178902.0
1771326000,181.0,181.65,180.45,181.29,230178.0
1771329600,181.29,181.9,181.02,181.06,372519.0
1771333200,181.33,182.64,180.0,181.36,1668652.0
1771336800,181.27,183.42,179.29,179.315,23467470.0
1771340400,179.255,181.96,179.18,181.76,24964211.0
1771344000,181.87,184.6,181.75,184.06,24316572.0
1771347600,184.09,184.9,183.575,184.86,16240845.0
1771351200,184.88,185.945,184.17,185.5,14478138.0
1771354800,185.47,187.15,185.44,185.96,15643021.0
1771358400,185.955,186.21,184.35,185.11,20363022.0
1771362000,187.42,188.5,183.5024,187.39,3994354.0
1771365600,186.8,186.95,186.41,186.7,315186.0
1771369200,186.7,186.74,185.51,185.62,350713.0
1771372800,185.71,186.59,185.6508,186.43,354534.0
1771376400,186.35,186.41,185.98,186.41,41109.0
1771380000,186.39,186.79,186.16,186.74,32535.0
1771383600,186.67,187.29,186.37,187.24,42740.0
1771387200,187.2,187.86,187.09,187.86,60630.0
1771390800,187.83,187.88,187.4,187.45,39788.0
1771394400,187.45,187.54,187.11,187.42,44707.0
1771398000,187.3,187.41,186.79,187.21,66149.0
1771401600,187.19,187.78,187.13,187.72,58378.0
1771405200,187.61,188.66,187.5,188.25,359549.0
1771408800,188.22,188.78,187.84,187.95,160575.0
1771412400,187.98,188.63,187.84,188.43,207236.0
1771416000,188.42,189.25,188.22,188.66,599125.0
1771419600,188.64,189.31,186.89,188.32,1663120.0
1771423200,188.63,189.19,187.35,188.82,25262235.0
1771426800,188.715,190.23,188.7,189.88,28815108.0
1771430400,189.855,190.38,188.73,188.79,15814697.0
1771434000,188.8,189.465,188.66,189.115,12394240.0
1771437600,189.125,189.695,188.2,188.84,12230440.0
1771441200,188.74,189.1299,186.96,187.04,17279468.0
1771444800,187.05,188.51,186.76,187.9,26528621.0
1771448400,187.79,188.6855,187.65,187.82,1086743.0
1771452000,187.75,188.41,187.68,188.33,219937.0
1771455600,188.28,188.5,187.98,188.07,176850.0
1771459200,188.08,188.15,187.79,187.9587,222732.0
1771462800,187.89,188.44,187.75,188.11,34304.0
1771466400,188.15,188.29,187.93,188.14,34954.0
1771470000,188.2,188.36,188.02,188.22,20945.0
1771473600,188.21,188.36,188.05,188.07,26372.0
1771477200,188.08,188.39,187.92,188.36,24805.0
1771480800,188.36,188.95,188.24,188.91,39930.0
1771484400,188.92,189.09,188.7,188.89,39390.0
1771488000,188.89,189.24,188.0,188.2,55221.0
1771491600,188.25,188.41,187.14,187.59,165173.0
1771495200,187.6,187.7,186.95,187.32,144895.0
1771498800,187.32,187.47,187.01,187.34,110717.0
1771502400,187.35,187.7,186.9,187.38,199857.0
1771506000,187.53,189.24,186.9019,187.04,933780.0
1771509600,186.95,187.39,185.66,186.725,16391581.0
1771513200,186.77,188.43,186.37,187.92,22693617.0
1771516800,187.91,187.99,186.44,186.68,16735310.0
1771520400,186.7,187.0,185.79,185.94,13428465.0
1771524000,185.92,186.75,185.85,186.715,10539680.0
1771527600,186.7,187.06,186.33,186.6,11136838.0
1771531200,186.565,187.94,186.545,187.885,15389378.0
1771534800,187.87,188.2,187.21,188.14,4400169.0
1771538400,187.35,187.4986,187.13,187.1713,181151.0
1771542000,187.18,187.55,187.18,187.399,150687.0
1771545600,187.4,188.03,187.17,187.91,341628.0
1771549200,187.52,188.19,187.52,187.72,71089.0
1771552800,187.74,187.95,187.46,187.49,40355.0
1771556400,187.46,187.81,187.44,187.68,26115.0
1771560000,187.68,187.87,187.59,187.62,19843.0
1771563600,187.62,188.11,187.6,188.03,42880.0
1771567200,188.03,188.1,187.87,188.0,35139.0
1771570800,188.0,188.16,187.81,187.84,36470.0
1771574400,187.83,188.04,187.7,187.99,29001.0
1771578000,187.9,188.95,187.89,188.6,155838.0
1771581600,188.62,188.9,188.2,188.21,91665.0
1771585200,188.2,188.2,187.39,187.42,158296.0
1771588800,187.66,187.66,186.7,187.33,270043.0
1771592400,187.31,188.95,186.35,187.41,1137003.0
1771596000,186.3,188.7,185.9378,187.605,21480166.0
1771599600,187.69,190.18,186.58,190.06,37353621.0
1771603200,190.075,190.33,188.57,189.77,24259769.0
1771606800,189.81,189.88,187.62,188.72,21960416.0
1771610400,188.68,189.92,188.15,189.79,19531580.0
1771614000,189.825,190.09,188.94,189.27,13869617.0
1771617600,189.325,190.0,189.195,189.77,19398974.0
1771621200,189.31,189.97,189.3,189.31,1200508.0
1771624800,189.54,190.0,189.52,189.97,414949.0
1771628400,189.97,189.98,189.81,189.86,128320.0
1771632000,189.8554,190.0,189.8,189.9985,193430.0
1771808400,187.42,189.38,187.05,188.05,176835.0
1771812000,188.05,188.3,187.63,188.11,135001.0
1771815600,188.12,188.34,187.87,188.27,56704.0
1771819200,188.26,188.31,188.01,188.15,46494.0
1771822800,188.15,188.18,187.84,188.08,41043.0
1771826400,188.09,188.68,188.06,188.67,49015.0
1771830000,188.65,189.37,188.64,189.06,84564.0
1771833600,189.05,189.21,188.6,189.02,63094.0
1771837200,188.81,190.59,188.79,190.33,382459.0
1771840800,190.36,190.45,189.26,190.11,297616.0
1771844400,190.11,190.14,189.1,189.16,222684.0
1771848000,189.21,189.77,189.18,189.58,306691.0
1771851600,190.23,190.99,187.87,190.7338,1725167.3718959999
1771855200,191.39,193.96,190.45,193.15,30951901.179880995
1771858800,193.1,193.46,190.18,190.24,29606574.169562
1771862400,190.255,191.51,189.575,190.695,22147108.816948
1771866000,190.695,191.28,189.725,191.035,15965232.294645997
1771869600,191.055,191.75,190.78,190.895,14305539.927219994
1771873200,190.93,191.265,190.19,190.47,14087252.958881995
1771876800,190.44,191.66,190.23,191.585,20837949.852399
1771880400,191.62,191.88,191.4,191.48,1673324.1742179997
1771884000,191.74,191.9,191.55,191.63,251051.70826900005
1771887600,191.67,191.88,191.56,191.7,271762.83238800004
1771891200,191.67,191.9998,191.5,191.92,329486.32031899993
1771894800,191.81,192.85,191.78,192.08,142129.0
1771898400,192.1,192.59,192.0,192.47,90317.0
1771902000,192.46,192.97,192.39,192.9,80603.0
1771905600,192.88,193.01,192.69,192.97,86249.0
1771909200,192.98,193.0,192.27,192.67,79595.0
1771912800,192.6,192.98,192.59,192.89,92816.0
1771916400,192.9,193.11,192.79,192.94,90209.0
1771920000,192.94,192.94,192.35,192.57,73356.0
1771923600,192.3,192.99,191.98,192.45,266375.0
1771927200,192.45,192.63,192.17,192.33,126846.0
1771930800,192.37,192.85,192.21,192.29,209960.0
1771934400,192.27,192.28,189.03,190.09,2085956.0
1771938000,190.47,193.1,189.03,190.65,2706998.9709100006
1771941600,191.475,192.07,187.4,189.775,30165527.968146004
1771945200,189.7,192.71,189.56,192.21,25714928.697954
1771948800,192.23,193.35,191.875,192.915,21779939.778798003
1771952400,192.925,193.75,192.79,193.125,16717828.788053
1771956000,193.09,193.43,192.52,192.615,11322591.746509003
1771959600,192.65,193.06,192.155,192.71,13028511.269449001
1771963200,192.72,193.77,192.535,192.865,21568527.916204
1771966800,192.85,192.85,192.0139,192.59,2553252.783975
1771970400,192.6001,192.65,192.46,192.64,236740.37222400008
1771974000,192.6399,192.83,192.48,192.8,268983.448747
1771977600,192.8,193.14,192.7,192.92,333135.26968100003
1771981200,192.98,193.61,192.76,193.47,104215.0
1771984800,193.46,193.63,193.27,193.62,94444.0
1771988400,193.62,193.62,193.08,193.4,80481.0
1771992000,193.39,193.43,193.19,193.29,60034.0
1771995600,193.3,193.4,193.16,193.34,48991.0
1771999200,193.36,193.55,193.32,193.46,58689.0
1772002800,193.46,193.6,193.31,193.6,51530.0
1772006400,193.59,193.79,193.45,193.63,83256.0
1772010000,193.57,193.86,193.38,193.7,184011.0
1772013600,193.75,194.0,193.67,193.99,138459.0
1772017200,193.99,194.68,193.96,194.53,356627.0
1772020800,194.52,194.55,194.06,194.27,512211.0
1772024400,194.45,194.68,193.18,194.43,1912388.0763419995
1772028000,194.48,195.96,193.79,195.87,32031531.016411997
1772031600,195.88,196.56,195.15,196.205,32266618.895128004
1772035200,196.2,197.33,195.81,197.075,26486169.761759996
1772038800,197.08,197.63,196.865,197.065,18522314.547649004
1772042400,197.095,197.17,196.475,196.64,13760044.188812003
1772046000,196.61,197.455,196.61,197.19,18582865.496005
1772049600,197.185,197.24,195.52,195.84,35440042.865774006
1772053200,200.46,203.49,193.79,200.97,25898241.09306
1772056800,201.1,201.71,195.63,197.46,12031410.228524001
1772060400,197.46,197.92,192.7,196.01,6067427.448398999
1772064000,196.0,196.25,194.0799,195.92,2244607.0357580003
1772067600,195.65,196.41,194.99,195.33,325077.0
1772071200,195.32,195.41,194.93,195.23,193651.0
1772074800,195.22,195.54,195.01,195.2,163497.0
1772078400,195.2,195.97,195.18,195.55,133457.0
1772082000,195.51,196.26,195.41,196.14,125336.0
1772085600,196.15,198.2,196.14,198.11,391598.0
1772089200,198.11,198.5,197.57,198.11,397015.0
1772092800,198.12,198.31,197.3,197.59,230220.0
1772096400,197.6,198.99,196.83,198.84,820550.0
1772100000,198.86,198.9,196.5,197.15,720497.0
1772103600,197.2,198.25,196.4,197.72,689063.0
1772107200,197.67,198.75,197.24,197.69,1399762.0
1772110800,197.11,198.99,195.41,197.11,5189049.591516
1772114400,195.11,197.52,188.28,189.47,71081194.91477
1772118000,189.38,189.71,184.58,186.315,79463449.17480803
1772121600,186.285,187.98,185.845,185.88,40960539.193399996
1772125200,185.905,188.12,185.89,186.74,28753651.743063003
1772128800,186.75,186.77,184.82,185.23,32039657.739517
1772132400,185.26,186.7,184.945,185.41,29292225.829066
1772136000,185.375,185.55,184.305,184.87,45452992.095345005
1772139600,184.89,186.1076,184.5,185.3,4277352.711811
1772143200,185.26,185.71,184.85,185.16,1174833.321077
1772146800,185.17,185.28,184.31,185.1588,1047580.0859170003
1772150400,185.1587,185.25,184.8,185.0,635032.0227120001
1772154000,185.15,185.78,184.89,185.22,154977.0
1772157600,185.22,185.66,185.13,185.52,118559.0
1772161200,185.51,185.64,185.44,185.59,76384.0
1772164800,185.6,185.88,185.57,185.76,102671.0
1772168400,185.79,186.34,185.77,186.17,177922.0
1772172000,186.18,186.22,185.5,185.74,118136.0
1772175600,185.75,186.57,185.75,186.5,180543.0
1772179200,186.51,186.56,186.0,186.11,135751.0
1772182800,186.27,186.65,185.68,185.92,338265.0
1772186400,185.89,186.18,185.41,185.65,256236.0
1772190000,185.66,185.73,184.43,184.8,422717.0
1772193600,184.8,184.88,183.5,183.74,922957.0
1772197200,184.07,186.65,181.46,182.17,5826411.970610002
1772200800,182.01,182.5,179.57,179.81,44822770.733281
1772204400,179.795,182.6,179.73,181.53,40159869.23804
1772208000,181.49,181.94,180.13,180.355,24055503.467024997
1772211600,180.33,180.695,179.05,179.765,26555895.894188993
1772215200,179.765,179.82,178.17,178.395,24641779.335268
1772218800,178.38,179.71,178.1,179.37,23607089.960869003
1772222400,179.36,179.41,176.38,177.195,55595202.29095701
1772226000,177.63,178.92,177.0,177.53,7726247.784416001
1772229600,177.47,178.22,177.19,177.98,2603703.998698
1772233200,177.9899,178.05,177.73,178.04,435591.47323599993
1772236800,178.0385,178.18,177.71,177.8,583058.13629
1772413200,174.85,177.41,173.81,176.32,886136.0
1772416800,176.32,176.45,175.39,175.6,412373.0
1772420400,175.61,176.1,175.5,175.56,185050.0
1772424000,175.56,176.11,175.2,175.24,189846.0
1772427600,175.28,175.4,174.29,174.33,320794.0
1772431200,174.34,175.08,173.33,173.97,507124.0
1772434800,173.97,174.29,173.13,173.31,546028.0
1772438400,173.3,174.46,173.1,174.09,423398.0
1772442000,174.19,175.74,174.08,174.22,990529.0
1772445600,174.19,175.0,174.14,174.35,499209.0
1772449200,174.37,176.1,174.37,175.72,779968.0
1772452800,175.81,175.96,173.7,173.97,1603867.0
1772456400,174.29,177.19,173.11,174.83,5360695.848549999
1772460000,174.82,180.15,173.91,179.715,37248744.139272995
1772463600,179.63,181.38,179.05,180.67,34552835.09446101
1772467200,180.67,183.18,180.105,182.63,27985727.656712007
1772470800,182.595,183.46,182.17,182.73,18038010.078302
1772474400,182.76,182.94,182.044,182.07,12601887.277652003
1772478000,182.06,183.05,181.95,182.79,13863240.147685006
1772481600,182.8,182.85,181.64,182.39,26255540.737630013
1772485200,182.45,182.94,181.0,182.32,4986883.177150998
1772488800,182.05,182.48,181.95,182.12,852583.3144109998
1772492400,182.1,182.2,181.7,181.8769,341198.53688499995
1772496000,181.87,181.89,181.4,181.4131,281954.24433200003
1772499600,181.88,181.88,181.01,181.05,100990.0
1772503200,181.03,181.04,179.83,180.43,243789.0
1772506800,180.47,180.61,179.77,180.06,128299.0
1772510400,180.06,180.31,179.63,179.72,92297.0
1772514000,179.73,179.98,179.45,179.5,126114.0
1772517600,179.52,179.88,179.03,179.09,201459.0
1772521200,179.06,179.41,178.42,178.46,237326.0
1772524800,178.47,178.85,176.69,177.01,444845.0
1772528400,176.63,179.87,176.16,176.48,822742.0
1772532000,176.5,177.1,176.0,177.08,585328.0
1772535600,177.08,177.4,176.31,176.95,553318.0
1772539200,176.98,178.61,176.85,178.48,1118876.0
1772542800,177.64,180.0,176.05,177.63,3509391.7707080008
1772546400,177.16,180.53,176.91,178.74,26695402.917465996
1772550000,178.82,180.04,176.92,177.53,32650538.728737
1772553600,177.51,180.65,177.39,180.06,27158667.33096
1772557200,180.03,180.245,178.98,179.59,15338517.164876003
1772560800,179.59,180.9,179.44,180.46,14221137.215908002
1772564400,180.53,180.87,179.15,180.045,16624630.660189
1772568000,180.075,180.575,179.49,180.04,19160461.346183
1772571600,180.05,180.11,179.55,179.58,3874387.864394001
1772575200,179.55,179.78,179.5,179.6298,194523.41778900006
1772578800,179.62,179.88,179.21,179.41,303583.03705600003
1772582400,179.4,180.27,179.32,179.8606,357013.4729820001
1772586000,179.62,180.24,178.3,178.91,122686.0
1772589600,178.91,179.23,177.99,178.3,111211.0
1772593200,178.37,178.37,176.99,177.57,219391.0
1772596800,177.55,177.95,177.52,177.58,119133.0
1772600400,177.58,178.32,177.34,178.12,113393.0
1772604000,178.12,178.57,177.4,178.32,157420.0
1772607600,178.31,179.46,178.04,179.01,127895.0
1772611200,179.01,179.85,178.79,179.47,119447.0
1772614800,179.5,181.47,179.0,181.14,412214.0
1772618400,181.15,183.42,181.07,182.71,694062.0
1772622000,182.69,183.3,181.22,181.49,523870.0
1772625600,181.48,181.98,180.76,181.65,560388.0
1772629200,181.88,183.43,177.35,182.0,2753603.634692999
1772632800,180.37,182.96,180.06,181.0,27993653.018188003
1772636400,181.1,183.65,180.95,182.815,28442684.613904998
1772640000,182.81,183.34,181.79,182.675,17947979.670195997
1772643600,182.7,183.36,182.18,183.0,14360761.593738
1772647200,182.995,184.62,182.385,184.505,19358285.815766998
1772650800,184.565,184.7,183.54,183.81,15830560.592249004
1772654400,183.79,183.86,182.59,182.97,27019610.270867996
1772658000,182.99,183.24,182.51,182.74,4138175.3949969984
1772661600,182.74,183.3391,182.4,183.22,709353.5863339999
1772665200,183.17,183.33,182.79,183.13,287920.33730799996
1772668800,183.1306,183.7499,183.1,183.64,383083.8024700001
1772672400,183.65,183.82,182.08,182.19,153256.0
1772676000,182.19,182.65,182.13,182.42,82352.0
1772679600,182.43,182.52,181.91,182.05,86394.0
1772683200,182.06,182.49,181.95,182.42,74111.0
1772686800,182.41,182.46,181.95,181.98,77825.0
1772690400,181.99,182.74,181.51,182.69,108251.0
1772694000,182.67,182.7,181.7,181.99,113827.0
1772697600,182.03,182.22,181.25,182.08,121973.0
1772701200,182.01,183.42,182.01,182.9,347636.0
1772704800,182.8,183.0,182.45,182.66,142796.0
1772708400,182.7,182.98,182.15,182.23,165147.0
1772712000,182.35,182.7,182.1,182.35,321931.0
1772715600,182.33,183.28,181.27,181.75,1886689.5601069997
1772719200,181.23,182.8,180.8,182.485,22806784.446608998
1772722800,182.505,183.92,180.85,183.91,28858059.01244899
1772726400,183.9,184.06,182.72,182.99,19206842.38297499
1772730000,183.005,183.835,177.88,178.68,33546728.620015003
1772733600,178.675,180.19,178.645,179.97,21544532.533796
1772737200,180.0,181.02,179.8723,180.59,18354385.799275
1772740800,180.55,183.42,180.41,183.305,31864439.894892
1772744400,183.15,183.36,181.5556,183.2,2080510.5368710002
1772748000,182.48,182.52,182.1001,182.3,434838.296904
1772751600,182.34,183.04,182.2,182.44,347733.51374500006
1772755200,182.42,182.76,182.01,182.1,365262.92176100006
1772758800,181.84,182.43,181.79,182.13,96435.0
1772762400,182.13,182.98,182.03,182.5,89785.0
1772766000,182.54,182.76,182.4,182.76,57435.0
1772769600,182.76,182.86,182.47,182.64,64464.0
1772773200,182.64,183.0,182.6,182.7,51870.0
1772776800,182.73,182.93,182.65,182.69,46805.0
1772780400,182.7,183.02,182.65,182.86,62955.0
1772784000,182.87,182.87,182.13,182.73,90062.0
1772787600,182.89,182.89,181.45,181.6,240048.0
1772791200,181.64,182.07,181.57,181.825,116804.0
1772794800,181.8,181.8,180.5,180.8,336580.0
1772798400,180.81,181.32,180.61,180.655,408079.0
1772802000,181.16,183.0,179.6,180.05,2384191.255785
1772805600,178.99,182.34,178.8,181.865,25288464.871053003
1772809200,181.87,182.7561,180.895,181.96,24580715.571425006
1772812800,181.89,182.4571,181.02,182.31,17402844.736189004
1772816400,182.32,182.49,180.52,180.82,15988043.745645
1772820000,180.82,181.825,180.62,180.88,14644041.801985001
1772823600,180.905,181.005,179.89,180.045,14565958.415450003
1772827200,180.04,180.3174,176.8201,177.69,45203738.190485984
1772830800,177.67,177.97,177.4,177.67,6880232.760972999
1772834400,177.8698,178.3,177.76,178.02,442122.24728799996
1772838000,178.0571,178.29,178.02,178.0839,260384.84123700004
1772841600,178.1261,178.21,178.0,178.03,352014.5661579999
1773014400,174.99,176.01,173.61,174.01,575512.0
1773018000,174.01,174.3,173.02,173.07,343522.0
1773021600,173.07,173.63,172.99,173.59,284326.0
1773025200,173.58,174.07,173.57,173.83,176745.0
1773028800,173.8,174.25,173.79,174.14,89169.0
1773032400,174.14,175.59,174.04,175.57,176653.0
1773036000,175.59,176.16,175.02,175.36,184995.0
1773039600,175.36,175.98,174.78,175.45,138046.0
1773043200,175.7,176.37,175.01,175.76,318825.0
1773046800,175.81,177.61,175.45,177.03,398016.0
1773050400,176.94,176.94,175.96,175.99,296356.0
1773054000,176.0,176.58,175.72,176.1,632617.0
1773057600,176.36,177.65,173.8,176.36,1917979.594935
1773061200,176.66,178.1583,175.55,176.9,23496536.911032002
1773064800,176.88,179.35,176.25,178.74,28244311.579384997
1773068400,178.75,180.13,178.65,179.72,17356384.147461
1773072000,179.73,180.91,179.56,180.14,16105505.471970001
1773075600,180.095,180.16,179.02,179.64,12919370.1975
1773079200,179.645,180.49,179.31,179.33,14463203.474117998
1773082800,179.345,182.91,179.29,182.65,36358921.491398
1773086400,182.34,182.85,181.7,182.13,2021031.6541200003
1773090000,181.98,182.0,181.6514,181.82,309108.5408870001
1773093600,181.83,181.93,181.12,181.4478,499798.090686
1773097200,181.45,181.8,181.3,181.35,326905.831747
1773100800,180.21,182.27,180.21,181.89,106397.0
1773104400,181.89,182.73,181.75,182.61,105506.0
1773108000,182.61,182.66,181.54,181.89,73881.0
1773111600,181.81,182.01,181.01,181.61,73905.0
1773115200,181.6,181.85,180.99,181.74,41475.0
1773118800,181.73,182.25,181.7,182.05,44688.0
1773122400,182.06,182.13,181.76,181.95,35524.0
1773126000,181.93,182.88,181.82,182.78,108471.0
1773129600,182.65,184.18,182.31,183.18,433607.0
1773133200,183.18,183.69,183.0,183.07,187852.0
1773136800,183.08,183.12,182.6,182.78,200912.0
1773140400,182.77,183.24,182.11,182.15,433836.0
1773144000,182.0,183.85,181.0,182.1,1583150.0953060004
1773147600,182.43,183.87,181.87,182.72,20232027.188011993
1773151200,182.74,185.71,182.2001,185.46,29779396.712187998
1773154800,185.46,186.44,185.24,185.935,26056017.768525
1773158400,185.895,185.935,185.045,185.62,15364798.049968004
1773162000,185.645,186.23,185.1,185.685,13904871.375332998
1773165600,185.72,185.82,184.09,184.39,18860318.108745
1773169200,184.41,185.03,183.25,184.775,29744043.190195996
1773172800,184.64,185.59,184.63,185.16,2242573.853542001
1773176400,184.92,185.0622,184.72,184.78,244497.326128
1773180000,184.75,184.8,184.45,184.6,265307.9899769999
1773183600,184.6,184.85,184.51,184.7603,228467.230893
1773187200,184.76,185.64,184.69,185.19,78552.0
1773190800,185.19,185.78,185.12,185.7,52932.0
1773194400,185.71,186.12,185.47,185.82,75111.0
1773198000,185.79,186.13,185.76,186.11,42159.0
1773201600,186.1,186.26,185.68,185.88,65477.0
1773205200,185.88,185.96,185.22,185.23,51544.0
1773208800,185.23,185.82,185.07,185.73,43925.0
1773212400,185.73,185.76,184.79,185.33,72240.0
1773216000,185.19,185.82,184.98,185.1,150543.0
1773219600,185.1,185.14,184.15,184.24,150669.0
1773223200,184.2,185.33,184.07,185.25,145638.0
1773226800,185.25,185.65,184.9,185.15,227840.0
1773230400,184.82,186.24,184.06,184.82,1184904.944538
1773234000,185.93,186.99,184.757,186.91,22763801.40040001
1773237600,186.88,187.62,185.8701,186.435,24803366.643064
1773241200,186.465,186.77,184.84,185.615,18689713.318499003
1773244800,185.66,186.07,185.255,185.7,11398915.849243997
1773248400,185.7,185.88,184.45,185.145,12733495.415163001
1773252000,185.12,185.745,184.7134,185.595,10713889.114943001
1773255600,185.61,186.04,185.225,186.0,15673211.072382
1773259200,185.99,186.08,185.45,185.79,708370.5219580003
1773262800,185.52,185.75,185.5005,185.7,572232.620453
1773266400,185.61,185.61,184.7,184.9999,446749.62769800005
1773270000,185.0,185.0,184.05,184.3,500822.5863390001
1773273600,184.53,184.74,183.93,184.48,76922.0
1773277200,184.48,184.75,184.13,184.57,83827.0
1773280800,184.54,184.6,183.59,183.77,91951.0
1773284400,183.77,184.03,183.38,183.65,79266.0
1773288000,183.65,183.98,183.38,183.57,70998.0
1773291600,183.57,184.18,183.55,184.04,55257.0
1773295200,184.05,184.51,183.77,184.51,39405.0
1773298800,184.51,185.06,184.5,185.0,86748.0
1773302400,185.0,185.39,184.45,185.09,145300.0
1773306000,185.0,185.35,184.64,185.23,112664.0
1773309600,185.23,185.3,184.93,185.11,72183.0
1773313200,185.07,185.47,184.9,185.11,198375.0
1773316800,185.02,185.47,183.4,184.6903,2606763.224576001
1773320400,184.13,184.86,182.05,182.35,21191177.21903599
1773324000,182.375,183.23,181.74,182.38,24206794.081893995
1773327600,182.33,184.38,181.79,184.315,19949091.625738997
1773331200,184.355,184.94,183.7,183.995,18247735.268851995
1773334800,184.01,184.58,183.165,183.53,12931179.202137
1773338400,183.595,184.005,182.93,183.09,12142078.20549
1773342000,183.1,183.67,182.7201,183.12,20737612.069486
1773345600,183.12,183.43,182.79,182.87,3000511.6777879987
1773349200,183.17,183.4,182.94,183.0,160955.69701699997
1773352800,183.0,183.4,182.93,183.16,201043.12686799996
1773356400,183.2,183.48,182.9,182.9,256620.04729700004
1773360000,182.98,184.14,182.8,183.65,116079.0
1773363600,183.63,184.08,183.59,183.68,52778.0
1773367200,183.65,183.9,183.4,183.58,33469.0
1773370800,183.58,183.85,183.44,183.75,31166.0
1773374400,183.73,183.79,183.29,183.3,28879.0
1773378000,183.32,183.66,183.3,183.52,18073.0
1773381600,183.53,183.6,182.78,182.84,52476.0
1773385200,182.86,182.96,182.03,182.58,95651.0
1773388800,182.65,183.34,182.06,183.12,153792.0
1773392400,183.21,183.53,183.08,183.36,95992.0
1773396000,183.34,184.07,183.34,183.9,136940.0
1773399600,183.9,184.88,183.85,184.61,443058.0
1773403200,184.0,185.77,182.03,185.1,2436691.865227001
1773406800,184.65,186.09,184.415,184.88,22082158.844336003
1773410400,184.9,185.1,182.01,182.12,27517937.323006995
1773414000,182.085,182.845,180.75,181.085,25398984.881869003
1773417600,181.06,181.76,180.72,181.0,17717009.843809
1773421200,181.13,181.6699,180.45,180.53,12193928.578616003
1773424800,180.51,181.14,180.0,181.005,14610858.639394
1773428400,181.02,181.0399,179.935,180.22,23848958.071754005
1773432000,180.21,180.2726,180.01,180.03,958957.9526789996
1773435600,180.06,180.3,180.06,180.25,267455.0829169999
1773439200,180.26,180.58,180.21,180.33,198853.63394899992
1773442800,180.36,180.39,180.1,180.1982,287932.89281399996
1773619200,180.85,182.11,180.29,181.66,249032.0
1773622800,181.66,181.96,181.32,181.68,150927.0
1773626400,181.68,181.72,181.36,181.45,76865.0
1773630000,181.46,181.86,181.41,181.83,53608.0
1773633600,181.83,181.95,181.69,181.71,56860.0
1773637200,181.68,182.41,181.68,182.38,64368.0
1773640800,182.38,182.65,182.27,182.54,107528.0
1773644400,182.54,182.65,181.75,181.9,117303.0
1773648000,181.83,182.32,181.58,182.04,228835.0
1773651600,182.05,182.3,181.53,181.6,135045.0
1773655200,181.64,182.6,181.58,182.5,295927.0
1773658800,182.45,182.7,182.13,182.7,379632.0
1773662400,183.13,183.92,180.25,183.87,2772528.130688
1773666000,182.68,185.05,182.66,184.485,22816947.194462992
1773669600,184.51,184.549,183.305,184.085,21168489.774154
1773673200,184.115,184.94,183.7,184.15,17704975.961352997
1773676800,184.09,184.55,183.62,184.43,13824912.057611
1773680400,184.445,185.06,184.27,184.49,15444853.564356996
1773684000,184.5,185.53,183.77,183.84,21759436.407417998
1773687600,183.875,188.88,181.41,183.17,79073340.60307497
1773691200,182.84,184.2743,182.27,182.31,3849547.0362879997
1773694800,182.55,182.87,182.27,182.65,809840.7286889999
1773698400,182.65,182.72,182.45,182.6501,386426.34993
1773702000,182.63,182.8,182.53,182.7846,463600.3037690002
1773705600,182.66,183.26,182.3,182.57,136979.0
1773709200,182.57,183.04,182.56,182.75,91902.0
1773712800,182.74,183.04,182.66,182.82,121849.0
1773716400,182.82,182.93,182.7,182.77,68378.0
1773720000,182.76,183.5,182.75,183.42,78893.0
1773723600,183.41,183.67,182.81,182.86,153592.0
1773727200,182.92,183.28,182.5,183.09,143144.0
1773730800,183.1,183.57,182.93,183.33,120032.0
1773734400,183.47,183.72,182.92,183.18,207759.0
1773738000,183.2,183.97,183.1,183.87,203189.0
1773741600,183.85,183.95,183.53,183.68,135384.0
1773745200,183.67,183.76,183.11,183.2,463673.0
1773748800,183.44,184.49,182.5,183.44,2307717.4858510005
1773752400,184.92,185.4,182.96,183.085,27745887.120615996
1773756000,183.145,183.59,181.89,183.02,30890242.709932007
1773759600,183.005,183.21,181.6804,182.18,20625503.951784
1773763200,182.19,183.11,181.74,182.06,20605330.941907987
1773766800,182.07,183.23,182.055,182.965,14711567.290096002
1773770400,182.985,183.48,182.3,182.34,14840058.024491997
1773774000,182.32,182.93,181.81,181.96,23176172.169638004
1773777600,181.97,182.11,181.65,182.05,2634901.3442970016
1773781200,182.04,182.09,181.93,182.0,3195199.726114
1773784800,182.0,182.4,181.9,182.3601,462085.31180599995
1773788400,182.37,182.37,182.13,182.3326,320259.75920900004
1773792000,182.7,182.7,182.15,182.5,83976.0
1773795600,182.49,182.96,182.42,182.89,113547.0
1773799200,182.91,182.99,182.73,182.77,85594.0
1773802800,182.78,183.13,182.7,183.03,83254.0
1773806400,183.02,183.24,182.99,183.2,73770.0
1773810000,183.21,183.56,183.17,183.44,106275.0
1773813600,183.44,183.48,183.28,183.41,119402.0
1773817200,183.41,183.67,183.33,183.48,78298.0
1773820800,183.64,183.72,182.9,183.55,231330.0
1773824400,183.56,183.85,183.45,183.59,160449.0
1773828000,183.6,183.98,183.01,183.22,239494.0
1773831600,183.2,183.66,183.01,183.2,464537.0
1773835200,181.97,183.98,181.56,181.71,2865819.3977099997
1773838800,182.0,182.82,180.72,182.42,22820819.989019003
1773842400,182.485,183.38,181.84,182.75,25460085.76391
1773846000,182.745,183.25,182.26,182.46,18459719.791284997
1773849600,182.45,182.85,182.1,182.465,12938637.308872
1773853200,182.41,182.735,181.815,182.615,11936753.307389
1773856800,182.69,183.15,181.09,181.205,18688784.321580008
1773860400,181.22,181.68,180.33,180.365,24097073.209991995
1773864000,180.4,181.9488,179.91,180.2,3761926.9858769993
1773867600,180.201,180.55,180.17,180.3299,403956.5142489999
1773871200,180.31,180.32,179.76,180.17,478253.752474
1773874800,180.19,180.44,180.14,180.25,341539.128425
1773878400,180.31,180.52,180.1,180.15,79275.0
1773882000,180.15,180.76,180.15,180.58,90886.0
1773885600,180.58,181.26,180.3,180.99,115747.0
1773889200,181.01,181.13,180.54,180.68,55186.0
1773892800,180.65,180.66,180.29,180.49,59776.0
1773896400,180.5,180.67,180.09,180.11,52133.0
1773900000,180.11,180.53,179.99,180.18,67709.0
1773903600,180.19,180.37,179.7,179.82,79729.0
1773907200,179.95,180.42,179.17,179.28,322194.0
1773910800,179.31,180.22,179.01,180.11,249029.0
1773914400,180.08,180.21,179.74,180.04,149163.0
1773918000,180.04,180.19,178.48,178.64,730768.0
1773921600,178.32,180.66,178.08,178.65,2407837.8779309993
1773925200,178.005,178.6,175.785,177.63,31226020.855924003
1773928800,177.67,178.47,177.22,178.205,25834031.59105
1773932400,178.18,179.05,177.665,178.295,19106073.771692995
1773936000,178.245,178.94,178.055,178.155,14614929.313659
1773939600,178.175,178.75,177.56,178.23,12662837.051042998
1773943200,178.23,179.24,178.08,178.65,12985418.933330005
1773946800,178.625,179.98,177.91,178.515,30361089.263598997
1773950400,178.61,179.199,178.39,179.12,1887389.0564869992
1773954000,179.05,179.1,178.91,179.08,1679170.3969019994
1773957600,179.08,179.6,178.86,179.39,389382.5679849999
1773961200,179.4,179.48,179.0,179.17,271500.288673
1773964800,179.65,179.65,179.04,179.15,92923.0
1773968400,179.15,179.46,179.13,179.35,84673.0
1773972000,179.35,179.43,179.2,179.26,52739.0
1773975600,179.26,179.28,179.05,179.11,48632.0
1773979200,179.13,179.18,178.85,178.85,76285.0
1773982800,178.84,179.03,178.74,179.01,49560.0
1773986400,179.0,179.09,178.12,178.15,84896.0
1773990000,178.15,178.75,177.75,178.7,151000.0
1773993600,178.5,179.34,178.49,178.49,151208.0
1773997200,178.52,178.79,177.6,178.05,153163.0
1774000800,178.05,178.11,177.01,177.6,176633.0
1774004400,177.67,177.89,177.5,177.72,273275.0
1774008000,178.2,179.3767,177.01,178.04,1316939.0870250005
1774011600,177.99,179.08,175.84,175.87,32975017.161620997
1774015200,175.85,176.34,175.0,175.83,33237103.062349007
1774018800,175.85,176.25,175.475,175.85,18674080.276288003
1774022400,175.84,176.46,175.4,175.625,13352637.890935004
1774026000,175.65,175.93,174.51,174.925,17345682.055081997
1774029600,174.95,175.01,173.27,173.455,19116389.128747
1774033200,173.46,173.76,171.72,172.905,37579469.719438
1774036800,173.32,177.76,172.7,174.14,6788650.064807997
1774040400,174.11,175.38,173.8,175.08,1249724.1793509992
1774044000,175.07,175.48,174.73,175.16,1098228.377179
1774047600,175.16,175.29,174.82,174.9,436021.61567900004
1774224000,173.25,174.5,171.71,172.0,457391.0
1774227600,172.0,172.98,171.81,172.79,266744.0
1774231200,172.79,172.91,171.99,172.16,144872.0
1774234800,172.18,172.3,171.69,171.7,114302.0
1774238400,171.72,172.21,171.56,172.13,107284.0
1774242000,172.13,172.49,171.6,171.84,108170.0
1774245600,171.84,171.84,170.6,170.71,214650.0
1774249200,170.71,171.25,169.34,170.27,426138.0
1774252800,170.29,172.23,170.29,171.49,618837.0
1774256400,171.5,171.83,170.5,170.96,322395.0
1774260000,170.97,171.58,170.6,171.33,347135.0
1774263600,171.35,179.3,171.05,175.12,3948521.0
1774267200,175.05,178.4396,169.34,177.28,5489047.861251999
1774270800,177.56,177.93,175.87,177.84,27398644.365207
1774274400,177.85,178.2279,176.685,177.65,29553537.284903992
1774278000,177.66,178.37,175.03,175.12,25941501.926574003
1774281600,175.14,175.89,174.76,175.53,19804395.513211
1774285200,175.61,176.22,174.97,176.21,14114391.533071999
1774288800,176.22,176.96,175.84,176.57,13865502.040883003
1774292400,176.575,176.7,175.5,175.595,22408002.829963006
1774296000,175.44,175.95,175.26,175.47,1705106.956756001
1774299600,175.59,175.86,175.5865,175.76,205359.87911799992
1774303200,175.74,176.2,175.66,176.1895,275553.889146
1774306800,176.15,176.19,175.9039,176.0,187393.67758100005
1774310400,177.09,177.09,174.73,174.93,126968.0
1774314000,174.95,174.95,174.01,174.37,122294.0
1774317600,174.35,174.81,174.21,174.52,65559.0
1774321200,174.51,174.82,174.31,174.71,37564.0
1774324800,174.7,175.12,174.64,174.91,44884.0
1774328400,174.93,175.18,174.36,174.84,62479.0
1774332000,174.84,175.95,174.83,175.85,64477.0
1774335600,175.85,176.9,175.81,176.57,152605.0
1774339200,176.49,176.55,175.61,175.72,156787.0
1774342800,175.64,176.01,175.05,175.87,138498.0
1774346400,175.85,176.06,175.64,175.93,93332.0
1774350000,175.97,176.3,175.25,175.88,205661.0
1774353600,174.79,176.89,174.38,174.79,1354389.9684729995
1774357200,174.83,175.9,174.09,174.93,17316391.919255
1774360800,174.95,175.375,173.98,174.76,25666728.26039
1774364400,174.785,176.16,174.78,175.34,19804838.836194005
1774368000,175.37,175.72,174.67,175.11,13314458.211070996
1774371600,175.165,175.38,174.385,175.345,11487704.944683006
1774375200,175.38,176.22,175.06,175.51,13675931.653301999
1774378800,175.515,175.76,174.86,175.31,19777913.037224006
1774382400,175.25,177.55,175.2,177.15,2454929.6270229984
1774386000,177.17,177.199,176.68,176.91,350353.432424
1774389600,176.93,176.99,176.62,176.96,387699.91421000013
1774393200,176.92,176.99,176.75,176.95,271078.320331
1774396800,176.9,178.13,176.83,177.46,184316.0
1774400400,177.44,177.73,177.09,177.14,132326.0
1774404000,177.14,177.15,176.61,176.63,103532.0
1774407600,176.63,177.01,176.49,176.81,80886.0
1774411200,176.83,177.29,176.83,177.27,48962.0
1774414800,177.27,177.41,176.89,176.95,58791.0
1774418400,176.93,176.98,176.49,176.92,57049.0
1774422000,176.9,177.13,176.69,176.97,54071.0
1774425600,176.86,178.04,176.86,177.27,313112.0
1774429200,177.3,177.89,177.18,177.55,171277.0
1774432800,177.56,177.75,177.34,177.53,157496.0
1774436400,177.55,177.99,177.3,177.99,453049.0
1774440000,178.02,178.37,176.5,177.46,2449563.215589
1774443600,177.07,179.84,176.85,178.21,25136504.621679988
1774447200,178.175,181.22,177.89,180.5,35343074.99961399
1774450800,180.5,180.535,179.14,179.365,23614855.555867
1774454400,179.39,179.44,178.73,178.925,14563527.901796998
1774458000,178.95,179.57,178.51,179.015,13690825.086519996
1774461600,178.98,179.32,178.07,178.305,12726449.187151998
1774465200,178.305,179.12,177.825,178.66,18495202.732994
1774468800,178.51,178.68,178.24,178.48,1290284.2689289995
1774472400,178.45,178.46,178.35,178.37,133384.90083199998
1774476000,178.37,178.37,178.1,178.12,195334.867173
1774479600,178.16,178.3107,178.03,178.0474,208877.823276
1774483200,178.21,178.76,178.04,178.29,72438.0
1774486800,178.3,178.51,178.07,178.37,43688.0
1774490400,178.35,178.7,177.39,177.7,95245.0
1774494000,177.7,178.85,177.62,178.4,72595.0
1774497600,178.42,178.5,177.79,177.93,36246.0
1774501200,177.92,178.16,177.31,177.4,74111.0
1774504800,177.4,177.91,177.06,177.7,98566.0
1774508400,177.7,177.77,177.09,177.38,64810.0
1774512000,177.85,177.93,176.63,176.99,209324.0
1774515600,176.95,177.1,176.3,176.73,220982.0
1774519200,176.7,177.1,176.57,176.85,116506.0
1774522800,176.93,177.02,176.2,176.21,267141.0
1774526400,176.27,178.48,176.02,176.27,1337055.3913340005
1774530000,176.135,176.74,175.17,175.69,20267925.476694003
1774533600,175.72,175.87,173.01,173.63,31691115.675032
1774537200,173.655,174.83,173.6,174.635,21084991.83119799
1774540800,174.64,174.735,173.465,173.85,16204450.933137
1774544400,173.845,174.0,171.83,171.96,17791029.283001
1774548000,171.92,172.51,171.915,172.27,18357212.847006995
1774551600,172.29,172.39,171.13,171.225,27548812.901728004
1774555200,172.36,172.69,171.09,171.91,4053495.1476439983
1774558800,172.11,172.5102,172.09,172.2248,370068.21096700005
1774562400,172.19,172.28,172.1,172.23,405426.8443420002
1774566000,172.24,172.27,172.08,172.27,370760.40170900006
1774569600,173.3,173.3,172.06,172.19,117947.0
1774573200,172.19,172.69,172.12,172.58,88829.0
1774576800,172.58,172.66,172.39,172.55,58154.0
1774580400,172.56,172.87,172.38,172.79,59604.0
1774584000,172.79,173.12,172.7,173.07,64330.0
1774587600,173.07,173.8,172.91,172.92,137296.0
1774591200,172.92,173.18,172.49,172.66,90098.0
1774594800,172.72,172.86,172.43,172.76,79575.0
1774598400,172.7,173.05,171.8,171.96,340800.0
1774602000,171.98,172.08,171.3,171.54,255514.0
1774605600,171.55,171.93,170.73,170.98,374937.0
1774609200,171.08,171.5,170.6,171.16,721955.0
1774612800,171.38,173.79,170.58,170.59,2223589.4079199997
1774616400,170.6,170.97,168.16,168.5,32705551.055878002
1774620000,168.195,169.39,167.54,168.67,34442159.04696101
1774623600,168.7,169.94,168.25,169.555,22591519.592952
1774627200,169.53,169.64,168.37,168.855,15496752.908613002
1774630800,168.88,169.27,167.605,167.915,16226798.223238
1774634400,167.9,168.29,167.305,167.49,15948882.357482003
1774638000,167.485,167.94,167.0,167.44,27488445.456331
1774641600,167.45,168.49,167.2,167.45,4593292.147707999
1774645200,167.5,167.5,167.25,167.29,346078.49842599995
1774648800,167.2936,167.2937,167.0,167.0291,399036.42871099996
1774652400,167.03,167.055,166.45,166.6,622826.637219
1774828800,166.59,166.59,164.71,165.64,444977.0
1774832400,165.63,165.89,165.35,165.83,177477.0
1774836000,165.85,166.68,165.67,166.29,133440.0
1774839600,166.31,167.12,166.31,166.75,121507.0
1774843200,166.76,167.58,166.71,167.28,103384.0
1774846800,167.3,167.77,167.19,167.54,124693.0
1774850400,167.52,168.74,167.46,168.12,172864.0
1774854000,168.12,168.45,167.63,167.99,124544.0
1774857600,167.82,169.44,166.73,169.29,1093318.3115819998
1774861200,169.3,169.6,168.83,169.1,397718.9019209999
1774864800,169.0,169.12,168.0,168.24,370864.02811400004
1774868400,168.24,169.5,167.91,168.61,1338937.4869539998
1774872000,168.68,169.32,168.42,169.28,936216.186199
1774875600,169.04,169.45,166.21,166.26,25161343.981198
1774879200,166.285,168.08,166.26,167.94,28259831.585351
1774882800,167.93,168.25,166.54,167.31,21991971.182079
1774886400,167.385,167.41,166.24,166.635,17205035.852384996
1774890000,166.62,166.82,165.58,166.16,16380973.886347003
1774893600,166.175,166.27,165.18,165.28,14047065.787828
1774897200,165.28,165.54,164.27,165.17,30367789.877854
1774900800,165.05,165.36,164.77,165.17,3294211.0115719996
1774904400,165.15,165.17,164.7203,164.88,248276.36673599997
1774908000,164.9,165.17,164.52,164.52,319441.55190400017
1774911600,164.51,164.55,163.5,163.5187,694964.1521079999
1774915200,164.86,165.91,162.94,165.33,300090.0
1774918800,165.28,166.87,164.97,166.26,344754.0
1774922400,166.24,166.67,165.92,166.18,134585.0
1774926000,166.18,166.53,165.86,166.0,87982.0
1774929600,166.0,166.21,165.46,165.63,75245.0
1774933200,165.63,166.35,165.2,166.05,107257.0
1774936800,166.03,166.19,165.74,166.01,74344.0
1774940400,166.06,166.67,165.66,166.62,125000.0
1774944000,166.24,167.25,165.2,166.62,720859.3852150001
1774947600,166.6,166.98,166.37,166.51,146508.022343
1774951200,166.61,166.74,165.84,166.07,202753.643448
1774954800,166.07,167.56,165.82,167.3002,1092128.4836650002
1774958400,167.64,168.13,167.0,167.56,1381716.2070160003
1774962000,167.56,170.16,166.81,170.1,24412961.984473
1774965600,170.14,171.38,169.21,170.03,32284418.376497008
1774969200,170.075,170.75,169.795,169.86,19106527.916417003
1774972800,169.825,173.88,169.755,172.955,30066338.885670003
1774976400,172.87,173.89,172.28,172.45,24239576.357728988
1774980000,172.55,174.01,172.4201,173.73,18163638.114212006
1774983600,173.69,174.62,173.57,174.42,32168520.545751996
1774987200,174.35,174.85,174.06,174.29,3173876.483613
1774990800,174.27,174.4,173.75,173.93,444993.0675659999
1774994400,173.85,174.5884,173.7519,174.25,509536.7501069999
1774998000,174.26,174.97,174.15,174.97,434376.1061930001
1775001600,174.7,175.4,174.66,175.25,171029.0
1775005200,175.25,175.26,174.37,174.56,120715.0
1775008800,174.56,174.89,174.45,174.6,66338.0
1775012400,174.6,175.06,174.57,174.97,61849.0
1775016000,174.98,175.47,174.96,175.25,90104.0
1775019600,175.25,175.96,175.19,175.78,165397.0
1775023200,175.76,176.98,175.74,176.9,311591.0
1775026800,176.91,176.98,176.04,176.1,193396.0
1775030400,176.3,176.97,174.8,175.64,1600046.7043120004
1775034000,175.62,175.7,174.8,175.43,263091.53079099994
1775037600,175.36,176.09,175.31,175.7,277352.404578
1775041200,175.68,177.3,174.4,176.87,1524489.1246069996
1775044800,176.78,177.2,174.4,175.67,1868343.6735440001
1775048400,175.44,176.78,174.75,175.88,26650184.234580997
1775052000,175.9,176.705,175.505,176.685,26072475.366119
1775055600,176.685,177.27,176.39,177.1,18314528.458077002
1775059200,177.1,177.37,176.61,176.65,13571343.757928003
1775062800,176.645,177.09,175.8501,175.96,11594470.362831997
1775066400,175.945,176.03,174.795,175.475,17119428.163137004
1775070000,175.47,176.32,175.395,175.8,20906432.494604006
1775073600,175.7,176.1451,175.56,175.74,3309416.0573629993
1775077200,175.7447,175.98,175.7447,175.85,234912.31948800004
1775080800,175.85,176.65,175.76,176.2218,397260.4616779998
1775084400,176.16,176.45,176.04,176.07,190374.80530999997
1775088000,176.2,176.76,175.6,176.61,139420.0
1775091600,176.64,176.64,172.2,172.43,812144.0
1775095200,172.4,172.58,171.64,172.43,397858.0
1775098800,172.4,172.42,171.55,171.59,208387.0
1775102400,171.59,171.76,171.34,171.38,186624.0
1775106000,171.38,171.86,170.89,171.16,202326.0
1775109600,171.15,171.96,171.02,171.86,199217.0
1775113200,171.89,172.29,171.3,172.26,172365.0
1775116800,172.14,172.75,170.9,171.655,1142145.2247340002
1775120400,171.69,171.95,171.55,171.77,162617.84587300004
1775124000,171.7,171.76,171.1,171.75,338877.21296499996
1775127600,171.78,171.96,170.33,170.33,1238383.6689059993
1775131200,170.3,171.34,170.21,171.22,1246018.976795
1775134800,170.68,174.18,170.5,174.06,26229447.708997995
1775138400,174.075,176.7,173.62,176.345,29461510.208218
1775142000,176.3,177.15,175.765,176.515,17809703.986886002
1775145600,176.51,176.85,175.72,176.37,11483508.34623
1775149200,176.39,176.92,176.1101,176.38,8663513.152758002
1775152800,176.405,177.15,176.385,176.835,9982577.166796003
1775156400,176.9,177.49,176.84,177.305,18619088.392502
1775160000,177.39,177.49,176.99,177.05,2999053.4831839995
1775163600,177.01,177.39,176.75,176.9,267899.379599
1775167200,176.94,177.0,176.7,176.73,196908.263837
1775170800,176.74,176.85,176.63,176.6999,275363.3202920001
1775433600,176.98,177.31,175.1,177.24,234174.0
1775437200,177.27,177.35,176.85,176.95,98110.0
1775440800,176.92,178.23,176.8,177.4,189795.0
1775444400,177.44,177.49,176.61,177.41,78658.0
1775448000,177.42,177.73,177.29,177.52,50597.0
1775451600,177.52,177.7,177.03,177.15,51227.0
1775455200,177.13,177.72,177.05,177.52,65611.0
1775458800,177.54,178.28,177.11,178.11,73512.0
1775462400,177.8,179.15,177.04,178.87,669226.4348589998
1775466000,178.76,179.0,178.22,178.325,143791.80504900002
1775469600,178.3,178.4,177.41,177.78,224291.08332900004
1775473200,177.73,178.14,177.5,178.07,508655.160973
1775476800,178.08,178.11,177.6,177.612,479068.2257219999
1775480400,177.71,177.79,175.76,177.06,17989679.515313003
1775484000,176.96,177.35,175.99,176.6,20857277.835646998
1775487600,176.585,177.61,176.415,177.435,11516887.645954996
1775491200,177.435,177.485,176.865,176.975,8964043.247969002
1775494800,177.005,177.14,176.045,176.605,10722083.320127998
1775498400,176.6,177.325,176.445,177.18,9115921.494145
1775502000,177.22,177.68,177.03,177.58,13019610.880678004
1775505600,177.64,177.64,177.33,177.47,864820.42785
1775509200,177.49,177.6,177.03,177.27,266405.3684280001
1775512800,177.24,177.3509,176.79,176.83,214207.924115
1775516400,176.82,177.0,176.73,176.73,163981.19866299996
1775520000,177.01,177.21,176.2,176.81,55600.0
1775523600,176.79,176.79,175.63,175.68,67440.0
1775527200,175.7,176.23,175.63,176.21,84494.0
1775530800,176.23,176.4,175.99,176.26,31670.0
1775534400,176.27,176.58,176.02,176.49,36635.0
1775538000,176.49,176.6,176.09,176.28,41078.0
1775541600,176.25,176.5,176.14,176.43,37037.0
1775545200,176.46,176.54,176.17,176.54,21515.0
1775548800,176.6,177.43,176.05,177.0,455724.876324
1775552400,177.0,177.08,176.6722,176.75,186387.15932400004
1775556000,176.77,176.87,175.2,175.6,511831.49995099986
1775559600,175.65,175.92,175.35,175.53,467279.97225399996
1775563200,174.93,175.65,174.8,175.26,1002423.9099200001
1775566800,175.81,176.99,175.01,175.385,15716732.667350003
1775570400,175.36,175.63,174.24,174.265,21965710.025399998
1775574000,174.23,175.48,173.66,175.225,15758334.147369
1775577600,175.24,175.9499,174.965,175.53,12271219.054953998
1775581200,175.52,176.18,175.3105,175.775,10629890.457853999
1775584800,175.805,176.07,174.98,175.24,9625503.480589999
1775588400,175.23,178.23,175.11,178.12,23799661.180391002
1775592000,177.87,178.48,177.8,177.91,2107897.599298999
1775595600,178.3,178.7,178.15,178.67,512074.69781999994
1775599200,178.67,182.44,177.54,182.41,2859916.411439
1775602800,182.42,183.66,182.0,183.2601,3345225.968031
1775606400,183.0,183.81,182.62,183.05,347500.0
1775610000,183.05,183.32,182.85,183.12,204243.0
1775613600,183.11,183.41,183.1,183.39,129357.0
1775617200,183.39,183.42,183.01,183.18,136363.0
1775620800,183.17,183.7,183.16,183.4,141929.0
1775624400,183.41,184.03,183.33,184.0,226167.0
1775628000,184.0,184.11,183.32,183.55,198326.0
1775631600,183.58,183.93,183.3,183.65,191190.0
1775635200,183.77,184.89,183.18,184.72,1705783.7102400006
1775638800,184.78,185.03,184.46,184.57,548556.1682349999
1775642400,184.55,185.21,184.35,184.375,569865.1076539998
1775646000,184.35,184.89,183.77,184.3394,2098946.308486
1775649600,184.46,184.81,184.05,184.49,1493813.73956
1775653200,184.5,185.26,182.58,182.62,30468621.691744007
1775656800,182.6,182.8,180.3,180.885,26694786.807343997
1775660400,180.9,181.92,180.88,181.68,15181352.658510998
1775664000,181.645,182.03,181.29,181.61,10165459.936113996
1775667600,181.6,181.865,181.29,181.75,8804007.295838999
1775671200,181.7,182.18,181.1,181.175,11458975.665478999
1775674800,181.155,182.3,181.1,182.12,17312738.364239
1775678400,181.94,182.15,181.5,181.82,1222491.1377130002
1775682000,181.74,181.7413,181.5,181.53,171457.45850599997
1775685600,181.51,181.64,181.0,181.09,300561.7000170001
1775689200,181.09,181.22,180.85,180.9499,218338.10345300002
1775692800,181.41,181.42,180.36,180.43,90467.0
1775696400,180.46,180.85,180.12,180.85,95729.0
1775700000,180.85,181.08,180.67,180.9,68390.0
1775703600,180.92,180.96,180.43,180.59,29663.0
1775707200,180.59,180.66,180.34,180.41,32994.0
1775710800,180.39,180.75,180.19,180.51,50888.0
1775714400,180.51,180.71,180.46,180.65,47170.0
1775718000,180.66,180.7,180.09,180.38,73569.0
1775721600,182.0,182.0,180.0,180.47,416139.932247
1775725200,180.44,180.93,180.37,180.92,88914.85823
1775728800,180.93,180.97,180.5,180.52,152825.83001399995
1775732400,180.55,181.34,180.51,181.27,487913.896384
1775736000,181.25,182.08,180.8708,181.23,551279.94794
1775739600,182.02,182.3,180.62,181.47,15767438.743449
1775743200,181.49,182.76,181.29,182.485,18308073.157430995
1775746800,182.535,183.58,182.36,183.41,16352740.727886003
1775750400,183.45,183.96,183.1,183.49,11645146.012213
1775754000,183.5,183.9,183.16,183.55,9475365.359618997
1775757600,183.555,183.695,182.92,183.51,8735396.095835999
1775761200,183.495,184.09,183.44,183.89,16111648.976665001
1775764800,183.73,183.95,183.46,183.73,4118037.199436999
1775768400,183.68,183.75,183.47,183.52,156909.41978700002
1775772000,183.5,183.7,183.2,183.2,161580.16828200006
1775775600,183.21,183.37,182.9,183.05,266702.02806300006
1775779200,183.21,183.68,183.01,183.53,80222.0
1775782800,183.56,183.78,183.45,183.64,61306.0
1775786400,183.64,183.69,183.38,183.54,33210.0
1775790000,183.54,183.68,183.4,183.49,29304.0
1775793600,183.49,183.56,183.23,183.29,31897.0
1775797200,183.29,183.62,183.19,183.23,64662.0
1775800800,183.25,183.33,182.92,183.05,75226.0
1775804400,183.03,183.2,182.82,182.95,47155.0
1775808000,183.0,183.61,182.5397,182.61,480155.43096499983
1775811600,182.69,183.29,182.36,182.81,233548.136559
1775815200,182.85,183.26,182.68,183.11,99411.980258
1775818800,183.08,183.749,183.06,183.37,514960.97915299993
1775822400,183.56,184.24,183.3115,184.17,866822.7592629998
1775826000,184.49,187.92,183.88,187.12,25991436.854747
1775829600,186.91,188.945,186.31,188.87,30244490.529924
1775833200,188.87,190.0,188.155,188.43,26732403.699209005
1775836800,188.44,188.785,187.93,188.505,13429784.135152001
1775840400,188.525,188.7699,187.96,188.66,10513552.55667
1775844000,188.655,189.0,188.3,188.795,10861866.794354
1775847600,188.78,189.75,188.1,188.6,23172146.356283
1775851200,188.61,189.0,188.4,188.64,1057897.0274570005
1775854800,188.73,188.73,188.34,188.4,194353.071232
1775858400,188.4261,188.4261,188.17,188.18,166675.37072599996
1775862000,188.19,188.44,188.1165,188.37,253248.20537399998
1776038400,188.37,188.37,183.0,185.48,476282.0
1776042000,185.48,186.43,185.42,186.03,247464.0
1776045600,186.04,186.06,185.25,185.35,110216.0
1776049200,185.35,185.47,185.03,185.26,71866.0
1776052800,185.25,185.7,185.14,185.52,66058.0
1776056400,185.52,185.77,185.31,185.66,79508.0
1776060000,185.66,186.06,185.47,185.85,149377.0
1776063600,185.85,186.12,185.51,185.85,129919.0
1776067200,185.8,186.35,185.14,186.31,837346.8040920002
1776070800,186.36,186.69,186.22,186.27,159350.67986200005
1776074400,186.24,186.67,185.82,186.57,209859.66365799998
1776078000,186.57,186.8,185.59,185.68,1104415.9768130006
1776081600,185.66,186.21,185.46,185.66,703205.090769
1776085200,186.0,188.05,185.65,188.05,21437641.120025
1776088800,188.02,189.64,187.62,189.35,21163566.644997
1776092400,189.36,189.67,188.0,188.25,16806979.511723995
1776096000,188.27,188.62,187.85,188.345,12595706.54209
1776099600,188.39,188.65,187.98,188.095,9683808.631158
1776103200,188.11,188.735,187.97,188.555,9714489.564453002
1776106800,188.545,189.46,188.39,189.24,18206369.535122
1776110400,189.33,189.5,188.3,189.49,2091622.123932999
1776114000,188.961,189.17,188.76,189.04,198242.85894999994
1776117600,188.99,189.27,188.96,189.26,221372.558542
1776121200,189.25,189.36,189.0065,189.05,223010.22252699995
1776124800,189.15,189.24,188.84,188.94,73272.0
1776128400,188.94,188.95,188.76,188.88,53175.0
1776132000,188.88,189.18,188.81,189.04,60622.0
1776135600,189.03,189.04,188.81,188.95,41085.0
1776139200,188.95,189.14,188.91,189.09,32591.0
1776142800,189.09,189.32,189.03,189.22,58759.0
1776146400,189.22,189.48,189.06,189.43,75686.0
1776150000,189.4,190.22,189.37,189.81,140798.0
1776153600,190.0,190.2,188.92,189.94,559790.1560540001
1776157200,189.96,190.0,189.73,189.79,160752.04127799996
1776160800,189.77,189.9,189.36,189.46,139656.17774999997
1776164400,189.485,190.72,189.44,190.5175,1001732.0895289999
1776168000,190.44,190.87,190.16,190.44,960779.01623
1776171600,190.99,193.31,190.0,192.235,28846911.347540002
1776175200,192.24,193.475,191.455,193.32,21554384.926024
1776178800,193.3,194.3899,192.66,194.03,20273600.530383
1776182400,194.025,194.94,193.995,194.55,15002036.88634501
1776186000,194.565,195.0,194.34,194.785,10987101.296806997
1776189600,194.8,194.95,194.39,194.94,9522107.024367997
1776193200,194.93,196.5,194.89,196.5,30751252.727320004
1776196800,196.5,196.91,193.986,196.5,2493663.2742919996
1776200400,196.35,196.47,195.61,195.8079,546491.7161989999
1776204000,195.8,196.15,195.62,195.83,269573.76198400004
1776207600,195.84,196.25,195.83,196.25,311330.906335
1776211200,196.37,196.37,195.71,195.77,84642.0
1776214800,195.76,195.97,195.69,195.92,72658.0
1776218400,195.91,196.0,195.41,195.52,73469.0
1776222000,195.53,195.72,195.5,195.65,35643.0
1776225600,195.65,195.82,195.49,195.57,38733.0
1776229200,195.54,195.97,195.07,195.1,138503.0
1776232800,195.17,195.51,195.03,195.37,61377.0
1776236400,195.39,195.7,195.35,195.62,69234.0
1776240000,195.67,196.24,195.04,196.0,565204.7346160001
1776243600,196.0,196.03,194.88,195.04,236383.04904
1776247200,195.03,195.86,194.75,195.73,398470.35920100013
1776250800,195.74,196.64,195.7,196.0804,910439.3612860002
1776254400,195.99,196.08,195.4,195.62,641787.0602960002
1776258000,195.62,198.68,195.39,198.53,27512670.131672002
1776261600,198.63,199.88,198.2201,199.34,29037948.98880001
1776265200,199.37,200.4,199.32,199.695,26979461.832379
1776268800,199.67,199.765,196.14,197.07,21763466.601995
1776272400,197.05,197.71,196.17,196.24,15347829.386919001
1776276000,196.175,197.525,195.74,197.305,15487262.157415997
1776279600,197.28,199.18,197.15,198.85,24423437.896124005
1776283200,198.51,199.25,197.86,198.46,3056753.9207409974
1776286800,198.3,198.39,198.2,198.21,166164.624672
1776290400,198.18,198.48,198.12,198.41,224394.717744
1776294000,198.46,198.69,198.34,198.5,213931.95800900002
1776297600,198.22,199.17,198.22,199.12,98742.0
1776301200,199.11,199.22,198.91,198.94,67021.0
1776304800,198.96,199.12,198.66,198.88,50521.0
1776308400,198.86,199.22,198.84,199.06,46884.0
1776312000,199.05,199.24,198.96,199.08,41963.0
1776315600,199.09,199.84,198.94,199.73,106328.0
1776319200,199.72,200.22,199.72,199.94,167952.0
1776322800,199.94,200.07,199.7,199.86,95847.0
1776326400,199.85,200.22,198.95,199.6664,790630.7238779997
1776330000,199.63,199.84,199.55,199.6,146133.04906900003
1776333600,199.55,199.65,196.8,197.76,848838.2920489999
1776337200,197.76,198.32,197.5,197.905,980990.0662000001
1776340800,197.81,198.22,197.42,197.52,743795.5500780001
1776344400,197.75,198.1,195.81,196.71,20542271.3735
1776348000,196.71,198.755,196.41,198.665,19975186.046807
1776351600,198.685,199.85,198.4003,199.0,18575094.34042499
1776355200,198.985,199.22,197.75,198.33,11803643.664527003
1776358800,198.365,198.73,197.8,198.195,11313160.822806997
1776362400,198.215,198.4,197.3,198.115,12045508.968921997
1776366000,198.115,198.8,198.025,198.27,18968199.410098996
1776369600,198.26,198.9528,197.79,197.97,883308.160104
1776373200,197.94,197.97,197.65,197.66,126995.83635399996
1776376800,197.67,198.05,197.67,197.8901,148043.678628
1776380400,197.8998,198.0,197.71,197.9,128567.64167900002
1776384000,198.33,198.33,197.64,198.23,45493.0
1776387600,198.23,198.32,198.05,198.19,35732.0
1776391200,198.19,198.24,197.79,197.93,35804.0
1776394800,197.91,197.94,197.77,197.77,36279.0
1776398400,197.77,197.94,197.71,197.84,23831.0
1776402000,197.83,198.06,197.62,198.02,42789.0
1776405600,198.04,198.09,197.67,197.91,33980.0
1776409200,197.91,198.36,197.9,198.36,46550.0
1776412800,198.28,198.65,197.63,198.62,339803.23756499996
1776416400,198.58,198.75,198.36,198.73,97172.439828
1776420000,198.72,198.92,198.53,198.595,118291.55048000002
1776423600,198.595,199.0,198.58,198.8,419235.980493
1776427200,199.43,200.69,198.8,200.66,1690992.3640679996
1776430800,200.81,201.6545,198.53,201.15,35880746.464779995
1776434400,201.18,201.68,199.7957,200.31,26478893.97700901
1776438000,200.28,201.4,200.12,200.405,15337498.430303004
1776441600,200.43,201.09,200.23,200.735,15908403.428871999
1776445200,200.73,200.85,199.46,200.305,12955579.405032005
1776448800,200.33,201.0,200.3,200.85,10677542.826296998
1776452400,200.875,201.71,200.73,201.68,18801338.313216
1776456000,201.55,201.88,200.689,201.5,1155585.8693269996
1776459600,201.41,201.44,201.19,201.26,186147.57972600003
1776463200,201.2587,201.2587,201.0,201.12,183616.91729900002
1776466800,201.0987,201.11,200.91,200.98,191694.939753
1776643200,200.12,200.13,198.11,199.0,286349.0
1776646800,199.03,200.12,199.01,200.03,191996.0
1776650400,200.05,200.11,199.25,199.35,121210.0
1776654000,199.36,199.45,199.14,199.18,65624.0
1776657600,199.18,199.31,198.92,199.24,66541.0
1776661200,199.23,199.29,198.37,198.66,143374.0
1776664800,198.67,199.37,198.67,199.27,146578.0
1776668400,199.29,199.57,198.84,199.16,121295.0
1776672000,199.1,199.55,198.35,199.01,877930.662718
1776675600,199.045,199.4,198.95,199.0,179748.95067799996
1776679200,199.0,199.61,198.99,199.43,208720.80533000003
1776682800,199.46,199.99,199.39,199.63,585740.774384
1776686400,199.88,201.176,199.5217,200.29,746727.5074959998
1776690000,200.26,200.53,198.42,200.245,19076574.126986
1776693600,200.26,200.34,198.37,198.55,18952834.372337997
1776697200,198.6,199.34,197.8397,198.655,16897636.351307005
1776700800,198.58,199.58,198.5701,199.28,9172698.300233997
1776704400,199.295,200.15,199.13,199.935,10631629.035961999
1776708000,199.985,200.95,199.9502,200.77,11773609.144194001
1776711600,200.82,202.17,200.74,202.11,17694204.410685003
1776715200,201.99,202.38,200.0422,202.19,1774957.6539249998
1776718800,201.92,201.99,201.5,201.65,399729.44969000004
1776722400,201.66,201.99,201.63,201.95,204640.39461899994
1776726000,201.93,201.94,201.6152,201.7,172648.32899
1776729600,201.66,202.14,201.52,201.94,77316.0
1776733200,201.95,202.01,201.64,201.66,27718.0
1776736800,201.66,201.72,201.52,201.53,39700.0
1776740400,201.54,201.77,201.52,201.73,27891.0
1776744000,201.73,201.87,201.55,201.64,28963.0
1776747600,201.67,201.86,201.65,201.78,27676.0
1776751200,201.78,202.05,201.78,202.0,59695.0
1776754800,202.01,202.01,201.82,201.86,30360.0
1776758400,202.0,202.05,201.56,201.91,361723.15580800007
1776762000,201.9,201.94,201.76,201.91,82706.515559
1776765600,201.91,202.42,201.91,202.2151,175208.300825
1776769200,202.24,202.92,202.2,202.83,816139.1466640002
1776772800,202.83,202.97,202.32,202.32,671498.3778470001
1776776400,202.31,202.75,200.84,201.46,15489455.751160001
1776780000,201.5,202.49,201.05,201.135,15586124.288068997
1776783600,201.14,201.69,200.5709,200.72,11855863.835784003
1776787200,200.82,200.89,199.72,199.945,11054766.040833998
1776790800,199.945,200.38,199.0,199.595,11300926.849012995
1776794400,199.62,200.88,199.47,200.64,9332374.102378
1776798000,200.66,201.16,199.18,199.82,16751901.061334
1776801600,199.72,201.0,199.56,200.78,2447581.4067670004
1776805200,200.44,200.6009,200.13,200.3267,176266.30905100002
1776808800,200.35,200.6,200.3,200.3919,115160.37882700001
1776812400,200.4074,200.75,200.4,200.7003,298466.12513099995
1776816000,200.6,201.33,200.52,200.96,53773.0
1776819600,200.96,201.25,200.96,201.19,35253.0
1776823200,201.2,201.25,200.87,200.9,37431.0
1776826800,200.91,201.08,200.88,200.98,22399.0
1776830400,200.96,201.03,200.74,200.76,13071.0
1776834000,200.76,201.4,200.75,201.32,36212.0
1776837600,201.32,201.32,201.06,201.21,40413.0
1776841200,201.2,201.4,201.16,201.26,36902.0
1776844800,200.82,201.294,200.82,201.05,320651.2564519999
1776848400,201.05,201.281,200.909,200.997,92140.553124
1776852000,200.998,201.099,200.827,201.033,117869.522825
1776855600,201.034,201.274,200.861,200.88,342930.634859
1776859200,201.13,201.405,200.534,200.93,845913.2606949997
1776862800,201.0,201.08,199.49,199.84,14482886.990836998
1776866400,199.86,201.51,199.35,201.19,18987139.647898998
1776870000,201.215,201.87,200.935,201.22,12030905.510832
1776873600,201.29,201.415,200.92,201.125,6607351.318606
1776877200,201.145,202.415,201.127,202.28,11233220.624749001
1776880800,202.255,202.485,201.52,201.59,9693542.378998002
1776884400,201.6,202.5,201.24,202.43,16976862.816734
1776888000,202.48,202.53,202.031,202.16,1190658.2246919998
1776891600,202.195,202.521,202.19,202.366,322092.50464799994
1776895200,202.366,202.513,202.14,202.175,196949.34832599995
1776898800,202.175,202.309,202.095,202.252,190147.10992000002
1776902400,201.89,202.79,200.2,201.84,103413.0
1776906000,201.82,201.89,201.17,201.24,53649.0
1776909600,201.24,201.3,200.51,200.57,53171.0
1776913200,200.57,200.72,200.1,200.15,68590.0
1776931200,202.254,202.254,200.74,200.83,462605.6805059997
1776934800,200.83,200.921,200.544,200.69,112879.78422899997
1776938400,200.69,201.335,200.6,201.232,133047.191727
1776942000,201.234,202.17,201.234,202.075,522791.427641
1776945600,202.069,202.693,201.991,202.106,1058326.1855660002
1776949200,202.108,203.773,201.19,203.066,16073083.781173002
1776952800,203.062,203.182,201.658,202.561,16686457.479514
1776956400,202.562,203.089,201.211,201.467,12002826.445356
1776960000,201.475,201.877,200.987,201.506,9385688.849274002
1776963600,201.508,201.613,197.294,198.889,19263731.623924
1776967200,198.885,199.632,198.365,198.382,9438616.091666004
1776970800,198.377,199.675,198.239,199.625,12396957.938023
1776974400,199.621,199.969,198.751,198.807,1446613.067102
1776978000,198.806,199.005,198.656,198.825,342487.79482599994
1776981600,198.825,199.455,198.8,199.173,323167.13087999984
1776985200,199.174,199.519,199.035,199.499,257931.05995499998
1777017600,199.582,200.267,199.582,199.76,470667.1877390001
1777021200,199.76,199.85,199.35,199.375,178212.89619
1777024800,199.375,199.85,199.16,199.622,273265.186917
1777028400,199.624,201.735,199.624,200.888,1436140.645832001
1777032000,200.889,201.206,200.264,200.635,1139658.9736290001
1777035600,200.636,203.157,199.82,202.101,23064640.802493997
1777039200,202.091,208.805,202.021,208.703,39666724.587032005
1777042800,208.712,209.88,207.977,209.117,40835740.37600698
1777046400,209.119,210.891,208.379,209.686,28961738.170939
1777050000,209.683,210.015,209.049,209.29,14333030.644773003
1777053600,209.301,209.377,207.735,208.211,15977861.774076
1777057200,208.218,209.242,207.597,208.247,26066030.339952003
1777060800,208.244,208.586,207.939,208.069,1879899.373033
1777064400,208.068,208.075,207.755,207.828,247199.28099400003
1777068000,207.829,207.955,207.805,207.935,167283.049478
1777071600,207.935,208.376,207.926,208.102,233161.114403
1777276800,208.101,209.191,208.101,208.699,929867.8502849998
1777280400,208.701,209.894,208.615,209.807,287420.846248
1777284000,209.812,210.598,209.812,210.266,635029.5877139999
1777287600,210.265,212.03,210.198,211.632,2444698.2003440005
1777291200,211.631,211.631,209.999,210.23,1406904.7763629998
1777294800,210.235,211.755,208.49,210.382,28954770.846884996
1777298400,210.378,210.65,207.445,209.301,23691262.689697
1777302000,209.322,210.833,209.071,210.571,14389864.003572004
1777305600,210.587,213.552,210.587,212.736,23476842.452539
1777309200,212.739,215.328,212.739,215.141,22923370.643248003
1777312800,215.14,216.34,214.852,215.129,23253189.745022
1777316400,215.12,216.76,215.095,216.567,25650509.897516996
1777320000,216.567,217.571,216.48,217.142,3068196.843352
1777323600,217.141,217.565,217.135,217.337,552790.1285529999
1777327200,217.336,217.99,217.289,217.967,717831.3472719998
1777330800,217.966,218.785,217.962,218.716,1031360.5615819996
1777334400,218.72,218.738,218.72,218.738,0.0
1777363200,218.247,218.247,214.525,215.627,1351197.8431479994
1777366800,215.628,215.658,212.676,212.952,1091338.502435
1777370400,212.95,213.626,212.396,213.621,693904.6301110004
1777374000,213.621,214.138,209.774,209.999,5247239.8296449995
1777377600,210.015,210.269,208.794,210.233,3691764.084765999
1777381200,210.234,212.539,208.677,212.201,30370537.307240006
1777384800,212.205,213.59,208.422,209.735,32660897.377450004
1777388400,209.741,210.164,208.627,209.721,19839322.381841
1777392000,209.728,210.855,209.371,210.695,14641333.951024003
1777395600,210.696,211.753,210.187,211.753,11873896.017645
1777399200,211.756,214.016,211.683,214.016,16581270.333311
1777402800,214.025,214.699,213.07,213.071,23216395.390575
1777406400,213.085,213.564,212.399,212.53,3024167.6459560012
1777410000,212.53,212.668,212.316,212.378,306460.407592
1777413600,212.378,212.602,212.156,212.333,278561.369649
1777417200,212.334,212.679,212.173,212.616,274706.531743
1777420800,212.614,212.614,212.612,212.612,0.0
1777449600,212.734,213.476,212.545,213.056,559833.5991180001
1777453200,213.06,213.455,212.806,213.247,151699.13416899997
1777456800,213.246,214.423,213.11,213.78,295347.260734
1777460400,213.78,214.378,213.504,213.778,852444.816061
1777464000,213.778,213.778,213.006,213.116,743279.062076
1777467600,213.117,213.71,210.376,210.877,16114201.078444999
1777471200,210.862,211.903,209.829,211.294,19078716.903774
1777474800,211.302,211.375,210.244,210.673,12408983.446975002
1777478400,210.67,211.197,208.613,208.857,13552929.703603996
1777482000,208.868,209.72,208.685,209.114,8873582.631754
1777485600,209.117,209.168,207.613,208.967,14631459.977367999
1777489200,208.965,209.47,208.605,209.169,16445936.529203
1777492800,209.192,210.068,206.989,208.357,4304547.883298998
1777496400,208.358,209.415,208.1,208.95,665599.1358619999
1777500000,208.942,211.565,208.349,210.725,1594569.9789730003
1777503600,210.725,211.404,210.496,211.133,636062.96504
1777507200,211.132,211.132,211.131,211.131,0.0
1777536000,210.916,210.916,208.404,210.396,1014068.5439419996
1777539600,210.404,210.925,209.866,210.355,225969.45525100004
1777543200,210.355,210.964,210.21,210.366,235952.94465899997
1777546800,210.362,211.083,210.356,210.606,665527.728818
1777550400,210.604,211.071,210.443,210.85,1093821.9707399998
1777554000,210.842,211.019,202.86,203.759,26383276.495216995
1777557600,203.782,203.835,198.819,201.873,52824608.31942704
1777561200,201.86,202.372,200.222,200.624,21755180.437359996
1777564800,200.633,200.773,199.396,199.829,19779306.622067
1777568400,199.832,201.25,199.827,201.239,15000657.345290001
1777572000,201.242,201.957,200.352,201.834,17600354.688144
1777575600,201.833,201.924,199.582,199.582,28075997.974274
1777579200,199.58,200.238,199.069,200.184,3115168.202927
1777582800,200.181,200.547,199.771,200.2,650458.643079
1777586400,200.2,200.615,200.067,200.183,370297.62319499993
1777590000,200.184,200.373,200.006,200.019,307976.162508
1777593600,200.017,200.017,200.007,200.007,0.0
1777622400,200.111,200.63,199.843,199.95,416544.4268459999
1777626000,199.95,200.402,199.782,200.115,106629.56152099998
1777629600,200.115,200.48,200.075,200.203,111373.990307
1777633200,200.205,201.318,200.146,201.12,611061.218592
1777636800,201.12,201.516,200.678,200.678,901619.2567039997
1777640400,200.678,202.853,199.23,200.278,21965727.46294299
1777644000,200.321,200.461,197.35,199.568,26525664.639497
1777647600,199.559,199.805,198.758,199.097,13588181.870479997
1777651200,199.1,199.368,198.522,199.148,9593964.690344004
1777654800,199.148,200.235,199.148,199.681,9336354.139757998
1777658400,199.676,199.721,198.263,198.37,10175654.280896999
1777662000,198.368,199.887,198.212,198.424,17893521.498759
1777665600,198.418,198.617,198.23,198.292,2012317.680998
1777669200,198.298,198.39,198.177,198.28,236121.9154
1777672800,198.28,198.295,198.127,198.135,141568.82297100002
1777676400,198.135,198.295,198.04,198.098,275485.694243
1777680000,198.096,198.096,198.086,198.086,0.0
1777881600,198.375,199.842,198.375,199.582,704791.531137
1777885200,199.577,199.769,199.223,199.25,217672.8270739999
1777888800,199.254,199.273,196.551,197.884,823857.1709999999
1777892400,197.884,198.59,197.884,198.3,643785.3921269999
1777896000,198.302,199.243,198.302,198.96,1003544.4647149999
1777899600,198.969,201.616,197.726,198.609,20298507.985355
1777903200,198.605,198.995,197.246,197.25,18420299.097273003
1777906800,197.246,197.966,194.856,195.695,22213517.172909994
1777910400,195.696,196.869,195.058,196.751,12273317.878215
1777914000,196.75,198.384,196.75,198.337,10583226.398737002
1777917600,198.332,199.172,197.393,198.212,12531947.683976995
1777921200,198.21,199.143,197.884,198.516,14053718.341203002
1777924800,198.52,198.534,197.746,197.815,1589329.193948001
1777928400,197.815,198.07,197.81,198.065,197839.082041
1777932000,198.065,198.246,197.61,197.745,211626.72082200003
1777935600,197.745,197.849,197.635,197.669,161450.711337
1777968000,197.858,198.999,197.858,198.682,407212.4076459999
1777971600,198.683,198.882,198.629,198.751,143535.09575000004
1777975200,198.75,199.168,198.741,198.847,225064.21183199994
1777978800,198.846,198.846,198.295,198.67,598169.7322970001
1777982400,198.666,199.328,198.537,199.171,1217812.6350309998
1777986000,199.171,200.165,198.311,198.367,16620699.547432994
1777989600,198.385,198.991,196.829,197.183,20829331.047097
1777993200,197.174,197.891,196.725,197.398,12069670.040928002
1777996800,197.403,198.472,197.32,197.616,9745750.414157
1778000400,197.616,197.939,197.15,197.227,7092089.643216001
1778004000,197.225,197.778,196.407,196.694,10058870.106824
1778007600,196.7,196.865,196.054,196.476,15825093.034757998
1778011200,196.476,196.987,195.851,196.77,2327071.3362149987
1778014800,196.771,197.517,196.041,196.143,999278.285764
1778018400,196.142,197.142,195.536,196.773,1012804.2422570001
1778022000,196.772,197.471,196.418,197.435,819429.2733259995
1778025600,197.438,197.448,197.438,197.448,0.0
1778054400,197.449,198.83,196.369,198.727,1134146.7927330001
1778058000,198.727,199.984,198.161,199.735,926816.2364960001
1778061600,199.735,201.581,199.447,200.788,1175429.3008229998
1778065200,200.784,202.634,200.679,201.297,2991725.8727819994
1778068800,201.294,201.35,200.026,200.181,1860907.3116470003
1778072400,200.175,204.494,198.805,204.323,28934381.028361
1778076000,204.35,205.711,203.026,204.728,31937604.960135996
1778079600,204.729,207.109,203.6,204.871,21406724.346857995
1778083200,204.868,205.769,204.016,204.777,12116431.158463003
1778086800,204.786,205.948,204.519,205.444,10025675.99596
1778090400,205.448,208.028,205.427,206.744,16178546.139043003
1778094000,206.735,208.23,206.571,207.879,25307664.021393005
1778097600,207.857,208.627,207.042,207.1,3319353.523509001
1778101200,207.099,207.54,205.482,205.835,1634306.5840310003
1778104800,205.835,206.789,205.835,206.353,411339.2844649998
1778108400,206.354,207.294,206.304,207.261,354648.74134699994
1778112000,207.259,207.259,207.257,207.257,0.0
1778140800,207.507,209.871,207.425,209.1,1039849.1461160004
1778144400,209.105,209.249,208.505,208.725,309844.554652
1778148000,208.725,209.147,208.195,208.632,322756.66364600015
1778151600,208.629,209.244,207.603,208.153,1137831.1403109997
1778155200,208.14,208.372,207.025,208.372,1557919.706546
1778158800,208.377,210.287,206.595,208.876,25092221.621209007
1778162400,208.882,214.116,208.881,212.768,35882192.212629
1778166000,212.759,213.631,210.825,212.662,20930492.18122699
1778169600,212.668,214.091,210.822,212.364,19330392.488280997
1778173200,212.364,212.911,211.075,212.416,14200701.499579007
1778176800,212.417,213.225,211.912,212.334,12054370.167522002
1778180400,212.344,212.82,211.344,211.458,16611362.448464997
1778184000,211.463,212.218,211.375,211.9,1898148.519318
1778187600,211.9,211.955,209.275,209.898,746499.670949
1778191200,209.905,211.253,209.905,210.26,569130.0844779998
1778194800,210.258,211.472,210.256,211.469,290246.40237799997
1778198400,211.468,211.468,211.467,211.467,0.0
1778227200,211.466,214.189,211.465,213.742,766241.45913
1778230800,213.739,214.17,213.43,213.635,239547.19147800002
1778234400,213.635,213.85,213.161,213.2,220348.73451200002
1778238000,213.2,213.633,213.2,213.433,784619.2972650001
1778241600,213.433,214.015,213.027,213.431,1142195.6808079998
1778245200,213.429,217.691,213.018,217.591,26413711.063164998
1778248800,217.6,217.696,214.446,215.981,23515255.777827
1778252400,215.969,217.17,215.474,215.524,15867151.570608996
1778256000,215.516,216.158,215.071,215.278,10321716.339549
1778259600,215.274,216.038,214.89,214.976,9287262.397015998
1778263200,214.972,215.777,214.956,215.081,7708409.330214
1778266800,215.078,215.779,214.699,215.126,17315441.143191
1778270400,215.135,215.165,214.911,214.98,1297535.9166659995
1778274000,214.98,215.165,214.965,214.97,225293.76048099998
1778277600,214.97,215.125,214.94,215.025,180257.275259
1778281200,215.025,215.05,214.925,215.038,198185.052513
1778284800,215.039,215.039,215.039,215.039,0.0
1778457600,215.4,215.77,213.84,214.05,251529.0
1778461200,214.06,214.71,213.71,214.46,153583.0
1778464800,214.45,215.0,214.39,214.66,59511.0
1778468400,214.69,214.78,214.41,214.73,37577.0
1778472000,214.73,214.95,214.44,214.91,34224.0
1778475600,214.91,214.94,214.42,214.55,39653.0
1778479200,214.55,214.61,214.2,214.36,40518.0
1778482800,214.38,214.82,214.06,214.67,61277.0
1778486400,215.008,215.008,213.301,213.766,704079.6358229999
1778490000,213.766,214.2,213.312,213.57,233055.11391299995
1778493600,213.57,213.837,213.031,213.455,262444.92498799996
1778497200,213.455,214.441,213.455,214.061,774147.0868299999
1778500800,214.058,214.193,213.39,213.461,752356.1056609997
1778504400,213.463,220.89,213.229,217.01,31790223.044831
1778508000,216.883,222.165,216.883,221.655,31867751.92780501
1778511600,221.647,222.29,220.61,221.966,18495341.108342998
1778515200,221.98,222.29,220.41,220.637,13376233.672886001
1778518800,220.634,221.27,219.89,220.46,8920058.470319001
1778522400,220.46,221.565,219.97,220.09,10317496.824988
1778526000,220.085,220.58,218.925,219.45,17383731.462948002
1778529600,219.383,219.732,219.029,219.203,1145983.7493180002
1778533200,219.204,219.398,218.97,219.324,2855900.161158
1778536800,219.324,219.88,219.324,219.603,343898.7646930001
1778540400,219.602,220.08,219.601,219.679,349384.23267800006
1778544000,219.679,219.92,218.79,219.13,60997.0
1778547600,219.12,219.22,216.71,217.64,211080.0
1778551200,217.62,218.75,217.47,218.74,100713.0
1778554800,218.75,218.75,218.02,218.19,37750.0
1778558400,218.23,218.41,217.5,217.55,39632.0
1778562000,217.55,218.29,217.53,218.15,62809.0
1778565600,218.15,218.22,217.35,217.36,60606.0
1778569200,217.35,217.75,216.89,217.34,104679.0
1778572800,219.31,219.31,216.388,217.36,777302.2363400001
1778576400,217.358,218.24,217.08,218.031,260829.46078
1778580000,218.031,218.396,217.381,217.65,195643.61039799996
1778583600,217.65,217.92,217.306,217.714,673956.2420750003
1778587200,217.713,219.205,217.074,218.956,1243189.1109180003
1778590800,218.96,223.74,217.035,220.32,28935320.653246995
1778594400,220.35,221.76,217.24,217.404,24790438.553310994
1778598000,217.4,217.97,214.96,216.88,24482450.571911
1778601600,216.93,218.23,215.7,215.869,12519619.585970001
1778605200,216.01,218.78,215.58,218.635,14950859.471627
1778608800,218.628,220.325,217.785,219.519,11882001.265182998
1778612400,219.56,221.71,219.525,220.88,20286094.124145996
1778616000,220.837,220.852,219.94,220.142,1154896.108428
1778619600,220.141,220.179,219.906,220.004,246658.692954
1778623200,220.004,220.304,219.766,219.94,221407.87063299998
1778626800,219.94,220.138,219.258,219.435,306782.252239
1778630400,219.87,220.13,219.3,219.96,74711.0
1778634000,219.99,223.59,219.73,223.06,427575.0
1778637600,223.07,224.53,223.05,223.58,391528.0
1778641200,223.54,224.9,223.44,224.19,193819.0
1778644800,224.18,224.22,223.41,223.64,189324.0
1778648400,223.68,224.1,223.5,224.09,135581.0
1778652000,224.1,224.91,224.06,224.44,203525.0
1778655600,224.41,224.86,223.77,224.78,176433.0
1778659200,220.324,226.25,220.324,225.795,1824634.9916599998
1778662800,225.794,226.633,225.511,226.278,575810.2216649998
1778666400,226.277,226.64,225.979,226.062,563456.5335289999
1778670000,226.06,226.06,224.81,225.683,1877143.2611270007
1778673600,225.678,226.175,223.819,223.98,2315203.608329001
1778677200,223.975,227.13,221.63,224.118,28950234.036985993
1778680800,224.1,226.47,223.11,226.372,21526880.65236
1778684400,226.377,227.55,225.72,226.57,20800744.65695099
1778688000,226.608,227.8,226.43,226.811,13824132.383699004
1778691600,226.82,227.33,225.42,225.469,10501509.013388002
1778695200,225.467,227.43,225.44,226.45,10735000.829523003
1778698800,226.441,227.15,225.09,225.91,16493505.069300003
1778702400,225.904,226.73,225.733,226.525,2413960.542061999
1778706000,226.525,226.847,226.25,226.844,354011.5213249999
1778709600,226.842,227.433,226.662,227.357,630510.004563
1778713200,227.351,227.78,227.143,227.78,667010.336473
1778716800,227.53,228.99,227.39,228.93,201979.0
1778720400,228.93,228.94,228.0,228.12,180710.0
1778724000,228.13,228.46,227.69,228.02,149447.0
1778727600,228.06,228.4,226.05,226.39,217890.0
1778731200,226.48,228.42,226.25,227.87,118227.0
1778734800,227.87,231.82,227.41,231.81,433356.0
1778738400,231.84,233.22,230.6,232.26,1139440.0
1778742000,232.25,232.46,231.41,231.62,414311.0
1778745600,227.78,232.27,227.78,230.8,3856066.5287560006
1778749200,230.806,231.19,229.419,230.282,799747.1029909996
1778752800,230.276,231.274,229.625,229.835,922274.4997650003
1778756400,229.834,230.58,229.203,230.114,1880457.3035189996
1778760000,230.095,231.284,229.836,229.932,1964854.881973
1778763600,229.925,233.22,229.4,230.69,32199730.994044006
1778767200,230.884,236.04,230.645,234.556,35379986.170778014
1778770800,234.55,236.45,234.04,234.909,22017499.065626994
1778774400,234.88,236.005,234.5,235.512,13528554.983877996
1778778000,235.52,235.91,232.7,234.817,16249346.789831
1778781600,234.7,236.44,233.815,236.053,13299363.519414002
1778785200,235.74,235.82,235.61,235.79,19755285.993148006
1778788800,235.75,236.124,234.863,235.38,3789160.078291999
1778792400,235.383,236.033,235.112,235.941,528078.1227560001
1778796000,235.942,236.49,235.91,236.432,729631.9457919999
1778799600,236.431,237.948,236.431,237.861,1160724.2069080002
1778803200,237.6,241.01,237.34,239.28,730817.0
1778806800,239.27,239.28,235.88,235.9,434209.0
1778810400,235.87,236.92,233.74,236.26,513390.0
1778814000,236.25,236.76,235.58,236.17,113810.0
1778817600,236.16,236.16,234.15,234.18,204125.0
1778821200,234.18,234.24,230.09,230.21,603571.0
1778824800,230.21,233.84,230.05,233.43,511241.0
1778828400,233.47,233.6,231.91,232.72,193329.0
1778832000,237.861,237.861,229.847,230.075,2801574.8192379987
1778835600,230.069,230.316,228.104,228.372,944276.2881349998
1778839200,228.391,231.463,228.391,231.039,1065794.838303
1778842800,231.035,232.002,230.374,230.374,1784566.5313040006
1778846400,230.374,230.443,228.33,229.31,2363424.968354
1778850000,229.308,230.085,224.29,225.202,36113412.326684006
1778853600,225.2,228.67,224.93,226.09,23963877.671974007
1778857200,226.069,229.175,225.735,228.094,16254228.492344007
1778860800,228.19,228.585,227.06,227.884,9777047.348998997
1778864400,227.887,230.91,227.75,230.81,13365961.440805998
1778868000,230.85,231.5,228.16,228.984,14507300.350125004
1778871600,229.01,229.07,224.975,225.315,24872481.365718994
1778875200,225.276,225.292,224.684,225.101,5485900.844403001
1778878800,225.1,225.175,224.696,224.758,2603219.786260001
1778882400,224.759,224.958,224.515,224.671,362810.22791299986
1778886000,224.671,224.748,224.301,224.417,524196.29364
1778889600,224.419,224.424,224.419,224.424,0.0
1779062400,225.2,225.77,220.87,222.28,389891.0
1779066000,222.28,223.01,221.44,222.88,207213.0
1779069600,222.81,224.29,222.5,223.31,159981.0
1779073200,223.31,224.11,223.24,223.88,61811.0
1779076800,223.88,224.66,223.88,224.31,97321.0
1779080400,224.35,224.6,223.27,223.38,104173.0
1779084000,223.36,224.12,222.79,224.08,107683.0
1779087600,224.14,225.0,223.55,224.5,80739.0
1779091200,224.424,228.5,224.163,228.474,1475321.6636049997
1779094800,228.464,228.485,227.167,227.519,395156.0582840001
1779098400,227.521,227.545,225.897,226.042,377213.9834330001
1779102000,226.041,228.5,225.63,228.096,1556292.6126989997
1779105600,228.099,230.584,227.909,229.918,2201267.186896
1779109200,229.915,230.027,223.58,225.589,26433825.41416901
1779112800,225.568,226.26,220.43,222.15,26558042.490605995
1779116400,222.25,223.42,221.54,222.466,13678187.721748
1779120000,222.57,223.145,219.635,222.093,14271907.296240997
1779123600,222.099,222.52,220.72,221.523,9010063.397812001
1779127200,221.518,221.518,218.38,219.58,15508284.435739001
1779130800,222.215,222.36,222.15,222.35,19103751.802886005
1779134400,222.276,222.472,222.051,222.333,1425996.117745
1779138000,222.332,223.092,222.28,223.024,373487.198471
1779141600,223.027,223.744,223.027,223.348,493852.918982
1779145200,223.351,223.635,222.725,222.729,408159.61110700003
1779148800,222.729,223.43,222.14,222.2,72075.0
1779152400,222.15,222.22,220.45,221.61,105089.0
1779156000,221.57,221.59,220.39,220.51,121739.0
1779159600,220.51,221.63,220.36,221.07,47010.0
1779163200,221.03,221.03,220.08,220.62,53285.0
1779166800,220.61,221.11,220.03,220.71,50078.0
1779170400,220.71,221.7,220.39,221.62,81747.0
1779174000,221.62,222.87,221.51,222.61,103446.0
1779177600,222.729,222.73,220.743,220.996,649494.9745629998
1779181200,220.994,221.089,219.625,220.624,310455.46211799997
1779184800,220.62,221.005,219.768,220.653,277667.10765399993
1779188400,220.654,220.94,220.147,220.191,662447.3856859999
1779192000,220.184,221.103,219.75,220.655,883591.236028
1779195600,220.654,223.33,218.87,220.855,20024217.028058004
1779199200,220.86,221.01,217.94,220.934,22557277.868998993
1779202800,220.933,222.0,220.03,220.565,14206896.476559002
1779206400,220.73,223.41,220.29,223.113,12089597.236417996
1779210000,223.111,224.48,222.075,223.09,11649779.863972003
1779213600,223.12,223.67,222.2,222.5,10433767.654415
1779217200,222.494,222.77,219.05,220.65,21124803.635695998
1779220800,220.652,221.55,220.526,220.887,5694752.824030001
1779224400,220.89,221.989,220.89,221.795,344000.588454
1779228000,221.794,222.083,221.212,221.515,391127.69841400004
1779231600,221.515,222.143,221.416,221.554,432853.04483
1779235200,221.552,222.36,219.65,221.69,109345.0
1779238800,221.69,222.04,220.76,221.8,86949.0
1779242400,221.8,221.89,220.9,221.32,63764.0
1779246000,221.3,221.53,220.91,221.05,38887.0
1779249600,221.14,221.59,221.11,221.21,35574.0
1779253200,221.2,222.06,221.19,222.06,64478.0
1779256800,222.05,223.12,222.05,223.07,136922.0
1779260400,223.07,223.54,222.73,223.08,109106.0
1779264000,221.827,224.08,221.827,223.56,1073451.3081289998
1779267600,223.56,224.565,223.495,224.29,400033.025801
1779271200,224.29,225.049,224.29,224.581,575382.2200790001
1779274800,224.55,224.747,223.54,223.77,1257274.307084
1779278400,223.769,224.45,223.727,223.954,1635561.710324
1779282000,223.948,224.46,220.49,221.96,20545067.578937005
1779285600,222.0,225.31,221.76,224.825,26271294.422807988
1779289200,224.75,226.11,224.23,224.927,16459998.911139006
1779292800,224.929,225.29,223.81,224.605,12075126.656313004
1779296400,224.61,225.15,224.19,224.512,9749967.553903999
1779300000,224.512,224.89,222.03,222.732,14116118.836312998
1779303600,223.29,223.59,223.26,223.38,23860928.452531
1779307200,223.434,226.95,216.37,222.544,21007089.06847601
1779310800,222.48,224.2,219.35,220.799,8009347.752126
1779314400,220.791,221.48,219.24,221.305,3504694.4674050007
1779318000,221.305,221.719,220.3,220.644,1524749.5538709997
1779321600,220.67,222.87,220.55,220.6,219634.0
1779325200,220.62,221.39,220.08,220.89,242713.0
1779328800,220.92,221.27,220.76,220.93,132506.0
1779332400,220.95,221.37,220.89,221.11,142792.0
1779336000,221.12,222.35,221.1,222.19,163433.0
1779339600,222.13,222.93,221.51,222.42,306058.0
1779343200,222.4,222.65,221.66,221.86,231527.0
1779346800,221.85,222.7,221.32,222.54,180775.0
1779350400,220.664,224.684,220.664,223.095,2427083.7210190003
1779354000,223.095,224.677,222.902,224.231,735372.6703539998
1779357600,224.227,225.1,222.71,223.31,1370343.239821
1779361200,223.31,224.6,222.6,223.188,2462747.454148
1779364800,223.2,223.66,221.21,221.404,2719846.9948739996
1779368400,221.406,227.36,220.36,222.25,43986420.857609004
1779372000,222.264,224.73,217.95,219.344,41343941.35247201
1779375600,219.346,220.28,218.06,219.427,20733546.718895003
1779379200,219.424,220.17,218.9,220.15,12772267.956122003
1779382800,220.145,222.37,219.96,220.932,17202557.209468003
1779386400,220.93,221.46,218.635,219.046,16599470.166007001
1779390000,219.49,219.57,219.38,219.42,22027696.803005002
1779393600,219.499,219.842,219.16,219.512,1713178.4141929997
1779397200,219.512,219.663,219.38,219.486,370074.0841069999
1779400800,219.487,219.885,219.25,219.747,455993.1941539999
1779404400,219.747,220.17,219.707,220.124,466303.83117200003
1779408000,220.36,220.7,220.01,220.29,102687.0
1779411600,220.27,220.51,219.94,220.29,62724.0
1779415200,220.28,220.4,220.08,220.35,36171.0
1779418800,220.35,220.49,220.17,220.4,34581.0
1779422400,220.4,220.69,220.29,220.66,56169.0
1779426000,220.65,220.77,220.19,220.26,65678.0
1779429600,220.27,221.0,220.15,220.81,67472.0
1779433200,220.83,220.91,220.38,220.81,60195.0
1779436800,220.236,221.71,220.236,220.705,826406.0572460003
1779440400,220.705,220.705,219.72,220.384,400023.84902
1779444000,220.385,220.385,219.246,219.758,338197.408874
1779447600,219.759,220.44,219.759,220.214,718092.8409240003
1779451200,220.214,220.99,220.213,220.581,1004668.1953110002
1779454800,220.588,221.423,217.2,217.91,27033072.674660996
1779458400,217.92,217.92,215.17,217.19,31077884.277568
1779462000,217.2,218.31,216.84,217.344,16379773.299497
1779465600,217.339,217.55,216.4,217.111,12331574.751659997
1779469200,217.13,218.49,215.75,216.194,16355914.110535998
1779472800,216.197,216.41,215.43,215.954,14567062.066515
1779476400,215.41,215.53,215.23,215.32,27643487.258690007
1779480000,215.293,215.32,214.972,215.049,4924005.896358999
1779483600,215.043,215.066,214.91,215.036,1347064.097061
1779487200,215.036,215.06,214.54,214.657,403263.3769099998
1779490800,214.658,214.78,214.26,214.28,556359.2193229999
1779494400,214.28,214.283,214.28,214.283,0.0
1779753600,216.99,217.54,214.68,217.28,419930.0
1779757200,217.27,217.42,216.46,216.91,203594.0
1779760800,216.95,217.25,216.87,217.2,76932.0
1779764400,217.19,217.31,216.99,217.14,64196.0
1779768000,217.15,217.16,216.86,217.03,69911.0
1779771600,217.03,217.22,216.81,217.21,72667.0
1779775200,217.19,217.36,217.1,217.31,76756.0
1779778800,217.3,217.36,216.79,216.96,86837.0
1779782400,214.284,217.324,214.284,217.153,724045.5757590004
1779786000,217.154,217.784,216.98,217.726,261608.39396199997
1779789600,217.725,218.45,217.549,217.549,587439.8498779999
1779793200,217.52,218.257,217.5,218.0,4305734.402367
1779796800,218.0,218.35,217.88,217.934,1381109.5386560005
1779800400,217.937,218.185,214.81,215.294,24803202.635610994
1779804000,215.334,218.18,214.28,215.537,28422747.720098004
1779807600,215.538,215.89,212.515,213.258,23956241.645484
1779811200,213.15,213.925,211.99,213.68,16806511.77469199
1779814800,213.675,214.12,212.9,213.105,11053853.66867
1779818400,213.091,214.45,212.91,213.25,11375262.727439996
1779822000,213.23,214.8,212.84,214.768,19683785.18196
1779825600,214.779,214.91,214.39,214.415,21187420.12833198
1779829200,214.408,214.644,214.375,214.375,2637744.1737179984
1779832800,214.375,214.46,213.809,213.975,406634.65052600007
1779836400,213.975,214.096,213.79,213.943,367301.18056099996
1779840000,214.41,214.49,213.41,213.72,163066.0
1779843600,213.73,214.16,213.65,213.84,101770.0
1779847200,213.84,214.1,213.8,213.96,83834.0
1779850800,213.97,214.09,213.81,213.81,50980.0
1779854400,213.81,213.97,213.56,213.66,65760.0
1779858000,213.66,214.18,213.61,214.13,71446.0
1779861600,214.15,214.25,213.76,213.83,65092.0
1779865200,213.82,214.11,213.77,213.89,73815.0
1779868800,213.974,215.082,213.769,214.68,816562.167571
1779872400,214.68,215.63,214.347,215.55,338059.458881
1779876000,215.55,216.221,215.515,215.664,468989.90208599996
1779879600,215.59,216.48,215.08,215.08,1437144.006565
1779883200,215.072,216.11,214.84,215.255,1509933.5246100007
1779886800,215.255,215.43,210.28,211.35,29573091.443169
1779890400,211.31,211.6,208.97,209.006,29471937.605537985
1779894000,208.97,210.21,208.78,209.815,14621187.915118
1779897600,209.82,212.12,209.54,211.596,16531201.246242002
1779901200,211.604,212.66,210.72,212.306,11984793.125193
1779904800,212.303,213.32,212.14,212.838,13100802.783819001
1779908400,212.835,213.3,211.99,212.565,16046632.348135
1779912000,212.618,212.618,212.305,212.395,4669746.422798
1779915600,212.397,212.518,212.12,212.226,3536420.8349980013
1779919200,212.232,212.47,211.94,212.076,317678.392408
1779922800,212.077,212.21,211.592,211.723,325096.80680499994
1779926400,211.7,212.31,211.61,212.19,78805.0
1779930000,212.22,212.62,212.08,212.3,51179.0
1779933600,212.28,212.44,211.22,211.4,72926.0
1779937200,211.43,211.64,209.54,209.74,251415.0
1779940800,209.74,210.1,209.21,209.77,195412.0
1779944400,209.77,211.15,209.57,210.9,143129.0
1779948000,210.89,211.37,210.35,210.65,127642.0
1779951600,210.65,211.4,210.65,211.34,78992.0
1779955200,211.688,211.688,211.1,211.391,906861.4951680002
1779958800,211.395,211.645,211.023,211.55,117640.694147
1779962400,211.548,211.548,210.59,210.673,183765.19466500002
1779966000,210.675,210.74,209.765,210.322,782176.3876089996
1779969600,210.326,211.851,210.198,211.754,859793.4172130002
1779973200,211.753,214.23,210.89,212.85,19059909.997633994
1779976800,212.82,214.3,211.51,212.245,20399786.036841996
1779980400,212.31,213.31,212.09,212.27,13777669.416404001
1779984000,212.285,213.9,212.11,213.633,12294092.777632998
1779987600,213.632,215.51,212.95,215.1,15339580.320601003
1779991200,215.043,215.34,214.19,214.427,13324887.873451004
1779994800,214.275,214.39,214.19,214.27,13065234.776844999
1779998400,214.277,214.656,213.855,213.974,6130835.517907
1780002000,213.97,214.528,213.742,214.16,338473.85758299986
1780005600,214.158,214.42,214.055,214.15,261328.86221599998
1780009200,214.148,214.49,214.12,214.166,341914.429798
1780012800,214.166,214.46,213.89,213.96,106303.0
1780016400,213.96,214.08,213.61,214.07,58369.0
1780020000,214.05,214.2,213.7,213.81,47440.0
1780023600,213.8,214.2,213.78,214.15,56352.0
1780027200,214.15,214.82,214.14,214.8,49198.0
1780030800,214.8,215.51,214.73,215.17,100213.0
1780034400,215.16,215.46,215.08,215.43,78026.0
1780038000,215.43,215.61,215.06,215.32,69191.0
1780041600,214.166,215.365,214.166,214.8,679400.973606
1780045200,214.795,215.072,214.718,214.745,205608.122111
1780048800,214.745,214.959,214.525,214.873,222002.854222
1780052400,214.872,215.52,214.872,215.223,761089.7767759997
1780056000,215.222,215.222,214.67,214.883,710932.9422299998
1780059600,214.882,217.16,212.81,217.105,21874912.812078
1780063200,217.07,217.32,214.37,215.16,27048570.600583
1780066800,215.14,217.0,214.77,215.0,14186163.561168997
1780070400,215.02,217.51,215.02,216.59,13017267.146718003
1780074000,216.591,217.04,215.41,215.486,10492012.508266995
1780077600,215.491,217.49,215.29,216.706,12603156.399134003
1780081200,216.704,217.8,211.145,211.155,46554338.678945996
1780084800,211.542,212.76,211.24,212.489,27121633.267197996
1780088400,212.489,212.824,212.43,212.5,796913.6479149996
1780092000,212.5,212.97,212.5,212.956,617860.755359
1780095600,212.96,212.99,212.326,212.47,622278.388139
1780099200,212.474,212.488,212.474,212.488,0.0
1780272000,213.77,215.41,213.13,215.08,585414.0
1780275600,215.09,215.09,214.4,214.88,232928.0
1780279200,214.89,215.18,214.5,215.07,191972.0
1780282800,215.08,215.97,214.81,215.97,208330.0
1780286400,215.96,217.3,215.91,216.94,520796.0
1780290000,216.91,217.0,215.89,216.18,192249.0
1780293600,216.16,216.29,215.09,215.9,173012.0
1780297200,215.89,216.46,215.64,216.03,149148.0
1780300800,213.053,215.89,213.053,215.205,2759844.865063001
1780304400,215.205,215.71,214.47,214.62,750591.9030940003
1780308000,214.615,216.31,214.468,216.011,1013543.3249540003
1780311600,216.01,216.624,215.445,215.77,2396645.601571
1780315200,215.77,216.41,215.69,216.061,1436045.202149
1780318800,216.06,220.82,215.15,219.15,40420204.150075
1780322400,219.155,222.18,218.54,219.661,34617973.154841
1780326000,219.625,220.65,218.98,219.654,18932150.023985993
1780329600,219.64,222.39,219.64,222.1,18350881.895972997
1780333200,222.13,224.02,221.36,223.532,16795722.266717996
1780336800,223.53,224.8,223.08,224.01,18385764.530883003
1780340400,224.007,224.86,222.48,224.41,23637252.180025
1780344000,224.342,224.86,224.127,224.41,1846804.7586029994
1780347600,224.408,224.99,224.136,224.876,2936183.381365
1780351200,224.877,224.882,223.558,224.076,679781.0376749999
1780354800,224.076,224.158,223.588,223.952,498637.7853109999
1780358400,223.949,224.18,220.87,221.39,285320.0
1780362000,221.46,222.91,221.42,222.36,197706.0
1780365600,222.32,223.03,221.97,222.84,131164.0
1780369200,222.84,222.94,222.24,222.5,98369.0
1780372800,222.55,225.56,222.43,224.69,312852.0
1780376400,224.69,225.23,224.47,224.95,151385.0
1780380000,224.94,226.29,224.69,226.15,216999.0
1780383600,226.19,226.31,224.75,225.07,181439.0
1780387200,223.936,227.659,223.935,226.94,2556192.454758001
1780390800,226.943,228.79,226.578,228.527,922482.2106420002
1780394400,228.526,229.191,227.287,227.287,927386.3277949999
1780398000,227.282,228.515,226.747,227.322,2010574.8302400003
1780401600,227.321,227.472,226.5,226.896,1374204.2425140003
1780405200,226.896,232.28,225.06,231.47,38283638.257473
1780408800,231.58,231.785,225.36,226.075,33102863.501629997
1780412400,226.082,227.14,224.72,225.424,20192501.803754006
1780416000,225.48,225.945,224.15,225.27,16949732.355883006
1780419600,225.26,225.62,222.59,223.19,15859104.953806
1780423200,223.132,223.635,221.9,222.624,12832971.403904999
1780426800,222.7,222.935,222.7,222.81,19802753.921669997
1780430400,222.87,223.58,222.548,222.87,2468497.7683530003
1780434000,222.867,222.88,222.282,222.424,2713430.7617559987
1780437600,222.424,222.549,221.668,221.674,430224.2358330001
1780441200,221.81,221.863,220.834,221.794,772923.3202340001
1780444800,221.794,222.41,221.09,221.21,82090.0
1780448400,221.22,221.8,220.82,221.74,68018.0
1780452000,221.74,221.76,221.12,221.36,27815.0
1780455600,221.37,221.57,221.17,221.52,31647.0
1780459200,221.54,222.69,221.48,222.18,53183.0
1780462800,222.15,223.25,221.79,222.44,53071.0
1780466400,222.45,222.93,222.07,222.57,40290.0
1780470000,222.52,223.01,222.22,222.55,62765.0
1780473600,221.918,222.73,221.637,221.719,741840.6885170001
1780477200,221.716,221.8,220.859,221.111,427701.412971
1780480800,221.11,221.927,220.739,221.384,425644.11742799985
1780484400,221.383,224.162,221.383,224.048,1274149.4706740004
1780488000,224.01,224.37,222.28,222.616,1195664.698586
1780491600,222.616,223.196,216.06,217.245,28154145.055354998
1780495200,217.2,217.6,214.6,215.643,32108683.174251996
1780498800,215.725,217.55,215.661,216.925,17615213.731813002
1780502400,216.94,217.18,214.83,216.025,12320253.285827996
1780506000,216.031,216.105,215.155,215.67,9359108.671107998
1780509600,215.65,216.17,215.235,216.089,9192988.526435003
1780513200,216.089,216.25,214.53,214.85,23395521.553696003
1780516800,214.718,215.165,214.575,214.966,4860987.772558002
1780520400,214.963,215.474,213.306,214.365,1442015.8480570004
1780524000,214.371,214.81,213.167,213.619,702580.8650890001
1780527600,213.619,214.39,213.154,214.316,664983.8344070002
1780531200,213.46,215.59,213.46,215.2,109068.0
1780534800,215.16,215.49,213.88,214.23,74344.0
1780538400,214.2,214.5,213.25,214.31,79676.0
1780542000,214.3,215.3,214.21,215.3,64742.0
1780545600,215.31,215.55,214.87,215.08,47962.0
1780549200,215.09,215.12,214.67,215.0,48273.0
1780552800,215.05,215.27,214.89,215.27,40122.0
1780556400,215.24,215.51,215.11,215.44,57776.0
1780560000,214.437,215.341,213.269,213.553,750123.4677969996
1780563600,213.553,213.554,211.849,212.983,634971.2951839998
1780567200,212.984,213.176,212.394,212.8,300942.1832119999
1780570800,212.806,212.863,211.39,212.144,1286379.636076
1780574400,212.148,213.44,211.725,213.332,1424810.089349999
1780578000,213.327,215.71,212.11,212.321,23390099.876256
1780581600,212.327,215.42,210.97,215.41,24924104.04472399
1780585200,215.41,217.85,215.19,217.596,20601135.684156
1780588800,217.62,218.92,217.25,218.255,20872752.793602
1780592400,218.25,219.78,217.99,219.64,14141074.968993
1780596000,219.78,220.94,219.661,220.463,16248064.178879997
1780599600,220.48,221.6,218.56,218.58,20456448.145046003
1780603200,218.648,218.72,217.25,217.388,6542596.875179001
1780606800,217.386,217.74,216.89,217.38,370783.53928200016
1780610400,217.38,217.401,216.565,216.965,402873.1855959998
1780614000,216.965,217.0,216.314,216.325,388891.46057999996
1780617600,216.323,216.64,214.78,215.03,175395.0
1780621200,215.01,216.04,214.12,215.99,229389.0
1780624800,216.0,216.42,215.64,215.65,83164.0
1780628400,215.67,215.96,214.92,215.1,63646.0
1780632000,215.12,215.96,214.77,215.81,61872.0
1780635600,215.81,216.08,215.11,215.38,58625.0
1780639200,215.39,215.82,214.84,215.04,96203.0
1780642800,215.04,215.53,214.49,215.38,127136.0
1780646400,216.152,216.204,214.937,215.525,706575.8486790002
1780650000,215.525,216.4,215.385,215.97,173712.932621
1780653600,215.97,216.309,215.836,215.913,145233.048284
1780657200,215.914,216.227,215.471,215.477,479632.80233800004
1780660800,215.476,215.671,214.61,214.681,5172384.057373001
1780664400,214.681,215.004,211.96,212.025,20407115.426719997
1780668000,212.0,212.95,210.45,210.81,27103679.512716
1780671600,210.83,210.93,207.55,209.33,27867791.827680003
1780675200,209.337,209.337,206.63,208.124,23220416.622421
1780678800,208.128,208.96,206.82,207.961,16425548.221172
1780682400,207.97,208.06,204.71,205.92,23639037.684136
1780686000,205.939,206.765,204.33,205.1,35355814.175781004
1780689600,205.242,205.39,204.134,205.013,4255571.126259
1780693200,205.008,205.63,204.881,205.614,1061852.9901440004
1780696800,205.617,205.87,204.825,205.206,549431.7721000001
1780700400,205.206,205.214,204.04,204.098,707283.846687
1780704000,204.092,204.092,204.066,204.066,0.0
1780876800,205.73,209.39,204.8,207.8,560197.0
1780880400,207.8,208.46,205.64,207.32,350308.0
1780884000,207.34,208.34,206.49,207.76,149937.0
1780887600,207.78,208.1,207.43,207.94,80296.0
1780891200,207.95,208.01,206.76,206.85,89051.0
1780894800,206.88,207.59,205.3,205.54,199551.0
1780898400,205.58,207.2,205.37,206.61,132679.0
1780902000,206.58,208.47,204.066,208.16,195610.0
1780905600,204.692,208.507,204.692,207.399,1394507.079512
1780909200,207.396,208.53,207.169,208.53,371414.179946
1780912800,208.531,209.326,208.03,208.682,440191.7921389999
1780916400,208.58,210.27,208.506,209.691,2045153.1210609998
1780920000,209.65,210.63,209.61,210.335,5657512.521290999
1780923600,210.335,210.78,206.2,206.26,23405364.210419007
1780927200,206.27,208.77,205.99,208.55,18969119.573313
1780930800,208.544,209.36,207.19,208.274,14001985.662712002
1780934400,208.305,209.74,208.17,208.611,13160669.081902
1780938000,208.607,209.23,207.66,208.809,9691373.570894
1780941600,208.81,209.62,208.72,208.84,8623497.259522
1780945200,208.82,208.94,207.38,208.67,15158192.256089997
1780948800,208.68,208.736,207.97,208.059,2744557.4053130015
1780952400,208.054,208.314,208.033,208.205,162623.261392
1780956000,208.205,208.205,207.127,207.738,337098.28096799983
1780959600,207.739,208.125,207.55,207.663,211864.18748199992
1780963200,208.09,208.22,207.11,207.42,52261.0
1780966800,207.49,209.11,207.3,208.34,72220.0
1780970400,208.32,208.86,208.17,208.66,47201.0
1780974000,208.65,209.47,208.6,209.28,56861.0
1780977600,209.28,210.08,209.21,209.91,125482.0
1780981200,209.91,210.02,209.6,209.86,74851.0
1780984800,209.86,210.08,209.71,209.73,67924.0
1780988400,209.73,210.38,209.7,209.86,77462.0
1780992000,208.055,210.64,208.055,210.343,776718.4616039998
1780995600,210.343,210.409,210.032,210.235,181704.86658299997
1780999200,210.235,210.434,209.6,209.887,242718.58624400006
1781002800,209.865,210.055,209.108,209.235,1231838.5614920002
1781006400,209.235,209.517,208.825,209.512,497590.285914
1781010000,209.511,211.39,208.84,209.12,18035687.283185996
1781013600,209.1,209.17,204.86,206.277,25725197.658535004
1781017200,206.35,206.77,202.85,203.066,21501764.908485997
1781020800,203.0,203.71,199.35,201.92,30427603.291253004
1781024400,202.0,205.42,201.67,205.024,18034352.903678
1781028000,205.027,207.34,204.925,207.101,16398618.905692996
1781031600,207.097,208.24,204.54,208.2,23713624.436749995
1781035200,208.113,208.95,207.356,207.46,2481130.597446
1781038800,207.461,207.76,206.75,206.885,581470.7549940001
1781042400,206.96,207.149,206.017,206.157,367357.38272000005
1781046000,206.159,206.786,205.786,206.492,337273.54015699995
1781049600,206.493,207.38,205.49,206.3,90344.0
1781053200,206.37,206.86,206.12,206.38,53390.0
1781056800,206.37,206.77,205.79,205.8,59052.0
1781060400,205.81,206.35,205.71,206.06,36189.0
1781064000,206.02,206.1,204.94,205.16,104910.0
1781067600,205.15,205.95,204.89,205.7,66322.0
1781071200,205.78,206.1,205.34,205.7,62742.0
1781074800,205.69,205.99,205.55,205.8,46017.0
1781078400,206.381,206.381,204.156,204.252,669957.4181120002
1781082000,204.257,204.695,203.18,204.048,305561.16743399994
1781085600,204.044,204.534,203.405,204.502,280998.0230650001
1781089200,204.501,204.528,202.787,203.437,1276424.3024639997
1781092800,203.43,206.58,203.312,204.775,4313824.888655
1781096400,204.772,207.2,203.989,204.935,19534707.276825994
1781100000,204.95,206.8,203.79,203.947,22452300.566245
1781103600,203.94,204.51,201.62,203.485,22931334.486717
1781107200,203.479,203.94,202.38,202.862,12038415.136865001
1781110800,202.86,203.61,201.88,203.172,12212843.082991999
1781114400,203.19,203.41,200.91,201.154,13083515.488971999
1781118000,201.15,201.865,199.93,200.33,25626112.569861997
1781121600,200.445,200.729,199.476,199.996,3707004.9627079996
1781125200,199.997,200.159,199.905,200.017,394409.9548849999
1781128800,200.018,200.196,199.465,199.556,621803.620471
1781132400,199.556,200.003,198.908,199.194,642302.45595
1781136000,199.32,201.16,199.0,200.91,133331.0
1781139600,200.92,203.21,200.9,201.71,306358.0
1781143200,201.66,202.13,200.68,201.73,78093.0
1781146800,201.74,202.27,201.29,201.94,60713.0
1781150400,201.94,202.26,201.63,202.17,51767.0
1781154000,202.15,202.19,201.53,201.94,44619.0
1781157600,201.96,202.45,201.64,202.37,71338.0
1781161200,202.39,202.83,202.02,202.66,87785.0
1781164800,199.751,203.618,199.751,203.25,732320.4473650001
1781168400,203.248,203.364,202.486,202.823,236113.053405
1781172000,202.834,203.2,202.396,202.486,211355.03422200007
1781175600,202.479,202.63,201.665,202.519,2795347.597956001
1781179200,202.523,203.15,201.28,201.988,1115837.5115299996
1781182800,201.987,203.565,201.1,202.756,16685393.279888999
1781186400,202.82,203.625,199.87,200.214,18860210.476101004
1781190000,200.22,201.94,199.54,201.357,13774167.869361
1781193600,201.32,202.02,200.29,200.335,9775776.368403997
1781197200,200.32,204.45,199.73,202.994,20480776.789818004
1781200800,202.98,203.27,201.66,202.823,12634224.752615003
1781204400,205.01,205.1,204.7,204.7,27874593.621834997
1781208000,204.82,205.271,204.6,205.195,3009263.1665180014
1781211600,205.195,205.196,205.035,205.122,2667052.984465
1781215200,205.121,206.41,205.081,206.041,573906.6907170002
1781218800,206.042,206.075,205.53,205.967,391215.40372500004
1781222400,205.969,206.9,205.52,206.41,100410.0
1781226000,206.39,206.55,205.39,205.8,88282.0
1781229600,205.85,206.05,205.37,205.75,51637.0
1781233200,205.73,205.76,205.32,205.46,45764.0
1781236800,205.5,205.88,205.37,205.88,30975.0
1781240400,205.87,205.91,204.43,204.57,71782.0
1781244000,204.52,205.23,203.86,204.04,113716.0
1781247600,204.04,204.86,203.16,204.75,97547.0
1781251200,205.979,206.227,204.785,205.45,762073.8121620001
1781254800,205.45,206.367,205.45,206.084,201872.43544399994
1781258400,206.083,206.587,205.566,205.585,194272.871839
1781262000,205.601,206.275,205.601,205.983,459184.268209
1781265600,205.989,206.295,204.573,204.643,874977.7279429999
1781269200,204.642,206.245,203.45,203.99,15683448.512027001
1781272800,204.0,206.63,203.925,205.77,18325694.421539005
1781276400,205.745,207.08,203.925,204.082,15010266.304053998
1781280000,204.093,205.77,203.95,205.178,10484947.642523
1781283600,205.18,205.54,204.66,205.1,7989425.912087001
1781287200,205.12,205.55,204.19,204.673,9512792.927889999
1781290800,204.675,205.28,203.91,205.18,15044810.287826996
1781294400,205.196,205.335,204.926,205.32,3145573.4698849996
1781298000,205.32,205.377,205.27,205.325,163002.87449500003
1781301600,205.325,205.325,205.066,205.252,146757.08744899998
1781305200,205.251,205.536,205.205,205.416,231295.64332100007
1781308800,205.419,205.46,205.22,205.22,0.1605
1781337600,205.29,205.52,205.29,205.52,1.9782
1781341200,205.54,205.56,205.54,205.56,0.2271
1781344800,205.56,205.56,205.44,205.44,0.1069
1781355600,205.43,205.44,205.28,205.44,1.2306
1781359200,205.56,205.56,205.56,205.56,0.0535
1781366400,205.56,205.56,205.42,205.42,0.2431
1781395200,205.47,205.57,205.28,205.32,0.7073
1781398800,205.45,205.57,205.32,205.32,0.2259
1781406000,205.32,205.32,205.27,205.27,0.4196
1781409600,205.27,205.27,205.27,205.27,0.1061
1781416800,205.57,205.59,205.4,205.45,0.407
1781424000,205.54,205.59,205.09,205.09,1.1786
1781427600,205.25,205.41,205.01,205.41,1.9641
1781434800,205.0,205.82,204.91,205.82,7.814
1781442000,205.63,205.63,205.63,205.63,0.1075
1781481600,207.89,209.84,205.51,209.04,323179.0
1781485200,209.04,209.69,208.87,209.58,130719.0
1781488800,209.59,210.01,209.54,209.99,98126.0
1781492400,209.99,210.38,209.7,210.3,132555.0
1781496000,210.3,211.37,210.14,210.88,153558.0
1781499600,210.85,211.06,210.26,210.53,155184.0
1781503200,210.54,210.79,209.91,210.1,182085.0
1781506800,210.08,210.3,209.8,210.09,128597.0
1781510400,206.176,210.553,206.176,210.061,1175238.1091739994
1781514000,210.061,210.22,209.256,209.643,235822.18072200002
1781517600,209.639,209.703,209.037,209.057,266976.84241199994
1781521200,208.99,209.384,208.01,208.749,1489612.6149790003
1781524800,208.748,208.979,207.723,207.973,1165198.7926799997
1781528400,207.974,210.98,207.842,208.786,20748384.104943
1781532000,208.8,210.45,208.34,210.36,19184939.735175
1781535600,210.367,212.7,210.35,212.275,18612753.335983
1781539200,212.254,212.62,211.87,212.317,10506077.691778004
1781542800,212.32,212.675,211.79,211.829,8036763.753761002
1781546400,211.829,212.57,211.42,212.28,9497347.751700997
1781550000,212.289,212.61,211.3,212.46,17294267.624944
1781553600,212.452,212.471,211.95,212.09,4687890.394914001
1781557200,212.09,212.37,212.025,212.07,392638.91917400016
1781560800,212.07,212.11,211.432,211.535,306702.2001479999
1781564400,211.535,211.942,211.33,211.925,279312.96744700003
1781568000,211.925,212.01,210.84,210.92,80012.0
1781571600,210.94,211.17,210.5,210.86,79985.0
1781575200,210.85,211.2,210.59,210.89,35368.0
1781578800,210.89,211.58,210.88,211.26,36807.0
1781582400,211.28,211.48,210.9,211.17,31715.0
1781586000,211.2,211.49,211.01,211.17,39909.0
1781589600,211.22,211.46,211.09,211.29,44879.0
1781593200,211.3,211.5,211.15,211.24,26593.0
1781596800,211.848,211.848,211.221,211.607,450951.2146400001
1781600400,211.612,211.612,211.149,211.28,124350.046608
1781604000,211.28,211.641,211.09,211.632,122932.23612999996
1781607600,211.61,212.421,211.501,212.022,628467.9020010001
1781611200,212.021,212.213,210.82,210.955,826652.3528410001
1781614800,210.954,211.49,208.65,208.687,17070189.659043
1781618400,208.705,210.34,208.545,209.287,17805892.244958
1781622000,209.33,210.305,208.52,209.205,15187400.782411005
1781625600,209.15,209.72,208.29,209.108,10274176.015072
1781629200,209.113,209.7,208.72,209.426,6587775.457841996
1781632800,209.41,209.8,208.77,208.99,6424855.674933999
1781636400,207.86,207.925,207.29,207.36,17515442.681788
1781640000,207.382,207.79,206.99,207.656,3452402.035959
1781643600,207.657,207.94,207.64,207.77,191522.09983799994
1781647200,207.77,208.04,207.642,207.94,202263.86645800003
1781650800,207.94,207.949,207.403,207.535,174872.38969899996
1781654400,207.64,207.94,207.53,207.65,33360.0
1781658000,207.62,208.45,207.55,208.37,33585.0
1781661600,208.37,208.51,208.23,208.31,24527.0
1781665200,208.27,209.0,208.21,208.82,36107.0
1781668800,208.84,208.89,208.59,208.88,30858.0
1781672400,208.86,208.92,208.55,208.57,30251.0
1781676000,208.58,208.89,208.43,208.85,41957.0
1781679600,208.84,209.01,208.61,208.75,64356.0
1781683200,207.539,208.875,207.539,208.32,439812.9329340001
1781686800,208.323,208.517,208.055,208.11,62160.60044899998
1781690400,208.114,208.308,207.926,208.027,91920.037517
1781694000,208.019,208.027,207.623,207.786,346286.756542
1781697600,207.791,208.668,207.75,208.427,385572.07102399995
1781701200,208.427,209.21,207.14,207.22,12908423.345273003
1781704800,207.13,208.23,206.37,206.455,15372927.787037
1781708400,206.49,207.045,205.91,206.399,13155371.548608007
1781712000,206.401,207.655,206.401,207.11,8167145.257899997
1781715600,207.115,207.9,206.68,207.718,6881680.412569998
1781719200,207.84,207.84,205.32,206.003,19751205.001786
1781722800,206.0,206.45,203.47,204.64,21847589.637009997
1781726400,204.671,205.14,204.42,205.095,1547659.7317180005
1781730000,205.095,205.43,205.0,205.43,276859.6569950001
1781733600,205.43,205.7,205.208,205.403,309551.496394
1781737200,205.403,206.353,205.403,206.333,323434.860307
1781740800,206.08,207.73,206.07,207.01,122520.0
1781744400,207.0,207.38,206.63,206.68,56752.0
1781748000,206.68,207.05,206.51,206.71,30862.0
1781751600,206.72,206.87,206.34,206.42,36360.0
1781755200,206.45,206.51,205.19,205.96,100002.0
1781758800,205.95,206.15,205.69,206.09,48245.0
1781762400,206.06,206.39,205.73,206.24,57368.0
1781766000,206.24,206.85,206.14,206.59,62533.0
1781769600,206.326,207.31,206.325,206.605,651563.7028210001
1781773200,206.604,207.196,206.435,207.127,152662.925566
1781776800,207.126,207.32,206.71,206.71,163477.323751
1781780400,206.71,207.275,206.464,206.977,486723.9547710001
1781784000,206.976,207.833,206.799,207.728,2349927.381965
1781787600,207.727,208.33,206.5,207.792,35286444.067250006
1781791200,207.86,209.865,207.49,209.353,19134766.431646
1781794800,209.34,209.65,207.66,208.948,14145257.309347004
1781798400,208.952,211.18,208.952,210.044,17420285.301286
1781802000,210.046,210.52,209.85,209.931,8631714.779681
1781805600,209.937,210.52,209.6,209.714,11705238.153453002
1781809200,210.98,211.08,210.34,210.37,21768071.668642
1781812800,210.532,210.573,209.929,210.192,9547728.495516004
1781816400,210.193,210.81,210.15,210.646,2340623.569125
1781820000,210.646,210.646,209.895,210.128,264543.8010939999
1781823600,210.129,210.307,210.011,210.296,162157.066545
1781827200,210.297,210.32,210.18,210.18,1.2037
1781830800,210.23,210.29,210.17,210.29,0.5875
1781834400,210.17,210.17,210.17,210.17,0.092
1781838000,210.29,210.32,210.17,210.17,0.6642
1781841600,210.32,210.32,208.54,208.54,66.6481
1781845200,208.34,208.34,208.23,208.23,2.3667
1781848800,208.42,208.43,208.42,208.43,0.6486
1781856000,208.22,208.22,208.12,208.19,3.2341
1781859600,208.26,208.26,208.26,208.26,0.2848
1781863200,208.26,208.92,208.26,208.72,17.6071
1781870400,208.72,208.72,208.58,208.58,0.1474
1781874000,208.57,208.72,208.52,208.52,1.6514
1781877600,208.67,208.76,208.47,208.47,1.9048
1781881200,208.47,208.64,208.43,208.52,3.0667
1781884800,208.56,208.65,208.42,208.57,2.6943
1781888400,208.57,208.65,208.42,208.42,0.1997
1781892000,208.56,208.66,208.41,208.56,0.3492
1781895600,208.56,208.56,208.41,208.41,0.2129
1781899200,208.41,208.41,208.4,208.4,0.4866
1781906400,208.38,208.48,208.33,208.47,1.4421
1781913600,208.54,208.76,208.31,208.31,2.6778
1781917200,208.4,208.4,208.4,208.4,0.0599
1781920800,208.44,208.76,208.19,208.19,5.6707
1781924400,208.21,208.79,208.21,208.79,5.6701
1781928000,208.79,208.83,208.34,208.34,0.7225
1781931600,208.32,208.43,208.3,208.3,0.2844
1781935200,208.36,208.36,208.3,208.3,0.5372
1781938800,208.36,208.36,208.21,208.21,3.4275
1781942400,208.3,208.35,208.19,208.35,0.3949
1781946000,208.19,208.31,208.03,208.23,0.6537
1781949600,208.31,208.36,208.23,208.36,1.0157
1781953200,208.36,208.36,207.91,207.91,2.2757
1781956800,208.07,208.23,208.07,208.23,0.2583
1781960400,207.92,207.92,207.86,207.86,1.1889
1781964000,207.86,207.89,207.64,207.64,4.8163
1781967600,207.44,207.61,207.36,207.36,0.2705
1781971200,207.52,207.62,207.37,207.37,0.1579
1781974800,207.51,207.8,207.51,207.8,0.2407
1781982000,207.8,207.92,207.8,207.8,0.6729
1781985600,207.8,207.8,207.35,207.35,0.2482
1781989200,207.52,208.36,207.52,208.36,83.0952
1781992800,208.36,208.36,207.66,207.66,1.1798
1781996400,207.8,208.33,207.8,208.33,0.2402
1782000000,208.36,208.36,208.36,208.36,0.4799
1782003600,208.36,208.36,207.64,207.78,0.7012
1782007200,207.78,207.78,207.78,207.78,0.0256
1782010800,207.79,207.84,207.62,207.62,0.6507
1782014400,207.78,207.85,207.62,207.62,0.4207
1782018000,207.82,207.82,207.61,207.61,0.1405
1782021600,207.61,207.61,207.55,207.55,2.6828
1782025200,207.67,207.67,207.67,207.67,0.2053
1782028800,207.67,207.7,207.52,207.7,0.7625
1782032400,207.52,207.72,207.45,207.72,1.3509
1782036000,207.45,207.57,207.45,207.57,0.5571
1782039600,207.57,207.62,207.42,207.56,1.2724
1782043200,207.56,207.64,207.41,207.41,1.2181
1782046800,207.4,207.54,207.39,207.39,0.2265
1782050400,207.54,207.57,207.54,207.57,0.5094
1782054000,207.64,207.64,207.38,207.38,0.6065
1782057600,207.51,207.56,207.36,207.36,1.858
1782061200,207.53,207.53,207.36,207.36,0.4958
1782064800,207.53,207.57,207.36,207.36,0.633
1782068400,207.57,207.57,207.32,207.32,0.8203
1782072000,207.49,207.64,207.05,207.05,7.5252
1782079200,207.3,207.3,207.3,207.3,0.1108
1782082800,207.3,207.32,207.02,207.02,0.3285
1782086400,208.28,209.78,207.69,207.98,226912.0
1782090000,207.97,209.54,207.97,208.65,167696.0
1782093600,208.61,208.94,208.36,208.66,70042.0
1782097200,208.64,208.99,208.35,208.52,56297.0
1782100800,208.5,209.09,208.27,209.04,54324.0
1782104400,209.03,209.45,208.91,209.08,41371.0
1782108000,209.06,209.79,209.05,209.64,53783.0
1782111600,209.63,210.02,209.61,209.74,58430.0
1782115200,210.226,210.226,208.949,209.68,543089.1070190001
1782118800,209.68,209.68,209.121,209.251,114249.47521799998
1782122400,209.252,209.888,209.252,209.545,134744.658154
1782126000,209.549,210.54,209.549,210.076,456827.38858100004
1782129600,210.075,211.01,209.882,210.743,679509.5908199999
1782133200,210.755,213.98,210.65,213.09,20276476.418448
1782136800,213.08,214.0,208.63,209.1,20735395.848359
1782140400,209.115,210.88,209.055,209.48,14592195.828715
1782144000,209.475,209.96,209.17,209.395,9180308.048301002
1782147600,209.396,209.59,208.46,208.57,7884423.521434002
1782151200,208.568,209.26,208.46,208.603,8024406.954442002
1782154800,208.607,208.92,207.73,208.61,15389204.571800003
1782158400,208.698,208.92,208.015,208.094,1876792.2016700003
1782162000,208.094,208.129,207.945,208.045,204059.43646599996
1782165600,208.045,208.287,207.655,207.695,212158.69749800002
1782169200,207.692,207.931,207.64,207.805,209312.380031
1782172800,208.03,208.5,207.36,208.17,74515.0
1782176400,208.22,208.44,206.61,206.94,90568.0
1782180000,206.95,207.03,206.24,206.34,106491.0
1782183600,206.35,206.51,205.51,205.96,131723.0
1782187200,205.95,206.28,205.09,205.17,69166.0
1782190800,205.19,205.47,204.61,204.74,191305.0
1782194400,204.78,204.89,202.96,203.02,280698.0
1782198000,203.02,203.61,202.05,202.19,200698.0
1782201600,206.953,206.953,201.702,202.389,1568922.7653209995
1782205200,202.389,202.889,202.2,202.42,311227.5830210001
1782208800,202.42,202.665,201.854,202.571,243559.95869800003
1782212400,202.7,204.089,202.25,203.885,907538.1843969998
1782216000,203.885,203.98,202.683,202.99,1482783.8879629998
1782219600,202.993,203.75,200.04,203.395,22965854.296101004
1782223200,203.35,203.56,201.91,202.2,16723983.545396002
1782226800,202.25,202.49,200.42,201.829,15472628.508025002
1782230400,201.83,202.97,201.8,202.31,10387121.477745004
1782234000,202.32,202.78,201.6,201.633,7349006.440188
1782237600,201.62,202.01,200.32,200.617,10370880.724753002
1782241200,200.619,201.475,199.99,200.06,22785142.369461
1782244800,200.124,200.789,200.016,200.491,3882997.732005001
1782248400,200.49,201.079,200.465,200.953,239604.32104000004
1782252000,200.953,201.136,200.422,200.545,386312.2791149999
1782255600,200.543,200.891,200.201,200.885,303203.3473699999
1782259200,200.67,201.84,200.43,201.63,126392.0
1782262800,201.63,201.75,201.29,201.53,56226.0
1782266400,201.51,201.55,200.52,200.62,63203.0
1782270000,200.69,201.4,200.54,201.08,55313.0
1782273600,201.03,201.41,200.6,201.2,37020.0
1782277200,201.22,201.81,201.1,201.31,55575.0
1782280800,201.28,201.49,200.99,201.17,41151.0
1782284400,201.19,201.26,200.76,200.93,49829.0
1782288000,200.914,201.56,200.914,201.3,451221.9280809999
1782291600,201.3,201.654,201.177,201.4,110412.669265
1782295200,201.4,201.678,201.282,201.373,81915.703675
1782298800,201.365,201.669,200.85,201.532,354145.68674000003
1782302400,201.526,201.608,200.89,200.929,333606.4266489999
1782306000,200.931,201.58,199.01,200.274,15321126.433819002
1782309600,200.272,201.3,198.59,201.195,18288892.305177003
1782313200,201.17,201.5,200.35,200.799,9343547.190168
1782316800,200.78,201.03,199.13,199.228,9647369.989414
1782320400,199.23,199.54,197.4,197.446,14100970.490864998
1782324000,197.452,198.77,197.05,197.177,12745927.558671001
1782327600,198.19,199.16,198.19,198.88,24647244.027668994
1782331200,199.058,201.21,198.14,200.399,6167305.909863002
1782334800,200.399,200.488,199.9,200.488,1395270.1913359999
1782338400,200.491,200.85,199.776,199.907,600138.4876420002
1782342000,199.907,200.864,199.797,200.674,486601.84805900004
1782345600,200.57,201.02,199.89,200.24,120819.0
1782349200,200.27,200.36,199.71,200.07,89798.0
1782352800,200.05,200.16,199.3,200.1,60547.0
1782356400,200.11,200.36,199.87,200.25,107232.0
1782360000,200.25,200.29,199.91,200.04,72722.0
1782363600,200.04,200.69,199.93,200.57,98622.0
1782367200,200.55,200.78,200.11,200.11,104523.0
1782370800,200.16,201.09,200.09,201.07,128837.0
1782374400,200.712,201.721,200.33,201.707,965194.9561650002
1782378000,201.709,202.142,201.605,201.605,239378.96686100005
1782381600,201.605,201.904,200.808,200.947,219818.61385100003
1782385200,201.06,201.447,200.415,200.566,581661.9874259998
1782388800,200.563,201.81,200.5,201.766,892445.8120660001
1782392400,201.766,201.766,192.15,192.307,26310138.112148996
1782396000,192.319,196.43,192.319,195.43,26363366.139278997
1782399600,195.48,196.67,194.775,195.62,13713473.714315997
1782403200,195.645,197.12,194.52,194.867,11409108.549223002
1782406800,194.87,195.74,194.37,194.805,9447353.224853998
1782410400,194.77,195.82,193.72,194.41,10976482.817769
1782414000,195.29,195.95,195.29,195.895,19395842.525762003
1782417600,195.758,196.77,194.99,195.325,2972315.9316439987
1782421200,195.325,195.525,195.26,195.51,952163.119782
1782424800,195.514,195.74,194.302,194.745,327769.81876900024
1782428400,194.747,195.673,194.546,194.821,371478.44783900003
1782432000,194.822,195.22,194.43,194.47,64029.0
1782435600,194.41,194.63,192.57,192.81,116706.0
1782439200,192.86,193.26,190.99,191.43,214011.0
1782442800,191.37,193.13,191.27,193.09,155491.0
1782446400,193.11,193.28,191.22,191.48,138202.0
1782450000,191.5,192.79,191.43,192.34,101946.0
1782453600,192.34,193.24,191.66,193.16,136663.0
1782457200,193.16,193.86,192.51,193.69,109093.0
1782460800,194.824,194.824,192.595,192.801,860558.0143290003
1782464400,193.05,194.035,192.65,194.01,265820.89066200005
1782468000,193.57,193.874,193.506,193.68,169868.80123800007
1782471600,193.75,193.846,193.21,193.4,435772.5024519999
1782475200,193.74,193.908,192.189,192.65,1497034.9114629996
1782478800,192.48,194.01,191.23,193.61,16951934.497043002
1782482400,193.555,194.49,192.65,193.09,16216409.574799
1782486000,193.095,195.25,192.49,194.35,15269707.878687
1782489600,194.34,194.55,193.64,194.128,9814957.294907002
1782493200,194.08,195.55,194.04,194.59,12591846.125068998
1782496800,194.595,195.31,193.4,193.72,10736567.378142003
1782500400,193.71,195.18,191.75,191.8,23565316.494540997
1782504000,192.22,192.586,191.87,192.38,6700428.274046999
1782507600,192.29,192.419,192.146,192.24,984935.6558209999
1782511200,192.45,193.09,192.23,193.0,248385.02059899998
1782514800,192.79,192.96,192.65,192.75,190713.75741599995
1782518400,192.755,192.768,192.755,192.768,17.9068
1782522000,192.62,192.85,192.14,192.14,14.191
1782525600,192.15,192.79,192.0,192.35,7.8252
1782529200,192.35,192.79,191.67,191.67,11.2809
1782532800,191.67,191.96,191.6,191.6,5.7707
1782536400,191.73,192.98,191.5,191.71,4.1428
1782540000,191.73,192.98,191.46,191.46,5.7
1782543600,191.88,192.98,191.16,191.16,26.1824
1782547200,191.29,191.63,191.13,191.13,9.0122
1782550800,191.35,191.63,190.89,190.9,6.3901
1782554400,190.92,191.65,190.89,191.65,115.8775
1782558000,191.65,191.72,190.98,190.99,15.7055
1782561600,190.99,191.8,190.76,190.76,131.2265
1782565200,190.73,190.97,190.47,190.47,27.0231
1782568800,190.63,192.92,189.88,190.06,186.9253
1782572400,190.06,192.87,189.74,190.2,102.6712
1782576000,191.2,192.84,189.49,189.49,19.8932
1782579600,190.5,191.26,189.46,190.5,5.906
1782586800,189.44,191.04,189.34,189.35,6.1585
1782590400,191.04,191.58,189.92,189.92,0.4604
1782594000,189.35,191.24,188.98,188.98,20.1934
1782597600,189.18,189.54,188.95,189.54,4.4997
1782604800,189.0,190.1,188.95,188.97,2.2116
1782608400,190.4,192.88,188.96,189.05,20.5336
1782612000,191.3,191.5,189.05,189.05,49.1016
1782615600,191.2,191.2,188.96,188.96,10.112
1782619200,191.2,192.88,189.1,192.88,86.4401
1782622800,192.5,192.5,189.5,189.65,89.6049
1782626400,192.49,192.49,190.0,190.0,11.96
1782630000,192.23,192.52,189.27,192.3,17.2485
1782633600,189.26,192.25,189.25,189.25,5.1981
1782637200,192.6,192.6,189.6,192.6,2.7323
1782640800,192.6,192.6,189.63,189.65,14.6235
1782644400,192.6,192.81,192.6,192.81,3.6901
1782648000,192.87,192.87,189.75,192.0,59.2743
1782651600,189.9,192.91,189.9,190.0,31.107
1782655200,190.01,192.91,190.01,192.91,86.3019
1782658800,192.85,192.91,189.22,189.78,159.1987
1782662400,189.78,192.5,189.18,192.0,289.8679
1782666000,192.0,192.0,189.1,189.95,10.4697
1782669600,189.8,192.0,189.5,191.5,251.8341
1782673200,191.5,192.0,191.5,191.56,312.4996
1782676800,192.0,192.0,191.56,191.56,0.6998
1782684000,191.56,192.5,189.2,189.2,3.4816
1782687600,189.2,192.89,189.2,190.0,8.3856
1782691200,193.74,194.51,192.16,193.12,186641.0
1782694800,193.14,193.41,192.56,193.25,87594.0
1782698400,193.26,193.51,192.36,193.06,61663.0
1782702000,193.08,193.79,192.7,193.6,57003.0
1782705600,193.61,193.86,193.32,193.5,44348.0
1782709200,193.53,194.55,193.17,194.53,82646.0
1782712800,194.53,194.98,194.14,194.45,79522.0
1782716400,194.43,195.06,194.0,194.53,63865.0
1782720000,194.96,195.284,192.769,194.65,685311.2955079998
1782723600,194.6,194.815,194.109,194.46,139134.30720299997
1782727200,194.24,194.655,194.141,194.41,149045.494923
1782730800,194.53,194.799,194.244,194.42,507822.80101799994
1782734400,194.38,194.59,193.93,194.415,381402.4854119999
1782738000,194.43,196.16,191.99,193.31,18480165.924863003
1782741600,193.33,194.945,189.81,194.91,30493092.709593
1782745200,194.83,195.09,193.6,193.98,17290498.626117002
1782748800,193.963,194.235,192.73,193.83,9456507.797837
1782752400,193.87,195.06,193.74,193.95,10197054.048132
1782756000,193.96,194.29,193.69,193.97,7288757.841159001
1782759600,193.97,195.18,193.81,194.93,18801133.031955004
1782763200,195.0,195.25,194.655,194.88,32372196.970012005
1782766800,194.92,195.029,194.835,195.0,1444116.8210980003
1782770400,195.05,195.233,194.79,195.04,280868.4691210001
1782774000,195.26,195.5,195.034,195.05,286572.33306800004
1782777600,195.01,195.7,194.39,194.73,64955.0
1782781200,194.78,195.36,194.41,194.97,48408.0
1782784800,194.96,195.13,194.4,194.89,26958.0
1782788400,194.91,195.69,194.86,195.2,33324.0
1782792000,195.24,195.95,195.21,195.74,49358.0
1782795600,195.74,195.88,195.29,195.56,29763.0
1782799200,195.52,195.62,194.95,195.31,51023.0
1782802800,195.29,195.64,195.13,195.39,27961.0
1782806400,195.69,195.698,194.575,195.01,411819.01717799995
1782810000,194.94,195.379,194.685,195.29,92528.85711100002
1782813600,195.28,196.224,195.15,196.155,214485.10389600004
1782817200,196.16,197.99,195.99,197.52,1080523.8205800003
1782820800,197.15,197.46,195.998,196.0,1250944.9711230004
1782824400,195.86,199.03,195.1,197.87,18907943.481954996
1782828000,197.84,198.75,196.45,197.06,17348062.40071699
1782831600,197.07,198.65,197.015,198.2,10331193.069067
1782835200,198.24,198.6,197.645,198.265,7871743.624494
1782838800,198.285,198.82,197.99,198.34,8163097.8070490025
1782842400,198.41,199.47,198.09,198.835,11735649.470088003
1782846000,198.85,200.63,198.01,199.93,30639841.0209
1782849600,199.745,200.209,199.391,199.6,55071744.362926014
1782853200,199.65,199.678,199.21,199.33,2834611.413659
1782856800,199.65,199.776,199.225,199.27,190033.18489899996
1782860400,199.36,199.525,199.245,199.37,359318.781634
1782864000,199.67,199.76,199.06,199.2,31070.0
1782867600,199.18,199.31,198.24,198.25,55317.0
1782871200,198.28,198.35,197.44,198.22,91207.0
1782874800,198.22,198.76,198.14,198.6,26503.0
1782878400,198.58,198.59,198.22,198.23,20289.0
1782882000,198.3,198.46,198.01,198.26,21230.0
1782885600,198.27,198.35,197.49,197.63,49175.0
1782889200,197.63,198.19,196.99,198.05,85569.0
1782892800,198.19,199.49,197.942,198.13,418924.4379189998
1782896400,198.48,198.71,198.327,198.47,115949.647582
1782900000,199.0,199.12,198.58,199.04,171722.82559900003
1782903600,199.37,199.494,198.6,198.7,420333.29510299995
1782907200,198.59,199.045,194.491,195.75,2264425.3826280003
1782910800,195.604,196.151,193.46,195.47,17256581.789141
1782914400,195.46,196.58,194.48,195.69,19206942.179609
1782918000,195.615,197.21,195.585,197.09,14982901.250303
1782921600,197.13,197.62,196.56,197.15,9014672.435703
1782925200,197.19,198.935,196.94,198.665,12776128.618335
1782928800,198.67,198.85,197.68,198.36,10912697.191175997
1782932400,198.38,199.85,197.24,197.54,24737415.870320007
1782936000,197.29,197.68,196.853,197.18,27678093.970038995
1782939600,197.49,197.803,197.2,197.66,2685399.305698999
1782943200,197.705,197.872,197.319,197.705,190246.89493200008
1782946800,197.45,197.87,197.033,197.45,259833.22948600003
1782950400,196.96,197.96,196.16,197.68,78609.0
1782954000,197.67,198.84,197.67,198.51,91362.0
1782957600,198.48,198.68,198.08,198.21,38663.0
1782961200,198.2,198.22,197.52,198.06,29894.0
1782964800,198.08,198.27,197.21,197.89,36635.0
1782968400,197.92,198.32,197.66,197.86,37620.0
1782972000,197.83,198.02,196.27,196.57,105424.0
1782975600,196.56,196.6,195.25,195.86,87189.0
1782979200,195.84,196.923,195.02,196.1,578777.1669940002
1782982800,196.01,196.24,195.716,195.98,108624.62368
1782986400,195.55,196.14,195.451,195.95,136943.10817800002
1782990000,196.32,197.007,196.043,196.99,501996.34905000014
1782993600,196.99,198.65,196.795,197.62,854940.497284
1782997200,197.7,198.93,196.79,198.9,13538149.944528
1783000800,198.88,200.055,195.215,196.23,20405304.894621
1783004400,196.27,196.46,194.02,194.47,17395712.867867004
1783008000,194.49,194.65,193.16,193.52,14008109.108814007
1783011600,193.495,193.71,192.34,192.555,11224989.409072
1783015200,192.555,193.94,192.5,193.38,10860345.089945
1783018800,193.42,195.01,192.54,194.51,20849342.078936003
1783022400,194.88,195.06,194.46,194.52,29428980.724155992
1783026000,194.36,194.56,194.128,194.39,1969316.7721330004
1783029600,194.56,194.749,194.475,194.49,216407.02689300006
1783033200,194.34,194.623,194.29,194.46,195916.5731800001
1783036800,194.41,194.413,194.41,194.413,5.0
1783040400,194.48,194.53,194.16,194.16,0.8957
1783044000,194.54,194.56,194.16,194.16,0.8274
1783047600,194.39,194.52,194.36,194.52,2.6066
1783051200,194.36,194.36,194.36,194.36,0.107
1783054800,194.38,194.55,194.35,194.55,1.4859
1783058400,194.57,194.63,194.55,194.63,4.8064
1783062000,194.61,194.64,194.55,194.64,0.6462
1783065600,194.64,194.64,194.64,194.64,0.1837
1783072800,194.55,194.67,194.55,194.67,1.702
1783076400,194.55,194.69,194.55,194.55,0.4181
1783080000,194.71,194.73,194.58,194.58,0.9291
1783083600,194.69,194.78,194.55,194.78,5.6068
1783087200,194.85,194.95,194.71,194.71,1.6129
1783090800,195.01,195.01,194.89,195.01,0.2207
1783094400,194.89,195.15,194.73,195.15,2.4499
1783098000,195.18,195.32,194.85,195.08,3.9059
1783108800,195.35,195.35,195.35,195.35,0.0517
1783112400,195.35,195.35,195.05,195.05,0.4133
1783116000,195.38,195.38,195.38,195.38,1.1145
1783119600,195.25,195.25,195.25,195.25,0.2171
1783123200,195.25,195.25,195.06,195.06,1.8936
1783126800,195.06,195.13,194.72,195.13,0.5734
1783130400,195.13,195.13,194.72,194.72,1.4719
1783134000,194.71,194.71,194.71,194.71,0.2
1783137600,195.13,195.13,195.13,195.13,0.2675
1783141200,195.13,195.13,195.13,195.13,0.2562
1783144800,194.7,194.7,194.55,194.55,3.6243
1783148400,194.55,195.44,194.55,195.2,4.5002
1783162800,195.08,195.46,195.07,195.46,0.2002
1783166400,195.2,195.5,195.2,195.37,0.2208
1783170000,195.08,195.51,194.88,195.28,0.6218
1783173600,195.21,195.21,194.55,194.55,3.8401
1783177200,195.21,195.28,195.21,195.28,0.1024
1783180800,195.28,195.28,194.55,195.28,1.3381
1783184400,194.55,194.55,194.55,194.55,3.531
1783188000,195.28,195.28,195.28,195.28,0.512
1783191600,195.28,195.62,195.28,195.62,6.9676
1783195200,195.48,195.48,195.41,195.41,0.5117
1783213200,195.67,195.69,195.41,195.41,0.5838
1783216800,195.69,195.71,195.41,195.71,1.4108
1783220400,195.58,195.58,195.58,195.58,0.1533
1783224000,195.73,195.73,195.73,195.73,0.0871
1783227600,195.6,195.73,195.6,195.6,0.3844
1783231200,195.73,195.73,195.6,195.6,0.6047
1783234800,195.74,195.74,195.74,195.74,0.2367
1783238400,195.74,195.74,195.74,195.74,0.1652
1783242000,195.74,195.75,195.6,195.75,0.5731
1783245600,195.75,195.84,195.75,195.84,1.7181
1783249200,195.88,195.88,195.88,195.88,0.5105
1783252800,195.63,195.63,195.63,195.63,0.1091
1783260000,195.89,196.31,195.89,196.18,19.5214
1783263600,196.35,196.53,196.05,196.36,4.7888
1783267200,196.54,196.55,196.3,196.55,1.396
1783274400,196.56,196.56,196.35,196.35,0.512
1783292400,196.34,196.79,196.34,196.61,13.969
1783296000,197.19,197.77,195.05,195.65,178020.0
1783299600,195.67,195.87,195.13,195.42,72829.0
1783303200,195.39,195.58,194.64,195.0,76229.0
1783306800,195.02,195.54,194.8,195.0,40859.0
1783310400,195.0,195.44,194.79,195.25,34553.0
1783314000,195.25,195.25,194.57,194.91,49541.0
1783317600,194.89,195.12,194.07,194.76,111891.0
1783321200,194.76,195.38,194.69,195.29,39254.0
1783324800,195.51,195.524,194.558,194.79,458270.0502290001
1783328400,195.22,195.406,194.881,195.078,109702.788651
1783332000,195.16,195.534,195.079,195.24,136408.63497399996
1783335600,195.31,195.935,195.18,195.56,582799.274984
1783339200,195.49,195.72,194.89,195.21,606809.6525590001
1783342800,195.23,196.65,193.99,196.28,14275760.402971
1783346400,196.29,197.41,195.67,196.04,14398547.882081004
1783350000,196.01,196.66,195.37,196.41,9330749.665315
1783353600,196.41,197.53,196.23,196.45,10055583.104169002
1783357200,196.45,196.875,195.635,195.7,7217008.432465999
1783360800,195.69,196.66,195.69,196.603,5943901.286988
1783364400,196.69,197.13,195.425,195.58,16210630.133295
1783368000,195.36,195.574,195.215,195.34,28391148.106224995
1783371600,195.31,195.589,195.27,195.42,180499.75741199998
1783375200,195.45,195.65,195.266,195.29,1807757.6130489996
1783378800,195.4,195.42,194.69,194.755,184539.03138799997
1783382400,194.84,195.24,194.58,194.68,47.0
1783386000,194.65,194.78,194.11,194.39,70028.0
1783389600,194.4,194.69,194.24,194.35,32846.0
1783393200,194.35,194.65,193.99,194.43,56398.0
1783396800,194.37,194.59,193.5,193.58,61678.0
1783400400,193.58,194.23,193.27,194.09,87729.0
1783404000,194.0,194.21,193.85,194.15,42648.0
1783407600,194.16,194.54,194.1,194.24,55681.0
1783411200,194.04,194.69,193.809,193.92,518925.01177900017
1783414800,193.97,194.11,193.753,194.0,142171.94345399993
1783418400,194.39,194.39,192.135,192.38,435293.992463
1783422000,192.265,192.48,190.61,191.41,1847402.7935999997
1783425600,191.53,192.786,191.417,192.36,1395724.770361
1783429200,192.318,193.21,191.44,192.645,14733113.012879
1783432800,192.625,193.49,191.15,192.62,17017739.958797
1783436400,192.59,194.785,192.32,194.71,12691261.376087002
1783440000,194.725,198.12,194.61,197.44,19170566.747729
1783443600,197.475,198.41,197.32,197.95,11697249.312115
1783447200,197.93,197.94,196.32,196.4,8781258.784101002
1783450800,196.41,197.01,195.47,196.98,16549529.469711998
1783454400,196.927,197.074,196.381,196.585,15723024.146818
1783458000,196.64,196.891,195.7,195.7,212877.10900400009
1783461600,195.59,195.975,195.575,195.92,852780.8064209998
1783465200,195.9,196.354,195.62,195.87,182139.193378
1783468800,195.85,197.8,195.69,197.58,90.510686
1783472400,197.56,197.91,196.81,197.09,49006.0
1783476000,197.04,197.09,196.36,196.92,40337.0
1783479600,196.95,197.72,196.95,197.3,32519.0
1783483200,197.33,197.46,196.55,196.72,30678.0
1783486800,196.77,196.98,195.74,195.89,55839.0
1783490400,195.87,196.03,195.4,195.9,55037.0
1783494000,195.86,196.48,195.38,196.22,49878.0
1783497600,196.36,196.78,193.49,194.44,663947.9020120001
1783501200,193.96,194.1,192.971,193.49,261010.323518
1783504800,193.29,194.255,193.093,193.86,237077.003345
1783508400,193.74,194.737,193.63,194.41,441445.27806100005
1783512000,194.6,195.412,194.263,195.36,546160.3705570002
1783515600,195.01,199.85,194.79,197.61,15625076.859941
1783519200,197.58,199.29,196.04,198.77,18816522.194191005
1783522800,198.775,199.435,196.405,197.22,14651682.162316995
1783526400,197.26,201.19,197.244,201.03,15935616.7369
1783530000,201.0,203.705,200.27,202.195,18319925.588713005
1783533600,202.157,204.195,201.94,204.122,14006304.965908
1783537200,204.165,205.15,203.77,204.06,24077010.324398004
1783540800,204.05,204.227,202.535,202.75,22189767.013417985
1783544400,202.91,203.43,202.585,203.39,388984.80997199996
1783548000,203.17,203.409,202.609,202.81,271145.05160400004
1783551600,203.22,203.626,202.855,203.46,311372.3879340002
1783555200,203.59,204.75,203.44,203.61,110059.0
1783558800,203.59,204.26,203.09,203.13,63551.0
1783562400,203.17,204.15,202.91,203.03,65583.0
1783566000,202.98,203.84,202.81,203.68,49468.0
1783569600,203.7,204.46,203.4,204.46,55785.0
1783573200,204.44,204.85,203.64,204.33,61229.0
1783576800,204.33,205.08,204.3,204.92,112306.0
1783580400,204.9,205.51,204.82,205.45,85457.0
1783584000,205.52,205.845,203.918,204.01,861998.8574150003
1783587600,204.3,204.635,204.086,204.56,186332.241878
1783591200,204.57,204.908,203.846,204.01,229012.96404700002
1783594800,204.47,205.757,204.168,205.37,835492.5975359998
1783598400,205.67,206.303,205.246,205.55,1014540.9070139996
1783602000,205.31,205.86,201.32,202.09,21039706.76342099
1783605600,202.032,202.13,198.97,201.287,36344030.505812
1783609200,201.3,202.2,201.0,201.74,11863504.886785999
1783612800,201.72,202.57,201.64,201.7,10773180.393895
1783616400,201.695,203.53,201.695,203.345,9627965.754922
1783620000,203.3,204.2,202.92,203.465,10812557.059547001
1783623600,203.49,204.585,202.58,202.705,16002854.346851002
1783627200,202.41,203.031,202.401,202.64,22123865.374955006
1783630800,202.61,202.93,202.54,202.69,491910.763616
1783634400,202.74,202.76,202.161,202.3,197471.45790399998
1783638000,202.394,202.664,202.169,202.296,401683.1276
1783641600,202.9,203.1,201.2,201.95,53463.0
1783645200,201.91,202.69,201.47,202.28,32814.0
1783648800,202.28,202.89,202.09,202.89,25171.0
1783652400,202.91,203.1,202.74,202.93,30825.0
1783656000,202.93,203.09,202.66,202.7,28691.0
1783659600,202.73,202.82,202.25,202.26,22648.0
1783663200,202.26,202.41,201.5,201.78,46637.0
1783666800,201.83,201.86,201.16,201.29,41052.0
1783670400,201.5,202.113,201.285,201.54,374275.41007600003
1783674000,201.02,201.825,201.01,201.67,126566.96115500004
1783677600,201.738,202.127,201.705,202.097,111125.786679
1783681200,202.096,202.284,201.311,201.313,622490.956955
1783684800,201.28,201.741,201.017,201.51,398696.3915859999
1783688400,201.69,207.42,201.467,207.34,19617999.849956
1783692000,207.32,208.135,205.75,206.11,24002330.973896008
1783695600,206.1,209.46,205.86,209.035,22474612.79758199
1783699200,209.04,210.57,208.92,209.64,16737815.872788
1783702800,209.615,210.88,209.5,210.39,12350830.002078999
1783706400,210.4,210.855,209.8,210.135,11528986.922086
1783710000,210.15,211.01,209.57,210.99,21824657.564352
1783713600,210.965,211.08,210.436,210.62,17612132.069309983
1783717200,210.51,210.637,210.266,210.32,368420.487732
1783720800,210.42,210.62,210.35,210.42,162653.36569
1783724400,210.62,210.638,210.416,210.575,311106.130359
1783728000,210.575,210.575,210.575,210.575,1000.0
1783731600,209.71,210.02,209.17,209.17,20.2691
1783735200,209.31,209.31,208.97,208.97,4.2593
1783738800,209.2,209.46,208.95,209.46,3.7389
1783742400,209.46,209.67,209.17,209.17,12.2846
1783746000,209.67,209.67,208.46,208.46,41.4471
1783749600,209.67,209.81,208.29,208.29,7.5259
1783753200,208.56,210.25,208.01,208.26,17.6811
1783756800,208.29,210.5,207.9,208.32,4.3023
1783760400,210.06,210.54,207.76,208.15,7.5624
1783764000,207.96,210.67,207.75,207.95,5.5756
1783767600,210.65,210.67,208.2,208.2,3.8415
1783771200,210.62,210.71,208.22,210.71,12.2255
1783774800,210.71,210.96,210.26,210.26,8.7922
1783778400,210.25,210.29,209.64,209.82,11.2486
1783782000,209.82,210.26,209.19,209.19,39.3294
1783785600,209.45,209.45,208.65,208.65,116.7271
1783789200,208.85,210.96,207.19,209.15,1484.0555
1783792800,209.15,210.34,208.2,208.3,130.7677
1783796400,209.6,209.6,208.3,208.3,5.3791
1783800000,209.6,210.84,208.3,208.3,7.6253
1783803600,209.6,209.6,208.3,208.3,9.8774
1783810800,208.3,208.61,208.06,208.06,7.2628
1783814400,208.61,208.78,208.06,208.06,0.6896
1783818000,208.78,209.01,208.06,208.06,6.0048
1783821600,209.0,209.0,208.06,208.06,4.2122
1783825200,209.0,209.6,208.06,208.06,23.7786
1783828800,209.3,210.96,207.48,210.18,310.5858
1783832400,210.16,210.96,210.04,210.58,29.8228
1783836000,210.83,210.83,210.0,210.0,16.7858
1783839600,210.2,210.44,209.98,210.01,1070.7034
1783843200,210.02,210.34,209.93,210.08,124.5615
1783846800,209.93,210.08,209.69,209.88,24.9328
1783850400,209.88,209.88,209.75,209.88,6.7264
1783854000,209.88,211.25,209.76,210.21,80.5746
1783857600,210.5,210.59,210.06,210.59,4.8891
1783861200,210.06,212.36,210.06,212.06,119.0129
1783864800,212.25,212.49,211.9,211.9,240.981
1783868400,212.35,212.9,211.66,212.43,5281.5176
1783872000,212.37,213.09,211.75,212.6,5875.3128
1783875600,211.81,212.93,211.67,212.59,2896.5951
1783879200,212.68,212.91,212.51,212.61,1204.6027
1783882800,212.56,212.61,211.6,211.6,23.4874
1783890000,212.45,212.53,211.57,212.37,3.6199
1783900800,210.1,212.1,209.11,209.4,280203.0
1783904400,209.37,209.67,208.02,208.11,175659.0
1783908000,208.09,208.88,207.74,207.81,93039.0
1783911600,207.8,208.06,207.35,207.74,124153.0
1783915200,207.75,207.77,207.05,207.41,80772.0
1783918800,207.39,208.35,206.57,207.63,114926.0
1783922400,207.7,208.12,206.69,206.74,166247.0
1783926000,206.75,207.4,206.51,206.59,129578.0
1783929600,206.87,209.971,205.907,207.04,1105768.7069410002
1783933200,207.64,208.49,207.195,208.0,216400.98026499996
1783936800,207.84,208.209,207.318,207.56,157419.15289500006
1783940400,207.91,208.762,207.794,208.1,756980.6436599998
1783944000,208.08,208.308,207.435,207.8,678047.8459999997
1783947600,208.12,210.58,207.02,208.81,15999499.011802
1783951200,208.71,209.555,206.655,207.38,15347558.313168999
1783954800,207.44,208.025,206.67,206.768,16244889.600728
1783958400,206.75,206.83,204.33,204.67,13400062.482664999
1783962000,204.67,205.16,203.47,203.645,10939378.278243
1783965600,203.64,204.45,203.355,203.78,9902062.964410001
1783969200,203.79,204.5,203.41,203.475,16659309.580044001
1783972800,203.81,203.898,202.8,203.61,23680685.223069996
1783976400,203.69,203.894,203.415,203.565,346578.4905079999
1783980000,203.65,203.959,203.32,203.41,206393.75364999994
1783983600,203.445,203.604,202.774,202.81,328983.1444450001
1783987200,203.69,205.02,203.05,204.97,153.0
1783990800,204.95,205.03,203.99,203.99,59124.0
1783994400,204.05,204.24,203.03,203.55,41879.0
1783998000,203.49,203.92,202.46,203.88,58615.0
1784001600,203.84,204.48,203.11,204.48,31617.0
1784005200,204.41,205.5,204.25,205.04,72763.0
1784008800,205.04,205.34,204.64,204.67,39274.0
1784012400,204.64,205.45,204.55,205.01,55776.0
1784016000,205.26,205.32,203.225,204.85,464935.55552800006
1784019600,204.87,204.95,204.405,204.56,87945.34328399997
1784023200,204.64,204.675,204.395,204.45,51260.162358
1784026800,204.56,206.602,204.374,206.22,1011613.6570110002
1784030400,206.19,207.863,205.618,207.05,1253825.1741219996
1784034000,207.11,208.46,203.79,204.96,14803456.803083997
1784037600,204.98,207.67,204.07,207.5,14731814.581061
1784041200,207.5,209.305,207.215,209.19,14142828.049728999
1784044800,209.235,210.91,208.31,210.86,9619617.896591
1784048400,210.88,211.5,210.52,211.3,12470924.010272998
1784052000,211.31,212.55,211.17,212.31,12040975.474999
1784055600,212.34,212.34,211.02,211.8,17774791.568592
1784059200,211.725,211.91,211.278,211.63,21603515.017575998
1784062800,211.65,211.675,211.425,211.51,226383.829442
1784066400,211.55,211.632,211.281,211.36,119902.39655399998
1784070000,211.32,211.87,211.276,211.83,253773.00575400004
1784073600,211.87,212.49,211.69,212.12,72719.0
1784077200,212.12,212.26,211.7,212.25,49601.0
1784080800,212.27,212.43,212.13,212.27,49074.0
1784084400,212.27,212.77,212.0,212.74,109311.0
1784088000,212.72,212.92,212.01,212.4,48037.0
1784091600,212.4,213.22,212.29,212.79,107586.0
1784095200,212.79,213.12,212.44,212.56,67457.0
1784098800,212.6,212.61,211.35,212.16,114426.0
1784102400,212.18,212.463,210.54,211.12,770179.4311309998
1784106000,211.18,211.36,210.792,210.86,103708.47147599999
1784109600,211.04,211.8,210.65,211.8,201806.975756
1784113200,211.71,212.01,211.243,211.36,478163.51051099994
1784116800,211.3,211.632,210.942,211.3,449755.5927200001
1784120400,211.5,213.77,210.71,211.96,13795391.361428998
1784124000,212.01,212.08,209.41,210.055,16219578.532144003
1784127600,210.01,210.21,208.37,208.65,13605175.394333998
1784131200,208.58,208.76,206.03,207.268,22818086.285355
1784134800,207.31,209.8,207.21,209.66,11149343.959626
1784138400,209.58,210.745,209.58,210.27,9297342.946799
1784142000,210.28,212.565,210.2,212.49,18719703.17841
1784145600,212.38,212.519,212.012,212.31,22942924.937609002
1784149200,212.1,212.299,211.753,211.91,319738.0430340001
1784152800,211.89,212.14,211.27,211.35,277583.3616450001
1784156400,211.685,211.784,211.115,211.258,314255.058539
1784160000,211.02,211.68,210.4,210.55,55.0
1784163600,210.54,211.44,210.24,211.11,54671.0
1784167200,211.11,211.66,210.71,211.56,35733.0
1784170800,211.61,211.92,211.24,211.48,30813.0
1784174400,211.56,211.64,211.06,211.1,15107.0
1784178000,211.12,212.03,211.02,211.27,47762.0
1784181600,211.26,212.93,210.64,211.05,79508.0
1784185200,211.0,211.05,210.35,210.6,48631.0
1784188800,211.17,211.17,208.925,210.026,679274.466274
1784192400,210.39,210.439,209.318,209.64,132054.10769499998
1784196000,209.88,210.409,209.216,209.51,187844.336639
1784199600,209.84,209.894,208.5,209.0,1060126.5454769998
1784203200,208.94,209.393,208.69,208.95,487196.385442
1784206800,209.12,211.03,207.195,207.51,13881226.391223997
1784210400,207.45,209.26,206.0,206.485,16617661.210966997
1784214000,206.49,207.92,205.84,207.621,21497260.66184
1784217600,207.635,208.18,206.46,207.195,10367051.158642998
1784221200,207.21,207.71,205.89,206.68,9261077.877698004
1784224800,206.665,207.41,206.27,207.03,10836965.259881
1784228400,207.085,207.64,205.95,207.47,20114920.703865
1784232000,207.33,207.463,206.791,206.96,23829580.84971399
1784235600,206.897,206.937,206.551,206.701,338009.851274
1784239200,206.625,206.889,206.141,206.27,392054.891693
1784242800,206.17,206.37,205.32,206.03,370976.90632899996
1784246400,206.0,206.66,205.01,205.71,67341.0
1784250000,205.75,206.18,204.35,204.61,83530.0
1784253600,204.64,204.77,203.29,203.74,137515.0
1784257200,203.75,204.86,203.52,203.73,72222.0
1784260800,203.7,203.7,202.31,202.51,136966.0
1784264400,202.52,202.68,201.42,202.13,143464.0
1784268000,202.11,203.12,201.8,202.01,144793.0
1784271600,201.98,202.06,200.86,201.11,160043.0
1784275200,201.77,205.222,200.237,201.21,1400278.6865630003
1784278800,201.09,201.953,200.834,201.71,320501.7479719999
1784282400,201.71,202.708,201.642,201.81,474911.43151000014
1784286000,201.77,202.692,201.74,202.468,1152012.384085
1784289600,202.21,202.529,201.51,202.38,1039158.0153880002
1784293200,202.21,203.42,197.98,201.725,35387245.218477994
1784296800,201.69,206.18,201.525,203.01,25002421.085572008
1784300400,203.04,205.39,202.41,205.12,13161157.858123995
1784304000,205.13,206.17,204.03,205.601,14596394.145525
1784307600,205.62,206.63,204.26,204.4,9385632.314129002
1784311200,204.47,204.71,202.8,203.335,10081779.349953998
1784314800,203.325,203.82,201.64,202.81,17745266.841540996
1784318400,202.75,202.822,202.23,202.8,17136208.801669
1784322000,202.75,202.804,202.59,202.68,177389.57288099997
1784325600,202.585,202.79,202.585,202.79,84564.82132400002
1784329200,202.69,202.75,202.43,202.52,165392.82293100003
1784332800,202.511,202.513,202.511,202.513,10.0203
1784336400,202.85,203.09,202.54,203.09,3.6045
1784340000,203.18,203.46,202.89,203.11,6.374
1784343600,203.21,203.67,203.2,203.32,4.7635
1784347200,203.54,203.82,203.0,203.0,4.9757
1784350800,203.8,203.88,203.0,203.0,6.2699
1784354400,203.8,204.0,203.0,204.0,9.0775
1784358000,203.5,204.0,203.0,203.0,2.0124
1784361600,203.9,203.9,203.0,203.0,2.2542
1784365200,203.9,203.9,203.0,203.0,4.051
1784368800,203.9,204.0,203.0,203.0,4.8897
1784372400,203.95,204.0,203.0,203.96,49.5752
1784376000,203.0,203.95,203.0,203.0,5.3178
1784379600,203.0,203.96,202.09,202.75,9.6147
1784383200,202.75,202.79,202.11,202.79,8.3804
1784386800,202.42,202.61,202.25,202.25,7.9284
1784390400,202.42,202.44,202.15,202.15,301.6742
1784394000,202.3,202.35,202.15,202.15,3.8461
1784397600,202.3,202.3,202.3,202.3,0.0499
1784401200,202.15,202.3,202.15,202.15,4.1445
1784404800,202.3,202.3,202.13,202.13,0.2308
1784408400,202.13,202.3,202.11,202.11,1.07
1784415600,202.35,202.35,202.35,202.35,0.1729
1784419200,202.33,202.35,202.03,202.15,5.0676
1784422800,202.15,202.32,202.02,202.32,3.8644
1784426400,202.31,202.35,202.01,202.01,6.5533
1784430000,202.24,202.32,201.87,201.87,2.5668
1784433600,202.0,202.11,201.68,201.68,2.0188
1784437200,201.85,201.94,201.54,201.75,4.1707
1784440800,201.49,201.75,201.3,201.3,6.2405
1784444400,201.47,201.68,201.31,201.31,3.6163
1784448000,201.68,201.75,201.14,201.14,5.5921
1784451600,201.49,202.56,201.0,202.4,469.2337
1784455200,202.4,202.4,201.01,201.01,2165.9154
1784458800,202.4,202.83,201.01,202.27,69.7096
1784462400,202.39,202.6,202.21,202.21,15.6148
1784466000,202.37,202.49,202.15,202.15,5.1395
1784469600,202.48,202.89,202.15,202.65,5.972
1784473200,202.89,202.97,202.63,202.74,8.9316
1784476800,202.95,203.36,202.73,203.12,10.784
1784480400,203.38,203.7,202.78,203.32,6.0559
1784484000,203.38,203.38,203.28,203.28,0.1275
1784487600,203.71,203.71,202.73,202.73,0.8528
1784491200,203.75,203.8,203.19,203.19,0.4993
1784494800,203.8,203.8,202.73,202.73,0.1493
1784498400,203.8,203.9,203.8,203.9,6.5766
1784502000,203.93,203.95,203.79,203.79,1.5204
1784505600,203.0,204.54,202.56,202.9,127764.0
1784509200,202.91,203.8,202.45,202.71,62291.0
1784512800,202.71,203.74,202.67,203.41,54197.0
1784516400,203.41,203.89,203.05,203.54,24210.0
1784520000,203.58,203.87,203.2,203.63,23322.0
1784523600,203.65,203.65,202.64,202.64,31525.0
1784527200,202.71,202.89,202.53,202.73,22607.0
1784530800,202.73,203.98,202.73,203.84,35262.0
1784534400,203.47,204.05,202.417,203.4,369018.4387729998
1784538000,203.49,204.259,203.374,204.09,75229.614049
1784541600,203.967,204.875,203.731,204.58,289134.229237
1784545200,204.61,206.33,204.58,205.82,650755.947386
1784548800,205.28,206.59,205.269,205.98,554780.853612
1784552400,205.62,207.72,205.095,205.85,12954955.536385998
1784556000,205.865,206.56,204.57,204.87,11346806.022943
1784559600,204.86,206.545,204.71,205.93,9971886.966489004
1784563200,205.935,206.33,203.665,204.02,8085860.565314
1784566800,204.03,204.715,203.05,204.405,7287493.038637999
1784570400,204.45,205.01,203.16,203.34,6667320.891762001
1784574000,203.354,203.44,202.28,203.321,18348243.896215
1784577600,203.23,203.344,202.425,202.71,16417724.410028003
1784581200,202.69,202.92,202.52,202.79,216789.78125199996
1784584800,202.7,202.92,202.305,202.46,149290.810233
1784588400,202.99,203.165,202.332,203.01,114179.99709199998
1784592000,203.16,203.48,202.3,203.11,300.0
1784595600,203.16,203.63,202.99,203.41,32316.0
1784599200,203.43,203.85,203.08,203.78,21463.0
1784602800,203.78,204.95,203.78,204.55,76388.0
1784606400,204.6,204.99,204.47,204.56,49482.0
1784610000,204.56,204.74,204.21,204.64,35725.0
1784613600,204.6,205.12,204.53,204.91,86605.0
1784617200,204.92,205.2,204.74,204.82,62669.0
1784620800,204.94,205.78,203.064,205.67,505181.18753400014
1784624400,205.68,205.86,205.364,205.55,146586.66297800004
1784628000,205.53,205.798,205.383,205.52,95569.81698499998
1784631600,205.61,206.093,205.161,206.0,440300.8749169999
1784635200,206.07,206.329,205.505,206.17,504574.16203500004
1784638800,206.03,208.61,204.84,205.45,14965731.560265997
1784642400,205.445,205.92,204.01,205.841,18206863.584481
1784646000,205.79,206.81,205.47,205.78,15169490.44903
1784649600,205.79,206.55,204.83,205.45,10305315.673072996
1784653200,205.465,206.95,205.29,206.24,10588029.473486
1784656800,206.27,207.32,205.96,207.21,7489012.242648999
1784660400,207.16,207.82,206.49,207.24,16288581.515544996
1784664000,207.04,207.302,206.518,206.76,18597860.103340004
1784667600,206.74,207.064,206.74,206.79,151140.49333200004
1784671200,206.8,206.8,206.205,206.41,333641.550015
1784674800,206.41,206.577,206.252,206.32,122375.162678
1784678400,206.21,206.81,206.12,206.59,47376.0
1784682000,206.59,206.6,205.94,206.3,36720.0
1784685600,206.32,206.45,205.95,206.03,20988.0
1784689200,206.01,206.41,205.83,205.92,27116.0
1784692800,205.95,206.21,205.71,205.96,16776.0
1784696400,205.97,206.01,205.12,205.36,91819.0
1784700000,205.3,205.41,204.66,205.29,64898.0
1784703600,205.31,205.78,205.12,205.51,38257.0
1784707200,205.4,206.213,204.679,205.25,470344.92029900005
1784710800,205.132,205.483,205.002,205.233,129897.733602
1784714400,205.48,205.961,205.234,205.91,151146.44388699994
1784718000,205.9,206.061,204.8,204.91,407066.58588599984
1784721600,204.86,205.348,204.49,205.01,836911.076702
1784725200,205.44,208.2,205.01,207.77,11796904.647541
1784728800,207.71,209.495,206.46,209.18,15262487.107813999
1784732400,209.19,213.61,209.1,213.23,27676905.222643003
1784736000,213.19,214.32,212.91,214.01,17812938.716099996
1784739600,214.041,214.4,213.19,213.603,16347715.66832
1784743200,213.58,213.975,213.47,213.76,9039165.889773
1784746800,213.76,214.195,211.72,212.06,20329071.806786995
1784750400,212.06,212.914,211.812,212.74,20518404.292630985
1784754000,212.99,214.472,210.25,210.81,1371222.5623919999
1784757600,211.36,211.409,210.367,211.23,312904.1387979998
1784761200,210.91,212.03,210.825,212.03,225605.96057099997
1784764800,212.31,213.3,211.94,212.97,5.0
1784768400,212.99,213.27,212.09,212.2,45647.0
1784772000,212.19,212.39,211.04,211.63,49535.0
1784775600,211.66,211.77,211.01,211.64,19534.0
1784779200,211.61,212.39,211.21,212.13,22141.0
1784782800,212.1,212.49,211.65,211.84,22553.0
1784786400,211.83,211.99,211.26,211.38,30139.0
1784790000,211.38,211.39,209.99,210.79,62496.0
1784793600,211.0,211.81,210.607,211.07,398730.5048910001
1784797200,211.36,211.795,210.77,210.9,107691.22101500005
1784800800,210.39,210.94,210.325,210.94,153059.32935899994
1784804400,210.9,211.214,209.76,210.23,521643.5160519999
1784808000,210.48,210.653,208.969,209.16,874876.6147249999
1784811600,209.01,210.84,208.298,208.96,14258468.772555
1784815200,208.98,209.94,207.21,207.378,19710758.26528
1784818800,207.3,208.25,205.95,208.18,14347846.951309998
1784822400,208.23,210.39,208.045,209.91,10682398.110726003
1784826000,209.82,210.42,209.0,209.07,7176130.641317
1784829600,209.06,209.1,207.345,207.685,8586502.437554002
1784833200,207.7,208.94,206.89,208.77,15459453.074483002
1784836800,208.94,210.0,208.747,209.15,22455998.930866987
1784840400,209.124,209.194,208.07,208.4,436903.815807
1784844000,208.26,208.441,207.6,208.14,237028.4363160001
1784847600,208.42,208.43,207.79,207.93,116311.443791
1784851200,208.2,208.31,207.36,207.9,165.0
1784854800,207.93,208.22,207.36,207.47,21969.0
1784858400,207.48,207.53,206.5,206.64,49735.0
1784862000,206.64,207.21,206.52,206.54,27037.0
1784865600,206.57,207.09,206.11,207.09,45893.0
1784869200,207.1,207.41,206.93,206.94,17141.0
1784872800,206.96,207.0,206.18,206.5,37504.0
1784876400,206.52,207.83,206.52,207.53,52258.0
1784880000,206.99,207.888,206.905,207.41,349891.064209
1784883600,207.69,208.475,207.38,208.37,62151.282883999986
1784887200,208.359,208.365,207.542,207.944,55518.299395
1784890800,208.11,208.7,207.941,208.65,198169.582981
1784894400,208.7,208.93,207.922,207.97,280979.153165
1784898000,207.99,208.57,205.67,206.23,11341104.601119999
1784901600,206.35,209.565,206.24,209.52,15762907.636367
1784905200,209.52,210.36,208.64,210.19,12584830.130888997
1784908800,210.15,211.9,209.78,210.25,14074969.542317998
1784912400,210.24,210.53,209.54,209.69,7452989.101808
1784916000,209.7,209.9,206.02,206.27,13413427.421477001
1784919600,206.26,207.16,204.84,206.95,22454245.891798005
1784923200,206.87,207.13,206.598,207.07,16378193.248542003
1784926800,206.9,207.005,206.7,206.84,240885.89855600003
1784930400,206.64,206.955,206.615,206.64,80232.43197199999
1784934000,206.64,206.855,206.455,206.75,108114.143587
1784937600,206.787,206.793,206.787,206.793,120.0
1784941200,204.81,211.47,204.8,207.89,1.986
1784944800,207.4,211.47,204.91,205.6,17.5519
1784948400,204.91,208.33,204.72,204.72,10.1347
1784952000,206.91,206.91,204.63,204.93,15.5877
1784955600,205.61,208.33,204.5,204.5,11.914
1784959200,210.6,210.6,202.92,206.23,6.5353
1784962800,207.17,207.48,202.92,207.0,3.6609
1784966400,207.0,207.0,202.92,204.0,9.0826
1784970000,206.93,208.4,202.92,206.68,7.7467
1784973600,206.93,207.0,202.92,206.79,3.6781
1784977200,207.0,207.4,202.92,206.59,11.2964
1784980800,207.2,207.2,205.66,205.66,2.981
1784984400,205.47,206.97,203.87,206.97,6.2588
1784988000,206.97,207.0,203.87,203.89,5.4302
1784991600,207.0,207.0,203.87,203.88,2.8414
1784995200,207.0,207.0,203.88,206.8,2.2577
1784998800,203.88,205.1,203.87,203.87,8.3114
1785002400,204.35,208.23,204.35,208.23,6.9149
1785006000,208.22,208.23,205.26,205.26,2.3418
1785009600,206.76,206.76,206.76,206.76,0.4445
1785013200,208.23,208.23,206.73,206.73,2.1623
1785016800,206.73,208.2,206.71,206.71,0.3007
1785020400,208.2,208.2,206.64,206.64,0.2532
1785024000,208.23,208.33,206.6,208.07,2.811
1785027600,208.08,209.0,205.26,208.47,1.4778
1785031200,209.0,210.0,205.78,207.08,8.4888
1785034800,208.28,210.0,206.73,206.73,9.7021
1785038400,210.0,210.0,205.26,205.26,6.1574
1785042000,206.57,210.0,205.26,209.99,3.8095
1785045600,205.27,209.99,203.87,205.94,2.7605
1785049200,210.0,210.0,203.87,204.64,6.214
1785052800,208.34,208.34,206.33,207.39,13.6902
1785056400,207.24,207.7,207.2,207.59,5.7299
1785060000,207.7,208.33,207.54,207.95,4.7874
1785063600,208.33,208.53,207.47,208.37,8.3849
1785067200,208.37,208.62,208.37,208.47,3.0209
1785070800,208.37,208.85,206.94,208.63,6.7291
1785074400,208.63,209.17,206.94,206.94,2.095
1785078000,207.17,209.42,207.17,209.42,4.2594
1785081600,209.61,209.63,207.1,207.1,2.2988
1785085200,209.34,209.34,206.93,206.93,0.9643
1785088800,209.1,209.1,206.93,206.93,0.2911
1785092400,209.1,209.1,206.93,209.1,0.3753
1785096000,209.34,209.7,206.88,209.7,1.4455
1785099600,209.7,209.7,206.88,206.88,1.4131
1785103200,209.7,209.7,206.92,206.92,0.1221
1785106800,209.5,209.7,206.92,207.0,1.7625
1785110400,212.66,212.66,207.51,208.82,161004.0
1785114000,208.8,209.27,207.7,208.79,113242.0
1785117600,208.82,209.28,208.55,208.88,33364.0
1785121200,208.88,209.04,208.44,208.58,13293.0
1785124800,208.58,208.83,208.35,208.6,19310.0
1785128400,208.62,209.26,208.54,209.15,33799.0
1785132000,209.19,209.76,209.15,209.19,53665.0
1785135600,209.17,209.48,208.97,208.98,40407.0
1785139200,206.794,209.599,206.794,209.498,525412.651422
1785142800,209.18,209.5,209.07,209.16,98088.73438400001
1785146400,208.67,209.206,208.481,208.92,162401.140821
1785150000,208.43,208.61,207.853,208.2,501278.171626
1785153600,208.47,208.549,207.972,208.29,327972.082322
1785157200,208.38,208.89,201.2,201.75,19566079.501518
1785160800,201.8,202.92,197.415,199.77,29512765.018847
1785164400,199.79,199.9,195.92,197.61,21401199.851678
1785168000,197.63,198.52,196.18,196.342,19953721.172226
1785171600,196.305,196.82,195.45,196.785,11939461.117894
1785175200,196.82,197.65,196.05,197.44,10118639.241713
1785178800,197.41,198.03,196.33,196.545,21061072.826031998
1785182400,196.56,197.124,196.437,196.97,23589661.932597995
1785186000,196.99,197.15,196.883,197.0,372549.713539
1785189600,197.0,197.055,196.287,196.44,296659.3841069999
1785193200,196.27,196.51,196.103,196.2,273727.985707
1785196800,196.65,196.65,195.58,195.61,5.0
1785200400,195.64,195.75,194.76,194.87,102091.0
1785204000,194.81,194.81,193.84,194.13,124733.0
1785207600,194.17,195.01,193.71,194.81,76927.0
1785211200,194.8,194.83,193.76,194.01,46800.0
1785214800,194.08,194.39,193.07,193.12,112394.0
1785218400,193.13,194.08,193.0,193.92,139630.0
1785222000,194.0,194.28,193.56,193.89,99396.0
1785225600,193.8,195.714,193.257,194.65,857417.3989950002
1785229200,194.29,194.682,194.084,194.46,219982.36796799998
1785232800,194.66,194.815,193.778,194.5,290312.322713
1785236400,194.53,195.67,194.058,195.67,1107443.806199
1785240000,195.64,196.035,195.35,195.5,1471656.2835550003
1785243600,195.55,196.211,192.8,193.65,20298719.796350002
1785247200,193.62,197.6,192.76,196.79,24704713.150825996
1785250800,196.77,198.61,195.87,198.32,15969354.321437001
1785254400,198.39,198.69,196.61,198.01,12198175.113326998
1785258000,198.0,198.23,196.68,197.09,7938506.948402999
1785261600,197.14,197.4,196.53,197.085,7992497.3052400015
1785265200,197.08,198.14,196.8,197.04,18841768.382418998
1785268800,196.91,197.563,196.051,197.25,20756949.066187996
1785272400,197.21,197.235,196.867,196.99,184309.22146299988
1785276000,197.09,197.23,195.5,195.5,347537.627043
1785279600,195.45,197.687,195.082,197.67,613743.4288
1785283200,197.62,198.6,196.76,197.14,12.0
1785286800,197.12,197.32,194.99,195.15,67491.0
1785290400,195.15,196.62,195.04,195.99,60297.0
1785294000,196.0,196.5,194.74,194.91,74584.0
1785297600,194.92,195.17,194.09,194.91,125402.0
1785301200,194.93,196.12,194.66,195.22,84217.0
1785304800,195.22,196.74,194.57,196.58,88808.0
1785308400,196.56,197.01,196.14,196.45,59024.0
1785312000,196.38,197.401,195.658,196.52,659909.6585649995
1785315600,197.16,198.168,196.35,198.06,184607.82871299997
1785319200,198.085,198.23,196.855,196.88,228524.375985
1785322800,197.01,197.675,196.764,197.43,949059.0623639999
1785326400,197.25,197.475,196.313,197.07,284359.54160299996
1785330000,196.6,197.07,192.69,193.365,12319061.760418002
1785333600,193.36,193.64,190.935,192.495,20236251.473265998
1785337200,192.5,193.17,191.43,191.85,11513188.207766997
1785340800,191.89,192.17,190.69,191.98,15570513.733702999
1785344400,191.99,193.07,191.71,192.288,14734347.787816
1785348000,192.33,196.17,192.29,195.91,17104921.196051996
1785351600,195.99,196.31,190.035,190.06,28720927.715917002
1785355200,190.24,190.275,188.89,189.73,27689627.827597
1785358800,189.98,190.11,188.813,189.24,824318.8579
1785362400,189.59,192.063,189.245,190.95,737409.6161979998
1785366000,191.01,191.753,190.946,191.27,296764.9588459999
1785369600,191.61,192.07,190.91,191.28,9.0
1785373200,191.29,193.41,191.29,192.78,107734.0
1785376800,192.75,192.82,191.38,191.41,74147.0
1785380400,191.42,191.62,190.67,191.23,53680.0
1785384000,191.32,191.67,190.47,190.66,51104.0
1785387600,190.64,191.76,190.38,191.47,60535.0
1785391200,191.49,191.97,191.14,191.22,56128.0
1785394800,191.2,191.86,190.49,190.84,66810.0
1785398400,191.27,191.855,190.168,191.8,540947.9666089998
1785402000,192.0,192.674,191.556,192.24,180393.65400399995
1785405600,192.63,192.8,191.499,192.43,173721.559358
1785409200,192.62,193.634,192.367,193.46,601438.9004059999
1785412800,193.3,194.298,193.16,194.1,994395.062592
1785416400,194.118,195.61,191.51,195.52,20180284.412609998
1785420000,195.525,197.24,194.24,194.84,21981907.287742995
1785423600,194.84,195.32,192.75,193.15,16212867.318860002
1785427200,193.12,194.365,192.7,193.42,10627096.582799995
1785430800,193.403,194.04,193.06,193.743,10703106.850278
1785434400,193.746,194.065,193.14,193.534,10984465.992154
1785438000,195.03,195.33,194.97,195.04,22323181.090222
1785441600,195.4,196.329,195.089,195.8,23447315.509484977
1785445200,195.41,196.75,195.2,195.53,579749.614859
1785448800,195.39,196.215,195.244,195.94,408106.74084599986
1785452400,196.13,196.83,196.055,196.83,287596.216203
1785456000,196.11,197.94,196.11,197.9,110463.0
1785459600,197.94,198.64,197.49,197.56,160877.0
1785463200,197.57,197.98,196.73,197.47,105845.0
1785466800,197.47,197.93,197.23,197.57,51910.0
1785470400,197.61,198.71,197.28,198.4,53459.0
1785474000,198.42,198.72,198.01,198.49,78911.0
1785477600,198.5,198.77,197.02,197.45,116904.0
1785481200,197.41,198.89,197.16,198.34,133405.0
1785484800,198.13,198.732,196.834,198.46,777187.9157719995
1785488400,198.53,198.655,197.761,197.95,146025.94717699997
1785492000,197.71,198.2,197.625,197.88,122909.85736999997
1785495600,197.99,198.167,197.215,197.51,721241.2964570002
1785499200,197.28,197.584,196.42,196.8,603277.8217439997
1785502800,196.859,200.1,196.787,197.667,21838721.533478
1785506400,197.62,198.915,194.94,198.112,20275011.455464
1785510000,198.13,198.32,195.24,196.31,16160857.966576
1785513600,196.276,198.5,196.19,198.244,12100525.986311
1785517200,198.21,199.96,198.15,199.485,12192481.026469
1785520800,199.475,199.775,198.48,198.96,12004880.989339
1785524400,198.92,201.98,198.285,200.68,30405691.282582
1785528000,200.77,200.822,199.51,199.51,30491465.362437993
1785531600,199.82,199.98,198.9,198.95,354601.027699
1785535200,198.95,199.27,198.925,199.0,216522.00403100002
1785538800,198.951,199.125,198.948,198.948,168500.328584
1785542400,198.947,198.947,193.69,197.69,0.6081
1785546000,197.72,197.72,197.72,197.72,0.1
1785549600,197.72,200.0,193.71,194.0,4.2111
1785553200,200.0,201.39,193.72,201.38,10.4125
1785556800,201.38,202.25,193.82,199.39,15.9636
1785560400,199.39,202.2,199.15,202.17,16.0669
1785564000,202.17,202.2,199.1,199.1,7.1986
1785567600,202.19,202.2,199.47,199.47,0.4335
1785571200,202.2,202.2,199.03,199.03,2.9121
1785574800,199.04,200.0,196.0,196.0,3.92
1785578400,197.84,199.48,197.84,199.48,1.4998
1785582000,199.19,200.34,198.1,199.49,7.4208
1785585600,200.2,200.48,199.49,199.49,4.4906
1785589200,200.38,200.48,199.49,199.81,8.8424
1785592800,199.8,200.0,199.61,199.72,3.598
1785596400,199.72,200.0,199.49,199.49,10.6928
1785600000,200.06,200.56,199.49,200.13,21.0828
1785603600,200.2,200.2,200.2,200.2,0.3496
1785607200,200.1,200.14,200.09,200.14,4.1215
1785610800,200.04,200.04,200.04,200.04,2.0
1785614400,200.14,200.14,200.0,200.0,60.9595
1785618000,200.0,200.0,199.71,199.71,0.1744
1785621600,199.92,200.2,199.92,200.2,0.116
1785625200,200.2,200.61,199.71,199.98,0.511
1785628800,199.98,200.07,199.71,199.71,0.3508
1785632400,199.69,199.79,199.64,199.72,2.1547
1785636000,199.79,199.87,199.61,199.61,2.425
1785639600,199.74,199.86,199.56,199.86,2.8686
1785643200,200.01,200.1,199.41,199.41,1930.7618
1785646800,199.59,199.59,199.39,199.48,0.5288
1785650400,199.48,199.59,199.25,199.25,5.371
1785654000,199.24,199.27,199.04,199.16,46.9088
1785657600,199.27,199.27,199.02,199.06,3.8224
1785661200,199.01,199.27,198.97,198.97,12.5676
1785664800,199.08,199.08,198.92,198.92,0.337
1785668400,199.01,199.01,198.92,198.92,0.5003
1785672000,199.03,199.03,198.85,198.85,1.3916
1785675600,198.84,199.43,198.84,198.88,31.3632
1785679200,198.98,199.34,198.7,198.7,11.995
1785682800,198.65,199.51,198.63,199.51,16.8155
1785686400,199.51,199.68,199.51,199.68,7.2161
1785690000,199.73,200.06,198.61,198.61,14.8369
1785693600,198.62,199.92,198.62,199.92,0.2814
1785697200,200.05,200.12,198.62,200.12,17.228
1785700800,200.12,200.23,198.66,198.66,36.5363
1785704400,198.62,198.64,198.06,198.06,112.6021
1785708000,198.33,198.63,198.17,198.17,36.6795
1785711600,198.2,199.2,198.2,199.2,43.4492
1785715200,202.43,202.43,200.43,201.49,128417.0
1785718800,201.5,201.95,201.29,201.9,64175.0
1785722400,201.88,202.16,201.65,201.92,63192.0
1785726000,201.93,202.2,201.71,202.0,29308.0
1785729600,202.02,202.71,201.95,202.42,48105.0
1785733200,202.41,202.54,201.88,201.98,28938.0
1785736800,201.97,202.08,201.55,201.61,30158.0
1785740400,201.61,202.02,201.24,201.49,41901.0
1785744000,200.55,201.464,198.946,200.75,559215.1486279998
1785747600,200.62,200.81,200.441,200.62,122924.09343599998
1785751200,200.54,200.723,199.73,200.33,184079.690592
1785754800,200.18,200.285,198.313,198.52,526135.6031360002
1785758400,198.605,198.86,197.99,198.633,1888112.945389
1785762000,198.634,202.34,196.88,202.209,19600427.561665
1785765600,202.219,206.59,201.525,206.28,32066562.270588
1785769200,206.295,207.39,206.1,206.775,16118230.515112005
1785772800,206.77,207.49,206.63,206.88,8237014.232170001
1785776400,206.88,208.71,206.82,208.23,11584724.843978003
1785780000,208.14,208.73,207.57,208.17,8686606.412123
1785783600,208.15,208.7,205.94,206.72,23780016.375899
1785787200,206.63,206.943,206.092,206.85,22015311.431611996
1785790800,206.65,206.825,206.58,206.66,175515.149652
1785794400,206.88,207.359,206.755,207.01,165963.96821400002
1785798000,206.88,207.05,206.783,206.9,142282.270583
1785801600,206.75,207.01,205.61,205.87,83592.0
1785805200,205.88,207.6,205.55,207.53,54727.0
1785808800,207.54,207.59,206.62,206.88,30290.0
1785812400,206.83,207.22,206.37,207.18,33748.0
1785816000,207.18,207.41,206.92,207.33,37799.0
1785819600,207.27,207.91,206.97,207.9,33506.0
1785823200,207.9,208.22,207.46,207.58,63355.0
1785826800,207.54,208.51,207.48,208.07,53452.0
1785830400,208.57,208.695,206.975,208.11,471219.2214829999
1785834000,208.01,208.611,207.896,208.46,145892.64941299998
1785837600,208.45,208.81,208.267,208.8,187635.319922
1785841200,209.27,210.66,208.615,210.49,1256315.2788059996
1785844800,210.557,210.557,209.79,209.951,1029118.439243
1785848400,209.99,212.15,209.22,210.04,18691806.976339005
1785852000,210.02,211.02,209.07,209.57,17621003.461074997
1785855600,209.55,210.955,209.51,210.785,10878942.888467003
1785859200,210.77,210.92,209.95,210.62,8733200.762481
1785862800,210.603,212.13,210.6,211.517,16599024.303975
1785866400,211.513,213.0,211.06,212.939,18627932.69256
1785870000,212.93,213.07,211.79,211.79,24276635.938569
1785873600,211.62,213.9,209.51,213.77,29147412.956860997
1785877200,213.77,217.1,213.37,214.91,3033378.997389999
1785880800,215.34,216.57,214.869,216.57,673467.5992960002
1785884400,216.39,217.09,216.065,216.56,785576.6240419999
1785888000,216.12,216.68,216.0,216.25,87667.0
1785891600,216.22,216.44,215.72,216.17,101667.0
1785895200,216.19,216.4,215.93,216.37,45671.0
1785898800,216.36,216.59,216.23,216.56,41560.0
1785902400,216.56,216.97,216.32,216.85,51596.0
1785906000,216.83,217.47,216.73,217.36,101328.0
1785909600,217.34,217.4,216.93,217.27,65519.0
1785913200,217.22,217.33,216.45,216.61,93907.0
1785916800,216.56,217.426,215.558,215.99,1005514.6997169995
1785920400,215.81,216.301,215.59,215.96,219925.58835499996
1785924000,215.67,216.64,215.67,216.61,279286.507393
1785927600,216.45,216.5,215.22,215.62,769839.1685020003
1785931200,215.69,215.794,214.79,215.093,1749789.205813
1785934800,215.19,221.77,214.95,221.14,34819314.270316
1785938400,221.155,222.21,218.34,218.82,25813483.520410005
1785942000,218.84,220.31,218.47,219.05,14214961.996890001
1785945600,219.04,221.59,218.97,221.372,19070420.79517
1785949200,221.35,221.56,220.6,220.755,9768496.448264
1785952800,220.81,221.91,220.59,221.74,10883053.424601998
1785956400,221.745,222.18,218.9,219.15,24506224.894755002
1785960000,219.184,220.147,218.88,219.965,19420784.488591
1785963600,219.96,220.086,219.326,219.82,1052903.05144
1785967200,219.88,221.13,219.829,221.13,488156.1797520001
1785970800,220.84,220.995,220.519,220.6,268194.62323100003
1785974400,220.48,220.74,219.56,219.59,56134.0
1785978000,219.59,219.6,218.5,219.01,117399.0
1785981600,219.03,220.51,218.8,220.36,99398.0
1785985200,220.36,220.6,219.48,219.99,64882.0
1785988800,219.99,220.42,219.64,220.07,32179.0
1785992400,220.07,220.27,219.8,220.21,26598.0
1785996000,220.21,220.26,218.96,219.34,70800.0
1785999600,219.36,219.8,219.14,219.17,36513.0
1786003200,219.2,220.654,218.451,219.61,502450.377822
1786006800,219.43,219.68,218.78,219.33,127958.42441700002
1786010400,219.63,219.825,219.08,219.26,95945.71389099998
1786014000,219.19,222.309,218.838,221.86,1162065.872643
1786017600,221.71,222.045,220.65,221.39,1039217.441343
1786021200,221.29,223.62,220.06,222.14,19302038.839590997
1786024800,222.18,222.63,218.84,219.136,27312401.887615
1786028400,219.141,219.32,217.295,217.9,17898898.576146
1786032000,217.95,219.44,217.46,219.37,10268788.157156
1786035600,219.415,219.75,218.57,219.61,7237813.444132001
1786039200,219.62,220.69,219.03,219.455,8978666.249922
1786042800,219.54,220.355,218.585,218.99,15410705.892253004
1786046400,218.826,219.201,218.63,218.975,15528193.406759998
1786050000,218.91,219.172,218.731,218.91,303685.9815270001
1786053600,219.1,219.642,218.745,219.53,173344.09040800002
1786057200,219.53,219.71,219.425,219.49,110820.29239399999
1786060800,219.85,220.01,219.09,219.56,366.260249
1786064400,219.53,219.6,218.75,218.91,40641.0
1786068000,218.92,219.18,218.72,219.09,21939.0
1786071600,219.08,219.16,218.86,218.87,16271.0
1786075200,218.95,219.11,218.64,218.89,17320.0
1786078800,218.88,219.16,218.87,218.96,16478.0
1786082400,218.99,219.46,218.88,219.37,45034.0
1786086000,219.33,219.84,219.26,219.78,50463.0
1786089600,219.7,220.1,219.498,219.85,352569.8872949999
1786093200,219.882,220.075,219.442,219.442,154798.443684
1786096800,219.33,219.619,219.28,219.43,118080.41688199999
1786100400,219.62,220.559,219.343,219.74,386398.06324200006
1786104000,220.15,221.625,219.654,221.41,1016894.5089929998
1786107600,221.141,223.18,220.567,222.505,11205242.497826
1786111200,222.478,223.775,220.93,223.17,19045374.270212
1786114800,223.17,224.77,223.146,223.8,13578297.261332994
1786118400,223.81,223.89,221.91,221.91,11805782.538608996
1786122000,221.88,222.365,221.56,222.09,7290448.714831001
1786125600,222.11,222.39,221.76,222.29,7789746.523284
1786129200,222.175,224.22,222.175,223.94,20357972.256874
1786132800,223.91,223.938,223.292,223.5,17618634.54822501
1786136400,223.4,223.65,223.097,223.38,228527.00119099993
1786140000,223.22,223.425,223.205,223.22,92668.888396
1786143600,223.7,223.874,223.375,223.8,127304.47322500004
1786147200,223.775,223.775,223.775,223.775,30.0
1786150800,223.63,223.63,223.41,223.46,0.5353
1786154400,223.46,223.86,223.21,223.28,1.334
1786158000,223.08,223.93,223.01,223.74,6.3289
1786161600,223.69,223.82,223.43,223.52,12.5671
1786165200,223.56,223.56,223.35,223.41,2.9649
1786168800,223.48,223.65,223.32,223.65,12.1096
1786172400,223.64,223.71,222.92,222.92,15.7881
1786176000,223.07,223.23,222.58,222.82,12.5225
1786179600,222.9,223.61,222.39,223.34,22.5802
1786183200,223.46,223.47,223.01,223.05,17.2619
1786186800,223.17,223.2,222.5,222.8,5.3139
1786190400,222.88,223.6,222.5,223.22,23.8765
1786194000,223.07,223.07,222.13,222.51,8.7094
1786197600,222.54,222.87,222.15,222.87,7.6296
1786201200,222.69,223.17,222.32,222.95,7.3964
1786204800,223.1,223.2,222.71,222.81,5.0773
1786208400,223.0,223.84,222.73,223.47,14.8468
1786212000,223.54,223.64,223.13,223.34,15.9091
1786215600,223.43,223.85,222.84,223.35,10.6574
1786219200,223.47,223.63,223.32,223.32,4.0498
1786222800,223.46,223.98,223.3,223.79,6.8563
1786226400,223.89,223.89,223.62,223.73,1.0062
1786230000,223.73,223.95,223.62,223.86,1.9602
1786233600,223.95,223.95,223.71,223.71,3.9682
1786237200,223.77,223.88,223.61,223.82,4.8226
1786240800,223.82,224.1,223.7,223.7,9.607
1786244400,223.69,223.89,223.62,223.89,4.956
1786248000,223.89,223.89,223.54,223.54,7.2139
1786251600,223.54,224.84,223.49,224.52,35.9481
1786255200,224.53,224.74,224.28,224.3,18.0881
1786258800,224.61,224.67,224.28,224.28,5.7113
1786262400,224.28,224.72,224.14,224.46,10.1533
1786266000,224.57,224.75,224.14,224.72,7.1629
1786269600,224.14,224.75,224.11,224.11,5.2836
1786273200,224.21,224.51,224.11,224.11,1.7343
1786276800,224.53,224.69,224.11,224.11,4.4687
1786280400,224.7,224.85,224.12,224.38,2.1869
1786284000,224.38,224.38,223.54,223.81,69.7431
1786287600,223.81,223.83,223.52,223.83,11.5454
1786291200,223.83,223.87,223.55,223.87,12.87
1786294800,223.87,223.87,223.64,223.64,9.7572
1786298400,223.8,224.69,223.54,224.33,93.2635
1786302000,224.63,224.69,224.33,224.69,2.0432
1786305600,224.73,224.98,224.3,224.64,7.9921
1786309200,224.57,224.73,224.55,224.55,10.4952
1786312800,224.8,224.82,224.8,224.82,0.6014
1786316400,224.82,224.92,224.59,224.83,5.0989
1786320000,224.01,225.16,223.82,224.07,159530.0
1786323600,224.07,224.75,224.0,224.55,45094.0
1786327200,224.56,224.76,224.36,224.65,24375.0
1786330800,224.67,224.75,224.49,224.63,14938.0
1786334400,224.62,224.82,224.48,224.61,22767.0
1786338000,224.62,224.99,224.62,224.98,32475.0
1786341600,224.97,225.14,224.5,224.7,67233.0
1786345200,224.69,225.16,224.53,225.01,72009.0
1786348800,225.19,225.554,223.775,225.09,492934.7319139999
1786352400,224.801,225.015,224.64,224.817,117058.297733
1786356000,224.9,225.135,224.66,224.91,124449.49343700001
1786359600,225.0,225.01,223.848,223.95,626486.2847070002
1786363200,224.19,224.19,222.742,223.08,966958.1128039999
1786366800,223.09,224.11,221.76,222.11,12649062.626810998
1786370400,222.07,222.42,219.54,219.585,21582262.197383
1786374000,219.61,219.85,218.75,219.623,17856885.899314
1786377600,219.67,220.62,216.76,217.62,17491664.152642
1786381200,217.6,219.04,217.24,218.3,10989693.442903996
1786384800,218.34,219.1,218.301,219.025,7008342.1812769985
1786388400,219.01,219.46,217.35,217.55,15459798.497357003
1786392000,217.35,219.58,217.35,219.45,19481785.939350992
1786395600,219.343,219.369,218.597,218.954,1036836.643697
1786399200,219.0,219.18,218.565,218.65,168908.46670600004
1786402800,218.59,218.693,217.943,218.1,202381.26026599997
1786406400,218.68,218.71,217.89,218.64,2.0
1786410000,218.63,219.34,218.47,219.05,65403.0
1786413600,219.05,219.25,218.87,218.92,22094.0
1786417200,218.96,219.26,218.8,219.1,18973.0
1786420800,219.12,219.61,219.12,219.29,29471.0
1786424400,219.26,219.38,218.89,218.96,21356.0
1786428000,218.96,219.3,218.55,218.7,30043.0
1786431600,218.7,218.9,218.47,218.8,31651.0
1786435200,218.83,219.392,217.995,219.28,391407.7682860001
1786438800,219.1,219.91,218.833,219.79,239299.920288
1786442400,219.392,220.0,219.23,219.699,264053.439354
1786446000,220.005,220.287,219.699,220.01,1315630.3146819999
1786449600,219.99,221.29,219.889,221.01,939680.908407
1786453200,221.3,222.37,218.84,219.88,15174297.34652
1786456800,219.865,220.565,218.835,219.825,14838543.052574996
1786460400,219.804,219.84,218.41,218.53,12894056.471921
1786464000,218.5,219.27,217.675,217.78,8065957.459668
1786467600,217.75,217.84,216.72,217.72,8452932.165439002
1786471200,217.73,217.745,216.3,217.19,7442472.261156003
1786474800,217.14,218.19,216.91,217.44,14952834.421436
1786478400,217.461,218.06,217.41,217.658,18930903.91532
1786482000,217.68,218.046,217.645,217.95,265942.5674490001
1786485600,217.97,218.206,217.744,218.11,193869.51084299997
1786489200,218.15,218.209,217.97,218.08,137689.14216000005
1786492800,218.04,218.09,217.63,218.03,38811.0
1786496400,218.02,218.14,217.74,217.81,34633.0
1786500000,217.81,218.22,217.75,217.92,20927.0
1786503600,217.95,218.36,217.95,218.0,27090.0
1786507200,218.0,218.14,217.87,218.1,14607.0
1786510800,218.1,218.26,217.88,218.25,22659.0
1786514400,218.24,218.36,218.07,218.36,33018.0
1786518000,218.36,218.59,217.95,218.37,39299.0
1786521600,218.67,219.22,218.092,219.05,364295.59315899987
1786525200,219.17,220.183,219.051,219.89,287771.87227800005
1786528800,220.06,220.109,219.6,220.03,162072.502096
1786532400,219.91,220.0,219.232,219.44,396792.26313300023
1786536000,219.472,221.032,218.74,220.66,1877193.779094
1786539600,220.78,223.82,220.14,223.66,19228899.944996
1786543200,223.64,225.11,222.465,223.76,21273625.887391996
1786546800,223.74,224.51,222.89,223.005,13345735.927581
1786550400,223.008,223.975,222.72,223.778,11686864.598898
1786554000,223.82,224.3,223.51,223.655,7413364.143069998
1786557600,223.63,224.44,223.19,223.68,7037632.198644999
1786561200,223.69,224.345,222.22,224.11,14744402.486472
1786564800,224.127,224.27,223.107,223.435,15062057.211513
1786568400,223.45,223.885,223.375,223.7,2085770.1652210003
1786572000,223.75,223.79,223.397,223.53,116201.27620799997
1786575600,223.62,223.86,223.53,223.71,149845.28190999996
1786579200,223.8,224.39,223.48,224.12,0.2025
1786582800,224.11,224.25,223.95,224.15,18762.0
1786586400,224.17,224.49,224.04,224.43,27526.0
1786590000,224.38,224.47,224.2,224.33,18582.0
1786593600,224.33,224.56,224.02,224.49,31785.0
1786597200,224.5,224.89,224.34,224.41,38993.0
1786600800,224.41,224.57,224.12,224.3,20773.0
1786604400,224.33,224.4,223.91,224.2,34646.0
1786608000,223.81,224.4,223.649,223.97,319132.611012
1786611600,223.9,224.284,223.308,224.284,164501.59413
1786615200,224.17,224.484,224.17,224.34,80515.14809100001
1786618800,224.26,224.471,223.76,223.9,303945.38107100007
1786622400,223.75,223.976,222.99,223.91,507405.8111359999
1786626000,224.01,227.22,223.972,225.78,21290832.827850003
1786629600,225.76,226.48,224.63,224.98,17324113.759813
1786633200,225.026,225.16,223.72,224.221,12994270.775016
1786636800,224.23,225.6,224.21,225.33,7125959.926959999
1786640400,225.36,225.9,225.09,225.3,6341316.719364
1786644000,225.3,225.99,225.05,225.74,6169883.210965
1786647600,224.995,225.4,224.975,225.35,19328687.476906
1786651200,225.39,225.61,225.275,225.37,16015871.001833007
1786654800,225.42,225.68,225.34,225.55,366263.658014
1786658400,225.41,225.661,225.408,225.59,161533.46664600002
1786662000,225.83,225.99,225.445,225.52,169277.915008
1786665600,225.56,225.75,225.05,225.18,41534.0
1786669200,225.14,225.31,224.59,225.28,33988.0
1786672800,225.25,225.44,225.05,225.13,21295.0
1786676400,225.14,225.35,225.03,225.13,26408.0
1786680000,225.13,225.16,224.97,225.07,15520.0
1786683600,225.06,225.3,224.87,225.19,20846.0
1786687200,225.19,225.38,225.05,225.34,19304.0
1786690800,225.36,225.54,225.03,225.28,22669.0
1786694400,225.39,225.85,225.14,225.75,247749.62578399992
1786698000,225.77,226.101,225.675,225.88,101184.97200099999
1786701600,225.935,226.404,225.86,226.237,185904.995027
1786705200,226.225,226.39,225.615,225.78,321707.88695899997
1786708800,225.85,226.21,225.216,225.98,494930.75211499986
1786712400,225.96,227.48,225.01,225.69,11863085.456509996
1786716000,225.64,226.94,224.51,226.12,13026210.707659002
1786719600,226.08,226.34,224.62,225.255,11172624.625233
1786723200,225.27,225.81,224.94,225.06,5921354.191757
1786726800,225.085,225.67,225.067,225.34,5433594.626283001
1786730400,225.35,225.64,224.58,225.105,6232708.53054
1786734000,225.14,225.99,224.81,225.16,10568786.675578
1786737600,225.195,225.195,224.794,224.976,12965770.659007
1786741200,224.99,225.046,224.941,225.02,93608.005903
1786744800,224.965,224.965,224.87,224.884,68392.232705
1786748400,224.87,224.95,224.711,224.72,129822.849566
1786752000,224.722,224.723,224.722,224.723,4.7864
1786755600,224.92,224.92,224.76,224.76,3.4886
1786759200,224.73,224.91,224.65,224.65,4.0135
1786762800,224.75,224.89,224.36,224.4,16.5741
1786766400,224.45,224.63,224.23,224.29,23.7301
1786770000,224.39,224.63,224.02,224.12,23.5127
1786773600,224.24,224.63,224.02,224.29,17.3992
1786777200,224.29,224.48,224.09,224.28,12.7208
1786780800,224.4,224.42,224.18,224.22,9.8353
1786784400,224.42,224.64,224.19,224.32,31.405
1786788000,224.24,224.66,224.22,224.37,13.4093
1786791600,224.42,225.47,224.42,224.56,18.294
1786795200,224.71,224.73,224.3,224.3,14.9661
1786798800,224.3,224.39,224.0,224.03,33.0161
1786802400,224.16,224.38,224.0,224.15,30.9071
1786806000,224.15,225.2,224.13,225.13,19.7495
1786809600,225.17,225.24,224.93,225.07,20.28
1786813200,225.09,225.21,224.95,224.97,13.2102
1786816800,225.1,225.32,225.0,225.21,12.6277
1786820400,225.21,225.6,225.21,225.53,37.6252
1786824000,225.64,225.77,225.49,225.58,9.3203
1786827600,225.58,225.74,225.52,225.52,2.8726
1786831200,225.76,225.76,225.61,225.67,3.7559
1786834800,225.73,225.76,225.35,225.35,7.3247
1786838400,225.47,225.53,225.35,225.53,4.6055
1786842000,225.55,225.67,225.44,225.59,3.2084
1786845600,225.61,225.64,225.35,225.35,14.8026
1786849200,225.54,225.6,225.35,225.42,13.6721
1786852800,225.57,225.86,225.55,225.65,9.4912
1786856400,225.87,226.0,225.61,225.96,13.3975
1786860000,226.0,226.2,225.71,225.9,18.4911
1786863600,226.12,226.16,225.74,226.12,31.1935
1786867200,226.05,226.23,225.52,225.63,40.3583
1786870800,225.59,225.89,225.44,225.78,54.6313
1786874400,225.69,225.93,225.53,225.77,12.9063
1786878000,225.9,226.14,225.84,226.1,8.6266
1786881600,226.0,226.33,225.39,225.41,20.5333
1786885200,225.41,225.67,225.37,225.37,14.7186
1786888800,225.57,225.76,225.37,225.68,11.2191
1786892400,225.68,225.68,225.32,225.46,15.2714
1786896000,225.54,225.56,225.32,225.32,12.4829
1786899600,225.48,225.81,225.31,225.68,19.945
1786903200,225.81,225.87,225.6,225.85,9.0311
1786906800,225.85,225.89,225.4,225.4,5.1097
1786910400,225.54,225.6,225.4,225.45,6.1129
1786914000,225.5,225.5,225.43,225.43,0.9573
1786921200,225.47,225.5,225.39,225.39,5.1778
1786924800,226.48,226.48,224.75,225.64,108037.0
1786928400,225.66,225.99,225.58,225.65,46363.0
1786932000,225.66,225.9,225.56,225.67,31967.0
1786935600,225.67,225.93,225.64,225.88,26333.0
1786939200,225.89,225.92,225.71,225.79,20644.0
1786942800,225.79,225.88,225.58,225.71,28311.0
1786946400,225.76,226.43,225.68,226.36,69213.0
1786950000,226.37,226.41,225.79,226.12,74342.0
1786953600,225.95,226.458,224.926,226.17,458531.30505499995
1786957200,226.01,226.208,225.96,226.11,98481.83244200001
1786960800,226.43,226.43,226.031,226.21,110515.23507299999
1786964400,226.56,226.814,226.345,226.74,515265.365907
1786968000,226.64,227.036,225.99,226.3,715324.5246619999
1786971600,226.29,227.16,225.04,226.185,14665223.882812
1786975200,226.15,227.22,225.37,226.24,13648001.580419
1786978800,226.24,227.92,226.24,227.71,12520973.449912006
1786982400,227.7,227.735,226.74,227.06,7503293.182485999
1786986000,227.04,227.145,225.77,225.83,7165084.221015003
1786989600,225.834,225.92,225.39,225.6,8049724.988122
1786993200,225.62,226.015,224.87,225.07,11380108.158115998
1786996800,224.99,225.154,224.911,224.97,21649547.189513016
1787000400,224.98,225.08,224.935,224.99,144162.02333900004
1787004000,225.01,225.189,224.96,225.13,143160.11565300002
1787007600,225.19,225.284,225.03,225.12,129972.51028900001
1787011200,225.05,225.37,224.99,225.17,25046.0
1787014800,225.19,225.34,224.18,224.39,44556.0
1787018400,224.4,224.45,222.72,223.05,121374.0
1787022000,223.05,223.21,221.86,222.94,103159.0
1787025600,222.94,223.18,222.59,223.06,50586.0
1787029200,223.05,223.06,222.11,222.15,39671.0
1787032800,222.15,222.79,221.69,222.66,67527.0
1787036400,222.64,222.8,221.99,222.01,48718.0
1787040000,221.99,224.669,220.412,220.51,765736.2541880001
1787043600,220.49,220.641,219.571,219.9,378147.2877590001
1787047200,220.15,220.85,220.101,220.85,196735.87661
1787050800,220.805,220.999,220.49,220.8,627817.829189
1787054400,220.804,221.093,220.335,220.365,705733.156798
1787058000,220.362,221.65,219.36,220.193,17947929.51599
1787061600,220.17,220.78,218.73,219.07,16083122.874837002
1787065200,219.1,220.245,218.7,220.075,11040547.766667
1787068800,220.05,220.455,219.39,220.2,7954618.183505996
1787072400,220.2,220.5,219.885,219.96,8386458.505728
1787076000,219.97,220.305,219.215,219.83,6795869.172206003
1787079600,219.8,220.06,218.92,219.72,16404619.290656
1787083200,219.87,220.034,219.576,219.63,20183573.97227999
1787086800,219.62,219.635,219.411,219.51,132871.258049
1787090400,219.48,219.714,218.96,219.049,331662.560849
1787094000,219.01,219.338,218.965,219.28,192547.383545
1787097600,219.29,219.46,218.34,219.08,70574.0
1787101200,219.07,219.99,219.01,219.7,39381.0
1787104800,219.7,219.77,218.99,219.11,29538.0
1787108400,219.12,219.55,219.12,219.17,22667.0
1787112000,219.18,219.2,218.73,219.07,27629.0
1787115600,219.06,219.33,218.72,218.83,29057.0
1787119200,218.81,219.42,218.51,219.4,51107.0
1787122800,219.37,220.11,219.06,220.09,52045.0
1787126400,220.63,221.121,219.33,220.89,452721.3332680001
1787130000,220.49,220.705,220.137,220.3,123596.42651500003
1787133600,220.07,220.823,219.829,220.36,199534.80907000005
1787137200,220.16,220.544,219.518,219.814,507408.649657
1787140800,219.83,221.317,219.652,221.18,933358.9325140002
1787144400,221.193,222.87,217.92,218.697,2699889.774783
1787148000,218.675,219.925,216.76,219.871,631495.0
1787151600,219.91,219.94,218.64,219.31,346136.0
1787155200,219.32,220.645,218.8,218.92,8946240.442128
1787158800,218.946,219.46,218.76,219.15,5151513.733353
1787162400,219.098,219.8,218.66,219.449,7750398.4599129995
1787166000,219.46,220.0,217.02,217.5,14939453.996994
1787169600,217.71,218.088,217.48,218.01,19762504.543161996
1787173200,218.039,218.35,218.039,218.325,605028.352525
1787176800,218.75,218.779,218.231,218.65,236666.77194499996
1787180400,218.87,218.99,218.595,218.99,229451.93327600003
1787184000,218.91,219.12,218.42,219.08,54146.0
1787187600,219.06,219.33,218.89,219.19,31742.0
1787191200,219.2,219.43,218.7,219.02,32877.0
1787194800,219.01,219.27,218.79,218.99,18174.0
1787198400,218.97,219.23,218.78,218.97,12723.0
1787202000,218.95,219.1,218.77,218.91,10694.0
1787205600,218.94,219.5,218.92,219.36,25143.0
1787209200,219.35,219.43,218.93,219.2,25577.0
1787212800,218.834,219.152,217.94,218.04,389585.97284199996
1787216400,218.44,218.594,217.976,218.53,54642.060417
1787220000,218.47,218.76,218.403,218.74,80369.359795
1787223600,218.51,218.793,217.36,217.36,380314.27428899996
1787227200,217.26,217.908,216.467,217.84,759263.2123430003
1787230800,217.881,219.84,217.185,217.685,3203962.979341
1787234400,217.76,218.99,216.72,217.71,13117187.688716002
1787238000,217.73,218.295,215.675,216.258,542058.0
1787241600,216.28,217.99,216.25,217.85,2788304.996258
1787245200,217.765,217.94,216.19,216.77,6969225.495764001
1787248800,216.779,216.995,216.37,216.624,6764134.915932
1787252400,216.56,217.45,216.37,217.0,11622682.426949998
1787256000,217.06,217.1,216.745,217.01,22858733.613052003
1787259600,216.99,217.17,216.99,217.06,2402308.06722
1787263200,217.05,217.215,216.99,217.2,125755.65798299997
1787266800,217.175,217.2,217.025,217.03,133089.980713
1787270400,217.12,217.66,216.63,217.41,47236.0
1787274000,217.41,217.7,217.08,217.64,63298.0
1787277600,217.63,218.11,217.53,217.86,36293.0
1787281200,217.86,217.89,217.63,217.68,18649.0
1787284800,217.67,217.86,217.34,217.54,16843.0
1787288400,217.54,217.73,217.39,217.64,12641.0
1787292000,217.64,217.83,217.51,217.7,18541.0
1787295600,217.72,218.22,217.55,217.99,36036.0
1787299200,218.25,218.43,217.03,218.38,225042.73338599995
1787302800,217.74,218.285,213.214,217.31,686060.1670950003
1787306400,217.45,217.636,217.221,217.55,106966.78258900002
1787310000,217.58,218.608,217.32,218.051,740422.758022
1787313600,218.02,218.26,217.75,217.91,394078.48616299994
1787317200,217.8,218.74,215.92,216.48,19140839.376006003
1787320800,216.49,216.75,214.51,214.86,17658470.010167997
1787324400,214.86,217.025,214.84,216.2,10242737.156114
1787328000,216.186,216.345,215.02,215.295,8938791.636687
1787331600,215.29,215.94,214.65,215.813,12928942.716117
1787335200,215.79,216.13,215.025,215.325,6320879.636670999
1787338800,215.3,215.47,214.56,214.75,11953542.041101001
1787342400,214.735,215.123,214.692,215.06,15702370.008484997
1787346000,215.025,215.175,215.024,215.175,376959.944494
1787349600,215.3,215.4,215.081,215.4,197542.89155999993
1787353200,215.34,215.455,215.32,215.365,287647.830772
1787356800,215.44,215.47,215.39,215.39,5.0231
1787360400,215.47,215.68,215.3,215.56,20.7032
1787364000,215.63,215.77,215.13,215.13,13.6184
1787367600,215.22,215.81,215.07,215.07,69.0723
1787371200,215.4,216.69,215.0,216.02,110.2138
1787374800,216.24,216.34,215.54,216.0,57.4806
1787378400,216.28,216.33,215.51,216.24,28.2745
1787382000,216.33,216.55,215.6,216.09,20.8624
1787385600,216.33,216.36,215.87,216.23,14.4707
1787389200,216.3,216.39,214.89,214.92,40.7934
1787392800,214.95,215.13,214.88,215.13,19.3103
1787396400,215.13,215.31,215.0,215.0,52.27
1787400000,215.0,215.35,214.77,215.26,35.4479
1787403600,215.23,215.76,215.13,215.63,37.3304
1787407200,215.7,215.76,215.49,215.69,13.592
1787410800,215.72,215.75,215.16,215.4,19.2557
1787414400,215.45,215.45,215.09,215.09,6.8565
1787418000,215.08,215.31,214.9,214.9,11.7627
1787421600,215.0,215.05,214.86,214.89,9.3005
1787425200,214.95,215.67,214.89,215.67,25.6254
1787428800,215.68,215.75,215.47,215.47,4.2638
1787432400,215.76,215.77,215.71,215.71,1.4244
1787436000,215.75,215.76,215.69,215.69,1.8534
1787439600,215.76,215.85,215.46,215.74,9.5574
1787443200,215.74,215.85,215.66,215.8,8.0655
1787446800,215.8,216.16,215.45,216.16,80.4956
1787450400,216.17,216.26,216.06,216.24,11.0198
1787454000,216.24,216.46,216.06,216.3,17.7073
1787457600,216.43,216.69,216.38,216.62,14.7798
1787461200,216.62,216.75,216.61,216.61,4.2276
1787464800,216.61,216.79,216.53,216.68,29.6005
1787468400,216.85,216.93,216.69,216.74,16.9252
1787472000,216.77,217.16,216.72,217.02,22.8649
1787475600,216.98,217.14,216.72,216.96,25.5887
1787479200,216.99,217.0,216.71,216.87,6.1433
1787482800,216.99,217.19,216.79,217.13,18.5987
1787486400,217.15,218.11,217.08,217.97,52.6765
1787490000,218.11,218.22,217.19,218.03,83.5859
1787493600,218.09,218.8,217.98,218.79,63.1438
1787497200,218.79,218.92,217.41,218.14,239.8106
1787500800,218.14,218.54,218.11,218.53,50.6569
1787504400,218.53,218.73,218.37,218.63,31.72
1787508000,218.72,219.28,218.72,219.13,64.9271
1787511600,219.23,219.38,219.12,219.36,7.5791
1787515200,219.36,219.48,219.31,219.39,6.542
1787518800,219.49,219.49,219.34,219.45,2.8349
1787522400,219.45,219.45,218.6,218.91,30.1704
1787526000,218.67,218.89,218.0,218.0,58.7444
1787529600,217.75,218.01,216.09,216.76,210964.3298
1787533200,216.72,217.04,216.48,216.53,98748.0
1787536800,216.52,216.7,216.12,216.61,53277.0
1787540400,216.62,216.65,215.75,215.9,56104.0
1787544000,215.87,216.4,215.87,216.18,28824.0
1787547600,216.15,216.35,215.25,215.28,74997.0
1787551200,215.28,215.34,214.75,215.08,88792.0
1787554800,215.08,215.52,214.81,214.9,51698.0
1787558400,215.0,215.365,214.433,214.97,655380.5738550002
1787562000,214.8,215.207,214.681,215.08,103583.02541599997
1787565600,215.27,215.4,214.395,214.4,206245.949047
1787569200,214.45,214.87,212.9,214.58,921315.1640450001
1787572800,214.51,215.536,214.23,215.284,972430.921063
1787576400,215.39,215.91,209.01,209.65,20366401.603834
1787580000,209.685,210.32,208.61,209.67,18516573.194134
1787583600,209.71,210.71,208.88,210.24,14171779.852752998
1787587200,210.25,211.02,209.59,209.7,10387703.493611999
1787590800,209.708,210.195,209.17,209.585,10602772.672589
1787594400,209.576,210.475,209.22,209.309,12273051.311049
1787598000,209.304,209.57,207.41,208.45,29465086.692085
1787601600,208.51,208.68,208.11,208.62,33747473.32233801
1787605200,208.7,208.94,208.524,208.78,342629.339144
1787608800,208.82,208.92,208.603,208.74,223047.061749
1787612400,208.7,208.94,208.52,208.89,245003.97040099994
1787616000,208.86,209.11,207.97,209.09,63121.0
1787619600,209.09,209.38,208.78,209.17,58157.0
1787623200,209.16,209.47,209.09,209.14,56805.0
1787626800,209.14,209.6,209.08,209.52,36192.0
1787630400,209.52,210.06,209.51,210.03,69978.0
1787634000,210.03,210.51,209.98,210.42,59315.0
1787637600,210.41,210.86,210.34,210.55,60102.0
1787641200,210.54,210.72,210.22,210.29,50936.0
1787644800,210.44,210.945,209.099,210.77,550322.507121
1787648400,210.865,211.458,210.761,211.342,496004.314629
1787652000,211.24,211.399,210.839,210.85,365176.45599800005
1787655600,210.82,210.96,210.01,210.9,1342517.5435249999
1787659200,210.89,211.34,210.618,211.14,980636.7324559998
1787662800,211.07,214.67,210.1,213.535,19859002.008686
1787666400,213.47,213.87,210.94,211.02,18897176.38710099
1787670000,211.03,211.85,210.18,211.647,17932423.63494
1787673600,211.646,212.59,211.46,212.174,11728931.657435
1787677200,212.16,212.515,211.73,212.38,7166204.821312001
1787680800,212.38,213.3,211.86,213.17,7723172.53007
1787684400,213.16,213.43,211.7,212.96,14640072.146220999
1787688000,213.038,213.912,213.0,213.589,31327689.251501
1787691600,213.7,213.995,213.46,213.875,1088817.6067909999
1787695200,213.99,214.3,213.93,214.18,451658.329177
1787698800,214.03,214.175,213.519,213.63,327508.8973459999
1787702400,213.67,213.81,212.72,212.81,35.0
1787706000,212.81,213.13,212.6,213.09,86824.0
1787709600,213.1,214.11,213.01,213.81,86253.0
1787713200,213.82,214.26,213.69,214.13,44125.0
1787716800,214.14,214.31,213.56,213.81,53065.0
1787720400,213.83,214.09,213.62,213.83,56406.0
1787724000,213.83,214.0,213.47,213.91,70619.0
1787727600,213.89,213.93,213.35,213.5,67110.0
1787731200,213.55,214.017,213.37,213.72,525199.9054780001
1787734800,213.49,213.765,213.426,213.75,113554.704934
1787738400,213.74,213.941,213.456,213.81,201599.21866299998
1787742000,213.85,213.981,212.489,212.985,1360861.544102
1787745600,212.99,213.293,212.413,212.62,796266.8522529998
1787749200,212.5,213.59,210.8,212.64,14213523.69208
1787752800,212.605,212.651,210.1,211.17,15519356.949626
1787756400,211.15,211.51,210.59,210.61,9723225.015351994
1787760000,210.62,210.66,209.46,209.852,17237978.673998
1787763600,209.87,210.635,209.723,210.56,9912882.206744997
1787767200,210.545,211.16,210.16,211.045,11715799.73474
1787770800,211.055,211.34,209.24,209.77,27082548.268065996
1787774400,209.88,211.19,203.51,210.3,42174943.77868199
1787778000,210.399,220.81,208.5,219.024,46200030.90442
1787781600,218.69,219.6,217.51,218.51,3968771.1482040007
1787785200,218.61,219.6,217.835,219.57,2233209.5129800006
1787788800,219.03,219.74,218.61,218.83,200.0
1787792400,218.81,222.12,218.77,221.65,638769.0
1787796000,221.68,221.89,220.64,220.99,292308.0
1787799600,220.97,221.73,220.8,221.47,188612.0
1787803200,221.44,221.7,220.99,221.15,157094.0
1787806800,221.16,221.28,220.39,221.17,226874.0
1787810400,221.15,221.16,219.22,220.73,439054.0
1787814000,220.73,222.24,220.33,222.16,338127.0
1787817600,222.06,226.71,219.927,226.5,5021939.252242002
1787821200,226.09,226.365,224.523,224.59,1335099.5086230002
1787824800,224.45,225.05,223.75,223.75,1164200.6436400004
1787828400,223.7,223.9,221.59,222.43,4492193.376670999
1787832000,222.39,223.648,221.51,222.155,6473986.308585
1787835600,222.23,225.81,220.93,224.245,61862413.585775994
1787839200,224.07,226.98,223.48,226.95,47953826.98551601
1787842800,226.97,227.31,224.84,226.19,25725118.871916007
1787846400,226.21,229.86,226.18,229.68,32458894.438498996
1787850000,229.667,230.47,228.24,228.353,37575047.355902
1787853600,228.265,228.341,225.37,226.134,32417625.138213
1787857200,226.137,228.99,225.61,227.67,40677072.704047
1787860800,227.72,227.987,226.6,226.89,33663761.469413
1787864400,226.77,227.24,225.86,225.99,918976.9311000002
1787868000,226.005,226.5,225.84,226.323,756967.72728
1787871600,226.31,226.423,225.99,226.09,345589.0147900001
1787875200,226.65,226.65,225.98,226.25,1.0
1787878800,226.24,226.86,226.18,226.82,67808.0
1787882400,226.85,226.91,226.18,226.36,75541.0
1787886000,226.38,227.01,226.38,226.54,52427.0
1787889600,226.53,226.71,226.35,226.64,34855.0
1787893200,226.61,226.61,226.14,226.19,36626.0
1787896800,226.17,227.08,226.14,227.07,90259.0
1787900400,227.07,227.09,226.21,226.32,74216.0
1787904000,226.19,226.402,225.225,225.39,896693.618398
1787907600,225.42,226.19,225.376,226.19,281040.312988
1787911200,226.0,226.972,225.9,226.85,325686.5023379999
1787914800,226.82,227.5,226.66,226.696,1232348.686188
1787918400,226.67,227.94,226.66,227.94,1613145.1385839996
1787922000,227.72,229.25,224.68,225.28,25882791.918232996
1787925600,225.31,226.895,223.24,226.73,26829122.456560995
1787929200,226.74,226.78,221.065,221.33,24317884.817238007
1787932800,221.355,221.37,219.76,219.805,30234681.994605
1787936400,219.803,219.84,217.91,219.37,26673100.626472
1787940000,219.39,219.46,216.82,217.36,16825279.049416
1787943600,217.33,218.44,216.93,217.535,26876883.690961994
1787947200,217.53,218.002,217.474,217.73,26630814.297954
1787950800,217.733,217.84,217.581,217.81,874976.875351
1787954400,217.81,217.97,217.72,217.89,256317.33353000003
1787958000,217.88,218.12,217.865,217.92,323391.76270399994
1787961600,217.868,217.873,217.868,217.873,135.0
1787965200,217.52,218.21,217.5,218.21,27.6659
1787968800,218.15,218.44,218.01,218.34,59.461
1787972400,218.41,218.71,218.15,218.45,47.806
1787976000,218.7,218.98,218.45,218.71,59.9757
1787979600,218.72,218.96,218.62,218.89,74.9538
1787983200,218.71,219.07,218.71,218.98,47.2472
1787986800,218.98,219.13,218.65,218.87,42.0773
1787990400,218.86,219.2,218.77,218.82,73.9409
1787994000,218.85,219.07,218.74,218.75,35.2993
1787997600,219.03,219.03,218.19,218.55,56.6273
1788001200,218.47,218.63,218.33,218.33,64.4329
1788004800,218.55,218.82,218.3,218.79,55.2717
1788008400,218.79,219.11,218.7,218.84,34.8993
1788012000,219.06,219.25,218.26,218.59,42.3699
1788015600,218.59,220.01,218.52,219.01,171.8107
1788019200,219.15,219.42,218.97,219.16,321.3258
1788022800,219.39,219.4,218.84,219.09,117.7281
1788026400,219.12,219.28,218.86,219.0,91.7526
1788030000,219.01,219.23,218.86,219.11,42.5932
1788033600,219.11,219.21,218.73,218.73,44.7773
1788037200,218.93,219.16,218.73,218.89,32.2327
1788040800,219.12,219.13,218.6,218.74,42.5267
1788044400,218.82,218.92,218.6,218.65,22.4928
1788048000,218.72,218.87,218.6,218.79,15.3832
1788051600,218.86,218.92,218.59,218.7,24.2462
1788055200,218.8,218.97,218.58,218.84,40.9702
1788058800,218.91,219.07,218.63,218.96,34.6802
1788062400,218.96,219.18,218.84,218.84,19.2255
1788066000,219.19,219.21,218.93,219.13,25.201
1788069600,219.14,219.37,218.67,218.86,61.7816
1788073200,218.86,219.39,218.79,219.25,49.1243
1788076800,219.37,219.51,219.18,219.4,31.6981
1788080400,219.44,219.59,219.31,219.49,28.3992
1788084000,219.57,219.62,218.79,218.95,48.7304
1788087600,218.96,219.19,218.85,219.08,24.7498
1788091200,219.06,219.19,218.74,218.84,37.6192
1788094800,218.94,219.02,218.76,219.02,102.8951
1788098400,219.02,219.28,218.87,219.12,1263.9111
1788102000,219.12,219.22,218.58,218.88,291.4741
1788105600,218.87,220.0,218.81,219.15,389.9805
1788109200,219.24,219.48,218.8,219.2,176.8225
1788112800,219.23,219.42,219.1,219.17,52.9772
1788116400,219.38,219.56,219.14,219.44,39.523
1788120000,219.39,219.56,219.22,219.3,11.1775
1788123600,219.54,219.7,219.3,219.56,27.9294
1788127200,219.56,219.56,218.22,218.39,40.7237
1788130800,218.29,218.47,218.11,218.11,52.6242
1788134400,217.55,218.34,215.83,217.86,303023.0
1788138000,217.83,217.83,216.96,217.25,108695.0
1788141600,217.24,217.63,217.01,217.51,49193.0
1788145200,217.51,217.74,217.38,217.62,62848.0
1788148800,217.62,218.0,217.35,217.97,34973.0
1788152400,217.97,218.79,217.91,218.79,100298.0
1788156000,218.79,219.14,218.58,219.05,111896.0
1788159600,219.04,219.09,217.874,218.94,71704.0
1788163200,218.88,219.174,218.032,219.15,782215.3639399996
1788166800,219.24,219.301,218.592,218.7,231302.82419899997
1788170400,218.65,219.203,218.505,219.11,225907.6412999999
1788174000,218.95,219.043,218.49,218.77,1134337.227286
1788177600,218.8,219.08,218.12,218.18,733680.816426
1788181200,218.189,219.31,216.21,218.835,23970515.68318
1788184800,218.925,220.6,218.42,219.73,18428050.974374
1788188400,219.75,220.53,219.13,219.5,10228002.194906004
1788192000,219.5,220.3,219.12,220.19,7330217.291737001
1788195600,220.18,220.27,219.13,219.545,7124937.171332998
1788199200,219.61,219.76,217.71,218.58,10809196.572725002
1788202800,218.61,221.28,218.59,220.86,24629922.258735
1788206400,220.8,220.904,220.454,220.68,31368481.836043995
1788210000,220.59,220.689,220.504,220.53,225135.28902999993
1788213600,220.52,220.549,220.265,220.27,165016.57540099995
1788217200,220.23,220.41,220.19,220.25,278453.570717
1788220800,220.25,220.6,219.89,220.35,220.0
1788224400,220.36,220.51,220.05,220.15,27030.0
1788228000,220.14,220.2,219.62,220.18,51209.0
1788231600,220.14,220.19,219.8,219.95,25326.0
1788235200,219.96,220.38,219.96,220.06,26184.0
1788238800,220.06,220.87,219.98,220.75,38550.0
1788242400,220.81,220.89,220.34,220.45,36193.0
1788246000,220.46,220.65,219.88,219.98,38816.0
1788249600,219.45,220.265,217.932,218.01,678584.7569960002
1788253200,217.93,218.417,217.588,218.15,266257.569775
1788256800,218.36,218.454,217.798,217.89,179649.708034
1788260400,217.89,218.254,217.26,217.39,660156.8962369999
1788264000,217.49,217.754,216.89,217.03,1379238.532992
1788267600,217.02,217.42,215.11,216.96,16762954.218202
1788271200,216.99,218.57,216.78,218.043,18512852.726228
1788274800,218.04,220.4,217.7,220.25,12703912.82419
1788278400,220.26,220.29,218.95,219.7,8804038.019596001
1788282000,219.66,219.693,217.8,217.98,7713959.884853001
1788285600,218.005,218.16,216.35,217.349,13320550.428185
1788289200,217.29,217.91,216.64,217.48,13573412.419149004
1788292800,217.42,217.73,217.409,217.49,21171822.26698599
1788296400,217.5,217.668,217.445,217.61,2461497.87698
1788300000,217.64,217.714,217.226,217.37,188518.30068400005
1788303600,217.42,217.594,217.41,217.49,163540.87807199996
1788307200,217.62,217.89,217.35,217.42,1.0
1788310800,217.41,217.61,216.9,217.16,34253.0
1788314400,217.16,217.31,216.86,217.21,25571.0
1788318000,217.22,217.34,216.9,216.99,36649.0
1788321600,216.97,217.35,216.97,217.08,26177.0
1788325200,217.04,217.61,216.99,217.44,20957.0
1788328800,217.44,217.64,216.99,217.38,29951.0
1788332400,217.34,217.7,217.21,217.37,30834.0
1788336000,217.23,217.5,216.526,216.81,375503.4953780001
1788339600,216.72,216.973,216.365,216.69,210364.167016
1788343200,216.72,216.814,216.485,216.52,87264.92333200002
1788346800,216.66,217.441,216.14,217.39,349069.7897170001
1788350400,217.442,218.575,217.318,217.775,1432765.329882
1788354000,217.88,221.51,217.775,221.49,15801460.700378997
1788357600,221.51,224.24,221.2,224.01,27985446.466126002
1788361200,224.05,227.96,223.925,227.605,33158601.879751008
1788364800,227.59,227.83,225.54,225.755,16843392.745341
1788368400,225.81,226.0,224.45,224.655,13648415.779498005
1788372000,224.66,225.35,224.28,224.51,10225076.652603004
1788375600,224.58,224.86,223.74,224.33,15350275.353260998
1788379200,224.39,224.774,223.88,224.07,21162123.523984984
1788382800,224.0,225.32,224.0,224.94,644288.9820240003
1788386400,224.79,225.2,224.597,225.03,191813.43793699998
1788390000,224.97,225.5,224.735,225.41,289196.54834900005
1788393600,225.41,225.62,224.86,225.02,51287.0
1788397200,225.06,225.39,224.81,224.87,33104.0
1788400800,224.86,225.19,224.75,225.1,27350.0
1788404400,225.1,225.97,225.05,225.95,69010.0
1788408000,225.95,226.36,225.83,226.22,50658.0
1788411600,226.22,226.35,224.72,225.72,86057.0
1788415200,225.7,225.87,225.47,225.72,36200.0
1788418800,225.69,226.07,225.47,225.84,58395.0
1788422400,225.424,226.25,225.31,225.458,652378.949529
1788426000,225.453,225.532,224.493,224.642,292649.130053
1788429600,224.647,224.873,224.55,224.794,296018.460046
1788433200,224.805,224.837,223.19,223.398,1107386.196817
1788436800,223.403,226.04,223.364,225.853,3890602.753995
1788440400,225.853,229.08,224.77,228.29,27151964.119477
1788444000,228.273,228.97,225.42,226.16,25203583.377765
1788447600,226.127,228.03,225.7,227.482,17974744.395326
1788451200,227.487,228.09,226.88,227.51,11806798.331412
1788454800,227.502,230.34,227.06,230.025,30495794.868623
1788458400,230.023,230.39,229.29,229.425,16450339.212139
1788462000,229.429,229.69,228.34,228.41,19352803.306108
1788465600,228.48,228.732,228.37,228.485,17646058.918023
1788469200,228.486,229.01,228.475,228.875,2574054.650154
1788472800,228.875,229.49,228.746,229.463,674330.079463
1788476400,229.463,229.957,229.405,229.687,578394.67129
1788480000,229.77,229.87,229.34,229.84,56804.0
1788483600,229.84,229.89,229.4,229.68,38100.0
1788487200,229.66,230.14,229.59,230.03,37207.0
1788490800,230.0,230.37,229.85,229.88,29284.0
1788494400,229.88,230.29,229.79,230.27,27452.0
1788498000,230.24,230.64,230.04,230.26,54484.0
1788501600,230.24,230.45,229.51,229.61,58709.0
1788505200,229.61,230.59,229.61,230.28,85111.0
1788508800,229.656,230.968,229.656,230.535,899175.240013
1788512400,230.535,230.951,229.876,230.896,461452.004841
1788516000,230.894,232.44,230.892,231.455,1273663.688532
1788519600,231.4,231.564,230.928,231.196,1763647.72762
1788523200,231.23,232.11,230.159,230.535,2640974.919401
1788526800,230.96,234.65,229.86,234.56,38674675.936953
1788530400,234.56,234.76,232.12,232.24,34010073.036914
1788534000,232.245,232.81,230.73,231.045,19483604.931882
1788537600,231.03,232.235,230.51,231.57,16715925.489586
1788541200,231.57,231.65,230.07,230.2654,12795337.626316
1788544800,230.26,230.695,229.9,230.605,11996039.157628
1788548400,230.6,231.09,229.63,230.36,20696557.661291
1788552000,229.84,230.36,229.56,230.0,16368252.309209
1788555600,229.9844,230.1799,229.94,230.081,3158880.488179
1788559200,230.089,230.15,229.8617,229.93,312149.486704
1788562800,229.92,230.18,228.41,229.5,414491.406406
1788566400,229.98,230.0,229.37,229.85,57.9035
1788570000,229.89,229.97,229.71,229.96,9.323
1788573600,229.86,229.92,229.71,229.92,2.9985
1788577200,229.71,229.92,229.71,229.92,1.7277
1788580800,229.72,229.92,229.71,229.85,11.4127
1788584400,229.87,230.16,229.78,229.92,74.5963
1788588000,229.92,230.15,229.91,230.13,9.6565
1788591600,230.13,230.23,230.0,230.19,3.2989
1788595200,230.13,230.25,230.13,230.22,3.3919
1788598800,230.23,230.31,230.13,230.3,6.7452
1788602400,230.3,230.38,230.25,230.25,3.2431
1788606000,230.17,230.39,230.11,230.22,11.723
1788609600,230.38,230.38,230.19,230.29,2.6495
1788613200,230.33,230.61,230.29,230.5,22.0552
1788616800,230.54,230.63,230.48,230.55,3.7887
1788620400,230.6,230.78,230.55,230.76,10.4574
1788624000,230.76,230.92,230.64,230.88,36.1233
1788627600,230.95,230.99,230.61,230.72,90.5753
1788631200,230.79,230.86,230.72,230.79,10.7963
1788634800,230.79,230.87,230.62,230.82,19.0361
1788638400,230.8,230.81,230.79,230.81,1.5656
1788642000,230.78,230.82,230.66,230.66,2.7488
1788645600,230.82,230.84,230.67,230.71,1.9432
1788649200,230.83,231.01,230.76,230.9,22.1587
1788652800,230.87,231.05,230.87,230.96,2.8489
1788656400,230.96,231.02,230.87,231.02,1.9171
1788660000,231.02,231.04,231.0,231.0,1.3384
1788663600,231.04,231.16,230.92,230.92,10.6468
1788667200,230.92,231.08,230.92,230.99,4.218
1788670800,231.04,231.08,230.94,231.05,9.7218
1788674400,231.05,231.13,230.97,231.02,9.617
1788678000,231.06,231.21,231.0,231.16,24.7147
1788681600,231.15,231.26,231.09,231.09,11.5423
1788685200,231.09,231.49,231.09,231.33,15.5412
1788688800,231.44,231.46,231.27,231.31,8.1129
1788692400,231.41,231.41,231.22,231.4,6.4475
1788696000,231.22,231.42,231.22,231.4,10.6376
1788699600,231.4,231.41,231.23,231.23,7.0811
1788703200,231.23,231.33,230.98,231.1,19.5477
1788706800,231.27,231.34,230.97,231.27,26.7838
1788710400,231.22,231.34,231.0,231.25,19.4998
1788714000,231.14,231.34,230.89,230.92,55.7016
1788717600,230.97,231.16,230.92,230.93,20.3016
1788721200,231.02,231.14,230.93,231.14,4.5473
1788724800,231.15,231.24,231.01,231.12,16.7192
1788728400,231.1,231.32,230.99,231.32,14.1316
1788732000,231.16,231.39,230.99,231.22,7.9434
1788735600,231.16,231.22,231.07,231.09,2.9649
1788739200,231.14,231.39,231.09,231.13,35.3028
1788742800,231.16,231.66,230.51,230.98,371.5799
1788746400,230.98,231.47,230.96,231.32,30.2221
1788750000,231.45,231.53,231.32,231.46,15.4617
1788753600,231.5,231.69,231.4,231.46,8.9792
1788757200,231.47,231.69,231.45,231.61,19.1752
1788760800,231.61,231.82,231.45,231.82,41.7006
1788764400,231.86,232.14,231.83,232.1,48.939
1788768000,232.1,232.87,232.06,232.78,46.5629
1788771600,232.78,232.86,232.18,232.24,47.8249
1788775200,232.24,232.35,232.09,232.27,28.8753
1788778800,232.18,232.29,232.18,232.18,106.407
1788782400,232.18,232.32,232.06,232.2,47.2963
1788786000,232.24,232.28,231.94,231.95,20.2071
1788789600,231.94,232.23,231.93,232.08,18.8068
1788793200,232.08,232.08,231.84,231.88,17.5963
1788796800,231.91,231.93,231.83,231.83,14.6586
1788800400,231.85,231.93,231.81,231.93,24.6679
1788804000,231.93,232.06,231.79,231.79,19.8623
1788807600,231.79,232.06,231.79,231.96,4.1156
1788811200,231.86,231.95,231.79,231.79,5.6364
1788814800,231.79,231.92,231.79,231.83,9.4039
1788818400,231.83,231.83,231.61,231.61,24.665
1788822000,231.61,231.68,231.47,231.47,9.6269
1788825600,231.05,232.14,230.48,231.83,217616.0
1788829200,231.84,232.76,231.62,232.51,136199.0
1788832800,232.53,232.74,232.2,232.27,90942.0
1788836400,232.27,233.0,232.23,232.96,73110.0
1788840000,232.96,233.06,232.77,232.92,47787.0
1788843600,232.95,233.0,231.82,231.91,73206.0
1788847200,231.9,231.95,231.13,231.23,103912.0
1788850800,231.25,231.72,231.13,231.28,82805.0
1788854400,231.0,233.0502,230.3177,230.5488,834471.946284
1788858000,230.47,231.76,230.31,231.75,281617.857703
1788861600,231.74,231.98,230.9047,231.18,386670.522823
1788865200,231.19,231.73,230.36,231.71,755992.786585
1788868800,231.69,232.6,231.3017,232.2441,1077287.760955
1788872400,232.2457,233.71,229.06,229.5712,22731703.832617
1788876000,229.58,229.7099,226.77,227.055,20697485.143529
1788879600,227.06,227.8,226.07,226.26,18351049.668438
1788883200,226.27,226.48,225.55,225.75,14727196.638704
1788886800,225.75,226.3699,225.46,225.765,9737405.085878
1788890400,225.7662,226.3999,225.25,225.675,9660650.120282
1788894000,225.68,225.9,224.85,225.73,17876530.605525002
1788897600,225.89,225.94,225.51,225.75,19219095.922061
1788901200,225.75,225.77,225.45,225.61,3565841.202295
1788904800,225.5776,226.0,225.4124,225.9576,298420.514007
1788908400,225.9576,225.99,225.2,225.31,283882.169445
1788912000,225.28,226.0,225.28,225.97,23162.0
1788915600,225.96,226.15,225.73,225.92,37669.0
1788919200,225.91,226.34,225.8,226.09,32503.0
1788922800,226.1,226.12,225.81,225.81,13786.0
1788926400,225.83,226.1,225.75,226.08,15178.0
1788930000,226.08,226.09,225.9,226.05,18967.0
1788933600,226.09,226.32,226.01,226.08,30542.0
1788937200,226.05,226.3,225.88,226.25,26529.0
1788940800,226.08,226.4791,225.73,226.09,384308.018655
1788944400,226.08,226.15,224.06,224.2,245857.129318
1788948000,224.2,224.8665,223.9232,224.39,364885.494693
1788951600,224.39,225.35,224.2,224.864,616690.377624
1788955200,224.88,224.95,224.31,224.6287,413484.697048
1788958800,224.58,226.18,224.27,224.8501,12062711.965841
1788962400,224.855,225.39,223.55,224.465,17102631.785444
1788966000,224.47,224.82,223.51,224.44,12869825.877879
1788969600,224.48,224.51,223.69,224.06,6209817.382943
1788973200,224.05,224.49,223.905,224.235,5250951.79249
1788976800,224.235,224.42,223.63,223.67,5121834.466211
1788980400,223.675,224.375,223.46,223.67,13993713.444362
1788984000,223.76,224.0,223.6012,223.68,12247185.572802
1788987600,223.68,223.72,223.51,223.58,6870436.119721
1788991200,223.6,223.67,223.46,223.5441,169723.006409
1788994800,223.54,223.67,223.45,223.6277,128081.75453
1788998400,223.6,223.78,222.95,223.12,44540.0
1789002000,223.12,223.27,222.47,222.89,36789.0
1789005600,222.88,223.09,222.55,223.0,23883.0
1789009200,223.01,223.14,222.9,223.13,15001.0
1789012800,223.13,223.2,222.87,223.17,14437.0
1789016400,223.2,223.46,223.07,223.21,23028.0
1789020000,223.19,223.29,222.7,223.15,26631.0
1789023600,223.14,223.16,222.69,222.77,25028.0
1789027200,222.77,223.67,222.6165,223.2377,402483.436284
1789030800,223.2377,223.569,223.0,223.2975,141551.489186
1789034400,223.2975,223.4845,222.75,223.056,129661.896491
1789038000,223.056,223.18,222.07,222.2185,464382.840095
1789041600,222.2185,222.49,220.23,220.2792,4708888.766852
1789045200,220.2784,221.178,217.2,217.377,19879735.082158
1789048800,217.375,219.06,217.29,218.145,17222627.041487
1789052400,218.15,219.12,217.8,218.78,11546489.522378
1789056000,218.8,219.19,217.53,218.75,12833049.820852
1789059600,218.76,219.13,218.12,218.3709,6991197.869218
1789063200,218.35,218.53,217.745,218.2308,6584337.181833
1789066800,218.23,218.94,217.69,218.36,14787407.98341
1789070400,218.4,218.659,218.13,218.4275,16344800.727106
1789074000,218.4275,220.0,218.3325,218.7685,8674151.154936
1789077600,218.7685,218.9,218.31,218.3985,204735.964273
1789081200,218.3985,218.478,217.69,217.76,219560.533194
1789084800,217.97,218.57,217.85,218.57,42094.0
1789088400,218.56,218.86,218.16,218.41,65028.0
1789092000,218.45,218.56,218.15,218.2,17898.0
1789095600,218.18,218.33,217.91,217.98,28571.0
1789099200,217.98,218.78,217.79,218.31,40774.0
1789102800,218.31,219.34,218.24,219.21,40462.0
1789106400,219.21,219.88,219.17,219.87,72060.0
1789110000,219.85,220.09,219.52,219.59,80130.0
1789113600,218.15,220.3882,217.79,220.3377,567562.149941
1789117200,220.2987,220.56,219.84,220.3397,169906.326811
1789120800,220.33,220.5,220.1,220.188,137737.836239
1789124400,220.1,220.2,219.55,219.6477,410397.820309
1789128000,219.58,221.54,218.34,221.3777,3556720.670371
1789131600,221.316,221.89,219.0307,221.61,14183342.139361
1789135200,221.62,222.0,219.3,219.47,17293322.898607
1789138800,219.4299,220.575,219.3616,219.685,9599350.251405
1789142400,219.68,219.9699,218.65,219.105,7384733.661676
1789146000,219.11,219.43,218.9,219.145,5887266.001608999
1789149600,219.14,220.01,219.03,219.35,6610618.021261
1789153200,219.34,219.445,218.15,218.29,13309040.961751
1789156800,218.17,218.47,218.05,218.3987,14265260.331309002
1789160400,218.3987,218.4,218.3,218.3597,1969080.649971
1789164000,218.3597,218.39,218.111,218.2295,169334.594154
1789167600,218.23,218.29,218.17,218.241,147082.971476
1789171200,218.24,218.47,218.21,218.38,11.184
1789174800,218.44,218.54,218.21,218.23,33.6317
1789178400,218.49,218.75,218.22,218.75,47.8977
1789182000,218.73,218.81,218.56,218.56,10.7447
1789185600,218.8,218.9,218.42,218.64,34.0988
1789189200,218.81,218.93,218.27,218.81,16.0423
1789192800,218.81,218.81,218.78,218.78,2.1931
1789196400,218.81,219.09,218.33,218.92,53.3004
1789200000,219.0,219.03,218.45,219.01,6.7264
1789203600,219.01,219.12,218.29,218.49,30.6007
1789207200,219.06,219.12,218.39,219.03,10.3379
1789210800,219.0,219.1,218.51,218.66,38.2705
1789214400,218.64,219.13,218.54,218.59,77.3002
1789218000,218.61,219.13,218.33,219.09,63.6915
1789221600,218.46,219.11,218.36,218.76,47.3617
1789225200,218.98,219.14,218.53,219.01,81.5687
1789228800,218.96,219.17,218.9,219.13,99.6209
1789232400,218.97,219.17,218.89,218.9,4.6041
1789236000,219.02,219.1,218.33,218.71,31.6872
1789239600,219.0,219.06,218.28,218.74,80.6725
1789243200,218.74,219.18,218.24,219.17,78.1703
1789246800,218.25,219.28,218.24,219.22,235.7855
1789250400,219.25,219.28,219.18,219.23,6.8652
1789254000,219.26,219.32,219.18,219.23,10.6288
1789257600,219.26,219.33,219.19,219.23,20.9394
1789261200,219.26,219.35,219.19,219.23,7.1925
1789264800,219.26,219.37,219.19,219.24,34.2461
1789268400,219.26,219.3,219.19,219.26,25.7323
1789272000,219.28,219.4,219.19,219.26,89.0612
1789275600,219.3,219.37,219.21,219.21,60.0245
1789279200,219.21,219.34,219.2,219.31,3.236
1789282800,219.22,219.31,219.2,219.2,2.8997
1789286400,219.3,219.31,218.1,218.13,115.6677
1789290000,218.14,218.33,218.02,218.03,58.133
1789293600,218.24,218.32,217.82,217.9,222.4501
1789297200,217.98,217.99,217.74,217.75,47.4756
1789300800,217.82,217.88,217.48,217.48,444.2841
1789304400,217.67,217.67,217.26,217.26,189.9832
1789308000,217.26,217.37,217.24,217.24,5.8746
1789311600,217.29,217.41,217.23,217.24,50.9645
1789315200,217.41,217.41,217.15,217.23,117.8202
1789318800,217.2,217.31,217.14,217.17,78.8405
1789322400,217.23,217.28,217.17,217.27,5.3497
1789326000,217.27,217.28,217.17,217.27,2.5999
1789329600,217.27,217.27,217.16,217.16,1.7671
1789333200,217.27,217.27,217.15,217.15,1.1868
1789336800,217.2,217.28,217.11,217.2,20.0394
1789340400,217.2,217.2,216.96,216.96,8.8228
1789344000,216.96,216.96,214.1,214.15,319860.6034
1789347600,214.14,215.16,213.96,215.12,178951.0
1789351200,215.12,215.27,214.9,215.07,80573.0
1789354800,215.08,215.11,214.63,214.78,46949.0
1789358400,214.79,215.0,214.71,214.9,31411.0
1789362000,214.9,214.95,214.7,214.82,47435.0
1789365600,214.83,214.91,214.06,214.08,70453.0
1789369200,214.11,214.11,213.4,213.55,136765.0
1789372800,213.94,215.02,211.95,212.0967,1257022.698642
1789376400,212.01,212.25,211.0,211.928,643104.192018
1789380000,211.928,212.35,211.5112,212.3475,565537.455777
1789383600,212.32,213.3975,211.92,212.89,2637300.938691
1789387200,212.889,213.15,212.03,212.0792,6377777.733688
1789390800,212.08,212.63,208.93,210.79,27046438.332395
1789394400,210.79,211.7,210.07,210.48,18570430.358637
1789398000,210.46,212.33,210.28,212.1884,13771954.237343
1789401600,212.17,212.39,211.51,212.105,8785580.151704
1789405200,212.1099,212.77,211.96,212.4101,7241236.67242
1789408800,212.42,212.63,212.035,212.555,8481717.021831
1789412400,212.57,212.62,210.79,210.96,21034234.002456
1789416000,210.93,212.75,210.29,212.398,22476039.985373
1789419600,212.398,212.54,212.12,212.539,290109.858276
1789423200,212.51,212.62,212.18,212.3877,205378.608021
1789426800,212.3877,212.4,212.01,212.04,199724.069395
1789430400,212.01,212.53,211.94,212.35,37608.0
1789434000,212.38,212.52,212.15,212.39,29883.0
1789437600,212.42,212.73,212.36,212.58,34070.0
1789441200,212.57,212.73,212.45,212.46,37652.0
1789444800,212.45,212.57,212.0,212.21,52646.0
1789448400,212.21,212.44,211.6,212.27,64573.0
1789452000,212.27,212.5,211.97,212.03,40292.0
1789455600,212.03,212.17,211.67,211.81,56939.0
1789459200,211.81,212.61,210.96,211.3977,492585.398883
1789462800,211.3977,212.32,211.2217,212.188,212899.553132
1789466400,212.188,212.5,212.082,212.3795,130816.805501
1789470000,212.36,212.62,212.01,212.3085,2273173.245776
1789473600,212.31,212.96,211.98,212.5695,723459.600088
1789477200,212.5695,213.94,212.27,213.26,14757760.444538
