ts,open,high,low,close,volume
1761681600,460.55,460.559,459.5736,460.0,480025.0
1761685200,460.0,460.55,459.7498,460.06,124012.0
1761688800,460.0,460.25,459.02,459.09,145675.0
1761692400,459.02,460.1,458.81,459.6001,156421.0
1761696000,459.85,462.26,459.44,461.59,69001.0
1761699600,461.59,461.79,460.48,461.25,52518.0
1761703200,461.18,462.11,461.09,461.81,40542.0
1761706800,461.9,462.24,461.64,461.87,25114.0
1761710400,461.99,462.66,461.01,462.08,32205.0
1761714000,462.08,462.19,461.7,461.85,10517.0
1761717600,461.82,462.62,461.74,462.61,23984.0
1761721200,462.63,462.66,462.0,462.49,22171.0
1761724800,462.5,465.0,461.84,463.6,216981.0
1761728400,463.56,464.5,463.25,464.49,101406.0
1761732000,464.31,464.98,463.8,463.8,97921.0
1761735600,463.72,465.6,463.62,465.39,250042.0
1761739200,465.59,465.8,460.98,465.59,687524.0
1761742800,462.615,464.705,457.93,463.95,10887293.0
1761746400,464.11,465.7,458.07,458.69,11046770.0
1761750000,458.74,460.3507,456.78,459.11,7280326.0
1761753600,459.28,460.38,457.55,460.0,4795558.0
1761757200,460.07,462.0,458.56,461.285,5523050.0
1761760800,461.38,462.95,452.65,459.12,12840500.0
1761764400,459.62,462.07,458.0,461.36,10781855.0
1761768000,461.51,462.0,459.4,459.94,601944.0
1761771600,459.81,460.0,459.02,459.02,106841.0
1761775200,459.04,459.5,458.4,458.53,126420.0
1761778800,458.52,459.58,458.4,459.0001,125786.0
1761782400,461.38,461.38,459.19,459.83,29121.0
1761786000,459.98,460.49,459.33,460.33,24175.0
1761789600,460.33,460.94,459.99,460.11,32825.0
1761793200,460.1,461.11,460.01,460.86,32934.0
1761796800,460.87,460.93,454.99,456.3,138719.0
1761800400,456.36,458.91,456.2,458.21,46484.0
1761804000,458.08,458.19,455.95,457.1,31532.0
1761807600,457.09,458.98,456.62,458.57,38141.0
1761811200,458.7,460.8,458.69,460.03,126848.0
1761814800,460.15,460.45,457.0,457.75,84487.0
1761818400,457.5,458.38,457.06,458.13,76260.0
1761822000,458.0,459.5,458.0,459.0,92580.0
1761825600,458.21,461.51,453.89,453.89,990412.0
1761829200,453.17,455.0607,448.5754,451.62,10951202.0
1761832800,451.695,452.94,441.8,442.87,15820117.0
1761836400,442.69,444.7,439.61,441.11,10599687.0
1761840000,441.3,446.75,441.26,446.285,7159339.0
1761843600,446.155,446.4,443.28,444.69,5169676.0
1761847200,444.72,444.9,441.8201,442.99,5106822.0
1761850800,443.26,443.809,440.0,440.05,8413199.0
1761854400,440.1,443.77,439.7097,442.7,1058893.0
1761858000,442.82,444.52,442.7606,443.75,350111.0
1761861600,443.98,445.49,443.97,444.83,186066.0
1761865200,444.8,445.19,443.94,444.71,160581.0
1761868800,444.75,447.0,444.31,445.24,47163.0
1761872400,445.25,445.27,440.21,441.76,106293.0
1761876000,441.75,443.38,440.24,443.0,97627.0
1761879600,442.99,443.39,441.69,442.51,27478.0
1761883200,442.49,442.89,442.1,442.79,16097.0
1761886800,442.79,442.89,442.12,442.63,12545.0
1761890400,442.63,442.89,441.61,441.96,16232.0
1761894000,441.88,444.5,441.57,443.91,30161.0
1761897600,443.9,446.3,443.8,445.4,197291.0
1761901200,445.43,445.82,445.0,445.23,90677.0
1761904800,445.55,445.55,444.14,444.7,74489.0
1761908400,444.8,446.41,444.75,445.86,173512.0
1761912000,445.98,447.0,441.58,445.83,624524.0
1761915600,446.715,450.47,445.45,449.795,9684452.0
1761919200,449.85,457.09,448.94,456.82,14627924.0
1761922800,456.79,457.73,453.46,453.81,9679722.0
1761926400,453.77,454.43,448.69,449.38,9098708.0
1761930000,449.3,449.42,443.6855,448.41,11321442.0
1761933600,448.49,453.75,448.386,451.91,10651206.0
1761937200,451.39,458.0,450.7772,456.52,11030661.0
1761940800,456.56,456.78,455.2,455.5,761557.0
1761944400,455.47,455.8978,455.02,455.84,116283.0
1761948000,455.8281,455.83,455.51,455.69,44311.0
1761951600,455.6942,456.1,455.5,456.1,109036.0
1762131600,456.55,459.68,454.32,458.64,127517.0
1762135200,458.69,458.81,456.76,457.8,44459.0
1762138800,457.78,458.25,456.32,457.2,34236.0
1762142400,457.2,458.48,457.09,458.14,18214.0
1762146000,458.15,458.45,457.29,457.94,18418.0
1762149600,457.92,457.92,456.75,456.87,20365.0
1762153200,456.88,457.13,455.63,456.2,45085.0
1762156800,456.25,456.92,455.54,456.64,43526.0
1762160400,456.02,459.33,456.02,457.89,240425.0
1762164000,457.85,458.56,457.76,458.11,93169.0
1762167600,458.12,459.07,457.68,458.66,109256.0
1762171200,458.6,459.9,456.6,457.22,255350.0
1762174800,459.01,459.8998,454.6547,455.8,923540.0
1762178400,456.095,473.65,453.8,473.465,17827359.0
1762182000,473.57,474.07,466.7,470.76,17926002.0
1762185600,470.83,471.5,465.3,467.0,10606843.0
1762189200,466.84,470.28,466.24,469.095,7905556.0
1762192800,469.115,470.7899,467.2,467.445,5778712.0
1762196400,467.41,469.81,464.64,469.31,8284696.0
1762200000,469.37,470.7212,468.22,468.23,9463172.0
1762203600,468.37,468.78,467.0,468.22,528932.0
1762207200,468.25,468.39,467.45,467.45,107347.0
1762210800,467.4994,467.72,467.0,467.1,114224.0
1762214400,467.1,467.25,464.5,465.3988,250557.0
1762218000,465.18,468.01,465.18,466.52,54820.0
1762221600,466.52,466.66,465.18,465.31,26192.0
1762225200,465.3,466.21,464.99,465.21,45663.0
1762228800,465.24,465.53,464.79,464.97,37463.0
1762232400,465.06,465.12,458.49,458.54,238339.0
1762236000,458.53,459.82,455.75,459.6,208024.0
1762239600,459.6,461.69,457.81,461.62,133572.0
1762243200,461.64,461.91,457.99,458.79,130082.0
1762246800,458.68,459.68,455.3,455.36,385197.0
1762250400,455.44,457.48,454.66,456.7,238940.0
1762254000,456.78,457.72,456.39,457.29,157677.0
1762257600,457.41,457.55,455.49,455.7,362409.0
1762261200,457.55,465.1,452.41,453.96,2139238.0
1762264800,454.48,457.66,447.69,457.49,15294937.0
1762268400,457.47,460.22,453.14,453.625,12020600.0
1762272000,453.71,455.61,451.0501,452.68,9084644.0
1762275600,452.785,452.98,448.1,450.49,8543153.0
1762279200,450.42,451.54,446.341,450.34,9991874.0
1762282800,450.14,450.97,443.86,446.51,9142819.0
1762286400,446.43,449.4617,443.6,443.97,12174619.0
1762290000,444.23,445.3,442.0,443.83,1001590.0
1762293600,443.8,444.49,443.21,443.4951,240305.0
1762297200,443.49,444.0,441.43,441.91,301256.0
1762300800,441.86,442.22,439.4903,439.4903,393352.0
1762304400,441.8,441.99,430.7,441.04,534909.0
1762308000,441.01,444.99,438.0,444.49,225872.0
1762311600,444.49,451.01,444.25,450.09,330447.0
1762315200,450.08,450.42,447.1,449.01,127614.0
1762318800,449.1,449.92,446.68,447.37,93453.0
1762322400,447.37,449.01,446.6,448.35,56927.0
1762326000,448.38,448.5,444.16,444.17,100925.0
1762329600,444.16,447.56,443.99,447.2,91387.0
1762333200,446.56,449.01,445.34,447.03,218125.0
1762336800,447.0,448.99,445.9,445.9,170747.0
1762340400,445.9,447.25,445.85,446.6,137540.0
1762344000,446.59,450.62,446.31,450.15,369044.0
1762347600,446.56,451.74,444.0,451.54,2356840.0
1762351200,451.985,455.41,444.3,447.51,11850941.0
1762354800,447.56,447.85,440.71,446.82,13714564.0
1762358400,446.82,453.1,445.81,451.21,9232098.0
1762362000,451.23,454.48,450.06,453.81,6384899.0
1762365600,453.76,464.77,453.685,463.87,10849763.0
1762369200,463.66,466.3299,460.53,465.77,10765404.0
1762372800,465.885,466.13,459.6401,462.19,12900465.0
1762376400,462.07,462.78,461.0,462.07,717328.0
1762380000,462.0832,462.44,460.02,460.869,214955.0
1762383600,460.87,461.97,460.12,461.8,145911.0
1762387200,461.8,461.9,460.34,460.3401,170712.0
1762390800,460.99,462.64,457.54,460.32,129639.0
1762394400,460.32,460.83,459.16,460.7,49641.0
1762398000,460.69,461.9,460.54,461.36,62444.0
1762401600,461.44,463.94,461.05,463.84,77739.0
1762405200,463.79,464.4,461.86,462.49,81635.0
1762408800,462.49,462.97,460.51,461.32,53154.0
1762412400,461.33,461.68,459.71,459.84,49289.0
1762416000,459.85,460.6,459.27,460.6,65176.0
1762419600,460.15,463.79,460.15,463.47,199317.0
1762423200,463.45,465.43,463.36,464.3,174321.0
1762426800,464.38,465.0,463.51,463.82,118849.0
1762430400,463.61,465.2,463.32,464.3,199283.0
1762434000,463.78,465.39,459.28,461.48,873514.0
1762437600,461.89,467.45,457.77,459.36,13797431.0
1762441200,459.47,459.55,442.85,443.43,18852531.0
1762444800,443.3,445.4003,435.09,437.65,16673016.0
1762448400,437.65,446.35,437.6,445.57,11755133.0
1762452000,445.56,449.35,441.63,448.13,10693385.0
1762455600,448.065,451.46,446.76,448.94,10986249.0
1762459200,449.29,450.78,444.185,445.885,12174989.0
1762462800,446.3,461.1,440.0,456.95,3417575.0
1762466400,456.5,458.18,442.0,444.42,2890599.0
1762470000,444.42,447.75,442.22,446.74,868827.0
1762473600,446.88,454.85,446.56,452.9,985463.0
1762477200,455.0,455.0,447.13,450.81,281563.0
1762480800,450.71,451.5,446.84,449.21,171756.0
1762484400,449.3,449.5,445.56,445.58,113742.0
1762488000,445.59,447.87,443.99,447.69,113258.0
1762491600,447.68,451.71,447.49,451.61,114785.0
1762495200,451.71,451.71,449.81,451.0,59620.0
1762498800,451.0,454.01,450.99,453.8,116588.0
1762502400,453.77,454.76,452.05,454.0,129699.0
1762506000,453.99,456.34,450.04,450.12,346642.0
1762509600,450.1,450.75,447.89,449.41,214516.0
1762513200,449.36,449.36,443.79,447.78,435370.0
1762516800,447.75,449.0,441.25,443.6,644240.0
1762520400,442.71,456.25,438.6,441.31,2455284.0
1762524000,440.41,441.35,423.4,432.0,20595701.0
1762527600,431.88,439.36,426.94,429.13,16752447.0
1762531200,429.21,431.1963,421.88,424.075,13691509.0
1762534800,424.27,429.43,423.35,426.89,10733623.0
1762538400,426.94,433.26,426.52,432.76,8309326.0
1762542000,432.25,437.45,431.35,437.3,10118805.0
1762545600,437.195,437.6,428.13,429.39,13580710.0
1762549200,430.55,430.8,429.31,430.13,830168.0
1762552800,429.98,430.97,429.81,430.6,249171.0
1762556400,430.6,432.8,430.55,432.8,243466.0
1762560000,432.7499,432.9,431.6,432.05,197013.0
1762736400,435.99,440.01,434.34,438.78,366216.0
1762740000,438.77,440.0,438.51,439.4,101521.0
1762743600,439.38,441.31,439.24,441.2,121754.0
1762747200,441.2,442.01,440.16,440.99,101254.0
1762750800,441.0,441.26,439.34,439.68,70562.0
1762754400,439.55,439.94,438.16,439.66,77496.0
1762758000,439.66,441.05,439.49,440.12,92606.0
1762761600,440.11,441.75,440.04,441.75,69268.0
1762765200,441.0,441.91,439.12,441.0,235921.0
1762768800,441.01,441.04,439.44,439.6,113980.0
1762772400,439.5,439.6,437.75,438.71,229947.0
1762776000,438.68,439.75,438.3,439.55,236984.0
1762779600,438.5,441.86,437.79,438.86,1040664.0
1762783200,439.62,443.38,433.36,439.205,12652390.0
1762786800,439.44,446.88,438.63,444.03,16351227.0
1762790400,443.9,449.6715,442.23,446.51,10890741.0
1762794000,446.38,449.43,446.0,448.21,7086145.0
1762797600,448.18,448.7,442.39,442.55,6962782.0
1762801200,442.43,447.17,442.08,445.69,6813173.0
1762804800,445.73,446.63,443.55,445.2,8773148.0
1762808400,445.3199,445.35,444.14,444.52,383181.0
1762812000,444.52,446.89,443.55,444.77,262047.0
1762815600,444.7318,445.16,444.26,444.81,75573.0
1762819200,444.81,445.16,444.3182,444.4,107536.0
1762822800,444.49,445.53,444.35,444.51,44041.0
1762826400,444.49,444.73,443.65,444.37,29110.0
1762830000,444.28,444.56,443.81,444.38,20041.0
1762833600,444.32,444.36,441.57,441.73,48987.0
1762837200,441.82,442.36,440.99,441.01,63343.0
1762840800,441.05,443.01,440.76,441.96,71966.0
1762844400,442.03,442.26,441.17,441.66,43852.0
1762848000,441.6,442.57,441.2,441.89,56524.0
1762851600,441.89,442.99,441.33,441.53,114055.0
1762855200,441.47,442.76,441.35,442.31,64056.0
1762858800,442.43,442.94,441.9,442.29,44728.0
1762862400,442.4,442.85,441.16,441.6,119312.0
1762866000,441.05,443.0,440.5,441.05,759078.0
1762869600,440.27,442.49,436.83,439.08,9340618.0
1762873200,438.84,439.5,432.74,433.475,11815608.0
1762876800,433.71,436.4,432.36,433.06,8964745.0
1762880400,433.24,435.8,432.81,435.25,6250218.0
1762884000,435.26,437.03,434.0822,436.905,6108945.0
1762887600,436.96,437.85,435.65,436.19,5177045.0
1762891200,436.27,440.46,436.0,439.47,7756971.0
1762894800,440.09,440.34,438.2593,440.03,441195.0
1762898400,438.79,439.62,438.65,438.96,72505.0
1762902000,438.91,439.01,438.35,438.71,72426.0
1762905600,438.81,439.3,438.6,439.0363,106519.0
1762909200,438.81,441.66,438.04,440.59,83883.0
1762912800,440.59,440.87,439.87,440.26,30517.0
1762916400,440.26,440.33,440.02,440.2,19961.0
1762920000,440.2,440.25,438.26,439.36,46172.0
1762923600,439.36,440.36,439.12,440.19,21799.0
1762927200,440.19,440.78,440.04,440.71,32453.0
1762930800,440.73,441.54,440.69,441.35,41856.0
1762934400,441.21,441.76,440.65,441.63,23741.0
1762938000,441.47,441.77,439.34,441.61,112905.0
1762941600,441.59,441.8,441.01,441.43,43315.0
1762945200,441.34,441.51,439.7,439.9,58302.0
1762948800,440.0,441.82,440.0,441.68,129958.0
1762952400,441.1,442.87,439.17,442.09,632836.0
1762956000,442.105,442.8997,432.66,433.61,8938083.0
1762959600,433.73,435.76,427.89,430.075,12501662.0
1762963200,429.89,431.93,426.56,428.73,9396879.0
1762966800,428.64,432.34,428.36,431.5,5665657.0
1762970400,431.7,432.19,429.92,431.55,4565603.0
1762974000,431.67,431.89,429.0,430.21,4717850.0
1762977600,429.95,432.75,429.0,430.635,7892864.0
1762981200,430.6,430.88,429.5546,430.12,305129.0
1762984800,430.25,430.591,430.01,430.16,88919.0
1762988400,430.17,430.17,427.6,428.2,267209.0
1762992000,428.2,429.42,428.2,428.7,188172.0
1762995600,429.06,434.34,428.67,432.19,160789.0
1762999200,432.28,432.72,430.85,431.34,40946.0
1763002800,431.38,431.78,430.7,431.51,25579.0
1763006400,431.46,431.7,430.73,431.26,25357.0
1763010000,431.26,431.87,430.97,431.61,24605.0
1763013600,431.59,432.51,431.53,432.2,29318.0
1763017200,432.18,432.29,430.84,431.07,44454.0
1763020800,431.07,432.28,430.6,432.28,38005.0
1763024400,432.0,432.0,427.2,427.99,193350.0
1763028000,427.98,429.95,427.7,429.19,77294.0
1763031600,429.19,429.85,427.54,428.35,92653.0
1763035200,428.35,428.46,425.67,426.9,224688.0
1763038800,426.54,432.46,424.1,425.03,1062849.0
1763042400,423.93,424.7,414.39,414.58,14325042.0
1763046000,414.53,416.05,404.76,407.88,22786133.0
1763049600,407.7,408.54,400.88,401.79,15645467.0
1763053200,401.8,404.58,398.66,400.49,15265261.0
1763056800,400.8,401.65,396.34,398.835,12944508.0
1763060400,399.215,403.57,396.74,400.27,13644451.0
1763064000,400.2,404.33,399.31,401.95,14343559.0
1763067600,401.8982,403.6,400.09,400.51,993667.0
1763071200,400.49,401.99,399.26,400.9999,414302.0
1763074800,401.04,403.0,401.0,402.1078,333766.0
1763078400,402.24,402.3,400.2,400.4,264035.0
1763082000,402.22,402.95,396.45,398.73,240428.0
1763085600,398.73,401.79,398.48,401.11,146812.0
1763089200,401.12,402.01,398.79,398.96,86320.0
1763092800,398.98,399.18,390.71,392.29,362806.0
1763096400,392.37,395.88,388.99,395.46,626501.0
1763100000,395.45,396.9,393.5,396.14,216679.0
1763103600,396.03,396.07,392.49,393.98,163374.0
1763107200,393.91,394.67,391.99,393.74,182812.0
1763110800,393.6,395.99,389.0,390.4,779387.0
1763114400,390.29,392.64,389.5,391.36,290988.0
1763118000,391.35,391.39,385.61,387.81,831289.0
1763121600,387.85,388.48,381.07,383.34,1662743.0
1763125200,383.41,396.9,380.9703,383.55,4488875.0
1763128800,384.97,401.99,382.44,398.15,19805265.0
1763132400,398.155,405.85,391.14,405.15,21109305.0
1763136000,405.43,412.19,401.56,409.04,16139144.0
1763139600,409.01,410.49,406.55,408.79,8400319.0
1763143200,408.98,410.59,404.53,407.31,11042915.0
1763146800,407.46,410.43,405.3,409.66,7234318.0
1763150400,409.75,410.3,403.53,404.31,10443573.0
1763154000,404.92,405.81,403.2,404.32,589881.0
1763157600,403.83,404.3,403.595,404.2,179384.0
1763161200,404.2,404.7385,403.9,404.61,112173.0
1763164800,404.67,405.68,404.6,405.45,174952.0
1763341200,406.52,407.83,396.32,402.5,370466.0
1763344800,402.5,403.59,400.09,400.7,123067.0
1763348400,400.68,403.85,400.37,403.71,91010.0
1763352000,403.69,408.6,403.34,408.29,204836.0
1763355600,408.32,408.51,405.96,406.28,127041.0
1763359200,406.33,406.97,405.61,406.02,47750.0
1763362800,406.07,408.31,405.99,408.1,87980.0
1763366400,408.08,409.68,407.91,409.2,113840.0
1763370000,409.25,409.86,407.0,407.55,182324.0
1763373600,407.5,407.98,404.0,404.01,125878.0
1763377200,404.08,404.35,400.49,403.72,262801.0
1763380800,403.59,403.83,400.32,401.56,264061.0
1763384400,401.51,409.8,397.31,401.49,1477433.0
1763388000,398.85,416.85,397.44,416.615,14935758.0
1763391600,416.83,417.94,411.05,416.345,17400914.0
1763395200,416.55,423.47,412.82,423.3,14172582.0
1763398800,423.38,423.96,413.64,413.85,12176866.0
1763402400,413.58,414.19,408.33,409.11,12879834.0
1763406000,409.11,409.96,405.55,405.845,10557080.0
1763409600,405.685,409.8,404.81,409.02,12635001.0
1763413200,408.92,410.0,407.75,409.02,690255.0
1763416800,409.02,409.77,408.5501,409.4783,154888.0
1763420400,409.5,411.88,409.45,411.5,316609.0
1763424000,411.5,411.97,408.77,410.13,300237.0
1763427600,411.19,412.0,409.01,411.08,79065.0
1763431200,411.11,411.11,408.01,408.35,67426.0
1763434800,408.46,408.61,405.1,405.42,148114.0
1763438400,405.33,405.41,401.1,403.76,217105.0
1763442000,403.8,405.76,402.64,404.07,79994.0
1763445600,404.04,404.5,402.31,403.81,62092.0
1763449200,403.81,406.65,402.56,405.38,97364.0
1763452800,405.43,409.95,405.43,408.41,95905.0
1763456400,408.27,409.54,406.39,408.29,172270.0
1763460000,408.4,408.4,407.0,407.75,53368.0
1763463600,407.63,408.1,405.52,406.65,75086.0
1763467200,406.64,406.94,405.0,405.78,236517.0
1763470800,405.54,409.95,402.3,405.2,1344275.0
1763474400,405.47,408.9,396.3,396.42,13931425.0
1763478000,396.235,400.2,393.71,398.66,15229556.0
1763481600,398.425,405.55,396.76,405.07,12409089.0
1763485200,404.86,408.6,401.26,406.93,9079848.0
1763488800,407.2,407.59,402.12,402.57,7263750.0
1763492400,402.82,406.6,402.01,405.63,7392613.0
1763496000,405.6,405.86,400.79,401.13,8677863.0
1763499600,400.59,401.48,398.8,400.25,769305.0
1763503200,400.21,400.69,399.6,399.8,141162.0
1763506800,399.85,401.48,399.8006,400.0,211659.0
1763510400,400.3492,400.3492,398.25,398.38,239446.0
1763514000,400.01,401.0,397.32,399.69,106624.0
1763517600,399.66,402.99,399.57,402.8,97537.0
1763521200,402.79,403.54,400.05,400.86,71669.0
1763524800,400.86,401.58,400.03,400.63,37325.0
1763528400,400.64,401.06,398.14,399.48,70048.0
1763532000,399.42,401.3,399.36,401.21,41623.0
1763535600,401.26,402.32,401.02,401.78,55978.0
1763539200,401.76,402.25,400.8,400.81,35627.0
1763542800,400.91,403.83,400.01,403.65,110278.0
1763546400,403.74,404.5,402.81,404.31,67082.0
1763550000,404.47,405.12,403.7,403.7,101325.0
1763553600,403.74,406.71,403.44,405.89,227242.0
1763557200,406.08,407.46,398.14,405.54,879042.0
1763560800,406.17,408.43,400.4016,408.28,10239631.0
1763564400,407.8,411.78,403.59,404.54,15384804.0
1763568000,404.71,409.4808,403.91,406.055,10460016.0
1763571600,405.7,406.07,398.5,402.89,9578067.0
1763575200,402.79,403.85,399.86,402.88,5996014.0
1763578800,403.0,403.83,400.17,402.21,5536122.0
1763582400,402.11,406.01,401.2301,404.06,8456206.0
1763586000,404.7,408.75,403.63,408.37,906632.0
1763589600,408.12,409.98,403.99,407.5652,469739.0
1763593200,407.8148,411.29,407.6,410.97,446950.0
1763596800,411.15,411.4,409.76,410.5,212551.0
1763600400,410.99,414.33,410.18,412.38,142238.0
1763604000,412.32,413.18,412.04,412.8,66538.0
1763607600,412.83,413.36,412.24,412.5,49148.0
1763611200,412.39,413.47,412.24,413.33,31089.0
1763614800,413.32,413.51,412.7,412.73,36465.0
1763618400,412.77,412.87,411.01,411.81,68458.0
1763622000,411.81,412.14,411.06,411.58,39751.0
1763625600,411.55,412.83,411.44,412.2,52401.0
1763629200,412.2,412.8,409.0,409.8,157111.0
1763632800,409.84,411.76,409.04,411.38,94026.0
1763636400,411.44,411.44,410.3,410.61,76778.0
1763640000,410.52,413.17,410.49,413.06,242572.0
1763643600,413.4,414.78,409.03,413.57,1107636.0
1763647200,412.79,425.78,412.4,425.74,15708701.0
1763650800,425.8,428.94,422.67,423.585,17896267.0
1763654400,423.67,424.14,407.4101,408.77,19274628.0
1763658000,408.53,411.208,398.48,404.02,17904903.0
1763661600,404.08,408.16,397.59,399.7,12269538.0
1763665200,399.69,404.5799,397.39,404.42,9411363.0
1763668800,404.19,404.32,394.74,395.05,12416743.0
1763672400,395.83,396.0,391.521,393.82,1194970.0
1763676000,392.88,393.79,390.22,393.64,532762.0
1763679600,393.65,399.0,392.78,397.5901,685812.0
1763683200,397.59,398.9,397.2,397.6,268121.0
1763686800,395.01,401.19,392.01,399.73,128878.0
1763690400,399.74,399.74,395.0,395.07,118301.0
1763694000,395.08,398.77,394.38,397.13,123558.0
1763697600,397.2,398.12,395.92,397.17,58313.0
1763701200,397.14,398.0,396.3,397.6,41889.0
1763704800,397.56,397.97,396.95,397.72,33819.0
1763708400,397.78,398.31,393.62,393.7,100856.0
1763712000,393.73,399.21,393.66,399.04,144465.0
1763715600,398.5,401.26,395.3,395.51,236017.0
1763719200,395.46,398.32,392.9,398.1,362358.0
1763722800,398.19,399.2,395.3,396.1,173819.0
1763726400,396.21,399.65,392.93,398.46,506246.0
1763730000,397.69,402.1,392.9,401.57,1727103.0
1763733600,400.13,402.8,394.74,395.16,12664816.0
1763737200,395.73,398.37,384.24,385.68,19737692.0
1763740800,386.16,399.4,383.76,398.71,14688721.0
1763744400,399.055,402.25,397.42,398.835,12639843.0
1763748000,398.935,402.32,393.1702,399.33,13062075.0
1763751600,399.37,402.02,396.2,397.33,8105185.0
1763755200,397.18,398.78,390.55,390.98,11709356.0
1763758800,390.43,393.7,389.6,393.5,1004590.0
1763762400,393.4,393.68,392.32,393.3,168980.0
1763766000,393.3,394.5,393.0,393.9992,132353.0
1763769600,394.0,394.26,393.27,393.83,160233.0
1763946000,397.39,400.39,394.99,398.29,263626.0
1763949600,398.28,399.7,397.88,399.57,82389.0
1763953200,399.58,399.98,398.04,398.14,79809.0
1763956800,398.19,398.23,397.19,397.81,41523.0
1763960400,397.8,398.6,397.13,398.17,41239.0
1763964000,398.2,398.41,396.5,397.21,45538.0
1763967600,397.11,397.62,396.35,397.3,36553.0
1763971200,397.24,398.88,397.0,398.88,56742.0
1763974800,398.74,399.7,396.0,398.31,218871.0
1763978400,398.29,398.69,396.8,397.65,102438.0
1763982000,397.7,398.61,397.59,398.4,76073.0
1763985600,398.39,399.7,397.19,399.5,243908.0
1763989200,399.6,400.08,396.0023,398.9,868808.0
1763992800,399.59,412.11,398.84,411.79,16597404.0
1763996400,411.73,417.39,411.4601,414.89,17302283.0
1764000000,415.09,420.37,414.6,418.935,13138728.0
1764003600,418.985,420.49,417.88,419.06,7728040.0
1764007200,419.045,419.96,418.01,419.39,5866440.0
1764010800,419.285,421.73,416.89,417.54,9149796.0
1764014400,417.6,421.45,416.0,417.66,12894790.0
1764018000,417.5905,418.7,417.18,418.54,1699025.0
1764021600,418.52,420.15,418.3901,419.51,252053.0
1764025200,419.51,419.51,418.01,418.85,168662.0
1764028800,418.83,418.9999,417.8,418.7772,133276.0
1764032400,418.91,419.68,418.4,418.63,47364.0
1764036000,418.65,419.11,418.57,418.99,24276.0
1764039600,419.0,419.69,418.79,419.14,33241.0
1764043200,419.13,419.67,418.94,419.6,27888.0
1764046800,419.59,419.85,418.52,418.93,41314.0
1764050400,418.94,419.16,416.69,417.12,63133.0
1764054000,417.11,417.78,416.58,417.65,46505.0
1764057600,417.63,417.87,415.13,415.3,62734.0
1764061200,415.22,417.85,412.0,414.03,283490.0
1764064800,414.09,415.24,413.77,415.24,111244.0
1764068400,415.25,416.88,414.28,415.44,130987.0
1764072000,415.47,418.9,414.83,418.73,248552.0
1764075600,418.11,419.8,412.0,417.72,1211530.0
1764079200,415.17,416.71,407.29,412.33,12696905.0
1764082800,412.16,412.34,405.95,411.05,13571875.0
1764086400,411.05,415.38,408.5101,414.29,10381246.0
1764090000,414.31,420.48,414.1901,417.55,9712922.0
1764093600,417.59,419.62,416.41,417.18,5690308.0
1764097200,417.05,417.54,414.61,417.34,6337175.0
1764100800,417.4,420.16,416.575,419.41,8371709.0
1764104400,419.34,419.55,418.29,418.99,919601.0
1764108000,418.9,419.0,418.31,418.7312,92804.0
1764111600,418.67,419.01,418.3,418.6,91876.0
1764115200,418.55,419.3,418.3205,419.1,123115.0
1764118800,419.3,422.1,419.14,421.5,117602.0
1764122400,421.47,421.78,421.09,421.66,32576.0
1764126000,421.66,422.98,421.64,422.67,75290.0
1764129600,422.66,423.0,421.55,422.51,44922.0
1764133200,422.59,422.82,421.56,422.32,35449.0
1764136800,422.33,422.7,421.91,422.32,31187.0
1764140400,422.45,422.96,422.18,422.83,25038.0
1764144000,422.8,422.94,421.79,422.05,41706.0
1764147600,421.85,422.97,420.65,421.73,113633.0
1764151200,421.68,423.6,421.6,423.52,88384.0
1764154800,423.49,425.48,423.49,424.32,169032.0
1764158400,424.27,425.75,423.38,425.59,251946.0
1764162000,425.04,425.735,421.52,425.07,830528.0
1764165600,424.015,425.52,417.0684,417.295,11474813.0
1764169200,417.335,421.31,416.89,419.23,10993629.0
1764172800,419.27,421.0199,418.235,420.63,6798333.0
1764176400,420.835,423.04,419.52,422.48,6247427.0
1764180000,422.45,424.09,421.28,423.2,6343262.0
1764183600,423.19,426.42,423.01,424.21,8045391.0
1764187200,424.24,426.94,423.84,426.51,8220271.0
1764190800,426.49,427.75,426.0386,426.62,768262.0
1764194400,426.7,426.7,426.06,426.06,125174.0
1764198000,426.1,426.38,425.89,426.14,102577.0
1764201600,426.15,426.6,426.05,426.57,85862.0
1764291600,425.26,429.51,425.26,429.0,115091.0
1764295200,429.0,429.04,428.3,428.79,29091.0
1764298800,428.79,428.88,428.53,428.65,12489.0
1764302400,428.66,428.81,427.79,428.0,22236.0
1764306000,428.0,428.04,427.11,427.72,25510.0
1764309600,427.72,428.89,427.6,428.59,18836.0
1764313200,428.21,428.47,427.89,427.98,15058.0
1764316800,427.93,428.29,427.3,428.19,21078.0
1764320400,427.3,428.43,427.17,427.85,93652.0
1764324000,427.8,428.69,427.8,428.55,57704.0
1764327600,428.57,428.8,428.22,428.28,66723.0
1764331200,428.28,429.6,428.13,428.93,166250.0
1764334800,428.52,429.63,427.1,428.81,507798.0
1764338400,426.6,432.93,425.34,429.05,8849275.0
1764342000,429.08,430.4315,426.2,430.17,9791372.0
1764345600,430.17,432.39,428.45,429.43,7946117.0
1764349200,429.22,430.56,428.24,430.13,6404260.0
1764352800,430.2,430.2,430.1,430.17,1593121.0
1764363600,430.1,430.4,430.02,430.2,45963.0
1764550800,428.72,429.51,423.25,426.35,211146.0
1764554400,426.36,426.62,424.36,424.84,80999.0
1764558000,424.85,424.85,423.39,424.36,79181.0
1764561600,424.39,424.71,423.35,423.52,51905.0
1764565200,423.52,423.87,421.63,423.79,92087.0
1764568800,423.85,425.76,423.62,425.48,63910.0
1764572400,425.48,426.45,424.96,426.27,61964.0
1764576000,426.26,426.35,425.35,426.0,38788.0
1764579600,425.33,427.13,424.99,425.4,135868.0
1764583200,425.37,425.8,425.17,425.4,44092.0
1764586800,425.36,425.45,423.95,424.89,90948.0
1764590400,424.85,425.34,423.56,424.03,173783.0
1764594000,423.87,430.17,421.63,423.99,762111.0
1764597600,424.38,431.46,424.22,428.88,9699953.0
1764601200,429.44,433.6599,426.31,429.39,12343994.0
1764604800,429.62,429.64,425.8,428.01,6002086.0
1764608400,428.15,431.11,427.33,429.28,6489931.0
1764612000,429.25,430.33,427.75,428.57,4149456.0
1764615600,428.46,428.6177,426.31,426.57,5353820.0
1764619200,426.52,430.3,426.34,430.29,7623713.0
1764622800,430.52,430.99,429.42,429.83,464855.0
1764626400,429.41,430.21,429.35,429.95,85671.0
1764630000,429.95,430.1463,429.3,429.35,73263.0
1764633600,429.35,429.4,428.55,428.6,106303.0
1764637200,429.15,430.01,428.08,429.05,49058.0
1764640800,429.05,429.41,428.49,429.27,21727.0
1764644400,429.28,429.31,428.39,428.76,29549.0
1764648000,428.82,428.88,428.2,428.25,17341.0
1764651600,428.37,428.85,428.07,428.68,19113.0
1764655200,428.69,428.86,428.31,428.56,15201.0
1764658800,428.52,429.2,428.5,428.76,16571.0
1764662400,428.74,429.25,428.15,429.11,41038.0
1764666000,428.64,431.06,428.6,430.58,93467.0
1764669600,430.54,432.0,430.39,431.93,89039.0
1764673200,431.98,431.98,431.33,431.42,87162.0
1764676800,431.41,433.0,430.56,431.81,158272.0
1764680400,432.18,432.99,428.08,432.15,520940.0
1764684000,432.75,433.5,427.74,428.99,9626436.0
1764687600,428.99,436.8,428.9,429.77,15937851.0
1764691200,429.75,429.78,422.12,424.22,12110903.0
1764694800,424.31,426.22,423.39,423.44,5846092.0
1764698400,423.18,426.27,423.0,426.24,5192842.0
1764702000,426.15,429.4,425.36,429.215,6708616.0
1764705600,429.26,431.06,428.71,429.06,8076977.0
1764709200,428.77,429.38,428.1957,428.38,416699.0
1764712800,428.44,428.79,428.35,428.59,63760.0
1764716400,428.58,428.6703,428.01,428.1014,87592.0
1764720000,428.1017,428.15,427.4175,427.85,131163.0
1764723600,428.49,428.56,427.7,427.84,26980.0
1764727200,427.84,429.01,427.65,428.97,28992.0
1764730800,428.96,429.49,428.75,429.27,27396.0
1764734400,429.26,430.0,428.75,428.75,25026.0
1764738000,428.72,429.4,428.67,429.12,16280.0
1764741600,429.14,429.24,428.79,428.83,16408.0
1764745200,428.86,429.38,428.83,429.31,20344.0
1764748800,429.25,429.46,428.29,428.79,35298.0
1764752400,428.87,430.46,428.87,430.42,103453.0
1764756000,430.39,430.56,429.9,430.06,44275.0
1764759600,429.95,430.15,429.37,429.86,48711.0
1764763200,429.82,430.85,429.52,430.5,65740.0
1764766800,430.5,435.7,428.4,434.4,1609650.0
1764770400,433.08,438.89,429.59,437.26,15100085.0
1764774000,437.165,444.38,436.97,440.62,18234100.0
1764777600,440.63,442.31,437.74,440.27,11320951.0
1764781200,440.16,442.18,439.42,441.185,5733351.0
1764784800,441.275,447.5,441.01,446.425,8991863.0
1764788400,446.35,447.92,445.03,445.48,8893118.0
1764792000,445.59,447.77,445.28,446.82,10251232.0
1764795600,446.71,446.96,445.36,445.48,1819489.0
1764799200,445.77,446.74,445.7,446.15,107430.0
1764802800,446.17,446.7387,445.9525,446.55,142408.0
1764806400,446.53,447.0,446.3,446.9502,170339.0
1764810000,445.94,448.33,445.54,447.09,95838.0
1764813600,447.09,447.4,446.54,446.9,32029.0
1764817200,446.92,447.59,446.71,447.5,32019.0
1764820800,447.52,447.96,447.08,447.39,28619.0
1764824400,447.4,447.54,446.99,447.54,18191.0
1764828000,447.55,447.75,447.15,447.69,20614.0
1764831600,447.74,449.43,447.67,449.43,76415.0
1764835200,449.41,449.54,447.79,448.86,69315.0
1764838800,448.89,450.87,447.17,450.67,299929.0
1764842400,450.65,451.64,449.61,450.1,209488.0
1764846000,450.01,450.24,448.71,448.8,122072.0
1764849600,448.74,450.1,448.48,449.35,208321.0
1764853200,447.81,451.5603,446.85,448.1,1515392.0
1764856800,448.08,454.63,445.85,450.975,15449786.0
1764860400,450.82,452.75,445.39,448.43,13878082.0
1764864000,448.345,450.3,446.81,449.72,7599599.0
1764867600,449.665,450.8,448.01,448.5,5505364.0
1764871200,448.34,449.39,446.6,448.78,5297476.0
1764874800,448.73,450.15,446.2,449.64,6495527.0
1764878400,449.495,454.63,448.85,454.585,10131965.0
1764882000,454.66,454.87,449.991,453.76,1753092.0
1764885600,453.85,454.14,453.2,453.3999,166182.0
1764889200,453.46,453.86,453.21,453.35,104335.0
1764892800,453.39,453.85,453.3,453.85,124563.0
1764896400,453.84,454.69,453.27,453.28,67234.0
1764900000,453.28,453.95,453.28,453.81,28729.0
1764903600,453.81,453.86,453.65,453.78,21469.0
1764907200,453.76,453.98,453.71,453.98,18539.0
1764910800,453.97,454.85,453.89,454.77,36110.0
1764914400,454.76,455.66,454.72,455.61,45297.0
1764918000,455.65,456.92,455.35,455.92,56716.0
1764921600,455.91,456.76,455.85,456.01,42463.0
1764925200,456.0,456.95,454.67,455.43,117188.0
1764928800,455.45,455.69,455.0,455.1,42707.0
1764932400,455.14,455.15,454.02,454.48,64843.0
1764936000,454.4,455.01,453.64,454.45,172698.0
1764939600,454.05,456.95,451.02,451.74,931297.0
1764943200,453.245,458.5,451.4,455.135,10072986.0
1764946800,455.31,458.87,454.02,456.405,11305814.0
1764950400,456.7,457.1,451.66,455.01,9061554.0
1764954000,455.03,455.2,453.05,454.68,4560582.0
1764957600,454.61,455.59,453.91,454.55,4220452.0
1764961200,454.44,455.815,453.65,455.25,5038680.0
1764964800,455.3,455.75,454.3,454.95,6573118.0
1764968400,454.93,455.08,454.57,454.93,311441.0
1764972000,455.0,455.05,454.7,454.77,102730.0
1764975600,454.78,454.83,454.47,454.49,44934.0
1764979200,454.49,454.81,454.45,454.66,89520.0
1765155600,454.15,454.15,451.29,452.93,150186.0
1765159200,452.91,453.36,452.17,453.2,70056.0
1765162800,453.25,453.6,453.1,453.39,37310.0
1765166400,453.36,453.91,453.24,453.63,29209.0
1765170000,453.63,453.76,453.29,453.29,28120.0
1765173600,453.32,453.46,452.1,452.27,68262.0
1765177200,452.26,452.65,451.56,451.74,64515.0
1765180800,451.75,451.96,449.51,450.56,115948.0
1765184400,450.5,452.62,449.53,449.61,140970.0
1765188000,449.69,449.89,448.8,449.4,98953.0
1765191600,449.4,449.44,447.5,448.43,162032.0
1765195200,448.45,449.51,448.03,449.19,183473.0
1765198800,449.2,453.863,447.51,448.09,984994.0
1765202400,447.2,449.7463,443.8,445.14,11426311.0
1765206000,444.98,445.6,439.77,439.995,12447146.0
1765209600,439.77,440.5,437.73,438.39,9628606.0
1765213200,438.18,439.38,436.52,439.045,7380324.0
1765216800,439.08,439.4,435.25,435.95,6201076.0
1765220400,436.04,438.41,435.5,437.24,5662622.0
1765224000,437.265,439.75,437.0701,439.6,7160196.0
1765227600,439.52,440.48,439.28,439.52,909810.0
1765231200,439.91,440.58,439.91,440.4,156004.0
1765234800,440.39,440.55,439.5,439.8394,217821.0
1765238400,439.83,439.92,439.35,439.49,99640.0
1765242000,439.7,440.97,439.54,439.94,53258.0
1765245600,439.89,440.13,439.53,439.66,16698.0
1765249200,439.65,439.67,438.01,438.71,38448.0
1765252800,438.71,438.83,438.02,438.08,33059.0
1765256400,438.14,438.14,435.86,436.32,58593.0
1765260000,436.26,437.93,436.05,437.93,63902.0
1765263600,437.92,438.13,437.12,438.1,24358.0
1765267200,438.1,438.49,437.69,438.31,20834.0
1765270800,437.5,438.62,435.0,435.5,109975.0
1765274400,435.61,436.4,435.0,436.2,93347.0
1765278000,436.2,436.62,435.52,436.53,60190.0
1765281600,436.69,437.34,435.89,436.0,130524.0
1765285200,436.8,438.48,435.0,436.14,575152.0
1765288800,436.35,444.62,435.2021,444.58,10417776.0
1765292400,444.21,448.18,438.05,447.845,11890988.0
1765296000,447.755,449.27,446.19,448.89,8122596.0
1765299600,448.92,451.7899,448.76,451.765,7464561.0
1765303200,451.695,452.39,448.24,448.98,7292840.0
1765306800,448.92,449.5999,447.76,448.815,5096982.0
1765310400,448.82,448.88,445.0,445.205,6996860.0
1765314000,444.94,445.5,444.58,444.94,423719.0
1765317600,444.93,445.15,444.6201,445.05,87646.0
1765321200,445.07,445.4,444.8,445.18,57759.0
1765324800,445.21,445.98,445.0,445.4001,132220.0
1765328400,446.79,449.05,445.43,448.06,106955.0
1765332000,447.98,448.31,447.14,447.85,44499.0
1765335600,447.85,448.36,447.85,448.1,31257.0
1765339200,448.09,448.48,447.99,448.25,31716.0
1765342800,448.25,448.25,446.88,447.29,53540.0
1765346400,447.28,447.8,447.28,447.52,25999.0
1765350000,447.52,448.49,446.99,448.42,37177.0
1765353600,448.43,448.85,448.24,448.63,34720.0
1765357200,448.47,448.91,447.78,447.99,61125.0
1765360800,447.94,448.3,446.82,447.5,56945.0
1765364400,447.4,448.5,447.21,447.82,45814.0
1765368000,447.73,447.88,446.3,446.7,107183.0
1765371600,447.24,448.91,446.31,447.51,524878.0
1765375200,447.03,450.2,443.61,445.175,8771513.0
1765378800,445.08,446.94,443.88,444.95,8354964.0
1765382400,444.9,447.2499,444.35,446.1,4922411.0
1765386000,446.05,446.44,444.55,445.92,3657802.0
1765389600,445.94,446.63,444.28,445.15,3313162.0
1765393200,445.35,452.1299,444.84,451.885,13412967.0
1765396800,451.92,456.88,451.1,451.425,14403483.0
1765400400,451.85,451.99,448.1,450.92,806182.0
1765404000,450.51,450.8,449.0,450.22,229909.0
1765407600,450.26,450.39,449.15,449.3,95796.0
1765411200,449.22,449.3,448.27,448.5,127478.0
1765414800,448.98,449.98,448.25,449.38,43495.0
1765418400,449.38,449.61,444.77,445.72,112809.0
1765422000,445.71,447.01,442.42,444.78,176410.0
1765425600,444.8,446.74,444.5,445.3,54856.0
1765429200,445.3,446.0,444.98,445.4,27241.0
1765432800,445.38,446.95,445.16,446.94,36960.0
1765436400,446.93,446.97,446.06,446.79,32085.0
1765440000,446.7,446.8,444.01,445.99,54937.0
1765443600,445.6,448.0,445.6,447.19,111449.0
1765447200,447.23,447.8,446.52,447.39,54416.0
1765450800,447.28,448.83,447.0,448.05,66909.0
1765454400,448.05,449.91,447.77,449.0,191297.0
1765458000,448.12,449.94,444.02,447.62,608560.0
1765461600,448.885,449.2699,441.05,441.685,9470873.0
1765465200,441.595,446.47,440.33,442.15,11821421.0
1765468800,441.99,445.23,440.91,443.01,7298231.0
1765472400,442.9,446.83,442.88,446.305,5630956.0
1765476000,446.25,447.7,445.64,446.41,5380182.0
1765479600,446.46,448.05,445.76,446.65,4795517.0
1765483200,446.71,447.0,444.18,446.91,6325403.0
1765486800,447.52,447.9,446.55,447.31,451205.0
1765490400,447.52,447.6,445.34,446.01,220461.0
1765494000,446.01,446.99,445.71,446.05,92577.0
1765497600,446.0,446.13,445.6,446.0,69093.0
1765501200,445.5,447.65,445.39,447.38,37228.0
1765504800,447.37,447.45,446.98,447.18,19705.0
1765508400,447.11,447.23,446.55,447.02,15439.0
1765512000,447.01,447.45,446.83,447.12,13816.0
1765515600,447.14,447.46,447.14,447.38,8795.0
1765519200,447.38,447.47,446.99,447.07,20087.0
1765522800,447.03,447.09,446.69,447.01,11495.0
1765526400,447.07,447.65,446.75,447.21,31321.0
1765530000,447.0,447.5,445.06,445.55,62016.0
1765533600,445.6,446.2,445.19,445.75,33528.0
1765537200,445.7,446.39,445.69,445.78,32387.0
1765540800,445.8,446.5,445.23,445.98,79070.0
1765544400,447.06,448.36,445.05,447.69,569728.0
1765548000,448.44,463.01,446.9,460.86,16621595.0
1765551600,460.82,461.04,447.47,447.99,19457068.0
1765555200,447.78,449.84,441.67,443.37,11162784.0
1765558800,443.315,451.7,443.13,450.8,9904734.0
1765562400,450.8,456.39,450.6,453.735,11209396.0
1765566000,453.68,454.0,450.09,452.34,7765377.0
1765569600,452.39,459.17,452.04,459.15,13829661.0
1765573200,459.0,459.34,457.27,457.31,776937.0
1765576800,457.5,457.55,455.93,456.2,247578.0
1765580400,456.27,456.65,455.8,456.35,142014.0
1765584000,456.38,456.75,456.0,456.2188,137706.0
1765760400,456.11,465.0,456.11,462.7,374312.0
1765764000,462.71,462.89,461.84,462.15,78115.0
1765767600,462.15,462.41,460.99,461.55,72298.0
1765771200,461.68,462.23,460.99,462.21,42889.0
1765774800,462.18,462.88,461.72,462.78,66719.0
1765778400,462.77,462.99,461.99,462.16,59146.0
1765782000,462.19,462.32,461.34,462.04,52241.0
1765785600,462.01,462.6,460.63,462.12,58574.0
1765789200,462.38,464.87,460.11,464.45,273017.0
1765792800,464.45,464.7,463.0,463.16,126078.0
1765796400,463.2,464.26,463.01,463.55,112810.0
1765800000,463.54,466.43,463.2,465.12,472109.0
1765803600,465.3,470.45,457.813,470.41,1831673.0
1765807200,469.25,481.37,467.41,477.655,27308886.0
1765810800,477.545,480.17,470.71,478.56,21709222.0
1765814400,478.315,481.7694,475.93,477.16,13678881.0
1765818000,477.14,477.75,474.49,477.38,8425793.0
1765821600,477.26,478.44,474.575,477.15,6913207.0
1765825200,477.195,478.8712,475.54,478.77,8079583.0
1765828800,478.71,480.64,475.03,475.165,14428961.0
1765832400,473.74,477.0,472.43,473.16,1757261.0
1765836000,473.61,474.138,473.29,473.65,156408.0
1765839600,473.65,474.36,473.18,473.27,197985.0
1765843200,473.27,473.46,470.83,471.61,403295.0
1765846800,473.81,473.99,466.66,467.03,203868.0
1765850400,467.04,469.91,466.35,469.53,147256.0
1765854000,469.5,469.58,466.04,467.8,114113.0
1765857600,467.81,469.44,467.15,469.23,57095.0
1765861200,469.21,470.87,468.45,469.91,86772.0
1765864800,469.9,470.01,468.49,469.58,59782.0
1765868400,469.57,470.76,468.8,469.42,70098.0
1765872000,469.4,471.95,469.39,471.25,95472.0
1765875600,471.06,471.8,468.75,469.33,159926.0
1765879200,469.39,471.94,468.95,471.3,112580.0
1765882800,471.25,472.76,470.66,472.25,110550.0
1765886400,472.34,473.5,471.67,472.64,253519.0
1765890000,472.65,474.4,468.46,471.9,1363057.0
1765893600,470.73,478.45,465.83,478.17,17205683.0
1765897200,477.77,482.06,472.58,476.23,19190086.0
1765900800,476.28,479.59,474.4377,479.49,10298501.0
1765904400,479.425,481.349,476.21,476.46,10148205.0
1765908000,476.795,480.3399,475.5884,479.82,7555605.0
1765911600,479.76,486.32,477.59,485.295,12485976.0
1765915200,485.215,491.5,484.7981,489.79,20120711.0
1765918800,489.99,491.87,488.2,489.22,1458089.0
1765922400,488.5,489.88,488.21,488.6499,319529.0
1765926000,488.58,489.35,479.12,485.6,1302898.0
1765929600,485.63,490.99,484.3,490.5701,670939.0
1765933200,489.04,490.73,486.74,487.89,171931.0
1765936800,487.89,489.13,487.21,489.03,77723.0
1765940400,489.06,489.45,488.31,489.06,56250.0
1765944000,489.0,489.3,488.74,488.89,48847.0
1765947600,488.94,490.01,488.33,489.62,88592.0
1765951200,489.66,495.99,489.57,494.26,409977.0
1765954800,494.26,494.5,492.5,493.78,161388.0
1765958400,493.78,493.83,491.54,493.27,134583.0
1765962000,493.3,494.36,491.19,492.61,231389.0
1765965600,492.52,493.27,490.61,491.31,217535.0
1765969200,491.35,492.1,488.58,490.24,271456.0
1765972800,490.27,492.13,488.0,488.31,458212.0
1765976400,488.31,496.0,486.4,488.2371,2040446.0
1765980000,488.205,495.2799,486.22,492.96,16869627.0
1765983600,492.92,493.22,477.29,477.68,18718402.0
1765987200,477.95,480.4799,474.2,477.01,16151409.0
1765990800,476.665,479.4,472.73,474.81,9947332.0
1765994400,474.975,477.15,467.4104,467.905,10130242.0
1765998000,468.12,470.87,466.2,470.83,10073485.0
1766001600,470.8,471.25,466.86,467.21,12356193.0
1766005200,468.16,470.2899,466.23,468.27,931925.0
1766008800,466.3,469.14,464.34,468.6,407559.0
1766012400,468.7,468.87,467.2013,467.3999,404708.0
1766016000,467.43,469.5,466.84,469.4,211214.0
1766019600,468.03,472.01,468.03,471.09,110709.0
1766023200,471.17,473.39,470.95,470.95,103922.0
1766026800,470.95,471.34,468.72,470.14,90627.0
1766030400,470.12,471.81,470.02,471.68,37568.0
1766034000,471.68,471.73,470.89,471.5,36557.0
1766037600,471.39,471.79,469.81,470.48,43173.0
1766041200,470.51,472.45,470.48,471.92,65133.0
1766044800,471.9,473.07,471.63,472.84,79613.0
1766048400,470.0,475.2,469.89,475.0,233301.0
1766052000,474.88,475.28,473.64,473.83,140103.0
1766055600,473.85,474.0,472.94,473.35,100001.0
1766059200,473.34,474.79,473.09,473.88,184883.0
1766062800,474.44,478.75,469.82,477.35,1726751.0
1766066400,477.13,482.325,473.12,480.91,13916696.0
1766070000,480.97,486.94,477.62,486.5,17614347.0
1766073600,486.37,490.87,485.58,489.07,14928342.0
1766077200,489.1,490.05,484.57,489.49,11508945.0
1766080800,489.33,489.59,487.22,488.355,5755059.0
1766084400,488.36,488.58,483.38,484.36,9053821.0
1766088000,484.09,488.94,483.16,483.31,11367917.0
1766091600,482.68,483.73,481.94,482.83,1110328.0
1766095200,482.91,485.0,482.9014,484.3009,190438.0
1766098800,484.37,484.47,483.09,484.47,155250.0
1766102400,484.469,484.79,483.8818,484.7,191072.0
1766106000,484.99,485.39,483.37,484.8,54964.0
1766109600,484.8,485.07,483.73,483.74,44389.0
1766113200,483.74,488.15,483.71,487.15,116159.0
1766116800,487.12,488.57,486.94,487.16,59350.0
1766120400,487.11,487.18,486.15,486.83,49163.0
1766124000,486.83,487.21,486.49,486.7,30269.0
1766127600,486.72,488.1,486.69,487.67,48723.0
1766131200,487.67,488.43,487.04,487.49,44529.0
1766134800,487.67,489.9,486.65,489.06,137241.0
1766138400,489.05,489.58,487.99,488.41,135326.0
1766142000,488.36,489.57,487.99,488.09,137206.0
1766145600,488.1,489.47,487.28,487.28,185922.0
1766149200,487.47,489.9,486.25,487.3313,676929.0
1766152800,488.36,490.5,481.535,484.81,14570391.0
1766156400,484.855,486.3,477.74,478.22,13837480.0
1766160000,478.14,481.9,474.72,475.46,12393774.0
1766163600,475.475,480.47,475.42,478.14,8363487.0
1766167200,478.13,483.01,477.8,481.65,7839543.0
1766170800,481.795,483.97,480.62,482.145,6651826.0
1766174400,482.17,484.0,480.56,481.06,9042154.0
1766178000,481.2,485.0,480.7516,482.5298,2473649.0
1766181600,482.45,483.5,481.2,483.0001,2809400.0
1766185200,483.1001,483.24,482.7,483.09,120196.0
1766188800,483.0498,483.21,482.55,482.65,161353.0
1766365200,482.62,488.0,482.62,487.42,197886.0
1766368800,487.43,488.65,486.4,488.01,127414.0
1766372400,488.02,488.55,487.43,487.97,57479.0
1766376000,487.97,488.36,487.72,488.09,30261.0
1766379600,488.02,488.11,487.05,487.11,42086.0
1766383200,487.11,487.41,486.49,487.2,48107.0
1766386800,487.23,488.14,487.13,487.88,34930.0
1766390400,487.89,488.36,487.22,488.22,41239.0
1766394000,488.0,488.51,487.15,487.96,111243.0
1766397600,488.0,488.3,486.68,486.85,79801.0
1766401200,486.79,487.0,485.0,485.86,154910.0
1766404800,485.87,487.8,485.65,487.6,179560.0
1766408400,487.65,488.41,479.997,487.9,723991.0
1766412000,489.89,498.83,487.49,493.85,18231057.0
1766415600,493.84,494.47,485.33,491.36,19215144.0
1766419200,491.185,494.64,490.78,494.26,9685938.0
1766422800,494.01,495.6,493.16,494.93,7236874.0
1766426400,494.96,496.29,492.8,496.185,7256971.0
1766430000,496.09,496.41,492.03,493.08,7636193.0
1766433600,493.075,493.4384,487.44,488.785,10359197.0
1766437200,488.73,492.53,488.59,489.35,444610.0
1766440800,489.25,489.65,488.73,489.58,81544.0
1766444400,489.5884,489.85,489.0,489.76,130699.0
1766448000,489.77,490.0,489.6307,489.99,121559.0
1766451600,490.38,491.26,490.0,490.26,64745.0
1766455200,490.25,491.25,490.04,490.88,35889.0
1766458800,490.86,491.16,489.7,490.5,55775.0
1766462400,490.5,490.54,489.04,489.71,37863.0
1766466000,489.69,490.18,489.09,489.9,27758.0
1766469600,489.9,489.96,487.11,487.21,80072.0
1766473200,487.2,489.05,486.61,488.68,61400.0
1766476800,488.68,489.86,488.49,489.17,29561.0
1766480400,489.19,490.75,488.74,490.2,89913.0
1766484000,490.28,490.73,490.28,490.61,52177.0
1766487600,490.6,490.7,489.0,489.69,62324.0
1766491200,489.67,490.96,489.6,490.32,105268.0
1766494800,489.93,490.96,486.6,487.38,890704.0
1766498400,487.29,491.97,485.65,487.36,11163473.0
1766502000,487.47,488.7254,485.01,488.105,9011511.0
1766505600,487.81,489.35,484.3,486.3,7857726.0
1766509200,486.23,487.2,483.75,484.08,5385036.0
1766512800,484.06,486.19,482.84,483.13,6383387.0
1766516400,483.295,486.6,483.05,486.485,6180045.0
1766520000,486.435,487.41,484.56,485.67,7460789.0
1766523600,485.08,486.03,484.77,485.54,476616.0
1766527200,486.0,486.0,485.07,485.08,106723.0
1766530800,485.21,485.4,485.0478,485.11,72958.0
1766534400,485.15,485.65,485.0,485.0297,93531.0
1766538000,485.57,486.0,485.07,485.78,31361.0
1766541600,485.76,485.82,485.11,485.53,21650.0
1766545200,485.52,485.55,485.2,485.26,14214.0
1766548800,485.24,485.61,485.13,485.18,9983.0
1766552400,485.18,485.53,485.17,485.52,11323.0
1766556000,485.52,485.85,485.5,485.77,15507.0
1766559600,485.75,486.58,485.75,486.47,26297.0
1766563200,486.47,486.51,486.06,486.4,13889.0
1766566800,486.39,486.8,486.18,486.54,40254.0
1766570400,486.45,486.53,486.01,486.33,18919.0
1766574000,486.27,486.64,486.03,486.13,30162.0
1766577600,486.15,486.55,485.94,486.41,57434.0
1766581200,486.93,488.0,485.18,486.93,476878.0
1766584800,488.28,490.9,479.47,480.48,10240896.0
1766588400,480.48,481.27,476.8,478.76,12314539.0
1766592000,478.78,482.85,478.46,482.22,8661283.0
1766595600,482.11,485.44,481.22,485.4,7265485.0
1766599200,485.5,485.5,485.34,485.4,1100141.0
1766610000,484.35,484.36,484.12,484.26,43008.0
1766710800,484.24,499.67,484.24,485.52,63210.0
1766714400,485.51,486.63,485.39,486.42,31912.0
1766718000,486.42,486.63,486.25,486.5,19279.0
1766721600,486.49,486.53,485.75,485.9,22166.0
1766725200,485.9,486.07,485.61,485.66,15457.0
1766728800,485.66,486.01,485.58,485.91,12919.0
1766732400,485.91,485.93,485.5,485.65,11614.0
1766736000,485.63,485.75,485.39,485.51,10856.0
1766739600,485.7,486.13,484.35,485.9,31574.0
1766743200,486.09,486.42,485.9,486.15,16580.0
1766746800,486.13,486.57,486.04,486.33,31754.0
1766750400,486.28,486.4,485.54,485.88,65367.0
1766754000,485.76,486.5707,485.35,485.76,307507.0
1766757600,485.97,489.09,481.9,482.54,9052845.0
1766761200,482.545,482.6578,473.82,478.14,15893238.0
1766764800,478.15,479.41,477.1,478.345,7704391.0
1766768400,478.18,480.5,476.6,480.155,6373566.0
1766772000,480.155,480.3,477.72,478.46,4856906.0
1766775600,478.465,479.24,477.75,478.5,4295697.0
1766779200,478.565,478.8,474.98,475.15,6840093.0
1766782800,475.19,475.472,474.82,474.9708,588352.0
1766786400,474.98,475.05,474.7,474.81,126262.0
1766790000,474.84,475.0,474.5,474.63,100274.0
1766793600,474.62,474.64,473.82,473.82,160210.0
1766970000,473.82,477.02,467.41,468.49,300375.0
1766973600,468.53,469.69,467.52,469.53,167989.0
1766977200,469.51,469.76,468.7,469.38,58738.0
1766980800,469.39,471.01,469.35,470.7,59832.0
1766984400,470.59,470.69,469.73,470.02,43052.0
1766988000,470.02,470.91,469.75,470.78,44692.0
1766991600,470.71,470.96,469.56,469.6,51251.0
1766995200,469.6,470.17,468.6,468.81,71208.0
1766998800,468.89,471.77,467.25,468.22,206850.0
1767002400,468.28,468.87,468.0,468.23,70729.0
1767006000,468.18,468.4,467.6,468.34,77972.0
1767009600,468.4,471.02,468.21,469.8,198898.0
1767013200,469.35,471.04,467.27,469.35,843896.0
1767016800,468.15,469.4,462.36,462.73,12152601.0
1767020400,462.765,467.81,461.32,466.66,13123954.0
1767024000,466.76,469.2,466.06,467.945,6419085.0
1767027600,467.855,468.2212,465.41,465.96,5250418.0
1767031200,465.62,465.97,462.54,462.9,6010430.0
1767034800,462.81,464.35,461.9501,464.005,5890131.0
1767038400,463.95,464.16,459.0,459.69,10378635.0
1767042000,459.64,459.64,457.3301,458.25,720735.0
1767045600,458.2999,458.5,457.5701,458.3,234412.0
1767049200,458.33,458.43,457.732,458.04,133028.0
1767052800,458.01,458.13,457.2,457.2794,196480.0
1767056400,457.97,459.93,457.35,458.34,97614.0
1767060000,458.34,459.37,458.15,458.83,54632.0
1767063600,458.83,461.44,458.81,461.39,58930.0
1767067200,461.38,461.91,460.7,461.59,67737.0
1767070800,461.59,462.59,461.01,462.29,48538.0
1767074400,462.41,463.68,462.29,463.25,78039.0
1767078000,463.25,463.3,461.9,462.29,43392.0
1767081600,462.29,463.65,462.29,463.01,41752.0
1767085200,463.0,464.95,461.85,464.4,124677.0
1767088800,464.38,464.39,463.69,463.8,61516.0
1767092400,463.83,464.29,463.5,463.71,67455.0
1767096000,463.7,464.0,461.71,461.99,185280.0
1767099600,462.87,464.95,461.0,462.72,855800.0
1767103200,461.12,463.23,453.83,458.86,11281367.0
1767106800,458.75,461.69,457.66,461.645,11097371.0
1767110400,461.625,462.7,460.31,461.63,7062761.0
1767114000,461.16,463.12,459.6942,460.025,6031655.0
1767117600,459.99,460.74,458.24,458.97,5780877.0
1767121200,458.99,459.67,457.06,457.895,5422536.0
1767124800,457.785,458.3,454.04,454.12,8359875.0
1767128400,454.43,455.48,454.01,455.35,429718.0
1767132000,455.4,455.66,454.75,455.2,172443.0
1767135600,455.3,455.66,455.0,455.25,129795.0
1767139200,455.2,455.2412,454.0,454.0475,247809.0
1767142800,454.31,455.2,452.55,453.69,75159.0
1767146400,453.76,453.86,452.59,452.96,60228.0
1767150000,452.99,453.28,452.51,452.93,31861.0
1767153600,452.88,453.16,452.58,453.14,18756.0
1767157200,453.12,453.77,452.78,453.08,29362.0
1767160800,453.12,453.18,452.15,453.18,33828.0
1767164400,453.17,453.36,452.71,453.12,20537.0
1767168000,453.14,453.56,452.72,452.8,19330.0
1767171600,452.86,454.0,452.52,453.26,40254.0
1767175200,453.22,453.48,453.03,453.4,20257.0
1767178800,453.44,454.5,453.43,454.12,44241.0
1767182400,454.11,456.78,453.55,456.33,132474.0
1767186000,456.87,458.34,452.15,458.01,708310.0
1767189600,456.05,458.36,452.62,454.805,7349207.0
1767193200,454.52,455.24,452.3,454.01,7463742.0
1767196800,454.04,454.45,452.57,454.11,5033229.0
1767200400,453.85,455.84,453.155,453.59,5456297.0
1767204000,453.56,455.35,453.43,453.835,5116578.0
1767207600,453.865,453.98,451.2401,451.72,4869122.0
1767211200,451.76,451.88,449.3,449.8,9440720.0
1767214800,449.72,453.0833,449.54,450.0,341639.0
1767218400,449.95,450.12,449.47,449.88,121765.0
1767222000,449.8506,449.8564,449.66,449.8,68264.0
1767225600,449.79,449.79,449.2,449.58,124255.0
1767315600,449.96,457.83,449.69,456.5,205898.0
1767319200,456.54,457.49,455.79,456.58,82255.0
1767322800,456.57,457.23,456.19,456.84,36221.0
1767326400,456.84,456.87,456.17,456.4,23963.0
1767330000,456.36,457.3,456.04,457.18,40523.0
1767333600,457.23,457.23,456.62,457.05,26052.0
1767337200,457.04,457.76,456.96,457.69,30792.0
1767340800,457.69,459.81,457.43,459.64,72542.0
1767344400,458.63,462.5,456.53,461.95,242703.0
1767348000,461.98,462.4,459.7,459.9,141104.0
1767351600,460.0,460.51,458.61,458.61,113182.0
1767355200,458.59,458.7,455.12,456.77,347224.0
1767358800,456.87,462.5,449.72,456.12,1062183.0
1767362400,458.5,460.11,449.5,452.585,14442235.0
1767366000,452.64,454.36,442.4201,443.065,16063833.0
1767369600,443.07,445.34,440.9,442.47,10495754.0
1767373200,442.39,443.07,439.65,439.97,8321528.0
1767376800,439.91,440.75,435.3,435.8,9031936.0
1767380400,435.9,441.62,435.6201,440.26,9909721.0
1767384000,440.31,441.4,437.6,438.1,9312949.0
1767387600,438.14,439.69,438.03,439.69,615094.0
1767391200,439.63,440.2,439.59,440.19,209626.0
1767394800,440.17,440.99,440.09,440.74,155899.0
1767398400,440.74,441.61,440.74,441.4937,176450.0
1767574800,442.99,446.66,441.53,445.63,234015.0
1767578400,445.63,445.8,445.03,445.22,61075.0
1767582000,445.19,445.57,445.14,445.34,34596.0
1767585600,445.35,446.13,445.25,446.09,56381.0
1767589200,446.09,446.15,445.4,445.76,50699.0
1767592800,445.74,446.32,444.72,445.39,86651.0
1767596400,445.4,445.51,444.77,445.11,44389.0
1767600000,445.1,445.98,445.04,445.53,45594.0
1767603600,445.05,446.15,443.41,443.91,185117.0
1767607200,443.89,445.7,443.25,445.49,98105.0
1767610800,445.46,445.75,444.8,445.0,120404.0
1767614400,444.98,445.6,444.03,445.14,201420.0
1767618000,445.35,446.27,439.165,445.16,971801.0
1767621600,445.44,454.5,444.57,452.385,12325847.0
1767625200,452.665,456.65,451.31,454.99,12887609.0
1767628800,454.91,456.55,453.27,455.8,7066023.0
1767632400,455.755,457.5499,455.06,455.35,6354973.0
1767636000,455.29,457.04,453.79,456.95,5472728.0
1767639600,457.07,457.1,453.84,455.23,5602242.0
1767643200,455.16,456.24,450.86,451.48,9329929.0
1767646800,451.83,452.3608,448.52,451.83,810879.0
1767650400,448.94,451.89,448.18,451.55,382465.0
1767654000,451.49,452.85,451.21,451.6,161394.0
1767657600,451.5491,451.95,450.0988,451.05,194286.0
1767661200,451.66,453.4,450.79,453.35,60883.0
1767664800,453.35,454.2,453.16,454.09,43670.0
1767668400,454.16,454.22,453.5,453.89,30561.0
1767672000,453.89,454.71,453.88,454.69,35364.0
1767675600,454.69,454.73,453.02,453.05,47103.0
1767679200,453.14,453.95,452.68,453.38,51529.0
1767682800,453.26,453.43,452.22,452.25,39672.0
1767686400,452.32,452.41,450.06,450.97,87947.0
1767690000,450.79,452.7,449.0,451.3,141691.0
1767693600,451.45,451.74,449.8,450.56,60087.0
1767697200,450.71,450.78,448.1,449.75,124182.0
1767700800,449.76,449.99,448.8,449.59,134501.0
1767704400,449.58,454.71,447.62,448.04,884446.0
1767708000,446.35,448.25,436.18,436.805,14056849.0
1767711600,436.74,439.44,434.41,434.725,15505940.0
1767715200,434.625,434.65,430.01,431.22,12818523.0
1767718800,431.195,432.55,429.61,430.16,9566275.0
1767722400,430.155,432.26,428.78,431.07,8758891.0
1767726000,431.075,434.6666,430.62,431.05,8541769.0
1767729600,430.985,433.4402,430.04,432.94,11149123.0
1767733200,434.42,435.0,432.96,434.72,977032.0
1767736800,434.5,434.6994,432.96,434.32,172872.0
1767740400,434.3136,435.0,434.1,434.92,171402.0
1767744000,434.94,435.0,434.6901,434.95,184525.0
1767747600,436.01,436.01,434.49,435.5,80702.0
1767751200,435.54,435.63,435.01,435.09,42969.0
1767754800,435.14,436.55,434.98,435.97,90592.0
1767758400,436.06,436.17,435.3,435.51,24476.0
1767762000,435.51,436.01,434.99,435.25,36755.0
1767765600,435.23,436.26,435.13,435.69,44517.0
1767769200,435.71,435.84,435.38,435.69,39052.0
1767772800,435.68,436.18,434.9,435.3,48309.0
1767776400,435.72,435.83,433.0,434.93,142403.0
1767780000,434.91,435.41,432.0,432.55,89573.0
1767783600,432.52,433.74,431.63,433.44,82834.0
1767787200,433.58,434.79,432.8,434.17,140194.0
1767790800,434.28,436.25,431.68,434.94,1017849.0
1767794400,434.45,438.13,431.6,433.71,10368963.0
1767798000,433.835,437.19,432.33,435.81,10339221.0
1767801600,435.84,438.37,435.1,437.31,7494266.0
1767805200,437.01,437.75,435.88,437.41,5543377.0
1767808800,437.36,437.65,434.6972,434.805,4772771.0
1767812400,434.695,437.41,434.25,436.79,5683765.0
1767816000,436.87,437.52,431.29,431.4,9364732.0
1767819600,431.31,432.35,430.7,431.49,734580.0
1767823200,431.552,432.3,431.41,432.2,117505.0
1767826800,432.18,432.35,431.63,432.06,130124.0
1767830400,432.2,432.2494,431.65,431.8801,124209.0
1767834000,431.82,432.65,431.76,432.3,31747.0
1767837600,432.32,432.35,431.52,431.73,31988.0
1767841200,431.72,431.78,431.06,431.25,26798.0
1767844800,431.23,431.89,431.19,431.33,26801.0
1767848400,431.39,431.52,431.1,431.16,20455.0
1767852000,431.13,431.19,428.63,429.69,100504.0
1767855600,429.78,431.51,429.16,431.09,57676.0
1767859200,431.01,431.18,430.52,431.03,33183.0
1767862800,430.96,431.3,428.36,429.05,125258.0
1767866400,429.07,429.6,428.56,429.6,57540.0
1767870000,429.6,430.19,429.09,429.23,82602.0
1767873600,429.31,429.66,426.76,427.31,293686.0
1767877200,427.74,431.5,426.8,427.83,874331.0
1767880800,427.85,431.95,424.365,429.24,11565168.0
1767884400,429.71,435.18,428.83,434.685,10861906.0
1767888000,434.4,436.14,433.04,435.275,7254418.0
1767891600,435.37,436.89,433.81,436.01,5239830.0
1767895200,435.92,436.45,432.6,432.99,4777206.0
1767898800,432.95,435.34,432.43,434.955,4468920.0
1767902400,434.81,436.25,434.35,435.72,6867025.0
1767906000,436.05,436.5,435.3,436.05,374619.0
1767909600,436.02,436.36,435.73,436.25,54986.0
1767913200,436.23,436.2899,435.35,435.44,83032.0
1767916800,435.4999,435.6791,435.11,435.2099,86364.0
1767920400,435.67,435.93,434.3,435.05,38209.0
1767924000,435.05,435.8,434.59,435.75,27375.0
1767927600,435.74,436.13,435.51,435.59,18536.0
1767931200,435.57,435.73,435.18,435.61,12952.0
1767934800,435.62,435.78,435.09,435.7,17548.0
1767938400,435.73,436.82,435.55,436.55,31201.0
1767942000,436.57,436.85,435.91,436.83,36424.0
1767945600,436.77,437.43,435.61,435.76,50370.0
1767949200,436.14,437.17,435.57,437.0,55312.0
1767952800,437.09,437.17,436.57,436.69,32922.0
1767956400,436.65,438.17,436.19,437.5,78269.0
1767960000,437.39,438.27,437.25,437.78,115395.0
1767963600,437.58,438.6,435.21,437.3,609029.0
1767967200,438.18,438.31,430.39,437.345,10096094.0
1767970800,437.425,443.88,435.2,442.79,16054805.0
1767974400,442.96,444.6499,441.88,443.505,7739401.0
1767978000,443.5,448.15,443.32,447.375,7789843.0
1767981600,447.44,449.05,446.35,447.64,7479356.0
1767985200,447.42,447.9,445.13,445.65,6000154.0
1767988800,445.68,445.97,444.34,445.03,7380114.0
1767992400,445.01,445.42,444.8,445.06,442387.0
1767996000,445.03,445.234,444.5805,445.2,108464.0
1767999600,445.2,445.42,445.01,445.2898,79434.0
1768003200,445.29,446.0,445.1,445.61,93885.0
1768179600,446.01,446.02,441.99,443.93,183015.0
1768183200,443.99,447.36,443.27,446.11,117880.0
1768186800,446.19,446.98,445.61,446.1,51376.0
1768190400,446.13,446.21,443.76,444.57,59906.0
1768194000,444.7,444.89,442.25,443.07,80895.0
1768197600,443.1,443.7,442.54,443.18,45422.0
1768201200,443.19,443.45,442.63,442.86,34249.0
1768204800,442.85,443.25,440.26,442.01,109051.0
1768208400,441.74,443.77,440.0,441.0,140685.0
1768212000,441.12,442.25,440.72,441.41,59423.0
1768215600,441.39,442.29,441.21,441.97,55606.0
1768219200,441.97,442.8,440.71,442.42,201982.0
1768222800,442.01,444.79,440.0,441.1,808278.0
1768226400,440.66,450.22,437.99,448.51,12538090.0
1768230000,448.485,450.1,446.92,447.685,9541855.0
1768233600,447.615,451.34,447.34,450.81,7578622.0
1768237200,450.85,454.3,450.8163,452.14,8366651.0
1768240800,452.06,452.1499,449.95,451.06,6126137.0
1768244400,450.9,452.13,449.45,450.45,5878544.0
1768248000,450.35,451.5,448.26,448.86,7191000.0
1768251600,449.02,449.63,448.26,448.61,295838.0
1768255200,448.4,448.96,448.16,448.69,77713.0
1768258800,448.68,448.96,448.05,448.22,100163.0
1768262400,448.22,448.37,447.5,448.1,124813.0
1768266000,448.0,448.45,447.21,447.57,36511.0
1768269600,447.57,448.47,447.56,448.07,24791.0
1768273200,448.07,448.35,447.71,447.87,12267.0
1768276800,447.81,448.01,447.67,448.0,14356.0
1768280400,447.98,448.44,447.55,448.19,28850.0
1768284000,448.13,448.74,448.1,448.31,29918.0
1768287600,448.31,448.72,448.07,448.72,20150.0
1768291200,448.7,448.7,447.87,448.02,29619.0
1768294800,448.96,449.9,447.9,449.42,87825.0
1768298400,449.34,449.63,448.1,448.45,43328.0
1768302000,448.5,449.23,448.42,449.23,33889.0
1768305600,449.22,449.9,448.96,449.26,91104.0
1768309200,448.97,451.46,447.56,450.92,768361.0
1768312800,451.1,452.5,446.892,448.22,8795156.0
1768316400,448.27,451.36,445.4,451.14,11991000.0
1768320000,451.2,451.81,448.82,450.62,6314576.0
1768323600,450.63,451.1394,446.7,446.99,5017138.0
1768327200,446.57,448.7899,444.76,444.94,5658056.0
1768330800,444.85,447.23,443.95,446.845,5499130.0
1768334400,446.67,447.83,445.08,447.19,6206321.0
1768338000,447.08,447.75,446.8,446.9,823196.0
1768341600,446.87,447.41,446.75,447.14,60710.0
1768345200,447.14,447.28,446.76,446.8408,58260.0
1768348800,446.82,447.15,446.45,446.85,122260.0
1768352400,446.87,447.13,445.17,445.69,50451.0
1768356000,445.7,446.18,445.41,446.15,20500.0
1768359600,446.12,446.92,446.05,446.27,21382.0
1768363200,446.26,446.87,445.89,446.14,28848.0
1768366800,446.14,446.3,445.33,445.43,25460.0
1768370400,445.4,446.5,445.34,446.49,19611.0
1768374000,446.48,446.94,446.38,446.61,24939.0
1768377600,446.61,447.0,446.07,446.74,32414.0
1768381200,446.6,447.0,446.05,446.07,49549.0
1768384800,446.1,446.45,443.21,444.26,138738.0
1768388400,444.22,444.64,443.5,444.08,59514.0
1768392000,444.05,445.36,443.3,445.02,117414.0
1768395600,445.14,447.0,443.2,445.14,462355.0
1768399200,442.495,444.8862,438.54,438.75,8352042.0
1768402800,438.38,443.91,435.88,436.86,12395851.0
1768406400,436.92,439.38,434.3,434.455,8359492.0
1768410000,434.48,436.57,434.22,435.33,5327570.0
1768413600,435.33,436.77,434.91,436.41,4350236.0
1768417200,436.275,437.58,435.7,436.84,4646019.0
1768420800,436.98,439.46,435.03,439.21,8848604.0
1768424400,439.72,439.7703,437.26,438.49,491357.0
1768428000,438.1075,438.4,437.7,438.36,83427.0
1768431600,438.22,438.41,437.76,438.25,83531.0
1768435200,438.2,438.37,437.89,438.0,89077.0
1768438800,438.15,439.38,436.51,438.11,42691.0
1768442400,438.11,438.2,437.35,437.82,16763.0
1768446000,437.85,438.2,437.32,437.46,13007.0
1768449600,437.5,437.82,437.45,437.45,8926.0
1768453200,437.48,438.38,437.46,438.3,14785.0
1768456800,438.3,440.01,438.18,439.9,37515.0
1768460400,439.89,440.21,439.34,439.87,23489.0
1768464000,439.84,440.45,439.5,440.18,29936.0
1768467600,440.2,441.97,439.65,441.31,91996.0
1768471200,441.37,441.85,440.94,441.38,54019.0
1768474800,441.42,441.73,440.77,441.19,61353.0
1768478400,441.16,441.88,440.39,441.88,113735.0
1768482000,441.45,441.96,437.48,441.06,557219.0
1768485600,441.17,444.71,440.84,441.895,7644695.0
1768489200,441.85,445.36,439.48,443.32,10910160.0
1768492800,443.245,444.34,442.1,442.6,5394408.0
1768496400,442.58,443.54,441.1,441.54,4271629.0
1768500000,441.51,443.82,441.36,442.82,4154431.0
1768503600,442.75,442.86,439.48,440.25,5553107.0
1768507200,440.14,440.47,437.64,438.52,6714054.0
1768510800,438.57,439.0693,437.89,438.8,291474.0
1768514400,438.73,439.33,438.54,438.91,82272.0
1768518000,438.92,439.2,438.88,439.13,46802.0
1768521600,439.2,439.5,439.02,439.49,66559.0
1768525200,439.73,440.62,439.1,440.38,45662.0
1768528800,440.37,440.5,439.97,440.27,23673.0
1768532400,440.28,440.93,440.18,440.68,16261.0
1768536000,440.66,441.6,440.52,441.47,29612.0
1768539600,441.54,441.64,440.59,440.79,20959.0
1768543200,440.9,441.49,440.77,441.01,14830.0
1768546800,441.05,441.51,440.97,441.41,14671.0
1768550400,441.42,441.56,440.84,441.09,15329.0
1768554000,441.76,441.76,439.85,440.5,49084.0
1768557600,440.5,440.99,440.31,440.8,33053.0
1768561200,440.73,441.81,440.56,441.13,66027.0
1768564800,441.19,441.59,440.75,440.92,79267.0
1768568400,440.4,441.88,439.87,440.2,381569.0
1768572000,440.53,447.25,439.22,443.21,10910703.0
1768575600,443.13,443.64,435.2601,436.85,12402574.0
1768579200,436.85,439.72,436.4,439.07,7921081.0
1768582800,439.05,439.59,437.93,438.14,4994406.0
1768586400,438.11,440.85,437.83,440.1,5334071.0
1768590000,439.97,440.83,439.02,440.15,4733940.0
1768593600,440.085,440.61,437.36,437.53,6834922.0
1768597200,437.31,439.0,437.29,438.34,577405.0
1768600800,438.2013,438.231,437.45,437.9131,103712.0
1768604400,437.94,437.94,437.45,437.4528,95436.0
1768608000,437.52,437.65,437.15,437.44,84943.0
1768870800,435.82,436.5,430.0,432.64,213104.0
1768874400,432.65,433.69,431.57,432.01,93298.0
1768878000,431.97,432.05,431.12,431.56,42437.0
1768881600,431.55,431.57,429.99,430.08,66118.0
1768885200,430.08,430.98,429.37,430.49,77038.0
1768888800,430.49,430.72,426.61,428.01,143901.0
1768892400,428.01,428.38,426.67,426.74,86968.0
1768896000,426.77,426.8,424.21,424.6,174693.0
1768899600,425.13,430.77,421.8,423.51,453756.0
1768903200,423.6,427.0,423.42,425.7,177681.0
1768906800,425.71,427.07,425.57,426.81,119240.0
1768910400,427.0,429.01,426.41,427.91,255278.0
1768914000,427.41,436.407,421.8,427.05,1438516.0
1768917600,426.35,437.5,423.42,424.76,10158355.0
1768921200,424.61,427.92,423.74,426.12,9352738.0
1768924800,426.09,426.9698,423.9,425.13,6400018.0
1768928400,424.8,427.4,423.88,424.89,5528925.0
1768932000,424.9,425.49,422.4703,423.01,4815424.0
1768935600,423.02,423.69,420.7,421.645,6210101.0
1768939200,421.4,421.43,417.44,419.23,11159244.0
1768942800,419.33,419.83,418.25,419.33,516001.0
1768946400,419.56,419.6,418.86,419.08,167754.0
1768950000,419.1,419.78,418.97,419.0,139596.0
1768953600,419.08,420.18,419.01,420.14,178259.0
1768957200,419.79,421.74,419.71,421.61,82118.0
1768960800,421.61,421.9,421.09,421.41,38944.0
1768964400,421.41,422.16,421.39,422.08,34266.0
1768968000,422.1,423.01,421.84,422.79,46335.0
1768971600,422.75,423.96,422.52,423.91,34534.0
1768975200,423.87,423.87,422.33,422.53,27122.0
1768978800,422.52,423.7,422.52,422.78,35908.0
1768982400,422.78,422.91,421.8,422.02,37846.0
1768986000,422.0,422.76,420.38,420.6,110979.0
1768989600,420.64,421.71,420.61,421.18,65641.0
1768993200,421.14,421.23,418.64,419.0,120792.0
1768996800,419.21,419.62,417.55,418.98,258235.0
1769000400,419.94,424.0,417.53,420.12,757949.0
1769004000,423.66,424.2716,419.6201,423.825,7737771.0
1769007600,424.005,429.55,423.73,429.285,10659620.0
1769011200,429.305,429.77,422.3,423.07,8886315.0
1769014800,422.955,424.8,420.06,424.64,7492518.0
1769018400,424.55,427.28,422.81,426.91,5046787.0
1769022000,426.9,438.2,425.91,437.48,10018831.0
1769025600,437.5,437.57,430.271,431.36,10394108.0
1769029200,431.4682,433.57,431.1,433.55,474004.0
1769032800,433.54,434.45,431.44,433.45,198905.0
1769036400,433.5,434.15,432.6,433.3006,128529.0
1769040000,433.3,434.47,433.06,434.1491,107207.0
1769043600,435.0,435.0,433.53,434.2,40627.0
1769047200,434.26,434.55,433.69,434.27,34103.0
1769050800,434.27,434.68,433.81,434.35,34218.0
1769054400,434.35,434.35,433.74,434.28,21782.0
1769058000,434.3,434.32,433.21,433.34,33133.0
1769061600,433.37,433.7,432.6,433.61,32119.0
1769065200,433.6,434.46,432.95,434.44,31175.0
1769068800,434.42,436.51,434.24,435.9,70180.0
1769072400,436.0,436.89,434.35,436.8,91101.0
1769076000,436.8,437.5,436.11,437.36,69627.0
1769079600,437.28,438.2,436.23,436.38,103312.0
1769083200,436.31,436.68,435.24,435.99,125893.0
1769086800,435.86,438.24,432.6,437.1999,711066.0
1769090400,436.87,437.42,432.6293,434.02,7688643.0
1769094000,434.06,439.3,432.72,437.41,10532870.0
1769097600,437.205,439.18,436.5,437.88,6567985.0
1769101200,437.795,445.85,437.06,445.5,8122397.0
1769104800,445.56,448.26,444.2589,446.185,12759769.0
1769108400,446.12,449.12,446.03,446.38,7820853.0
1769112000,446.13,449.5,445.5,449.34,10308686.0
1769115600,449.36,451.4,448.5,448.66,1935823.0
1769119200,448.74,449.42,448.01,448.48,215742.0
1769122800,448.29,449.2106,447.73,448.98,198325.0
1769126400,448.94,450.5,448.82,450.48,219994.0
1769130000,450.16,452.15,449.35,450.85,100441.0
1769133600,450.77,451.14,449.64,449.88,76491.0
1769137200,449.88,452.38,449.54,451.48,84514.0
1769140800,451.47,451.75,450.81,451.55,37126.0
1769144400,451.52,453.6,451.2,453.35,71950.0
1769148000,453.31,454.01,452.77,453.13,65525.0
1769151600,453.13,453.36,452.13,452.31,59267.0
1769155200,452.41,452.61,450.42,450.66,82619.0
1769158800,450.5,451.68,447.01,447.98,211252.0
1769162400,447.95,448.81,447.75,448.75,82441.0
1769166000,448.67,450.46,448.0,448.29,160662.0
1769169600,448.4,449.4,448.14,449.19,140928.0
1769173200,449.06,454.0,446.5,447.51,991993.0
1769176800,447.48,450.5,444.04,449.65,11250473.0
1769180400,449.97,452.08,445.72,452.01,12170657.0
1769184000,452.08,452.43,448.6,448.86,7139504.0
1769187600,448.655,449.22,445.46,445.605,6046794.0
1769191200,445.66,447.51,445.28,447.365,4572221.0
1769194800,447.39,448.58,446.99,448.4,4326271.0
1769198400,448.48,449.31,446.88,449.1,6742560.0
1769202000,449.06,449.5,447.55,447.66,414159.0
1769205600,447.609,449.06,447.35,447.76,102850.0
1769209200,447.75,448.3401,447.72,447.7408,75336.0
1769212800,447.7892,447.9,447.14,447.3954,85233.0
1769389200,446.01,447.42,443.15,444.18,129205.0
1769392800,444.17,444.29,441.66,442.17,107371.0
1769396400,442.18,443.48,442.04,442.55,56822.0
1769400000,442.57,442.63,442.1,442.41,37187.0
1769403600,442.39,443.7,442.16,443.54,45169.0
1769407200,443.54,444.31,443.01,444.03,43822.0
1769410800,444.17,445.16,444.02,444.77,55980.0
1769414400,444.8,446.39,444.8,446.01,64411.0
1769418000,445.9,447.18,443.0,444.0,105847.0
1769421600,444.0,445.3,443.47,444.75,58684.0
1769425200,444.78,445.43,444.44,445.2,57250.0
1769428800,445.25,446.37,445.01,445.59,108022.0
1769432400,444.7,446.4,442.17,445.03,619261.0
1769436000,444.895,445.75,437.66,439.07,8381654.0
1769439600,439.085,441.49,436.71,438.43,9281012.0
1769443200,438.715,440.23,437.95,439.36,5725462.0
1769446800,439.41,440.27,438.08,438.285,3840244.0
1769450400,438.07,438.86,437.82,438.475,3265067.0
1769454000,438.405,438.68,436.51,436.54,4671301.0
1769457600,436.6,436.7032,434.28,435.35,8760245.0
1769461200,435.2,436.0,434.62,434.68,313760.0
1769464800,434.74,435.7,434.51,435.66,96190.0
1769468400,435.59,436.2,435.35,435.93,101401.0
1769472000,435.92,435.95,435.2996,435.2996,102584.0
1769475600,435.82,437.34,435.68,437.02,47314.0
1769479200,437.01,437.34,436.93,437.17,24099.0
1769482800,437.11,438.18,437.09,437.69,35318.0
1769486400,437.69,438.0,437.21,437.86,17710.0
1769490000,437.84,438.33,437.65,438.33,18105.0
1769493600,438.34,438.4,437.77,437.9,25219.0
1769497200,437.94,438.16,437.56,438.02,24217.0
1769500800,438.0,438.31,437.93,438.1,17365.0
1769504400,438.16,438.45,437.35,437.55,46417.0
1769508000,437.62,438.0,437.41,437.76,30063.0
1769511600,437.8,437.96,437.4,437.67,37150.0
1769515200,437.7,438.0,436.62,436.62,95205.0
1769518800,438.07,438.49,436.6,437.23,576983.0
1769522400,437.29,437.89,431.81,434.37,6087048.0
1769526000,434.2,436.26,433.5174,434.63,6128943.0
1769529600,434.66,435.82,433.73,435.265,4192482.0
1769533200,435.27,435.2801,433.1,433.31,3279117.0
1769536800,433.185,433.475,431.8,431.86,3402835.0
1769540400,431.845,432.85,430.69,432.67,4697123.0
1769544000,432.505,433.88,430.71,430.91,6269824.0
1769547600,430.9,431.25,430.5,431.22,347588.0
1769551200,431.17,431.77,430.9,431.55,117311.0
1769554800,431.49,431.8507,431.31,431.6768,76147.0
1769558400,431.6462,432.49,431.54,432.49,100162.0
1769562000,432.72,433.34,432.51,432.72,44773.0
1769565600,432.72,433.01,432.27,432.98,29694.0
1769569200,432.95,433.03,432.32,432.48,23195.0
1769572800,432.5,433.01,432.35,432.88,15901.0
1769576400,432.87,433.18,432.84,433.04,19629.0
1769580000,433.08,433.82,433.02,433.12,43109.0
1769583600,433.05,433.75,433.02,433.09,37792.0
1769587200,433.09,433.4,432.04,432.17,38160.0
1769590800,432.16,433.16,431.01,431.91,81102.0
1769594400,431.78,432.07,431.0,432.04,62757.0
1769598000,432.04,432.46,431.76,432.11,41355.0
1769601600,432.19,432.66,431.2,431.67,99792.0
1769605200,431.68,434.73,431.0,434.1,632051.0
1769608800,431.75,438.26,431.2,437.44,7919809.0
1769612400,437.39,437.87,432.22,433.06,7134026.0
1769616000,433.2,434.29,432.02,433.4,4857800.0
1769619600,433.425,435.61,432.4,432.745,4879501.0
1769623200,432.555,435.56,432.4436,434.805,4817610.0
1769626800,434.495,435.97,431.74,434.445,5461271.0
1769630400,434.325,436.0,430.1,430.34,7334650.0
1769634000,430.0,448.0,425.0,444.55,4374453.0
1769637600,444.5,450.45,431.46,436.4201,2778209.0
1769641200,436.499,443.65,435.0,436.78,1166719.0
1769644800,436.79,439.8794,435.6,439.74,461385.0
1769648400,439.99,441.17,437.09,438.43,118733.0
1769652000,438.37,438.95,438.34,438.48,34086.0
1769655600,438.48,440.34,438.34,440.26,42278.0
1769659200,440.32,440.32,439.25,440.07,32311.0
1769662800,440.09,441.01,439.35,440.78,40414.0
1769666400,440.67,442.81,440.62,442.49,69883.0
1769670000,442.45,442.88,441.6,442.12,54594.0
1769673600,442.15,442.9,441.71,442.42,57091.0
1769677200,442.5,444.41,440.32,442.93,176238.0
1769680800,442.8,445.1,442.6,444.33,134713.0
1769684400,444.38,444.48,442.04,442.04,137256.0
1769688000,442.27,442.39,439.57,440.41,349262.0
1769691600,441.55,445.0,437.6,438.21,1002942.0
1769695200,437.76,440.2299,422.88,423.43,15510962.0
1769698800,423.16,427.0,414.62,417.55,17426878.0
1769702400,417.58,423.01,417.18,420.79,10248258.0
1769706000,420.95,424.84,420.31,420.485,6625156.0
1769709600,420.66,422.94,419.78,420.87,5728353.0
1769713200,420.87,421.31,417.91,418.07,5713058.0
1769716800,418.16,418.68,414.94,416.42,10112844.0
1769720400,416.4096,418.55,416.4096,418.48,515610.0
1769724000,418.48,436.7,418.25,428.93,3179505.0
1769727600,428.9305,431.98,426.88,430.1682,769027.0
1769731200,430.11,430.17,428.11,428.5,385956.0
1769734800,428.0,429.89,423.57,427.07,155199.0
1769738400,427.26,427.26,421.88,425.16,161255.0
1769742000,425.16,427.21,424.56,426.15,87415.0
1769745600,426.18,427.16,425.99,426.18,45711.0
1769749200,426.18,428.22,426.18,427.2,61248.0
1769752800,427.23,427.31,424.76,425.36,71284.0
1769756400,425.33,426.09,423.71,423.74,74278.0
1769760000,423.75,425.0,423.14,424.02,55836.0
1769763600,424.25,426.15,420.48,421.75,190555.0
1769767200,421.74,424.41,421.2,424.03,105991.0
1769770800,424.05,426.84,423.98,425.79,142241.0
1769774400,425.79,428.2,425.0,425.1,200458.0
1769778000,425.13,428.365,420.4794,422.82,1035519.0
1769781600,425.86,430.0,421.5999,425.16,10458704.0
1769785200,425.12,439.88,424.792,437.08,20898520.0
1769788800,436.9,439.84,434.73,434.82,11706762.0
1769792400,434.77,439.53,433.94,435.31,8855033.0
1769796000,435.09,436.6222,432.135,435.53,7572731.0
1769799600,435.64,436.01,432.46,433.44,5689735.0
1769803200,433.505,434.99,430.1,430.3,9860445.0
1769806800,429.89,431.0,428.68,429.7,691052.0
1769810400,429.95,430.13,429.22,429.24,110766.0
1769814000,429.48,429.85,429.25,429.45,69291.0
1769817600,429.4,429.63,429.01,429.63,85957.0
1769994000,429.31,430.22,421.16,422.82,290426.0
1769997600,422.82,424.29,422.12,422.38,105788.0
1770001200,422.39,422.79,418.11,418.84,240101.0
1770004800,418.84,421.98,416.65,421.47,187059.0
1770008400,421.39,421.5,418.47,418.7,84862.0
1770012000,418.7,419.84,417.78,418.81,68945.0
1770015600,418.91,420.96,417.99,420.67,97807.0
1770019200,420.68,423.01,420.65,422.25,89860.0
1770022800,422.0,424.35,419.75,422.8,169854.0
1770026400,422.8,423.1,420.01,421.22,90919.0
1770030000,421.39,422.5,419.15,420.29,241423.0
1770033600,420.8,424.19,420.05,422.95,242540.0
1770037200,422.99,424.2,417.8,422.43,932634.0
1770040800,421.0,423.09,414.5,417.3,11488612.0
1770044400,417.29,422.5,416.43,420.17,9743000.0
1770048000,420.1,420.28,418.31,420.11,5854479.0
1770051600,420.1,424.88,419.8,424.645,6239294.0
1770055200,424.54,427.15,424.28,426.68,6538781.0
1770058800,426.61,426.7,423.08,423.2,5216530.0
1770062400,423.25,425.0,421.74,421.82,6852490.0
1770066000,421.81,425.5,419.662,423.06,791331.0
1770069600,423.1,424.67,422.81,424.1,150741.0
1770073200,424.11,425.0,422.94,424.6899,144021.0
1770076800,424.68,425.22,424.14,425.22,141005.0
1770080400,424.97,427.1,424.97,425.75,68501.0
1770084000,425.75,425.81,423.62,424.93,67264.0
1770087600,424.97,425.77,424.74,425.6,27594.0
1770091200,425.62,426.31,425.57,426.1,28443.0
1770094800,426.08,426.85,425.61,426.85,34161.0
1770098400,426.85,427.36,426.38,426.49,46735.0
1770102000,426.49,427.01,425.99,426.89,41732.0
1770105600,426.88,427.32,426.4,426.79,34767.0
1770109200,427.72,427.72,425.7,426.93,68219.0
1770112800,426.93,427.2,426.15,426.78,40566.0
1770116400,426.92,427.19,426.22,426.51,58518.0
1770120000,426.52,427.0,426.0,426.45,93082.0
1770123600,426.71,427.35,425.6,426.15,501473.0
1770127200,423.815,426.22,420.06,420.52,7697660.0
1770130800,420.455,428.56,419.75,425.37,11071920.0
1770134400,425.41,427.72,422.01,425.73,7001292.0
1770138000,425.565,425.89,417.65,417.74,6842663.0
1770141600,417.76,419.41,416.1,416.175,5382938.0
1770145200,416.09,419.25,413.6901,418.88,7728925.0
1770148800,418.6,422.2,417.4,422.07,6533831.0
1770152400,422.41,423.0,420.01,420.01,383194.0
1770156000,420.8011,421.0,420.01,420.45,86973.0
1770159600,420.4984,421.5,420.18,420.75,73409.0
1770163200,420.92,420.97,419.15,419.1501,83536.0
1770166800,421.57,421.57,419.2,419.41,34541.0
1770170400,419.45,420.44,418.99,419.04,30300.0
1770174000,419.09,420.38,418.91,420.19,21055.0
1770177600,420.13,420.51,419.8,420.31,17940.0
1770181200,420.31,420.49,420.0,420.4,13872.0
1770184800,420.45,421.23,420.42,420.98,23900.0
1770188400,420.98,421.49,420.89,421.09,23273.0
1770192000,421.08,421.32,420.02,420.79,26036.0
1770195600,420.69,421.16,418.09,419.27,88934.0
1770199200,419.14,421.51,419.14,421.5,45925.0
1770202800,421.38,421.9,420.8,421.29,35832.0
1770206400,421.29,421.98,420.8,420.95,66304.0
1770210000,420.79,423.26,418.1,420.79,524236.0
1770213600,420.46,423.9,417.51,419.18,7687686.0
1770217200,418.885,419.3,411.8401,412.125,12955728.0
1770220800,412.11,412.7,403.69,406.35,12816907.0
1770224400,406.33,407.52,399.18,402.54,9551896.0
1770228000,402.475,406.5,401.25,405.03,7918701.0
1770231600,405.2,409.35,402.8807,409.045,7799090.0
1770235200,408.98,409.23,405.35,405.85,9179877.0
1770238800,407.21,407.89,404.27,407.21,578905.0
1770242400,407.08,407.3,406.0,406.26,560272.0
1770246000,406.38,408.52,406.3783,407.9,129808.0
1770249600,407.9308,408.0,407.38,407.4514,105649.0
1770253200,408.67,409.42,407.6,408.83,44978.0
1770256800,408.83,408.87,404.14,404.19,76192.0
1770260400,404.23,405.68,402.79,403.3,86921.0
1770264000,403.3,404.77,401.51,404.6,64559.0
1770267600,404.41,406.09,403.52,405.09,35911.0
1770271200,405.18,407.57,405.18,407.49,28168.0
1770274800,407.48,407.84,406.8,407.08,33234.0
1770278400,407.09,408.78,406.05,406.49,50503.0
1770282000,406.42,407.61,405.3,406.81,62448.0
1770285600,406.78,408.2,406.51,407.41,39155.0
1770289200,407.41,407.95,406.2,406.66,43084.0
1770292800,406.63,406.89,396.83,398.82,449758.0
1770296400,398.85,408.75,394.51,395.15,1406117.0
1770300000,395.5,401.15,392.84,395.38,9593505.0
1770303600,394.87,396.1,387.5309,392.635,14185667.0
1770307200,392.83,398.79,390.17,398.26,9266649.0
1770310800,397.975,401.71,396.39,400.22,7145643.0
1770314400,400.35,402.1,397.65,399.08,6362334.0
1770318000,398.94,401.47,394.5335,396.11,6600897.0
1770321600,396.2,398.4,393.02,397.205,10182132.0
1770325200,397.02,401.18,391.2,394.26,2160969.0
1770328800,391.77,393.2,390.01,391.45,341565.0
1770332400,391.57,392.5,390.03,390.04,197262.0
1770336000,390.02,390.1,387.53,388.9,396226.0
1770339600,388.5,395.26,388.34,393.98,113085.0
1770343200,393.99,394.78,392.59,394.16,56423.0
1770346800,394.16,394.47,392.65,392.7,40736.0
1770350400,392.74,392.8,390.56,391.04,39443.0
1770354000,391.2,394.81,390.75,394.71,52707.0
1770357600,394.72,395.71,392.96,393.57,42985.0
1770361200,393.56,395.24,393.21,395.11,44024.0
1770364800,395.11,395.95,393.65,395.63,29959.0
1770368400,395.0,404.49,394.26,403.24,251431.0
1770372000,403.23,405.88,402.5,405.77,141497.0
1770375600,405.85,406.89,405.14,405.64,179188.0
1770379200,405.31,405.67,399.01,400.23,356006.0
1770382800,400.33,406.9,390.78,400.71,946311.0
1770386400,402.34,408.84,397.751,407.11,10190964.0
1770390000,406.78,412.21,405.4,409.06,11931517.0
1770393600,409.05,412.4,408.7,410.515,7133831.0
1770397200,410.505,414.55,410.05,413.28,6851474.0
1770400800,413.335,413.88,411.25,411.34,5129162.0
1770404400,411.29,414.55,411.08,413.56,5431941.0
1770408000,413.545,414.55,410.61,411.08,8765391.0
1770411600,410.26,411.93,409.82,410.26,588557.0
1770415200,410.43,411.98,410.43,411.86,473800.0
1770418800,411.81,411.88,411.25,411.4,46068.0
1770422400,411.26,412.0,411.14,411.78,84110.0
1770598800,413.7,415.01,411.99,413.98,109674.0
1770602400,413.96,414.3,413.17,413.85,35384.0
1770606000,413.89,414.46,413.59,413.8,35675.0
1770609600,413.82,414.38,413.53,413.74,21162.0
1770613200,413.79,414.88,413.71,414.74,25440.0
1770616800,414.74,414.78,413.74,413.96,27195.0
1770620400,413.96,414.1,412.55,413.28,47174.0
1770624000,413.3,414.87,413.3,413.72,36520.0
1770627600,414.74,415.46,412.99,413.06,73806.0
1770631200,413.31,413.39,408.52,409.7,144249.0
1770634800,409.57,410.55,409.01,410.43,71823.0
1770638400,410.39,411.0,409.01,410.25,88741.0
1770642000,409.58,414.88,408.5151,410.13,575483.0
1770645600,409.935,413.77,407.29,409.65,8379444.0
1770649200,409.57,418.59,409.13,417.89,11516282.0
1770652800,417.92,420.69,417.45,420.31,7800721.0
1770656400,420.38,421.25,419.53,419.62,5310603.0
1770660000,419.47,419.98,417.7,419.54,4913095.0
1770663600,419.46,420.9,419.43,420.005,4132196.0
1770667200,419.82,420.48,417.1301,417.2,6678884.0
1770670800,417.32,418.35,416.0,417.56,385464.0
1770674400,417.58,417.7,417.2,417.38,78260.0
1770678000,417.3731,418.3638,417.32,417.6799,98214.0
1770681600,417.58,417.8,417.1356,417.311,61846.0
1770685200,417.3,417.71,416.43,417.38,26031.0
1770688800,417.35,417.51,416.64,416.74,12877.0
1770692400,416.79,416.91,415.99,416.79,19026.0
1770696000,416.8,417.69,416.65,417.69,12872.0
1770699600,417.65,417.74,416.68,417.6,13115.0
1770703200,417.52,417.59,416.17,416.55,12824.0
1770706800,416.57,417.6,416.49,416.99,23330.0
1770710400,417.12,417.36,416.7,416.73,10978.0
1770714000,417.25,419.21,416.73,417.79,50087.0
1770717600,417.87,418.22,417.67,418.08,17636.0
1770721200,417.8,418.67,417.47,418.4,30897.0
1770724800,418.41,420.92,418.31,419.61,140131.0
1770728400,419.1,420.93,416.16,419.25,406298.0
1770732000,418.235,425.48,417.0,422.655,8381275.0
1770735600,422.15,425.42,419.97,424.82,10077634.0
1770739200,425.19,425.21,420.7127,423.72,7212054.0
1770742800,423.54,427.25,422.86,425.125,6722799.0
1770746400,425.13,426.115,422.3501,424.55,5220448.0
1770750000,424.72,426.0,423.85,425.86,4241265.0
1770753600,425.79,427.2,423.66,425.25,8733293.0
1770757200,425.21,427.5,424.7,425.5,1364574.0
1770760800,425.51,425.6845,425.01,425.0631,72434.0
1770764400,425.08,425.6599,424.9,425.2108,73082.0
1770768000,425.2,425.98,425.15,425.9,77391.0
1770771600,425.59,427.0,425.11,425.49,32278.0
1770775200,425.49,426.08,425.41,425.75,17908.0
1770778800,425.74,426.34,425.49,426.31,15853.0
1770782400,426.31,426.42,425.59,425.94,12565.0
1770786000,425.94,426.16,425.61,425.76,12861.0
1770789600,425.76,426.21,425.22,425.22,13428.0
1770793200,425.22,425.55,424.54,425.43,29440.0
1770796800,425.43,425.58,423.71,424.51,31459.0
1770800400,424.68,425.71,423.48,423.56,47185.0
1770804000,423.56,423.56,422.2,422.87,57691.0
1770807600,423.0,423.9,422.96,423.4,34939.0
1770811200,423.45,425.0,423.1,424.38,91348.0
1770814800,423.78,428.2,422.2,427.19,706238.0
1770818400,428.99,436.35,426.38,431.33,10028897.0
1770822000,431.35,432.1,420.03,424.085,14262719.0
1770825600,424.485,427.0694,423.21,423.57,7567903.0
1770829200,423.3,426.19,422.06,423.7,5622450.0
1770832800,423.635,425.91,422.12,425.47,4754746.0
1770836400,425.6,427.73,424.6,427.01,4846386.0
1770840000,426.79,429.1,425.46,428.23,6119414.0
1770843600,428.19,428.53,427.2,427.82,327371.0
1770847200,427.95,428.27,427.34,427.8,78506.0
1770850800,427.71,427.75,427.0,427.1,88657.0
1770854400,427.1,427.6,426.8,427.5155,57814.0
1770858000,426.91,428.59,426.59,427.47,28006.0
1770861600,427.59,427.81,427.11,427.57,11672.0
1770865200,427.58,428.46,427.55,428.2,17024.0
1770868800,428.2,428.7,428.0,428.22,15283.0
1770872400,428.25,428.78,428.25,428.69,11790.0
1770876000,428.7,428.79,428.14,428.5,15231.0
1770879600,428.5,429.06,428.43,428.73,15970.0
1770883200,428.71,429.58,428.69,429.31,17947.0
1770886800,428.83,429.7,428.27,429.12,28286.0
1770890400,429.19,429.57,428.95,429.3,27556.0
1770894000,429.23,429.77,429.1,429.5,28293.0
1770897600,429.58,431.15,429.4,430.09,105400.0
1770901200,431.11,431.5,428.14,431.11,381312.0
1770904800,430.305,436.23,428.14,428.595,9416567.0
1770908400,428.335,431.12,424.5801,425.07,9601163.0
1770912000,425.2,425.6,418.09,418.705,9951627.0
1770915600,418.545,420.11,414.56,414.66,6600045.0
1770919200,414.32,417.87,414.0,416.68,5680631.0
1770922800,416.54,416.9098,414.2501,415.23,4793640.0
1770926400,415.3,417.42,414.53,417.06,7270475.0
1770930000,416.88,421.7656,416.0,416.88,308557.0
1770933600,417.7528,417.82,417.01,417.34,71635.0
1770937200,417.34,417.98,415.5534,416.01,117237.0
1770940800,416.3,417.2,414.57,414.57,125095.0
1770944400,415.6,417.96,415.27,416.93,42298.0
1770948000,416.94,417.76,416.78,417.05,27211.0
1770951600,417.06,417.48,415.75,416.21,21480.0
1770955200,416.21,417.32,415.87,416.28,12152.0
1770958800,416.28,416.37,414.6,415.27,31269.0
1770962400,415.19,415.49,412.63,414.42,58428.0
1770966000,414.44,416.45,414.44,415.85,33057.0
1770969600,415.92,417.7,414.89,416.77,34068.0
1770973200,416.5,417.06,415.31,415.85,62148.0
1770976800,415.54,416.0,415.17,415.23,23047.0
1770980400,415.3,415.3,413.04,414.78,85342.0
1770984000,414.8,415.0,412.9,413.5,86027.0
1770987600,416.61,417.7,412.67,417.33,774526.0
1770991200,417.39,419.0,410.88,413.41,7897254.0
1770994800,413.31,418.2,412.11,415.3,8585959.0
1770998400,415.31,419.68,414.72,419.23,7678855.0
1771002000,419.28,421.26,419.0001,419.28,5452163.0
1771005600,419.44,424.06,418.81,421.75,5889081.0
1771009200,421.7,422.45,419.4,419.63,4316277.0
1771012800,419.77,420.17,416.52,417.46,6730309.0
1771016400,417.75,418.4141,415.57,417.75,624473.0
1771020000,417.2,417.82,417.14,417.75,53183.0
1771023600,417.61,417.68,416.84,417.44,53881.0
1771027200,416.91,417.48,416.85,417.44,48868.0
1771290000,417.5,419.29,415.2,415.61,43419.0
1771293600,415.59,415.98,413.87,415.14,40670.0
1771297200,415.14,415.14,413.21,413.99,27362.0
1771300800,414.0,414.71,413.88,414.59,9783.0
1771304400,414.6,414.73,413.0,413.43,21334.0
1771308000,413.43,414.9,413.29,414.76,12635.0
1771311600,414.57,414.94,413.54,414.69,14971.0
1771315200,414.59,415.88,414.4,414.72,24903.0
1771318800,414.47,415.62,414.15,414.22,45150.0
1771322400,414.4,414.46,412.42,412.7,55225.0
1771326000,412.79,413.1,411.0,412.9,74086.0
1771329600,412.89,413.79,412.0,412.0,96830.0
1771333200,411.39,418.483,410.15,413.04,559338.0
1771336800,412.3,413.72,402.65,403.12,9657689.0
1771340400,402.785,405.47,400.51,404.58,11492982.0
1771344000,404.71,409.64,404.33,407.73,8326427.0
1771347600,407.555,407.71,403.42,405.37,6360332.0
1771351200,405.46,412.66,404.55,412.43,7011249.0
1771354800,412.47,413.1699,410.7,410.87,5634290.0
1771358400,410.82,411.89,409.6,410.73,6420768.0
1771362000,410.21,411.35,410.0,410.21,251353.0
1771365600,410.5499,410.55,410.0,410.02,44954.0
1771369200,410.0,410.0,409.06,409.12,67273.0
1771372800,409.19,410.2,409.06,409.15,53430.0
1771376400,409.4,410.75,408.83,410.68,19301.0
1771380000,410.69,411.39,410.21,410.89,17144.0
1771383600,410.87,411.99,410.62,411.72,10893.0
1771387200,411.72,412.59,411.28,412.3,11797.0
1771390800,412.24,412.58,412.11,412.37,11211.0
1771394400,412.22,412.47,411.72,411.98,11398.0
1771398000,411.96,412.4,411.56,412.4,10685.0
1771401600,412.32,413.73,412.29,413.47,24060.0
1771405200,414.0,414.15,412.37,413.82,35588.0
1771408800,413.61,414.99,413.5,414.0,33797.0
1771412400,414.0,414.07,412.8,412.96,28136.0
1771416000,413.0,414.01,411.71,412.56,102313.0
1771419600,411.69,414.8,410.61,411.12,406214.0
1771423200,410.68,414.0972,409.58,412.55,6106989.0
1771426800,412.5,415.67,411.59,415.36,9225387.0
1771430400,415.28,416.32,413.84,413.975,5707048.0
1771434000,414.005,416.64,413.76,416.27,4369053.0
1771437600,416.19,416.9,412.51,413.535,4770673.0
1771441200,413.31,414.04,409.9001,410.42,5047451.0
1771444800,410.53,412.121,410.01,411.37,6355918.0
1771448400,411.14,411.32,410.11,410.4,225362.0
1771452000,410.45,411.22,410.34,410.9522,62008.0
1771455600,410.76,411.11,410.53,410.82,41906.0
1771459200,410.71,410.75,410.14,410.21,62576.0
1771462800,410.73,411.34,410.16,411.12,27035.0
1771466400,411.04,411.29,410.89,411.12,12960.0
1771470000,411.12,411.48,410.99,411.46,13680.0
1771473600,411.48,411.77,411.19,411.27,12485.0
1771477200,411.27,411.79,410.92,411.12,12952.0
1771480800,411.36,411.87,410.99,411.83,13818.0
1771484400,411.77,412.64,411.5,412.13,19430.0
1771488000,412.05,412.39,410.79,410.8,21349.0
1771491600,410.95,411.94,408.68,409.5,68392.0
1771495200,409.46,409.57,407.32,408.1,74648.0
1771498800,408.09,408.65,407.15,408.49,58527.0
1771502400,408.65,408.76,407.1,407.8,89414.0
1771506000,407.85,412.6,406.97,407.4546,445888.0
1771509600,407.43,409.54,404.11,408.46,7049145.0
1771513200,408.135,412.97,408.05,412.91,9092202.0
1771516800,412.89,414.98,411.17,413.0,7796799.0
1771520400,413.03,415.2499,409.27,409.59,6409493.0
1771524000,409.59,410.92,408.58,410.79,5752460.0
1771527600,410.84,411.19,408.52,410.02,4994031.0
1771531200,410.01,411.9,409.76,411.68,5353148.0
1771534800,411.71,411.81,410.96,411.5,705935.0
1771538400,411.53,411.67,411.1,411.1,36708.0
1771542000,411.097,411.68,411.03,411.33,30789.0
1771545600,411.33,411.88,411.24,411.75,63430.0
1771549200,412.01,413.83,411.46,412.48,39965.0
1771552800,412.48,413.01,411.98,412.11,17442.0
1771556400,412.11,412.41,412.0,412.04,9888.0
1771560000,412.02,412.3,411.72,412.15,13940.0
1771563600,412.21,412.46,412.04,412.4,9398.0
1771567200,412.4,412.61,412.27,412.58,10858.0
1771570800,412.6,412.97,412.19,412.3,16657.0
1771574400,412.29,413.0,412.08,413.0,18796.0
1771578000,412.81,413.29,412.43,412.5,33688.0
1771581600,412.46,412.6,412.08,412.14,17514.0
1771585200,412.14,412.14,410.26,410.62,37782.0
1771588800,410.68,411.56,410.3,411.26,54343.0
1771592400,411.29,413.19,408.33,411.49,473819.0
1771596000,406.0,410.74,405.5,408.31,6516776.0
1771599600,408.365,413.6,406.91,413.34,11942590.0
1771603200,413.47,414.7,409.13,410.97,7076158.0
1771606800,410.92,411.27,405.89,409.66,7851355.0
1771610400,409.59,413.63,408.6,413.36,7030691.0
1771614000,413.38,413.76,409.66,409.82,4827299.0
1771617600,409.84,412.24,409.5201,411.985,6049450.0
1771621200,411.53,412.2,410.8598,411.53,192883.0
1771624800,411.18,411.49,411.13,411.23,41538.0
1771628400,411.3,411.5,411.2,411.35,24135.0
1771632000,411.36,411.37,411.1,411.255,45368.0
1771808400,410.37,411.69,405.57,407.06,101128.0
1771812000,407.03,407.25,406.31,407.13,70928.0
1771815600,407.08,407.63,406.64,407.01,36195.0
1771819200,407.13,407.15,406.51,406.74,19079.0
1771822800,406.79,407.3,406.49,407.17,13773.0
1771826400,407.15,407.47,406.96,407.2,11334.0
1771830000,407.19,408.08,407.19,407.75,34588.0
1771833600,407.76,407.81,406.79,407.73,30797.0
1771837200,407.16,409.48,407.16,408.97,59280.0
1771840800,408.99,409.0,407.88,408.29,33082.0
1771844400,408.4,408.86,407.7,408.0,40708.0
1771848000,408.0,408.1,407.59,407.93,69999.0
1771851600,407.96,409.3859,406.5,407.4,389243.88060000003
1771855200,407.52,407.89,402.32,402.79,8729579.970832005
1771858800,402.68,405.05,400.64,400.93,9861727.387609001
1771862400,400.95,401.39,396.62,398.35,10513732.267858999
1771866000,398.34,399.01,394.24,395.11,8192047.620366999
1771869600,394.99,396.8,394.17,394.37,6969646.916925998
1771873200,394.5,396.03,394.04,395.395,6239285.870575001
1771876800,395.21,400.01,394.42,399.575,11519832.547895
1771880400,400.16,400.43,398.1945,399.6,650547.6926110004
1771884000,399.6,400.12,399.52,399.85,135648.830825
1771887600,399.8418,400.0,399.16,399.3,102679.767251
1771891200,399.24,399.83,399.0,399.45,113540.67523800003
1771894800,400.06,400.2,399.04,399.52,45111.0
1771898400,399.52,400.81,399.49,400.7,35722.0
1771902000,400.66,400.72,400.0,400.51,22263.0
1771905600,400.51,400.61,400.02,400.29,23869.0
1771909200,400.27,400.41,399.29,399.52,23269.0
1771912800,399.54,400.08,399.53,400.07,22675.0
1771916400,400.07,400.64,399.86,400.16,53373.0
1771920000,400.11,400.17,398.12,398.58,43990.0
1771923600,398.62,399.8,398.28,398.86,53345.0
1771927200,398.87,399.12,397.26,397.89,48096.0
1771930800,397.95,397.95,396.68,397.65,80926.0
1771934400,397.7,398.99,396.9,397.29,118957.0
1771938000,397.68,400.65,396.68,398.73,481134.2305589999
1771941600,398.67,403.7,397.64,402.56,8120174.910082
1771945200,402.6,407.71,401.1,404.685,10970433.183526998
1771948800,404.58,405.74,402.26,404.63,7126355.541217001
1771952400,404.6,405.68,403.7,404.74,4609672.454271
1771956000,404.73,406.81,404.66,406.64,4269457.160339
1771959600,406.6,409.65,406.51,408.76,7085853.150101998
1771963200,408.655,410.82,408.02,409.41,8186323.717257
1771966800,409.1,409.6,409.0,409.1,1140454.4333569997
1771970400,409.05,409.18,408.81,408.9299,87582.24356299998
1771974000,408.94,409.15,408.85,409.1,47866.20622899999
1771977600,409.1,409.5,408.5,409.5,100340.820974
1771981200,408.9,410.35,408.88,409.96,39875.0
1771984800,409.97,410.2,409.66,410.07,30926.0
1771988400,410.05,410.06,409.14,409.45,24531.0
1771992000,409.42,409.91,409.22,409.64,14252.0
1771995600,409.63,409.94,409.41,409.69,11783.0
1771999200,409.59,409.79,409.01,409.37,12971.0
1772002800,409.39,409.5,408.7,408.86,17807.0
1772006400,408.85,409.67,408.8,409.54,17404.0
1772010000,409.98,409.98,408.82,409.28,25153.0
1772013600,409.25,409.25,408.49,408.67,35360.0
1772017200,408.67,409.64,408.5,409.5,35641.0
1772020800,409.52,411.4,409.12,410.71,113231.0
1772024400,409.71,411.4206,408.5,410.88,305534.4757120001
1772028000,412.165,420.34,410.64,415.79,10716089.589999998
1772031600,415.5,416.4,413.55,415.4,9288846.998313999
1772035200,415.5,415.6,413.16,414.52,6380707.4576699985
1772038800,414.62,416.92,413.8,415.14,6579452.0800370015
1772042400,415.19,416.35,414.21,415.765,4040221.7228389992
1772046000,415.785,416.55,415.46,415.97,3762899.3719420014
1772049600,415.9,417.64,414.85,417.38,8008913.351235999
1772053200,417.4,418.34,416.42,417.05,689457.83443
1772056800,417.11,417.21,415.75,415.8292,165958.666226
1772060400,415.92,416.68,414.65,415.3,120876.843212
1772064000,415.15,415.68,414.84,415.1242,63932.082754999996
1772067600,416.27,416.27,414.42,415.08,25586.0
1772071200,415.18,415.2,414.29,414.59,12971.0
1772074800,414.6,415.18,414.5,414.7,12748.0
1772078400,414.68,414.85,414.55,414.67,8874.0
1772082000,414.66,414.91,414.36,414.82,18490.0
1772085600,414.83,415.65,414.53,414.91,23605.0
1772089200,414.93,415.43,414.89,414.9,15161.0
1772092800,414.93,415.48,414.7,415.17,17451.0
1772096400,415.05,415.7,414.54,415.2,39150.0
1772100000,415.2,415.25,414.49,414.94,28379.0
1772103600,414.95,414.99,414.21,414.75,33525.0
1772107200,414.7,415.48,414.66,415.14,58385.0
1772110800,415.08,415.79,414.13,414.9,313313.6808169998
1772114400,415.205,416.81,410.12,413.15,8352627.481707003
1772118000,413.105,413.88,404.8301,409.29,11460275.816088997
1772121600,409.25,410.3,404.275,404.61,7059846.271687
1772125200,404.55,406.4699,403.66,404.61,6990962.761017
1772128800,404.55,407.91,404.1,407.35,5008213.584799002
1772132400,407.285,409.389,407.095,407.61,4520570.149276001
1772136000,407.645,409.2,407.12,408.48,5881789.928068002
1772139600,408.36,408.99,407.5,408.36,252988.82449699988
1772143200,407.57,407.78,407.0,407.2,104556.08472100004
1772146800,407.17,407.32,406.5,406.5356,89312.560293
1772150400,406.78,406.95,406.2,406.7,69072.56388100002
1772154000,407.31,407.98,406.57,406.76,24418.0
1772157600,406.78,407.26,406.43,406.86,18057.0
1772161200,406.86,407.02,406.11,406.74,18807.0
1772164800,406.72,407.15,406.49,406.99,15487.0
1772168400,406.99,407.68,406.98,407.24,18209.0
1772172000,407.24,407.55,406.76,407.22,15257.0
1772175600,407.23,408.37,407.23,408.33,22399.0
1772179200,408.33,409.01,407.85,408.52,28602.0
1772182800,408.5,409.42,408.45,408.5,33969.0
1772186400,408.5,408.5,407.2,407.6,31440.0
1772190000,407.8,408.19,406.4,406.82,45666.0
1772193600,406.83,407.49,405.59,405.8,72287.0
1772197200,408.69,409.44,403.0,404.65,494342.0673479999
1772200800,402.97,405.52,400.9,403.35,6804637.871686
1772204400,403.15,407.12,402.77,403.27,8024171.0942669995
1772208000,403.22,403.8599,400.84,402.12,6691271.148213002
1772211600,402.21,403.0799,399.03,399.61,6817799.486364999
1772215200,399.63,400.46,398.11,398.48,5416307.890694998
1772218800,398.43,400.42,398.42,398.88,4443738.5034839995
1772222400,398.91,403.66,398.74,402.42,9754419.318871003
1772226000,402.51,403.34,402.2,402.35,805900.5321899997
1772229600,402.4,402.5,401.5,401.63,112695.50842100002
1772233200,401.62,401.91,401.48,401.7,59605.261072999994
1772236800,401.64,401.8685,401.6,401.8,54961.93895500001
1772413200,397.01,399.98,392.25,395.69,260750.0
1772416800,395.72,396.41,393.83,394.83,133978.0
1772420400,394.83,395.23,393.99,394.01,56881.0
1772424000,394.0,394.49,393.2,393.2,44683.0
1772427600,393.21,393.63,392.31,392.38,72308.0
1772431200,392.38,392.55,389.99,390.92,158908.0
1772434800,390.92,391.29,389.49,389.51,128901.0
1772438400,389.52,390.76,387.99,390.1,159993.0
1772442000,389.8,393.16,389.51,391.38,237818.0
1772445600,391.42,393.84,391.29,392.18,104345.0
1772449200,392.16,393.99,391.55,392.99,112766.0
1772452800,392.95,394.5,392.01,392.28,191038.0
1772456400,392.4,402.51,388.0,392.56,1165998.2222329997
1772460000,392.1,402.51,388.25,395.99,9319927.606146999
1772463600,395.845,402.65,395.04,401.765,9101952.734017996
1772467200,401.84,404.54,399.74,403.12,7785902.631210001
1772470800,403.11,403.9199,400.97,401.88,5308981.374976001
1772474400,401.855,402.5995,400.22,400.28,4539468.977298
1772478000,400.29,402.87,400.1,402.425,4192131.1760419984
1772481600,402.39,403.49,398.91,403.375,8787418.457821999
1772485200,403.27,403.749,402.79,403.27,299766.46825800004
1772488800,403.09,403.32,402.85,403.1133,56271.314366
1772492400,403.1,403.14,402.4,403.0,72828.171011
1772496000,402.86,403.15,402.5,402.95,79709.62696600001
1772499600,402.55,403.58,401.0,401.1,49068.0
1772503200,401.09,401.21,399.6,400.47,52791.0
1772506800,400.49,400.75,399.38,399.99,37331.0
1772510400,399.99,400.27,399.01,399.14,33541.0
1772514000,399.19,399.65,397.23,397.87,40089.0
1772517600,397.85,398.07,396.49,397.29,43367.0
1772521200,397.24,397.32,395.41,395.68,51007.0
1772524800,395.58,395.78,392.98,393.68,122664.0
1772528400,393.55,396.24,390.88,391.0,186278.0
1772532000,391.19,392.1,390.07,391.41,160051.0
1772535600,391.6,394.03,390.83,393.0,145795.0
1772539200,393.17,397.39,393.05,395.49,254082.0
1772542800,395.41,399.54,390.16,393.35,918990.6801710001
1772546400,395.08,396.34,389.64,390.64,9234090.919235
1772550000,390.49,392.58,385.39,387.54,12855235.345759999
1772553600,387.56,393.56,387.24,391.745,9349935.749143
1772557200,391.565,392.63,389.08,391.16,5969785.874928998
1772560800,391.165,394.77,390.99,392.71,5519802.281097001
1772564400,392.9,394.7,391.0,393.65,5464965.809862999
1772568000,393.515,394.45,391.61,392.615,7750114.544414
1772571600,392.43,392.79,391.0424,391.5,872918.8739590003
1772575200,391.41,391.79,391.39,391.57,47613.366938999985
1772578800,391.57,391.61,390.56,390.6,110430.50521500004
1772582400,390.62,391.98,390.25,391.29,118059.19064
1772586000,391.64,393.14,388.09,390.11,85157.0
1772589600,390.26,390.59,388.49,388.89,46034.0
1772593200,388.91,388.91,386.09,387.28,107562.0
1772596800,387.29,389.2,387.25,387.78,46535.0
1772600400,387.73,388.44,386.99,387.76,39442.0
1772604000,387.71,387.98,386.08,387.65,43615.0
1772607600,387.62,390.5,386.73,389.74,57235.0
1772611200,389.74,391.01,388.81,390.26,62370.0
1772614800,390.4,394.34,388.98,394.08,127298.0
1772618400,394.02,398.37,393.47,396.87,187216.0
1772622000,396.93,402.0,396.93,398.32,269601.0
1772625600,398.32,398.55,395.99,397.59,240126.0
1772629200,399.49,402.0,386.08,400.33,1174302.5652189997
1772632800,400.23,403.47,394.58,397.97,9977565.433
1772636400,398.32,407.8524,398.0,405.14,14758351.535575002
1772640000,405.16,406.96,401.43,406.535,8971250.526111001
1772643600,406.415,407.15,403.38,404.235,6317092.473297001
1772647200,404.21,406.15,403.28,406.1,5839362.907528001
1772650800,406.08,406.84,404.85,405.39,4672216.362086999
1772654400,405.545,408.33,404.75,405.96,10320153.178809
1772658000,405.78,406.7,403.8869,404.98,408913.60732699995
1772661600,405.05,405.84,404.7,405.57,95347.49319200002
1772665200,405.55,405.8,405.0,405.51,72951.36397699999
1772668800,405.65,406.8499,405.33,406.7398,110185.95200500001
1772672400,406.0,408.01,403.36,404.22,63451.0
1772676000,404.25,405.55,403.81,404.89,30708.0
1772679600,404.89,405.06,403.3,403.83,28356.0
1772683200,403.84,405.29,403.54,405.24,16957.0
1772686800,405.27,405.39,404.28,404.29,14459.0
1772690400,404.29,405.31,403.19,405.2,40882.0
1772694000,405.25,405.77,404.41,404.5,23555.0
1772697600,404.5,404.67,403.29,404.19,30747.0
1772701200,404.15,406.87,404.15,405.7,90175.0
1772704800,405.55,406.34,405.21,405.48,46776.0
1772708400,405.54,406.0,405.08,405.11,27357.0
1772712000,405.19,405.83,403.66,404.2,102291.0
1772715600,403.84,406.9,401.86,402.42,531068.2128299999
1772719200,402.0,407.08,400.29,406.59,7473663.431789
1772722800,406.5,407.38,401.77,405.68,8904675.711155
1772726400,405.945,407.5,404.19,407.09,6209014.030542999
1772730000,406.98,408.62,400.752,401.15,7317014.163166001
1772733600,401.16,403.0928,399.42,401.35,5386839.571367
1772737200,401.27,402.78,399.76,400.465,4347170.541273
1772740800,400.42,405.89,400.27,405.59,8174566.531542003
1772744400,405.07,405.98,403.8017,404.47,260685.83185
1772748000,404.44,404.63,404.06,404.48,79236.08921499999
1772751600,404.48,405.94,404.1,404.91,62341.44333
1772755200,404.97,406.1,404.85,405.6,109416.305909
1772758800,405.61,405.76,404.0,404.69,26633.0
1772762400,404.61,405.99,404.57,405.32,19547.0
1772766000,405.3,405.84,404.83,405.79,13917.0
1772769600,405.76,406.71,405.28,406.43,19463.0
1772773200,406.4,406.99,406.35,406.64,22699.0
1772776800,406.69,406.9,405.88,405.99,12528.0
1772780400,406.06,406.79,406.06,406.73,18389.0
1772784000,406.73,406.75,405.41,406.14,24623.0
1772787600,405.71,406.28,402.88,403.68,96186.0
1772791200,403.81,405.43,403.79,404.38,75753.0
1772794800,404.2,404.41,402.5,402.76,71295.0
1772798400,402.97,403.43,401.85,401.98,107473.0
1772802000,402.54,406.98,397.8,399.39,885031.9909389998
1772805600,398.34,399.3,394.21,396.23,9412020.262732001
1772809200,396.06,399.12,395.41,398.325,12122609.760137996
1772812800,398.34,401.41,397.66,399.72,10048607.808341999
1772816400,399.595,400.1,397.14,398.32,6389371.956614001
1772820000,398.32,402.35,397.95,398.55,7052217.558952
1772823600,398.67,400.23,398.3,400.04,4670330.568065002
1772827200,400.065,400.83,396.19,396.62,8771200.388787
1772830800,396.13,396.86,395.88,396.34,312649.5390579999
1772834400,396.3501,396.5,395.79,395.85,69833.30866299997
1772838000,395.8,396.2088,395.8,396.0701,35628.96717
1772841600,396.08,396.1,394.5,394.69,155913.19246799996
1773014400,393.94,394.78,386.68,387.3,196297.0
1773018000,387.44,387.73,385.43,385.72,180296.0
1773021600,385.77,387.33,385.7,387.01,85809.0
1773025200,386.96,387.88,386.49,387.43,54513.0
1773028800,387.46,388.19,386.27,386.52,48570.0
1773032400,386.51,390.56,386.1,390.44,69683.0
1773036000,390.49,391.5,389.21,389.66,74937.0
1773039600,389.57,390.23,388.48,388.84,44805.0
1773043200,389.66,390.86,388.19,390.32,167542.0
1773046800,390.38,394.3,390.3,392.5,122464.0
1773050400,392.54,392.78,390.5,390.9,90217.0
1773054000,391.0,391.48,388.48,389.16,228273.0
1773057600,389.7,394.37,386.11,390.05,644074.0392580001
1773061200,389.915,392.99,383.0401,384.76,9940556.777881
1773064800,384.48,386.36,381.4,385.66,12759288.585107
1773068400,385.88,389.95,385.7,389.54,7727667.329987
1773072000,389.56,390.99,388.2,390.06,6816499.023070997
1773075600,390.02,390.63,388.51,390.1,5293786.377067999
1773079200,390.07,393.73,389.66,392.345,6165534.377162002
1773082800,392.285,401.59,391.7,398.63,13055006.849276006
1773086400,398.1,398.96,397.14,398.1,391491.11649600026
1773090000,397.9,398.2,397.6307,397.75,90537.67838099998
1773093600,397.85,398.0,396.1,396.92,142093.35367500005
1773097200,397.0,397.3,396.52,396.8,101180.18422100005
1773100800,396.54,398.12,395.55,397.3,40480.0
1773104400,397.3,398.93,397.11,398.65,29701.0
1773108000,398.66,399.17,397.01,397.23,31386.0
1773111600,397.23,398.0,396.13,397.02,24803.0
1773115200,397.03,397.79,396.39,397.4,14824.0
1773118800,397.4,397.89,397.17,397.72,15224.0
1773122400,397.72,398.31,397.6,397.93,20413.0
1773126000,397.89,399.93,397.62,399.8,42593.0
1773129600,399.22,402.27,399.22,402.13,153673.0
1773133200,402.1,404.4,402.05,403.9,126339.0
1773136800,403.92,403.93,402.0,402.48,102520.0
1773140400,402.41,403.25,400.35,400.84,162705.0
1773144000,399.75,404.228,396.5,401.13,621608.0580530001
1773147600,401.22,406.59,400.5,406.0,9850945.928937
1773151200,406.03,406.25,400.8501,404.76,11030063.760809997
1773154800,404.75,406.1,401.86,402.74,7551464.169704
1773158400,402.53,403.75,400.95,403.57,6374350.209142998
1773162000,403.49,404.19,401.11,402.07,6135312.331529998
1773165600,402.07,402.32,398.19,400.605,7384918.683822999
1773169200,400.76,401.95,398.27,399.2,6827360.263168001
1773172800,399.235,402.0268,398.93,400.14,1039063.6174390005
1773176400,400.14,400.2,399.85,400.1,53044.80260199998
1773180000,400.02,400.1,399.21,399.3,65306.934844
1773183600,399.3,399.88,399.23,399.75,53919.268673000006
1773187200,400.58,401.3,399.66,400.6,43632.0
1773190800,400.68,401.44,400.47,401.36,26409.0
1773194400,401.36,401.36,400.63,400.93,17247.0
1773198000,400.98,401.35,400.77,401.02,15139.0
1773201600,401.01,401.31,400.89,400.98,14442.0
1773205200,400.98,401.02,399.83,399.89,25257.0
1773208800,399.89,400.63,399.5,400.01,19154.0
1773212400,400.13,400.17,398.01,398.15,38421.0
1773216000,398.2,399.68,398.2,399.08,47796.0
1773219600,399.06,399.06,397.9,398.41,40139.0
1773223200,398.14,401.51,398.04,400.7,120246.0
1773226800,400.84,401.34,400.0,400.2,54575.0
1773230400,400.37,401.68,397.94,400.37,428442.1968319999
1773234000,400.69,412.47,399.75,412.38,12231791.636678997
1773237600,412.5,416.3799,409.48,410.48,13640328.227542004
1773241200,410.62,411.585,406.33,407.04,8840183.941024998
1773244800,406.85,408.66,406.23,407.335,5830312.218845998
1773248400,407.31,408.35,404.78,405.94,5838337.556275
1773252000,405.93,406.81,403.95,406.16,4786891.444865999
1773255600,406.34,408.25,405.35,407.83,7191217.017262998
1773259200,407.73,407.98,407.3509,407.56,311706.99249999993
1773262800,407.56,407.68,407.44,407.56,51300.398709999994
1773266400,407.56,407.65,406.25,406.3805,180039.08037499993
1773270000,406.4,406.5238,404.0,404.8097,178026.19082300004
1773273600,405.02,406.1,404.16,405.34,36843.0
1773277200,405.35,406.67,404.81,405.45,34300.0
1773280800,405.5,405.76,404.12,404.63,34662.0
1773284400,404.63,405.51,404.03,404.72,38361.0
1773288000,404.7,405.11,404.13,404.27,21699.0
1773291600,404.28,405.38,404.21,405.38,16765.0
1773295200,405.35,405.71,404.91,405.59,23882.0
1773298800,405.61,406.4,405.6,405.87,24127.0
1773302400,406.03,407.68,405.36,407.49,68303.0
1773306000,407.5,409.2,406.5,409.15,69165.0
1773309600,409.13,409.29,408.06,408.06,65914.0
1773313200,408.01,408.85,407.71,407.93,82714.0
1773316800,407.05,409.2847,404.13,407.05,439533.2570309999
1773320400,407.51,408.3,400.34,400.835,7622087.970303
1773324000,400.84,402.41,394.65,395.66,13237886.020613998
1773327600,395.83,399.04,395.32,398.25,8421852.286158001
1773331200,398.32,400.9,396.94,399.73,7141944.556271999
1773334800,399.85,401.05,396.2501,397.24,6039729.067538
1773338400,397.335,398.6,396.71,397.05,4849686.677148
1773342000,396.99,398.129,394.98,395.02,8325809.319856
1773345600,395.37,395.5,394.5404,395.37,429010.568958
1773349200,394.9991,395.2,394.85,394.9054,83064.77843800001
1773352800,394.93,395.97,394.85,395.8,119067.235444
1773356400,395.8495,396.24,395.29,395.7,116419.73106799996
1773360000,395.66,398.11,395.25,397.4,57101.0
1773363600,397.45,398.03,397.1,397.49,40826.0
1773367200,397.51,397.75,396.79,396.79,22159.0
1773370800,396.86,397.6,396.63,397.29,19325.0
1773374400,397.35,397.39,396.34,396.71,14697.0
1773378000,396.62,397.24,396.32,396.94,12343.0
1773381600,396.94,397.18,395.1,395.43,33512.0
1773385200,395.38,395.65,393.8,394.74,73411.0
1773388800,394.77,397.37,393.81,397.01,69510.0
1773392400,396.95,397.5,396.3,396.98,39361.0
1773396000,396.92,398.31,396.92,397.62,68290.0
1773399600,397.62,398.9,397.24,398.59,96145.0
1773403200,399.92,400.21,393.8,399.8,646314.4725669998
1773406800,399.93,400.49,395.51,398.49,7811540.475655999
1773410400,398.525,399.1999,392.37,392.715,10565779.042896
1773414000,392.565,395.96,392.22,393.49,8479161.242042001
1773417600,393.44,395.9599,393.22,394.66,6687689.464364
1773421200,394.635,395.835,392.49,393.18,5850528.773323
1773424800,393.19,393.96,392.12,393.13,5546028.847908
1773428400,393.19,393.21,389.95,391.12,9690120.510003002
1773432000,391.2,391.2,389.85,390.0991,333012.74069999997
1773435600,390.08,390.49,389.85,390.4007,132250.30106699996
1773439200,390.4174,390.61,390.1878,390.3652,76879.452167
1773442800,390.36,390.39,389.7001,389.8,105780.53329599998
1773619200,390.08,395.39,390.08,394.42,115725.0
1773622800,394.4,394.65,392.31,393.77,58652.0
1773626400,393.76,393.93,393.11,393.51,20753.0
1773630000,393.49,394.5,393.44,394.34,25687.0
1773633600,394.33,394.72,393.8,393.87,21590.0
1773637200,393.9,394.44,393.55,394.43,31106.0
1773640800,394.43,395.01,394.13,394.96,28537.0
1773644400,395.01,395.17,394.29,394.52,29227.0
1773648000,394.11,395.7,393.38,395.13,83180.0
1773651600,395.06,395.16,394.13,394.39,44657.0
1773655200,394.2,396.13,394.0,395.81,76735.0
1773658800,395.76,395.87,394.68,395.28,100966.0
1773662400,395.49,397.01,391.2,396.52,541161.1839680002
1773666000,396.81,401.08,394.976,400.97,8223471.216827999
1773669600,400.97,403.73,399.95,400.92,11750035.413937997
1773673200,400.93,401.065,398.2,398.33,7019473.695158999
1773676800,398.265,398.8,396.45,397.41,7035907.439820001
1773680400,397.345,398.34,396.42,396.65,4985474.994162
1773684000,396.55,398.43,396.53,397.145,4758694.988331001
1773687600,397.16,399.25,394.42,395.64,8124161.9295379985
1773691200,395.3,395.5965,393.66,394.48,407248.132031
1773694800,395.0,395.42,394.87,395.3,92097.283262
1773698400,395.29,395.29,394.77,394.9494,90053.99218500001
1773702000,394.95,395.46,394.91,395.4512,83331.354668
1773705600,395.54,396.09,394.7,394.96,40707.0
1773709200,394.97,395.12,394.25,394.7,34457.0
1773712800,394.73,394.92,394.49,394.67,27169.0
1773716400,394.67,395.06,394.5,394.61,19435.0
1773720000,394.61,395.34,394.59,395.04,15107.0
1773723600,395.04,395.37,394.1,394.18,38495.0
1773727200,394.21,394.37,393.17,393.37,51564.0
1773730800,393.39,394.15,393.09,393.71,30470.0
1773734400,393.71,394.6,393.5,394.0,50734.0
1773738000,394.08,395.09,394.0,395.03,30134.0
1773741600,394.8,395.1,394.3,395.0,42467.0
1773745200,394.96,395.37,393.85,393.88,66512.0
1773748800,395.88,396.15,393.1,395.88,479960.7686380001
1773752400,396.18,398.0,393.0,397.57,7396613.8583229985
1773756000,397.9,400.12,396.4501,398.905,9711501.410328
1773759600,398.915,399.37,395.75,397.11,6305363.8372329995
1773763200,397.04,397.93,395.9,397.36,4617004.793258
1773766800,397.445,399.6299,396.88,399.2,4933794.252331001
1773770400,399.255,399.64,397.15,397.785,4536808.369433999
1773774000,397.775,399.35,397.7201,399.285,5988381.8124589985
1773777600,399.09,399.35,398.55,399.06,301921.7291770002
1773781200,399.06,399.0677,398.7044,398.78,39777.063158999976
1773784800,398.77,398.85,398.5,398.7066,44874.85655199999
1773788400,398.71,398.98,398.54,398.98,53847.81138199999
1773792000,398.61,400.0,398.6,400.0,30288.0
1773795600,400.0,400.56,399.89,400.15,36882.0
1773799200,400.19,400.76,400.1,400.52,29358.0
1773802800,400.56,400.7,400.29,400.49,18502.0
1773806400,400.48,400.6,400.3,400.5,17058.0
1773810000,400.47,401.15,400.41,401.08,32236.0
1773813600,401.14,402.85,401.14,402.35,44155.0
1773817200,402.34,402.8,401.96,401.97,25882.0
1773820800,401.88,402.66,401.17,402.47,57596.0
1773824400,402.53,403.0,402.22,402.36,37839.0
1773828000,402.41,402.88,401.81,401.81,38499.0
1773831600,401.81,402.1,400.91,401.39,91214.0
1773835200,400.65,402.98,396.75,397.21,721006.3205220001
1773838800,396.75,403.065,396.73,402.92,7821637.615440998
1773842400,402.93,403.06,397.57,398.315,9125656.524728999
1773846000,398.295,399.8,397.34,398.26,6102128.553966002
1773849600,398.11,398.66,396.7657,397.46,4814768.475059
1773853200,397.46,398.06,396.2,397.64,3927748.0526740006
1773856800,397.725,398.55,394.9,395.0,6472915.976905999
1773860400,394.96,395.94,392.31,392.79,8356941.473195
1773864000,392.78,396.9544,392.15,392.98,463616.785983
1773867600,393.05,393.66,393.0,393.3002,150771.02261999997
1773871200,393.3,393.3,392.6,393.11,100375.737111
1773874800,393.18,393.48,392.91,393.22,87626.378967
1773878400,393.51,394.01,392.96,393.52,37003.0
1773882000,393.56,394.19,393.36,393.87,31946.0
1773885600,393.8,394.99,393.52,394.41,43093.0
1773889200,394.41,394.75,393.6,393.64,17531.0
1773892800,393.62,393.77,392.92,393.1,30046.0
1773896400,393.22,393.69,392.76,392.95,17737.0
1773900000,392.95,393.66,392.74,392.96,16574.0
1773903600,392.99,393.13,392.09,392.09,39652.0
1773907200,392.34,393.1,390.2,390.93,128482.0
1773910800,391.0,392.85,390.1,392.52,113278.0
1773914400,392.43,392.745,390.71,391.2,86951.0
1773918000,391.19,391.4,389.64,390.45,167860.0
1773921600,388.83,393.77,385.03,388.86,930746.1967559998
1773925200,385.77,387.6,379.7232,383.08,11399224.449945
1773928800,383.02,384.15,379.79,381.3,12320863.903753
1773932400,381.34,384.22,380.82,382.075,8019306.589650999
1773936000,382.03,383.65,380.85,382.34,6179910.3121030005
1773939600,382.34,382.45,380.2,381.52,5098448.922631
1773943200,381.45,382.9,378.73,381.15,7583607.515474
1773946800,381.2,384.95,380.05,380.26,11179738.395779
1773950400,380.3,381.6936,379.89,381.46,387185.134834
1773954000,381.5,382.15,381.46,382.15,99313.38314800002
1773957600,382.1506,382.63,381.72,382.44,133340.650583
1773961200,382.43,382.87,382.0,382.582,118973.95955499998
1773964800,382.5,383.7,382.24,382.8,57785.0
1773968400,382.79,383.41,382.69,382.88,41152.0
1773972000,382.9,383.22,382.74,382.74,25178.0
1773975600,382.73,382.82,382.38,382.76,24740.0
1773979200,382.76,382.87,381.56,382.14,34355.0
1773982800,382.16,382.4,381.64,382.07,35097.0
1773986400,382.12,382.34,380.39,380.96,44405.0
1773990000,380.9,382.38,380.17,381.79,46651.0
1773993600,383.35,384.56,382.0,383.22,82388.0
1773997200,383.17,383.39,379.74,380.08,127070.0
1774000800,380.02,380.02,376.23,378.48,241716.0
1774004400,378.53,379.61,377.84,378.055,126132.0
1774008000,378.47,384.55,376.23,380.46,554491.983674
1774011600,380.63,382.35,370.74,371.17,12716318.541070998
1774015200,371.12,373.78,369.9,372.845,11879193.716728995
1774018800,372.9,377.0,372.59,375.79,8104459.122539999
1774022400,375.74,376.96,373.62,374.63,7316028.596968999
1774026000,374.825,375.12,371.15,371.82,5891906.304010001
1774029600,371.87,371.95,367.735,368.28,8271259.650983999
1774033200,368.47,368.71,364.4601,368.025,13832362.92267
1774036800,368.1,368.95,367.69,368.1,1077624.7629580002
1774040400,368.93,372.69,368.27,372.6,523345.7948150002
1774044000,372.51,373.15,371.14,371.32,233779.68161600002
1774047600,371.32,372.25,370.6,372.25,167250.63955
1774224000,368.55,372.2,361.59,362.91,262809.0
1774227600,362.88,365.4,362.31,364.04,151607.0
1774231200,364.0,364.45,362.9,363.34,88451.0
1774234800,363.41,363.59,362.03,362.06,63732.0
1774238400,362.06,363.41,361.86,363.16,63434.0
1774242000,363.13,363.68,361.65,362.11,72538.0
1774245600,362.11,362.11,358.75,358.98,160508.0
1774249200,359.0,360.29,357.67,359.11,125274.0
1774252800,359.12,362.84,359.11,360.7,201621.0
1774256400,360.7,361.0,357.79,358.36,262513.0
1774260000,358.4,359.0,356.88,358.38,234245.0
1774263600,358.41,373.2,358.37,367.7,1506339.0
1774267200,368.54,373.2,356.82,371.49,2259208.1945119984
1774270800,371.32,382.39,370.43,381.89,12439541.003680997
1774274400,381.92,384.65,380.67,383.45,12593234.139028002
1774278000,383.395,385.33,378.0301,378.35,11139498.849783
1774281600,378.2,380.47,377.307,378.31,8178454.287328999
1774285200,378.48,380.9196,376.47,380.29,6474536.635422
1774288800,380.255,382.25,379.3,381.81,6026385.345072001
1774292400,381.81,381.95,380.22,380.78,7817426.875195998
1774296000,380.85,381.6,380.29,381.05,273086.89602000004
1774299600,380.963,381.23,380.85,381.14,63103.652117000005
1774303200,381.15,381.9,380.74,381.75,73773.762247
1774306800,381.73,382.0,381.24,381.99,112702.643326
1774310400,382.0,382.03,378.55,378.87,62165.0
1774314000,378.81,378.92,376.85,377.72,71741.0
1774317600,377.77,378.13,376.79,377.48,38591.0
1774321200,377.51,378.56,377.25,378.52,16522.0
1774324800,378.51,379.11,378.15,378.59,24947.0
1774328400,378.69,379.25,377.49,378.84,15176.0
1774332000,378.84,380.92,378.82,380.24,42792.0
1774335600,380.18,383.9,380.18,382.07,67463.0
1774339200,382.62,383.9,379.45,379.69,119964.0
1774342800,379.55,381.54,378.5,381.19,69470.0
1774346400,381.14,381.8,380.27,381.0,39162.0
1774350000,381.0,381.06,379.2,380.5,74977.0
1774353600,378.84,383.89,377.5,378.42,473326.2868350002
1774357200,377.8,386.24,376.0,383.03,9854144.791049998
1774360800,383.03,387.48,382.72,385.72,12226990.017965002
1774364400,385.74,387.23,382.38,382.68,7576565.844508998
1774368000,382.58,384.37,381.68,382.9,5210293.407130997
1774371600,383.02,383.22,379.68,381.38,6127057.341375003
1774375200,381.49,386.45,381.11,384.59,6997625.559635002
1774378800,384.56,385.535,382.3,383.15,7840441.120390998
1774382400,386.18,386.78,382.8,385.76,519802.78482899995
1774386000,385.7,386.2,385.27,385.71,117950.537611
1774389600,385.68,386.32,385.44,386.26,100584.569165
1774393200,386.21,386.75,385.8,386.73,111890.91895800001
1774396800,386.48,392.38,385.81,390.22,210083.0
1774400400,390.26,390.66,389.01,389.01,68659.0
1774404000,389.09,389.09,387.03,387.06,57068.0
1774407600,387.09,388.21,386.51,387.99,33505.0
1774411200,387.99,389.25,387.93,388.85,31123.0
1774414800,388.81,389.11,388.15,388.26,33795.0
1774418400,388.24,388.37,386.99,387.9,42904.0
1774422000,387.84,388.71,387.57,388.29,31395.0
1774425600,388.5,390.75,388.0,389.49,121355.0
1774429200,389.54,390.0,388.52,389.42,63346.0
1774432800,389.32,389.87,388.8,389.2,56361.0
1774436400,389.0,390.8,389.0,390.53,158876.0
1774440000,390.55,392.5448,387.0,391.25,891168.853981
1774443600,390.99,396.24,389.28,391.88,9595294.323243001
1774447200,391.99,394.83,390.5,393.2,8924663.735850997
1774450800,393.22,393.5999,388.275,388.79,9006652.070171002
1774454400,388.82,390.16,387.6,389.32,6191469.789520999
1774458000,389.34,389.75,387.33,388.24,5617609.894004
1774461600,388.295,388.9184,385.4701,386.25,5328360.272352002
1774465200,386.17,386.97,385.01,385.98,6737936.236244
1774468800,385.95,386.35,385.2,385.9,243003.0447039999
1774472400,385.91,386.36,385.7,386.1,69201.150904
1774476000,386.0,386.13,385.321,385.4,86554.97409999998
1774479600,385.4,385.9798,385.0,385.35,103633.17018100002
1774483200,385.0,387.52,385.0,386.57,45764.0
1774486800,386.57,386.76,385.71,386.35,18955.0
1774490400,386.36,386.82,383.25,384.34,46284.0
1774494000,384.24,386.66,384.07,386.26,29000.0
1774497600,386.26,386.35,384.92,385.01,17241.0
1774501200,385.02,385.27,383.9,384.07,23700.0
1774504800,384.0,385.0,383.85,384.66,22497.0
1774508400,384.63,384.63,383.3,383.6,33860.0
1774512000,383.8,384.89,380.7,381.69,126372.0
1774515600,381.82,381.85,379.7,381.24,105963.0
1774519200,381.04,381.89,380.61,381.54,79030.0
1774522800,381.59,382.2,380.44,380.8,114285.0
1774526400,381.52,386.27,379.69,380.57,549779.4663069998
1774530000,381.13,384.44,379.48,384.13,7385974.222866001
1774533600,384.1,384.3,377.98,379.64,9610201.420398997
1774537200,379.71,381.09,378.9,379.765,5968001.489853001
1774540800,379.48,379.8563,376.43,377.67,6215446.449773999
1774544400,377.71,378.0999,374.61,374.85,5570535.061633999
1774548000,374.92,375.84,374.28,374.54,5529209.238539998
1774551600,374.395,374.78,371.87,372.025,9301572.821871001
1774555200,372.25,376.8902,371.2,373.4,683959.6674139999
1774558800,373.4,374.5,373.4,373.74,112298.416655
1774562400,373.65,374.62,373.58,374.28,97150.08882399998
1774566000,374.32,374.42,373.88,374.25,112071.935009
1774569600,374.65,374.99,372.49,373.11,51959.0
1774573200,373.08,374.64,372.99,374.2,41583.0
1774576800,374.27,374.8,374.21,374.61,28720.0
1774580400,374.62,376.52,374.17,375.75,32835.0
1774584000,375.72,376.42,375.26,376.42,28672.0
1774587600,376.39,377.79,376.3,376.56,38393.0
1774591200,376.53,376.65,375.23,375.32,26675.0
1774594800,375.3,375.42,374.3,374.94,32194.0
1774598400,375.3,375.8,372.8,373.09,91032.0
1774602000,373.0,373.5,370.62,371.04,134173.0
1774605600,371.01,372.06,369.22,369.74,88279.0
1774609200,369.83,371.16,368.84,370.2,119913.0
1774612800,369.86,377.78,368.8109,369.87,511468.1353140002
1774616400,369.81,372.11,361.37,362.76,9664833.930988997
1774620000,362.235,366.0,361.93,365.345,9779702.406766001
1774623600,365.33,368.33,364.6,366.85,7402930.359149998
1774627200,366.875,366.97,363.15,363.84,5573263.732432001
1774630800,363.85,364.72,359.55,359.68,7878405.125883
1774634400,359.88,362.14,359.53,360.67,6701925.293693003
1774638000,360.795,362.62,359.47,361.8,9837494.495452
1774641600,361.7585,362.61,360.9,360.9,366508.100532
1774645200,360.9,361.4615,360.7,360.9,165217.88702300008
1774648800,361.0,361.02,360.35,360.56,94793.336968
1774652400,360.56,360.7399,360.04,360.4988,120807.22528000003
1774828800,362.99,362.99,355.0,356.34,187448.0
1774832400,356.4,358.01,356.32,357.99,66245.0
1774836000,357.93,359.49,357.6,358.83,61971.0
1774839600,358.88,360.69,358.73,360.4,44825.0
1774843200,360.48,361.92,360.2,360.94,40712.0
1774846800,360.84,362.2,360.84,361.64,26198.0
1774850400,361.59,363.68,361.51,362.95,45623.0
1774854000,362.95,364.12,362.31,363.99,38313.0
1774857600,363.88,365.26,360.26,364.49,325151.22525300016
1774861200,364.5,364.5,362.2,363.07,95964.99550500001
1774864800,363.02,363.38,361.99,362.33,61881.850408000006
1774868400,362.3307,365.2,362.14,364.09,277176.71626799996
1774872000,364.4,365.65,363.52,365.64,280508.933164
1774875600,365.66,367.3,362.04,363.185,8064671.733649
1774879200,363.065,365.09,360.71,364.38,9351870.704273
1774882800,364.4,365.47,361.29,363.195,7920891.683836998
1774886400,363.325,363.44,359.57,360.315,6849912.352769999
1774890000,360.405,360.92,356.4,357.31,8038098.350818998
1774893600,357.28,357.43,354.56,354.76,8583425.790386003
1774897200,354.775,355.64,352.14,355.32,11767773.926187998
1774900800,355.28,358.7892,354.66,355.06,421650.9707469999
1774904400,355.0,355.14,353.76,353.94,111969.56826899998
1774908000,353.97,354.8,353.34,353.64,115135.37326099999
1774911600,353.6,353.83,352.02,352.12,186450.23334999997
1774915200,354.91,358.18,351.24,356.1,120212.0
1774918800,356.19,361.3,355.98,359.32,149260.0
1774922400,359.26,360.49,358.63,359.37,58829.0
1774926000,359.38,360.23,357.76,357.84,52415.0
1774929600,357.86,358.19,356.61,356.79,44281.0
1774933200,356.81,358.91,355.74,358.27,41692.0
1774936800,358.26,358.39,357.4,357.93,37862.0
1774940400,357.93,359.77,357.25,359.77,38638.0
1774944000,359.3,360.18,355.75,357.7,339096.19164
1774947600,357.7,358.5,356.0,356.45,120219.58296799997
1774951200,356.5,357.25,355.8,356.79,70437.141264
1774954800,356.78,359.48,356.45,358.82,281816.827333
1774958400,358.81,360.77,358.0,360.67,419501.25710000005
1774962000,360.01,365.4199,359.77,364.17,9415602.918532997
1774965600,364.55,366.1,361.72,362.89,10566872.760521004
1774969200,362.86,365.94,362.42,362.59,7836003.043208998
1774972800,362.47,371.86,362.38,370.265,8830595.243975
1774976400,370.265,372.7,368.01,368.24,8789870.729252
1774980000,368.51,373.33,368.24,372.37,6832925.313379997
1774983600,372.41,373.29,370.7101,371.7,9810418.043865003
1774987200,371.75,373.25,363.95,372.56,3344007.156913999
1774990800,372.513,372.88,372.14,372.4,65547.926199
1774994400,372.4,373.65,372.23,373.07,108919.638959
1774998000,373.07,375.0,372.87,374.9997,157575.07209499995
1775001600,374.79,376.86,374.29,376.45,97948.0
1775005200,376.46,376.48,373.51,374.16,62980.0
1775008800,374.15,374.42,373.89,374.0,23355.0
1775012400,374.0,374.75,373.93,374.52,20451.0
1775016000,374.52,375.53,374.12,375.44,20901.0
1775019600,375.46,376.47,375.32,375.8,42635.0
1775023200,375.88,379.67,375.69,378.75,116358.0
1775026800,378.78,379.37,377.09,377.22,91188.0
1775030400,378.1,379.65,374.18,377.37,523404.727086
1775034000,377.36,377.66,374.87,376.75,125805.789599
1775037600,377.05,377.92,376.33,377.48,69164.619187
1775041200,377.5,381.15,377.2,380.0269,509811.60474800004
1775044800,380.1,380.74,377.71,378.14,452281.0877079999
1775048400,377.7,379.5,371.75,374.88,7845722.282478
1775052000,375.13,381.75,374.25,381.57,11749462.309763003
1775055600,381.59,383.14,380.435,382.34,7536964.734953001
1775059200,382.355,382.73,381.04,381.55,4739341.417590002
1775062800,381.5,382.24,379.57,379.66,4074095.071292
1775066400,379.69,379.81,377.02,378.84,6325853.584439001
1775070000,378.77,381.53,378.665,381.31,8815807.797379
1775073600,381.25,381.37,380.16,380.83,1375333.0210999998
1775077200,380.92,381.25,380.8,380.99,60282.20722300002
1775080800,381.0,381.25,380.2591,380.61,105827.20232700002
1775084400,380.6457,380.9,380.25,380.9,87190.834265
1775088000,381.44,381.82,379.8,381.74,54165.0
1775091600,381.75,381.75,372.76,374.27,299085.0
1775095200,374.26,375.68,372.23,374.82,118576.0
1775098800,374.79,374.79,372.69,373.06,58965.0
1775102400,373.1,373.39,370.88,371.52,81741.0
1775106000,371.69,372.15,370.11,370.23,69433.0
1775109600,370.27,372.58,370.26,372.44,45045.0
1775113200,372.52,373.65,371.64,373.36,54012.0
1775116800,373.03,376.0,370.16,373.12,412058.10168100003
1775120400,373.25,373.73,372.67,372.96,56935.445618999984
1775124000,372.85,373.1,371.47,372.62,85064.83434400003
1775127600,372.61,372.95,371.18,371.2531,300881.608743
1775131200,370.83,373.0,368.32,370.61,526046.223908
1775134800,369.13,369.66,363.02,365.445,11349119.006426001
1775138400,365.51,370.28,363.65,367.3,15481219.952901
1775142000,367.3,368.01,364.48,365.455,7677159.186575997
1775145600,365.465,366.46,363.37,364.31,6696249.035532
1775149200,364.425,366.29,359.61,359.79,10356881.474261004
1775152800,360.0,360.97,359.1401,359.94,9044061.713198
1775156400,359.9,361.5,359.03,360.47,10601791.974312
1775160000,360.63,361.47,359.93,361.03,3460283.0961949998
1775163600,361.05,361.65,360.9001,361.22,188022.78886000003
1775167200,361.32,361.78,361.26,361.4565,120180.74286399999
1775170800,361.45,361.62,361.19,361.2591,163847.84651099998
1775433600,359.0,363.72,357.79,363.66,151668.0
1775437200,363.69,364.31,361.89,362.21,85544.0
1775440800,362.2,364.51,362.16,363.19,79681.0
1775444400,363.13,363.22,361.83,362.61,59397.0
1775448000,362.6,363.64,362.42,363.45,20875.0
1775451600,363.45,364.0,362.76,363.21,30263.0
1775455200,363.14,363.9,362.8,363.7,31861.0
1775458800,363.76,364.96,362.91,364.9,44626.0
1775462400,364.95,367.66,362.44,366.5,397793.54425499984
1775466000,366.41,366.88,365.05,365.25,107569.09936700002
1775469600,365.47,366.15,364.8875,365.02,101212.93897599999
1775473200,365.0,365.06,363.413,363.687,304239.859531
1775476800,364.24,364.48,363.5692,364.24,226551.783833
1775480400,362.0,367.72,361.4424,363.54,8359054.018145999
1775484000,363.065,364.55,355.6001,355.68,12345635.113385
1775487600,355.65,356.42,352.15,354.425,10863408.466952
1775491200,354.32,354.4,349.7,350.145,10002296.704817
1775494800,350.1,350.29,346.64,347.415,10233267.062343001
1775498400,347.38,351.49,347.11,350.775,8919746.440002002
1775502000,350.92,353.38,350.6,352.75,11174642.467631001
1775505600,352.75,353.2,352.11,352.34,434343.6993619998
1775509200,352.32,352.44,352.12,352.17,100672.77773600002
1775512800,352.11,352.59,350.8,351.05,198367.93871500005
1775516400,351.03,351.31,349.67,349.88,244130.274624
1775520000,350.9,351.82,349.7,351.13,74466.0
1775523600,351.16,351.26,348.07,348.3,79126.0
1775527200,348.35,349.49,348.09,349.43,77957.0
1775530800,349.42,349.6,348.81,349.13,38795.0
1775534400,349.16,350.5,348.87,350.07,39112.0
1775538000,349.97,350.57,348.95,349.5,40878.0
1775541600,349.4,350.24,349.32,350.24,34469.0
1775545200,350.26,350.44,349.59,350.06,31821.0
1775548800,350.01,352.5,348.89,352.14,284132.54134
1775552400,352.18,353.76,352.11,352.94,117990.91789200001
1775556000,353.08,353.27,347.81,349.0,208552.22668199998
1775559600,348.96,349.72,348.0,348.96,351827.1012039999
1775563200,347.31,349.027,347.2,348.78,692229.091792
1775566800,348.16,348.25,342.61,342.86,10993013.471210998
1775570400,342.855,343.25,338.66,338.75,14187699.367699003
1775574000,338.7,339.77,337.24,339.475,9740086.416832
1775577600,339.5,343.11,339.32,341.77,7148332.06056
1775581200,341.685,344.52,340.78,343.14,6416045.986419998
1775584800,343.155,343.42,339.18,340.35,6084938.621684999
1775588400,340.34,346.75,339.92,346.66,9450593.728422001
1775592000,346.65,348.88,341.6352,346.98,1073610.400138
1775595600,347.02,348.85,346.98,348.6739,1204231.9504109998
1775599200,348.7,357.5,348.7,357.39,1368080.9698039999
1775602800,357.1638,361.89,356.49,361.65,1575283.6761329991
1775606400,360.0,362.47,359.01,360.37,208384.0
1775610000,360.35,361.19,360.18,361.08,122772.0
1775613600,361.04,361.76,361.04,361.55,93280.0
1775617200,361.55,362.67,361.45,362.62,84675.0
1775620800,362.63,364.01,362.5,363.1,149251.0
1775624400,363.09,363.94,362.7,363.83,89434.0
1775628000,363.84,364.26,363.35,364.01,78556.0
1775631600,364.01,365.48,363.6,364.61,129748.0
1775635200,364.58,365.49,362.33,362.85,923518.8017429998
1775638800,363.15,363.15,360.75,361.8,223467.287715
1775642400,361.8,363.5,361.64,362.5,189618.491416
1775646000,362.45,363.36,362.0,362.17,527371.9187290001
1775649600,363.42,363.88,361.99,363.8,1217160.0225720003
1775653200,363.86,364.74,352.6,353.055,12971957.302863998
1775656800,353.01,354.5,346.12,348.33,14270941.497773996
1775660400,348.31,348.85,345.21,348.05,9474432.248352002
1775664000,348.07,349.24,345.71,347.81,8201813.113329
1775667600,348.07,348.56,345.59,346.5,5934812.771407
1775671200,346.32,347.99,339.9101,340.15,9321677.196886
1775674800,340.12,343.5,339.67,343.4,10877881.330164999
1775678400,343.28,344.15,342.2,342.5,508517.4185990001
1775682000,342.6,342.85,341.36,341.61,182699.92679499998
1775685600,341.59,342.22,340.55,340.88,199609.57626299997
1775689200,340.91,341.738,340.8,341.17,190917.93398
1775692800,341.49,342.71,340.86,341.94,74201.0
1775696400,341.94,342.34,341.13,342.29,54258.0
1775700000,342.3,344.54,342.28,344.08,102911.0
1775703600,344.09,344.24,342.49,342.85,48513.0
1775707200,342.86,342.95,341.99,342.93,28339.0
1775710800,342.91,343.24,342.37,342.95,30657.0
1775714400,342.95,343.55,342.83,343.41,33785.0
1775718000,343.44,343.6,341.34,341.85,52022.0
1775721600,342.4,343.61,339.7,340.42,419704.431592
1775725200,340.41,342.2,340.34,342.2,84904.06480500003
1775728800,342.19,346.45,342.1,342.7,289906.70313200005
1775732400,342.66,344.32,341.68,343.4,284244.10307
1775736000,342.99,344.3,342.23,342.96,302068.97047199996
1775739600,343.31,345.58,337.32,338.82,9596209.596108003
1775743200,338.805,342.69,337.25,341.965,11111241.929594995
1775746800,341.92,345.84,339.78,345.02,9632394.238688
1775750400,345.07,348.88,344.96,346.94,8577306.152
1775754000,346.9,348.85,346.49,347.83,5196082.407093001
1775757600,347.8,347.9699,344.77,345.4,5801603.194398
1775761200,345.585,346.58,344.49,345.735,7393639.498792
1775764800,345.62,346.31,345.06,345.56,403153.09249099996
1775768400,345.5895,345.75,345.16,345.5002,56853.44246399999
1775772000,345.5,346.25,345.15,345.43,80753.76191399999
1775775600,345.42,345.6,344.82,344.94,95097.47792899997
1775779200,345.36,346.04,344.86,346.04,41464.0
1775782800,346.01,347.55,345.79,346.76,54061.0
1775786400,346.79,347.23,346.25,347.03,29458.0
1775790000,347.03,347.21,346.58,346.88,21949.0
1775793600,346.85,347.2,346.71,347.01,16763.0
1775797200,347.03,347.51,346.79,346.81,20953.0
1775800800,346.83,346.93,345.55,346.0,47299.0
1775804400,345.92,346.51,345.69,346.5,32906.0
1775808000,346.0,347.5,345.5,345.54,209113.03473299998
1775811600,345.6232,346.26,344.51,345.1468,88120.78421700001
1775815200,345.14,346.49,344.78,345.87,70985.75183399998
1775818800,345.93,346.38,345.3,345.415,147190.449007
1775822400,345.39,347.53,345.135,346.905,607928.704723
1775826000,346.83,350.36,344.69,347.135,7622309.879602999
1775829600,347.11,348.05,344.63,346.685,8765504.578829996
1775833200,346.83,347.2899,343.36,343.99,7498756.934939
1775836800,344.05,344.99,342.74,343.575,4996820.547917
1775840400,343.6,346.4,342.86,346.26,4850392.056114
1775844000,346.255,347.25,345.07,345.975,5534541.831269
1775847600,346.04,349.0,345.7,348.86,7001553.007562
1775851200,348.65,349.57,348.5,348.65,462693.39903400006
1775854800,349.44,352.4,349.05,351.38,502586.1861349999
1775858400,351.37,351.69,350.75,351.43,183584.29263499996
1775862000,351.4,351.5,351.12,351.3,168488.08428299997
1776038400,347.08,347.99,340.23,346.12,192692.0
1776042000,346.21,346.61,344.94,345.78,72659.0
1776045600,345.78,346.01,345.12,345.75,33418.0
1776049200,345.75,347.02,345.55,346.38,66435.0
1776052800,346.49,346.9,345.8,346.63,22224.0
1776056400,346.68,346.85,345.67,346.5,27284.0
1776060000,346.5,348.2,346.24,348.13,44399.0
1776063600,348.15,348.29,347.21,347.53,38570.0
1776067200,347.46,348.29,345.69,346.0,277104.304447
1776070800,345.94,346.9,345.94,346.44,62426.733575000006
1776074400,346.44,346.6656,345.35,346.58,72569.460097
1776078000,346.64,347.95,346.08,346.11,191345.70469499996
1776081600,347.13,349.822,345.84,347.34,262754.108984
1776085200,347.44,354.83,347.15,353.93,8709014.451004999
1776088800,353.96,356.35,350.2,352.89,10819907.65698801
1776092400,352.89,352.9,349.75,350.88,5940622.254493
1776096000,350.94,353.53,350.34,352.89,5899018.06174
1776099600,353.01,354.7,352.58,352.78,5782584.291286002
1776103200,352.675,353.05,351.24,351.735,4081594.114443
1776106800,351.76,352.74,350.2601,352.465,7159316.750723001
1776110400,352.42,352.63,351.89,352.56,493626.73488700006
1776114000,352.57,352.85,352.44,352.75,86726.01983799998
1776117600,352.75,353.7,352.52,353.56,129389.761244
1776121200,353.5,353.59,353.21,353.33,111432.45088199998
1776124800,353.43,353.57,351.74,353.09,37829.0
1776128400,353.11,353.53,352.69,353.28,29140.0
1776132000,353.26,354.22,353.18,354.22,26176.0
1776135600,354.21,354.44,353.72,354.24,22969.0
1776139200,354.29,356.37,354.01,356.13,74892.0
1776142800,356.13,356.37,355.14,355.87,32967.0
1776146400,355.87,356.95,355.53,356.64,39718.0
1776150000,356.67,358.54,356.66,357.88,76867.0
1776153600,358.0,359.9,354.02,359.2,478959.4365610001
1776157200,359.09,359.71,358.2,358.34,98195.49724100003
1776160800,358.39,359.16,357.96,358.44,104248.57631700001
1776164400,358.47,359.47,358.11,358.86,261528.303387
1776168000,358.77,359.0,357.64,358.5,286418.322848
1776171600,357.27,361.3,354.77,358.955,9448060.451817002
1776175200,358.965,364.04,357.87,363.305,10962535.0378
1776178800,363.14,366.13,360.9,365.6,7868154.568229998
1776182400,365.64,367.63,364.91,365.03,6577817.954526001
1776186000,365.175,366.119,364.36,364.74,4906340.244194002
1776189600,364.75,364.85,362.54,364.17,5245238.172379002
1776193200,364.07,365.7299,363.47,364.16,6718837.204964001
1776196800,364.11,364.93,362.7848,364.18,2212780.5397449983
1776200400,364.33,364.55,364.25,364.48,57620.084256
1776204000,364.46,364.75,364.32,364.62,82558.06182799999
1776207600,364.6,366.0,364.469,366.0,136814.21854600002
1776211200,366.01,368.0,364.99,367.85,88353.0
1776214800,367.85,369.13,367.29,368.15,114657.0
1776218400,368.15,368.16,365.69,366.48,67862.0
1776222000,366.39,367.68,366.35,367.52,30780.0
1776225600,367.54,368.01,367.04,367.26,43781.0
1776229200,367.21,367.5,364.59,365.66,64904.0
1776232800,365.69,366.4,365.48,365.75,39534.0
1776236400,365.77,366.27,365.58,365.81,25012.0
1776240000,366.02,368.0,364.6,367.5,323524.7207839998
1776243600,367.48,367.75,365.75,365.78,80725.64985300002
1776247200,365.75,366.93,364.21,365.39,121183.30142999999
1776250800,365.41,367.1,365.3,366.9465,293349.68932
1776254400,367.08,367.39,366.0,367.08,272467.71297800005
1776258000,366.71,371.53,362.5,370.53,10658816.539591001
1776261600,370.545,382.13,369.8701,381.35,18823372.608783
1776265200,381.345,394.13,380.21,392.02,25023788.831702
1776268800,391.93,394.4799,386.7,387.58,15962266.774652002
1776272400,387.68,389.78,386.09,388.29,10221841.741019998
1776276000,387.94,391.32,387.2006,390.245,9236458.491043003
1776279600,390.3,394.65,389.84,392.0,14202869.766035002
1776283200,392.11,393.64,390.62,392.61,1822605.848641
1776286800,393.26,393.4,392.0,392.35,174206.82475600005
1776290400,392.34,393.5,392.12,393.35,184194.07358499998
1776294000,393.3609,394.31,393.25,393.574,299282.346358
1776297600,393.59,396.81,392.61,395.65,222225.0
1776301200,395.61,396.6,394.89,396.29,132420.0
1776304800,396.27,396.66,394.04,394.9,126711.0
1776308400,394.88,395.9,394.44,395.65,52348.0
1776312000,395.65,396.01,394.63,394.71,53085.0
1776315600,394.76,395.37,394.3,395.1,47069.0
1776319200,395.09,396.12,394.88,396.07,66658.0
1776322800,396.01,397.79,395.51,396.65,109997.0
1776326400,397.35,398.33,394.3,397.32,656100.3489240002
1776330000,397.2,397.59,396.42,396.7,152816.73579600005
1776333600,396.7,397.24,393.23,394.86,312142.8478139999
1776337200,394.9,396.5092,394.2,396.25,439297.700114
1776340800,396.33,396.46,393.81,394.32,553424.2265829999
1776344400,394.44,394.71,381.8,382.92,13438921.896412997
1776348000,383.0,387.4299,382.35,384.56,11612275.006863995
1776351600,384.62,390.58,384.575,389.755,9389897.861739
1776355200,389.89,390.68,386.7,388.42,5942915.189253002
1776358800,388.425,389.2321,387.3,387.93,4447603.1222359985
1776362400,388.04,388.88,385.2001,387.995,5857928.503907002
1776366000,388.04,390.0,387.17,388.76,6413185.271187999
1776369600,388.55,389.13,387.52,388.23,520684.80351899995
1776373200,388.24,388.41,387.96,387.98,82509.978048
1776376800,388.0,388.7899,387.8,387.88,77037.27133500001
1776380400,387.9139,388.2,387.89,388.18,83485.69418099997
1776384000,388.18,389.4,386.61,388.06,53369.0
1776387600,388.02,388.08,386.87,387.44,33766.0
1776391200,387.3,387.8,384.99,386.03,46061.0
1776394800,386.01,386.26,384.52,385.38,49131.0
1776398400,385.4,386.91,385.19,386.17,30397.0
1776402000,386.13,387.16,385.73,387.11,28150.0
1776405600,387.1,387.72,386.49,386.64,27419.0
1776409200,386.66,388.24,386.65,388.02,35262.0
1776412800,389.08,390.4,385.27,390.08,262531.321214
1776416400,389.87,390.0,389.13,389.63,73129.59402799999
1776420000,389.62,390.57,389.33,389.47,61532.91442699999
1776423600,389.44,392.78,389.42,392.47,387285.80183400004
1776427200,393.73,396.98,392.4,396.5,941092.3892520006
1776430800,396.5,399.1,391.65,393.795,12037682.607363004
1776434400,393.98,406.99,392.8,406.33,20433477.56577
1776438000,406.38,409.28,404.1627,406.23,16059547.263730995
1776441600,406.155,408.38,405.18,405.86,9429726.386986999
1776445200,406.19,406.83,400.57,402.015,9040268.219173001
1776448800,402.19,403.09,399.45,401.39,8162056.498860001
1776452400,401.525,402.62,399.83,400.65,9101755.526642002
1776456000,400.62,401.35,400.25,400.4,487489.9924829999
1776459600,400.4288,401.1428,400.06,400.8717,136595.827863
1776463200,400.9,401.44,400.82,401.24,105854.23383900002
1776466800,401.25,401.35,401.0,401.0895,117982.27175400003
1776643200,401.05,401.05,393.56,397.43,324220.0
1776646800,397.43,399.38,397.39,398.0,106902.0
1776650400,398.0,398.02,397.0,397.4,61486.0
1776654000,397.4,397.64,396.16,396.76,58488.0
1776657600,396.76,397.2,395.88,396.35,45951.0
1776661200,396.4,396.45,394.79,395.52,101736.0
1776664800,395.59,397.71,395.5,397.62,92794.0
1776668400,397.69,398.9,397.32,398.04,88921.0
1776672000,397.7,398.89,394.8,397.42,542367.6941869998
1776675600,397.24,398.79,396.89,398.11,85847.55872200002
1776679200,398.2,399.18,397.35,397.54,79558.84115799997
1776682800,397.7,398.4,396.51,397.95,274311.3971049999
1776686400,398.76,401.621,397.2716,399.39,350196.3133589999
1776690000,399.15,406.8,393.7,395.77,13199326.483076999
1776693600,395.78,396.65,389.89,390.385,13208029.760088002
1776697200,390.475,393.4129,388.33,390.75,9919139.443555
1776700800,390.62,393.24,390.345,391.03,5954514.251775001
1776704400,391.06,393.35,390.78,392.07,5124348.941496
1776708000,392.13,393.35,391.4001,391.88,4809733.241676999
1776711600,391.905,393.52,390.48,392.42,7346138.483004001
1776715200,392.48,392.85,392.0,392.48,459134.453992
1776718800,392.1,392.58,392.04,392.34,81110.75407900002
1776722400,392.34,392.9,392.2999,392.75,86212.83091000002
1776726000,392.77,392.85,392.4,392.4,85592.90866700001
1776729600,392.64,394.01,392.4,393.71,54881.0
1776733200,393.7,393.7,392.79,392.96,29181.0
1776736800,392.98,393.13,392.49,393.02,19088.0
1776740400,393.08,393.39,392.85,393.2,12996.0
1776744000,393.2,394.02,393.19,393.89,25955.0
1776747600,393.89,394.39,393.89,394.19,32049.0
1776751200,394.17,394.43,394.07,394.29,18193.0
1776754800,394.35,394.35,393.31,393.78,39239.0
1776758400,393.6,394.9,393.15,394.42,250080.08512100007
1776762000,394.3,394.43,393.7,394.41,72171.517541
1776765600,394.45,395.69,394.26,395.11,115265.542391
1776769200,395.04,396.5,394.7,396.0,381450.6213179999
1776772800,396.12,396.62,394.25,394.59,388188.60622799996
1776776400,394.47,395.2,389.08,392.45,7244775.498465002
1776780000,392.495,393.95,389.75,390.305,8728480.49397
1776783600,390.42,392.63,387.68,389.71,7453526.346816002
1776787200,389.74,390.54,387.37,388.01,4544640.0343929995
1776790800,388.0,389.17,385.2201,388.395,7116919.692706002
1776794400,388.54,390.1138,387.8,388.725,4840242.531902
1776798000,388.76,390.6,385.82,386.32,6620767.248827
1776801600,386.42,389.75,385.35,388.13,525067.5626090001
1776805200,388.27,388.58,388.01,388.15,76794.715107
1776808800,388.15,389.1,388.0686,388.57,105810.17962299997
1776812400,388.76,389.1,388.3,388.986,104435.61404100004
1776816000,392.88,392.88,388.99,389.89,49601.0
1776819600,389.91,390.31,389.4,390.03,33440.0
1776823200,390.07,390.19,389.78,389.94,12814.0
1776826800,389.97,390.07,389.74,390.02,14305.0
1776830400,390.0,390.16,389.49,389.55,11667.0
1776834000,389.55,390.24,389.23,390.06,27282.0
1776837600,390.01,390.08,389.51,390.01,13541.0
1776841200,389.99,390.5,389.97,390.41,25876.0
1776844800,390.15,390.8,388.82,389.36,235307.64604999992
1776848400,389.51,390.25,389.42,389.73,66273.175164
1776852000,389.82,389.92,389.11,389.24,49700.858145000006
1776855600,389.26,389.9,387.9,388.23,212569.75653299995
1776859200,388.28,389.93,388.0,388.2357,301661.0251059999
1776862800,387.55,392.71,385.3,390.85,7839720.535905002
1776866400,390.905,393.01,390.0,391.32,8032405.801652997
1776870000,391.35,391.82,389.09,391.03,5927950.856646
1776873600,391.02,391.4118,388.6002,388.865,4812965.650048001
1776877200,388.97,390.82,388.68,389.06,4437600.369761
1776880800,388.945,389.58,387.74,388.025,4035138.062858
1776884400,388.08,389.77,386.81,387.27,9064021.911871001
1776888000,387.18,406.77,386.74,402.9,6365554.856085
1776891600,403.6,403.6,385.02,385.6,3455313.1175400005
1776895200,385.6,390.0,377.52,383.64,3965774.674510999
1776898800,383.5,386.96,383.2,386.3,1167112.7030539997
1776902400,387.77,387.77,381.39,384.82,231379.0
1776906000,384.81,384.81,382.01,382.22,122856.0
1776909600,382.23,382.75,380.06,381.53,163238.0
1776913200,381.56,381.57,377.47,378.33,230257.0
1776916800,378.3,379.98,377.96,379.38,75251.0
1776920400,379.38,381.33,378.99,380.67,83911.0
1776924000,380.67,380.84,379.33,379.6,79439.0
1776927600,379.68,380.49,379.15,379.98,64260.0
1776931200,380.0,382.85,375.8,376.41,881073.4489280002
1776934800,376.31,377.5,374.62,375.2,315069.7373920001
1776938400,375.25,375.8,373.55,375.45,443119.628015
1776942000,375.47,377.98,374.28,376.32,1052552.2280200003
1776945600,376.23,376.74,373.75,375.16,1108438.6014609996
1776949200,375.19,386.0,371.2,372.495,19246812.790763006
1776952800,372.31,377.2,368.39,376.035,19563722.95466501
1776956400,376.12,380.92,375.36,380.69,10745014.636000996
1776960000,380.755,380.9499,375.8,376.78,9246014.647168
1776963600,376.83,377.14,369.76,373.66,10884235.854911001
1776967200,373.745,375.2,371.6001,372.035,6001980.702497998
1776970800,371.96,374.26,371.82,373.63,6782553.463103001
1776974400,373.6172,374.45,370.0,372.6796,563987.0973440001
1776978000,372.68,373.25,372.426,372.701,135407.31613
1776981600,372.7,373.599,372.62,373.18,151328.558899
1776985200,373.19,373.31,372.9,373.1799,150743.54482500005
1776988800,373.99,375.66,373.0,375.38,85359.0
1776992400,375.38,375.53,374.02,374.65,49116.0
1776996000,374.71,374.74,373.57,373.79,33618.0
1776999600,373.71,373.93,372.33,372.87,39872.0
1777003200,372.81,374.08,372.55,373.99,26644.0
1777006800,373.98,375.01,373.54,374.68,34414.0
1777010400,374.66,374.8,374.04,374.27,30344.0
1777014000,374.24,375.76,374.24,375.75,58513.0
1777017600,375.01,378.0,372.57,376.2,352149.20663100004
1777021200,376.34,376.8,374.56,375.3,87187.90975000002
1777024800,375.39,377.0,375.14,375.72,124343.74866800001
1777028400,375.63,377.98,375.41,376.5,493365.98130899994
1777032000,375.39,376.9,374.41,375.39,405147.77655599994
1777035600,375.39,382.76,370.725,375.11,12575860.624016002
1777039200,374.87,377.53,372.26,376.53,11995024.997945998
1777042800,377.095,377.29,373.35,374.53,6809377.276001002
1777046400,374.555,375.68,372.3501,374.04,5632022.504197
1777050000,374.235,377.1,373.81,376.44,7502748.036928002
1777053600,376.5,376.92,375.08,376.17,4584392.419442
1777057200,376.27,377.84,375.7605,376.245,7190735.315039
1777060800,375.95,376.44,375.4024,376.0,281527.953272
1777064400,375.78,375.85,375.16,375.19,92126.29825899999
1777068000,375.19,375.49,375.09,375.2995,53788.902323999995
1777071600,375.29,375.37,375.1,375.26,98137.695726
1777248000,374.99,375.98,374.0,375.63,80411.0
1777251600,375.65,377.75,375.65,377.46,68051.0
1777255200,377.46,377.51,376.82,377.11,28329.0
1777258800,377.08,377.48,377.0,377.44,25911.0
1777262400,377.42,377.48,376.8,376.85,22510.0
1777266000,376.86,376.86,375.34,375.63,31017.0
1777269600,375.62,375.78,375.19,375.68,16778.0
1777273200,375.67,376.05,374.92,375.7,26324.0
1777276800,375.6,377.46,374.82,374.82,228077.7879439999
1777280400,374.87,375.28,374.36,374.85,57489.362432
1777284000,374.8097,375.52,374.56,375.05,50827.494792000005
1777287600,375.04,375.24,374.25,374.85,226614.59931099994
1777291200,374.89,377.24,373.14,373.89,282735.865818
1777294800,372.08,374.0,365.35,365.72,10268767.046193002
1777298400,365.6,369.01,364.75,366.08,10444741.38078
1777302000,366.36,368.25,364.02,368.19,8827548.708253
1777305600,368.24,373.85,367.85,373.57,9062011.816143002
1777309200,373.88,379.7699,373.64,379.595,10204413.873917999
1777312800,379.61,380.78,377.44,378.36,7011806.817254002
1777316400,378.295,380.01,378.03,378.57,7421368.419452
1777320000,378.67,378.73,377.25,377.5,403786.740516
1777323600,377.49,377.6,377.35,377.5,86385.658837
1777327200,377.52,378.45,377.45,377.72,124661.36944500003
1777330800,377.71,377.97,377.67,377.8701,71618.01042699999
1777334400,378.02,378.46,377.12,377.56,43175.0
1777338000,377.56,377.66,375.59,375.71,53408.0
1777341600,375.71,376.12,374.82,375.13,43407.0
1777345200,375.12,376.83,375.06,376.5,26892.0
1777348800,376.57,377.38,376.44,376.84,16509.0
1777352400,376.85,376.88,375.13,375.42,27746.0
1777356000,375.42,376.32,375.2,375.62,34211.0
1777359600,375.68,375.98,374.99,375.77,32438.0
1777363200,376.0,377.78,374.4,376.11,231184.93936499994
1777366800,376.15,376.3,373.5,374.5,103747.640381
1777370400,374.5,375.4,374.18,374.83,92355.89964599999
1777374000,374.805,375.0,372.1665,372.526,379219.9013759998
1777377600,372.57,374.5866,372.05,373.59,375620.19306099997
1777381200,374.34,379.88,372.54,378.985,8612891.073729001
1777384800,378.87,382.29,373.55,375.74,12654089.627866002
1777388400,375.665,377.15,374.095,375.305,6285130.728260001
1777392000,375.16,377.3576,374.54,376.89,4358365.067131001
1777395600,376.92,377.325,375.33,375.84,3595607.511458
1777399200,376.03,378.5,375.67,377.76,4815762.638904999
1777402800,377.75,378.71,375.93,376.11,5420746.669113001
1777406400,375.38,377.1,375.1,376.69,797692.8347630003
1777410000,376.86,378.4,376.86,378.1,355903.4458299998
1777413600,378.1,378.6,377.5,377.65,129482.53327099996
1777417200,377.66,377.94,377.22,377.88,70940.823373
1777420800,377.76,378.31,377.57,377.57,21268.0
1777424400,377.51,377.51,376.27,376.71,29508.0
1777428000,376.79,377.24,376.7,377.15,17845.0
1777431600,377.17,377.99,377.09,377.88,15316.0
1777435200,377.89,378.11,377.19,377.48,10491.0
1777438800,377.49,377.51,376.99,377.21,8386.0
1777442400,377.17,377.33,376.61,376.64,14245.0
1777446000,376.64,376.96,376.16,376.28,17932.0
1777449600,377.12,378.1,375.84,376.66,145555.21374999997
1777453200,376.64,377.4,376.4,376.7878,36197.501734000005
1777456800,376.7,377.67,376.6208,376.96,35787.591564
1777460400,376.915,377.4,376.02,376.4,139042.34711999993
1777464000,376.31,376.45,375.41,375.5,185905.18586
1777467600,376.2,376.4,371.6201,374.705,6819312.106621
1777471200,374.46,374.6351,371.28,373.08,8095567.702039998
1777474800,372.95,374.567,370.04,370.93,7156704.779456998
1777478400,370.9,373.4,370.5202,372.515,4594787.956605
1777482000,372.6,373.85,371.82,373.13,3030404.753474001
1777485600,372.68,374.37,370.46,374.25,5708848.303232
1777489200,374.21,374.82,372.2,372.805,5799776.585227999
1777492800,371.51,373.65,371.11,371.94,1443642.157924
1777496400,371.53,372.48,371.5,372.0783,85547.958852
1777500000,372.0,373.6003,371.29,372.82,176909.42123799998
1777503600,372.81,373.48,372.76,372.8,103663.83650599998
1777507200,373.25,374.49,372.96,373.76,34111.0
1777510800,373.76,373.76,372.89,373.19,22679.0
1777514400,373.18,373.24,370.38,371.39,33850.0
1777518000,371.36,371.81,371.11,371.25,15328.0
1777521600,371.28,371.28,369.02,369.13,50629.0
1777525200,369.14,370.76,369.02,369.62,25243.0
1777528800,369.61,370.82,368.79,370.04,39817.0
1777532400,370.21,371.67,369.95,371.28,28580.0
1777536000,371.49,372.52,368.8,371.97,278998.10657700006
1777539600,371.89,372.6,371.22,371.81,43031.5337
1777543200,371.7496,372.21,371.1,371.68,38574.555741
1777546800,371.72,373.5,371.5949,372.71,143819.601563
1777550400,374.39,374.54,372.7,374.4,215069.79523800002
1777554000,374.69,374.7967,368.78,369.55,6115071.351568999
1777557600,369.55,376.27,368.17,375.94,9112504.572113002
1777561200,376.285,379.79,375.93,378.06,7859979.529215997
1777564800,378.045,380.12,376.67,377.67,4904685.232612998
1777568400,377.94,379.76,377.67,379.33,3360738.431643
1777572000,379.7,382.72,379.2701,382.335,5269753.0887360005
1777575600,382.345,384.75,380.62,381.61,8545805.073102001
1777579200,381.17,381.94,380.13,380.58,370012.2625689999
1777582800,380.82,381.91,380.52,381.62,117220.376006
1777586400,381.65,381.9,380.72,381.0,80400.69213299999
1777590000,380.98,381.49,380.85,381.4,71822.35536599999
1777593600,381.76,382.14,380.92,381.12,16490.0
1777597200,381.11,381.73,380.9,381.56,14386.0
1777600800,381.51,381.78,381.31,381.6,9340.0
1777604400,381.65,382.44,381.5,382.18,12471.0
1777608000,382.21,382.21,381.26,381.42,12210.0
1777611600,381.44,381.88,381.36,381.57,5032.0
1777615200,381.64,381.64,381.06,381.15,9314.0
1777618800,381.15,381.75,380.66,381.27,12312.0
1777622400,381.3,382.19,380.32,380.48,109364.71538599998
1777626000,380.5,381.0,380.5,380.89,23066.416593
1777629600,380.94,381.79,380.7215,381.135,34099.996328999994
1777633200,381.21,382.07,380.62,381.99,114152.99502
1777636800,383.13,384.46,381.25,383.97,365377.65067800006
1777640400,384.12,387.3999,378.8,382.8,7829550.862205999
1777644000,382.995,391.75,382.5,391.28,12559916.522153003
1777647600,391.215,396.4985,389.9301,394.495,11986773.396525998
1777651200,394.22,396.47,390.63,394.69,7789994.875325002
1777654800,394.795,397.74,393.8,397.65,5860628.073884001
1777658400,397.72,397.8211,393.69,394.3,5930306.4115
1777662000,394.42,395.82,390.15,390.72,8669639.530762
1777665600,390.78,392.6,390.1,390.78,676428.2299429998
1777669200,391.8,392.19,391.1,391.76,101348.97072000001
1777672800,391.76,391.83,391.06,391.16,51044.61887399998
1777676400,391.17,391.48,391.0,391.34,90351.11796100001
1777852800,392.01,394.01,391.97,393.34,91055.0
1777856400,393.34,393.51,392.71,393.41,53049.0
1777860000,393.44,393.49,392.8,393.14,46513.0
1777863600,393.12,393.39,392.99,393.11,29192.0
1777867200,393.11,393.94,393.0,393.54,27213.0
1777870800,393.54,393.82,392.97,392.99,44099.0
1777874400,393.04,393.09,391.44,392.29,53996.0
1777878000,392.29,393.06,391.89,392.62,34147.0
1777881600,392.28,393.91,391.45,392.33,276908.114328
1777885200,392.2,392.36,391.3728,392.0,63263.996409
1777888800,391.9,392.3,386.7,389.28,309654.33447500004
1777892400,389.32,392.0597,388.64,391.22,259649.62759799996
1777896000,390.72,391.32,389.7702,390.15,205077.32476600003
1777899600,391.14,394.32,387.4,393.13,8227096.329544002
1777903200,393.04,394.64,388.45,389.62,8530024.935909001
1777906800,389.36,391.49,385.23,387.17,7065787.918414996
1777910400,387.135,390.06,384.8004,389.79,4935501.487784
1777914000,390.29,394.26,389.8001,392.5,6323803.475873001
1777917600,392.16,392.95,390.63,392.74,4503596.440972001
1777921200,392.93,393.86,391.85,392.57,5460687.782384001
1777924800,392.49,392.64,391.8,392.49,406957.2237289999
1777928400,392.49,392.5061,392.11,392.2674,40544.584369000004
1777932000,392.27,392.47,391.75,391.75,62471.032934
1777935600,391.7,392.0,391.56,391.8935,45315.14101399999
1777939200,391.89,392.6,391.46,392.26,18880.0
1777942800,392.25,392.58,392.01,392.31,12109.0
1777946400,392.33,392.54,391.84,392.07,13601.0
1777950000,392.07,392.47,391.93,392.32,8154.0
1777953600,392.25,392.5,391.83,391.88,11084.0
1777957200,391.98,392.73,391.93,392.61,13846.0
1777960800,392.62,392.85,392.0,392.84,10815.0
1777964400,392.8,393.5,392.62,392.84,27178.0
1777968000,392.6,393.84,391.85,392.9525,142848.417665
1777971600,392.95,393.48,392.63,393.11,30085.656240000004
1777975200,393.2564,393.61,393.0,393.25,38001.14481
1777978800,393.335,394.25,393.26,394.0597,188793.85306499994
1777982400,395.64,396.12,393.61,395.64,406756.0460689998
1777986000,396.0,402.12,393.9,397.855,9710767.427907
1777989600,398.15,401.79,392.1001,392.27,10573252.619778998
1777993200,392.24,395.36,391.5301,393.0,6416978.189897996
1777996800,393.18,394.25,389.0,392.21,5653485.658387
1778000400,392.3,392.5,391.16,391.195,2956844.57546
1778004000,391.235,393.1699,390.2,391.085,3255094.6166000008
1778007600,391.09,392.6,389.15,389.29,4463292.314939001
1778011200,389.3384,389.5,387.56,388.0,445831.86203900015
1778014800,388.15,388.8,387.1,387.12,183023.742345
1778018400,387.13,388.38,385.5,388.03,282256.22763499996
1778022000,388.1798,388.4718,386.71,387.26,133025.18975200006
1778025600,387.0,388.42,385.59,386.11,56070.0
1778029200,386.11,386.51,386.02,386.37,36280.0
1778032800,386.38,386.47,386.09,386.34,18905.0
1778036400,386.38,386.81,386.31,386.38,21057.0
1778040000,386.35,386.39,385.95,385.98,29515.0
1778043600,385.98,386.65,385.78,386.61,21992.0
1778047200,386.56,386.93,386.29,386.7,21568.0
1778050800,386.69,387.65,386.58,387.43,36069.0
1778054400,387.66,390.06,385.7936,389.6,296783.52280700015
1778058000,389.55,390.0,388.0,389.3,123148.988613
1778061600,389.33,391.94,389.33,390.76,185464.61646499994
1778065200,390.78,392.87,390.0,390.8313,422378.6268110003
1778068800,389.94,391.129,389.4,389.94,252535.63103799993
1778072400,389.34,392.04,384.02,389.56,6714404.791727999
1778076000,389.85,394.5172,388.93,391.3,7575086.216703996
1778079600,391.18,395.395,391.11,394.56,5378863.989357001
1778083200,394.57,398.03,394.1,397.395,6111436.033367001
1778086800,397.63,399.75,396.62,397.46,5260763.585728998
1778090400,397.58,401.38,397.51,399.185,6543576.912850997
1778094000,399.3,401.68,398.2101,398.57,7860337.655044
1778097600,398.25,398.73,396.91,397.24,380386.2084160001
1778101200,397.91,398.73,396.29,396.8986,670037.2606559999
1778104800,396.9,398.73,396.7,396.96,97794.51266599997
1778108400,396.999,397.47,396.8,396.85,96352.73406499998
1778112000,396.85,397.46,396.27,396.65,27373.0
1778115600,396.63,397.54,396.04,397.24,20003.0
1778119200,397.42,397.43,396.66,397.17,7158.0
1778122800,397.15,397.85,396.96,397.73,9578.0
1778126400,397.72,398.18,397.65,397.76,10658.0
1778130000,397.79,398.21,397.78,398.11,7940.0
1778133600,398.13,398.19,397.32,398.01,15407.0
1778137200,398.06,400.43,397.87,399.97,40710.0
1778140800,399.5,401.6948,397.34,401.17,272037.7105360001
1778144400,401.35,406.24,400.97,404.19,323024.187456
1778148000,404.2,406.7,403.45,405.65,244098.897504
1778151600,405.64,406.91,404.8,406.68,510629.107507
1778155200,406.17,406.58,405.5,406.24,406109.1711759999
1778158800,405.55,414.4,405.0,413.475,12428052.780877996
1778162400,413.575,415.83,408.82,411.45,12258248.635663994
1778166000,411.36,411.68,407.01,407.44,6415350.074568998
1778169600,407.44,409.62,403.56,408.39,7326017.762712001
1778173200,408.87,409.61,404.4,407.095,4792251.681096
1778176800,407.31,408.0,402.12,404.41,4442752.103116
1778180400,404.41,411.93,403.67,411.825,7817049.46345
1778184000,411.825,414.38,409.1114,410.15,1107107.0946439998
1778187600,410.24,410.76,406.4,408.0,266651.16177599994
1778191200,407.9,409.98,407.81,408.7,182431.60981200004
1778194800,408.6,409.5,408.34,409.08,185359.33220299997
1778198400,408.51,412.01,408.51,411.46,44117.0
1778202000,411.52,412.38,411.23,411.26,39911.0
1778205600,411.25,411.62,410.22,410.91,26652.0
1778209200,410.87,412.34,410.84,412.27,20962.0
1778212800,412.24,412.29,411.89,412.12,20113.0
1778216400,412.12,412.39,411.92,411.95,23402.0
1778220000,411.95,412.79,411.73,412.65,41535.0
1778223600,412.64,414.93,412.55,414.01,76573.0
1778227200,414.3,416.19,411.78,416.0,433924.7229560002
1778230800,416.102,416.82,414.8,415.2231,131986.59311000005
1778234400,415.4,415.9264,414.8,414.9991,93906.36152600002
1778238000,414.81,417.83,414.5,416.8,549061.2960949999
1778241600,416.76,418.25,416.13,416.94,562582.5805619997
1778245200,415.83,428.45,415.0,428.025,13325541.626304995
1778248800,428.115,429.85,422.89,427.47,12755350.247898992
1778252400,427.47,431.2,427.1,428.79,9601471.233678
1778256000,428.93,429.54,426.85,427.56,4570520.085794001
1778259600,427.55,428.84,426.33,426.575,3841680.312171001
1778263200,426.53,429.46,425.48,426.0,5724440.739586
1778266800,425.95,428.62,424.36,428.31,8201258.659181
1778270400,427.69,428.5,427.28,427.69,704800.086188
1778274000,428.05,428.15,427.49,427.75,99078.31108699998
1778277600,427.78,428.0,427.5,427.7367,76967.82056300002
1778281200,427.69,428.0,427.6,427.9974,109752.66753900002
1778457600,428.0,429.7,424.99,426.25,114262.0
1778461200,426.2,426.66,424.66,426.6,64271.0
1778464800,426.6,427.01,425.88,425.9,40053.0
1778468400,425.9,425.99,424.78,424.84,37198.0
1778472000,424.87,425.41,424.36,425.38,33126.0
1778475600,425.41,425.49,424.87,424.96,22784.0
1778479200,424.94,425.72,424.9,425.51,25552.0
1778482800,425.49,426.08,424.71,425.78,30520.0
1778486400,426.33,428.0,424.37,424.85,318187.2892940002
1778490000,424.85,425.5,422.75,422.9,164110.641929
1778493600,422.84,424.6,422.55,424.49,94349.93192900004
1778497200,424.5,426.4,424.44,424.99,268223.6421960001
1778500800,424.26,429.42,422.9,424.08,316901.63970800006
1778504400,422.215,425.7,418.65,421.65,8047929.196194
1778508000,421.82,422.7,416.8,422.645,9838534.935437003
1778511600,422.71,441.65,422.657,437.54,17941075.105471
1778515200,437.67,443.36,436.26,440.72,9182726.283401003
1778518800,440.7,443.5,437.8001,442.28,6714962.638290999
1778522400,442.35,447.58,442.31,444.635,9317337.506824002
1778526000,444.64,449.16,442.43,445.05,10346925.158625
1778529600,444.77,445.5,444.06,445.28,994734.900891
1778533200,444.95,445.0,443.33,443.34,342267.29042400006
1778536800,443.33,444.48,443.33,443.6144,115591.038248
1778540400,443.61,444.4,443.5,444.1974,138317.11995899997
1778544000,444.18,444.24,441.9,441.93,44747.0
1778547600,441.95,442.33,433.99,436.49,238967.0
1778551200,436.59,440.5,435.82,440.4,67252.0
1778554800,440.36,440.36,439.03,439.2,25551.0
1778558400,439.2,439.76,437.07,437.23,35159.0
1778562000,437.22,439.16,437.13,438.31,37667.0
1778565600,438.29,438.91,437.51,437.54,22764.0
1778569200,437.54,438.9,436.36,438.2,67333.0
1778572800,437.84,439.77,436.36,438.74,372481.15875999996
1778576400,438.62,441.69,438.0,440.75,125186.688968
1778580000,440.54,441.1655,438.8,439.68,97257.10913600001
1778583600,439.7,440.33,438.0,439.68,280057.1892329999
1778587200,438.63,441.35,437.45,441.0,444698.70601599995
1778590800,439.9,447.8,436.53,436.99,10724332.528103001
1778594400,437.185,439.43,430.3401,430.85,10195272.016699001
1778598000,430.53,432.4099,424.6,425.075,8628009.469577001
1778601600,425.3,428.205,422.26,423.0,5980530.549493
1778605200,423.02,428.65,422.99,427.65,6075557.67706
1778608800,427.8,431.92,427.5601,429.67,5030280.0295939995
1778612400,429.93,435.79,429.68,433.455,8017500.874052998
1778616000,431.77,433.45,431.0,431.95,397297.02072000003
1778619600,432.1,432.7,431.52,432.35,75686.74253700001
1778623200,432.28,433.45,432.14,432.2,81040.354301
1778626800,432.27,432.38,430.2,430.3145,134921.93719
1778630400,430.69,431.7,429.05,431.09,35575.0
1778634000,431.09,434.53,431.09,434.01,51653.0
1778637600,433.96,434.79,433.45,434.21,34089.0
1778641200,434.2,434.91,433.73,434.31,23671.0
1778644800,434.31,435.51,434.25,435.09,40103.0
1778648400,435.1,435.47,434.68,435.32,26564.0
1778652000,435.3,436.36,435.18,435.35,43609.0
1778655600,435.36,436.82,435.19,436.82,42438.0
1778659200,436.0,439.35,434.281,438.35,396729.31769500003
1778662800,438.25,438.6,436.95,438.36,94448.49418799995
1778666400,438.36,438.66,437.15,437.93,115586.69878699999
1778670000,437.81,440.19,437.436,438.0999,357639.4730909999
1778673600,437.55,439.03,432.35,435.47,568775.6801260001
1778677200,435.54,439.7986,430.21,433.78,6847413.922966
1778680800,433.98,448.48,433.52,447.6,14908160.750500003
1778684400,447.65,453.4,446.3501,447.22,13665108.004808001
1778688000,447.425,452.3,446.6,448.59,7468142.856141002
1778691600,448.61,450.37,446.92,447.065,4247664.224658
1778695200,447.08,451.38,445.6,445.86,6108165.8893639995
1778698800,445.99,448.35,443.49,445.325,7208574.255743001
1778702400,445.5,446.8347,445.0,446.2,576128.796094
1778706000,446.15,447.28,445.65,447.04,1244167.9461419992
1778709600,447.0,448.0,446.5,447.77,131308.83801099999
1778713200,447.74,448.87,447.5,448.1986,181844.62056600003
1778716800,447.28,449.4,447.27,448.61,43324.0
1778720400,448.59,448.59,445.79,445.89,58841.0
1778724000,445.93,446.89,445.64,446.13,28948.0
1778727600,446.1,446.84,444.99,445.08,29849.0
1778731200,445.11,448.05,444.33,447.59,33751.0
1778734800,447.47,448.56,446.57,448.38,30138.0
1778738400,448.47,449.35,448.34,448.8,45005.0
1778742000,448.76,449.34,448.24,448.24,30490.0
1778745600,449.0,449.48,444.31,448.365,333108.73047
1778749200,448.5,448.69,446.14,447.48,101917.809082
1778752800,447.4,448.85,447.1835,448.46,75088.49694999999
1778756400,448.47,452.08,448.2,450.55,480258.459285
1778760000,449.8,450.6394,448.45,449.12,337226.488912
1778763600,448.44,449.8,442.02,442.72,7240458.468187
1778767200,442.53,446.64,441.16,444.39,8846620.48571
1778770800,444.51,450.1299,444.0601,448.71,6744186.472113997
1778774400,448.88,451.98,446.11,447.68,6354870.875204999
1778778000,447.92,448.0,443.6,446.78,4500019.574820001
1778781600,446.38,446.72,443.43,444.88,3461399.752398
1778785200,445.33,445.93,442.53,443.21,4186925.949416001
1778788800,443.3,443.75,442.01,442.7501,799170.890468
1778792400,442.8,443.35,442.4391,442.4391,132602.162062
1778796000,442.44,442.9,442.3,442.6,79003.164305
1778799600,442.65,442.91,442.301,442.3999,78054.02500800001
1778803200,442.62,442.86,441.39,442.46,39677.0
1778806800,442.46,442.59,438.69,438.76,70345.0
1778810400,438.8,439.38,436.49,438.89,122215.0
1778814000,438.9,439.92,437.67,439.29,33630.0
1778817600,439.33,439.34,435.61,435.66,44616.0
1778821200,435.68,436.06,430.21,430.21,175932.0
1778824800,430.26,434.92,429.99,433.96,141631.0
1778828400,434.09,436.44,433.8,434.5,64907.0
1778832000,434.7,439.3236,430.0,432.39,802269.6965889998
1778835600,432.3,433.35,431.01,432.34,115680.10471400003
1778839200,432.32,435.6,431.89,434.88,124563.987074
1778842800,434.99,435.95,433.89,433.89,248700.90983999995
1778846400,431.64,434.161,431.3,431.64,318410.445902
1778850000,431.28,434.66,425.05,426.06,9918677.806654
1778853600,426.14,429.75,425.292,425.555,7561296.326912002
1778857200,425.58,427.7,423.88,425.03,6330183.978328998
1778860800,425.23,425.94,423.43,424.78,4357862.0204
1778864400,424.73,429.37,424.55,428.42,5208540.799233
1778868000,428.36,429.16,424.31,425.77,4421669.603257999
1778871600,425.83,425.98,422.0,422.28,7388516.340716999
1778875200,422.1868,423.12,420.69,421.83,775844.1171779999
1778878800,421.7,422.24,420.55,420.7798,172562.17028099994
1778882400,420.78,421.13,418.84,419.59,176775.04279399998
1778886000,419.68,419.9497,417.88,418.57,243772.242918
1779062400,418.28,419.99,410.42,414.0,205506.0
1779066000,414.01,415.5,412.2,414.59,103133.0
1779069600,414.67,416.63,414.17,414.64,76370.0
1779073200,414.69,416.06,414.48,416.01,30500.0
1779076800,416.06,416.88,415.19,415.41,28658.0
1779080400,415.66,416.6,415.1,415.15,44552.0
1779084000,415.06,416.19,414.1,415.85,45205.0
1779087600,415.98,417.78,415.45,416.03,54182.0
1779091200,417.14,420.78,414.12,419.95,413331.5857620002
1779094800,419.71,420.0,418.0,418.1,62839.311606
1779098400,418.05,418.8,416.47,417.06,108238.36734099999
1779102000,416.5,419.01,415.12,416.99,347617.84760999994
1779105600,417.47,420.0,417.21,419.36,577862.2297230001
1779109200,419.38,421.13,411.011,415.97,8294690.050251998
1779112800,416.16,418.86,409.37,411.3,9569540.736020999
1779116400,411.13,413.19,407.86,412.13,6497687.304554997
1779120000,412.18,414.58,408.67,411.565,5059823.959036
1779123600,411.565,411.74,407.61,409.47,4787432.716431
1779127200,409.29,409.5999,405.33,406.15,5145259.042287999
1779130800,406.22,411.26,406.1,409.96,6793801.259792998
1779134400,410.03,410.66,408.78,409.83,422424.6772059999
1779138000,409.8,409.95,409.25,409.65,530028.9371390002
1779141600,409.69,410.98,409.53,410.21,120590.64568499997
1779145200,410.49,410.87,409.03,409.25,80662.98907999997
1779148800,409.46,410.47,409.1,409.11,18219.0
1779152400,409.08,409.22,406.9,406.91,42889.0
1779156000,406.86,406.86,405.18,406.11,50038.0
1779159600,406.12,407.68,405.73,406.8,15594.0
1779163200,406.79,406.93,405.55,406.25,16045.0
1779166800,406.24,406.47,405.3,406.0,13770.0
1779170400,406.0,407.83,405.6,407.69,18961.0
1779174000,407.7,409.92,407.46,409.79,23815.0
1779177600,407.58,409.9,405.4,407.01,199415.11600100005
1779181200,406.29,407.41,405.0,405.01,97580.79151299999
1779184800,405.79,406.75,405.33,406.65,60314.44331600001
1779188400,406.02,406.7,405.01,405.54,158916.35408600004
1779192000,405.13,406.36,404.5,405.75,222936.165515
1779195600,405.84,406.19,398.62,398.86,7760741.183710999
1779199200,398.92,399.0,393.63,396.94,10091174.35488
1779202800,396.89,398.71,395.5,397.195,4948789.416852001
1779206400,397.37,401.7699,396.01,401.61,5145278.482028998
1779210000,401.55,404.16,401.0001,403.89,4905200.058560999
1779213600,404.04,405.63,402.29,403.32,4296049.784152
1779217200,403.245,405.15,402.9,404.18,4690569.992065
1779220800,403.51,404.34,403.19,403.92,247237.03731
1779224400,403.82,404.09,403.82,404.01,44775.880651
1779228000,404.1,404.48,402.9,403.39,91347.597907
1779231600,403.4,404.95,403.15,404.5,73067.815262
1779235200,404.0,405.98,400.71,403.51,29103.0
1779238800,403.55,404.7,401.5,403.72,39253.0
1779242400,403.87,404.64,402.61,403.06,14615.0
1779246000,402.99,403.02,401.5,402.68,10230.0
1779249600,402.73,403.38,401.7,401.93,10046.0
1779253200,402.01,403.69,401.71,403.51,21730.0
1779256800,403.49,405.38,403.49,405.32,29467.0
1779260400,405.2,405.99,404.81,405.0,26297.0
1779264000,406.0,409.55,401.6733,408.29,314411.33393499994
1779267600,408.4,408.57,407.425,407.69,61035.25992800001
1779271200,408.49,408.9,407.51,407.99,70428.449122
1779274800,407.63,409.36,407.5,408.31,232728.47123000008
1779278400,408.5,409.36,408.19,408.29,209301.21909000003
1779282000,408.75,413.9,406.88,409.76,7779049.700961
1779285600,409.84,412.87,406.39,412.12,7553767.510711
1779289200,411.94,413.29,409.29,412.505,5318701.979612001
1779292800,412.56,414.25,411.06,412.94,3800304.0993290003
1779296400,413.045,415.15,412.41,413.045,3465243.1992800008
1779300000,413.08,414.3099,411.81,413.875,2971110.253849
1779303600,413.76,417.46,412.56,417.175,6136854.574124
1779307200,417.48,418.48,414.59,415.47,569417.7831190001
1779310800,416.17,417.26,415.3,415.84,134104.01343699996
1779314400,415.71,415.9289,412.76,413.95,171009.635744
1779318000,414.69,415.5,414.1,415.19,83175.44991999997
1779321600,414.66,416.5,414.5,416.41,18482.0
1779325200,416.35,423.89,416.35,421.52,176008.0
1779328800,421.54,425.0,421.5,423.24,111057.0
1779332400,423.24,423.9,421.84,422.46,50971.0
1779336000,422.48,424.21,422.2,424.11,34824.0
1779339600,424.11,424.48,421.97,423.71,49570.0
1779343200,423.72,424.51,422.49,423.09,55269.0
1779346800,423.07,423.08,420.64,422.85,56186.0
1779350400,422.84,424.9845,420.6038,423.21,477995.36856200005
1779354000,423.56,424.78,423.43,424.49,90318.66051899998
1779357600,424.0,424.4,419.26,421.0,215615.34317499996
1779361200,420.81,422.56,419.0469,421.19,300452.60339000006
1779364800,421.41,423.09,421.01,422.0,244685.51236699996
1779368400,421.78,426.95,417.51,418.79,7883681.558687001
1779372000,418.58,419.64,412.9,415.74,7801850.071137
1779375600,416.0,417.96,414.29,417.33,4659711.334975999
1779379200,417.385,418.84,416.18,417.575,3511572.629071
1779382800,417.7,423.44,417.66,422.37,5707591.509028
1779386400,422.38,423.4498,416.92,417.9,4295167.451191001
1779390000,418.01,420.0,416.9,417.62,4797709.451787001
1779393600,417.61,417.9,416.55,417.09,399901.6504020001
1779397200,417.23,417.8413,417.0,417.46,151476.86219500005
1779400800,417.74,418.25,417.35,418.11,65133.69911
1779404400,418.18,418.75,418.001,418.4,94675.50495800003
1779408000,418.37,420.52,418.06,419.47,25452.0
1779411600,419.47,419.96,418.33,419.14,17068.0
1779415200,419.14,419.81,418.63,419.62,12842.0
1779418800,419.73,419.73,418.49,419.49,14705.0
1779422400,419.5,420.24,419.19,419.73,18303.0
1779426000,419.71,420.37,419.26,419.31,18014.0
1779429600,419.23,419.8,419.06,419.6,16982.0
1779433200,419.51,420.4,419.2,420.19,17432.0
1779436800,420.49,422.25,419.1595,419.91,198567.570855
1779440400,420.0,420.0463,416.69,418.74,96780.221531
1779444000,417.915,418.7,415.9882,417.42,77612.945092
1779447600,418.01,419.3312,417.46,418.84,125200.46226600002
1779451200,419.84,421.44,418.48,421.25,219019.11115
1779454800,421.43,427.25,420.51,422.27,5878704.433527001
1779458400,422.27,430.83,421.2201,430.43,10513930.205684999
1779462000,430.46,430.77,426.052,429.0,6240122.579857
1779465600,429.075,431.07,426.36,427.57,4945033.863514001
1779469200,427.6,431.51,426.5,428.11,5095696.059164
1779472800,428.05,429.8199,426.93,429.32,3927966.8352579996
1779476400,429.26,429.41,423.87,425.94,5453927.815662001
1779480000,425.86,426.5,424.8,424.89,424235.49089600006
1779483600,424.91,425.3,424.81,424.99,145542.624254
1779487200,424.59,425.0291,423.55,423.8,85861.50232300001
1779490800,424.03,424.24,423.38,423.87,83087.19753
1779753600,423.98,430.82,423.98,429.11,112937.0
1779757200,429.05,429.26,427.64,428.43,51265.0
1779760800,428.44,429.08,428.23,428.86,16060.0
1779764400,428.88,429.11,428.36,428.84,15126.0
1779768000,428.82,428.87,427.98,428.32,19694.0
1779771600,428.36,428.6,427.99,428.48,11272.0
1779775200,428.48,428.83,428.22,428.67,20010.0
1779778800,428.72,428.72,427.54,428.1,25230.0
1779782400,427.53,428.85,426.17,428.52,183825.27878300007
1779786000,428.46,429.75,428.4,429.03,88723.91703000003
1779789600,429.51,430.9,429.21,430.21,116726.29935699994
1779793200,429.9,430.95,429.25,430.3,237568.450964
1779796800,430.29,430.52,429.7039,429.79,198850.16555300006
1779800400,429.83,433.67,427.64,430.59,6791033.299952999
1779804000,430.86,433.0,426.12,430.64,8524653.960678
1779807600,430.69,434.56,428.49,428.59,6661113.900456998
1779811200,428.54,432.64,427.52,432.13,4681342.790478001
1779814800,431.9,433.75,430.55,432.0,3738152.104438999
1779818400,431.96,435.2,431.3601,432.115,4088363.506835999
1779822000,432.2,434.45,429.7701,433.52,5837196.830071
1779825600,433.5,433.8,432.88,432.95,451373.78745699994
1779829200,433.51,437.95,432.92,436.01,703423.6814580001
1779832800,435.6,436.0,434.8,434.88,173900.985087
1779836400,434.99,435.6622,434.81,435.56,132446.645163
1779840000,435.46,435.75,433.89,434.59,34271.0
1779843600,434.6,434.71,433.75,434.19,24034.0
1779847200,434.2,435.07,434.0,434.62,17400.0
1779850800,434.62,434.99,434.29,434.29,16840.0
1779854400,434.29,434.9,433.99,434.38,17550.0
1779858000,434.38,434.46,433.81,434.37,19040.0
1779861600,434.44,434.56,433.11,433.36,28401.0
1779865200,433.4,434.5,433.33,434.27,18385.0
1779868800,434.53,439.5,433.08,438.71,348084.7947629999
1779872400,438.71,442.94,438.5,441.7,241334.26330399993
1779876000,441.57,442.35,440.012,440.7,184894.223848
1779879600,440.94,443.98,440.5,443.59,555087.22752
1779883200,443.45,443.95,441.5,442.0,329393.0967350001
1779886800,441.49,445.5,437.23,440.72,8772927.251962999
1779890400,440.73,445.6,435.52,441.935,9855809.029782
1779894000,441.85,443.18,439.03,440.76,5521784.191095
1779897600,440.84,442.3699,439.695,442.135,3679677.166031
1779901200,442.135,443.0,438.81,441.75,3555178.814044
1779904800,441.65,441.99,438.9,439.66,2975099.2229170003
1779908400,439.66,441.18,438.2,440.425,4914455.065484
1779912000,440.03,440.72,439.77,440.02,305636.611053
1779915600,439.97,440.16,439.2,439.24,64951.309316000006
1779919200,439.49,439.7,438.66,438.81,69997.63848399998
1779922800,438.91,439.4,438.0,438.05,96496.45524000001
1779926400,438.19,438.51,435.99,438.24,51662.0
1779930000,438.24,439.2,437.64,438.22,20564.0
1779933600,438.32,438.36,436.6,436.66,17576.0
1779937200,436.73,436.93,429.7,430.03,112872.0
1779940800,430.05,430.55,427.8,430.31,103163.0
1779944400,430.3,434.22,428.72,433.2,90316.0
1779948000,433.25,434.71,432.84,433.55,47422.0
1779951600,433.55,434.8,433.24,434.23,22767.0
1779955200,433.89,435.79,427.81,435.14,486288.57979099994
1779958800,434.17,434.75,433.52,433.66,41813.121487000004
1779962400,434.2,434.375,432.63,433.08,73900.671231
1779966000,433.86,435.5,433.0,434.69,188475.74354699996
1779969600,434.74,438.1,434.3391,437.65,302805.042062
1779973200,438.42,440.9594,436.27,440.87,5361593.473319001
1779976800,440.85,443.09,437.1,442.935,7081516.481917003
1779980400,442.9,443.14,440.53,441.54,3888653.447552
1779984000,441.42,442.99,440.7,442.155,2745446.381709
1779987600,442.16,442.72,441.1,442.32,2193612.4242030005
1779991200,442.33,442.85,440.92,442.36,2487488.62258
1779994800,442.43,443.97,441.3101,442.04,4512103.658291999
1779998400,441.8,442.19,441.47,441.65,239384.29607000004
1780002000,441.57,441.88,441.5,441.61,63894.72718299999
1780005600,441.75,441.86,440.6,440.74,93250.17635599998
1780009200,440.88,441.1357,440.06,440.38,82620.30024499999
1780012800,440.21,440.5,439.0,439.1,33438.0
1780016400,439.14,439.66,438.79,439.22,25544.0
1780020000,439.18,439.51,438.76,438.89,28476.0
1780023600,438.92,439.75,438.82,439.54,16465.0
1780027200,439.47,441.19,439.47,440.55,24023.0
1780030800,440.6,441.0,440.05,440.75,15507.0
1780034400,440.77,441.43,440.69,441.28,19593.0
1780038000,441.28,441.41,440.22,440.99,15514.0
1780041600,440.6,441.68,439.0,439.05,171439.17665400004
1780045200,439.59,440.46,439.26,439.47,51586.45092500001
1780048800,439.23,439.6999,438.66,438.89,63966.727042000006
1780052400,439.97,441.2,439.53,440.1,171369.41358700002
1780056000,439.8,440.122,438.39,439.43,196431.03493900003
1780059600,439.46,440.88,436.5,436.815,5210647.368148001
1780063200,436.82,437.8,428.14,431.74,10609225.439759998
1780066800,431.86,434.91,431.5589,434.79,4608926.297974
1780070400,434.8,441.07,434.71,437.62,7049638.225223002
1780074000,437.54,438.98,436.9,437.21,2929619.137029999
1780077600,437.26,438.15,434.98,435.04,2921791.380213
1780081200,435.17,437.88,434.04,435.57,5357315.760297
1780084800,435.24,435.79,434.6886,435.07,644810.2280980002
1780088400,435.11,435.2,434.41,434.51,62426.86747600001
1780092000,434.44,434.86,434.4,434.43,53053.415051
1780095600,434.3,434.5997,434.1,434.34,66004.81620899998
1780272000,435.74,437.5,433.89,434.3,65738.0
1780275600,434.35,434.41,432.0,432.88,58391.0
1780279200,432.88,433.51,432.41,432.6,36733.0
1780282800,432.71,433.47,432.11,432.12,32607.0
1780286400,432.11,432.56,431.21,431.36,42981.0
1780290000,431.44,431.93,430.99,431.6,33056.0
1780293600,431.61,432.06,431.06,431.64,30563.0
1780297200,431.59,431.59,430.6,431.59,31240.0
1780300800,431.58,432.56,429.99,430.87,336282.60515900014
1780304400,431.26,431.76,428.88,429.21,123014.2493
1780308000,429.84,430.97,429.4,430.61,72719.22351599998
1780311600,430.89,431.52,429.25,429.57,245138.25494400007
1780315200,430.0,436.879,429.03,429.39,208143.74442200008
1780318800,429.5,430.0,422.6401,422.97,6247005.775052001
1780322400,422.965,424.86,418.65,419.4,7570546.706721001
1780326000,419.51,424.1,419.38,420.99,5827643.767439998
1780329600,421.12,422.0691,418.35,420.91,4920362.388555002
1780333200,420.88,421.71,419.52,420.43,3399116.071921999
1780336800,420.395,420.96,418.99,419.14,2988495.8145830003
1780340400,419.07,419.2999,415.43,415.54,7320508.816296
1780344000,415.9,417.18,415.23,415.3,611968.9277710001
1780347600,415.49,415.75,415.1,415.25,627367.0859100001
1780351200,415.2,415.25,413.25,414.2,268789.154854
1780354800,414.01,414.19,413.45,413.53,133284.14182600004
1780358400,413.91,413.99,410.64,411.59,59318.0
1780362000,411.72,413.46,411.47,411.91,35251.0
1780365600,411.91,412.99,411.3,412.43,33828.0
1780369200,412.43,412.69,411.81,412.02,17054.0
1780372800,412.01,414.67,411.83,414.61,28957.0
1780376400,414.58,416.5,414.2,415.05,37992.0
1780380000,415.14,415.99,414.5,415.99,25507.0
1780383600,415.93,417.16,415.65,416.87,43319.0
1780387200,416.99,418.98,411.8152,417.8,416652.330691
1780390800,417.91,419.15,416.8,419.01,97243.21799800002
1780394400,418.5,418.87,415.865,415.99,111327.97686899998
1780398000,415.89,417.41,415.41,416.85,218173.22749599992
1780401600,417.25,418.5,417.13,417.66,278178.15427000006
1780405200,417.75,419.4927,413.65,417.03,5435468.579566001
1780408800,416.78,423.3,415.79,422.92,8420233.274354998
1780412400,422.935,423.47,420.54,421.83,3867347.132771001
1780416000,421.91,422.84,420.08,422.39,2801357.9653749997
1780419600,422.55,423.33,420.71,422.37,2552077.1223989995
1780423200,422.32,423.06,421.15,421.98,2074650.618646
1780426800,421.98,424.42,419.79,423.77,5404905.496467
1780430400,423.73,424.05,422.57,422.89,1628902.666675001
1780434000,422.27,422.927,422.0,422.05,77757.272939
1780437600,422.4,422.5,421.25,421.32,50825.576691
1780441200,421.64,421.97,420.6,421.71,89018.349548
1780444800,421.69,421.84,420.58,420.92,12995.0
1780448400,420.99,420.99,419.42,420.18,25459.0
1780452000,420.12,420.45,419.5,420.1,8745.0
1780455600,420.09,420.51,419.66,420.14,10187.0
1780459200,420.14,420.51,419.7,419.87,17515.0
1780462800,419.84,420.64,419.7,420.58,9144.0
1780466400,420.62,421.42,420.32,420.88,19353.0
1780470000,420.93,421.5,419.72,420.3,15685.0
1780473600,418.82,421.5,418.5,419.3,172340.05046599996
1780477200,418.09,419.54,417.25,418.03,82375.086045
1780480800,418.01,419.0,417.15,417.92,64647.116307
1780484400,418.52,421.48,418.5,419.71,214144.54397899998
1780488000,419.51,420.58,419.21,419.6,120509.593969
1780491600,419.81,425.4836,416.0,423.05,6090604.382164001
1780495200,423.0,433.53,422.8901,432.81,10168793.760252997
1780498800,432.89,433.6,423.6,423.62,6486245.764552
1780502400,423.705,424.7,420.65,422.005,4952576.776962002
1780506000,422.075,422.73,418.55,422.69,4136983.8758980003
1780509600,422.63,424.92,422.16,423.08,3581586.669891
1780513200,422.85,423.94,421.23,423.83,4608338.456669001
1780516800,423.48,424.0,422.33,422.36,860754.075775
1780520400,422.59,423.45,421.3,421.71,124856.247679
1780524000,421.6,422.9,420.88,421.0,94738.99104600001
1780527600,421.31,421.6409,419.5,419.89,119355.71270799998
1780531200,420.01,422.21,419.99,421.61,18007.0
1780534800,421.72,425.78,421.71,422.75,68482.0
1780538400,422.79,422.89,420.15,421.56,35392.0
1780542000,421.59,422.89,421.55,422.1,12033.0
1780545600,422.1,422.48,421.71,421.87,12071.0
1780549200,421.81,421.89,420.0,420.7,27954.0
1780552800,420.84,421.33,420.17,421.24,20228.0
1780556400,421.2,421.95,420.81,420.81,14474.0
1780560000,420.325,421.493,419.742,420.395,200805.43440099998
1780563600,420.395,420.85,418.295,420.728,104689.922981
1780567200,420.729,420.729,418.625,419.5,60289.345101000006
1780570800,419.538,421.545,419.107,421.101,165620.403493
1780574400,421.101,422.88,420.484,422.075,184526.6638749999
1780578000,422.079,426.315,418.145,421.96,5170973.302163
1780581600,421.953,425.845,417.93,418.444,7263050.558196999
1780585200,418.459,421.54,417.195,418.828,5015495.682644001
1780588800,418.817,420.431,417.69,418.812,2869986.340660001
1780592400,418.813,421.25,418.02,419.945,3050251.692648001
1780596000,419.939,420.32,418.44,419.235,2152425.4857079997
1780599600,418.74,418.78,418.31,418.485,4111476.9097929997
1780603200,418.442,418.45,417.02,417.355,570602.0190589998
1780606800,417.355,417.72,417.105,417.42,61172.061344000016
1780610400,417.42,417.567,417.0,417.095,76536.81676000002
1780614000,417.095,417.095,416.02,416.268,111863.54263999999
1780617600,416.269,416.36,412.69,413.02,74650.0
1780621200,413.06,414.75,411.65,414.5,56062.0
1780624800,414.61,415.09,414.06,414.24,25460.0
1780628400,414.25,414.46,412.95,413.19,16626.0
1780632000,413.21,419.11,413.21,418.19,81165.0
1780635600,418.05,418.21,415.64,416.42,26086.0
1780639200,416.34,417.26,416.08,416.62,29290.0
1780642800,416.66,418.0,415.49,417.03,39335.0
1780646400,416.295,418.335,416.295,417.426,324737.14650800003
1780650000,417.426,418.788,416.83,417.851,51069.33190199998
1780653600,417.85,419.872,417.85,419.09,83884.79694000001
1780657200,419.025,419.606,417.81,419.035,220980.50135800004
1780660800,419.035,422.016,418.03,420.039,463715.3038779999
1780664400,420.04,424.58,409.77,409.78,8053938.184109002
1780668000,409.71,411.32,405.26,405.564,8004335.419839
1780671600,405.45,405.94,400.46,401.366,7651913.438324002
1780675200,401.364,401.49,396.165,397.669,7642859.665077999
1780678800,397.677,397.77,394.92,396.11,6041584.150979
1780682400,396.16,396.2,390.71,391.77,6811841.192928998
1780686000,391.733,393.46,388.63,390.768,10609863.427887002
1780689600,390.781,391.172,389.398,390.608,560885.6774319999
1780693200,390.608,392.45,390.448,392.4,504413.3742940002
1780696800,392.388,393.255,392.155,392.929,177841.212155
1780700400,392.93,392.938,390.801,391.328,160578.433013
1780704000,391.323,391.323,391.302,391.302,0.0
1780876800,392.74,398.01,391.36,396.93,153751.0
1780880400,396.99,397.29,392.21,394.86,85419.0
1780884000,394.87,396.5,393.77,395.47,57391.0
1780887600,395.62,396.41,395.13,395.65,23814.0
1780891200,395.61,395.86,392.37,392.61,46399.0
1780894800,392.79,393.65,389.7,391.46,66223.0
1780898400,391.46,393.4,390.62,391.55,54293.0
1780902000,391.53,395.32,391.09,394.19,43079.0
1780905600,391.894,395.11,391.894,393.25,398473.925308
1780909200,393.43,396.206,393.275,396.174,79995.07042199999
1780912800,396.175,396.746,394.625,395.865,89131.943172
1780916400,395.865,398.615,395.72,397.599,317590.654478
1780920000,397.599,400.5,397.599,399.89,355953.0733710002
1780923600,399.89,402.41,394.85,401.06,7035955.785394002
1780927200,401.035,404.42,400.33,403.894,6874731.482148003
1780930800,403.79,404.2,399.41,402.093,4983712.388939998
1780934400,402.075,407.41,401.745,406.985,6126582.6005730005
1780938000,406.979,411.82,406.14,409.96,6670122.009540997
1780941600,409.945,412.93,409.915,411.885,5066484.897143003
1780945200,411.83,412.02,407.61,408.94,6796755.804073
1780948800,408.879,409.059,407.922,408.004,957659.6912929997
1780952400,408.005,408.133,407.546,407.55,798086.852146
1780956000,407.55,407.863,406.351,407.704,98243.54167399998
1780959600,407.704,408.798,407.275,408.794,91569.48079399999
1780963200,408.797,409.25,406.3,406.89,23633.0
1780966800,407.0,408.95,406.78,407.9,19815.0
1780970400,407.97,408.29,407.51,408.08,13525.0
1780974000,408.08,409.23,408.0,408.95,18524.0
1780977600,408.91,410.08,408.59,409.74,15515.0
1780981200,409.68,410.14,409.21,410.13,17581.0
1780984800,410.12,411.51,410.12,410.71,22377.0
1780988400,410.67,411.59,410.0,410.24,14944.0
1780992000,409.078,412.18,409.078,411.261,183242.8424909999
1780995600,411.26,411.7,410.255,411.25,45205.777192999994
1780999200,411.25,412.33,410.55,411.703,52704.877286999996
1781002800,411.702,412.17,411.22,412.122,157324.90580699997
1781006400,412.122,415.78,412.048,414.3,521617.873375
1781010000,414.283,418.51,410.87,411.423,7096913.571552001
1781013600,411.52,413.83,401.64,402.851,9216943.477408001
1781017200,402.862,402.862,391.78,392.342,8391384.400810001
1781020800,392.332,393.83,384.26,388.139,9572303.826400999
1781024400,388.149,396.02,387.78,395.416,7626611.563508
1781028000,395.51,397.68,394.78,397.04,5253006.074652
1781031600,397.092,397.5,394.17,396.55,6400014.591789002
1781035200,396.693,397.575,396.185,397.45,1237332.5668829998
1781038800,397.45,397.45,395.596,395.92,84936.01694699998
1781042400,395.92,396.891,395.106,395.487,80607.68127399997
1781046000,395.493,396.251,394.933,395.802,78905.14978800001
1781049600,395.797,397.48,394.25,396.28,32581.0
1781053200,396.4,396.99,394.86,395.29,14654.0
1781056800,395.2,395.3,392.19,392.85,28907.0
1781060400,392.81,394.01,392.81,393.41,16217.0
1781064000,393.41,393.56,390.55,391.64,44000.0
1781067600,391.65,393.02,390.62,392.78,18433.0
1781071200,392.78,393.46,392.37,393.24,21095.0
1781074800,393.15,393.67,392.21,392.88,15485.0
1781078400,395.28,395.28,389.61,390.1,230178.58412800005
1781082000,390.1,391.057,388.438,390.485,90008.80531000004
1781085600,390.485,392.3,389.696,392.125,71063.473023
1781089200,392.125,392.81,389.019,390.508,272634.777542
1781092800,390.504,395.81,390.451,393.143,420444.7015769999
1781096400,393.134,397.06,391.11,392.005,6270555.9341589995
1781100000,392.135,393.37,384.75,385.396,9392147.768197998
1781103600,385.396,387.595,382.72,386.404,7626440.470552
1781107200,383.336,383.423,383.336,383.423,5325777.832159002
1781110800,383.428,385.51,382.17,384.86,4031689.7946650013
1781114400,384.94,385.566,381.6,381.94,3730204.2128010006
1781118000,381.985,383.275,380.14,381.691,6624646.366391999
1781121600,381.68,381.792,380.243,381.045,1675222.3389930003
1781125200,381.045,381.27,380.32,380.598,101616.14750200004
1781128800,380.604,380.68,378.897,379.196,212081.030472
1781132400,379.188,379.821,378.079,378.857,197494.067033
1781136000,378.853,382.87,378.59,382.49,43531.0
1781139600,382.63,386.79,382.53,383.35,92279.0
1781143200,383.2,384.11,380.24,382.13,43929.0
1781146800,382.1,383.76,381.04,383.64,18386.0
1781150400,383.65,385.32,382.87,384.7,24184.0
1781154000,384.78,385.72,383.74,385.01,29521.0
1781157600,385.0,385.89,384.49,385.84,22849.0
1781161200,385.81,387.26,385.19,386.51,43238.0
1781164800,380.117,389.44,380.117,388.062,302653.24028599996
1781168400,388.061,388.25,386.87,387.314,49243.622963999995
1781172000,387.313,388.89,385.75,385.75,79325.225675
1781175600,385.75,388.37,384.611,388.175,264376.53304500005
1781179200,388.168,388.409,382.99,386.195,578841.493301
1781182800,387.94,388.45,387.76,388.3,6377501.392604001
1781186400,388.37,390.19,383.81,384.639,6758358.160095001
1781190000,384.663,387.22,383.72,386.325,3979753.8113159984
1781193600,386.327,387.97,384.43,384.458,3830856.1177010005
1781197200,384.464,394.4,383.01,393.181,5799085.241770001
1781200800,393.187,394.14,390.29,393.252,3670288.369593
1781204400,399.29,399.36,398.71,399.09,8273393.55704
1781208000,399.15,399.84,397.236,397.593,497043.72784099996
1781211600,397.594,398.635,397.51,398.487,195393.40723500002
1781215200,398.488,399.665,398.429,399.511,212588.480105
1781218800,399.511,399.511,398.701,398.9,145987.77040099996
1781222400,398.52,403.99,398.43,401.87,77525.0
1781226000,401.87,401.87,398.0,399.79,82252.0
1781229600,399.72,400.46,398.7,399.46,25442.0
1781233200,399.26,399.9,398.52,399.79,14042.0
1781236800,399.77,400.39,399.14,400.3,15416.0
1781240400,400.16,400.38,397.51,397.77,23184.0
1781244000,397.77,398.99,396.75,397.36,27093.0
1781247600,397.22,398.57,395.59,398.21,47496.0
1781251200,398.9,401.327,397.797,400.209,310608.7369709999
1781254800,400.196,401.86,400.027,400.913,72983.143253
1781258400,400.919,401.112,399.41,399.951,73948.57017799998
1781262000,399.87,403.21,399.87,403.077,291209.838567
1781265600,403.076,404.223,397.99,398.079,528919.164872
1781269200,398.066,404.26,394.48,394.621,8631363.773870999
1781272800,394.618,398.7,391.91,397.361,9079108.759202998
1781276400,397.356,400.26,388.675,389.018,7911656.219075001
1781280000,389.31,399.18,386.76,399.135,9459607.426416997
1781283600,399.141,405.19,398.77,403.184,8248665.531601005
1781287200,403.2,405.01,399.915,401.262,5376609.974826001
1781290800,401.32,406.67,401.21,406.55,9062494.017688999
1781294400,406.487,407.4,405.032,405.26,582527.7813920001
1781298000,405.26,405.99,405.26,405.54,94803.43061899999
1781301600,405.68,406.21,405.575,405.88,91437.32758799999
1781305200,405.88,406.164,405.591,406.058,65625.939968
1781308800,406.047,406.17,405.95,405.95,0.2425
1781312400,406.2,406.27,405.91,406.27,0.3036
1781316000,406.01,406.36,405.9,406.36,0.3167
1781330400,406.45,406.45,406.11,406.11,0.0801
1781334000,406.48,406.52,406.26,406.52,0.3333
1781337600,406.52,406.52,406.52,406.52,0.0516
1781341200,406.53,406.57,406.53,406.57,0.3247
1781344800,406.57,406.6,406.57,406.6,0.3194
1781348400,406.35,406.35,405.67,405.78,2.0562
1781352000,405.75,405.75,405.56,405.56,0.3376
1781355600,405.5,405.6,405.37,405.6,0.3729
1781359200,405.6,405.86,405.6,405.86,0.186
1781366400,405.8,405.86,405.8,405.86,0.1232
1781370000,405.86,405.96,405.86,405.96,0.0737
1781384400,405.86,405.86,405.86,405.86,0.0417
1781388000,405.99,406.02,405.99,406.02,0.1135
1781395200,405.37,405.37,405.21,405.21,0.6514
1781398800,405.14,405.57,405.14,405.57,0.3212
1781406000,405.57,405.81,405.57,405.81,0.2473
1781409600,405.81,405.9,405.03,405.03,0.6331
1781413200,405.19,405.9,405.19,405.51,0.2152
1781416800,405.98,406.03,405.98,406.03,0.0761
1781420400,406.04,406.13,406.04,406.13,0.1663
1781424000,406.13,406.68,406.13,406.17,0.5391
1781427600,405.04,406.34,405.03,406.34,0.5988
1781431200,406.39,406.45,406.39,406.45,0.5863
1781434800,406.46,406.46,406.2,406.2,0.3057
1781438400,406.21,406.54,406.2,406.54,0.1238
1781442000,406.31,406.57,406.31,406.57,0.297
1781445600,406.61,406.61,406.61,406.61,0.0516
1781449200,406.63,406.63,406.63,406.63,0.0614
1781478000,406.4,406.4,406.35,406.35,0.2255
1781481600,409.82,413.11,407.79,409.52,106945.0
1781485200,409.47,411.66,409.37,411.01,61093.0
1781488800,411.03,411.53,409.96,410.86,31927.0
1781492400,410.76,410.78,409.9,410.22,29536.0
1781496000,410.25,411.39,409.86,411.32,17982.0
1781499600,411.32,411.8,410.8,411.12,37683.0
1781503200,411.19,411.5,410.78,411.39,29068.0
1781506800,411.31,412.29,410.92,411.21,66547.0
1781510400,406.909,412.44,406.909,411.812,375144.3951480001
1781514000,411.811,412.31,410.935,411.223,99406.57684499999
1781517600,411.213,411.348,409.75,410.331,71443.769919
1781521200,410.62,413.01,410.337,411.878,342718.77996400004
1781524800,411.878,413.5,411.789,412.264,301655.11092500004
1781528400,412.264,416.0,407.9,411.265,7283655.378149
1781532000,411.258,412.99,408.11,410.487,6450922.999767999
1781535600,410.483,411.24,407.13,408.966,6186256.796504001
1781539200,408.957,412.21,408.1,408.846,5291520.309433998
1781542800,408.845,411.91,408.74,411.184,4055563.4108939995
1781546400,411.192,411.35,409.45,409.578,3621149.3767009997
1781550000,410.38,411.23,410.16,411.23,6006901.309063
1781553600,410.908,411.94,409.633,409.999,397511.21484499995
1781557200,409.999,410.19,409.57,409.725,74446.95285799999
1781560800,409.725,409.725,408.55,408.67,95588.62759499995
1781564400,408.68,409.0,408.527,408.987,90584.56674599997
1781568000,409.0,409.11,403.04,403.29,104725.0
1781571600,403.29,405.62,403.29,404.76,73218.0
1781575200,404.72,405.22,403.81,403.81,38329.0
1781578800,403.97,405.84,403.8,404.73,35271.0
1781582400,404.75,404.79,403.55,404.04,29434.0
1781586000,404.0,405.14,403.91,404.85,24369.0
1781589600,404.8,405.45,404.75,405.18,20947.0
1781593200,405.14,405.59,404.99,405.5,25899.0
1781596800,408.405,408.405,404.376,404.883,283675.15813199995
1781600400,404.884,405.203,404.098,404.654,85637.67797599999
1781604000,404.654,405.624,404.429,405.115,86341.84800200001
1781607600,405.161,409.33,405.161,407.69,397561.4434980001
1781611200,407.69,407.73,405.908,406.241,227220.42047700004
1781614800,406.232,412.345,400.55,409.86,7479031.276576
1781618400,409.87,410.345,401.21,406.562,8570284.618717998
1781622000,406.605,411.77,404.5,406.053,6455846.131452997
1781625600,406.034,407.51,403.6,405.03,3411115.3432919993
1781629200,405.045,405.53,403.07,404.896,2707811.305985
1781632800,404.89,405.98,404.39,405.091,1966851.555997
1781636400,405.1,407.26,403.73,404.72,4905519.078913
1781640000,404.547,404.755,403.353,403.446,205623.3410570001
1781643600,403.443,403.825,403.3,403.805,49381.009595
1781647200,403.812,403.835,403.19,403.445,64146.927744999986
1781650800,403.445,403.56,402.78,402.841,68941.21804799998
1781654400,403.41,404.15,402.843,403.26,20532.0
1781658000,403.15,403.76,403.0,403.65,10324.0
1781661600,403.7,404.67,403.54,404.12,16356.0
1781665200,404.13,404.46,403.8,404.3,4800.0
1781668800,404.36,404.6,403.9,403.97,8053.0
1781672400,403.93,404.08,402.94,403.0,27988.0
1781676000,403.0,404.02,402.94,403.53,17714.0
1781679600,403.55,404.49,403.36,404.27,19026.0
1781683200,403.078,404.775,403.078,403.585,161816.62875300006
1781686800,403.588,404.705,403.551,404.19,31163.614337
1781690400,404.19,404.349,403.18,403.239,29722.033311
1781694000,403.279,404.285,401.5,402.034,174571.925344
1781697600,402.062,402.622,400.54,401.19,251100.11801399995
1781701200,401.184,403.52,398.37,398.598,4945718.522891
1781704800,398.45,402.89,397.665,399.648,6805075.829487999
1781708400,399.62,401.25,397.6,401.047,4234510.804048001
1781712000,401.039,405.08,400.84,403.785,5159118.352180998
1781715600,403.802,405.85,402.9,404.81,3155936.335706
1781719200,404.674,404.95,398.42,400.59,5712286.654917997
1781722800,400.65,401.55,393.855,396.311,7679651.137213999
1781726400,396.309,397.573,396.308,397.176,1421234.9211809996
1781730000,397.18,397.624,396.45,397.15,80807.94144700002
1781733600,397.15,397.96,396.69,397.49,90564.47102399998
1781737200,397.49,397.885,397.165,397.705,90060.54361899999
1781740800,397.62,399.89,397.39,399.12,33553.0
1781744400,399.11,400.28,399.11,399.8,22765.0
1781748000,399.74,400.15,399.16,399.23,9374.0
1781751600,399.25,399.4,398.86,399.11,11429.0
1781755200,399.13,399.13,397.22,398.24,15263.0
1781758800,398.24,398.84,397.71,398.04,15081.0
1781762400,398.05,398.81,397.49,398.78,20161.0
1781766000,398.67,399.21,397.99,399.21,15075.0
1781769600,397.701,399.68,397.701,398.455,159824.27852500003
1781773200,398.468,399.045,398.163,398.85,30195.817175999997
1781776800,398.85,398.855,397.8,398.382,37859.53678200001
1781780400,398.51,398.589,397.201,397.743,150406.04308999996
1781784000,397.746,398.23,397.577,398.099,140431.32279699994
1781787600,398.101,399.979,386.82,388.63,9647446.214189999
1781791200,388.422,391.99,384.735,388.483,8494874.759843
1781794800,388.477,391.48,387.41,390.819,6223878.8029499985
1781798400,390.838,393.95,390.59,393.601,5189047.765124001
1781802000,393.606,397.14,392.6,395.684,4630870.944359
1781805600,395.69,396.105,394.145,394.639,4407482.738998001
1781809200,401.15,401.34,400.41,400.48,8814471.758479001
1781812800,400.681,400.769,398.849,399.577,1602666.8321470008
1781816400,399.577,400.01,399.316,399.317,81625.90512699999
1781820000,399.317,399.75,397.63,398.315,103147.98155099998
1781823600,398.313,398.798,398.205,398.667,49395.77577600001
1781827200,398.663,398.663,398.18,398.18,1.3277
1781834400,398.4,398.54,398.06,398.54,0.7728
1781838000,398.54,398.54,398.54,398.54,0.0203
1781841600,398.54,398.64,398.05,398.05,0.4238
1781845200,398.27,398.34,398.05,398.05,0.1079
1781848800,398.58,400.97,398.31,398.31,44.9819
1781852400,400.3,400.36,398.31,398.85,0.723
1781856000,399.25,400.48,399.18,399.18,0.54
1781859600,399.69,400.54,398.77,399.7,0.8167
1781863200,398.77,400.54,398.44,398.44,0.2533
1781870400,399.05,400.54,398.31,398.34,0.6021
1781874000,398.34,400.54,398.31,398.35,0.2899
1781877600,399.14,400.55,398.38,398.38,0.6827
1781884800,400.55,400.55,398.25,398.25,0.0738
1781888400,398.76,400.55,398.26,398.82,0.133
1781892000,398.25,400.55,398.25,400.55,0.054
1781895600,399.01,399.01,399.01,399.01,0.0262
1781906400,398.26,398.48,398.26,398.47,0.0908
1781910000,398.47,400.55,398.47,398.53,0.402
1781917200,400.55,400.55,399.29,399.29,0.2464
1781920800,400.59,400.59,400.59,400.59,0.0741
1781924400,400.63,400.68,398.81,400.68,0.3194
1781928000,400.68,400.76,400.68,400.76,0.3504
1781931600,400.78,401.03,400.38,401.03,1.2041
1781935200,401.07,401.46,401.07,401.46,1.4207
1781938800,401.09,401.57,400.96,401.57,1.2048
1781942400,401.6,402.01,401.19,401.31,1.5996
1781946000,401.31,402.05,401.3,401.83,0.2528
1781949600,401.83,402.05,401.25,401.25,0.4658
1781953200,402.05,402.05,401.09,401.71,0.5421
1781956800,402.05,402.05,401.71,401.71,0.0596
1781960400,401.1,401.1,401.09,401.09,0.2551
1781964000,401.09,401.09,401.07,401.07,0.1513
1781971200,402.03,402.03,402.03,402.03,0.0746
1781974800,401.99,401.99,401.01,401.01,0.2332
1781985600,401.26,401.26,401.02,401.02,0.0621
1781989200,401.45,402.03,400.91,400.91,0.1436
1781992800,402.0,402.0,402.0,402.0,0.0626
1781996400,402.0,402.0,402.0,402.0,0.3194
1782000000,402.03,402.11,402.0,402.11,1.2536
1782003600,402.15,403.0,402.15,403.0,9.38
1782007200,403.01,403.09,402.64,402.64,0.5786
1782010800,403.15,403.4,403.15,403.4,0.571
1782014400,402.97,402.97,402.96,402.96,0.0716
1782018000,403.45,403.45,403.21,403.21,0.1691
1782021600,403.46,403.56,403.2,403.29,0.4571
1782025200,403.27,403.62,403.21,403.21,0.6411
1782028800,403.21,403.84,403.18,403.84,1.128
1782032400,403.91,404.11,403.75,403.75,0.9022
1782036000,404.15,404.26,403.89,403.89,0.8896
1782039600,404.27,404.27,404.04,404.04,0.1673
1782043200,404.28,404.32,403.83,404.32,0.2064
1782046800,403.83,404.44,403.79,403.99,0.3005
1782050400,404.45,404.46,403.99,404.46,0.3119
1782054000,404.46,404.46,404.46,404.46,0.4006
1782057600,404.46,404.46,404.46,404.46,0.1868
1782061200,404.47,404.6,404.21,404.6,0.5888
1782064800,404.62,404.67,404.2,404.2,0.6511
1782068400,404.2,404.2,404.17,404.17,0.1064
1782075600,404.68,404.71,404.68,404.71,0.1124
1782079200,404.17,404.17,404.14,404.14,0.072
1782086400,396.69,399.0,395.1,395.97,70292.0
1782090000,395.99,396.51,394.94,395.32,41512.0
1782093600,395.32,395.75,394.88,395.22,19640.0
1782097200,395.21,395.26,394.0,394.01,20399.0
1782100800,394.01,394.01,390.79,393.1,65003.0
1782104400,393.1,394.48,392.7,393.88,20017.0
1782108000,393.88,394.87,393.86,394.61,33997.0
1782111600,394.66,396.02,394.51,395.13,32112.0
1782115200,398.067,398.067,393.55,394.485,296900.768955
1782118800,394.479,395.388,394.261,394.675,38695.542516
1782122400,394.675,395.039,393.6,394.36,47258.48283999999
1782126000,394.383,396.892,394.185,396.8,173377.95975499993
1782129600,396.8,397.373,396.06,396.199,133609.451832
1782133200,396.2,406.78,392.77,406.44,6415495.465555
1782136800,406.73,414.69,401.58,404.733,12715704.908923998
1782140400,404.59,411.595,404.32,407.913,6136725.544414999
1782144000,407.87,409.36,406.29,408.178,3802587.7074629995
1782147600,408.185,409.54,405.59,407.792,3635855.170918002
1782151200,407.64,408.42,405.76,405.849,2693200.437451
1782154800,405.195,405.37,404.83,405.06,6283838.971511001
1782158400,404.921,405.0,403.805,404.21,356581.8427469999
1782162000,404.21,404.999,404.21,404.797,62929.29113600002
1782165600,404.6,404.925,403.54,403.616,60248.076098
1782169200,403.618,403.748,403.15,403.486,59338.432042000015
1782172800,403.489,404.56,402.31,403.32,31668.0
1782176400,403.25,403.47,400.87,401.4,30949.0
1782180000,401.53,401.94,399.87,399.99,37736.0
1782183600,399.9,400.24,398.06,399.24,28809.0
1782187200,399.32,399.88,397.76,397.81,23596.0
1782190800,397.81,398.39,396.65,396.87,50085.0
1782194400,396.96,397.71,396.0,396.61,90877.0
1782198000,396.54,397.11,394.93,395.08,55553.0
1782201600,402.295,402.295,390.512,392.773,524929.4639780001
1782205200,392.778,394.315,392.778,393.35,91180.65073200004
1782208800,393.35,393.555,391.475,393.192,76328.87465999999
1782212400,393.189,396.656,393.189,396.095,273209.26768000005
1782216000,396.095,396.661,393.337,394.232,249475.16979100002
1782219600,394.226,394.804,386.99,389.235,6495095.083583
1782223200,389.33,390.18,384.99,386.188,7603341.977303
1782226800,386.25,386.47,382.08,383.423,6422236.0860880045
1782230400,383.417,385.65,382.43,385.192,5466019.454051997
1782234000,385.16,385.81,381.18,381.365,3925508.7494920003
1782237600,381.25,382.41,379.08,379.785,4842753.861797
1782241200,379.71,382.59,379.6,381.525,6956452.884818999
1782244800,381.605,382.41,381.565,381.695,959336.0259369998
1782248400,381.695,382.535,381.662,382.535,473020.8163500001
1782252000,382.535,382.917,382.006,382.285,84046.36900899999
1782255600,382.285,382.684,381.718,382.365,85030.100545
1782259200,382.33,384.59,382.29,384.15,68421.0
1782262800,384.16,384.17,382.55,383.24,21177.0
1782266400,383.19,383.39,380.96,381.16,22660.0
1782270000,381.23,383.3,380.95,383.3,11943.0
1782273600,383.17,383.65,382.38,383.65,9082.0
1782277200,383.66,384.4,383.31,383.66,16245.0
1782280800,383.57,383.85,382.66,383.06,23643.0
1782284400,383.11,384.05,382.99,383.5,21228.0
1782288000,382.558,384.275,382.558,384.019,153186.26106800005
1782291600,384.013,384.28,383.302,384.001,31086.797181
1782295200,384.001,384.41,383.74,383.76,31961.126436000002
1782298800,383.759,384.4,382.89,384.2,104308.668876
1782302400,384.2,384.2,382.19,382.577,140256.842079
1782306000,382.581,384.55,378.91,381.391,4329392.990100998
1782309600,381.49,383.6,379.54,383.401,5194569.120505
1782313200,383.53,384.34,380.43,380.539,3945594.8062470006
1782316800,380.485,381.92,377.86,378.513,3421321.149332999
1782320400,378.475,379.25,374.24,374.531,4847247.403850998
1782324000,374.605,377.57,373.67,374.001,4517886.943829999
1782327600,374.012,377.39,373.08,375.449,5364253.5477950005
1782331200,375.463,378.21,374.312,377.55,657171.2449409999
1782334800,377.55,378.45,377.235,378.45,128842.60653900003
1782338400,378.45,378.838,377.21,377.323,113513.98860600003
1782342000,377.322,378.199,377.25,377.889,75874.53065700001
1782345600,377.41,378.38,374.46,375.31,61155.0
1782349200,375.22,375.66,373.83,373.9,49167.0
1782352800,373.85,374.72,373.78,374.56,24978.0
1782356400,374.61,374.81,374.36,374.54,30645.0
1782360000,374.56,374.86,374.49,374.77,17135.0
1782363600,374.78,376.07,374.65,375.75,18880.0
1782367200,375.75,376.71,375.7,376.51,22084.0
1782370800,376.59,378.69,376.52,378.22,26779.0
1782374400,377.876,379.49,377.311,377.47,201601.624941
1782378000,377.47,378.2,376.97,377.797,34718.912786
1782381600,377.796,378.645,375.01,376.944,89480.72148799997
1782385200,376.944,377.394,374.981,376.093,172157.150872
1782388800,376.098,378.32,375.6,376.339,179842.536033
1782392400,376.339,379.07,371.42,371.548,5139806.800165001
1782396000,371.596,378.21,371.596,374.791,4724383.687947998
1782399600,374.76,377.34,372.435,375.566,4027427.5004970008
1782403200,375.58,376.62,372.03,373.155,2682152.0207869997
1782406800,373.18,375.16,372.88,374.39,2259449.7552860007
1782410400,374.44,375.97,372.49,373.892,2813447.495253
1782414000,374.5,375.2,374.42,375.13,4483013.733172999
1782417600,375.034,376.975,374.383,374.625,760355.6637280001
1782421200,374.625,374.8,374.366,374.576,38080.79560099999
1782424800,374.69,374.825,374.19,374.535,47471.574882
1782428400,374.531,375.542,374.01,374.215,85134.01788599999
1782432000,374.214,375.0,372.36,372.81,17635.0
1782435600,372.79,373.87,371.14,371.19,24026.0
1782439200,371.21,371.65,367.06,367.64,68097.0
1782442800,367.6,369.89,367.47,369.68,69562.0
1782446400,369.84,370.48,367.61,367.78,23959.0
1782450000,367.78,369.31,367.5,368.44,24635.0
1782453600,368.52,371.01,367.92,370.37,41821.0
1782457200,370.37,371.13,369.23,371.07,33562.0
1782460800,373.609,373.609,370.559,371.0,239838.641856
1782464400,370.53,371.642,369.99,371.37,42379.551832000005
1782468000,370.65,371.31,370.5,370.65,28939.415978000005
1782471600,370.88,371.393,370.483,370.5,92382.392467
1782475200,370.97,371.304,370.218,370.5,114219.48470399999
1782478800,369.99,374.66,368.55,374.52,5352455.507108
1782482400,374.62,379.36,373.94,378.205,6019303.044739999
1782486000,378.405,387.8,378.21,384.91,8203841.166977
1782489600,384.995,386.03,382.345,385.396,4378769.861277
1782493200,385.415,387.315,384.465,384.65,4022543.0803480004
1782496800,384.65,384.93,379.07,379.88,4732476.061283
1782500400,379.88,382.79,378.57,379.01,7337886.223056001
1782504000,379.33,379.785,376.903,377.85,3176038.4508639984
1782507600,377.64,378.05,377.1,377.31,81587.68924800002
1782511200,377.57,378.01,377.43,377.97,46927.398849000005
1782514800,377.895,378.175,377.88,377.88,39358.713037999994
1782518400,377.878,377.878,377.876,377.876,3.3565
1782522000,377.98,378.0,377.8,377.8,0.4215
1782525600,377.8,378.34,377.68,378.22,3.5242
1782529200,378.22,378.45,377.39,377.39,3.8568
1782532800,377.39,377.58,375.65,375.65,14.9383
1782536400,375.96,377.1,375.5,375.53,5.5226
1782540000,375.65,375.65,375.2,375.2,1.2244
1782543600,375.11,376.03,371.53,375.99,58.9327
1782547200,371.5,378.0,369.68,378.0,19.9122
1782550800,369.79,370.49,369.79,370.49,0.178
1782554400,378.02,381.36,377.43,377.82,7.0077
1782558000,378.05,378.65,377.44,377.44,14.8828
1782561600,377.96,378.39,377.3,377.6,13.8761
1782565200,377.6,378.08,377.6,377.6,12.4394
1782568800,378.08,380.74,377.6,380.5,36.6753
1782572400,380.86,384.89,377.49,377.95,87.2143
1782576000,377.96,380.59,375.63,378.4,383.9601
1782579600,378.79,380.13,378.04,378.48,20.8795
1782583200,380.11,380.15,378.44,380.13,1.7508
1782586800,380.14,381.45,378.11,381.45,14.1382
1782590400,381.46,381.57,381.05,381.57,1.6874
1782594000,381.57,381.57,381.24,381.24,0.219
1782597600,381.57,381.57,378.34,378.34,2.2776
1782601200,378.34,381.63,378.34,381.63,3.6989
1782604800,381.63,381.74,381.09,381.09,0.7263
1782608400,381.78,382.82,381.07,382.1,18.5024
1782612000,382.8,386.15,382.11,385.56,52.753
1782615600,386.22,388.34,381.35,386.3,150.8344
1782619200,388.34,389.45,378.24,389.45,15.6147
1782622800,389.49,390.88,389.06,390.3,21.7468
1782626400,390.32,390.32,387.83,389.9,4.4985
1782630000,388.71,388.75,377.46,378.2,8.3711
1782633600,378.2,378.67,377.84,378.3,218.3949
1782637200,378.3,379.93,378.13,379.8,189.7989
1782640800,379.9,381.63,379.84,381.2,50.3146
1782644400,381.2,382.15,380.23,381.5,18.9012
1782648000,381.5,384.68,379.8,384.24,155.4764
1782651600,384.24,386.6,384.05,386.2,165.4949
1782655200,386.2,387.97,384.28,387.31,47.8992
1782658800,388.02,391.87,379.75,391.39,64.6615
1782662400,391.39,391.8,379.31,391.8,18.8095
1782666000,379.6,391.8,379.6,379.65,17.9625
1782669600,391.0,391.8,379.7,379.7,9.2793
1782673200,390.99,390.99,379.7,379.7,0.331
1782676800,379.7,391.8,379.7,391.8,1.689
1782691200,381.72,381.75,378.7,380.24,32089.0
1782694800,380.33,381.63,379.8,381.35,20827.0
1782698400,381.33,381.61,380.19,381.46,11284.0
1782702000,381.54,382.37,380.97,382.35,13323.0
1782705600,382.25,382.49,381.22,381.22,4496.0
1782709200,381.38,382.87,381.07,382.85,9231.0
1782712800,382.85,382.85,382.1,382.6,14038.0
1782716400,382.59,383.51,382.32,382.83,20115.0
1782720000,383.0,383.645,378.689,382.43,151537.69200399992
1782723600,382.74,382.925,382.243,382.63,31367.306868000007
1782727200,382.01,382.949,382.01,382.37,46994.878164999995
1782730800,382.7,383.405,382.414,382.61,135501.92475999994
1782734400,382.15,382.9,381.367,381.83,149277.141485
1782738000,382.14,393.95,379.37,391.81,7615969.1454489995
1782741600,391.79,398.3,389.13,397.56,9385500.198955001
1782745200,397.65,400.79,395.37,400.595,6012528.414971999
1782748800,400.664,404.89,400.658,403.67,5959246.431311
1782752400,403.69,410.62,403.24,409.05,6961364.175101999
1782756000,408.98,410.89,408.23,410.33,5694265.797679
1782759600,410.34,413.245,408.7,411.66,9742672.889211997
1782763200,411.47,412.507,410.359,411.105,5091925.642701001
1782766800,411.0,411.305,410.906,411.09,195009.30102400004
1782770400,410.79,411.037,408.693,408.86,160975.619496
1782774000,408.83,409.475,408.51,409.15,107261.194676
1782777600,408.96,410.43,407.96,408.86,10.0
1782781200,408.85,409.34,407.7,409.15,19900.0
1782784800,409.17,409.59,408.53,408.94,22344.0
1782788400,408.95,410.7,408.71,410.16,17368.0
1782792000,410.13,411.99,410.13,411.44,20073.0
1782795600,411.41,412.04,410.72,411.02,16630.0
1782799200,411.09,411.21,410.0,410.21,12385.0
1782802800,410.17,410.78,408.954,409.48,14141.0
1782806400,409.49,410.525,407.571,407.83,214698.35126699993
1782810000,408.06,408.723,407.821,408.38,47102.331234
1782813600,408.37,409.4,407.942,409.21,50907.58005500001
1782817200,409.05,409.55,407.39,407.4,184679.923988
1782820800,407.45,407.609,404.5,404.5,378793.297961
1782824400,404.39,412.58,403.51,412.095,5486965.607129998
1782828000,411.93,416.25,410.98,414.19,6999582.464486
1782831600,414.39,418.0,412.71,415.81,5001042.711955
1782835200,415.77,418.64,415.15,418.0,3143744.5121990005
1782838800,417.97,419.47,415.99,417.505,3149422.841896
1782842400,417.65,422.14,417.521,422.025,4678616.016549
1782846000,421.945,424.53,420.37,420.37,8559700.815613
1782849600,419.99,420.582,417.377,417.91,5011877.078582
1782853200,417.91,418.277,417.431,417.62,137309.57968300002
1782856800,417.21,417.688,415.99,415.99,179050.65922100004
1782860400,415.86,416.361,415.86,416.01,162032.525575
1782864000,416.89,417.43,415.965,416.35,25.0
1782867600,416.29,416.32,414.74,414.85,32648.0
1782871200,414.8,415.24,414.05,415.17,23522.0
1782874800,415.17,415.78,415.05,415.66,10397.0
1782878400,415.64,416.16,415.35,416.08,12441.0
1782882000,416.06,416.65,415.88,416.2,11789.0
1782885600,416.23,418.69,415.73,418.69,39134.0
1782889200,418.7,418.71,417.2,417.77,28265.0
1782892800,418.01,419.055,415.903,418.57,240675.98246
1782896400,418.08,418.473,417.005,417.815,59802.076620999986
1782900000,417.64,419.47,417.438,418.99,118203.33488299997
1782903600,419.21,421.391,418.645,418.76,248381.926591
1782907200,418.65,419.963,417.96,419.01,232860.9913200001
1782910800,419.122,425.11,418.34,422.779,3838671.669542
1782914400,423.01,428.97,422.784,425.84,7613691.734765999
1782918000,425.78,432.84,425.78,428.415,6897659.879931
1782921600,428.42,428.69,425.69,426.58,3233957.14364
1782925200,426.64,427.68,424.92,424.92,3201579.435525999
1782928800,425.025,425.75,423.74,425.75,3321991.334912
1782932400,425.79,427.28,424.89,425.35,5771913.613708001
1782936000,424.51,425.467,424.3,424.84,3513837.0075139995
1782939600,424.81,425.025,424.106,424.5,127686.77031400001
1782943200,423.99,424.255,423.035,423.61,89637.83328300001
1782946800,423.54,423.685,422.8,423.36,91339.319178
1782950400,422.97,423.227,421.01,422.18,32652.0
1782954000,422.2,423.02,422.01,422.4,23882.0
1782957600,422.39,423.55,422.36,423.03,15215.0
1782961200,423.08,423.31,422.75,423.24,10786.0
1782964800,423.23,423.95,422.49,423.82,29654.0
1782968400,423.94,424.66,423.49,423.91,25335.0
1782972000,423.9,424.09,422.22,422.22,30299.0
1782975600,422.28,423.66,421.54,423.45,34737.0
1782979200,423.28,423.855,422.44,423.47,225290.634839
1782982800,423.9,430.0,423.68,430.0,145149.73328399996
1782986400,427.5,429.343,426.272,428.53,104603.58386299998
1782990000,428.56,428.89,426.655,426.97,122487.52026900003
1782993600,428.04,431.546,426.947,429.3,435834.1912960001
1782997200,430.74,437.99,410.82,413.03,11153618.552256
1783000800,413.055,414.32,395.4,397.76,16960974.018326998
1783004400,397.87,400.77,394.3,398.45,9351143.654068004
1783008000,398.335,398.68,390.29,390.81,7768449.772587999
1783011600,390.828,392.17,389.88,391.405,5742212.39723
1783015200,391.385,394.45,391.0,392.14,5690079.939862
1783018800,392.22,394.21,389.33,392.83,8421499.054286
1783022400,393.01,393.84,392.597,393.45,5626974.462125999
1783026000,393.61,393.705,393.166,393.4,1663266.1994599993
1783029600,393.2,394.8,393.156,394.55,132607.03499500002
1783033200,393.99,394.594,393.858,394.46,105121.02705500003
1783036800,394.47,394.47,394.47,394.47,5.0
1783040400,394.5,394.52,394.5,394.52,0.1317
1783044000,394.53,394.63,394.53,394.63,0.476
1783047600,394.33,394.65,394.33,394.65,0.1304
1783051200,394.69,394.99,394.39,394.74,2.7346
1783054800,395.05,395.89,395.05,395.05,5.9891
1783058400,396.05,396.05,395.45,396.05,0.5317
1783062000,395.75,397.23,395.75,397.23,7.0273
1783072800,397.25,397.5,396.94,396.94,4.1528
1783076400,397.42,397.55,396.71,396.71,2.0235
1783080000,396.71,396.71,396.7,396.7,0.415
1783083600,396.7,397.8,396.66,397.8,5.5114
1783087200,397.82,398.04,397.6,398.04,1.5648
1783090800,398.07,398.46,398.07,398.46,2.5102
1783094400,398.48,398.8,398.09,398.42,1.4174
1783098000,398.83,398.83,398.83,398.83,0.1
1783101600,398.88,398.88,398.88,398.88,0.0338
1783105200,398.88,398.88,398.88,398.88,0.0629
1783108800,399.02,399.02,399.02,399.02,0.0253
1783112400,398.69,398.69,398.39,398.39,0.2169
1783116000,399.02,399.02,398.25,398.25,0.1177
1783119600,398.25,398.74,397.63,398.74,2.0696
1783123200,398.49,399.53,398.49,399.13,8.1155
1783126800,399.02,399.02,397.7,397.7,3.2083
1783144800,397.75,398.88,397.38,398.88,2.9241
1783148400,398.91,398.91,398.91,398.91,0.3213
1783152000,398.95,398.95,398.95,398.95,0.054
1783155600,398.88,398.88,397.38,397.38,0.7432
1783180800,399.01,399.06,397.38,399.06,0.4456
1783184400,399.0,399.09,397.38,398.57,0.6044
1783188000,399.12,399.62,398.47,398.47,5.2721
1783191600,399.64,399.64,398.99,398.99,0.4393
1783213200,398.99,398.99,398.96,398.96,0.0361
1783216800,398.83,398.83,398.08,398.08,0.0928
1783220400,398.08,398.08,398.08,398.08,0.0302
1783227600,397.1,399.7,397.1,399.7,0.065
1783231200,399.19,399.19,399.19,399.19,0.032
1783234800,399.7,399.74,399.7,399.74,1.221
1783238400,399.51,399.51,399.4,399.4,0.2145
1783242000,399.83,399.83,399.62,399.62,0.0623
1783256400,399.62,399.62,399.37,399.37,0.0449
1783267200,399.83,400.08,399.42,399.69,0.9513
1783270800,400.08,400.16,399.55,399.88,0.3407
1783292400,400.16,400.5,400.02,400.02,1.796
1783296000,398.75,400.67,396.01,397.27,76772.0
1783299600,397.34,397.51,395.46,395.97,22713.0
1783303200,396.02,396.52,395.52,396.0,11712.0
1783306800,396.04,396.82,395.78,396.33,10710.0
1783310400,396.24,397.89,396.04,397.61,14211.0
1783314000,397.58,397.91,397.16,397.85,13352.0
1783317600,397.86,398.95,397.52,398.74,18108.0
1783321200,398.73,399.07,398.38,398.89,19662.0
1783324800,398.94,399.295,395.232,398.61,182241.060334
1783328400,399.267,400.28,398.977,400.1,77707.093435
1783332000,399.59,400.131,399.38,399.38,48067.468991
1783335600,399.88,399.88,397.801,399.01,180428.7806270001
1783339200,398.59,399.115,397.685,398.41,154779.118955
1783342800,398.24,403.03,390.595,401.41,7476049.758152999
1783346400,401.99,408.21,400.93,407.62,7257123.081528
1783350000,407.605,414.61,407.605,414.13,7027168.408316
1783353600,414.13,418.91,413.97,418.21,7766262.496279999
1783357200,418.17,419.52,414.08,414.505,5150215.022933
1783360800,414.489,417.765,414.23,416.393,3512313.459843
1783364400,416.52,419.99,415.92,419.78,8452508.16606
1783368000,419.3,419.86,419.027,419.1,6232432.314134
1783371600,419.44,419.52,419.087,419.44,640613.356121
1783375200,419.2,419.22,417.571,418.1,97558.54465399997
1783378800,417.79,418.423,416.601,417.01,145952.94317600003
1783382400,417.5,417.53,415.66,415.78,6.12
1783386000,415.75,416.01,414.31,415.53,29300.0
1783389600,415.44,416.11,414.83,415.07,14175.0
1783393200,415.07,415.23,413.5,413.86,21760.0
1783396800,413.85,414.17,412.8,413.15,30864.0
1783400400,413.03,414.59,411.99,413.94,23488.0
1783404000,413.98,414.32,413.4,413.83,11565.0
1783407600,413.84,415.44,413.72,413.81,39953.0
1783411200,414.2,416.434,413.591,414.36,233221.97087400008
1783414800,414.2,415.318,414.02,414.97,42565.534107999985
1783418400,415.65,416.525,415.156,416.22,66414.77847000002
1783422000,416.17,418.418,416.16,417.75,174362.78871000002
1783425600,418.3,419.0,415.775,415.8,165550.36355900002
1783429200,415.775,419.505,411.12,413.015,4683188.79512
1783432800,413.075,415.82,407.0,408.76,6927755.946334002
1783436400,408.56,409.315,404.46,407.13,4574471.046724001
1783440000,407.05,410.06,406.61,409.17,4739716.529029
1783443600,409.09,409.225,405.948,408.155,2393745.689958
1783447200,408.355,408.355,403.33,403.67,3121744.261823999
1783450800,403.72,405.12,401.9,403.0,5733500.367278001
1783454400,402.856,404.612,402.527,404.144,4424459.100528
1783458000,404.05,404.426,403.43,403.75,70881.48494100003
1783461600,404.24,404.25,403.69,403.82,46651.664613000015
1783465200,404.11,404.271,403.02,403.02,69708.154421
1783468800,402.84,404.8,402.49,404.15,17.0
1783472400,404.2,404.61,402.62,402.91,11258.0
1783476000,402.99,403.67,401.97,403.44,10291.0
1783479600,403.51,404.44,403.33,403.53,6784.0
1783483200,403.6,403.61,402.43,402.75,5778.0
1783486800,402.87,403.48,401.51,402.03,12207.0
1783490400,402.01,402.37,401.16,401.8,12543.0
1783494000,401.91,403.17,400.82,402.75,19746.0
1783497600,402.32,403.671,397.256,398.99,267188.73089700006
1783501200,398.64,398.726,396.393,397.04,161105.10259999998
1783504800,397.97,398.69,396.305,398.18,82920.47563200003
1783508400,398.45,398.45,396.002,398.09,180080.345445
1783512000,398.01,399.71,397.78,399.36,165631.44081699997
1783515600,399.5,401.127,393.795,395.82,5341816.945044
1783519200,395.845,397.545,391.95,392.565,6561876.687624001
1783522800,392.89,393.305,391.01,392.94,3902125.394588999
1783526400,392.895,395.0,392.883,394.625,2937991.1468559997
1783530000,394.595,395.46,392.22,392.265,2459508.240276
1783533600,392.273,393.25,390.52,391.24,3425267.007589
1783537200,391.36,396.06,391.265,393.85,5137113.500937999
1783540800,393.39,393.941,392.51,392.99,2777684.080724
1783544400,392.91,393.68,392.9,393.52,108837.57320799997
1783548000,393.7,393.76,393.305,393.42,158606.206833
1783551600,393.44,394.01,393.21,393.85,51526.25360600001
1783555200,394.06,395.49,393.927,394.71,5.0
1783558800,394.72,395.54,394.21,394.56,13406.0
1783562400,394.55,395.78,393.63,394.16,11733.0
1783566000,394.16,394.98,393.38,394.92,7578.0
1783569600,394.93,396.34,394.28,396.23,14675.0
1783573200,396.22,396.57,395.38,396.34,9256.0
1783576800,396.34,397.26,396.26,396.87,12142.0
1783580400,396.89,398.0,396.75,397.74,20846.0
1783584000,397.74,398.265,394.599,396.38,165587.76182200003
1783587600,396.58,396.89,395.549,396.06,29244.404704999994
1783591200,396.17,396.305,394.8,395.0,30212.388245
1783594800,395.28,395.444,393.8,394.84,173911.56691100006
1783598400,395.29,396.249,393.91,394.51,205694.36471100003
1783602000,394.8,396.2,390.89,395.31,4149227.4158199998
1783605600,395.415,398.42,391.96,395.701,7128803.533143
1783609200,395.68,400.46,394.56,399.42,4221273.018554
1783612800,399.45,402.08,398.13,401.75,4851853.986359999
1783616400,401.685,405.42,401.665,404.99,4442863.680704
1783620000,404.995,407.82,404.33,407.255,3698521.5976860006
1783623600,407.11,407.71,403.87,406.54,5369200.715248
1783627200,406.8,407.361,405.827,406.49,5243768.274855998
1783630800,405.49,406.7,405.136,405.29,148641.416072
1783634400,405.19,405.544,404.401,404.59,67970.621491
1783638000,405.13,405.373,404.65,405.037,96043.892037
1783641600,405.39,405.51,404.0,405.09,20.002468
1783645200,405.11,405.58,404.2,404.99,7008.0
1783648800,404.81,405.79,404.66,405.79,5175.0
1783652400,405.8,406.15,405.32,405.69,5651.0
1783656000,405.74,406.39,405.68,405.74,8439.0
1783659600,405.75,405.8,404.92,404.92,3796.0
1783663200,404.93,405.18,404.06,404.58,8403.0
1783666800,404.55,404.92,404.02,404.28,16913.0
1783670400,404.01,404.903,402.21,402.79,129996.89323199997
1783674000,402.73,405.01,402.14,405.01,37521.21002799999
1783677600,404.75,405.784,404.502,405.784,34795.74355200001
1783681200,405.786,407.35,405.277,406.75,158972.234847
1783684800,407.0,408.51,406.516,407.61,136872.48798099998
1783688400,407.49,412.48,404.97,409.845,5409816.797450999
1783692000,409.75,411.37,402.965,406.99,5903156.200389002
1783695600,406.66,410.58,405.86,409.43,4216036.329967999
1783699200,409.51,413.13,409.439,412.225,4118723.717871999
1783702800,412.17,412.39,408.28,408.59,3751904.5418909993
1783706400,408.635,411.16,407.81,408.41,3160587.2760799997
1783710000,408.51,410.46,407.24,407.76,4014566.7503239997
1783713600,407.4,407.798,407.28,407.66,2278839.9946229993
1783717200,407.63,407.735,407.181,407.4,99879.35209599999
1783720800,407.19,407.37,407.03,407.05,29453.291931999993
1783724400,407.13,407.6,407.115,407.59,70501.118324
1783728000,407.59,407.59,407.59,407.59,20.0
1783731600,407.16,407.16,406.66,406.66,0.6062
1783735200,407.19,407.19,407.19,407.19,0.2915
1783738800,406.54,406.54,405.84,405.84,20.0526
1783746000,406.11,406.11,404.79,404.79,0.251
1783753200,405.22,406.13,404.68,404.68,1.0687
1783756800,405.06,407.21,405.06,407.0,17.4172
1783760400,407.21,407.21,406.12,406.12,1.4061
1783764000,406.52,406.72,405.96,406.34,0.8429
1783767600,406.4,407.94,406.07,406.07,0.7704
1783774800,406.07,406.35,404.81,406.35,10.1052
1783778400,406.3,406.3,404.81,404.81,0.0729
1783782000,405.62,407.51,404.4,404.89,4.7272
1783785600,406.23,407.59,406.23,407.59,0.082
1783789200,404.36,407.97,403.95,404.63,6.171
1783792800,407.25,407.56,403.67,404.05,1.2154
1783800000,407.61,407.62,403.67,403.67,0.1463
1783807200,404.04,404.04,403.67,403.67,0.0659
1783814400,404.21,404.21,404.21,404.21,0.036
1783818000,407.62,408.95,403.51,403.51,2.1279
1783821600,403.85,405.14,403.85,405.14,0.105
1783825200,407.46,407.88,403.05,407.26,5.3076
1783828800,407.86,409.1,406.54,407.61,5.4321
1783832400,407.08,409.06,406.39,406.69,14.5095
1783836000,407.33,407.92,406.62,406.62,0.9733
1783846800,407.14,407.49,406.62,407.13,1.4204
1783850400,406.85,408.11,406.6,407.06,3.1354
1783854000,407.49,408.45,406.68,407.03,14.7154
1783857600,406.97,406.97,406.97,406.97,0.2977
1783861200,407.22,407.36,406.72,406.72,0.614
1783868400,407.01,407.4,406.46,406.46,0.6991
1783879200,406.37,406.37,406.25,406.25,1.323
1783893600,406.25,406.25,405.59,405.59,3.716
1783900800,405.87,407.11,404.12,404.52,34015.0
1783904400,404.3,405.0,402.89,403.02,27276.0
1783908000,403.16,403.98,402.2,402.87,27083.0
1783911600,402.85,402.86,400.7,400.71,37008.0
1783915200,400.7,400.9,398.8,399.3,50700.0
1783918800,399.27,400.51,398.51,399.86,34835.0
1783922400,399.9,400.07,398.73,399.84,23856.0
1783926000,399.84,401.93,399.55,401.61,27146.0
1783929600,402.25,406.493,401.235,402.81,270086.3571309999
1783933200,403.51,403.85,402.195,403.76,31668.60752500001
1783936800,403.71,404.389,403.3,404.01,28861.156815999988
1783940400,405.51,405.75,404.342,404.89,115422.76713099994
1783944000,404.48,404.695,402.67,404.11,98600.553619
1783947600,404.42,405.21,394.14,395.5,5261423.596483
1783951200,395.535,399.265,392.86,397.785,6124365.212355999
1783954800,397.728,399.17,394.89,395.609,4668580.712401
1783958400,395.52,396.04,392.81,393.75,3533106.692276999
1783962000,393.64,395.055,392.5,393.095,2851916.325836001
1783965600,393.155,393.67,392.18,392.51,2598077.4099459997
1783969200,392.59,394.96,391.425,394.87,5185722.5318559995
1783972800,394.77,394.771,393.25,393.25,3305975.410939
1783976400,393.99,394.244,393.725,394.03,38957.324015
1783980000,394.11,394.414,393.285,393.56,33297.963192
1783983600,393.32,393.653,392.665,392.84,51174.552087
1783987200,393.62,395.02,392.22,394.99,17496.0
1783990800,395.0,395.64,393.83,393.9,17867.0
1783994400,393.9,394.42,393.19,393.37,8001.0
1783998000,393.32,393.8,392.29,393.78,14649.0
1784001600,393.81,394.94,393.26,394.94,5108.0
1784005200,394.76,396.2,394.5,395.52,28217.0
1784008800,395.54,396.19,395.43,395.5,8138.0
1784012400,395.47,396.02,394.75,395.3,17182.0
1784016000,395.36,395.57,393.443,395.17,125753.83201200003
1784019600,395.24,395.487,394.48,395.07,18236.641114999995
1784023200,394.61,395.153,393.91,394.91,26912.584856
1784026800,395.0,396.74,394.434,396.43,149551.89328100003
1784030400,396.25,400.18,395.876,398.51,319180.13798199984
1784034000,398.74,400.68,395.25,398.315,3601103.2431069994
1784037600,398.49,399.5,396.72,399.15,3721140.0734399995
1784041200,398.98,402.22,395.76,396.63,3848520.4915019996
1784044800,396.53,398.13,395.43,395.49,1861617.1619779996
1784048400,395.495,396.15,394.81,395.73,1781802.7993240003
1784052000,395.83,397.045,395.43,396.755,1859795.0412930003
1784055600,396.75,397.3,395.25,396.175,2739556.3064510003
1784059200,395.51,396.49,395.053,395.25,2530319.573926998
1784062800,395.31,395.649,395.1,395.125,288539.56076200004
1784066400,395.36,395.493,395.032,395.26,37561.072715
1784070000,395.34,396.059,395.165,395.89,36887.76779299999
1784073600,396.52,396.9,395.32,396.84,38.0
1784077200,396.9,397.46,395.99,397.41,11781.0
1784080800,397.49,397.81,397.04,397.26,9258.0
1784084400,397.26,397.62,396.78,397.5,4975.0
1784088000,397.5,397.59,397.17,397.49,3755.0
1784091600,397.5,398.03,396.94,397.51,8677.0
1784095200,397.51,398.0,397.25,397.36,6837.0
1784098800,397.29,397.8,396.42,396.99,9389.0
1784102400,396.52,397.446,396.014,396.74,84015.022002
1784106000,396.67,397.159,396.342,396.52,19294.858983000002
1784109600,396.73,396.79,396.405,396.6,9374.997998
1784113200,396.84,397.135,396.625,396.72,41442.394427
1784116800,396.51,398.49,396.479,398.27,264727.7679690001
1784120400,398.5,406.58,397.56,398.5,6183763.124870999
1784124000,398.64,400.39,393.25,395.98,5328546.176353001
1784127600,395.93,397.777,395.13,395.22,2700290.10882
1784131200,395.258,395.74,390.67,393.49,5411226.170709
1784134800,393.49,399.29,393.39,398.97,3833723.2721650004
1784138400,398.97,399.36,394.59,394.94,2786026.9971370003
1784142000,394.945,396.09,394.01,394.31,3227668.260389
1784145600,394.0,394.99,393.4,394.86,3006640.5577080008
1784149200,394.61,394.945,394.457,394.61,62147.442994000005
1784152800,394.65,394.935,394.495,394.9,59322.913093
1784156400,394.935,394.975,394.585,394.852,56764.737227
1784160000,394.43,395.49,393.8,394.17,12067.0
1784163600,394.08,394.83,393.46,394.3,9573.0
1784167200,394.21,395.11,393.8,394.88,5880.0
1784170800,394.98,395.62,394.85,395.14,7840.0
1784174400,395.14,395.38,394.88,395.05,4245.0
1784178000,395.07,395.91,394.69,394.95,8098.0
1784181600,395.08,395.36,394.28,394.77,5560.0
1784185200,394.81,394.854,393.57,393.59,19857.0
1784188800,394.854,394.875,392.95,394.875,141916.17507
1784192400,395.08,395.255,393.877,394.6,15470.157263
1784196000,394.36,395.21,393.916,395.18,20914.35548599999
1784199600,393.89,394.645,392.255,392.51,112701.16153099999
1784203200,392.86,392.983,391.858,391.99,148322.52507
1784206800,391.62,392.94,385.35,387.005,4967241.823313
1784210400,386.9,395.26,386.9,394.26,6385133.530547002
1784214000,394.35,394.55,392.07,392.699,3797185.392087
1784217600,392.675,392.702,387.84,389.06,3449433.8652120004
1784221200,388.92,389.36,386.9,388.89,2434351.9222780005
1784224800,389.055,391.13,388.64,390.47,2415290.368379001
1784228400,390.38,391.77,389.37,391.015,3604323.020179999
1784232000,390.75,391.064,390.0,390.07,2685632.155833002
1784235600,390.275,390.679,390.19,390.519,208342.376003
1784239200,390.25,390.665,389.008,389.73,71750.408009
1784242800,389.02,389.675,388.01,388.5,75565.00250699998
1784246400,388.46,388.99,387.22,388.31,13976.0
1784250000,388.24,389.1,386.99,387.39,10024.0
1784253600,387.39,387.55,386.57,387.25,16189.0
1784257200,387.16,388.68,387.07,387.33,8756.0
1784260800,387.26,387.26,385.29,385.86,17222.0
1784264400,385.89,386.25,384.17,385.09,31931.0
1784268000,385.01,386.11,384.97,385.43,14252.0
1784271600,385.3,385.99,384.36,384.55,22916.0
1784275200,384.33,388.63,382.65,383.73,237555.47746400003
1784278800,384.39,385.59,383.375,385.19,53950.742655999995
1784282400,384.79,385.399,383.475,384.38,70941.56050200001
1784286000,384.41,385.333,384.11,384.597,143148.323337
1784289600,383.99,384.607,382.7,382.77,159473.20771699998
1784293200,382.95,383.19,377.24,381.415,6119659.266250001
1784296800,381.36,383.24,378.55,380.2,5386505.781052001
1784300400,380.31,382.86,378.85,382.42,3543561.5860129995
1784304000,382.5,385.2,381.51,384.121,4530186.722207
1784307600,384.24,385.63,381.79,382.4,3043959.059565
1784311200,382.42,382.77,380.59,381.82,2371984.648758
1784314800,381.79,383.16,380.67,380.89,3530042.671903
1784318400,380.2,380.85,379.79,379.9,2668866.8661619993
1784322000,380.09,380.2,379.711,379.88,671718.4972760002
1784325600,380.0,380.58,379.755,380.31,48308.767813000006
1784329200,380.172,380.42,380.01,380.055,53357.660444
1784332800,379.98,379.98,379.98,379.98,0.2393
1784336400,380.15,380.15,379.97,379.97,0.3381
1784340000,380.15,380.31,379.97,380.31,3.3672
1784343600,380.02,380.51,380.02,380.18,7.0776
1784347200,380.18,380.18,380.18,380.18,0.0588
1784350800,380.56,380.56,380.56,380.56,0.1322
1784358000,380.57,380.57,380.18,380.18,0.5736
1784361600,380.61,380.74,380.11,380.52,2.9734
1784365200,380.75,380.83,380.4,380.83,1.1876
1784368800,380.94,381.21,380.35,380.65,0.8555
1784372400,380.93,381.27,380.93,381.27,0.0568
1784376000,381.27,382.23,380.59,380.59,4.6302
1784379600,380.59,382.62,379.99,381.3,2.4672
1784383200,382.76,382.76,382.76,382.76,0.1045
1784386800,382.77,382.77,382.56,382.56,0.6105
1784390400,382.56,382.9,382.16,382.54,1.6531
1784394000,382.97,382.98,382.54,382.7,0.3877
1784401200,382.98,382.98,382.98,382.98,0.0609
1784412000,382.72,382.72,382.6,382.6,0.1
1784415600,382.54,382.54,382.54,382.54,0.0172
1784422800,382.99,382.99,382.3,382.42,0.6018
1784433600,383.0,383.02,382.47,383.02,0.2987
1784437200,382.75,383.16,382.32,382.7,1.5361
1784440800,382.85,383.17,382.85,382.93,0.1729
1784444400,382.93,383.24,382.66,382.66,0.2155
1784448000,383.24,383.24,380.06,380.12,0.7833
1784451600,380.13,380.13,380.13,380.13,0.0521
1784458800,383.3,383.3,382.58,382.58,1.5532
1784466000,380.19,383.56,380.19,383.56,2.0172
1784469600,383.56,383.58,383.36,383.36,0.5078
1784473200,383.63,383.71,383.26,383.71,1.1299
1784476800,383.77,383.97,383.34,383.56,1.469
1784480400,383.97,383.97,383.47,383.47,0.8053
1784498400,383.99,383.99,383.99,383.99,0.052
1784502000,383.99,383.99,383.99,383.99,0.052
1784505600,381.0,383.48,381.0,381.47,39552.0
1784509200,381.65,382.51,380.16,380.57,16712.0
1784512800,380.75,382.12,380.6,381.44,10410.0
1784516400,381.45,382.26,381.1,381.62,5989.0
1784520000,381.74,382.41,381.3,381.97,4424.0
1784523600,381.97,381.97,379.59,379.74,25057.0
1784527200,379.88,380.0,379.3,379.95,14649.0
1784530800,379.99,382.11,379.86,381.8,10562.0
1784534400,381.74,382.355,380.055,381.07,132631.54753799996
1784538000,381.798,382.742,381.35,382.32,31727.596293000002
1784541600,382.307,382.4,381.555,382.245,38931.998505
1784545200,382.5,385.759,382.245,385.4,188626.7410209999
1784548800,385.0,385.253,384.076,384.39,105246.86090000001
1784552400,384.38,386.48,375.37,375.585,4643721.808009
1784556000,375.6,376.93,372.9,373.36,5891123.408342997
1784559600,373.3,374.72,371.685,374.03,4180949.112919
1784563200,373.99,377.0,372.47,372.9,3775854.3910689987
1784566800,372.915,373.54,370.76,373.12,3301914.110806001
1784570400,373.14,374.53,370.49,371.19,3490028.348617999
1784574000,369.96,369.97,369.43,369.665,16586.0
1784577600,369.71,370.197,369.267,370.07,2535999.8962399988
1784581200,370.06,370.5,369.89,370.4,93469.49716799996
1784584800,370.01,370.3,369.473,369.69,58459.20279800001
1784588400,369.81,370.773,369.69,370.5,65027.51695899999
1784592000,370.04,371.99,369.68,371.21,540.0
1784595600,371.28,371.87,370.92,371.01,25489.0
1784599200,371.03,372.0,370.36,371.95,25431.0
1784602800,371.97,373.27,371.95,372.94,21987.0
1784606400,372.97,373.48,372.6,373.01,13451.0
1784610000,373.01,373.76,372.49,373.65,16671.0
1784613600,373.66,374.64,373.61,374.2,30441.0
1784617200,374.21,374.28,373.62,373.97,14982.0
1784620800,374.01,374.651,370.476,373.94,168591.4433680001
1784624400,374.27,374.584,374.011,374.39,27123.31349
1784628000,373.83,374.495,373.278,374.31,39177.881199
1784631600,373.21,373.602,371.96,372.72,687858.4812329998
1784635200,372.74,373.914,371.139,371.33,233641.479381
1784638800,371.34,377.61,369.98,377.61,5422765.696014001
1784642400,377.72,384.06,377.4,382.793,10484355.940883
1784646000,382.83,382.945,380.48,381.05,3419698.666992
1784649600,381.1,382.04,380.35,380.7,2175591.5132329995
1784653200,380.69,381.175,379.14,379.495,2177162.871633
1784656800,379.81,380.66,378.285,378.285,1751079.6736529998
1784660400,378.28,379.55,376.71,378.9,3711361.044492999
1784664000,379.01,379.97,378.67,379.05,4736620.640678
1784667600,379.43,379.85,379.115,379.5,666320.060799
1784671200,379.5,379.5,378.71,379.221,94556.10942
1784674800,379.26,379.589,378.955,379.31,42728.598969000006
1784678400,379.76,380.15,378.99,379.42,16556.0
1784682000,379.41,379.52,378.3,379.16,13119.0
1784685600,379.24,379.62,378.94,379.04,4770.0
1784689200,379.03,379.26,378.23,378.84,12218.0
1784692800,378.85,379.31,378.71,379.24,6916.0
1784696400,379.16,379.16,376.84,377.5,19759.0
1784700000,377.51,377.51,376.56,377.01,12180.0
1784703600,377.1,377.67,376.53,377.11,13830.0
1784707200,377.1,379.159,376.364,377.61,147843.7608
1784710800,378.15,379.397,377.35,377.55,80526.065417
1784714400,377.85,378.558,377.23,378.01,39658.935462
1784718000,378.42,378.78,376.266,376.8,102319.19163500004
1784721600,376.51,376.93,374.985,375.24,145997.26308700003
1784725200,375.53,380.15,374.94,379.56,3456321.231837
1784728800,379.59,380.09,376.215,377.155,3418518.7458230006
1784732400,377.15,378.94,376.56,378.19,2796828.6153149996
1784736000,378.3,378.61,376.25,377.97,1840881.3096420006
1784739600,377.917,378.27,375.66,375.937,2941699.294795
1784743200,375.945,376.37,375.01,375.33,2350276.1320520006
1784746800,375.355,375.64,372.97,374.17,4140452.202456
1784750400,373.13,374.213,360.25,364.68,6947652.791605999
1784754000,364.01,364.685,353.606,358.44,2089360.7935010002
1784757600,357.71,359.613,356.01,359.09,729540.764336
1784761200,359.02,359.264,357.444,358.51,337981.87185100006
1784764800,359.49,361.98,358.05,359.44,1.0
1784768400,359.46,360.44,358.98,359.56,49728.0
1784772000,359.57,360.01,357.74,358.51,57048.0
1784775600,358.53,358.75,356.94,357.55,53239.0
1784779200,357.52,357.89,356.67,357.65,36856.0
1784782800,357.7,358.69,357.01,357.58,38620.0
1784786400,357.64,358.47,357.6,358.07,26004.0
1784790000,358.13,358.13,356.0,356.89,65178.0
1784793600,356.19,358.448,352.061,352.89,628680.229077
1784797200,353.6,353.876,352.012,352.3,183377.266045
1784800800,351.51,352.66,350.896,351.99,254964.41625600003
1784804400,352.31,352.341,347.48,347.69,1091938.0707800002
1784808000,347.51,347.761,344.79,345.41,1343558.1296760004
1784811600,345.1,345.749,326.15,326.69,22622714.005440004
1784815200,326.735,329.0,321.59,323.533,26249146.296378
1784818800,323.41,324.78,318.58,324.61,15720817.967999002
1784822400,324.7,326.29,320.83,322.06,10312786.646625001
1784826000,322.02,323.32,320.42,321.28,6785443.180153001
1784829600,321.2,322.11,320.09,321.26,6780023.248535
1784833200,321.31,323.37,315.76,319.56,19145968.199047003
1784836800,319.94,324.089,318.94,323.9,9502320.431388
1784840400,324.014,324.38,322.083,323.714,489104.485619
1784844000,323.75,324.63,323.145,324.01,220629.0861010001
1784847600,324.08,324.361,323.108,323.92,214259.612718
1784851200,324.08,324.84,323.27,324.12,2.0
1784854800,324.16,324.4,323.42,323.49,50191.0
1784858400,323.5,323.58,320.12,320.34,66016.0
1784862000,320.36,321.62,320.34,321.03,44208.0
1784865600,321.05,321.8,320.0,321.67,51731.0
1784869200,321.79,322.86,321.39,322.54,30671.0
1784872800,322.52,323.61,322.17,323.19,51094.0
1784876400,323.19,325.26,323.15,324.56,83909.0
1784880000,323.85,324.505,322.178,323.71,588142.8078590003
1784883600,322.99,324.874,322.672,324.0,127731.39329
1784887200,323.68,324.167,323.162,323.71,100571.31482400006
1784890800,323.6,323.602,321.26,323.0,326907.26428
1784894400,322.75,322.914,320.718,321.77,361570.28054500005
1784898000,321.73,323.121,314.3,315.5,9740707.989824995
1784901600,315.46,317.1,308.53,312.15,12806516.032734001
1784905200,312.44,312.6,308.33,310.88,8582937.006576
1784908800,310.915,311.94,309.205,309.26,4733224.450925999
1784912400,309.16,309.99,307.99,309.49,5372547.270203003
1784916000,309.48,309.89,306.53,309.35,6270660.638525001
1784919600,309.41,313.24,308.1,312.92,9586677.850184001
1784923200,313.67,314.31,312.083,313.34,3718495.1996069993
1784926800,312.55,313.514,312.422,312.69,159133.223363
1784930400,312.61,312.85,311.575,311.79,110397.84413200004
1784934000,311.8,312.06,310.879,311.35,111277.69491900002
1784937600,311.369,311.369,311.342,311.342,5.0
1784941200,311.39,311.45,311.34,311.45,1.4495
1784944800,311.45,311.51,311.45,311.51,1.4265
1784948400,311.51,311.51,311.38,311.38,1.3212
1784952000,311.52,311.66,311.5,311.66,4.7641
1784955600,311.66,311.66,311.66,311.66,3.0352
1784959200,311.59,311.77,311.55,311.71,1.7325
1784962800,311.71,311.87,311.48,311.48,4.476
1784966400,311.5,311.5,311.47,311.47,2.5515
1784970000,311.5,311.5,311.5,311.5,0.9309
1784973600,311.5,311.5,311.47,311.47,0.5254
1784977200,311.5,311.5,311.47,311.47,0.0705
1784980800,311.5,311.5,311.47,311.47,1.6046
1784984400,311.43,311.5,311.43,311.43,1.8628
1784991600,311.5,311.5,311.3,311.37,3.547
1784995200,311.37,311.37,311.37,311.37,0.1361
1784998800,311.37,311.37,311.24,311.24,1.1383
1785002400,311.37,311.37,311.24,311.24,1.2249
1785006000,311.37,311.5,311.37,311.5,2.5353
1785009600,311.5,311.5,311.5,311.5,1.1596
1785013200,311.5,311.5,311.24,311.24,0.1688
1785020400,311.88,311.88,311.24,311.24,5.4895
1785027600,311.93,312.15,311.93,312.15,20.6314
1785031200,312.15,312.15,312.15,312.15,0.0657
1785034800,312.16,312.23,312.03,312.23,10.9758
1785038400,312.24,312.31,312.11,312.11,3.0386
1785042000,312.31,312.56,312.31,312.56,8.4792
1785045600,312.34,312.34,312.34,312.34,0.3
1785049200,312.58,312.58,312.34,312.34,0.598
1785052800,312.58,312.58,312.31,312.31,1.4072
1785056400,312.58,312.7,312.57,312.7,1.4856
1785060000,312.71,312.77,312.71,312.77,1.7399
1785063600,312.79,312.9,312.79,312.9,1.9568
1785067200,312.62,312.62,312.62,312.62,0.16
1785070800,312.62,312.66,312.54,312.66,2.0614
1785074400,312.9,313.16,312.66,313.16,8.963
1785078000,313.18,313.65,313.18,313.57,18.8582
1785081600,313.69,313.83,313.65,313.65,8.582
1785085200,313.9,313.9,313.77,313.9,0.1337
1785096000,313.9,313.91,313.8,313.91,0.6471
1785099600,313.57,313.91,313.57,313.57,1.4158
1785103200,313.93,313.93,313.93,313.93,0.035
1785106800,313.93,316.08,313.93,316.08,121.2214
1785110400,315.34,318.6,314.23,315.16,86104.0
1785114000,315.27,315.43,313.59,314.82,41636.0
1785117600,314.91,315.46,314.7,315.15,19929.0
1785121200,315.18,315.46,314.81,315.3,20368.0
1785124800,315.32,316.39,314.46,314.66,45258.0
1785128400,314.78,315.63,314.44,315.59,24275.0
1785132000,315.61,316.57,315.59,316.52,44900.0
1785135600,316.48,317.18,316.32,316.83,41376.0
1785139200,312.253,318.277,312.253,317.771,492951.53893800004
1785142800,317.6,317.956,317.21,317.71,72925.512218
1785146400,317.69,317.755,316.722,317.0,62347.336524
1785150000,316.91,317.152,315.079,315.71,287161.360136
1785153600,315.81,316.87,315.29,316.69,240369.908618
1785157200,316.68,317.01,308.84,309.2,7317097.506212999
1785160800,309.01,310.2,304.29,308.76,9214527.198823001
1785164400,308.87,310.69,307.035,308.69,4616099.140625
1785168000,308.78,310.38,307.26,307.769,5391107.409469
1785171600,307.72,308.63,306.71,308.46,2957027.4097289997
1785175200,308.41,308.76,305.44,307.665,3996383.826648999
1785178800,307.66,309.33,307.165,309.1,6196661.209525
1785182400,309.98,309.98,308.86,309.72,5358230.707359005
1785186000,309.29,309.687,308.561,308.91,83027.32678800003
1785189600,308.89,308.935,307.69,307.87,91831.66588600006
1785193200,307.82,308.325,307.357,308.06,88516.36395200001
1785196800,308.25,308.47,306.04,306.22,32122.0
1785200400,306.28,306.39,305.1,305.74,45157.0
1785204000,305.75,305.75,304.27,304.62,50282.0
1785207600,304.65,305.24,303.0,305.21,58669.0
1785211200,305.13,305.13,303.99,304.34,15133.0
1785214800,304.35,304.62,303.48,303.67,34818.0
1785218400,303.68,304.61,302.89,304.41,51043.0
1785222000,304.42,305.04,304.29,304.68,22276.0
1785225600,304.61,307.507,303.652,305.87,295360.5243389998
1785229200,305.54,306.095,304.606,304.9,63685.67266799999
1785232800,304.84,305.439,304.393,304.88,49961.68501100001
1785236400,305.45,305.47,303.662,304.49,233390.24324399998
1785240000,304.6,308.01,304.41,307.5,296085.56556899997
1785243600,307.25,307.739,302.39,303.59,6356045.765926
1785247200,303.51,305.61,300.69,304.06,7539442.135686
1785250800,304.0,309.71,303.87,309.71,5109902.044768
1785254400,309.77,311.15,305.92,307.6,4734172.203731998
1785258000,307.56,307.86,306.14,307.16,3067112.3395280004
1785261600,307.14,307.52,305.79,306.56,2669526.273778
1785265200,306.64,307.49,305.1,307.29,4511357.238068001
1785268800,307.45,308.76,306.15,306.15,4300931.350969002
1785272400,306.53,306.645,305.975,306.02,77082.009741
1785276000,305.8,306.24,304.293,304.61,100505.23301399998
1785279600,304.12,306.813,303.491,306.78,164612.620695
1785283200,307.14,308.58,306.28,306.68,45041.0
1785286800,306.59,306.88,304.3,304.58,28386.0
1785290400,304.58,305.5,303.87,304.49,53819.0
1785294000,304.41,304.75,302.95,303.31,39049.0
1785297600,303.31,303.47,301.77,303.33,66314.0
1785301200,303.4,304.92,302.94,304.4,25871.0
1785304800,304.26,306.04,303.52,305.84,35345.0
1785308400,305.76,306.92,305.62,306.29,27344.0
1785312000,306.01,306.815,304.25,305.75,349433.09680899995
1785315600,306.4,307.793,305.61,307.0,56320.447114999995
1785319200,307.044,307.472,305.953,306.036,105928.867171
1785322800,306.71,309.097,306.045,308.5,204511.94707300005
1785326400,307.91,308.824,306.334,307.23,154894.216424
1785330000,307.0,308.64,303.86,305.47,4105311.789597001
1785333600,305.54,306.49,301.96,302.91,4996593.804231001
1785337200,302.86,303.615,300.59,301.485,4103624.6738310005
1785340800,301.48,302.26,299.7,302.25,4397300.202623999
1785344400,302.27,304.14,301.92,302.973,4153351.840649
1785348000,303.2,307.44,301.71,307.155,4407244.382941
1785351600,307.16,307.94,297.42,298.22,8863869.645218998
1785355200,298.3,298.437,293.44,296.25,4049880.4056219994
1785358800,295.5,296.195,293.812,295.16,342897.46511199995
1785362400,295.96,297.626,295.208,297.11,268692.77045799996
1785366000,297.4,297.713,296.518,296.99,131660.95324099998
1785369600,297.3,298.98,296.73,298.15,46171.0
1785373200,298.1,301.1,298.1,300.86,51292.0
1785376800,300.7,301.11,299.08,299.46,38374.0
1785380400,299.49,300.07,298.57,299.39,23306.0
1785384000,299.32,299.52,297.59,297.67,25742.0
1785387600,297.67,298.8,297.04,298.24,22267.0
1785391200,298.2,300.01,297.86,298.31,25466.0
1785394800,298.4,300.01,298.28,299.01,36750.0
1785398400,299.19,300.939,296.925,300.8,295098.39852099994
1785402000,300.51,301.444,299.856,301.01,68931.251494
1785405600,301.26,303.162,300.725,302.53,132436.48163300002
1785409200,303.01,303.91,302.272,303.21,254194.4365230001
1785412800,303.41,305.047,303.248,304.33,405430.69513100013
1785416400,304.23,307.84,301.52,307.07,7412049.549454
1785420000,307.01,309.095,303.89,304.805,7112552.089673002
1785423600,304.69,306.445,303.53,305.26,4295439.113671
1785427200,305.25,307.49,304.52,306.18,2957771.794323
1785430800,306.195,308.4,305.41,307.657,3653602.370846
1785434400,307.655,308.22,306.83,308.08,3398917.688224
1785438000,308.88,309.04,308.59,308.59,7676842.990496
1785441600,308.02,308.739,307.12,307.55,4656418.546177998
1785445200,308.41,309.324,308.002,308.95,156188.66775999998
1785448800,308.86,309.805,308.855,309.74,85917.078457
1785452400,309.81,309.86,308.85,309.26,96485.38488499998
1785456000,309.2,311.82,308.2,311.78,0.0013
1785459600,311.77,322.68,311.77,315.69,288551.0
1785463200,315.57,315.93,310.97,314.21,86113.0
1785466800,314.29,314.59,305.23,311.69,160636.0
1785470400,311.7,314.48,310.84,314.39,38548.0
1785474000,314.26,315.51,314.12,315.21,38306.0
1785477600,315.13,316.52,313.49,315.09,59959.0
1785481200,315.05,316.79,314.88,316.25,34688.0
1785484800,315.4,317.249,310.234,316.27,393090.237104
1785488400,316.0,316.461,313.335,313.38,100371.19495300001
1785492000,314.13,314.827,313.335,314.59,62922.334879
1785495600,313.33,314.37,311.86,312.535,234850.86553499987
1785499200,312.58,312.867,310.146,310.39,222147.48288400006
1785502800,310.237,315.37,305.79,306.34,6946158.297779
1785506400,306.36,310.16,301.97,308.862,10435267.339797
1785510000,308.855,309.05,305.43,307.578,5383073.762442
1785513600,307.55,310.21,307.36,309.827,4490674.191692
1785517200,309.81,311.49,309.714,311.094,3624559.771347
1785520800,311.093,312.13,310.19,310.939,3458213.920304
1785524400,310.925,313.14,309.765,311.2,4531799.387317
1785528000,310.6,311.184,309.509,309.55,3395561.1575309993
1785531600,309.9,310.145,309.446,309.73,58028.05306599997
1785535200,309.62,309.844,309.546,309.69,47540.98037700001
1785538800,309.55,310.05,309.33,309.33,90619.385137
1785542400,309.317,309.81,309.254,309.81,35.3562
1785546000,309.86,310.13,309.86,310.13,32.3466
1785549600,310.08,310.08,310.08,310.08,3.9
1785553200,310.08,310.25,309.85,309.91,11.7658
1785556800,309.91,309.91,309.91,309.91,1.15
1785560400,310.27,310.52,309.91,309.97,1.5765
1785564000,310.53,310.53,309.97,309.97,0.2127
1785567600,310.53,310.53,310.53,310.53,0.1352
1785571200,310.55,310.63,310.34,310.34,0.3013
1785574800,310.61,310.61,310.61,310.61,0.0643
1785578400,310.61,310.61,310.5,310.5,8.7858
1785582000,310.5,310.5,309.42,309.45,16.5829
1785585600,310.52,310.52,309.52,309.52,0.0845
1785589200,309.52,310.52,309.49,309.49,2.3795
1785592800,310.62,310.67,309.49,309.49,0.5696
1785596400,310.67,310.7,309.37,309.37,37.4122
1785600000,309.45,309.45,309.14,309.14,8.911
1785603600,309.45,309.45,308.61,308.61,22.5453
1785607200,308.55,308.55,307.7,307.7,20.335
1785610800,307.96,308.07,307.96,308.07,1.3914
1785614400,308.04,308.04,307.6,307.6,1.1023
1785618000,307.58,307.97,307.58,307.97,0.5276
1785621600,308.0,308.0,308.0,308.0,0.345
1785625200,308.0,308.0,308.0,308.0,0.1363
1785632400,308.0,308.34,307.54,308.34,3.9358
1785636000,308.34,308.85,308.34,308.85,14.09
1785639600,308.85,309.95,308.81,309.95,65.513
1785646800,310.17,310.17,310.17,310.17,1.7468
1785650400,310.19,310.19,310.19,310.19,0.3223
1785657600,310.2,310.45,310.2,310.45,3.2622
1785661200,310.49,310.57,310.49,310.57,0.5946
1785664800,310.57,310.57,310.57,310.57,0.1287
1785668400,310.39,310.39,310.39,310.39,0.2481
1785675600,310.39,310.58,310.36,310.36,0.4361
1785682800,310.58,310.59,310.58,310.59,0.7791
1785686400,310.64,312.46,310.64,312.46,22.1584
1785690000,312.46,312.64,312.46,312.47,2.4373
1785693600,312.72,312.76,312.35,312.76,1.4903
1785700800,312.8,312.8,312.8,312.8,0.1598
1785704400,312.85,312.85,312.85,312.85,1.61
1785708000,312.87,313.4,312.87,313.4,9.6687
1785711600,313.19,313.74,312.64,313.74,12.9854
1785715200,313.02,314.01,311.6,313.34,61838.0
1785718800,313.27,314.12,312.88,314.02,28096.0
1785722400,314.14,314.72,313.88,314.7,34177.0
1785726000,314.67,314.73,313.82,314.57,18524.0
1785729600,314.57,316.05,314.32,314.47,32356.0
1785733200,314.56,315.09,314.12,314.5,13840.0
1785736800,314.5,314.72,313.67,313.98,29934.0
1785740400,314.04,314.26,313.4,313.58,21071.0
1785744000,314.51,315.167,310.009,314.78,231124.542615
1785747600,314.51,314.835,314.122,314.63,25277.39209
1785751200,314.13,314.738,313.551,313.82,39544.486660999995
1785754800,313.69,314.005,311.625,311.66,158977.99606999996
1785758400,311.98,312.923,310.975,312.528,765390.498394
1785762000,312.53,319.3,309.43,318.861,7574381.544843
1785765600,318.854,322.3,316.96,322.113,7149131.35071
1785769200,322.19,324.16,321.545,323.395,5583689.625799001
1785772800,323.39,324.022,319.915,319.98,4694265.745062999
1785776400,319.995,323.01,319.42,322.32,3389890.4251139998
1785780000,322.35,323.81,321.04,323.5,3117998.6086410005
1785783600,323.489,324.62,321.2,322.08,6234555.288575
1785787200,322.15,322.79,321.772,322.49,3997894.589870999
1785790800,322.43,323.0,322.346,322.52,202259.09670400005
1785794400,322.9,322.925,322.69,322.74,58588.679961000016
1785798000,322.69,322.99,322.69,322.77,46778.56933
1785801600,322.08,323.02,320.85,321.34,23522.0
1785805200,321.46,323.84,320.66,323.83,16689.0
1785808800,323.8,323.94,322.57,323.34,11919.0
1785812400,323.37,324.07,322.97,324.01,13575.0
1785816000,323.93,324.67,323.84,324.49,9070.0
1785819600,324.5,325.55,324.2,325.54,18268.0
1785823200,325.54,326.01,324.74,324.91,41316.0
1785826800,324.91,325.5,324.87,324.99,20285.0
1785830400,325.4,326.249,322.775,324.43,204135.666075
1785834000,324.16,324.485,322.99,324.01,43239.82269999999
1785837600,324.41,324.5,322.501,323.83,69876.658295
1785841200,323.85,325.824,323.429,325.61,195494.591317
1785844800,325.742,325.762,324.212,324.399,320069.264259
1785848400,324.4,326.88,321.1,321.73,5600989.909279999
1785852000,321.81,325.39,320.79,324.07,4625987.462684
1785855600,324.08,325.03,322.87,324.245,3346013.7000490003
1785859200,324.24,325.74,324.24,325.19,2394410.316049
1785862800,325.22,327.42,325.196,325.64,4355401.628254
1785866400,325.624,328.77,325.06,328.114,4686865.353752
1785870000,328.07,329.56,326.61,327.37,6667111.862423
1785873600,328.01,328.2,325.002,325.89,4768469.141627
1785877200,325.89,326.749,323.62,323.71,206962.35533200004
1785880800,324.29,325.59,323.809,325.04,78030.32897699998
1785884400,325.61,326.37,325.307,325.4,75133.386404
1785888000,325.62,326.34,325.13,325.7,22996.0
1785891600,325.78,326.04,324.99,325.83,12729.0
1785895200,325.88,326.03,325.68,325.99,11440.0
1785898800,325.99,326.84,325.99,326.84,9188.0
1785902400,326.85,327.21,326.55,327.06,11825.0
1785906000,327.01,328.07,326.89,328.01,14973.0
1785909600,328.04,328.51,327.08,328.43,30690.0
1785913200,328.43,328.5,327.04,327.5,21008.0
1785916800,328.01,328.289,323.525,324.64,248075.05627400003
1785920400,324.74,325.129,324.08,324.57,35876.514723
1785924000,324.43,324.43,323.243,323.98,66652.60151600001
1785927600,324.29,325.4,323.662,324.3,143452.383169
1785931200,324.265,325.018,323.69,323.891,252149.944703
1785934800,324.0,326.76,320.5,325.655,4506619.546664999
1785938400,325.21,327.1,322.41,323.04,4306411.218675
1785942000,323.07,323.985,321.0,321.9,3042483.6133360006
1785945600,321.875,324.4,321.77,323.656,2979651.106156
1785949200,323.7,324.005,321.98,322.185,2252099.6002140003
1785952800,322.2,322.855,320.295,320.53,2627305.3227879996
1785956400,320.51,323.0,320.46,321.45,5202264.233538999
1785960000,321.435,321.605,320.441,321.555,3340436.850874
1785963600,321.5,321.879,321.46,321.5,84105.37762799999
1785967200,322.01,322.81,321.555,322.31,68911.58833400003
1785970800,321.87,322.72,321.197,322.02,49974.323475
1785974400,321.74,322.37,321.11,321.35,12654.0
1785978000,321.32,321.34,319.86,320.69,30289.0
1785981600,320.69,322.2,320.69,321.85,19067.0
1785985200,321.75,322.05,321.2,321.87,11237.0
1785988800,321.83,322.38,321.4,322.23,6869.0
1785992400,322.21,322.39,321.75,322.04,6838.0
1785996000,322.12,322.12,321.45,321.65,15006.0
1785999600,321.59,322.1,321.31,321.33,12323.0
1786003200,321.42,322.3,321.19,321.97,117722.11016000003
1786006800,321.42,322.14,321.009,321.82,23008.811807
1786010400,322.12,322.12,321.39,321.47,22917.293804000004
1786014000,321.43,322.2,320.87,321.7,98155.42778299999
1786017600,321.52,321.79,321.017,321.5,75345.43493699998
1786021200,320.91,321.085,315.59,320.245,3970742.895185
1786024800,320.342,322.21,319.1,322.168,5977991.94707
1786028400,322.153,322.99,319.49,319.694,4589432.926707
1786032000,319.73,319.892,318.15,318.99,2623189.0829779995
1786035600,319.02,319.405,317.28,318.335,2258446.7017030003
1786039200,318.36,319.21,317.81,318.71,2180337.8760180003
1786042800,318.77,320.125,318.4,319.565,3774103.3327559996
1786046400,319.503,320.57,318.771,319.354,2775253.4262619996
1786050000,319.41,319.669,319.267,319.65,71590.625573
1786053600,319.61,319.955,319.59,319.76,167834.89545800007
1786057200,319.99,320.58,319.896,320.41,47109.83742600001
1786060800,321.23,321.23,319.98,320.9,17304.0
1786064400,320.91,321.28,319.97,320.46,25745.0
1786068000,320.45,320.78,320.1,320.5,8415.0
1786071600,320.6,320.94,320.16,320.23,6133.0
1786075200,320.15,320.38,319.72,320.09,7245.0
1786078800,320.15,320.68,320.1,320.26,5250.0
1786082400,320.27,321.0,320.25,320.94,11549.0
1786086000,320.89,321.76,320.83,321.49,17746.0
1786089600,321.41,321.955,320.586,321.68,116089.66328599992
1786093200,321.593,322.09,321.48,321.68,46736.456828
1786096800,321.72,321.73,321.2,321.37,23112.364957
1786100400,321.3,322.055,321.144,321.76,106387.546617
1786104000,321.595,323.515,321.285,323.15,245058.16119400001
1786107600,323.16,328.9,321.315,326.639,4977856.238103
1786111200,326.49,330.69,322.86,330.01,9920542.072002
1786114800,330.02,333.68,329.365,331.52,5816214.463058001
1786118400,331.555,332.22,327.74,327.93,3952723.5887670005
1786122000,327.96,328.02,326.57,327.19,3337559.1070129992
1786125600,327.11,328.08,326.77,327.504,3167573.219874
1786129200,327.74,329.19,326.85,328.536,6311937.479797
1786132800,328.36,328.869,327.5,328.75,3268669.3331770003
1786136400,328.76,329.125,328.255,328.41,518529.985065
1786140000,328.18,328.475,328.042,328.4,54462.45934900001
1786143600,328.26,329.125,328.055,328.8,80644.71994
1786147200,329.32,329.32,329.32,329.32,0.1518
1786150800,329.2,329.2,329.16,329.16,8.4636
1786154400,329.16,329.16,329.16,329.16,3.1301
1786158000,329.34,329.34,329.13,329.13,0.1213
1786161600,329.34,329.4,329.34,329.4,0.2589
1786168800,329.43,329.43,329.13,329.13,2.0007
1786172400,329.27,329.28,329.13,329.13,1.751
1786176000,329.39,329.39,329.13,329.13,5.7376
1786179600,329.28,329.39,329.04,329.04,22.5297
1786183200,329.32,329.45,329.2,329.2,0.624
1786186800,329.2,329.2,329.2,329.2,0.0607
1786190400,329.31,329.44,329.19,329.44,2.3756
1786194000,329.24,329.46,329.24,329.46,1.9268
1786197600,329.46,329.54,329.46,329.5,11.6302
1786201200,329.54,329.78,329.54,329.78,0.9855
1786204800,329.8,329.84,329.52,329.84,1.6326
1786208400,329.89,330.12,329.89,330.12,6.4824
1786212000,330.18,330.18,330.18,330.18,0.1484
1786219200,330.29,330.47,330.29,330.47,0.2118
1786222800,330.47,330.47,330.47,330.47,0.0927
1786230000,330.54,330.54,330.54,330.54,0.1105
1786237200,330.61,330.97,330.61,330.8,6.9995
1786244400,330.8,331.12,330.8,331.12,30.6315
1786248000,331.13,331.59,331.13,331.59,60.0563
1786258800,331.42,331.72,331.42,331.72,0.3266
1786266000,331.83,331.9,331.42,331.42,6.1071
1786269600,331.42,331.71,331.42,331.53,15.3375
1786273200,331.61,331.61,331.61,331.61,0.9046
1786276800,331.42,331.42,331.38,331.38,3.0176
1786280400,331.67,331.8,331.61,331.8,155.7881
1786287600,331.85,332.19,331.85,332.19,125.2169
1786291200,332.25,332.25,332.25,332.25,0.0601
1786294800,332.25,332.34,332.25,332.27,0.7219
1786298400,332.46,332.46,332.15,332.15,0.4643
1786305600,332.34,332.34,332.15,332.15,2.6878
1786312800,332.25,339.79,332.16,339.79,846.3739
1786316400,339.72,340.0,339.04,339.16,21.3974
1786320000,330.0,331.56,328.91,329.26,65339.0
1786323600,329.22,331.1,328.93,330.65,24983.0
1786327200,330.67,331.41,330.27,331.1,22972.0
1786330800,331.1,331.21,330.65,330.88,10535.0
1786334400,330.91,331.54,330.55,330.59,14672.0
1786338000,330.59,331.63,330.56,331.5,11399.0
1786341600,331.43,331.58,330.8,331.35,18019.0
1786345200,331.29,331.82,331.09,331.42,12974.0
1786348800,332.04,332.779,329.421,332.2,169140.02961800006
1786352400,332.56,332.771,331.73,331.78,54749.359135999985
1786356000,331.59,331.772,330.82,331.07,53380.01657200002
1786359600,331.98,332.2,329.92,330.05,193049.197488
1786363200,330.49,330.625,328.16,328.21,214669.84569899994
1786366800,328.34,330.335,326.29,329.55,4069222.194229
1786370400,329.48,332.05,328.99,329.43,6375609.807358
1786374000,329.485,331.245,328.2,331.176,4547829.909868
1786377600,331.185,331.73,328.48,329.47,2661023.9632419995
1786381200,329.53,329.785,328.43,329.06,1494231.3745379997
1786384800,329.14,329.615,328.386,328.95,1578413.5690539996
1786388400,328.925,331.24,328.825,330.87,4120990.3017910006
1786392000,330.9,331.68,330.06,330.14,2009338.729694
1786395600,330.205,330.527,329.524,330.175,97460.437456
1786399200,330.175,330.597,330.035,330.21,37814.545696999994
1786402800,330.19,330.3,330.005,330.19,30775.238798000002
1786406400,330.51,331.32,330.09,331.18,9787.0
1786410000,331.29,331.97,331.01,331.72,12100.0
1786413600,331.73,331.91,331.26,331.32,13134.0
1786417200,331.32,331.78,331.24,331.78,6680.0
1786420800,331.78,332.01,331.46,331.49,8527.0
1786424400,331.48,331.8,331.0,331.15,10600.0
1786428000,331.15,331.4,330.66,331.03,11977.0
1786431600,331.04,331.23,330.75,331.01,10961.0
1786435200,330.62,331.515,330.279,330.82,105976.59264200005
1786438800,331.37,331.65,330.596,331.37,19855.728823
1786442400,331.327,332.358,331.18,331.981,62173.836865
1786446000,332.5,332.924,332.093,332.81,107898.53961999995
1786449600,332.7,333.227,331.343,331.69,163471.73976899992
1786453200,331.65,334.07,329.53,333.73,4083694.869126
1786456800,333.77,336.21,332.88,334.29,6144153.142762
1786460400,334.294,334.55,332.26,332.994,3418303.810602
1786464000,332.975,333.41,331.285,331.94,2047071.5234540002
1786467600,332.06,332.18,331.25,332.0,1215358.6392810002
1786471200,331.935,332.53,330.46,332.01,1639450.3196770004
1786474800,332.07,333.015,331.57,332.795,2769964.570494
1786478400,332.722,333.454,332.48,332.939,2278408.862425
1786482000,332.65,332.955,332.5,332.65,52234.98407599999
1786485600,332.61,332.637,332.4,332.61,21664.644022999993
1786489200,332.86,332.93,332.505,332.86,27318.645302
1786492800,332.95,333.28,332.64,332.96,9270.0
1786496400,332.95,333.19,332.53,332.81,7828.0
1786500000,332.84,333.22,332.68,333.18,9833.0
1786503600,333.18,333.19,332.35,332.64,13548.0
1786507200,332.64,333.04,332.6,332.99,6400.0
1786510800,332.97,333.01,332.47,332.77,4972.0
1786514400,332.76,332.94,332.57,332.9,4842.0
1786518000,332.94,333.21,332.8,333.1,11883.0
1786521600,333.49,334.3,332.952,334.15,86275.51885599998
1786525200,333.9,334.76,333.84,334.76,34124.22205699999
1786528800,334.19,334.505,333.617,333.76,36756.038107
1786532400,334.01,334.372,333.625,333.64,75559.90879599997
1786536000,333.741,334.287,333.236,333.977,247315.205228
1786539600,333.99,335.35,326.96,328.09,4972830.190248001
1786543200,328.045,328.34,323.7,324.56,6165463.113588
1786546800,324.6,326.07,323.69,325.991,4861894.328338
1786550400,325.991,327.125,325.83,326.954,3751461.804955
1786554000,326.9,327.17,325.61,326.355,2410039.8828269998
1786557600,326.26,327.44,325.77,327.07,2091163.667692
1786561200,327.06,327.93,326.79,327.46,3244720.7597999997
1786564800,327.495,327.814,326.782,327.395,3042914.376249
1786568400,327.5,327.562,327.33,327.43,134035.81144499997
1786572000,327.45,327.504,326.9,327.01,28744.70522
1786575600,327.05,327.246,326.95,327.02,54205.870403999994
1786579200,326.99,327.84,326.79,327.7,21113.0
1786582800,327.7,327.84,327.07,327.68,10308.0
1786586400,327.71,328.01,327.4,327.97,14735.0
1786590000,327.95,328.26,327.8,328.11,9078.0
1786593600,328.08,328.28,327.69,328.08,11611.0
1786597200,328.06,328.5,327.76,327.76,12019.0
1786600800,327.77,328.02,327.44,327.65,17797.0
1786604400,327.74,328.05,327.24,327.82,18215.0
1786608000,327.52,327.855,327.091,327.55,123570.54956000004
1786611600,327.46,327.586,326.675,327.173,43471.066158
1786615200,326.96,327.295,326.94,326.95,19802.817100999997
1786618800,326.8,326.953,325.91,326.37,95256.43781999995
1786622400,325.71,326.23,324.685,325.25,181928.19804199997
1786626000,325.3,333.45,325.225,332.9,5141744.474586001
1786629600,332.74,335.34,332.01,334.678,5839427.53456
1786633200,334.666,335.41,332.49,333.122,4026432.148117
1786636800,333.18,337.07,333.135,336.52,3113614.3377050003
1786640400,336.47,337.04,335.23,336.24,2454674.925293999
1786644000,336.275,340.31,336.0,339.545,5357747.164709001
1786647600,339.531,341.63,338.44,339.945,7333653.621134
1786651200,340.27,343.668,339.28,343.27,3698159.2976689995
1786654800,342.99,343.251,341.255,341.3,154556.92718100006
1786658400,341.31,341.515,340.55,340.73,88888.441382
1786662000,341.4,341.515,340.858,341.4,69655.15649000001
1786665600,340.23,341.89,340.13,340.25,24799.0
1786669200,340.26,340.3,338.7,340.09,42160.0
1786672800,340.13,340.69,340.08,340.12,10436.0
1786676400,340.12,340.45,339.7,339.71,11290.0
1786680000,339.74,340.07,339.48,339.77,6989.0
1786683600,339.78,340.38,339.29,340.1,11264.0
1786687200,340.2,340.55,339.89,340.42,28727.0
1786690800,340.48,341.33,340.03,340.97,31163.0
1786694400,341.1,342.33,340.627,341.88,186035.931189
1786698000,341.58,341.78,341.29,341.29,26623.914677
1786701600,341.775,342.28,341.456,342.015,71002.557189
1786705200,342.105,342.89,341.612,342.78,136182.14730699998
1786708800,343.0,343.23,341.035,341.04,227054.30052599995
1786712400,341.2,350.36,341.095,350.1,9246595.797671998
1786716000,349.89,351.27,340.98,341.215,8919611.878599003
1786719600,341.21,341.49,335.38,338.675,9655233.002446
1786723200,338.72,340.83,338.28,338.33,4440806.849850999
1786726800,338.44,341.535,337.85,341.52,3595108.2767579993
1786730400,341.53,342.62,341.05,341.12,4414569.048861001
1786734000,341.04,343.5,340.61,342.34,4420010.500265999
1786737600,342.333,342.404,341.706,342.018,2510506.029036
1786741200,341.77,342.095,341.453,341.64,56139.88234999999
1786744800,341.84,342.11,341.71,341.89,28338.854202000013
1786748400,341.93,342.124,341.425,341.59,40129.341916000005
1786752000,341.635,341.99,341.635,341.99,0.0584
1786755600,341.99,342.03,341.91,341.91,1.2332
1786759200,342.03,342.13,341.79,342.0,12.0186
1786762800,341.98,341.98,341.98,341.98,0.641
1786766400,341.98,341.98,341.87,341.87,0.7656
1786777200,341.85,342.08,341.85,342.08,1.7643
1786780800,341.84,342.04,341.78,341.78,1.4102
1786784400,341.78,342.23,341.78,342.23,2.6969
1786795200,342.27,342.27,342.27,342.27,0.1872
1786798800,342.16,342.16,341.15,341.15,8.3272
1786806000,341.26,341.67,341.06,341.67,1.0677
1786809600,341.67,341.67,341.54,341.67,0.225
1786813200,341.67,341.81,341.52,341.52,3.0391
1786816800,341.81,341.96,341.76,341.96,2.2789
1786820400,341.72,342.0,341.72,342.0,2.0481
1786824000,342.0,342.0,342.0,342.0,1.7919
1786827600,342.0,342.0,342.0,342.0,2.93
1786834800,342.0,342.89,342.0,342.89,23.6305
1786842000,343.09,343.09,342.74,343.09,0.1513
1786849200,343.09,343.09,343.09,343.09,0.1719
1786852800,343.16,343.17,342.94,342.94,0.4989
1786856400,342.94,342.94,342.94,342.94,0.2924
1786860000,342.71,342.87,342.71,342.87,1.8664
1786863600,342.71,342.71,342.71,342.71,0.1853
1786867200,342.9,342.92,342.71,342.71,0.363
1786870800,342.92,343.04,342.92,343.04,1.193
1786874400,343.09,343.09,342.78,342.78,2.1266
1786878000,342.78,342.78,342.68,342.68,3.0567
1786881600,342.8,342.92,342.66,342.66,2.6862
1786885200,342.76,342.87,342.57,342.57,4.1262
1786888800,342.87,342.96,342.54,342.96,5.9638
1786892400,342.96,342.99,342.54,342.99,1.212
1786896000,343.03,343.03,342.57,342.57,0.8094
1786899600,342.63,343.03,342.57,343.03,8.1184
1786906800,343.03,343.05,342.82,342.82,2.8485
1786910400,343.07,343.07,342.92,342.92,0.2034
1786921200,343.1,343.1,343.1,343.1,0.0582
1786924800,342.67,343.48,341.7,342.76,26056.0
1786928400,342.72,343.16,342.5,342.72,10927.0
1786932000,342.75,343.22,342.57,343.08,15687.0
1786935600,343.08,343.98,343.04,343.92,14977.0
1786939200,343.91,344.02,343.6,343.9,8263.0
1786942800,343.92,344.26,343.61,344.05,14877.0
1786946400,344.04,344.8,344.02,344.74,18757.0
1786950000,344.74,344.74,343.62,344.52,32110.0
1786953600,344.64,345.01,342.089,343.79,175322.57211499996
1786957200,343.36,343.821,342.94,343.04,53174.49331800001
1786960800,342.99,343.454,342.055,343.11,73660.554857
1786964400,342.95,343.415,341.103,341.29,155784.67434100003
1786968000,340.9,341.5,339.744,340.39,211923.75019100003
1786971600,340.368,343.0,337.5,339.362,4964888.762709
1786975200,339.42,341.97,338.53,341.82,3620319.171058
1786978800,341.795,342.34,339.445,341.41,3192636.4105389994
1786982400,341.465,341.68,339.45,339.75,2018110.0117020004
1786986000,339.79,340.685,338.85,339.63,1987145.1974950002
1786989600,339.609,340.795,339.04,340.533,2310154.528918
1786993200,340.5,345.36,337.52,339.31,6217433.087635
1786996800,339.31,339.7,338.936,339.52,2412307.9227709994
1787000400,339.61,340.16,339.5,339.97,153428.03073199998
1787004000,339.78,339.87,339.418,339.47,34306.47504899999
1787007600,339.55,339.865,339.416,339.69,42624.94527300001
1787011200,339.77,340.11,339.01,339.8,12828.0
1787014800,339.74,340.2,338.26,338.6,20215.0
1787018400,338.69,338.85,336.08,336.38,48339.0
1787022000,336.4,336.96,335.63,336.43,35509.0
1787025600,336.47,337.32,336.15,337.19,12677.0
1787029200,337.2,337.22,336.0,336.09,12337.0
1787032800,336.13,337.09,335.25,337.07,33168.0
1787036400,337.07,337.41,336.37,336.37,16881.0
1787040000,335.48,339.316,333.75,334.13,262030.48144799995
1787043600,334.09,334.5,332.831,333.22,96408.47589699998
1787047200,333.79,335.304,333.108,335.1,64799.67053200001
1787050800,335.01,335.609,334.572,334.73,128739.08485099999
1787054400,334.775,335.043,333.289,334.154,238922.965193
1787058000,334.154,340.52,331.15,339.074,4881743.59519
1787061600,339.11,339.42,335.26,335.79,4739298.099077999
1787065200,335.79,339.89,334.97,339.84,3288272.801600999
1787068800,339.84,340.26,337.07,339.595,2641134.4507429996
1787072400,339.595,339.8,335.98,336.503,3105624.699657
1787076000,336.41,337.09,335.2,335.76,2084247.7272169997
1787079600,335.83,337.4,335.34,336.9,3667989.0490470002
1787083200,337.3,337.3,335.963,336.05,2702871.3396799993
1787086800,336.2,336.25,335.87,336.2,40617.220782000004
1787090400,336.078,336.45,335.822,335.902,41048.688392
1787094000,336.19,336.686,335.84,336.3,45422.45247799999
1787097600,336.07,336.66,334.72,336.15,16563.0
1787101200,336.04,337.26,335.98,336.59,8544.0
1787104800,336.5,336.51,335.39,335.68,11754.0
1787108400,335.74,336.03,335.36,335.78,5581.0
1787112000,335.68,335.73,334.56,335.06,8204.0
1787115600,335.08,335.69,334.55,334.83,11534.0
1787119200,334.92,335.58,334.39,335.51,24747.0
1787122800,335.49,336.31,335.2,335.97,14964.0
1787126400,336.59,338.19,334.894,337.2,159298.81278899996
1787130000,336.8,337.44,336.162,336.8,29403.788747000002
1787133600,336.17,336.49,335.907,336.09,29823.041865000003
1787137200,335.988,336.755,335.786,335.835,71699.067421
1787140800,335.86,338.09,335.602,338.09,191781.92798200002
1787144400,337.631,341.14,335.735,338.064,3007058.16377
1787148000,338.025,347.81,337.545,347.465,3811178.8537810007
1787151600,347.47,348.52,345.88,346.936,233409.0
1787155200,346.895,349.18,346.465,347.345,3550392.29642
1787158800,347.311,348.01,346.09,347.732,2037195.958154
1787162400,347.733,348.89,347.39,348.332,3148437.492142
1787166000,348.27,351.62,347.51,351.16,6498818.359145
1787169600,351.14,351.538,349.9,350.45,3493811.078655001
1787173200,350.151,350.198,349.77,349.93,99389.5105
1787176800,350.26,350.28,349.879,350.28,57741.596939999996
1787180400,350.34,351.339,350.177,350.89,80299.58149299999
1787184000,350.71,351.31,350.02,350.89,20365.0
1787187600,350.83,351.05,350.23,350.83,14877.0
1787191200,350.71,351.13,350.21,350.68,19596.0
1787194800,350.69,350.86,350.12,350.33,7090.0
1787198400,350.22,350.95,350.22,350.51,13507.0
1787202000,350.46,350.84,350.34,350.81,10099.0
1787205600,350.82,351.8,350.77,351.45,16674.0
1787209200,351.47,351.78,350.69,350.8,21894.0
1787212800,350.826,350.915,347.368,347.72,287305.991802
1787216400,348.82,349.23,347.608,348.71,52914.479892999996
1787220000,348.8,349.538,348.49,348.49,42609.67773
1787223600,349.48,349.675,347.26,347.49,186023.56212600003
1787227200,347.45,347.725,344.133,345.2,451088.921762
1787230800,345.252,347.49,342.27,345.089,413830.71407
1787234400,344.98,345.41,338.99,340.17,4804503.976719001
1787238000,340.122,346.06,339.99,345.737,190450.0
1787241600,345.78,346.28,343.64,344.558,1211048.850865
1787245200,344.58,344.88,341.796,342.62,1907118.9696070005
1787248800,342.601,343.81,341.57,343.363,2184791.485742
1787252400,343.2,345.34,342.525,345.11,3732752.1132590002
1787256000,345.5,347.298,345.047,346.51,3276078.1141010006
1787259600,345.89,346.692,345.7,346.1,559933.5995049999
1787263200,345.89,346.379,345.59,345.95,38255.95883400002
1787266800,346.381,346.725,346.15,346.227,56560.821943
1787270400,346.38,347.27,346.23,346.82,11728.0
1787274000,346.8,347.06,346.2,346.95,12277.0
1787277600,346.96,348.41,346.78,348.02,24035.0
1787281200,348.02,348.09,347.19,347.31,11047.0
1787284800,347.31,347.41,346.99,347.27,12626.0
1787288400,347.28,347.87,347.23,347.74,7220.0
1787292000,347.74,347.85,347.4,347.71,11517.0
1787295600,347.7,349.55,347.68,349.07,30724.0
1787299200,349.61,349.73,346.244,349.73,180497.03592599995
1787302800,349.25,350.609,348.905,350.59,76070.371969
1787306400,350.77,350.817,348.121,348.86,107351.51606699999
1787310000,348.85,350.122,348.205,349.694,164501.368917
1787313600,349.25,350.205,348.87,349.95,122065.22765000002
1787317200,349.2,354.86,346.99,354.35,6473139.577159999
1787320800,354.38,361.6,352.79,361.02,14051805.365307998
1787324400,361.01,364.46,358.48,362.54,9918607.243154
1787328000,362.45,364.91,360.84,364.448,7492966.471408
1787331600,364.335,364.99,362.59,362.701,6152019.542801
1787335200,362.63,365.35,362.54,364.42,4269776.545859001
1787338800,364.49,366.5,361.7,362.67,9205718.870651
1787342400,363.01,363.166,362.2,362.51,4366422.671559999
1787346000,362.558,363.377,362.225,363.195,168208.211502
1787349600,363.0,363.864,362.85,363.74,198081.47650199998
1787353200,363.56,363.97,363.51,363.56,69423.90682899999
1787356800,363.972,363.978,363.972,363.978,2.5366
1787360400,363.71,363.71,363.19,363.19,13.5992
1787364000,363.71,363.71,363.13,363.13,14.7562
1787367600,363.65,363.83,363.01,363.01,21.1841
1787371200,363.13,363.13,362.92,363.07,2.0199
1787374800,362.85,362.85,360.66,360.84,40.2947
1787378400,360.58,360.58,360.58,360.58,0.0626
1787382000,360.87,360.87,360.44,360.87,1.3632
1787385600,360.87,361.02,360.66,361.02,8.2592
1787389200,361.02,361.17,361.01,361.17,2.0199
1787392800,361.2,361.26,361.17,361.17,0.3897
1787396400,361.17,361.27,361.0,361.0,1.373
1787400000,361.27,361.39,361.0,361.21,3.2977
1787403600,361.39,362.34,361.02,362.25,10.8711
1787407200,362.25,362.25,361.9,361.9,1.4469
1787410800,362.2,362.2,361.0,361.05,30.8405
1787414400,361.25,361.29,361.0,361.0,0.3447
1787418000,361.0,361.06,361.0,361.06,16.3207
1787421600,361.06,361.31,361.06,361.31,7.5336
1787425200,361.31,361.44,360.98,361.28,4.475
1787428800,361.43,361.43,361.21,361.21,0.5684
1787432400,361.43,361.43,361.07,361.07,2.1806
1787436000,361.41,361.62,361.21,361.62,5.7931
1787439600,361.34,361.52,361.34,361.46,6.513
1787443200,361.46,361.91,361.46,361.91,4.6944
1787446800,361.91,362.09,361.78,361.9,4.6115
1787450400,361.95,362.24,361.95,362.0,4.1493
1787454000,362.21,362.21,361.94,361.94,0.2043
1787457600,362.21,362.21,361.8,361.8,2.895
1787461200,362.09,362.09,361.3,361.32,8.6297
1787468400,361.41,361.41,361.36,361.36,0.4369
1787472000,361.41,361.41,361.36,361.36,0.3211
1787475600,361.43,361.47,361.32,361.43,1.274
1787479200,361.83,361.83,361.78,361.78,1.4372
1787482800,361.83,362.24,361.83,362.24,4.7748
1787490000,362.29,362.63,362.1,362.63,4.1995
1787493600,362.63,362.63,362.38,362.38,0.6101
1787497200,362.49,362.63,362.2,362.63,15.6143
1787500800,362.54,362.79,362.54,362.71,8.5718
1787508000,362.79,363.44,362.79,363.44,30.3314
1787511600,363.66,363.66,363.66,363.66,1.3749
1787515200,363.38,363.38,363.38,363.38,0.723
1787518800,363.66,363.78,363.33,363.78,2.9691
1787522400,363.91,364.65,363.17,364.04,57.7317
1787526000,364.74,364.74,364.74,364.74,0.0548
1787529600,365.0,368.52,364.27,366.8,117754.5606
1787533200,366.8,366.8,364.45,364.45,51719.0
1787536800,364.42,364.99,363.85,364.51,43767.0
1787540400,364.5,364.51,360.88,360.98,49573.0
1787544000,360.98,362.03,360.48,361.52,26654.0
1787547600,361.49,362.35,361.44,361.89,21221.0
1787551200,361.82,362.51,361.39,362.27,36533.0
1787554800,362.26,363.4,361.55,361.61,29172.0
1787558400,361.79,363.595,360.385,361.8,286506.256518
1787562000,362.66,362.715,361.665,362.5,35906.42095399999
1787565600,362.02,362.555,361.736,361.91,42672.45957899998
1787569200,361.75,362.419,360.99,361.5,171305.12248599992
1787572800,361.544,362.515,359.99,362.105,414092.969739
1787576400,362.07,363.12,351.7,353.95,6267802.029393999
1787580000,354.04,358.68,352.65,358.13,6013269.994463002
1787583600,358.225,358.695,355.49,356.01,4256985.145866
1787587200,356.06,357.28,354.345,355.11,3055996.5461109993
1787590800,355.12,356.86,353.58,353.879,4764424.325878
1787594400,353.886,354.67,348.61,348.751,5896668.08699
1787598000,348.752,351.59,348.31,348.95,8935547.561402
1787601600,348.81,349.122,347.832,347.88,4404690.6619700035
1787605200,348.2,349.274,347.974,348.99,86375.38317700003
1787608800,349.32,349.589,349.075,349.41,42595.635559
1787612400,349.3,349.425,348.869,349.2,45881.651822999986
1787616000,349.77,350.01,347.94,349.72,26089.0
1787619600,349.79,350.51,349.45,350.38,18243.0
1787623200,350.42,350.67,349.38,349.4,16322.0
1787626800,349.43,350.9,349.43,350.78,7948.0
1787630400,350.77,351.23,350.75,350.92,9941.0
1787634000,350.96,351.54,350.84,351.41,10306.0
1787637600,351.44,351.99,351.34,351.68,12056.0
1787641200,351.75,351.98,350.7,350.7,14262.0
1787644800,351.49,352.365,349.577,351.93,139121.25474099998
1787648400,351.737,352.017,350.84,351.82,104838.539517
1787652000,352.11,352.11,351.59,351.61,28252.621320999995
1787655600,351.23,351.676,350.598,350.89,111000.657065
1787659200,350.76,352.176,350.5,351.16,132480.59243499997
1787662800,351.29,353.065,349.26,351.18,4205228.182177999
1787666400,351.23,353.46,350.02,350.99,5610470.3850920005
1787670000,350.966,354.865,349.87,353.558,6950418.256366
1787673600,353.556,357.0,353.36,356.385,4859608.886285
1787677200,356.33,356.49,351.89,353.33,3438723.7695530006
1787680800,353.46,353.66,351.63,353.14,2282133.8628669996
1787684400,353.215,353.56,349.94,350.23,3236286.027996001
1787688000,350.198,350.755,349.805,350.635,2231327.135248
1787691600,350.81,351.0,350.566,350.92,43605.66578299999
1787695200,350.885,350.955,350.66,350.675,25425.446287
1787698800,350.8,350.905,350.525,350.72,31944.183675
1787702400,350.72,351.27,348.61,348.76,22133.0
1787706000,348.77,349.35,348.59,349.14,8976.0
1787709600,349.21,350.4,349.04,350.33,10693.0
1787713200,350.28,350.77,350.07,350.73,5268.0
1787716800,350.71,351.01,350.22,350.25,7407.0
1787720400,350.24,350.66,350.07,350.16,3278.0
1787724000,350.25,351.0,349.81,350.8,5104.0
1787727600,350.64,350.9,350.0,350.3,5153.0
1787731200,350.4,350.775,349.595,349.96,70491.91613099996
1787734800,349.735,349.95,349.34,349.817,16870.410611999992
1787738400,349.66,350.247,349.42,350.16,26139.186461999994
1787742000,349.94,350.423,348.462,349.039,147705.090543
1787745600,349.04,349.769,346.98,346.99,165639.39015300001
1787749200,346.85,351.87,342.59,349.005,5802450.131991001
1787752800,348.98,349.539,343.33,343.55,4314995.579686999
1787756400,343.525,345.25,343.07,344.35,3679819.710781
1787760000,344.335,345.31,343.44,345.104,3191490.254021
1787763600,345.09,346.915,344.81,346.59,2456734.182329001
1787767200,346.69,346.69,344.49,346.055,2445239.693973
1787770800,346.15,347.415,345.01,345.82,3916687.557859
1787774400,346.01,346.77,345.089,345.99,2895778.7525310013
1787778000,346.711,348.35,345.51,347.325,333854.244537
1787781600,347.68,347.824,347.11,347.8,66635.04476799998
1787785200,347.57,347.795,347.133,347.65,49338.78575599998
1787788800,348.2,348.36,345.31,345.65,25919.0
1787792400,345.66,347.08,345.56,346.72,12597.0
1787796000,346.78,347.02,346.41,346.58,12204.0
1787799600,346.63,346.99,346.49,346.6,9756.0
1787803200,346.64,346.91,345.79,345.96,8801.0
1787806800,346.1,346.19,345.18,345.47,14915.0
1787810400,345.51,346.45,345.25,346.39,15097.0
1787814000,346.37,347.45,346.16,346.84,17372.0
1787817600,347.0,347.98,346.36,347.48,164726.11778000003
1787821200,347.0,347.71,346.661,347.41,40363.991488000014
1787824800,347.22,347.525,346.726,347.24,32484.128943000007
1787828400,347.4,347.79,345.82,346.52,93605.88917900002
1787832000,346.216,346.802,345.36,345.607,234712.201944
1787835600,345.99,352.45,345.475,350.23,4841158.192048001
1787839200,350.28,354.82,349.38,353.64,5778197.231416
1787842800,353.66,353.74,350.67,352.59,3162023.0335230003
1787846400,352.67,354.715,352.13,353.83,2681444.042362
1787850000,353.763,355.59,353.635,354.25,3775779.595373
1787853600,354.245,355.72,353.34,355.14,3877654.687555
1787857200,355.131,355.71,353.81,354.657,5224605.613164
1787860800,354.06,354.789,354.0,354.47,3385010.3184210006
1787864400,354.68,354.775,354.221,354.27,48591.589755999994
1787868000,354.35,354.451,354.04,354.34,72807.23495
1787871600,354.32,354.705,354.26,354.54,48893.79922700001
1787875200,354.59,355.25,354.11,354.77,8427.0
1787878800,354.69,355.06,354.43,355.03,5102.0
1787882400,355.07,355.4,354.62,354.8,8197.0
1787886000,354.81,355.45,354.77,354.98,6283.0
1787889600,354.91,355.03,354.64,354.91,4761.0
1787893200,354.9,354.9,354.33,354.4,7730.0
1787896800,354.33,355.33,354.31,355.33,5281.0
1787900400,355.29,355.96,354.99,355.41,11223.0
1787904000,355.63,357.43,354.579,356.93,108116.48808199997
1787907600,357.39,357.9,356.25,356.54,40276.38378999999
1787911200,356.3,356.55,355.992,356.3,28658.983343000004
1787914800,356.483,357.191,355.205,355.565,145431.575428
1787918400,355.5,356.217,354.842,355.09,425072.4086850001
1787922000,355.65,358.69,354.64,354.69,4186133.6217549997
1787925600,354.51,355.68,351.245,354.21,5626334.043566001
1787929200,354.26,354.66,348.07,348.48,4837969.832952
1787932800,348.512,348.954,346.95,346.97,4866835.913397
1787936400,346.96,347.12,346.0,347.093,3490117.17619
1787940000,347.07,347.119,345.23,345.485,2151209.4590270002
1787943600,345.51,349.78,345.51,348.74,5055311.214701999
1787947200,348.71,348.872,347.6,347.84,4229619.100349001
1787950800,347.818,347.93,347.595,347.9,175271.564847
1787954400,347.9,347.98,347.645,347.78,17719.794149
1787958000,348.01,348.371,347.77,348.18,43927.137490999994
1787961600,348.172,348.184,348.172,348.184,1.8796
1787965200,348.41,348.48,348.32,348.36,1.0894
1787968800,348.48,348.48,348.34,348.34,3.1815
1787972400,348.53,348.56,348.53,348.56,0.51
1787976000,348.7,348.71,348.54,348.54,1.0052
1787979600,348.73,348.76,348.34,348.67,3.2819
1787983200,348.73,348.79,348.4,348.79,2.0213
1787986800,348.42,348.42,348.42,348.42,0.1
1787990400,348.42,348.99,348.42,348.89,2.4235
1787994000,349.03,349.41,348.79,349.41,3.8606
1787997600,349.44,349.54,349.16,349.39,2.1832
1788001200,349.47,349.67,349.36,349.46,12.3065
1788008400,349.71,349.86,349.61,349.68,13.0129
1788012000,349.79,349.82,349.61,349.68,2.4523
1788015600,349.8,349.82,347.63,349.3,146.3406
1788019200,349.44,349.44,349.31,349.31,0.5395
1788022800,349.39,349.62,349.19,349.27,9.851
1788026400,349.5,349.88,349.19,349.48,4.0685
1788030000,349.92,350.1,349.76,349.97,3.0358
1788033600,350.04,350.22,349.94,349.94,1.6438
1788040800,349.94,350.28,349.79,349.88,5.6386
1788048000,350.14,350.15,349.85,350.02,1.342
1788055200,350.09,350.25,349.94,350.25,1.5221
1788062400,350.25,350.34,350.14,350.34,15.0012
1788069600,350.32,350.32,350.32,350.32,0.1175
1788073200,350.23,350.23,350.23,350.23,0.0425
1788076800,350.35,350.44,350.23,350.34,2.5813
1788080400,350.42,350.44,350.19,350.24,3.677
1788084000,350.51,350.57,350.29,350.5,1.7286
1788087600,350.6,350.95,350.6,350.95,9.2651
1788091200,350.95,351.18,350.82,351.18,3.6358
1788094800,351.2,351.3,351.05,351.05,2.8162
1788098400,351.05,351.3,351.05,351.05,2.3999
1788102000,351.09,351.37,350.1,350.56,33.9299
1788105600,350.68,350.91,350.43,350.64,4.4615
1788109200,350.72,351.0,350.62,350.86,5.8563
1788112800,350.9,351.64,350.82,351.62,12.2349
1788116400,351.58,352.08,351.58,351.93,6.6284
1788120000,351.93,351.93,351.22,351.22,7.2196
1788123600,351.22,351.22,350.42,350.42,12.6793
1788127200,350.37,350.37,349.22,349.22,8.7655
1788130800,349.23,349.23,346.76,346.76,30.3231
1788134400,348.1,348.48,345.83,347.58,40537.0
1788138000,347.49,347.57,346.45,346.83,16290.0
1788141600,346.76,347.51,346.47,347.06,11779.0
1788145200,347.07,347.36,346.9,347.26,5096.0
1788148800,347.17,348.26,347.05,348.18,5319.0
1788152400,348.11,349.04,347.99,348.85,10421.0
1788156000,348.73,349.75,348.58,349.29,16944.0
1788159600,349.28,349.49,348.184,348.95,10877.0
1788163200,348.89,349.16,347.475,347.95,119677.382826
1788166800,347.5,347.593,346.67,346.67,44830.934702
1788170400,346.98,347.21,346.636,346.97,38598.709023999996
1788174000,346.19,346.88,345.835,346.57,103184.947989
1788177600,346.88,346.88,345.37,345.41,87038.54758099998
1788181200,345.5,361.15,345.26,360.149,11612727.162058
1788184800,360.41,365.82,359.98,363.77,12036960.186166998
1788188400,363.765,367.15,363.01,365.44,7624736.486414
1788192000,365.47,366.69,363.42,366.01,5701584.6154769985
1788195600,366.03,368.51,364.98,368.405,6158311.686415999
1788199200,368.3,368.41,365.44,365.855,4322853.027647001
1788202800,365.854,368.91,365.28,367.94,9808603.813464
1788206400,367.91,368.663,367.565,368.0,9553457.373918002
1788210000,367.57,367.675,367.17,367.29,394356.4720399999
1788213600,367.25,367.325,366.74,366.94,84996.95583200004
1788217200,367.0,367.439,366.933,367.15,95476.53879000002
1788220800,367.2,367.449,366.67,366.73,13626.0
1788224400,366.85,366.95,366.01,366.25,20173.0
1788228000,366.26,366.51,365.84,366.45,15329.0
1788231600,366.41,366.54,366.17,366.53,7878.0
1788235200,366.45,366.91,366.24,366.31,6675.0
1788238800,366.31,367.71,365.9,367.65,17905.0
1788242400,367.58,367.73,367.2,367.2,15956.0
1788246000,367.2,367.73,365.9,366.0,14942.0
1788249600,365.11,367.449,363.49,364.36,237368.77656099995
1788253200,363.59,363.892,362.6,363.57,129670.691371
1788256800,363.65,364.31,363.283,363.49,74459.87175100001
1788260400,363.48,364.282,362.558,362.6,229993.55897999997
1788264000,362.62,362.94,361.349,361.49,268902.87102099997
1788267600,361.29,362.65,353.4,358.73,8880902.756035
1788271200,358.82,359.75,357.26,357.644,6775563.938639
1788274800,357.68,360.303,357.41,358.89,3733861.5288980007
1788278400,358.78,359.07,356.375,356.815,3022071.5330649996
1788282000,356.72,357.525,356.18,356.43,1867326.400825
1788285600,356.46,356.74,353.01,354.355,4719343.60038
1788289200,354.4,356.8,353.972,356.13,4392677.238392999
1788292800,355.91,356.139,355.496,355.63,4596621.495561001
1788296400,355.56,355.764,355.23,355.56,105410.43408899999
1788300000,355.26,355.505,354.774,355.26,48688.056426
1788303600,355.26,355.97,355.225,355.91,41777.13084499999
1788307200,356.38,356.67,355.34,355.8,9264.0
1788310800,355.81,357.61,355.06,355.56,20124.0
1788314400,355.6,356.04,355.3,355.9,3702.0
1788318000,355.92,356.13,355.72,355.88,5865.0
1788321600,355.81,356.09,355.72,355.75,4235.0
1788325200,355.75,356.89,355.32,356.4,9219.0
1788328800,356.31,357.53,356.09,357.37,20926.0
1788332400,357.24,358.87,357.05,357.51,26673.0
1788336000,357.38,358.0,355.181,355.22,161107.26204
1788339600,355.345,356.299,354.74,355.195,49523.187493
1788343200,354.9,355.735,354.8,355.57,30793.631682000007
1788346800,354.36,357.031,354.146,356.67,114434.985599
1788350400,357.059,358.209,356.796,356.814,308746.114059
1788354000,357.5,361.09,349.98,351.81,6455971.620695999
1788357600,351.72,356.63,350.38,351.39,6686151.903114999
1788361200,351.36,355.48,350.99,352.7,4093328.117315002
1788364800,352.69,354.95,352.26,353.8,2967872.9247870003
1788368400,354.01,354.535,351.95,352.21,2323357.721172
1788372000,352.24,353.25,351.725,351.8,2350492.6691139997
1788375600,351.87,357.25,351.815,356.73,5448961.585167001
1788379200,357.01,357.27,355.165,355.69,2908008.894514
1788382800,355.54,356.43,355.54,356.21,76175.18318299999
1788386400,356.54,357.202,356.03,356.82,70167.11186199999
1788390000,356.94,356.99,356.5,356.83,46606.92666699999
1788393600,356.82,357.07,356.23,356.7,9521.0
1788397200,356.69,357.43,356.45,356.62,19269.0
1788400800,356.69,358.63,356.62,358.0,33911.0
1788404400,358.05,359.28,358.02,359.02,23985.0
1788408000,359.02,359.39,358.38,358.62,10515.0
1788411600,358.61,358.64,356.97,358.61,17680.0
1788415200,358.52,359.0,357.96,358.79,18307.0
1788418800,358.81,359.96,358.62,359.67,18991.0
1788422400,357.271,361.5,357.271,360.347,332949.411648
1788426000,360.35,360.815,359.602,359.609,91271.669899
1788429600,359.656,360.404,359.55,359.779,92000.485904
1788433200,359.779,362.293,359.27,361.624,569358.639356
1788436800,361.602,364.46,361.418,363.13,1155993.358781
1788440400,363.132,378.225,362.555,372.055,16536393.913361
1788444000,372.01,380.9,370.175,379.543,19526031.004623
1788447600,379.539,383.37,378.27,382.715,10751391.851099
1788451200,382.72,384.01,380.925,381.672,7259682.525667
1788454800,381.76,382.9,381.63,382.492,4569246.783403
1788458400,382.48,383.25,380.79,381.01,5223429.603819
1788462000,381.011,381.375,375.99,376.35,10049453.424123
1788465600,376.352,378.516,375.75,377.654,5220865.63979
1788469200,377.636,379.098,373.589,374.723,831586.030754
1788472800,374.728,376.51,373.26,375.406,668876.264639
1788476400,375.405,375.854,374.284,374.361,271862.740886
1788480000,374.373,374.78,372.32,372.62,67407.0
1788483600,372.62,373.27,371.69,371.9,59151.0
1788487200,371.91,372.48,367.23,367.49,125921.0
1788490800,367.53,369.65,365.99,369.09,74513.0
1788494400,369.09,370.01,368.79,369.92,31442.0
1788498000,369.88,371.27,369.03,369.35,65579.0
1788501600,369.36,370.79,368.87,370.66,60228.0
1788505200,370.71,371.26,369.6,370.63,42711.0
1788508800,374.429,374.429,369.35,370.226,585322.3692269999
1788512400,370.219,370.219,366.718,368.601,539717.57032
1788516000,368.605,369.275,368.306,368.72,184656.931514
1788519600,368.744,368.855,364.33,365.338,1262281.711776
1788523200,365.339,367.49,363.252,364.415,1443360.791899
1788526800,363.5914,364.69,356.2603,359.62,17025088.39694
1788530400,359.55,359.69,352.42,354.295,18979003.834344
1788534000,354.26,355.7999,351.3201,351.715,12430990.629063
1788537600,351.685,352.84,351.455,351.97,6504476.299782
1788541200,351.9862,352.92,351.4157,352.295,5192175.645488
1788544800,352.3199,354.3199,351.83,354.2582,6605423.276733
1788548400,354.28,355.55,353.15,354.08,10117062.334091
1788552000,353.6168,354.08,352.78,353.39,5410507.466174
1788555600,353.3239,353.71,353.26,353.42,348557.24148
1788559200,353.4238,353.5,352.73,352.93,129809.216747
1788562800,352.9299,353.11,352.7,352.8932,191723.945618
1788566400,352.91,353.31,352.79,353.31,4.3229
1788570000,353.34,353.46,353.18,353.4,1.841
1788573600,353.4,353.4,353.4,353.4,0.2961
1788577200,353.4,353.49,353.35,353.49,1.833
1788580800,353.5,353.9,353.35,353.67,9.4103
1788584400,353.98,354.17,353.67,354.17,0.6097
1788588000,354.2,354.74,354.2,354.74,3.748
1788591600,354.87,354.87,354.87,354.87,0.0422
1788595200,354.87,354.87,354.46,354.77,4.3963
1788598800,354.97,355.12,354.65,354.85,3.5946
1788606000,355.12,355.12,354.85,354.85,0.8818
1788609600,354.84,354.84,354.84,354.84,0.089
1788613200,355.3,355.3,355.08,355.08,1.2173
1788616800,355.21,355.28,355.21,355.24,1.3145
1788620400,355.24,355.25,355.12,355.25,4.7641
1788624000,355.25,355.25,355.0,355.17,2.2664
1788627600,355.17,355.5,352.3,355.29,93.6375
1788631200,355.53,355.63,355.36,355.36,1.9188
1788634800,355.5,355.86,355.36,355.61,10.505
1788638400,355.61,355.61,355.61,355.61,0.0416
1788642000,355.61,355.61,355.58,355.61,9.2546
1788645600,355.61,355.61,355.61,355.61,3.0004
1788649200,355.61,355.61,355.61,355.61,0.1451
1788652800,355.61,355.61,355.61,355.61,0.0381
1788656400,355.61,355.61,355.61,355.61,1.0688
1788660000,355.61,355.61,355.29,355.61,8.7238
1788663600,355.16,355.16,355.15,355.15,17.1467
1788667200,355.16,355.61,355.15,355.15,0.878
1788674400,355.5,355.61,355.15,355.15,3.6553
1788678000,355.15,355.4,354.99,355.31,1.3268
1788688800,355.4,355.4,355.31,355.31,4.1189
1788692400,355.4,355.4,354.23,355.03,10.68
1788696000,355.19,355.61,355.13,355.61,11.5881
1788699600,355.61,355.61,355.61,355.61,0.8236
1788703200,355.61,355.61,355.12,355.12,4.4638
1788706800,355.61,355.61,354.31,354.71,11.7189
1788710400,354.74,355.03,354.65,354.97,2.6198
1788714000,354.97,354.97,354.73,354.73,3.8392
1788717600,354.91,355.12,354.91,355.07,1.3974
1788721200,355.04,355.07,354.66,354.89,2.7657
1788728400,354.89,354.96,354.89,354.96,2.4586
1788732000,354.96,354.96,354.82,354.82,0.8757
1788735600,354.96,355.0,354.96,355.0,0.5042
1788739200,355.08,355.08,355.08,355.08,0.3379
1788742800,355.17,355.2,354.97,354.97,21.3593
1788746400,355.23,355.23,355.12,355.14,1.7939
1788750000,355.14,355.14,355.14,355.14,0.1407
1788753600,355.14,355.17,355.11,355.11,0.6528
1788757200,355.17,355.17,355.17,355.17,0.7038
1788760800,355.17,355.17,354.97,355.17,3.0142
1788764400,355.17,355.17,353.47,353.48,14.5147
1788768000,353.61,353.91,353.57,353.91,10.4705
1788771600,353.93,354.28,353.93,354.28,4.0138
1788775200,354.28,354.28,353.81,353.86,7.1276
1788778800,353.86,353.86,353.58,353.69,8.9774
1788782400,353.69,353.95,353.0,353.77,26.0682
1788786000,354.01,355.26,353.96,354.9,23.7739
1788789600,355.2,355.2,355.2,355.2,0.0959
1788793200,355.2,355.2,354.59,354.63,16.1198
1788796800,354.8,355.09,354.56,355.09,7.2207
1788800400,355.09,355.24,354.98,355.24,2.6356
1788804000,355.15,355.26,355.15,355.26,1.5949
1788807600,355.27,355.27,355.27,355.27,0.0563
1788811200,355.11,355.31,355.11,355.31,0.5338
1788814800,355.31,355.31,355.31,355.31,41.369
1788818400,355.21,355.34,355.21,355.34,0.8092
1788822000,355.36,355.36,355.26,355.26,2.6592
1788825600,354.1,355.9,353.41,355.13,124769.0
1788829200,355.13,355.99,354.72,355.98,44041.0
1788832800,355.98,356.02,355.1,355.1,34784.0
1788836400,355.1,356.41,355.07,356.36,27135.0
1788840000,356.3,356.77,356.08,356.17,22409.0
1788843600,356.17,356.35,355.03,355.2,21953.0
1788847200,355.15,355.24,354.1,354.98,31834.0
1788850800,354.99,355.47,354.36,354.49,29973.0
1788854400,354.425,356.77,352.1971,352.4127,347624.935356
1788858000,352.34,353.98,352.18,353.87,94965.645
1788861600,353.89,355.34,353.42,354.61,128911.919281
1788865200,354.53,355.8289,354.08,355.818,278330.071138
1788868800,355.75,355.85,354.75,355.7897,259220.594465
1788872400,355.8347,362.42,355.6,360.175,9748349.549892
1788876000,360.2,365.1799,358.37,365.11,11727167.097603
1788879600,365.11,368.24,364.2801,367.7701,8293997.926521
1788883200,367.78,369.68,366.6,368.27,6330666.796102
1788886800,368.23,370.0,365.74,365.7801,4683227.253958
1788890400,365.7972,367.93,364.85,367.055,4406906.494228
1788894000,367.09,368.8,366.51,368.16,6463714.738043
1788897600,368.04,368.3,367.05,367.07,4739430.253768001
1788901200,367.07,368.16,366.51,366.7465,124628.245238
1788904800,366.75,366.88,366.34,366.88,96667.400574
1788908400,366.9,366.9984,366.5,366.64,73253.847507
1788912000,366.57,367.33,366.14,366.93,20600.0
1788915600,366.93,367.75,366.8,367.56,19046.0
1788919200,367.57,368.09,367.57,367.61,12392.0
1788922800,367.61,367.63,366.81,366.95,9892.0
1788926400,366.94,367.87,366.85,367.77,6612.0
1788930000,367.73,367.99,367.35,367.92,6271.0
1788933600,367.99,367.99,367.24,367.4,4243.0
1788937200,367.35,368.55,367.11,368.14,24236.0
1788940800,367.79,368.5927,366.51,367.125,140388.875889
1788944400,367.15,367.2242,364.2,364.3457,76891.69549
1788948000,364.32,365.2,363.7,364.7,93880.45821
1788951600,364.765,365.63,364.06,364.6,144954.355623
1788955200,364.7937,364.82,363.8,364.3,154763.761434
1788958800,364.3755,375.44,364.08,371.08,7215002.401887
1788962400,371.03,373.6,369.81,371.31,6806338.449041
1788966000,371.31,371.83,367.25,370.625,6010423.415024
1788969600,370.62,371.12,368.56,368.804,3423472.473274
1788973200,368.81,369.41,367.78,368.94,2625262.070402
1788976800,368.96,370.16,368.01,369.05,2773730.477402
1788980400,369.016,369.73,367.5,367.81,4157025.797051
1788984000,367.79,367.87,367.12,367.53,2503193.7719320003
1788987600,367.51,367.81,367.14,367.1401,148964.172054
1788991200,367.13,367.3,366.38,366.6,62018.094192
1788994800,366.65,367.3,366.25,367.1,46710.346636
1788998400,367.4,367.6,366.21,366.22,12468.0
1789002000,366.22,366.58,365.3,366.19,14682.0
1789005600,366.21,366.34,365.52,366.26,5464.0
1789009200,366.33,366.65,365.76,366.01,6346.0
1789012800,366.02,366.2,365.87,366.09,5237.0
1789016400,366.2,366.99,366.07,366.77,5677.0
1789020000,366.82,367.02,366.29,366.68,13178.0
1789023600,366.7,367.22,366.33,366.49,15368.0
1789027200,367.0507,367.25,365.54,365.78,98898.744591
1789030800,365.7462,366.64,365.4,366.3,32482.894477
1789034400,366.31,366.505,365.5,365.9,26604.152243
1789038000,365.99,365.99,362.88,363.01,200895.829007
1789041600,363.12,363.44,360.095,360.1535,504012.865086
1789045200,360.1792,367.07,357.68,366.07,6586321.6171
1789048800,366.14,369.21,365.0,367.605,6173247.822153
1789052400,367.6,367.63,365.23,366.7992,3912742.678466
1789056000,366.75,367.43,365.307,365.85,2581016.607165
1789059600,365.815,367.85,365.3501,365.4565,2776536.131851
1789063200,365.455,366.6299,364.88,366.27,2338533.002455
1789066800,366.27,366.48,362.77,363.56,4679606.618625
1789070400,363.57,364.16,363.04,363.7786,2909991.7083170004
1789074000,363.7775,363.81,363.56,363.72,49137.427905
1789077600,363.7,363.9,363.38,363.43,42297.657209
1789081200,363.47,363.6,363.29,363.45,44666.35952
1789084800,363.41,363.96,362.09,363.68,8577.0
1789088400,363.75,364.1,363.15,363.54,8398.0
1789092000,363.71,363.71,362.59,362.78,6611.0
1789095600,362.72,362.86,361.96,362.09,13153.0
1789099200,362.06,363.39,361.71,363.18,13012.0
1789102800,363.2,364.34,362.96,364.25,9974.0
1789106400,364.25,364.99,363.94,364.91,20819.0
1789110000,364.91,365.51,364.38,364.7,18442.0
1789113600,364.2,365.47,361.7,365.09,151311.443854
1789117200,365.1,365.31,364.5,365.1,29779.333076
1789120800,365.01,365.4,364.56,364.88,40744.177555
1789124400,364.83,364.9,360.14,361.5611,289193.557609
1789128000,361.61,364.97,361.04,364.7035,483168.298703
1789131600,364.9,368.66,361.6,368.4,6819893.615439
1789135200,368.31,368.42,363.09,364.91,6292380.182967001
1789138800,364.8,367.23,364.29,365.12,3446135.149191
1789142400,365.18,366.59,364.0,364.82,2955246.844875
1789146000,364.84,366.55,364.53,365.12,2609592.598322
1789149600,365.12,365.58,364.0,365.225,2324692.887732
1789153200,365.2502,366.5,364.05,365.44,4791597.803142
1789156800,365.51,365.57,364.81,365.18,2662487.1618840005
1789160400,365.21,365.22,364.6,364.75,166921.769338
1789164000,364.74,364.97,364.7,364.9389,25861.797487
1789167600,364.93,365.251,364.82,365.25,34654.847666
1789171200,364.99,365.3,364.98,365.3,0.6045
1789174800,365.3,365.3,364.8,364.8,14.0303
1789178400,364.9,365.3,364.55,365.3,10.8077
1789182000,365.3,365.3,365.3,365.3,0.2736
1789185600,365.3,365.46,364.36,364.55,17.2164
1789189200,364.57,365.46,364.52,365.46,1.8871
1789192800,364.46,365.46,364.46,365.46,0.0852
1789196400,365.46,365.46,364.21,364.34,18.2812
1789200000,364.34,365.46,364.34,364.38,29.7088
1789207200,365.46,365.46,364.38,364.38,0.5988
1789218000,365.46,365.46,364.3,365.25,8.8984
1789221600,365.37,365.57,365.19,365.57,3.5248
1789225200,365.59,365.66,365.59,365.66,0.1988
1789228800,365.66,365.89,365.19,365.19,16.3565
1789232400,365.45,365.45,365.0,365.0,1.4526
1789236000,365.45,369.3,365.19,369.2,171.7421
1789239600,369.25,369.41,368.32,368.45,17.83
1789243200,368.32,368.32,367.16,367.38,18.248
1789254000,367.04,367.38,367.04,367.22,2.8108
1789257600,367.16,367.16,367.12,367.12,0.7656
1789261200,367.16,367.48,367.1,367.48,14.2212
1789264800,367.49,367.49,367.49,367.49,0.0544
1789268400,367.49,367.54,367.24,367.24,1.4526
1789272000,367.61,367.61,366.94,366.94,16.1316
1789275600,366.94,366.97,366.83,366.87,9.1541
1789279200,366.64,366.7,366.57,366.64,3.7061
1789282800,366.74,366.74,366.59,366.59,1.2693
1789286400,366.68,366.68,365.3,365.67,38.0057
1789293600,365.63,365.63,364.96,364.96,12.5129
1789297200,364.95,364.95,364.46,364.46,11.5337
1789300800,364.5,364.5,363.38,363.44,23.0257
1789304400,363.56,363.6,363.44,363.5,2.6129
1789308000,363.56,363.6,363.56,363.6,0.9736
1789311600,363.6,363.69,363.0,363.0,20.4424
1789315200,363.12,363.2,362.94,362.99,6.0503
1789318800,363.2,363.21,362.83,362.92,13.0526
1789322400,362.97,363.14,362.68,362.68,24.7889
1789326000,362.87,362.87,362.28,362.67,5.8697
1789336800,362.67,364.21,362.48,364.21,46.8507
1789340400,364.18,364.18,362.54,362.54,43.1548
1789344000,361.49,362.62,359.55,360.03,59212.0
1789347600,360.03,360.87,358.77,360.8,35201.0
1789351200,360.87,361.65,360.68,361.35,20026.0
1789354800,361.2,361.48,359.99,360.87,11827.0
1789358400,360.87,360.89,360.1,360.54,9187.0
1789362000,360.54,360.56,359.66,360.33,17586.0
1789365600,360.38,361.34,360.34,360.52,28255.0
1789369200,360.57,360.96,359.63,359.96,27906.0
1789372800,360.2,361.3922,358.01,358.49,254062.05271100003
1789376400,358.79,358.8417,357.5287,358.0342,78610.818901
1789380000,358.17,359.9902,358.0,359.62,75632.05551
1789383600,359.78,360.96,359.24,359.5,218903.129262
1789387200,359.5,359.55,358.55,359.09,186097.635062
1789390800,359.1272,367.73,357.99,360.21,7131834.533816
1789394400,360.225,361.8,357.04,358.57,6564777.0
1789398000,358.61,363.9,358.4285,363.1542,5339060.976609
1789401600,363.1745,364.22,361.94,362.7555,3676878.540546
1789405200,362.775,363.25,362.09,362.27,2135512.826694
1789408800,362.3,362.5,360.62,360.85,2399030.103108
1789412400,360.83,361.07,358.53,358.97,5071593.701995
1789416000,358.97,359.7395,358.5,359.5376,3299765.60778
1789419600,359.52,359.86,359.35,359.8228,55105.440516
1789423200,359.85,359.88,359.6,359.8037,46435.377073
1789426800,359.8363,359.89,359.65,359.89,42798.51706
1789430400,359.78,360.6,359.36,359.83,26185.0
1789434000,359.84,360.19,359.25,359.76,15851.0
1789437600,359.7,359.85,359.51,359.63,5978.0
1789441200,359.63,359.65,359.29,359.45,7585.0
1789444800,359.45,359.85,359.1,359.1,10813.0
1789448400,359.15,359.3,358.37,358.88,10843.0
1789452000,358.99,359.25,358.4,358.62,7823.0
1789455600,358.6,358.97,357.75,357.93,19592.0
1789459200,358.38,359.88,356.7,357.2,144396.11549999999
1789462800,357.3,358.38,356.79,357.88,51630.217175
1789466400,358.14,358.8027,357.92,358.8027,40995.055828
1789470000,358.8,359.65,358.1301,358.7434,118098.292481
1789473600,358.59,359.51,358.04,358.6,119156.59431
1789477200,358.6047,362.11,354.6313,359.15,7074953.490344
1789480800,359.1,360.19,355.88,357.61,4154322.776116
1789484400,357.5609,362.39,357.5501,361.115,5250209.207447
1789488000,361.165,361.98,358.88,360.495,4466544.475071
1789491600,360.55,360.55,355.16,357.375,4227092.818927
1789495200,357.38,358.18,356.38,357.2655,2198988.327657
1789498800,357.25,357.38,354.05,356.58,4475665.288732
1789502400,356.7,358.5544,356.0,356.5888,2455512.8271179995
1789506000,356.58,356.67,355.57,355.7001,54465.67126
1789509600,355.72,356.4907,355.7,356.23,31200.625992
1789513200,356.2288,356.23,355.7597,355.88,27288.570449
1789516800,355.84,356.69,355.84,356.27,6564.0
1789520400,356.36,356.57,355.93,355.99,6562.0
1789524000,356.01,356.47,355.97,356.42,5534.0
1789527600,356.48,357.36,356.48,357.1,10883.0
1789531200,357.13,357.47,356.71,356.8,7099.0
1789534800,356.8,357.45,356.54,357.26,6945.0
1789538400,357.4,357.68,357.18,357.49,10242.0
1789542000,357.53,358.32,357.48,357.84,20685.0
1789545600,357.32,358.5,356.5,357.4988,101858.52391
1789549200,357.43,357.465,356.61,357.4,33094.464702
1789552800,357.4,357.51,356.5,357.5,27804.198395
1789556400,357.565,358.0,357.0087,357.85,115210.134794
1789560000,357.8,358.4,356.9,357.45,149437.845089
1789563600,357.584,361.19,354.8913,359.34,5239912.660355
1789567200,359.31,364.44,359.27,363.835,7175541.0
1789570800,363.835,365.0499,361.77,362.33,4184882.295645
1789574400,362.31,363.102,360.4401,362.35,2722461.465932
1789578000,362.355,362.4,360.27,360.895,2082946.941212
1789581600,360.895,362.89,356.42,356.495,4851819.0
1789585200,356.495,359.3,355.0,358.08,5880789.0
1789588800,358.13,358.468,357.5,358.069,371535.0
1789592400,358.1,358.5,357.88,358.3,56129.368242
1789596000,358.3,359.35,358.15,358.4599,76303.764433
1789599600,358.45,359.96,358.16,359.86,101420.478811
1789603200,359.64,360.87,359.58,360.8,21449.0
1789606800,360.8,360.9,360.03,360.22,15629.0
1789610400,360.25,360.8,359.73,360.47,14736.0
1789614000,360.46,361.06,360.42,360.91,10094.0
1789617600,360.9,361.17,360.8,360.95,7892.0
1789621200,360.91,361.11,359.92,359.92,9566.0
1789624800,359.92,361.08,359.9,361.08,12488.0
1789628400,361.06,363.95,361.05,362.6,48284.0
1789632000,362.49,363.95,359.9,363.0912,179512.052125
1789635600,363.24,363.5442,362.5,362.81,45761.867416
1789639200,362.84,363.29,362.3677,362.62,41477.17082
1789642800,362.62,364.5,362.17,364.24,120603.393158
1789646400,364.17,365.6,364.0201,364.55,325989.917483
1789650000,364.578,371.29,363.22,369.66,7702091.450133
1789653600,369.7,374.12,368.09,368.585,9673386.0
1789657200,368.65,369.25,364.01,369.1671,7051311.0
1789660800,369.13,369.6,366.13,366.785,3262166.872162
1789664400,366.81,368.82,366.55,368.03,3752638.776374
1789668000,368.08,368.38,365.65,366.88,2870019.031834
1789671600,366.845,367.5,365.96,366.2,3976628.304075
1789675200,366.03,366.56,365.61,365.9675,4236349.156250999
1789678800,365.93,366.4,365.8725,366.29,37716.680042
1789682400,366.24,366.369,365.12,365.405,68307.84728300001
1789686000,365.6,365.8673,365.4,365.65,57081.663202
1789689600,365.59,366.06,365.15,365.27,7501.0
1789693200,365.27,365.59,365.0,365.59,9521.0
1789696800,365.59,366.36,365.45,366.06,7788.0
1789700400,366.06,367.35,366.01,367.02,14577.0
1789704000,367.03,367.47,367.0,367.43,8306.0
1789707600,367.42,368.24,367.4,367.94,12578.0
1789711200,367.94,368.43,367.9,368.43,17726.0
1789714800,368.41,370.0,368.32,369.25,38698.0
1789718400,369.5,370.0,366.2,368.85,189409.191141
1789722000,368.78,368.9488,367.7795,368.15,42834.459191
1789725600,368.0499,368.7,367.88,368.48,35510.94543
1789729200,368.51,369.1,366.2,368.2,137573.46336599998
1789732800,368.33,368.6,367.01,367.482,129870.579313
1789736400,367.5155,370.9,365.42,365.64,11837015.427458
1789740000,365.5605,368.77,360.751,367.705,11100113.0
1789743600,367.705,368.76,361.66,363.0244,7037054.290421
1789747200,363.04,363.46,361.482,362.98,5359649.06105
1789750800,362.91,363.974,362.25,363.715,2656890.0
1789754400,363.715,364.1,362.3401,364.0,2971046.971051
1789758000,364.01,365.81,361.6003,364.27,8086181.467983
1789761600,364.21,365.5226,363.8,364.1626,10365719.814737
1789765200,364.2,365.5226,364.0037,364.19,49606.261068
1789768800,364.181,364.181,363.66,363.69,59614.289701
1789772400,363.6872,364.19,363.68,364.18,61611.643526
1789779600,364.0,364.0,364.0,364.0,0.1032
1789783200,364.0,364.5,364.0,364.39,10.6222
1789786800,364.45,364.49,364.45,364.49,0.677
1789790400,364.54,364.54,364.49,364.49,1.2067
1789794000,364.51,364.51,364.49,364.49,0.4755
1789804800,364.51,364.71,364.43,364.47,10.9428
1789815600,364.47,364.47,364.47,364.47,0.1
1789819200,364.54,364.54,364.54,364.54,0.0548
1789822800,364.54,364.54,364.54,364.54,0.2194
1789826400,364.54,364.58,364.48,364.58,0.9678
1789830000,364.48,364.48,364.48,364.48,0.0823
1789833600,364.61,364.61,364.47,364.54,7.0049
1789837200,364.55,364.91,364.55,364.85,21.9069
1789840800,364.79,364.79,364.74,364.74,1.468
1789844400,364.74,364.85,364.74,364.85,0.588
1789855200,364.89,364.94,364.89,364.94,0.0548
1789858800,364.94,364.94,364.84,364.88,1.66
1789862400,364.88,364.91,364.88,364.91,0.5776
1789869600,364.91,364.91,364.91,364.91,0.1096
1789873200,364.91,364.91,364.26,364.26,47.9395
1789876800,364.4,364.4,364.4,364.4,0.7409
1789880400,364.2,364.2,363.79,364.0,12.5513
1789884000,364.01,364.01,364.01,364.01,0.082
1789887600,364.08,364.37,363.95,364.07,3.514
1789891200,364.07,364.11,364.07,364.11,0.1104
1789894800,364.11,364.11,364.11,364.11,0.0576
1789898400,364.11,364.11,364.11,364.11,0.1327
1789902000,364.01,364.08,364.01,364.01,0.4993
1789909200,364.11,364.37,364.11,364.37,1.8662
1789912800,364.37,364.37,363.82,363.93,10.6308
1789916400,363.93,363.93,363.93,363.93,0.3471
1789920000,363.93,363.97,363.93,363.97,0.6836
1789923600,364.37,364.37,363.84,363.84,0.5696
1789927200,364.37,364.37,364.37,364.37,0.2469
1789930800,364.37,364.37,364.37,364.37,0.0549
1789938000,364.37,364.37,364.37,364.37,1.1
1789941600,364.37,364.82,364.37,364.82,34.0018
1789945200,364.85,364.85,364.85,364.85,0.0548
1789948800,364.91,366.96,364.91,366.82,43343.0
1789952400,366.77,367.4,366.0,366.0,23847.0
1789956000,366.0,366.48,365.92,366.2,9821.0
1789959600,366.25,366.49,365.99,366.29,10196.0
1789963200,366.26,367.0,366.2,366.75,21114.0
1789966800,366.81,367.55,366.51,367.3,14020.0
1789970400,367.31,368.07,367.31,368.0,11202.0
1789974000,368.01,368.53,367.69,368.5,14771.0
1789977600,368.24,369.69,366.25,369.61,200513.035048
1789981200,369.656,370.44,369.536,369.85,104402.708524
1789984800,369.85,370.23,369.1,369.2,57029.982586
1789988400,369.14,369.95,368.67,369.91,151803.179994
