ts,open,high,low,close,volume
1770937200,416.18633079143547,417.9862100828407,415.3321684810225,416.36004031544405,5306.981215662467
1770940800,416.36004031544405,417.66994419740024,413.9658287927379,413.9658287927379,5268.426569807232
1770944400,413.9658287927379,417.27822400145556,413.9658287927379,416.80322702331415,5781.658299222575
1770948000,416.80322702331415,416.80322702331415,416.3477187953727,416.3477187953727,445.2221492119082
1770951600,416.3477187953727,417.37555096274104,415.5804730532619,416.6342837708739,2265.868385722753
1770955200,416.6342837708739,417.0866106343593,415.6670175658411,416.5507106579194,326.86294256303586
1770958800,416.5507106579194,417.6293891117067,414.22503163053676,414.8132895941081,3744.7963829325226
1770962400,414.8132895941081,416.0127948022791,412.30426149673883,412.9879313817825,9815.989735661407
1770966000,412.9879313817825,416.668294289074,412.9879313817825,414.1363950789475,15838.331523139965
1770969600,414.1363950789475,416.9629854526596,414.1363950789475,416.9629854526596,10571.058246994331
1770973200,416.9629854526596,416.9629854526596,414.93902132780295,415.2987509690439,1220.3992360098478
1770976800,415.2987509690439,416.36752100513957,414.93086308987404,415.8746281591632,547.4425413460075
1770980400,415.8746281591632,416.11542752914806,412.7756241987784,413.48814890951127,7546.4381397407615
1770984000,413.48814890951127,413.7845024262897,413.3862893890472,413.7845024262897,1208.2820337138173
1770987600,413.7845024262897,416.8339303263085,412.4313065479474,415.989065029307,9945.796782221347
1770991200,415.989065029307,418.67774094446474,411.3001812117991,414.2715335740058,83283.52802581454
1770994800,414.2715335740058,418.09932371627434,412.71341520994577,415.48382788278286,45637.10773016317
1770998400,415.48382788278286,418.98360477047044,413.2094951974028,418.77864131401606,21260.811641374556
1771002000,418.77864131401606,420.86110210514903,417.3649856515499,419.3553135303862,6773.161641066636
1771005600,419.3553135303862,423.44508614597345,418.1190464667683,422.09696151272175,15981.184017083477
1771009200,422.09696151272175,422.09696151272175,419.6077618986904,419.6077618986904,7048.555503688508
1771012800,419.6077618986904,420.0243038589908,416.84928011793363,417.02281891245536,9899.158844252082
1771016400,417.02281891245536,418.00752910448665,415.64337886212195,417.4028722693223,4714.982150053313
1771020000,417.4028722693223,418.59368290445707,416.6437434180748,418.3054825647385,886.3911534723462
1771023600,418.3054825647385,418.3054825647385,416.2771002890599,416.56392926598863,1893.4614925412036
1771027200,416.56392926598863,416.56392926598863,415.57314308538605,415.57314308538605,245.81151413500587
1771030800,415.57314308538605,417.8962247859341,415.57314308538605,417.4337136696348,760.9159026743048
1771034400,417.4337136696348,418.346349021594,416.0445295135233,416.91254972720935,2565.605393965382
1771038000,416.91254972720935,417.79375061622494,415.53572110280925,417.3875582495132,5996.971140351603
1771041600,417.3875582495132,418.2427568915494,417.3769857814378,417.51226396547156,3109.9636825852335
1771045200,417.51226396547156,417.51226396547156,417.1573821241904,417.50228099008865,634.161996556585
1771048800,417.50228099008865,418.4042839465847,416.32376550167623,416.6932517159693,298.8693403544372
1771052400,416.6932517159693,417.1275934470138,415.90965009799174,416.1399789987496,4374.271226787231
1771056000,416.1399789987496,417.97649509719764,413.7459897679914,416.85222635766377,1451.2509809947392
1771059600,416.85222635766377,417.61274613184145,416.7682619385093,417.1364129546151,24.228815679822727
1771063200,417.1364129546151,418.08312830403725,417.11332494461493,417.11332494461493,88.80220451340831
1771066800,417.11332494461493,419.4579833813404,415.365839887736,417.31124077290326,7338.164600565673
1771070400,417.31124077290326,418.9921528324775,416.37233250714235,418.5104592340755,869.6651270368575
1771074000,418.5104592340755,418.5377320042371,416.246053384757,418.19608732708633,689.3637842337204
1771077600,418.19608732708633,418.19608732708633,416.3880574692532,417.89080069323796,529.485036456657
1771081200,417.89080069323796,418.1867471325184,417.32917308781373,417.8225040485481,582.2756759297496
1771084800,417.8225040485481,418.65107861339277,416.54417182083057,417.8016754161384,2396.265523753484
1771092000,417.8016754161384,418.9752516620695,416.6905558405707,416.6905558405707,325.97743580574786
1771095600,416.6905558405707,418.9706016822678,416.6905558405707,417.29037107298564,1770.1428207938734
1771099200,417.29037107298564,418.7196943105206,417.29037107298564,418.2669494364009,96.27266816415037
1771102800,418.2669494364009,418.78121868540336,416.41360128968586,416.9089147022671,1239.656127486306
1771106400,416.9089147022671,418.45766376695843,416.02694603273153,417.28674279397427,629.1240773107563
1771110000,417.28674279397427,419.1623745045518,417.13591661270357,418.06173949049185,807.1178770294642
1771113600,418.06173949049185,418.5232289564728,416.7118589049624,418.2183984361254,1937.738002368127
1771117200,418.2183984361254,418.70968553277226,416.6301522808523,417.902837529399,782.8680743200571
1771120800,417.902837529399,418.6190512271277,416.6971217947832,417.1147539344313,1174.519538783797
1771124400,417.1147539344313,417.14242112835046,416.08050320107697,416.58180169042447,1207.8572430299
1771128000,416.58180169042447,418.4490936045288,416.23251269778655,416.23251269778655,1791.7292844512754
1771131600,416.23251269778655,418.5236819501,416.23251269778655,418.23207716743514,3118.863127772777
1771135200,418.23207716743514,418.8826712434605,417.87748280484567,418.2393603716829,1154.204163816574
1771138800,418.2393603716829,418.4673204797595,416.612002499779,418.4673204797595,698.3319389217314
1771142400,418.4673204797595,418.76820000493484,416.49208177088184,416.49208177088184,2026.6596684132692
1771146000,416.49208177088184,417.9307619989689,416.2168692498972,417.4378589116238,768.6318596873309
1771149600,417.4378589116238,418.34589480271535,416.12956141123044,416.4649519249995,1781.1381923282108
1771153200,416.4649519249995,418.05108312219545,416.4649519249995,416.8748934881712,4622.643136294555
1771156800,416.8748934881712,418.2572018713859,416.10739854304853,417.5781604585979,1313.407808431768
1771160400,417.5781604585979,418.1668067616542,415.73844529467334,416.37127973044204,1399.0494785691747
1771164000,416.37127973044204,418.00079272133416,416.02007494777456,416.654370704168,731.0349684883698
1771167600,416.654370704168,418.3739263349343,416.4623168865079,417.4887978878924,702.8301477074339
1771171200,417.4887978878924,417.5141965358208,416.30678566685236,416.62117010679106,409.0485500387909
1771174800,416.62117010679106,417.72994007416844,415.7040175892985,416.692316176359,1161.403044958707
1771178400,416.692316176359,417.8990041582576,415.9936802967277,417.0754410742705,5738.138047427205
1771182000,417.0754410742705,418.45301378529024,415.8281468553255,417.26510981945756,2968.550489999619
1771185600,417.26510981945756,417.9273884084504,416.16719603492373,416.4246229630321,692.2238589984464
1771189200,416.4246229630321,417.69203400043205,416.3117237187806,416.6588328780968,472.96479222083894
1771192800,416.6588328780968,417.2368978711089,416.2603212767031,416.2603212767031,105.8709731151505
1771196400,416.2603212767031,417.9217205855402,415.6995897748205,415.6995897748205,1397.8779056926749
1771200000,415.6995897748205,417.8987343715962,415.1934514986207,417.21633719968935,6215.058856351405
1771203600,417.21633719968935,418.5625454732353,415.9698043687537,416.8459007330525,4744.366819712977
1771207200,416.8459007330525,417.6039598364587,414.6775773262338,417.6039598364587,18615.531981235956
1771210800,417.6039598364587,417.6039598364587,417.2530074808854,417.38963847687853,803.2017907474067
1771214400,417.38963847687853,418.18785684322677,416.4870424088735,416.83407557716237,327.3049764262347
1771218000,416.83407557716237,418.2086319628998,416.83407557716237,417.59802545640656,302.08827442656275
1771221600,417.59802545640656,417.59802545640656,415.93428116580066,416.2743648946786,763.0559460955697
1771225200,416.2743648946786,420.99104082419393,416.2743648946786,418.18953492261295,1755.893236781132
1771228800,418.18953492261295,418.61052620201747,416.3603587395966,417.33733570852246,249.43228159895858
1771232400,417.33733570852246,417.8792360307535,416.6994516838822,417.5568148388897,1046.8130249222802
1771236000,417.5568148388897,417.6453441591894,417.5568148388897,417.6064218098179,458.47172605576714
1771239600,417.6064218098179,419.0650489024989,415.9171681990478,417.17513993743114,2231.4895049542974
1771243200,417.17513993743114,418.8629654691328,416.3665887525834,417.9480921417999,2399.0104940654187
1771246800,417.9480921417999,419.38470630845285,416.39704702237765,417.4485490882202,2366.607405353198
1771250400,417.4485490882202,419.1499656869827,416.1379042747467,417.19291559493007,4928.099549212601
1771254000,417.19291559493007,418.956613153538,415.847289695398,416.92091972180674,1515.0725585177972
1771257600,416.92091972180674,417.7982114548667,415.6481563219038,416.0470120748521,808.3978316330872
1771261200,416.0470120748521,417.8611578358472,415.7495190085213,416.85242053201665,2232.085368966491
1771264800,416.85242053201665,416.85242053201665,415.85546253584147,416.0386974743359,612.7640390355376
1771268400,416.0386974743359,418.003077922928,415.5800578936459,417.91867747283464,6023.104601285466
1771272000,417.91867747283464,418.05960006586173,416.2772512591287,416.33802823914607,1645.9617134498533
1771275600,416.33802823914607,417.66164215452653,415.89668474227716,417.0922235908235,6802.573335275235
1771279200,417.0922235908235,417.446544997739,415.81153910497534,416.6634142780355,2572.619857980802
1771282800,416.6634142780355,417.4885085065428,415.3537247822483,416.16481048176007,3260.5947594698127
1771286400,416.16481048176007,417.8051178823047,415.99290822280966,416.5917024436685,3575.674475881542
1771290000,416.5917024436685,420.6996589304569,416.0241147373996,416.89744023805116,31067.632185382176
1771293600,416.89744023805116,416.89744023805116,413.1661670240937,414.1131721001217,10807.364323318492
1771297200,414.1131721001217,415.32834513562,413.74906389960984,413.80468054669257,10605.245181167777
1771300800,413.80468054669257,414.3527674680868,413.009974775894,413.3395121461018,391.212813128728
1771304400,413.3395121461018,414.6991438731279,412.48852591080197,412.7867285842434,2063.8319220055255
1771308000,412.7867285842434,413.9274789504153,409.792983384702,413.9274789504153,40391.02623682481
1771311600,413.9274789504153,414.3423331495011,412.3347435628875,413.4368801627544,8870.151836114974
1771315200,413.4368801627544,416.0706352983916,412.76399405149107,413.77396880845384,4598.694531770673
1771318800,413.77396880845384,414.848755304423,413.04101033409563,413.3337638692229,2035.2107280763578
1771322400,413.3337638692229,414.93641402152457,412.64337126776974,412.91487099345443,4395.734729622255
1771326000,412.91487099345443,412.91487099345443,411.15143731860786,411.30387029828904,6016.7344029495625
1771329600,411.30387029828904,413.364055112846,410.58981419097057,411.1223309511971,10802.856718797932
1771333200,411.1223309511971,413.0234101748095,408.8735612204616,413.00205465340053,13362.096890323272
1771336800,413.00205465340053,413.61648749756205,402.37210797872933,403.01924544985127,71656.11787548914
1771340400,403.01924544985127,404.801590774461,400.59459182459227,403.5934108432388,43505.7906221911
1771344000,403.5934108432388,409.52241715101553,401.60829761359287,407.5079290354589,26742.488872710976
1771347600,407.5079290354589,409.4276369911254,403.2928441421823,403.7654294390572,15926.848288062161
1771351200,403.7654294390572,412.36435276291684,403.74408122764584,412.36435276291684,27327.013380700955
1771354800,412.36435276291684,413.5793779049206,410.32091680675154,410.72611099458805,8874.027151934128
1771358400,410.72611099458805,411.4945276733492,409.2662972910143,409.2662972910143,7297.959045066829
1771362000,409.2662972910143,411.6302742141179,409.2662972910143,409.66680978433874,1651.747234260916
1771365600,409.66680978433874,410.884807699408,408.363248080669,410.21779294890086,5689.171762210105
1771369200,410.21779294890086,410.21779294890086,408.4691964388869,409.240056975068,5014.152937186567
1771372800,409.240056975068,410.42486871709497,408.1867204008913,409.84341475521177,4072.6705220109975
1771376400,409.84341475521177,410.18161042413436,407.8932695976128,409.33955102651186,2243.559940125971
1771380000,409.33955102651186,410.44358439394426,409.20139304677787,410.1249080760276,2498.3204064409274
1771383600,410.1249080760276,411.0094629668809,409.37716924586755,410.7795474161191,2154.392321209563
1771387200,410.7795474161191,411.67481147819336,410.5285200516199,411.37779066340954,2340.643914579128
1771390800,411.37779066340954,411.37779066340954,411.21047460866095,411.21047460866095,4.996408759627789
1771394400,411.21047460866095,411.21047460866095,410.7330712921036,410.7330712921036,151.40196034126748
1771398000,410.7330712921036,411.3454566507496,408.493605719532,411.1976292428466,31176.69507008207
1771401600,411.1976292428466,413.4797691030653,410.8315797208126,412.8813950015759,21560.534627662888
1771405200,412.8813950015759,413.7660177148623,409.65675429727287,413.4649951967938,27315.60880780729
1771408800,413.4649951967938,414.9689363283243,412.76974640413545,413.855404865258,9741.824860529476
1771412400,413.855404865258,414.85950727244705,412.6826335205769,413.4407146567888,1951.240221072121
1771416000,413.4407146567888,414.0230490775791,411.4293979359034,411.4293979359034,5087.383402962508
1771419600,411.4293979359034,412.0433374153225,410.6973677787666,411.01691749978164,8284.868785303954
1771423200,411.01691749978164,413.0165726382597,409.31822774388434,412.8366271992667,39005.25366044405
1771426800,412.8366271992667,415.13845850793166,410.029122292746,414.29922682109225,24938.318464651646
1771430400,414.29922682109225,416.39125309767013,413.70103379539455,413.70103379539455,8546.459397473505
1771434000,413.70103379539455,416.6437083587285,413.34517348264103,414.71450865701775,4691.1502836501995
1771437600,414.71450865701775,416.05740701864465,411.2003391803104,412.75653483123835,11983.16276273219
1771441200,412.75653483123835,413.841234012092,409.87426535426687,410.87387613536606,9717.02508929834
1771444800,410.87387613536606,411.56763952507,409.55467654883876,411.56763952507,2059.079708059809
1771448400,411.56763952507,411.56763952507,408.9294660365578,411.0256543407339,3395.2992826375043
1771452000,411.0256543407339,411.0256543407339,410.04446299749884,410.04446299749884,12.760086785097101
1771455600,410.04446299749884,411.2556037418691,409.4900114549722,409.8347225487135,161.8666818142518
1771459200,409.8347225487135,410.70687555029644,409.01535166090196,410.0802157132436,1116.8078626376773
1771462800,410.0802157132436,411.0595474413445,408.84192287938686,409.75050503274394,1395.965328290203
1771466400,409.75050503274394,411.52893356536225,409.52685446955303,409.7756534783628,1639.177172871486
1771470000,409.7756534783628,411.3191819734138,409.57650388972013,410.9210280815887,612.2082092656444
1771473600,410.9210280815887,410.9210280815887,409.68820067359366,410.6470326830455,687.2817402627336
1771477200,410.6470326830455,410.74987316826395,410.61274549233013,410.6487783652197,175.40395552863168
1771480800,410.6487783652197,411.0260298335481,409.811679377889,411.0260298335481,894.2454222912828
1771484400,411.0260298335481,412.91277568087156,410.1690893719169,411.2524680967841,1977.2747477638495
1771488000,411.2524680967841,412.2692470693137,410.6799751789795,411.10089295340345,1031.1251178520004
1771491600,411.10089295340345,411.9980037638401,408.9590954503136,409.720609618911,7080.484677651476
1771495200,409.720609618911,409.720609618911,406.5805338381988,407.39319866265816,11815.185513678678
1771498800,407.39319866265816,408.3779027097683,407.39319866265816,408.3779027097683,856.7989723749578
1771502400,408.3779027097683,408.3779027097683,406.4709745905825,408.1616035360558,14668.684720941945
1771506000,408.1616035360558,408.33389690828574,405.7945715599044,405.7945715599044,3168.4250334434423
1771509600,405.7945715599044,409.18060869907146,403.15198281987654,408.52240932025217,40027.32414725955
1771513200,408.52240932025217,411.57919449512974,407.4526338143876,411.0337064998142,45656.95657867783
1771516800,411.0337064998142,415.22716044588594,410.98579279096117,412.0189599873436,18784.093271409365
1771520400,412.0189599873436,415.43153163301963,409.98446499505457,410.76228847384783,20283.132379363797
1771524000,410.76228847384783,410.76228847384783,407.4808437140392,409.69150679572573,8869.313899126302
1771527600,409.69150679572573,410.615580833738,407.3423202405632,408.5638379650073,6492.742099691324
1771531200,408.5638379650073,412.9257014637155,408.5638379650073,412.19445278384484,13333.846781789845
1771534800,412.19445278384484,412.4395910341894,410.8965476651032,410.8965476651032,364.55583577437176
1771538400,410.8965476651032,413.7761260889386,410.5199164486541,411.8425665714113,17490.243935663355
1771542000,411.8425665714113,412.1673788763602,410.23312463749636,411.9717327005003,1012.581063378415
1771545600,411.9717327005003,412.4114078812192,410.3994303550083,410.3994303550083,2154.699926754882
1771549200,410.3994303550083,412.96804166310153,410.3994303550083,411.73781233366947,7477.044393337854
1771552800,411.73781233366947,413.40933592010185,411.73781233366947,412.23636174418755,1550.2044002867378
1771556400,412.23636174418755,412.3429732130711,410.66285165799786,411.8315587556625,8600.598007433848
1771560000,411.8315587556625,412.42328143321015,410.6130289501844,412.1179599299017,411.77231916807756
1771563600,412.1179599299017,412.8766046871156,410.7221185022461,410.74763360626406,914.3361723107295
1771567200,410.74763360626406,412.10776747208877,410.74763360626406,411.50841881261135,332.6733213686616
1771570800,411.50841881261135,412.7835412823593,410.84531254714676,411.98577630443026,298.2266288899923
1771574400,411.98577630443026,412.55765803136285,411.62986099931,411.9637531315304,52.34255518522745
1771578000,411.9637531315304,412.73355862904265,410.68359271820594,410.68359271820594,1022.3198908275668
1771581600,410.68359271820594,412.86021209655405,410.68359271820594,412.82698699691525,429.3672025399557
1771585200,412.82698699691525,416.1783951573821,410.12020036749766,410.7471782181165,10179.607568393498
1771588800,410.7471782181165,412.34082503557994,408.5597126179911,410.820646626585,11627.192545156824
1771592400,410.820646626585,411.6749059379305,408.5723732342429,408.6531675650159,7884.771025936242
1771596000,408.6531675650159,410.53430686739995,405.94789833831686,407.4042425389232,40121.71998205987
1771599600,407.4042425389232,413.4434811766945,406.10650124521663,413.000562511389,70684.52495504619
1771603200,413.000562511389,413.76996465595465,409.2061030698032,410.1872421013815,22465.009941650045
1771606800,410.1872421013815,412.13448652947847,405.2653442169954,408.3453874314481,32741.407033810116
1771610400,408.3453874314481,412.895393697413,408.2968511763619,412.2185100544657,16274.901120990931
1771614000,412.2185100544657,413.319510322429,410.0072100037689,410.3900869151717,10678.516676475627
1771617600,410.3900869151717,411.801497923062,409.27729968733166,411.801497923062,4525.769865332023
1771621200,411.801497923062,411.801497923062,410.40533995276667,410.9446162192675,2377.2726159230774
1771624800,410.9446162192675,411.8880417951884,410.1775760994184,410.1775760994184,617.345020865268
1771628400,410.1775760994184,411.76861901032316,409.7618513645766,409.7618513645766,410.2845284412541
1771632000,409.7618513645766,411.5309661492205,401.5941400635802,410.9507357370114,92354.89428881105
1771635600,410.9507357370114,410.9507357370114,410.1410149943562,410.681096345496,607.1632327378147
1771639200,410.681096345496,411.47719035786304,410.17591841675863,410.88797575985245,238.85988835362897
1771642800,410.88797575985245,411.83433746163985,410.2967029256602,410.3167052467137,847.4109515119256
1771646400,410.3167052467137,411.37295891885486,410.2828032956646,410.749834865347,969.35694250522
1771650000,410.749834865347,411.07854268955856,409.8649420505183,409.8663920248791,305.03765993570966
1771653600,409.8663920248791,411.1060852677332,409.8663920248791,410.9082503919549,145.22820410271962
1771657200,410.9082503919549,412.2138563600066,410.9082503919549,412.2138563600066,2238.4932049801423
1771660800,412.2138563600066,412.2138563600066,409.2012765191175,409.9446314737796,3297.171123056285
1771664400,409.9446314737796,411.35668553455446,408.66301992577394,411.16547234797787,7218.732144610376
1771668000,411.16547234797787,411.16547234797787,410.4485515971348,410.4485515971348,490.4380427111629
1771671600,410.4485515971348,411.4730970217617,409.65451629238646,411.4607758035182,2124.1116528496586
1771675200,411.4607758035182,412.0105805361671,410.9763347152976,412.0105805361671,13.132916205477306
1771678800,412.0105805361671,412.0105805361671,409.88239251322665,410.79611451046827,66.05268257007542
1771682400,410.79611451046827,411.7358634483676,409.16471826220317,409.16471826220317,251.57187291718313
1771686000,409.16471826220317,411.7104690993013,409.16471826220317,410.25504469770095,496.59741158594795
1771689600,410.25504469770095,411.4207743693656,409.65681443923336,410.23134904345494,5683.090246132797
1771693200,410.23134904345494,410.83990593519354,409.28640502951293,410.70549244848223,3421.311491231117
1771696800,410.70549244848223,410.9244994787377,409.3807144606415,410.9244994787377,478.82100058942115
1771700400,410.9244994787377,411.99541504218837,409.9810152459969,410.8129882647977,457.8377674022371
1771704000,410.8129882647977,412.18239737826207,410.08556735282525,411.1380745211861,2297.604061060175
1771707600,411.1380745211861,411.2367518962178,409.1475769895531,411.2367518962178,4339.933681435331
1771711200,411.2367518962178,411.2630542792311,410.7196576249227,411.2630542792311,137.35906525217516
1771714800,411.2630542792311,411.2630542792311,409.29725603372367,410.0851575973461,1062.8153990219275
1771718400,410.0851575973461,411.2491165242232,408.24093154152405,409.27681286020396,713.086792780707
1771722000,409.27681286020396,411.0706892960663,409.27681286020396,410.1176294223848,786.2030261142303
1771725600,410.1176294223848,411.1937207661028,409.8212555112974,410.4150692353805,3442.657056180797
1771729200,410.4150692353805,411.5897955861668,410.34634565162764,410.91910604832026,376.0223733261013
1771732800,410.91910604832026,410.93334760179596,409.88613193827064,410.9307320047212,23.52781161706138
1771736400,410.9307320047212,410.9307320047212,410.20470543298813,410.20470543298813,492.9959765585756
1771740000,410.20470543298813,410.20470543298813,409.17772640647553,410.1071818103612,3613.7055826677283
1771743600,410.1071818103612,411.77808375853886,409.6330482211279,411.77808375853886,220.97493621342744
1771747200,411.77808375853886,411.970387050584,410.25697850327856,410.976747718703,6851.937578413835
1771750800,410.976747718703,411.1440787881907,409.5905638500851,411.00514693271975,1882.7471209767598
1771754400,411.00514693271975,411.00514693271975,408.3514611012078,408.9940759894871,7121.369954089338
1771758000,408.9940759894871,410.20043408199155,408.9940759894871,409.1803228791794,865.0554974297097
1771761600,409.1803228791794,411.7790871061354,408.666321386922,408.666321386922,1069.411389808072
1771765200,408.666321386922,412.10548429147235,408.666321386922,410.73496787361455,12918.91867324493
1771768800,410.73496787361455,412.32468896287344,409.24127194382083,410.492680715856,1707.008376498554
1771772400,410.492680715856,411.2601313581406,409.33699257878754,410.87592024075644,671.8393788664905
1771776000,410.87592024075644,410.96268480378893,410.87592024075644,410.96268480378893,378.9997455519069
1771779600,410.96268480378893,411.6186833521292,409.93277804838766,411.6186833521292,54.18125020745214
1771783200,411.6186833521292,411.6186833521292,407.0343617865338,409.37728984105155,42639.33913185984
1771786800,409.37728984105155,410.3544016881257,408.292760328339,410.04421591387324,5198.565438810239
1771790400,410.04421591387324,410.6007320689486,409.21358435517124,409.6960690459492,8019.119898715632
1771794000,409.6960690459492,411.55553813096435,408.1911281422639,409.2576689250697,5806.699742606524
1771797600,409.2576689250697,410.4126547453269,408.6443364618743,409.6732427151529,11647.857650233684
1771801200,409.6732427151529,411.15452557004073,409.11859778597966,410.1965797684297,9053.601293171027
1771804800,410.1965797684297,410.6779812904966,406.7064409010142,408.2970408173207,15705.396391424043
1771808400,408.2970408173207,410.0948430929137,405.02068498498556,406.51035426324705,14658.456963442099
1771812000,406.51035426324705,407.9175537857721,404.6760165176235,405.32027238817153,4355.092202595938
1771815600,405.32027238817153,407.52826143179965,405.32027238817153,405.95162235862375,3349.9167343812037
1771819200,405.95162235862375,407.7048270229691,405.37285915010176,405.37285915010176,369.9401204576886
1771822800,405.37285915010176,407.4185555425207,404.94349791717707,406.9894426291766,1224.1148293558172
1771826400,406.9894426291766,407.40283547096243,405.1430498834976,406.2624894929295,9807.925460870683
1771830000,406.2624894929295,407.2338614402654,405.5847737653223,406.85125446203153,4564.098731095601
1771833600,406.85125446203153,408.24517696187235,405.99329920709357,407.35336581781263,11491.75445546217
1771837200,407.35336581781263,409.7099962018814,406.22548579922085,408.8088489717941,22010.55490597066
1771840800,408.8088489717941,409.79838710062404,407.5148676467321,408.1902881423736,19957.84052438699
1771844400,408.1902881423736,411.6158193365677,407.4306305259325,407.96968824662525,8131.2292736593035
1771848000,407.96968824662525,408.4693553624109,406.11746150652203,408.1987918606461,1652.737629539381
1771851600,408.1987918606461,408.3083389588617,405.8812855098945,408.0807307414904,3626.500360850524
1771855200,408.0807307414904,408.0807307414904,401.3951304737471,403.2615929270653,23852.429607542468
1771858800,403.2615929270653,407.1689114190665,400.1726516697981,400.5068767509138,45121.946104524846
1771862400,400.5068767509138,402.4926690207665,396.58489461461045,398.36132016294584,28675.40941675455
1771866000,398.36132016294584,399.2513363822464,393.85741547475203,394.7327163294566,27545.395540536745
1771869600,394.7327163294566,397.1642335433069,394.48299607803983,395.0760699435561,16618.394933961423
1771873200,395.0760699435561,396.66062234265615,393.7925155510357,395.06616467930706,9064.612708690023
1771876800,395.06616467930706,399.86756653089424,393.9722739287044,398.8305462601064,20391.018831553236
1771880400,398.8305462601064,400.61864273972554,398.64658575683416,399.55873383243016,3132.7661125328596
1771884000,399.55873383243016,400.37236017764036,398.72592508225733,399.54249043876956,911.3365994834066
1771887600,399.54249043876956,400.69595436649314,399.026670033366,399.9332081741024,1335.1652047841997
1771891200,399.9332081741024,400.64268718906305,397.8342684651631,399.0277535804516,1922.3131202948182
1771894800,399.0277535804516,401.3402709684666,396.1624211825628,398.49524999064704,9334.263403775338
1771898400,398.49524999064704,401.46763658428966,397.87219045900304,399.45310751691,3673.65647571987
1771902000,399.45310751691,401.93189192628876,398.3144882429583,400.0254851347567,9867.989883915594
1771905600,400.0254851347567,401.0167745010993,398.5544579656972,400.4798927236609,4027.6886624786994
1771909200,400.4798927236609,403.947244687061,398.77675457419576,398.9258491409418,7243.521225949854
1771912800,398.9258491409418,399.612571076368,398.35270507684834,399.08914922902414,790.4997208718058
1771916400,399.08914922902414,401.1938872507563,398.5138527875287,400.3736701871587,1950.3827749168468
1771920000,400.3736701871587,401.28569599053964,397.9806525459504,398.8097454176968,10441.317914150099
1771923600,398.8097454176968,400.4771616288388,397.772874511495,398.95371428234427,10703.13244963781
1771927200,398.95371428234427,398.95371428234427,396.8384820493837,398.8223293265018,4746.941052499133
1771930800,398.8223293265018,398.8223293265018,395.84940610653797,395.84940610653797,4712.521136540063
1771934400,395.84940610653797,399.3792027682603,395.84940610653797,398.0385273286159,6589.046065028574
1771938000,398.0385273286159,399.12397460499193,396.04765717271414,398.33037539977164,3588.9309579337946
1771941600,398.33037539977164,404.15126742179734,397.3932886565902,403.12792125054193,38603.008313124425
1771945200,403.12792125054193,407.56016971342683,400.5956166162796,404.9872737047384,35204.94656819013
1771948800,404.9872737047384,405.8031844837535,401.45087514634827,403.4224445102706,13156.252277704369
1771952400,403.4224445102706,406.01051447202025,402.8352679026959,403.70355808104915,5992.869059682055
1771956000,403.70355808104915,406.63820245839463,403.70355808104915,405.77517624989605,6934.343930955256
1771959600,405.77517624989605,409.8396168740937,405.71721294347776,408.1517271545028,12760.841826668704
1771963200,408.1517271545028,410.30283587645226,407.75590399074144,409.0981254433705,6250.0891348788655
1771966800,409.0981254433705,410.0401590220413,408.36233744594574,408.5009107058069,1445.422525788245
1771970400,408.5009107058069,411.02195208189295,407.76090986762506,408.3134169779511,6693.1033380395575
1771974000,408.3134169779511,410.60663931074964,407.83064489022235,409.5460709843601,1844.6186481831396
1771977600,409.5460709843601,411.05284597041174,408.22859493441604,410.43827833478764,763.2437650048065
1771981200,410.43827833478764,410.8653467120949,407.48093073762146,408.7486319113372,2882.7970333373096
1771984800,408.7486319113372,410.7465239853846,408.25628192758245,409.9925591736094,1699.9326325967354
1771988400,409.9925591736094,410.6453487389931,408.00714322416695,409.4983485409843,4070.0604822780588
1771992000,409.4983485409843,410.052526894098,408.10464393396876,408.2609672376418,1489.170484711152
1771995600,408.2609672376418,409.88254150280324,408.2609672376418,409.88254150280324,2039.0001546799426
1771999200,409.88254150280324,410.32006017392104,408.2315291979046,409.65588106607606,782.0658919123568
1772002800,409.65588106607606,409.65588106607606,408.148896802035,408.25718534484355,476.9329917757588
1772006400,408.25718534484355,409.6871313696868,405.6991449348824,408.725961128165,23289.033775774486
1772010000,408.725961128165,409.0016256288021,407.6986686179354,408.04503089041975,1298.8156091753322
1772013600,408.04503089041975,409.764791015226,407.55475827065607,408.1245540660125,1262.0082496564764
1772017200,408.1245540660125,409.3463226553017,408.0562420583014,409.3463226553017,950.0919959465494
1772020800,409.3463226553017,411.62395070396803,408.8126976651775,411.0245412176799,5163.240032309949
1772024400,411.0245412176799,411.9318427098322,409.7277464565863,411.9318427098322,177.99426319172946
1772028000,411.9318427098322,419.6350659543431,409.7541391510032,415.17715819193324,38358.473161842405
1772031600,415.17715819193324,416.5088270612052,412.45738076784005,415.5912839105323,13044.91766148111
1772035200,415.5912839105323,415.5912839105323,412.34723686600455,413.07851311312794,6468.064412876485
1772038800,413.07851311312794,416.77022030225606,413.07851311312794,415.530703355638,12249.598718445059
1772042400,415.530703355638,416.2618464937221,412.8883897825525,415.1744902198397,5798.20889694094
1772046000,415.1744902198397,417.60122495814625,414.4429369004024,417.60122495814625,4696.571879089534
1772049600,417.60122495814625,417.82940143034944,414.569296049833,417.82940143034944,7316.415899815083
1772053200,417.82940143034944,418.2116219282141,415.7041172602777,417.11872620141776,7180.286438835645
1772056800,417.11872620141776,418.5579371543067,414.9718967204395,415.9252148635148,6678.127078258174
1772060400,415.9252148635148,416.9720834537935,412.90595782648745,413.1597268495814,49728.89922438695
1772064000,413.1597268495814,415.8533733572293,412.7446972228387,412.7446972228387,1264.9562388117638
1772067600,412.7446972228387,415.8943742216698,412.7446972228387,413.96301541227535,922.162723685726
1772071200,413.96301541227535,415.8712709464874,413.42848654468884,414.5841885224062,14691.67304143482
1772074800,414.5841885224062,415.2459448466267,414.28669430482216,414.92897148445917,416.1182999850869
1772082000,414.92897148445917,415.5772100030758,413.2949851171951,413.2949851171951,608.8925764138199
1772085600,413.2949851171951,414.92353974528544,413.2949851171951,413.872967622161,405.38317725749243
1772089200,413.872967622161,415.49319073431985,413.6367317011894,414.4537775451158,1421.810359136921
1772092800,414.4537775451158,415.02124822061245,413.6461635314336,414.50134460054454,265.13951326291533
1772096400,414.50134460054454,415.3707388626938,412.9245219893065,415.1455653413187,3372.9990736881923
1772100000,415.1455653413187,415.5405355194576,414.8000756141478,414.92969913405796,208.42823780073172
1772103600,414.92969913405796,415.9548959338009,413.34635456676614,413.34635456676614,956.2941120523019
1772107200,413.34635456676614,415.00086188478065,412.7993906502118,414.13793144159257,2837.0731578110012
1772110800,414.13793144159257,414.85664448551,413.10805299658125,413.10805299658125,969.7129252418873
1772114400,413.10805299658125,415.7757396113033,410.4257739486986,411.67797725907417,25832.330594817653
1772118000,411.67797725907417,414.48458290816467,405.1099049593793,408.8050775258105,46574.9017810733
1772121600,408.8050775258105,410.21055369754646,404.87960477508926,405.39710545609245,17462.88401296574
1772125200,405.39710545609245,406.36558195729384,404.0892344625163,404.4266380155474,12059.624825119605
1772128800,404.4266380155474,407.6040645597161,403.52697686130387,407.25690409651577,8766.587767927425
1772132400,407.25690409651577,408.7238382643159,404.2106926462525,407.0926639098426,5380.289168316036
1772136000,407.0926639098426,409.9125601427699,406.70958576784454,408.0446968262919,2534.7276061674406
1772139600,408.0446968262919,408.28656961850464,407.9472469012225,408.28656961850464,583.7318196659089
1772143200,408.28656961850464,409.2324727970546,406.9168046628456,406.92025260469086,2969.681732490965
1772146800,406.92025260469086,407.9778757350833,406.92025260469086,407.9778757350833,20.7645276387667
1772150400,407.9778757350833,407.9778757350833,404.6022895767643,405.15442751600165,5604.007261883712
1772154000,405.15442751600165,406.51293882595814,405.0273403996914,405.661341214822,3381.007417737572
1772157600,405.661341214822,407.2829816493244,403.80959339466784,406.9147269473089,1296.8818728886417
1772161200,406.9147269473089,407.4355491057479,403.2883255960704,406.4794069764083,1397.4463079110844
1772164800,406.4794069764083,407.78196269210486,405.27371306038026,407.289950258793,569.1917759837528
1772172000,407.289950258793,410.80918265691474,400.73448177114886,406.3158379163128,7727.291628461299
1772175600,406.3158379163128,408.4060660147621,405.9682361338382,407.57591821471493,4851.559279485181
1772179200,407.57591821471493,410.3436706504798,407.0599641901597,410.3436706504798,1879.5798330240177
1772182800,410.3436706504798,413.22274801178423,408.3012080504497,408.98775362691316,847.0692770413378
1772186400,408.98775362691316,409.5325209345075,407.065014506006,408.05147206007854,2061.7328633971656
1772190000,408.05147206007854,409.71261644401676,406.3188671064156,406.3188671064156,24920.244527863044
1772193600,406.3188671064156,407.6226955718387,405.2760310997594,405.4129132998496,3297.2876084594745
1772197200,405.4129132998496,407.17702011677983,402.3651245873893,404.18118797154693,11566.524061431925
1772200800,404.18118797154693,405.11622987187974,400.7998994343067,402.8644508220466,30344.597006615804
1772204400,402.8644508220466,406.89709538449375,402.6450597142886,403.793318952889,18402.895306962873
1772208000,403.793318952889,404.738794736601,400.8196930219894,402.2863786038998,9268.865227968226
1772211600,402.2863786038998,403.20684515936154,398.94235189472306,400.2312138785659,20817.227276160527
1772215200,400.2312138785659,402.16925697656853,399.1070704158899,400.4596222208433,6098.022569066772
1772218800,400.4596222208433,401.0263836930872,398.97292205854393,399.5978887715159,4153.658330615532
1772222400,399.5978887715159,403.27046253377694,399.11522599932283,402.364355860735,28567.971968923957
1772226000,402.364355860735,403.9354966452966,400.91435100041235,400.91435100041235,360.9290724687958
1772229600,400.91435100041235,403.7056964650109,400.2060855886689,401.7796354348944,3622.650543068948
1772233200,401.7796354348944,402.0845749023881,401.06088817814157,402.0845749023881,1769.9317208980553
1772236800,402.0845749023881,402.0845749023881,401.1470772767408,401.94637590712466,114.16381638689136
1772240400,401.94637590712466,402.6665931788676,401.00462382747014,401.40265191402324,819.5806727746037
1772244000,401.40265191402324,402.53868922244476,401.40265191402324,402.53868922244476,2374.3157766863405
1772247600,402.53868922244476,402.80052634661456,402.3227265185536,402.6017469185333,222.29437989394526
1772251200,402.6017469185333,402.8694735307995,401.9122918960321,402.4732907651724,803.8919414000276
1772254800,402.4732907651724,402.5489740465807,401.10039389946013,401.10039389946013,1266.5538140888611
1772258400,401.10039389946013,404.8256459337122,399.38449631638827,401.54628836270194,4702.678622507154
1772262000,401.54628836270194,401.54628836270194,398.5176632444762,400.30287044659775,8218.188433964844
1772265600,400.30287044659775,401.8036937804711,399.74224617357925,401.66547137576356,2718.959954601033
1772269200,401.66547137576356,401.66547137576356,393.9038061775081,398.4675628523156,48907.95716526655
1772272800,398.4675628523156,400.49047746106754,396.69015582685233,399.152302626893,19091.825356555364
1772276400,399.152302626893,401.0136710690638,398.00774839407956,399.8573846563828,3414.7196775560747
1772280000,399.8573846563828,401.22832856595187,397.50575499057186,399.7884834178255,28188.828197917894
1772283600,399.7884834178255,401.82039339587396,395.8764729106851,399.4312760751145,15471.436989046262
1772287200,399.4312760751145,401.5971749542597,398.27259572524076,399.65259915493317,14966.77460316927
1772290800,399.65259915493317,401.6153683078518,398.6887643052076,399.8317477452305,6050.059162436461
1772294400,399.8317477452305,401.3843541481411,399.2685924579687,400.29856912088155,2201.63616174531
1772298000,400.29856912088155,402.90324908279155,398.39070439983493,398.62769433025085,29583.332308288205
1772301600,398.62769433025085,400.97818723464843,398.13448718396927,400.2113279547367,9152.005757222072
1772305200,400.2113279547367,401.1432279322658,397.8859200072759,398.6613434359379,15688.642095143588
1772308800,398.6613434359379,402.4663989172485,398.6613434359379,401.52991207711506,6558.239320566204
1772312400,401.52991207711506,403.0869440147625,399.9743909631232,401.45744228185157,1617.406059157673
1772316000,401.45744228185157,403.96322116995407,400.7826065840584,403.96322116995407,5155.365253808374
1772319600,403.96322116995407,403.96322116995407,401.18592263325706,401.69130771605467,1603.9884633608604
1772323200,401.69130771605467,402.52932993011314,401.2832887061891,401.2832887061891,723.3181688012157
1772326800,401.2832887061891,403.53412798728436,400.29255936277167,403.53412798728436,1671.8614111175254
1772330400,403.53412798728436,403.53412798728436,400.0723364804394,402.5015569975764,3035.160602482575
1772334000,402.5015569975764,403.22704074156786,400.9335447839273,401.05852157154027,2323.2086341593176
1772337600,401.05852157154027,403.55267455419994,401.05852157154027,401.96978671743267,9448.187999615697
1772341200,401.96978671743267,404.20944046696553,401.96978671743267,404.20944046696553,336.7971949720798
1772344800,404.20944046696553,404.20944046696553,401.39537746074365,402.8732716904266,586.48018459278
1772348400,402.8732716904266,403.81744837185516,402.58680560511556,403.3570463272571,427.0344855153844
1772352000,403.3570463272571,404.04384112977885,402.07046418751315,403.73671525725143,2733.852152416987
1772355600,403.73671525725143,403.73671525725143,401.22567755471755,402.71793093852915,6941.010083228624
1772359200,402.71793093852915,402.92908426925203,401.423898674016,401.7544036812941,1599.029823125575
1772362800,401.7544036812941,402.60736587489936,400.92412059945076,401.67449903205585,9292.754695313923
1772366400,401.67449903205585,402.64237645582585,401.4188772410295,402.551529682696,295.9985185443115
1772370000,402.551529682696,403.72925091141275,400.01329602513727,402.0963438472106,4665.7987074896655
1772373600,402.0963438472106,403.00436568116265,400.0368573117536,401.6277521862758,5091.700795472851
1772377200,401.6277521862758,402.2544771301226,400.32694412236106,401.69533490132704,639.3384922078824
1772380800,401.69533490132704,402.8672803301934,399.9929402933407,401.5829051029097,6467.652730462298
1772384400,401.5829051029097,401.68061725645003,400.260910942163,400.95806989116886,765.5986819625105
1772388000,400.95806989116886,401.7461446114157,400.2144850331907,401.2992975588565,2135.524494842515
1772391600,401.2992975588565,402.67918228162733,399.7272568037942,400.3873829806579,6681.54879128331
1772395200,400.3873829806579,400.98618072191255,398.69471023435466,399.6223955777993,11581.302653838195
1772398800,399.6223955777993,400.24177167166863,398.1011893729717,399.75160811303033,2146.432746784987
1772402400,399.75160811303033,403.18067823069435,396.96561572673033,399.1261941532766,8569.54543547557
1772406000,399.1261941532766,399.89818866361094,396.3590467875622,399.1822815472551,7967.684907823467
1772409600,399.1822815472551,400.52143398471674,397.5083386030068,400.1497992650502,4033.7222350336847
1772413200,400.1497992650502,400.1497992650502,393.46718092209295,396.0826217868792,77969.59762962973
1772416800,396.0826217868792,397.64410034065514,394.0260725624063,395.7044283467246,13907.389459753205
1772420400,395.7044283467246,397.3306383405921,394.4229632753228,395.100699002333,10169.537729985004
1772424000,395.100699002333,395.8761510780191,393.5792481858606,394.51491494235586,8435.02270927203
1772427600,394.51491494235586,395.38358871204537,393.0626210340031,393.6028788749473,8600.899129049929
1772431200,393.6028788749473,394.15023794001615,390.1468848955002,390.94366086240154,17048.051376289404
1772434800,390.94366086240154,392.74269156333474,390.2148273105759,391.0576645416123,5678.343761988148
1772438400,391.0576645416123,391.8181648222227,388.5829203161286,390.6928771950925,25422.493584276992
1772442000,390.6928771950925,393.5744777769975,390.45658648325116,392.0233772353117,15934.0045366991
1772445600,392.0233772353117,393.7081930606933,391.47660746411714,392.66416945408315,3206.1691692582526
1772449200,392.66416945408315,393.6794530765193,391.4645500770453,393.6794530765193,4027.255792133638
1772452800,393.6794530765193,394.8199422611813,392.13655709480304,393.5100283147645,6856.200075427142
1772456400,393.5100283147645,395.27872858503514,391.6787935288841,393.1623778624312,15164.285003867222
1772460000,393.1623778624312,399.0747430436608,388.46098393452223,395.9552760271373,47968.007602119505
1772463600,395.9552760271373,403.13189708041904,393.66800919248897,401.95083308072236,65233.63762388859
1772467200,401.95083308072236,404.5735092230406,397.4062122535631,403.7560098565939,44228.71240372487
1772470800,403.7560098565939,404.01366672117695,399.73368611397694,399.9326973701758,7706.404734578058
1772474400,399.9326973701758,403.9635649820347,399.9326973701758,400.71333113320344,4297.037379551311
1772478000,400.71333113320344,403.0545238936192,400.307563772471,402.454013178315,6474.57020145066
1772481600,402.454013178315,402.8431434799875,398.8517890558934,402.7936431000995,21155.20772496584
1772485200,402.7936431000995,403.75558019540136,402.5182985519269,402.8203955357086,2012.68322725725
1772488800,402.8203955357086,402.8203955357086,401.7876267091704,401.8483997951583,177.6934476105187
1772492400,401.8483997951583,404.054602758306,401.2459948105291,401.57346562239866,7089.304728828639
1772496000,401.57346562239866,402.5061549364686,401.10539413549935,402.4687699212728,3593.5702906662827
1772499600,402.4687699212728,403.26200273099226,400.69445498739873,403.1347056311818,3679.825717755368
1772503200,403.1347056311818,403.1347056311818,399.794208885031,400.25778104765453,3824.6310114679
1772506800,400.25778104765453,401.39853336622457,399.2992126573648,399.2992126573648,2189.3638609575432
1772510400,399.2992126573648,400.8764767307138,398.8935245546609,399.8246667280199,1746.4534670455214
1772514000,399.8246667280199,401.1952403473728,397.79130764598807,398.2946544966485,11963.394414152086
1772517600,398.2946544966485,398.6104643766191,396.0254779802038,396.85093085358255,6956.995080054748
1772521200,396.85093085358255,398.0176275409308,396.0002752935446,396.73989705486355,3233.080100075049
1772524800,396.73989705486355,398.07352167319243,393.8763918153505,394.53195437400535,18711.127488040354
1772528400,394.53195437400535,395.68001303235775,392.13696322338177,393.1088456648206,15421.111284386514
1772532000,393.1088456648206,393.45287569362745,390.3713566656123,392.3254239238624,9127.24093416474
1772535600,392.3254239238624,394.1523682226424,391.11750158834786,393.8173923779832,12599.918468395443
1772539200,393.8173923779832,397.0666890894435,393.30318667994516,395.56241480892754,15113.026958691731
1772542800,395.56241480892754,396.53509030210955,392.9994874331437,393.4173043431194,13692.749028411889
1772546400,393.4173043431194,397.2880951402584,390.26845819648383,391.88473311377425,52295.57103413657
1772550000,391.88473311377425,393.6646174368561,386.03021284658547,387.06351618392347,84308.11935532051
1772553600,387.06351618392347,394.056965285742,386.2061532072723,393.3349206589028,48709.40574201117
1772557200,393.3349206589028,393.5754309697923,389.4830283963185,391.78938173657826,28504.16357756627
1772560800,391.78938173657826,394.9021309537535,390.8196311405487,393.9813458405538,12972.619663599593
1772564400,393.9813458405538,394.7900545804112,391.0415135264128,394.41662648782545,18691.301955270195
1772568000,394.41662648782545,395.04447428953983,391.4036996657811,393.2160018439917,13624.670913824088
1772571600,393.2160018439917,393.5813067750892,390.4819066180358,392.41587011992266,5863.196702133577
1772575200,392.41587011992266,393.22783088639744,391.29001285856225,392.2979239972806,1358.1666461644613
1772578800,392.2979239972806,392.53649366753484,390.61832129622985,392.2906830935687,4156.166463962787
1772582400,392.2906830935687,392.57925219336096,390.16807358620673,391.0888218919411,6283.3843166740935
1772586000,391.0888218919411,393.3156608211557,388.06331178656285,390.55096527602564,21415.516533156297
1772589600,390.55096527602564,391.03825363473834,388.19148685802463,389.9365296755892,11138.234150498063
1772593200,389.9365296755892,390.9067541461146,386.2542819507319,386.7020159971756,18046.9194605529
1772596800,386.7020159971756,390.29896475337995,386.3860989519115,387.4959786402357,12906.239611509776
1772600400,387.4959786402357,389.12376693298205,386.94583705042425,388.3808769532077,4784.570743768013
1772604000,388.3808769532077,388.9721762881498,386.43662818556146,387.1267472489082,7079.622871026725
1772607600,387.1267472489082,390.4046010609553,386.8994875856181,390.4046010609553,8638.97361595122
1772611200,390.4046010609553,391.2106813217589,388.87013123930166,391.09024766156324,5732.410923973042
1772614800,391.09024766156324,394.52773258398025,389.78368038821134,393.97323502140233,16751.000453089353
1772618400,393.97323502140233,398.9823592342636,393.0561886998993,397.11221319741554,21579.65046573818
1772622000,397.11221319741554,401.5801802580908,396.5222242879416,398.73112335800266,20192.657943515416
1772625600,398.73112335800266,399.5811560213613,395.6608375791816,396.4226096313063,14772.437095219186
1772629200,396.4226096313063,400.5383839754666,396.4226096313063,399.91146330516796,12491.630352101827
1772632800,399.91146330516796,403.9457333592173,395.44380917514644,398.16707897364773,63103.37137321958
1772636400,398.16707897364773,406.8092836534708,396.14195818290335,404.61261352883685,56780.30441269775
1772640000,404.61261352883685,407.292134360734,400.45632802689715,405.0212110833461,35448.2720179886
1772643600,405.0212110833461,406.5793248623705,403.0425254513899,404.0373831555403,14349.932881130082
1772647200,404.0373831555403,405.3226544816911,402.68268450365497,405.0256696462409,8030.918519478385
1772650800,405.0256696462409,406.0886120065469,403.9668644696562,405.85672902157165,4636.445647829297
1772654400,405.85672902157165,407.7928158785136,404.9127223889,404.9127223889,16884.688440958394
1772658000,404.9127223889,406.4077987062066,404.2323428674097,404.833800614492,11645.954589275929
1772661600,404.833800614492,406.72377136441287,404.00180283164434,405.1449470506636,1116.8887739343827
1772665200,405.1449470506636,405.59360150377097,403.3304176217406,405.41620535584786,333.5921569296224
1772668800,405.41620535584786,406.31992801568043,403.5594890734338,405.4613466628905,5157.695179015902
1772672400,405.4613466628905,407.974988804965,404.2371865457681,404.2468783605471,15851.420170769772
1772676000,404.2468783605471,405.3928248197511,402.3976031405869,405.0753736375923,6423.592113432026
1772679600,405.0753736375923,406.10976068665605,404.02321875566116,404.21951498008235,12386.318591091234
1772683200,404.21951498008235,405.02817965885,402.4789391071086,404.07193082353484,2337.938387344652
1772686800,404.07193082353484,406.1467271723894,403.63228241204325,406.1467271723894,8790.74322229337
1772690400,406.1467271723894,406.5612551565439,402.52695970186136,405.3232639981571,5327.5778230971955
1772694000,405.3232639981571,405.89328772111793,402.5908584877092,403.72871611671206,8283.518768257727
1772697600,403.72871611671206,404.54457686396375,403.10190275371934,403.10190275371934,3569.597960283774
1772701200,403.10190275371934,406.8845805123655,403.10190275371934,405.4257830121412,10094.901149405763
1772704800,405.4257830121412,406.6396027246037,404.08055454784153,405.3281609323834,6933.671290815236
1772708400,405.3281609323834,406.2440006939578,404.5411658324073,404.8408797660045,2867.436361205157
1772712000,404.8408797660045,406.3557411571082,403.48418022005814,403.6416417237358,8663.117229467964
1772715600,403.6416417237358,404.31007185249337,401.75105358797873,403.7816649640896,13673.692714364619
1772719200,403.7816649640896,406.2468528434951,401.0196924834379,406.137088362701,31918.345365368048
1772722800,406.137088362701,407.6781544276809,402.209053904098,405.84575556094694,37435.40830293716
1772726400,405.84575556094694,407.4179868281494,401.35413195582663,406.4906104109317,60800.133251818625
1772730000,406.4906104109317,407.69251415853273,400.92620580236326,401.13003462611533,44153.92281530587
1772733600,401.13003462611533,402.27520659428495,399.41749301096775,400.6789799744863,27722.544018801706
1772737200,400.6789799744863,402.62357072772164,400.0073270465317,401.21768065769635,12363.315294613081
1772740800,401.21768065769635,404.7906495086828,400.57306301616507,404.7845606197793,18889.885935437862
1772744400,404.7845606197793,405.68948086990036,403.4517888028285,404.8041548217521,1276.7973539763311
1772748000,404.8041548217521,404.8041548217521,404.0905510606567,404.64899199450383,1900.7267823234322
1772751600,404.64899199450383,405.41663527084035,404.16366710685224,405.2413968402748,1005.6490390564202
1772755200,405.2413968402748,405.73650868888944,404.4969068140923,405.0077672653694,2379.5613407991827
1772758800,405.0077672653694,406.1526602671535,403.57408636431984,404.1014341145388,11390.367532390845
1772762400,404.1014341145388,405.91701958253293,403.76500963460217,405.3442863200769,8820.348137416651
1772766000,405.3442863200769,405.59502954959737,404.1013075075935,405.58528446218264,3452.87470437472
1772769600,405.58528446218264,406.60646934424716,404.706700866919,405.7553220846037,2496.2533616134897
1772773200,405.7553220846037,406.5790662223266,405.08737618038197,405.08737618038197,2758.845268743661
1772776800,405.08737618038197,406.1712073504979,405.03232785506145,405.03232785506145,121.74665452355728
1772780400,405.03232785506145,405.8416241098121,403.2690709408419,405.8416241098121,6266.484651599886
1772784000,405.8416241098121,406.46556525499335,404.9680194346021,405.63024762636314,2801.977610530039
1772787600,405.63024762636314,406.5156641873688,402.9407940515079,403.0980165812945,10052.51514650266
1772791200,403.0980165812945,404.395832870959,403.0980165812945,403.597752840082,4687.800417409363
1772794800,403.597752840082,404.2827309804062,402.8658057384399,402.8658057384399,5277.696308230604
1772798400,402.8658057384399,404.75159076006804,402.1114639226397,402.7975274138766,2299.0186735487046
1772802000,402.7975274138766,402.8735023264042,398.18706589835244,399.2865333909143,18065.417122234856
1772805600,399.2865333909143,399.3933678979336,394.6332567291043,396.73219695814055,39623.85576329876
1772809200,396.73219695814055,398.94961273413867,394.966596991894,397.5128676562061,52388.02730262821
1772812800,397.5128676562061,401.5412261137055,397.3635171585678,399.3764628647134,21814.261555663837
1772816400,399.3764628647134,399.6702209509727,397.2900965456845,398.0311908736151,13378.161744171464
1772820000,398.0311908736151,401.6521678857237,397.47311618395884,399.2809160562016,21179.88073515484
1772823600,399.2809160562016,400.58795794090105,398.2730984641858,399.9616847742486,16129.582620121437
1772827200,399.9616847742486,400.3280646839251,396.2713107494694,396.9771965100274,21648.439859281913
1772830800,396.9771965100274,397.8745458957189,395.90874072520336,397.09412113386315,5145.489335807469
1772834400,397.09412113386315,397.66713762390356,395.6808401590127,395.92681307498145,5744.16739660546
1772838000,395.92681307498145,397.7757459043793,395.92681307498145,397.37019884020725,596.8040401833488
1772841600,397.37019884020725,397.37019884020725,394.6555865739134,395.59994775704655,27459.10530418107
1772845200,395.59994775704655,396.65367052786684,393.54306921685736,395.21990398017914,5933.4510843983735
1772848800,395.21990398017914,395.60216720537363,394.22007280177496,394.48781547106944,1340.3137930658145
1772852400,394.48781547106944,396.50004650493975,394.18891749224997,395.3766877511731,6916.557193976033
1772856000,395.3766877511731,395.8501282321438,394.00671952014375,395.1618060169583,2161.673193541177
1772859600,395.1618060169583,395.48325757586395,393.8072719853185,394.634016712272,59.21033508253474
1772863200,394.634016712272,395.0930241611856,394.5770280741881,394.81951667649525,333.6380848902304
1772866800,394.81951667649525,395.3659712703476,393.5094646829285,394.70976755385357,716.0794915607564
1772870400,394.70976755385357,395.5299370169123,393.92519982601846,395.23525388023427,6403.634985726271
1772874000,395.23525388023427,395.23525388023427,394.54630849219143,394.6108420607661,1024.547888221617
1772877600,394.6108420607661,395.0132321536773,389.5059469890715,394.5314422186857,54437.483999668286
1772881200,394.5314422186857,395.01290371538556,393.6392401099359,394.031870260126,878.6722917489902
1772884800,394.031870260126,395.1615848793992,394.031870260126,394.52642198118724,987.8951019475071
1772888400,394.52642198118724,394.67293804911657,392.95158548539115,393.75028900449803,3503.1598681245036
1772892000,393.75028900449803,395.0791037513516,392.64229890727864,393.5778181147666,4102.433007114497
1772895600,393.5778181147666,395.2548470438296,392.726248012533,393.580305744797,2947.2081658556217
1772899200,393.580305744797,395.1088997229593,393.580305744797,395.1088997229593,3111.101344856226
1772902800,395.1088997229593,395.1088997229593,392.717049526245,394.4770905484378,640.2789000806673
1772906400,394.4770905484378,394.9061834163964,393.0936038954321,393.14893437589893,513.0061773962026
1772910000,393.14893437589893,395.2083642911995,392.4018455425376,394.3151659076361,1680.0738725132385
1772913600,394.3151659076361,394.3151659076361,392.33741560217584,393.6997711438433,5624.1346219255
1772917200,393.6997711438433,394.3421964035705,393.11656706817104,393.29210543429747,307.4523512300007
1772920800,393.29210543429747,395.0251728192059,393.2085870898915,393.2085870898915,1091.175014269534
1772924400,393.2085870898915,394.05784529308426,393.2085870898915,393.69563300917076,1592.459919387839
1772928000,393.69563300917076,394.7524276111427,393.0910607298018,394.58365864385115,1050.0152159561953
1772931600,394.58365864385115,394.58365864385115,391.90293097485784,393.6308245214554,15284.11338537119
1772935200,393.6308245214554,394.88792944544514,392.7258124023376,394.88792944544514,1110.6620298148523
1772938800,394.88792944544514,394.88792944544514,392.48298677662143,394.2581672988639,1114.3914932591335
1772942400,394.2581672988639,394.2581672988639,392.66048926492846,393.6296561761376,1325.7635163844718
1772946000,393.6296561761376,394.1467008775483,391.502148425834,394.1467008775483,2440.1388613965914
1772949600,394.1467008775483,394.1467008775483,392.9583508561916,393.19297443708365,631.5482967773482
1772953200,393.19297443708365,394.20151244571053,391.7970426530543,394.20151244571053,2664.236487232296
1772956800,394.20151244571053,394.6668889557865,392.04863969054117,393.3488658158141,4061.8402457379025
1772960400,393.3488658158141,394.12527463052146,392.6528921952878,393.50434175511833,1872.4684239647556
1772964000,393.50434175511833,394.8309405698643,392.70347883343874,394.8309405698643,2911.6960242645414
1772967600,394.8309405698643,395.2191772879963,392.6246704507864,393.0492182285286,4641.382894533639
1772971200,393.0492182285286,393.7543308978589,391.6173524243438,393.40934590337616,2301.1946299657798
1772974800,393.40934590337616,393.8672622368823,391.2404453566573,392.1471494760865,2088.9466371003105
1772978400,392.1471494760865,393.82736563407093,392.0325748361851,392.4062322331111,4904.199147555324
1772982000,392.4062322331111,393.8509621326465,392.1014670257673,392.4347319201259,1041.0348032536199
1772985600,392.4347319201259,393.50764562080036,391.6902201306581,392.008707794644,1805.0750100029945
1772989200,392.008707794644,393.29880608030254,391.75456965984205,392.77779003251885,1825.5592618303815
1772992800,392.77779003251885,393.5649157279779,391.54236732539425,391.54236732539425,757.6841782291633
1772996400,391.54236732539425,393.2573409993532,391.54236732539425,392.13822545987597,1646.8931227259768
1773000000,392.13822545987597,392.95004863298175,391.35170241852154,392.5993117770312,2430.9843764184784
1773003600,392.5993117770312,392.9408418412617,391.2980577864061,391.3301296463741,1976.5905508756102
1773007200,391.3301296463741,394.134983417004,379.53192067393786,388.832973944652,141075.88367167098
1773010800,388.832973944652,389.96393895227857,387.5767017016334,387.5767017016334,33842.32902889248
1773014400,387.5767017016334,389.67890333046125,385.63543101568627,387.94498248812897,48156.34053406742
1773018000,387.94498248812897,388.0962519469453,384.97292207512226,386.46846784992755,22086.191666924602
1773021600,386.46846784992755,386.8547884633925,384.69261832485245,386.8547884633925,7593.308504950631
1773025200,386.8547884633925,389.25002761097124,385.80947717870936,387.67359582334893,9773.488430636562
1773028800,387.67359582334893,388.5723783345928,385.7176567168666,387.1298443432603,5769.333352667947
1773032400,387.1298443432603,390.636051119526,385.8977158324044,389.4366878859856,18744.91517123357
1773036000,389.4366878859856,391.9916571609766,388.7175914681911,389.6745258929449,9923.600576409637
1773039600,389.6745258929449,390.04489591141987,388.0568780251605,388.74498722008906,22216.008771591092
1773043200,388.74498722008906,390.39307670859824,387.6123939328325,389.62500433288244,11718.251695973848
1773046800,389.62500433288244,393.91221336462297,389.2927661501985,393.8020176782736,27151.698079745514
1773050400,393.8020176782736,393.8020176782736,389.8614217688937,390.2295025960508,5519.932456821869
1773054000,390.2295025960508,390.6482818632566,388.24657671091205,389.583340096697,11155.125111910878
1773057600,389.583340096697,391.4998518588728,388.2856316836269,390.54331999364587,8389.27739975242
1773061200,390.54331999364587,392.5089887254641,383.1179301896604,384.69003833024385,63749.33071656713
1773064800,384.69003833024385,386.7905090143933,381.72181117381876,386.2584098390306,73906.48330543871
1773068400,386.2584098390306,389.21530971833226,385.0511731720676,388.9500481312079,23649.13268731452
1773072000,388.9500481312079,391.32636476414285,388.1458216466132,390.1214651987093,17991.285751641364
1773075600,390.1214651987093,390.8233735308367,388.36058454153044,389.14526815452234,24840.882125301876
1773079200,389.14526815452234,394.07847447985023,389.14526815452234,393.2969147335368,12632.180480967518
1773082800,393.2969147335368,400.90731575254864,392.1310098506038,398.67756135860145,52582.367327184904
1773086400,398.67756135860145,399.54039449709836,397.13475776705525,397.49866738500003,5696.687290128764
1773090000,397.49866738500003,398.4792873631067,396.38226910334953,396.38226910334953,2527.507397364018
1773093600,396.38226910334953,397.92967149316854,395.92895744022564,396.71277228726325,6758.805736282187
1773097200,396.71277228726325,397.490387144127,395.2125002292779,395.2125002292779,1546.8885397372558
1773100800,395.2125002292779,397.4767072985645,395.2125002292779,396.8867716800583,13403.620963064792
1773104400,396.8867716800583,398.57003997543563,396.2225138160216,398.57003997543563,6360.812277463562
1773108000,398.57003997543563,398.8525254295306,396.84835515761193,397.2244045731469,5378.396784204703
1773111600,397.2244045731469,398.26850937434193,396.2946306239806,396.2946306239806,5913.7543695878485
1773115200,396.2946306239806,397.2128831733438,395.9749159121933,396.8101221353006,2635.149845738914
1773118800,396.8101221353006,398.57742810964396,396.74256655265134,398.0839087463711,1186.7754675834065
1773122400,398.0839087463711,398.67652917747904,397.05610537058044,398.2984751150712,3412.36564462662
1773126000,398.2984751150712,400.3326101231071,397.2862994274409,398.8495547974204,5673.36557005275
1773129600,398.8495547974204,402.43443872003377,398.19361484851305,401.770746917625,9847.350625623674
1773133200,401.770746917625,404.07848025993,400.83352468646547,403.22538060185366,7779.630651280435
1773136800,403.22538060185366,404.18083761326693,402.2929440851883,402.33113108396316,3462.0120638132635
1773140400,402.33113108396316,403.0180748197409,400.6158438134265,400.6158438134265,11726.617955566962
1773144000,400.6158438134265,401.4567904076819,399.88539681878416,400.3634443650273,10526.096474906935
1773147600,400.3634443650273,406.5547782906532,400.22924753050535,405.33245883577246,57618.061426139415
1773151200,405.33245883577246,405.882695158782,400.3421383650648,404.1782918621457,45542.29818449051
1773154800,404.1782918621457,406.38598742573987,401.45210922243314,402.00680947448956,20123.649329536183
1773158400,402.00680947448956,403.9270881031935,400.8974081241152,403.9270881031935,16264.073139526376
1773162000,403.9270881031935,404.1313854788452,401.4590651802866,402.58316544521244,18798.90938561852
1773165600,402.58316544521244,403.34864002372666,398.333659080126,400.73148354599584,35891.04723857609
1773169200,400.73148354599584,402.0365066770987,398.2166915977462,398.55764435925477,16975.880661976713
1773172800,398.55764435925477,399.31679826230965,398.3128592477657,399.2758375315722,4400.874852712852
1773176400,399.2758375315722,401.137397822565,399.13297373440224,399.1582347507317,1503.6593858444971
1773180000,399.1582347507317,400.43759178893714,398.919633634775,399.4054518406527,6630.472554669307
1773183600,399.4054518406527,399.4054518406527,398.4513125969162,398.4513125969162,2781.455598486956
1773187200,398.4513125969162,401.63668655310755,398.4513125969162,399.9460486412095,4108.82964849778
1773190800,399.9460486412095,401.1274030383323,399.6751832653956,400.6099076712784,849.7246214238893
1773194400,400.6099076712784,401.7266215620351,400.07000933700186,400.16322175004893,998.2875975977878
1773198000,400.16322175004893,401.76284155639286,399.73746250359517,400.0445811930921,5143.816193587331
1773201600,400.0445811930921,401.3169153624919,399.44620057417455,400.3455942464901,3086.822849941971
1773205200,400.3455942464901,401.6589129265074,399.61436744715377,399.8463479400125,3112.3558370971664
1773208800,399.8463479400125,399.98273132946997,399.1491834657671,399.8851616972659,1982.530231243566
1773212400,399.8851616972659,400.57745521205294,397.8979781937888,398.44530774003357,7424.745660828931
1773216000,398.44530774003357,399.76044373371127,398.35113415101085,399.71493279212063,2176.4232686507867
1773219600,399.71493279212063,399.71493279212063,397.27878060374604,398.7122040404932,4249.684990197469
1773223200,398.7122040404932,401.09202372881305,397.90699874237754,401.00630372062716,15820.052318886741
1773226800,401.00630372062716,401.5749048565168,400.31335147864513,400.78001422600136,2809.6392130469717
1773230400,400.78001422600136,401.6644799052901,398.335171388446,398.335171388446,12270.04345857243
1773234000,398.335171388446,411.2992107153823,398.335171388446,410.9155178834106,83683.31930897107
1773237600,410.9155178834106,415.80663434551855,409.3165017353672,411.20820443708584,88176.00345780276
1773241200,411.20820443708584,412.3580878876274,406.1247579411185,406.57544119471953,33043.69275543537
1773244800,406.57544119471953,408.2764244058028,406.4692437230305,406.68077870875265,6968.635692154268
1773248400,406.68077870875265,408.4233355206913,404.9748293225074,404.9748293225074,24577.18691068503
1773252000,404.9748293225074,406.8882859286023,403.915841005186,406.42478776307155,11858.442557031694
1773255600,406.42478776307155,408.9323350628067,406.28374185856046,407.577709047592,7488.108533296337
1773259200,407.577709047592,407.85796145585294,406.8549223924926,406.8549223924926,801.6268819668169
1773262800,406.8549223924926,408.37039236702475,406.8549223924926,408.37039236702475,1750.1076076898273
1773266400,408.37039236702475,411.2935639587595,406.5612258304734,407.3768466874713,5429.322525789966
1773270000,407.3768466874713,407.3768466874713,404.24656542519256,404.2470746162667,7732.926998667145
1773273600,404.2470746162667,406.080476835653,404.2470746162667,405.5269653895663,2694.2489401023795
1773277200,405.5269653895663,406.5916471169684,404.26700891033545,406.3837895060295,4298.866045404791
1773280800,406.3837895060295,407.17744404039945,404.4627377510925,404.78476795263924,4895.2095595361825
1773284400,404.78476795263924,405.64459835215337,404.16453346921355,404.2742937489458,6498.960594653987
1773288000,404.2742937489458,405.9930184450589,403.7767368786893,404.673606481565,4709.255160476812
1773291600,404.673606481565,405.4479323592065,403.6203540692619,404.9414054434169,2055.489863317197
1773295200,404.9414054434169,405.6386928448697,403.7008345144737,404.81833151658515,925.9365056730362
1773298800,404.81833151658515,405.9784617000917,404.7099268855612,405.9784617000917,2897.5368004159595
1773302400,405.9784617000917,407.8802479020077,405.4564224671408,406.457531882107,7989.112803071174
1773306000,406.457531882107,409.1311806762059,405.9461623640899,408.58921769968345,8670.849958241615
1773309600,408.58921769968345,409.3627625361236,407.0887210877382,409.3627625361236,14627.154939153186
1773313200,409.3627625361236,409.3627625361236,407.6513081953252,407.8055333599013,2228.880507186792
1773316800,407.8055333599013,408.84280926668384,406.45732922048563,406.45732922048563,19544.906200585418
1773320400,406.45732922048563,407.9759428542044,400.13773401710415,400.13773401710415,50318.83236222562
1773324000,400.13773401710415,402.92177379340205,394.2315110865305,396.29438896933743,48032.47895913115
1773327600,396.29438896933743,398.7317134128496,394.75600061108304,398.5315127870737,35978.15220395298
1773331200,398.5315127870737,400.5605635996307,396.6291313620408,399.9878386933463,28871.230717603572
1773334800,399.9878386933463,401.4608854733451,396.4440833387245,396.4440833387245,75396.74197198373
1773338400,396.4440833387245,399.5517592217784,396.4440833387245,397.4262926638494,42354.51130880096
1773342000,397.4262926638494,398.66584042361467,395.21807439913437,395.21874460759216,76617.13409629354
1773345600,395.21874460759216,396.7383348305018,393.50394484864313,396.7383348305018,1472.8052053779277
1773349200,396.7383348305018,397.33923302762815,394.6639058540762,395.2068707661477,6312.57683232953
1773352800,395.2068707661477,397.3232928424508,395.16981232526655,396.7803513417682,5609.770911791969
1773356400,396.7803513417682,397.1111199197905,394.8548728631957,396.57697362697013,11759.819835049237
1773360000,396.57697362697013,398.9935322817842,394.3199917195085,396.82135782757706,47492.04287886803
1773363600,396.82135782757706,398.6778686424772,396.4583764778529,397.7179764965585,4616.814383114756
1773367200,397.7179764965585,398.51340491822265,396.05310481420526,397.5294870565855,8750.829943499964
1773370800,397.5294870565855,398.4630319372538,396.09116145710817,397.2999703296795,4959.708511539756
1773374400,397.2999703296795,398.63622677679916,395.64879130924515,398.0116084410345,8678.548678715551
1773378000,398.0116084410345,398.0116084410345,396.73262096193565,396.73262096193565,3283.065262091983
1773381600,396.73262096193565,397.73330677237124,395.1696722048284,395.94072941249283,14353.190876564382
1773385200,395.94072941249283,396.31129602456133,393.73000080318405,395.2766653485762,9863.433514186167
1773388800,395.2766653485762,397.7151392386758,393.4797004157565,396.7569316787847,26428.64875713143
1773392400,396.7569316787847,398.0028136629841,396.18407858839674,396.81817228936734,7863.681319635814
1773396000,396.81817228936734,398.59126478487735,396.3148763632641,397.3364888190893,24675.203751680852
1773399600,397.3364888190893,398.90291288281793,396.4210939729307,398.4947019876307,25319.104250458673
1773403200,398.4947019876307,403.31192326510234,397.8140887718427,399.6518604271837,36308.372926949996
1773406800,399.6518604271837,401.10927805911564,395.43517367201724,398.468651109284,181921.832176576
1773410400,398.468651109284,399.7953801495611,393.4774887378282,394.33413997584654,115606.82131310202
1773414000,394.33413997584654,398.8781337579738,392.2786544648186,393.6243016004858,29776.719240415947
1773417600,393.6243016004858,395.96283755526565,392.37619680248895,395.3420984521672,20699.605971920133
1773421200,395.3420984521672,396.5382911821859,393.36420977459903,393.9414016498593,18008.835353258168
1773424800,393.9414016498593,394.2413989012518,392.1222171525671,392.6002091334373,9060.788727092206
1773428400,392.6002091334373,393.95512039943225,389.4653490468896,390.88507018533954,28807.904977004906
1773432000,390.88507018533954,392.47830743605033,389.41554146169307,391.0032392732205,6546.861074682362
1773435600,391.0032392732205,392.46452409636635,389.98966554071853,390.3960595319094,3188.9661032284007
1773439200,390.3960595319094,392.2359510106189,389.8427611845458,390.60745804455644,3381.4981915847425
1773442800,390.60745804455644,390.9413026171045,380.03669308144663,389.1325928392269,177720.07952593153
1773446400,389.1325928392269,395.4423482427076,388.83911372808285,390.5429893133422,462.4954521142821
1773450000,390.5429893133422,391.03455624410225,388.3778451758425,389.9471747627525,8819.814769533634
1773453600,389.9471747627525,390.39856844460223,388.86623112641297,389.6564668514944,10171.480199792959
1773457200,389.6564668514944,390.38772206196666,388.77360772749745,389.00347384167173,7208.083154131271
1773460800,389.00347384167173,391.1837247330939,388.7110037994379,389.964805179587,2319.759780702104
1773464400,389.964805179587,390.52100529233866,388.3289032118278,388.33094950201564,1992.2177175820484
1773468000,388.33094950201564,390.49778337503676,388.29830852974374,389.2823185647122,3144.154326340481
1773471600,389.2823185647122,394.7253639703236,388.6490742950792,389.0765610730576,2848.7681545756873
1773475200,389.0765610730576,390.1537620339866,388.3734244875542,389.3912085746372,9590.564804338866
1773478800,389.3912085746372,390.0764272305298,387.6220864326936,388.86170594227093,2630.5272255398536
1773482400,388.86170594227093,391.9936940658462,388.86170594227093,389.6926550930623,94285.19690433146
1773486000,389.6926550930623,390.94078740366615,388.68475593847586,389.54452216023793,9987.127372007184
1773489600,389.54452216023793,389.7050624562392,387.3723096280263,388.25830149703836,3187.7789756428247
1773493200,388.25830149703836,390.5175829392206,388.0859873585084,389.369194418767,2767.529160892345
1773496800,389.369194418767,391.93959361192304,389.1898300953761,389.3281711932944,2233.1757565945186
1773500400,389.3281711932944,390.4030073084939,388.6963205477819,390.1726065276969,1606.859924115372
1773504000,390.1726065276969,390.6947720946956,388.8664392441797,389.2087746604973,2509.9021918715193
1773507600,389.2087746604973,389.74932471784047,387.3631052179631,389.00925766947597,2693.2673765522154
1773511200,389.00925766947597,390.02668060324265,388.0512257303381,388.47347233233586,4552.483103508216
1773514800,388.47347233233586,389.94632712038515,388.47347233233586,389.3495906452021,1567.757575524766
1773518400,389.3495906452021,389.98880274910215,388.449198558278,388.449198558278,13610.292211773933
1773522000,388.449198558278,389.7934823131839,387.52625969644345,388.87089378514554,16263.881154442315
1773525600,388.87089378514554,390.1950529523977,388.08741231533907,390.1950529523977,10149.32384273399
1773529200,390.1950529523977,391.2607757443011,389.33244304733046,390.27423148800153,1034.065629723924
1773532800,390.27423148800153,390.9186754073952,389.6856464216777,389.6856464216777,1596.6803116921255
1773536400,389.6856464216777,392.9294478602205,389.6856464216777,390.029091833425,1776.2703114304154
1773540000,390.029091833425,392.3917908012342,389.3829225410306,392.3917908012342,9652.90954466335
1773543600,392.3917908012342,392.9428696011436,390.4274835604532,390.7939091715813,6624.088889622305
1773547200,390.7939091715813,391.42571830137786,389.23109372496333,390.58086797841764,3978.589671796938
1773550800,390.58086797841764,391.53172610353243,389.62919778271873,390.9910570497271,7665.607161006804
1773554400,390.9910570497271,390.9910570497271,389.82139523937565,390.25896880917827,10321.904595243706
1773558000,390.25896880917827,391.4765313030311,389.44262723604237,390.09804120869074,1519.1641054868826
1773561600,390.09804120869074,391.2619969249725,389.45496210184615,390.3319881785862,3276.60845159975
1773565200,390.3319881785862,390.66668251407276,389.42140881409847,390.5683869002141,215.43613513502382
1773568800,390.5683869002141,391.0119080158191,389.94278971406123,390.0068207237477,971.3896348975659
1773572400,390.0068207237477,391.20734241246595,389.8943699712301,389.8943699712301,1994.2152594883232
1773576000,389.8943699712301,391.27836543409404,389.76280220894,390.4828417168785,395.00923746388173
1773579600,390.4828417168785,391.598333545651,389.63257235364034,389.63257235364034,9528.018606823212
1773583200,389.63257235364034,391.0895912587225,388.9364718486456,390.0940244781299,6268.761656088919
1773586800,390.0940244781299,390.8830584507252,389.5502890674168,389.66715386411397,2798.980132416825
1773590400,389.66715386411397,390.7752218846475,389.61235617876264,390.323200277631,852.7919712457613
1773594000,390.323200277631,390.6409210817218,389.29451165193194,390.4973735879219,2643.9080762454646
1773597600,390.4973735879219,391.5068893586993,390.19875202743304,390.63170025569076,2087.9670200725272
1773601200,390.63170025569076,391.1119706604008,389.72930430056016,390.97228896870905,1591.0211659821457
1773604800,390.97228896870905,391.65379633012213,389.81624078852997,390.9186325409082,9780.350021383612
1773608400,390.9186325409082,391.8256658118836,390.1795357556499,391.34107795029337,1620.361171287446
1773612000,391.34107795029337,394.0161978580202,384.13723040388305,394.0161978580202,76572.72691426524
1773615600,394.0161978580202,394.7715613014764,389.99953295075505,391.12500083526055,22332.3693125949
1773619200,391.12500083526055,395.4951309766585,390.2711272496866,394.3971579637309,24451.769279753367
1773622800,394.3971579637309,395.7879629215175,392.4107505065903,392.6347299858929,15747.609414611832
1773626400,392.6347299858929,394.5786127810111,392.6347299858929,392.6964862458975,22477.584027176024
1773630000,392.6964862458975,395.1104871853125,391.85749937233925,394.2876168169514,5952.370044804098
1773633600,394.2876168169514,395.7560552564929,393.29416666665793,394.3264897565083,9158.44126190618
1773637200,394.3264897565083,395.6090871785826,392.70988435361375,394.9092098518883,3801.546882297326
1773640800,394.9092098518883,395.3887053962669,393.4491396848537,394.63019856512153,5575.065888535564
1773644400,394.63019856512153,395.5495080166647,393.8570329297036,393.8570329297036,1358.2785769175366
1773648000,393.8570329297036,396.71589524307115,393.8570329297036,394.25384556644576,14914.59506269523
1773651600,394.25384556644576,395.8419269698045,393.81868088277304,394.96813546240105,4257.073489244401
1773655200,394.96813546240105,395.99749387628145,393.2385989787546,394.32439675215653,14904.038000074495
1773658800,394.32439675215653,395.77948276601126,394.32439675215653,394.47137279868826,1452.8109794110235
1773662400,394.47137279868826,396.90499868363696,394.47137279868826,396.23303586226746,3518.1603559548807
1773666000,396.23303586226746,400.8922985207611,394.99368646360125,400.48572084036056,33160.792954083736
1773669600,400.48572084036056,404.0988790672371,399.4702811926533,401.25777623223536,36705.04731861316
1773673200,401.25777623223536,401.5350185170449,398.59724439694264,399.4195981766807,14693.53116296078
1773676800,399.4195981766807,399.6256462385088,395.7988097111093,397.5074580015615,14609.714787461166
1773680400,397.5074580015615,398.5174979057956,396.8481924988125,397.48723504853655,4936.985682085881
1773684000,397.48723504853655,414.2438671427663,396.5402301604884,397.77752481858477,6304.371372029181
1773687600,397.77752481858477,399.20758902603575,394.6130110495509,395.5782324726144,20072.957608375888
1773691200,395.5782324726144,396.00436947606505,393.94945978362085,394.46518374943565,8333.291124304724
1773694800,394.46518374943565,396.0765308405478,393.3450373540657,395.80979788754985,3715.160975645523
1773698400,395.80979788754985,396.5879372576476,394.3644357879304,396.5879372576476,8465.03020306859
1773702000,396.5879372576476,396.71151298329244,394.14849167623896,395.69866472973325,2913.2472861422084
1773705600,395.69866472973325,396.8358631111396,394.3577016746336,394.3577016746336,7376.37118412593
1773709200,394.3577016746336,396.1478036175709,393.69265946970745,394.9616436798122,7193.76026455902
1773712800,394.9616436798122,395.91385618615396,394.52539806811194,395.638308044994,2503.400315893899
1773716400,395.638308044994,399.29804415587876,394.2309728098761,394.92567478616246,33124.059882332214
1773720000,394.92567478616246,399.940049059433,394.63033573155843,395.2110364441246,629.0398744613921
1773723600,395.2110364441246,396.7213027997009,393.7523722652525,395.49726882733785,5869.408523289211
1773727200,395.49726882733785,396.188323205035,393.5077940645028,395.1436306759287,12997.28622000705
1773730800,395.1436306759287,395.4483051143521,392.5258049930947,394.82815085052533,2626.8568796922586
1773734400,394.82815085052533,395.47882426486916,393.5849934523177,395.47882426486916,4468.278417554788
1773738000,395.47882426486916,396.2313053111554,393.7911750155118,395.5166807894913,6022.869506371359
1773741600,395.5166807894913,395.714186062985,394.6855365953061,395.3537945804487,2994.963107912457
1773745200,395.3537945804487,395.70560885225683,394.4890359667832,395.25118362764294,3013.1710891996972
1773748800,395.25118362764294,399.4744127761404,394.23517798135646,395.3821917096767,11488.100017057908
1773752400,395.3821917096767,397.7733061763896,392.8119584503514,396.835318992004,43094.27617670843
1773756000,396.835318992004,399.8740318506889,396.3883574343249,398.9160299503575,15508.793948076565
1773759600,398.9160299503575,400.52042396864005,396.08828573185866,396.3605419604223,14136.511724931288
1773763200,396.3605419604223,397.9614654523253,396.1299887736715,397.2204656020377,5557.542441558596
1773766800,397.2204656020377,399.1027838624243,396.1025504652773,398.8373086106352,10069.765068496488
1773770400,398.8373086106352,398.98694099832903,396.81080171189143,397.67171378821286,7190.605623857011
1773774000,397.67171378821286,400.0294711420998,397.3763649368139,399.8017350973785,16403.42082364238
1773777600,399.8017350973785,401.6616352791521,398.2272185143692,398.2272185143692,14417.910102572258
1773781200,398.2272185143692,400.47910751702426,398.2272185143692,399.29537655267325,103987.73915831707
1773784800,399.29537655267325,400.9925593437319,397.83943327207834,398.8244449873784,31202.087838950516
1773788400,398.8244449873784,400.70744725083557,398.81397133141877,399.7967351375431,21021.30477627036
1773792000,399.7967351375431,400.81782436903336,398.3891846136476,399.8624438175984,5958.37939635448
1773795600,399.8624438175984,401.6129475327717,399.6283432156979,400.8950031963173,7830.0778427279
1773799200,400.8950031963173,402.3598226354682,399.7463421759425,401.16608752499286,2009.5487475874436
1773802800,401.16608752499286,402.71048622909814,400.2507142588027,401.2658901723209,726.0852709985197
1773806400,401.2658901723209,402.3394916883146,400.4139723267885,402.27791348339076,7098.066408204706
1773810000,402.27791348339076,402.27791348339076,400.05295963720164,401.417948651587,2334.618266151183
1773813600,401.417948651587,403.16062312406325,400.2498060049819,403.16062312406325,5486.875892695681
1773817200,403.16062312406325,404.0224066944717,402.4985429440389,402.9824518990461,73.19907809988888
1773820800,402.9824518990461,404.21116266733765,401.5966506661972,401.5966506661972,1299.0121923431084
1773824400,401.5966506661972,403.45503581460326,401.5966506661972,403.3905606962294,646.0497593428369
1773828000,403.3905606962294,403.856746192478,401.95839623253977,401.95839623253977,16418.64931263059
1773831600,401.95839623253977,404.59285415844755,400.75189612682044,402.1999407526131,22715.26477638248
1773835200,402.1999407526131,402.2654230440895,396.6720730683524,398.8771429613797,26592.225911615315
1773838800,398.8771429613797,402.77542690612603,396.68478206386095,402.561227403756,42698.46070274416
1773842400,402.561227403756,403.01479096754633,398.0990914991106,398.78558182089046,24445.359336129182
1773846000,398.78558182089046,400.61320794305624,397.212500451567,397.6436209771179,21040.75998520392
1773849600,397.6436209771179,399.6723291423472,397.0789238492202,398.09199282111666,7450.149054775717
1773853200,398.09199282111666,399.48641505656053,396.4059131997237,398.0010044083427,14634.247346941316
1773856800,398.0010044083427,398.5183806368634,395.45161343845297,395.5896213310666,26232.107952731392
1773860400,395.5896213310666,396.4352359565209,392.1901942282261,392.1901942282261,14997.357286110459
1773864000,392.1901942282261,394.5036602719703,392.1901942282261,393.680053987501,10109.072515120646
1773867600,393.680053987501,395.0778245342014,393.2838130679291,394.0558147601995,4508.592925252525
1773871200,394.0558147601995,395.2305229234578,392.9922692477432,393.9501439352413,11370.875551022873
1773874800,393.9501439352413,394.1953412778305,393.1189388227708,393.5426337280231,4033.401237895733
1773878400,393.5426337280231,395.4268893587211,393.1780713559676,394.93055083978055,6313.813044466425
1773882000,394.93055083978055,394.93055083978055,394.19534268248526,394.4587853110526,436.57458810171
1773885600,394.4587853110526,395.64508609030145,394.33584534043473,395.64508609030145,3954.10635768457
1773889200,395.64508609030145,395.93983527866584,393.8464255037168,395.24880313361757,1678.80601647077
1773892800,395.24880313361757,395.937721999567,393.5270372909068,393.9259406308555,25759.151827025307
1773896400,393.9259406308555,395.72901828865184,393.83861287428334,394.61072666301226,3266.174585674171
1773900000,394.61072666301226,395.4407837928172,393.37184253588,394.71293713826583,7470.488119214446
1773903600,394.71293713826583,395.1122780976031,392.781671086145,393.86108384013784,3771.902141254341
1773907200,393.86108384013784,395.02335328442285,391.79139274468037,393.15918471053243,8726.312864559715
1773910800,393.15918471053243,395.09985010329643,391.57662014431213,393.09340922313396,7519.717249834781
1773914400,393.09340922313396,395.0545927047227,391.62992703572405,393.436265915396,20789.782680626067
1773918000,393.436265915396,393.4931693438505,391.3730422031955,392.74838356450033,8003.828203947752
1773921600,392.74838356450033,392.74838356450033,388.17503874525005,388.17503874525005,24440.400523974047
1773925200,388.17503874525005,388.6294898960253,381.21246347933885,383.00475339483836,65017.39543599992
1773928800,383.00475339483836,385.4105743352579,379.930078305153,381.41757179645776,80331.57126655726
1773932400,381.41757179645776,385.0828681024123,380.7204857762652,382.5862990517667,58355.28854771692
1773936000,382.5862990517667,384.1756163714682,381.1521994073521,382.26191364606393,38089.97699341406
1773939600,382.26191364606393,383.09118825008085,380.98295930435324,381.6012949642232,24264.57864110291
1773943200,381.6012949642232,383.55563085072777,379.3206165360127,381.1448299760238,34428.4565527333
1773946800,381.1448299760238,385.7473727541425,380.4008104111696,382.28721716352936,113344.88067384542
1773950400,382.28721716352936,382.39491507612513,380.9469503452538,382.05629309449404,7301.0493456621525
1773954000,382.05629309449404,382.9537510932108,381.402285437839,381.44570820031606,17187.139691448767
1773957600,381.44570820031606,383.77870877879917,381.44570820031606,382.90112371057046,3497.4359308812705
1773961200,382.90112371057046,383.8014387528221,381.8176633437681,383.38005067604075,2743.886543929526
1773964800,383.38005067604075,383.835010257352,382.358358755457,383.01287902143224,2364.01028767041
1773968400,383.01287902143224,384.33781453182985,382.33583239021345,384.09616349171756,12444.25885560687
1773972000,384.09616349171756,384.519287958289,382.5359323875397,383.48390858243954,752.0074267327259
1773975600,383.48390858243954,385.2292490882059,381.81378368792883,383.48064273811946,3662.064156715607
1773979200,383.48064273811946,384.5980997488655,381.59588642679677,382.5604783267664,52623.55080686091
1773982800,382.5604783267664,383.86161347437564,381.3840169120103,383.0465351334472,11132.537381825528
1773986400,383.0465351334472,383.7389553283767,381.4974164515264,382.41850641509046,8933.08518329691
1773990000,382.41850641509046,383.11029927166027,380.8670287909067,382.3908931644737,26646.62649756185
1773993600,382.3908931644737,385.50338283435065,381.91279347249156,384.64035568778206,27301.466275929688
1773997200,384.64035568778206,385.79877101729517,380.36704767999777,381.401528304348,26700.27977086396
1774000800,381.401528304348,381.406907222932,377.3476383029694,379.1795549770542,28853.67130332794
1774004400,379.1795549770542,381.14254744119796,378.4444848620207,379.11554536865896,10786.581158021121
1774008000,379.11554536865896,381.18602862434983,378.83125904223476,380.87200643775435,9534.375897525317
1774011600,380.87200643775435,382.24842961417306,372.2111287782921,372.5074733567374,194655.51069664443
1774015200,372.5074733567374,374.3361474947612,370.4762268378106,374.13543819869113,39009.52413432723
1774018800,374.13543819869113,376.4448327926429,372.69078024488704,375.78764644828686,25260.305097332668
1774022400,375.78764644828686,376.8164874424923,374.55401236196013,374.73166924238467,22199.88620748171
1774026000,374.73166924238467,375.35783020298203,371.1682597181076,372.1817610119252,21397.270823837185
1774029600,372.1817610119252,372.2305393765385,367.66485695272775,368.91554186173147,44342.900537145906
1774033200,368.91554186173147,368.91554186173147,365.8403099633367,368.11178633769634,58326.154407282214
1774036800,368.11178633769634,370.82318128047694,366.93736507643126,370.3172851115557,31959.053609230035
1774040400,370.3172851115557,373.0202087062552,369.3161347124479,372.98951439592634,21093.535913470405
1774044000,372.98951439592634,373.6090235509313,369.297143686104,372.36382314498104,8546.413917492484
1774047600,372.36382314498104,373.00104458789724,370.7044368043061,372.6549653849358,5272.79866364155
1774051200,372.6549653849358,373.238595466187,371.58690611523406,372.4538715252438,7847.184602067594
1774054800,372.4538715252438,373.8636903696804,371.5803397622014,372.4687056154514,10603.348346893288
1774058400,372.4687056154514,373.6272021998141,371.45049711413446,373.5422455696021,1954.2650240416842
1774062000,373.5422455696021,373.5422455696021,371.10861271728976,372.2835917767485,17570.992058014603
1774065600,372.2835917767485,374.2639448829689,371.1575818140732,373.0881829040615,1608.43937424527
1774069200,373.0881829040615,373.69458889069153,371.9822108518535,372.8823006212502,710.0056242263823
1774072800,372.8823006212502,373.48261656979815,371.19040999079294,372.97088564316647,2529.8208503169203
1774076400,372.97088564316647,373.6274240901298,372.02625453668054,373.5075240640724,4494.717386408075
1774080000,373.5075240640724,374.77644162850856,371.89671865641634,372.74113501924546,12311.325690170916
1774083600,372.74113501924546,373.9526879156829,364.0572886246749,373.89244604687707,5733.924145654208
1774087200,373.89244604687707,374.53930141969533,372.4097106752693,373.1078028667279,9134.271245892429
1774090800,373.1078028667279,376.55547655267924,373.03043607162067,374.5599838316895,60883.14550609181
1774094400,374.5599838316895,377.9984721584306,373.099219361859,373.48601379409695,17209.255110034555
1774098000,373.48601379409695,375.78235013823473,373.2482092689639,374.6932431066045,14882.776130936627
1774101600,374.6932431066045,377.69646646750135,372.8890315656644,374.6111391764088,19418.49962999433
1774105200,374.6111391764088,375.1266916200167,373.10359801388915,374.63431674909543,17368.99504308907
1774108800,374.63431674909543,375.9679665275064,373.61097934244896,374.48365471542144,8891.716389831514
1774112400,374.48365471542144,375.9631214225867,373.7152092726008,375.59689243914954,5787.398291474541
1774116000,375.59689243914954,375.69054647664444,373.953935972064,374.66462747642385,7200.127195973018
1774119600,374.66462747642385,374.68964875697634,373.30770513733233,373.898854626871,15357.360735457978
1774123200,373.898854626871,375.209484301558,373.03118665899694,374.47881421544866,8654.429821015643
1774126800,374.47881421544866,375.1419068759834,373.6541988246701,375.1413918323999,5414.848060488613
1774130400,375.1413918323999,375.72156567602644,374.2552515126362,374.70143441593314,2409.544632556161
1774134000,374.70143441593314,378.14677614668557,371.2835370209452,373.0502865565584,43524.36664041715
1774137600,373.0502865565584,375.0515188123662,371.31437382516003,372.70388426552006,7946.027181549739
1774141200,372.70388426552006,374.9134828750135,372.081700878412,372.77504611049454,19830.705783739708
1774144800,372.77504611049454,375.1274897256715,371.8223172162785,373.31476928318926,13878.408936569547
1774148400,373.31476928318926,375.63138626645554,371.92299792877964,371.9619699527209,12123.71141212462
1774152000,371.9619699527209,374.13589411222387,371.9455372333384,371.9455372333384,7305.8786616400985
1774155600,371.9455372333384,374.7086215849949,371.9455372333384,374.2784571197524,5838.4360444542635
1774159200,374.2784571197524,374.7175174610223,372.7255237375281,374.28875331796,9860.617753771494
1774162800,374.28875331796,374.28875331796,372.2034480663403,373.42157803399715,1592.4263615001312
1774166400,373.42157803399715,373.9618678017,372.4987031587457,372.9037036247623,4270.856796639313
1774170000,372.9037036247623,374.20211063975535,372.15331939322107,373.1895623946504,7825.703908000223
1774173600,373.1895623946504,376.2281747302687,371.9444034832845,372.8746480040975,9980.899012117556
1774177200,372.8746480040975,374.09780555688434,372.11235684504317,373.1810298917873,8082.515046305447
1774180800,373.1810298917873,373.84162472960264,371.544169664308,373.44290597014816,16027.960703570645
1774184400,373.44290597014816,374.30902186076696,371.24373946622165,371.24373946622165,34823.94795170458
1774188000,371.24373946622165,373.29942167140194,371.24373946622165,372.8630909337877,18427.49144015254
1774191600,372.8630909337877,381.4069878356711,370.9699993835628,371.9616220738973,8622.91470394441
1774195200,371.9616220738973,373.1696298975951,370.99294797953405,370.99294797953405,7157.65625937757
1774198800,370.99294797953405,373.0826162730735,370.99294797953405,371.83246914331653,30273.485218745078
1774202400,371.83246914331653,372.47872729665465,369.7586437588365,370.681188097369,10029.667387521396
1774206000,370.681188097369,371.8720010403581,369.7340714506665,370.31356136830556,12712.348405704868
1774209600,370.31356136830556,372.3950254722995,369.86663649023205,371.2801484876413,24797.695996430273
1774213200,371.2801484876413,372.8266007170192,368.8238220034271,370.3444209312292,19595.541726987092
1774216800,370.3444209312292,371.51719547475716,368.2219284586102,370.6909369394853,62137.8740738612
1774220400,370.6909369394853,372.8679859354897,369.89770077693726,370.8393213424568,16369.501933419544
1774224000,370.8393213424568,370.8393213424568,363.68271489211116,363.68271489211116,42334.517134619455
1774227600,363.68271489211116,366.2461041234592,362.89312976565196,364.1961076414165,28329.13159060631
1774231200,364.1961076414165,365.8684352780849,363.60419762944,364.68217498918364,20406.78849792597
1774234800,364.68217498918364,365.7755786702363,363.15064714278725,364.066357829319,7076.041204015825
1774238400,364.066357829319,365.3953321481227,362.8050630293521,363.53552635178926,9314.972841375453
1774242000,363.53552635178926,364.7256233426813,362.1512949678627,362.1512949678627,7369.9913655071605
1774245600,362.1512949678627,363.80328367548753,359.5723037219072,361.7315245244219,42273.101048492055
1774249200,361.7315245244219,362.59114998844717,357.6454712928854,359.003009178387,73799.0542305734
1774252800,359.003009178387,365.3107725883887,359.003009178387,362.3830898117071,59330.343365392786
1774256400,362.3830898117071,362.7108420049913,358.30108794480094,358.3282197117083,18931.601699340117
1774260000,358.3282197117083,359.73231369531186,355.9341514724262,358.1651370184179,48913.85505780567
1774263600,358.1651370184179,374.26217323995377,358.1107965442801,369.84071660119497,141917.8035630893
1774267200,369.84071660119497,372.2352582074823,367.34306633105626,372.2352582074823,27155.972997360022
1774270800,372.2352582074823,382.01614238565384,370.5617657031403,380.20037360139963,73655.07484316711
1774274400,380.20037360139963,384.1542730485092,379.8236801350425,383.17810747044194,48624.57617085637
1774278000,383.17810747044194,387.0422023783942,378.4179153654585,378.4179153654585,41907.21584812958
1774281600,378.4179153654585,380.62953866337426,376.52623195141837,378.09931088826403,61336.09381020791
1774285200,378.09931088826403,380.49361303445886,376.3859219138605,380.49361303445886,36880.902171891605
1774288800,380.49361303445886,382.51323928233654,378.56014090305695,381.51569775137693,40945.56535928573
1774292400,381.51569775137693,382.24056390923135,380.3030437349498,381.2095802464882,21856.421656206614
1774296000,381.2095802464882,381.80821534254346,379.9983398444982,381.0444161390762,4630.933463685279
1774299600,381.0444161390762,382.41025313991963,380.81603598426597,380.99776210127055,2814.4926277628347
1774303200,380.99776210127055,382.06247634412296,380.03857720508057,381.94196275801306,5721.636160184668
1774306800,381.94196275801306,382.72913308646247,381.0057929968934,381.2685878479316,4914.437284354517
1774310400,381.2685878479316,382.3611129557575,378.57811569745826,379.3704987673022,66253.36311696137
1774314000,379.3704987673022,380.54852607365336,377.2332011934186,377.91556765691234,16427.698303049016
1774317600,377.91556765691234,378.941368345277,376.5009337830986,377.3794200610534,3646.9574342216583
1774321200,377.3794200610534,378.3852187993116,376.6336486273538,377.913475783375,2702.6997598022963
1774324800,377.913475783375,379.85423906383585,377.4408856111829,379.14311959952295,6839.442507374943
1774328400,379.14311959952295,379.7280575220755,377.9652591732336,379.7280575220755,9624.729964342483
1774332000,379.7280575220755,381.221819130379,378.1710517097734,380.48408814492325,25649.769845125495
1774335600,380.48408814492325,383.6484056843314,379.42128853575025,381.295566430249,97668.84556712244
1774339200,381.295566430249,383.9914579833748,380.4142108374646,380.8775126866862,148993.03268257965
1774342800,380.8775126866862,381.4309200061954,378.50620029434685,380.6983009076009,33294.9742696244
1774346400,380.6983009076009,382.5840348764646,380.2359549253094,381.4854104806166,34240.571527961314
1774350000,381.4854104806166,381.8772829853357,379.3172081492458,380.23249701657676,27620.363456479114
1774353600,380.23249701657676,380.2609326767791,377.6724789363075,377.6724789363075,17886.133471889287
1774357200,377.6724789363075,386.37508570593434,377.45573929995476,382.7247379242498,234579.26526148475
1774360800,382.7247379242498,388.3863506205006,382.56121283066403,385.68487770715893,281733.30163176125
1774364400,385.68487770715893,388.4404450255483,382.9217319470806,384.3055038952952,99195.86119162494
1774368000,384.3055038952952,384.45878959574367,381.93705111317314,383.77132303666536,86423.66744369546
1774371600,383.77132303666536,383.77132303666536,379.6249525909582,380.91362239045856,84890.59819000775
1774375200,380.91362239045856,386.0774431967113,380.64968286166203,385.1387673307907,108741.11922312506
1774378800,385.1387673307907,385.8270425389238,382.9592577531832,383.49033284765176,44997.08372803178
1774382400,383.49033284765176,387.0102033275356,382.57786707249227,385.244468968521,70327.71195277452
1774386000,385.244468968521,386.88554712481954,385.06739931547816,386.69582236646534,1266.0540090359154
1774389600,386.69582236646534,386.69582236646534,384.9155389742496,386.0635826626351,2375.309970497828
1774393200,386.0635826626351,387.172822215474,384.44352992243086,387.172822215474,4008.105260949351
1774396800,387.172822215474,392.03278427368093,385.34168050492616,390.74826693239055,107060.25490382433
1774400400,390.74826693239055,392.3445318425155,388.9425486821477,389.3200479667195,31778.67181153962
1774404000,389.3200479667195,390.87081576807407,386.3114977241908,387.51571363874814,37005.87642939165
1774407600,387.51571363874814,388.87510287899596,385.8663040613394,387.1221461545857,28103.618005708744
1774411200,387.1221461545857,389.27922270590165,382.0494567996795,388.2119354067662,26897.773524255852
1774414800,388.2119354067662,390.08068600466333,387.0145837844778,387.5992983179522,20965.6566919654
1774418400,387.5992983179522,388.8184011125094,386.79437006845615,387.4843408549737,19238.349022170467
1774422000,387.4843408549737,389.2163518844893,387.4843408549737,389.2163518844893,14537.723160856876
1774425600,389.2163518844893,391.69086878073193,388.86797033315935,390.14960976170113,53326.77195566894
1774429200,390.14960976170113,390.9243004925661,389.5148729005359,389.88427661222016,15490.519634635368
1774432800,389.88427661222016,389.88427661222016,387.9072137949546,388.93778004415066,4527.846815684802
1774436400,388.93778004415066,391.27609614070866,388.391580104345,390.77733876457455,38579.36203542584
1774440000,390.77733876457455,392.7837177202662,389.6156119725526,390.8257917802747,24262.209978664345
1774443600,390.8257917802747,394.5802779013884,388.92935084044467,393.7398471811712,63289.6220432406
1774447200,393.7398471811712,394.97452102229164,391.4808443526556,393.91602441901443,23841.753649191225
1774450800,393.91602441901443,393.91602441901443,388.3212983191221,389.0986654460045,69305.76478766293
1774454400,389.0986654460045,390.84850114000443,387.3704211589048,389.2025991259201,52089.95464229853
1774458000,389.2025991259201,390.46270013749825,388.14738920834407,388.60677036044626,63501.55058031051
1774461600,388.60677036044626,388.7336112336257,386.34842360274433,386.8643601779792,57992.98006708295
1774465200,386.8643601779792,387.34087380378077,384.6432591793378,385.74556126823734,43916.85965888614
1774468800,385.74556126823734,387.3454696672156,385.74556126823734,386.54338881492697,7963.540718725643
1774472400,386.54338881492697,386.8088137849736,384.9321113590479,386.8088137849736,4444.339220471947
1774476000,386.8088137849736,387.61693984520696,384.34411206609883,386.36919546247987,14715.60571775703
1774479600,386.36919546247987,386.7244090279761,384.66927359191703,386.02656584376865,17990.294764664948
1774483200,386.02656584376865,387.681125591474,385.42177311659526,386.55949301129345,34672.73525092533
1774486800,386.55949301129345,386.55949301129345,385.2409117165938,386.2980047063625,5073.430347894459
1774490400,386.2980047063625,387.9474223005626,383.4276531095668,384.7891605233878,56109.92588414824
1774494000,384.7891605233878,386.7446467774142,383.8154145115377,385.8624057015059,37956.2103158816
1774497600,385.8624057015059,386.1470439467745,385.2674057867945,385.70033357078177,11819.900272947714
1774501200,385.70033357078177,386.38625100243183,384.00790594844915,385.1250376133852,22116.96398986588
1774504800,385.1250376133852,385.15625675574097,383.96857889872786,384.7041933274995,5609.554732012134
1774508400,384.7041933274995,384.77384124081993,382.32352221120027,383.16451378034435,17076.475373196998
1774512000,383.16451378034435,384.305988942188,381.0097635664699,381.6483689885677,61491.38290278606
1774515600,381.6483689885677,381.8134450694905,379.01427501664483,380.75766173963456,44146.20165618337
1774519200,380.75766173963456,382.1843088119016,380.17676589841494,380.88173472963746,19948.04643087348
1774522800,380.88173472963746,382.6565231810901,380.53631007850566,381.4985729200336,30732.220956693945
1774526400,381.4985729200336,382.4176225206887,380.2393967939092,381.70865432595457,7710.3045851301285
1774530000,381.70865432595457,385.14301358608935,379.3793868553561,384.23467514722665,177328.6674392317
1774533600,384.23467514722665,387.08813283666365,377.6040490121456,378.44674533455736,148161.17672553306
1774537200,378.44674533455736,381.10931072079575,378.44674533455736,380.20422577127135,43822.65811896081
1774540800,380.563513943388,381.63578806341263,376.2895601205314,377.92486710420087,61571.51807866062
1774544400,377.92486710420087,378.92115316713375,373.5346771752225,374.9442613454868,34247.10660671198
1774548000,374.9442613454868,376.34612218273617,374.2357191103175,374.89460958246883,8670.138634384577
1774551600,374.89460958246883,374.922171450178,371.7859792290786,373.53687150292694,24834.60223692858
1774555200,373.53687150292694,375.6638495878983,370.0625214709303,374.39918277379667,31456.70147591741
1774558800,374.39918277379667,374.86652142227047,373.22923820781006,374.46652998738824,3484.554118477861
1774562400,374.46652998738824,374.8070318559683,373.05395840690903,374.1277100796596,2547.908548548389
1774566000,374.1277100796596,375.13819148377434,372.9685177298747,373.52091675830667,3039.81270594373
1774569600,373.52091675830667,374.7150557940762,371.8978068473852,372.72845695523984,11419.577682740752
1774573200,372.72845695523984,374.3198343229445,372.54868756593766,373.44903254536246,16384.712721661515
1774576800,373.44903254536246,375.2881121978407,372.7877663334024,373.62969121398567,5621.032456121363
1774580400,373.62969121398567,375.9815090990642,373.5794316739089,375.6283841440379,13582.684041276312
1774584000,375.6283841440379,376.9457304428192,374.4739562594094,374.9341947954696,26009.372694391695
1774587600,374.9341947954696,378.02599758350556,374.9341947954696,377.3048307872077,42750.00884127946
1774591200,377.3048307872077,377.3048307872077,374.86080220112393,376.1040352411747,23289.012375613198
1774594800,376.1040352411747,376.1040352411747,374.00300805945267,374.9135949075083,21003.643006942646
1774598400,374.9135949075083,375.98295917393153,372.58552508385054,372.9335931430324,41089.38211551937
1774602000,372.9335931430324,373.87104455803336,370.1156358355107,371.0483233312113,31997.244941596047
1774605600,371.0483233312113,374.79031604173815,368.8783598961926,369.57674341412337,25120.13622818262
1774609200,369.57674341412337,371.5238353081509,368.4329678997924,370.2792398893405,21177.076819835296
1774612800,370.2792398893405,371.1312819016576,369.31831976620816,370.41124966301174,14238.849006346374
1774616400,370.41124966301174,370.41124966301174,362.55509848214206,362.7089689198798,99977.16531011372
1774620000,362.7089689198798,369.95775048592657,361.4046241291368,369.95775048592657,99475.71163225199
1774623600,369.95775048592657,369.95775048592657,364.6418774857691,368.0858262960584,37579.12155141344
1774627200,368.0858262960584,368.0858262960584,363.23159743105964,364.80868931375204,25978.155766411463
1774630800,364.80868931375204,365.12056522777067,359.21701312832107,360.1304563667645,31985.396635653517
1774634400,360.1304563667645,362.39764260896175,359.2284922599844,360.72671465577815,14656.604892592288
1774638000,360.72671465577815,361.9553223690185,359.4262113267961,361.8921676295468,24907.527965169284
1774641600,361.8921676295468,362.50248421889665,360.5319883408859,361.2869588561134,16239.919824462371
1774645200,361.2869588561134,362.53788098072016,360.26528553030613,361.85364430532695,14701.599902992179
1774648800,361.85364430532695,362.38451090969096,359.58184684054265,359.58184684054265,9031.515679879123
1774652400,359.58184684054265,360.6645509602111,359.58184684054265,360.2018196001157,2342.416960648254
1774656000,360.2018196001157,361.82621740126973,359.6471401694287,360.06866143850476,15730.775548512698
1774659600,360.06866143850476,361.48712272757945,359.4065627018699,359.4065627018699,17400.05581759604
1774663200,359.4065627018699,361.4393556704024,359.4065627018699,359.8726740828933,3407.9008411882837
1774666800,359.8726740828933,362.80349319427916,359.2197074598402,359.2757519668123,4958.959691431063
1774670400,359.2757519668123,360.264523542076,359.19186823849475,359.844160882864,2179.033745683397
1774674000,359.844160882864,360.77824759790633,359.844160882864,360.0463931140488,1059.3486257736306
1774677600,360.0463931140488,361.4370194095135,359.5370394960915,360.43335726070217,18908.063823159377
1774681200,360.43335726070217,361.2015067060431,359.91780264146246,360.78914228915954,5572.821763146902
1774684800,360.78914228915954,361.39960798107,360.4011610978459,361.26193715834927,3583.829034492356
1774688400,361.26193715834927,361.30166865472137,360.5605734602038,360.5605734602038,1795.5004811616463
1774692000,360.5605734602038,361.69817920505307,360.25377485120197,360.31111202614767,1690.7149794027946
1774695600,360.31111202614767,369.18798054979976,359.81007274738346,360.1752248930902,2263.2680282148863
1774699200,360.1752248930902,365.76181868680624,359.680726058447,360.04240785629867,4282.344243641601
1774702800,360.04240785629867,361.9654466112637,359.6059927939675,360.8368483702465,5049.07663842041
1774706400,360.8368483702465,361.82378331936815,359.89493151712816,360.96831063800596,6882.82617722152
1774710000,360.96831063800596,362.4534329974767,359.5890339131996,361.4476687448997,5756.574262190292
1774713600,361.4476687448997,362.58063467616165,360.68353461964244,361.1581698643916,9019.644890180252
1774717200,361.1581698643916,362.18756569804475,360.3946362535053,360.78937909872644,2233.790780857058
1774720800,360.78937909872644,361.5539763509446,360.78937909872644,361.36393367299814,4163.9731235133295
1774724400,361.36393367299814,362.15182819243336,359.36420745072763,360.541395332055,21987.937613693317
1774728000,360.541395332055,361.4469483026242,360.28551343114884,360.70612121001614,2990.412533283438
1774731600,360.70612121001614,362.1762692103796,360.2172764197654,360.2172764197654,1076.4747389387219
1774735200,360.2172764197654,360.94998805594633,360.1776215754057,360.571398928683,811.584513713921
1774738800,360.571398928683,362.0306850888625,359.45048652094385,359.69197790493797,4958.64685730169
1774742400,359.69197790493797,361.5229097618675,359.69197790493797,360.4263743461521,4101.687861192661
1774746000,360.4263743461521,361.23847586141,359.8186814831701,360.21742072183326,2314.1950916207034
1774749600,360.21742072183326,362.57835062299296,359.76300613076563,360.4552253298714,1165.6141361482519
1774753200,360.4552253298714,361.4242335372875,358.0394216766446,360.69208228209226,43157.768395978936
1774756800,360.69208228209226,361.5094257846501,359.05887109070676,360.98222113024383,115855.42996428226
1774760400,360.98222113024383,361.27901125222905,359.4643079931025,360.20964468333347,3469.0631279301483
1774764000,360.20964468333347,360.8192740731991,359.42042349870366,359.8216806882506,2757.682459284177
1774767600,359.8216806882506,360.7829113586105,359.1591829602567,360.5038372279301,1386.7255376231328
1774771200,360.5038372279301,361.09735884235255,359.19302310118184,360.4072326693508,5281.191060248859
1774774800,360.4072326693508,360.69124413720635,360.0490732097645,360.0490732097645,461.2986330191165
1774778400,360.0490732097645,361.97030513158353,360.0490732097645,360.72759585616524,2757.94758710273
1774782000,360.72759585616524,360.72759585616524,358.96976627399596,359.24523361388873,3960.0700117372617
1774785600,359.24523361388873,362.6090780587056,359.24523361388873,360.8975952378223,2137.5598459524026
1774789200,360.8975952378223,361.36215948221337,359.5998837169444,360.37016576086404,3621.6732023860263
1774792800,360.37016576086404,361.1587643392936,359.3194935226868,360.0201657102029,8228.795341882696
1774796400,360.0201657102029,361.2455038301245,359.7860675385379,359.89746654643795,2209.564490247712
1774800000,359.89746654643795,360.98955206354276,359.6935593462734,360.20191353441004,2522.5060999008256
1774803600,360.20191353441004,361.12090247497224,359.645868193869,360.14501283639595,5336.1990318594
1774807200,360.14501283639595,360.53885238050736,359.2719812393696,359.2719812393696,3430.3099729951023
1774810800,359.2719812393696,360.6830039411471,358.99706899332097,360.6830039411471,1641.9188717480233
1774814400,360.6830039411471,361.3418247604655,358.9297633498127,361.0199912448171,13841.888446937592
1774818000,361.0199912448171,361.4155074686654,359.37194454005373,360.29999044542734,6096.69124861863
1774821600,360.29999044542734,362.060586837263,356.58718078999084,359.0116875020407,28657.504978270113
1774825200,359.0116875020407,360.3615425982186,357.2569109838059,357.81944799381915,12727.38162771869
1774828800,357.81944799381915,359.3156236261439,354.54576953339733,356.16408698522673,67952.29491228459
1774832400,356.16408698522673,358.05450871908727,355.2789933435216,358.05450871908727,12038.413761258747
1774836000,358.05450871908727,359.75500873217175,356.83543410440814,359.0744700281455,20617.621039343587
1774839600,359.0744700281455,360.9551392061473,358.7642448439933,359.1127607363489,15142.406244709087
1774843200,359.1127607363489,361.0800458821774,358.82657951841196,359.7490544418138,10650.35815519994
1774846800,359.7490544418138,362.64690431994245,359.7490544418138,360.7731818347337,3323.0895573505513
1774850400,360.7731818347337,363.69372343054755,360.7731818347337,362.86002695931643,8917.164295923309
1774854000,362.86002695931643,364.21304754723747,362.0604061113126,363.6022656652043,11480.35363644579
1774857600,363.6022656652043,365.43303724255367,362.27812598182487,363.96216405837714,11354.361475772183
1774861200,363.96216405837714,364.366152411166,361.9894852254976,362.8863271887668,8596.600343888898
1774864800,362.8863271887668,363.53665708915236,361.55904771954664,361.55904771954664,4504.523868914887
1774868400,361.55904771954664,365.2462107423358,361.55904771954664,364.17440716138003,14608.957685350766
1774872000,364.17440716138003,365.8254001298509,362.86248371484135,364.92383942386016,14649.599896528181
1774875600,364.92383942386016,366.94750749309736,362.42647938370266,363.2092148994306,124521.98177342855
1774879200,363.2092148994306,364.9907107667964,361.21578923282715,364.17308670057406,57039.18209231882
1774882800,364.17308670057406,365.0229404959412,361.6322210579285,363.80209462528444,45277.50342709918
1774886400,363.80209462528444,364.4435758425371,359.65078022631553,359.65078022631553,21707.881691452425
1774890000,359.65078022631553,361.20218979755674,356.5187819033798,357.85672923817657,34009.88169400291
1774893600,357.85672923817657,357.86700746871895,355.0589444708128,355.5258609766414,29664.717640043782
1774897200,355.5258609766414,355.8852373578181,352.12537291722384,354.6961787345421,47145.8679286583
1774900800,354.6961787345421,356.09460666578866,353.9261802900735,355.5836486377432,4781.183820803953
1774904400,355.5836486377432,356.72607458318726,354.14361043908343,355.6549491382936,8046.327530120492
1774908000,355.6549491382936,355.6549491382936,353.87685944111047,354.54163664221477,14115.367838247092
1774911600,354.54163664221477,355.6139698408683,351.5943483874769,352.7991953206029,11760.306189208211
1774915200,352.7991953206029,357.462359729179,351.7625358028051,356.5704397310472,68631.28765280805
1774918800,356.5704397310472,361.3909585111169,355.74774555746325,359.0163790187269,54181.09006911512
1774922400,359.0163790187269,360.9237673247381,358.45236818524916,359.7367617382444,29896.55087736523
1774926000,359.7367617382444,361.2441619983537,359.3291315046774,359.5236280658978,10049.26297935889
1774929600,359.5236280658978,359.95732821956426,357.3927636570973,358.28247402377934,7066.83017795892
1774933200,358.28247402377934,358.28247402377934,355.70318110178664,357.3452421465899,20153.375188879003
1774936800,357.3452421465899,359.42919956775285,357.3452421465899,357.9960913338516,8878.082838807635
1774940400,357.9960913338516,359.4487133853646,357.5702870188388,358.7627329037944,13731.624028574552
1774944000,358.7627329037944,360.2308365389511,357.16831375139117,358.422168168784,22135.309601028624
1774947600,358.422168168784,359.02686262906167,355.2340677134426,355.2340677134426,17980.379749339627
1774951200,355.2340677134426,357.7247691722081,355.07986284449197,357.7247691722081,5525.925924591063
1774954800,357.7247691722081,359.4216680762266,356.2924761322954,358.41640097279156,14205.85350399663
1774958400,358.41640097279156,361.20819440696374,358.41640097279156,360.0054467598987,16306.40591631522
1774962000,360.0054467598987,364.98323539577217,358.94854209183643,364.36410947771986,62536.064935783375
1774965600,364.36410947771986,365.98472013631385,361.9851231256737,362.8967226506045,52245.90013312116
1774969200,362.8967226506045,365.678211265251,362.441684965114,363.26604161896046,38256.94209698043
1774972800,363.26604161896046,371.3637441574011,362.61717524067546,370.15042238799344,63078.59368548549
1774976400,370.15042238799344,372.6714265792286,368.9011685751373,368.9011685751373,49850.74658375166
1774980000,368.9011685751373,374.02152672313144,368.4513996652519,371.6145435326264,66484.38309828208
1774983600,371.6145435326264,373.48188920526286,370.3997630038397,371.0879293888323,47486.30839759785
1774987200,371.0879293888323,374.62141568859863,371.0386941411709,372.7752481249651,217576.01330238118
1774990800,372.7752481249651,374.4019149289222,370.8110358154988,372.57746059989177,14771.329545508866
1774994400,372.57746059989177,373.92497706914054,371.4746227945377,372.79022292567055,11662.587932097345
1774998000,372.79022292567055,374.8325398063946,371.9402669212173,374.8325398063946,24503.11653711841
1775001600,374.8325398063946,376.7162888935489,373.5472314520049,376.7162888935489,46276.499794473915
1775005200,376.7162888935489,376.7395875934262,374.1722760429374,374.747088181375,29993.041975017797
1775008800,374.747088181375,374.747088181375,374.02904860675096,374.57728856283404,8292.712846328643
1775012400,374.57728856283404,375.2091082860007,373.04344860845333,374.20663957054074,3620.784366347982
1775016000,374.20663957054074,375.3982027054983,373.96511609800257,374.425651554183,10474.394326358364
1775019600,374.425651554183,376.8689617415867,374.3739740954007,376.3977967385941,13458.577661120267
1775023200,376.3977967385941,380.2722163451402,375.48274293121085,379.0470013547989,130085.98777215002
1775026800,379.0470013547989,380.7418670276414,377.75716103742525,378.1067391790085,50875.46097140759
1775030400,378.1067391790085,379.2578915760551,375.9313271860463,377.3945304451374,61217.67028960138
1775034000,377.3945304451374,378.78617669317254,374.9565611994131,376.80284195957216,36344.35869307118
1775037600,376.80284195957216,377.5804561463644,375.97083060596816,377.0908970819377,23878.564276715035
1775041200,377.0908970819377,380.92918195310006,377.0908970819377,379.92567206118326,41280.438613660845
1775044800,379.92567206118326,380.6797947532738,378.3021515318268,378.54615030120146,34544.03426593152
1775048400,378.54615030120146,379.90882492018807,373.95699633442774,376.28597945882757,152033.89803474632
1775052000,376.28597945882757,381.0143870020714,374.5790575568619,380.80926082390135,150106.39845785755
1775055600,380.80926082390135,382.9621822684935,379.8963976882992,382.69556749707516,40557.250474020504
1775059200,382.69556749707516,385.6208206591362,369.75999506691664,381.187194662923,113274.42219389709
1775062800,381.187194662923,382.6027457847824,378.95481339983706,378.95481339983706,39287.43469574714
1775066400,378.95481339983706,380.80485604293193,376.39427799594444,378.4733738633167,57188.3709416472
1775070000,378.4733738633167,383.5372911849452,378.0105100507885,380.4738439536428,47715.17216732977
1775073600,380.4738439536428,382.006219885817,379.14797505664234,381.0240776435684,9153.533395109027
1775077200,381.0240776435684,383.92054136932194,376.85496645673607,380.13115146903647,36897.77656204472
1775080800,380.13115146903647,384.2511921213456,377.5882740668996,380.91906263962073,29735.807670717302
1775084400,380.91906263962073,381.0249809647078,379.82558761208685,380.472920097494,17906.41396758709
1775088000,380.472920097494,382.5682288922028,376.63331755052485,381.7643326754341,823619.3245535884
1775091600,381.7643326754341,382.217830002809,372.419085826477,374.3759093328847,239379.8553515564
1775095200,374.3759093328847,376.068197921276,371.287390016944,373.7251639288196,75240.49403270066
1775098800,373.7251639288196,375.1252815913981,372.0653074525941,372.0749165776626,24496.328081522395
1775102400,372.0749165776626,373.7316521994872,370.3161352831378,371.5667030161339,33130.7326828902
1775106000,371.5667030161339,372.39143072434166,369.05486357372956,369.6815209995728,32172.256554567874
1775109600,369.6815209995728,372.2355940292745,369.6815209995728,371.2364334237082,122796.1515158877
1775113200,371.2364334237082,373.29955259341733,371.0836209016634,372.4291979169303,54670.096991751314
1775116800,372.4291979169303,374.00901978682924,372.02432881267475,372.7711138768326,17098.394609527022
1775120400,372.7711138768326,376.25940875983724,372.1873162429237,372.4768311342974,4285.3135261389325
1775124000,372.4768311342974,373.46560097052196,371.58223071923015,372.7577408470278,33054.30288029411
1775127600,372.7577408470278,373.36998259699084,370.1888088368701,371.67993447145915,27503.505235769328
1775131200,371.67993447145915,371.9202290571628,368.63731104538556,368.63731104538556,57216.371953692156
1775134800,368.63731104538556,370.0150777775265,361.86681278085126,366.1788502112519,123861.18372236047
1775138400,366.1788502112519,370.65167012947893,363.81256591165146,367.863684701799,171783.6721759529
1775142000,367.863684701799,368.52674913874375,364.96662880059694,365.6232475736851,53394.08125405852
1775145600,365.6232475736851,366.628072574479,362.708700984243,364.8742172741257,37355.33991865487
1775149200,364.8742172741257,366.2513494277525,360.69517202513015,361.2430778258715,50463.458325482956
1775152800,361.2430778258715,361.5370183643281,358.7421009645765,360.3037011871044,26596.863575943236
1775156400,360.3037011871044,361.166777191245,358.60433787379117,359.86637080848277,31373.072900611984
1775160000,359.86637080848277,362.03486551621,359.86637080848277,360.9980221661741,6226.3638732411555
1775163600,360.9980221661741,362.0442511305379,359.9278745364039,360.92611661246116,7805.799606560162
1775167200,360.92611661246116,363.7097905373027,360.51002020573577,361.73340116619744,36241.88290963935
1775170800,361.73340116619744,362.4166388809262,358.3839807753618,360.94984796870665,7157.536810003664
1775174400,360.94984796870665,363.59590998772813,360.6791670973866,362.12733962945725,13037.44329875853
1775178000,362.12733962945725,362.74575065360625,360.8779357609823,362.24149720582403,13198.658290150226
1775181600,362.24149720582403,362.46933216691934,360.5250564676504,361.49509913234635,6594.702033203781
1775185200,361.49509913234635,363.2830750488499,361.2377644415455,361.95621466492184,24313.22276631755
1775188800,361.95621466492184,362.8528447556009,360.70526787380516,361.02641124507585,3366.9317715302436
1775192400,361.02641124507585,362.1159001650137,360.832534919525,361.0784668363534,15481.035231869775
1775196000,361.0784668363534,362.4999435829432,360.2592325285102,362.2266133526889,21718.565578515278
1775199600,362.2266133526889,362.8068999550743,360.1375603311101,362.0087530404316,9527.518851845918
1775203200,362.0087530404316,362.4821282224281,361.2544130580075,361.933691338472,3864.2198007954444
1775206800,361.933691338472,361.933691338472,360.61209523593624,361.13052222571133,3291.281828641132
1775210400,361.13052222571133,364.9409700142628,360.29572803990027,363.4849427149371,282780.39475897665
1775214000,363.4849427149371,367.2675160211044,360.8051649040236,361.57048287345293,663680.9558744314
1775217600,361.57048287345293,364.21780490228224,359.99972054779664,360.3580389121896,43998.27947844957
1775221200,360.3580389121896,363.0431972239334,359.9901967022762,360.70066184887247,18847.96486775124
1775224800,360.70066184887247,364.12517067780374,359.52853249887335,361.3688253537389,9999.985563801583
1775228400,361.3688253537389,362.3185623024511,360.43988146407844,361.9530808396786,11177.994905656986
1775232000,361.9530808396786,362.2853170194183,360.4349433511867,361.33459066440037,5705.3561906741415
1775235600,361.33459066440037,362.22787380884824,360.2230803043233,360.23252793679586,1239.3698187921061
1775239200,360.23252793679586,363.3388614251339,359.94053886205666,361.822024958311,34851.39327912134
1775242800,361.822024958311,362.71152831815914,361.1302561905704,361.53111487013666,12953.80463393513
1775246400,361.53111487013666,363.13366671190386,361.1541311984179,362.8014643590036,9196.163919686496
1775250000,362.8014643590036,362.8014643590036,360.35229458477505,361.2372497767187,18568.113451092566
1775253600,361.2372497767187,361.8625987495442,360.82864949690116,361.27597231843333,629.0711875438237
1775257200,361.27597231843333,361.8256553088553,360.0973002655654,361.8256553088553,1231.332321971236
1775260800,361.8256553088553,361.878102244252,361.1975671112237,361.67056149329017,2378.248409459586
1775264400,361.67056149329017,362.1365388007554,361.3320442770871,361.3320442770871,298.04652946070314
1775268000,361.3320442770871,361.94624031878493,360.3836771643998,361.6668131431069,1428.550672207653
1775271600,361.6668131431069,361.6668131431069,360.2932074812501,361.58587301459085,1495.8389103878728
1775275200,361.58587301459085,361.7027269373345,360.5250265551823,360.71422282675843,2370.3403443529637
1775278800,360.71422282675843,361.407698877276,359.9783646124319,359.9783646124319,4210.559604671397
1775282400,359.9783646124319,361.87601290082057,359.9783646124319,361.0719608265574,1000.2090235504379
1775286000,361.0719608265574,362.09937982831804,360.9963904345999,362.0700225065475,1940.873167837818
1775289600,362.0700225065475,362.086058933424,360.8799405325731,362.086058933424,2393.948581066763
1775293200,362.086058933424,362.086058933424,360.80487170769925,361.0200793725228,875.1842459538982
1775296800,361.0200793725228,361.0200793725228,358.2721025466145,360.7256239278069,1761.7721187957213
1775300400,360.7256239278069,361.5308409886783,359.8488654571702,361.220313423509,2983.146139585975
1775304000,361.220313423509,361.5726224137298,360.0591009733167,360.8068280649337,3763.082610542243
1775307600,360.8068280649337,361.5450103923036,359.82017184809257,360.8061539693779,1731.9316402348422
1775311200,360.8061539693779,361.5047544603502,359.745206200724,360.6490253667446,1316.355656437317
1775314800,360.6490253667446,364.532103819454,358.53514243592787,360.5424135506789,15689.38349231719
1775318400,360.5424135506789,362.3956710489189,360.36027527138936,361.6665062091681,17887.27171691127
1775322000,361.6665062091681,361.8456177924395,360.3673146421521,361.31369516222827,8747.539894621845
1775325600,361.31369516222827,362.45902594675704,359.9196745900874,361.6061927783867,24391.235391859635
1775329200,361.6061927783867,362.29335362359024,360.45262024239713,361.01181193626,6227.642148873693
1775332800,361.01181193626,362.34829303960447,360.05892961668815,360.4060996013829,5872.373835913938
1775336400,360.4060996013829,361.2274116396076,360.31646517922616,361.08760565885103,8401.176987759893
1775340000,361.08760565885103,361.98612282806295,360.8118043281219,361.1521442448002,188.22850464358066
1775343600,361.1521442448002,362.1618530308244,361.1521442448002,361.6658682492078,345.3501309844888
1775347200,361.6658682492078,362.14958871396004,361.27953700984233,361.7569973130575,952.5227841696735
1775350800,361.7569973130575,362.5131952033875,361.0199102956649,361.8959936118952,7.090197094018977
1775354400,361.8959936118952,362.0273187532596,360.5923141075593,361.98964921105744,1134.9587621405103
1775358000,361.98964921105744,361.98964921105744,361.03984495139076,361.03984495139076,168.07972767242595
1775361600,361.03984495139076,364.4356972373806,360.7531955029454,361.01904184177107,1767.3692833176408
1775365200,361.01904184177107,361.78447588745337,360.6913256568477,361.4134334546918,1575.0759886039941
1775368800,361.4134334546918,361.6684848916983,360.7178810181663,361.09872772964854,3278.1102370722615
1775372400,361.09872772964854,361.9033422367814,360.4382017031939,361.61013468012266,2298.388604711561
1775376000,361.61013468012266,361.8962400831043,360.68213193111075,361.22355551238263,6.717253449679353
1775379600,361.22355551238263,361.22355551238263,359.6853073117849,359.70531470820526,2943.5537748559673
1775383200,359.70531470820526,364.2221861298967,359.6392224326385,361.6365827611015,4461.356692648909
1775386800,361.6365827611015,366.8895988058209,360.5660189692054,361.3266916873571,5226.337981507887
1775390400,361.3266916873571,362.20050934647344,359.5448311202627,360.3256680191002,3031.468403043224
1775394000,360.3256680191002,360.3256680191002,359.12678878099206,359.48377304068157,5567.010682298734
1775397600,359.48377304068157,360.46150945006286,359.1056956300375,360.103766345391,573.2732571781991
1775401200,360.103766345391,361.7706188725387,359.1326058218844,361.485380805547,6798.636875867302
1775404800,361.485380805547,361.64367334304364,360.6498089824159,360.900841858108,1166.1505344724637
1775408400,360.900841858108,361.96546681741506,359.4127656087235,360.1071626785993,1598.530360612822
1775412000,360.1071626785993,361.5718555797711,359.7708369255325,361.5106939156832,426.31871858445066
1775415600,361.5106939156832,361.5106939156832,359.28870075165236,360.528784323983,850.6680678877609
1775419200,360.528784323983,360.8999968529465,359.4661738832111,360.6388086014717,1548.3767399047742
1775422800,360.6388086014717,362.0794267658105,360.4999199572878,360.4999199572878,613.6406125503125
1775426400,360.4999199572878,361.4378571738527,358.46544990976133,359.38536490761135,111095.25830366764
1775430000,359.38536490761135,361.2955939269036,358.1819478771087,360.12134329190985,17425.357507048255
1775433600,360.12134329190985,364.61929341878766,359.1156353137048,363.964222567855,59834.22858373364
1775437200,363.964222567855,365.2043346118704,362.3719145715269,363.6269534319238,31163.805539257304
1775440800,363.6269534319238,365.4496421507182,362.13357608204785,364.5751679635572,37499.767171155116
1775444400,364.5751679635572,365.2635388298906,362.9283080275361,363.402408558164,11300.108270256218
1775448000,363.402408558164,364.98445280460606,361.86847841534797,363.7053031759252,5464.290910876674
1775451600,363.7053031759252,364.813368100173,363.0273578038188,363.9394443255627,11168.36820852612
1775455200,363.9394443255627,364.97393936307435,362.05208941806575,364.02390821867573,7222.224601922512
1775458800,364.02390821867573,365.5402233000289,363.0656071943067,364.4956666041085,24063.32729966369
1775462400,364.4956666041085,367.30751766065316,364.4956666041085,367.2160475959363,63013.05101947101
1775466000,367.2160475959363,367.9062189589859,364.7686147126693,366.3127274573843,19200.883553803807
1775469600,366.3127274573843,367.0063972892207,364.8031666343293,365.28711325842437,13005.6539895775
1775473200,365.28711325842437,367.8299563069889,363.22339097268144,363.44574082983945,39556.63402578044
1775476800,363.44574082983945,365.6041509878818,363.39151938023025,364.2284767396153,2324.224959510413
1775480400,364.2284767396153,367.0912955834497,361.8591206003517,363.17281738374294,179613.6404370946
1775484000,363.17281738374294,364.3292666682295,355.7610535816727,355.8717349558239,129664.38087662269
1775487600,355.8717349558239,357.0149867198538,352.5301697122828,354.7580199887638,64453.03878955611
1775491200,354.7580199887638,354.78679253496506,350.0085001098713,350.0085001098713,50323.20390823716
1775494800,350.0085001098713,351.31623097517104,347.40131756531696,348.17939260251467,90309.14028168704
1775498400,348.17939260251467,351.9103536999101,347.4551761633196,350.2916393245116,66902.61794823302
1775502000,350.2916393245116,353.1091284809158,350.2916393245116,351.787939782443,37988.688338895874
1775505600,351.787939782443,352.952884830163,348.17318552534226,351.852379547846,6830.844774864562
1775509200,351.852379547846,353.94451634239886,351.34778475237135,352.66291119166766,47232.117687592385
1775512800,352.66291119166766,353.51833275928743,351.42262444235956,351.87385666657826,18555.170918019983
1775516400,351.87385666657826,352.48387141285673,348.92655036036643,349.4729319731817,31249.669165681153
1775520000,349.4729319731817,352.24505921543596,349.4729319731817,351.5734381373472,13068.49406516198
1775523600,351.5734381373472,352.2091322637512,348.6375231461276,349.5923879658353,18798.194377492804
1775527200,349.5923879658353,350.23190588426417,348.5430181373165,349.6001745773336,11087.117425504912
1775530800,349.6001745773336,350.2527163231655,348.67233567147736,349.71251579636515,15248.328084973318
1775534400,349.71251579636515,350.7530721092604,348.53865437073534,350.2481864768815,10579.888127746292
1775538000,350.2481864768815,351.2798785048736,348.96451221886633,350.1908089101871,9233.460066460659
1775541600,350.1908089101871,350.9745553594521,349.4885133195455,350.6971171093136,6015.208929764899
1775545200,350.6971171093136,351.4782583316377,348.97782620563413,349.8903331132989,10111.570027133908
1775548800,349.8903331132989,352.97133930832246,349.6565093120534,352.6876110630026,14938.974505108486
1775552400,352.6876110630026,354.934443584303,350.08419368051005,354.07164174618805,32991.29697137388
1775556000,354.07164174618805,354.5519099782871,348.319200630712,349.1768310268605,45760.893430971126
1775559600,349.1768310268605,350.9908212959099,348.11476016394244,348.2890045417226,21746.892056026758
1775563200,348.2890045417226,350.9656546126163,347.3903315886735,349.4671805452868,51475.13446171268
1775566800,349.4671805452868,349.4671805452868,343.25266646006634,343.48864370548847,98942.87097622587
1775570400,343.48864370548847,344.3658617644395,337.2272966945253,340.28824585516224,150563.35365099844
1775574000,340.28824585516224,340.28824585516224,332.0377889186365,338.45438030716554,517261.9431484231
1775577600,338.45438030716554,343.2215762438167,338.42467147541896,341.9903101083453,30728.627499681337
1775581200,341.9903101083453,345.1979208838642,340.2002134772904,343.3211447902656,37322.40580913383
1775584800,343.3211447902656,343.80369780612676,339.6519972739444,339.7068361624804,44559.04845942209
1775588400,339.7068361624804,346.06270078073265,339.7068361624804,345.5317460217266,58214.27780502583
1775592000,345.5317460217266,348.6320538699953,344.9403365379495,347.89476403548866,22181.567531329743
1775595600,347.89476403548866,349.0352816557364,345.87570837456826,348.4229400900574,19404.446752737123
1775599200,348.4229400900574,357.01284553344726,346.7358264923979,356.0084180770953,148519.7543710733
1775602800,356.0084180770953,361.3076499067236,354.7416998778248,360.78473491169103,94380.29097343127
1775606400,360.78473491169103,361.3133437459717,358.5484961492988,359.7362034800822,42870.643773646734
1775610000,359.7362034800822,360.70214461844574,359.41572839464607,360.3606890365837,9274.648837167395
1775613600,360.3606890365837,363.31494789824217,359.7260369825317,359.7260369825317,6883.099253219836
1775617200,359.7260369825317,361.60575169332196,359.7260369825317,361.2771029870513,8772.0729089679
1775620800,361.2771029870513,363.2388148148853,359.9036633486148,362.63557164533387,36633.567583931734
1775624400,362.63557164533387,364.5410626176995,361.50816426784365,363.79140506039255,47234.767774820386
1775628000,363.79140506039255,364.0613912307703,362.1094674499852,362.8108728627205,5548.830800771228
1775631600,362.8108728627205,364.94510615327965,362.8108728627205,364.1180363779468,25362.102743118427
1775635200,364.1180363779468,364.62214817351,362.2651115541221,362.6384097933787,50717.250283822796
1775638800,362.6384097933787,363.1725562823516,360.83349699423894,362.2573388618008,31477.57142600827
1775642400,362.2573388618008,362.699126545583,361.0155718573349,362.56959357858483,17827.856142479854
1775646000,362.56959357858483,363.40545355537216,361.50493528035514,362.7422174878129,4514.611540501061
1775649600,362.7422174878129,363.6815500795394,361.6872934547136,363.25512824765536,51578.67214591784
1775653200,363.25512824765536,366.0873583499874,351.5885995740696,353.03429993840336,400422.8725590603
1775656800,353.03429993840336,354.3373899912329,345.339139899979,346.8804251457899,163729.4644661976
1775660400,346.8804251457899,348.3343440999395,345.4386934924261,347.8614990244021,45959.62467620306
1775664000,347.8614990244021,348.9440928435536,344.8846279527115,347.619915236154,49794.31869508729
1775667600,347.619915236154,349.1414813598243,345.6984500367469,346.89332952278517,33044.34500123653
1775671200,346.89332952278517,348.9786421398738,341.2055623795357,341.9319025663979,67951.50828492729
1775674800,341.9319025663979,343.1053388657478,340.3146756183573,341.91036021873754,40292.90885425607
1775678400,341.91036021873754,344.0869709161092,341.91036021873754,342.86388378468246,38870.55203738757
1775682000,342.86388378468246,343.2161598272865,341.58794163229175,341.9915898788486,7826.856999969991
1775685600,341.9915898788486,342.57846595528275,340.8069078509873,341.26567918803323,8147.749022989743
1775689200,341.26567918803323,342.70808046892824,340.5326058470594,341.5657852123704,19621.32903313162
1775692800,341.5657852123704,343.18738430420717,341.08843655430735,341.81554173093525,20560.22678447312
1775696400,341.81554173093525,344.5841797450094,341.1466591342433,341.67168266839013,10961.59714847314
1775700000,341.67168266839013,345.8169533000812,341.0408483695889,345.36478220592386,29091.972840082304
1775703600,345.36478220592386,345.36478220592386,342.70301108801607,343.74402290718723,17258.496273385907
1775707200,343.74402290718723,344.83307170250725,342.6465521551821,343.7402050384948,12373.553171477537
1775710800,343.7402050384948,344.50429262533464,342.494564035215,343.5021722399826,62754.139493067334
1775714400,343.5021722399826,344.4938126819638,342.43009800553756,343.83701331867076,15059.131449333883
1775718000,343.83701331867076,343.83701331867076,341.1987943576461,342.43270816526785,20900.103050587306
1775721600,342.43270816526785,343.26066103353617,339.7243812032131,341.4805083662468,22026.344309143806
1775725200,341.4805083662468,342.6393855228151,340.03727977439513,342.04134825813395,8896.227416210875
1775728800,342.04134825813395,346.14820479781446,341.8945968725191,342.846727412689,83876.18705746735
1775732400,342.846727412689,343.60572264930454,341.21676945423064,343.2764797349586,23590.06108767405
1775736000,343.2764797349586,344.28854521387404,342.1828378141026,342.8716574563017,42779.722083726236
1775739600,342.8716574563017,346.0283120201936,338.2621520836126,339.00049750138015,227796.53304664243
1775743200,339.00049750138015,342.8859171038481,337.79137862951745,342.24045825819115,88793.5473678725
1775746800,342.24045825819115,345.1469734233557,339.6230285979479,345.1469734233557,110524.1075274896
1775750400,345.1469734233557,348.7208243147643,342.6369498240564,346.33425624058424,102664.54645257076
1775754000,346.33425624058424,349.8420670754707,346.0968382853196,347.62098904117295,179158.9802124213
1775757600,347.62098904117295,349.1182860493028,344.30956415982496,345.2772920454762,71269.75639087208
1775761200,345.2772920454762,346.369622590165,344.4048629401749,345.67001801551936,72831.67332617404
1775764800,345.67001801551936,346.9639860577679,344.40897790714774,345.781995901046,30963.608944860138
1775768400,345.781995901046,346.68238128145526,344.6501338815193,346.32328718328455,22375.75930835338
1775772000,346.32328718328455,347.09957041801937,344.7101613405598,345.5898401470737,12612.94428149165
1775775600,345.5898401470737,346.8217831456164,344.72762465898427,344.72762465898427,21360.53793492074
1775779200,344.72762465898427,346.02889590534085,344.1035596220682,345.6582962268445,7024.429251777848
1775782800,345.6582962268445,348.7328021802497,345.0123710562649,347.45763160331745,35154.84523425383
1775786400,347.45763160331745,348.11350976190806,345.7489203824502,346.6351670950968,11783.26351011504
1775790000,346.6351670950968,347.66920865062076,346.2789816665033,347.05267075592644,17438.124221631027
1775793600,347.05267075592644,347.19495311048047,346.17361444820006,346.6934664031241,1511.8755179841237
1775797200,346.6934664031241,347.5443493569987,346.47965153885264,347.4194924172809,2795.8941201883126
1775800800,347.4194924172809,347.5733242193902,345.99848428800203,346.89235798360045,19505.34265331411
1775804400,346.89235798360045,347.59608118176453,344.7062459564181,346.2545055120515,11899.14402337826
1775808000,346.2545055120515,347.43496977019316,344.93402801574297,346.04719829098065,9805.260781441157
1775811600,346.04719829098065,346.04719829098065,343.4162945511165,344.40324143085434,31593.068000026065
1775815200,344.40324143085434,346.8606296658008,344.0920705686836,346.1031489507567,37313.454520930754
1775818800,346.1031489507567,349.4726253115785,345.02910811791884,347.00712737172086,9203.51917071722
1775822400,347.00712737172086,347.9859657293034,344.93323260536056,347.3930140807276,41276.33961237963
1775826000,347.3930140807276,349.8198329773443,345.00506506694063,346.3049370456916,218558.49732742505
1775829600,346.3049370456916,347.98031999724805,344.48596660608024,346.402693869665,131698.8493013964
1775833200,346.402693869665,347.40304856924047,343.7791610907496,344.6749291521495,53641.88454185293
1775836800,344.6749291521495,345.0867869447791,342.2126376793502,343.3142992275831,32102.9349801733
1775840400,343.3142992275831,346.5396500690236,342.9174926150144,345.7521734618289,45989.06837161083
1775844000,345.7521734618289,347.2768587719471,344.9605518059607,345.40117671063547,28685.332223929505
1775847600,345.40117671063547,348.2967570333479,344.82274060234244,347.61894505606733,41593.75304906499
1775851200,347.61894505606733,349.9574511696632,347.52449526321595,348.40364073678364,11594.549977889043
1775854800,348.40364073678364,352.8196850687137,348.40364073678364,351.21366099141915,31434.042781321907
1775858400,351.21366099141915,352.688372280823,350.49541688729994,351.18747951396716,19979.797222349218
1775862000,351.18747951396716,352.8834417075358,351.18747951396716,352.255242884204,17449.132391437386
1775865600,352.255242884204,352.54575010911867,349.1086704155775,349.7096103047458,30702.66314488428
1775869200,349.7096103047458,350.7115805779749,348.9699508763497,348.9699508763497,24409.828479241245
1775872800,348.9699508763497,351.3468206813954,348.9699508763497,350.5755912394116,12607.918950671015
1775876400,350.5755912394116,351.69017288747966,350.0812748741691,351.69017288747966,431.4484362644857
1775880000,351.69017288747966,352.26994726100963,350.08138180194277,352.03560587098764,11192.820485404734
1775883600,352.03560587098764,352.1621402516035,350.7992704190092,351.38037539246835,9927.67054453391
1775887200,351.38037539246835,352.385270008891,350.69604525698213,350.69604525698213,253.17025901132973
1775890800,350.69604525698213,351.6259402709837,349.73730281408655,351.07462519999734,15489.247312308513
1775894400,351.07462519999734,351.07462519999734,350.19122755391965,350.3569337421822,3600.5878542437536
1775898000,350.3569337421822,351.95610098348635,350.1540256077843,351.0302630516243,3578.963619339301
1775901600,351.0302630516243,352.00729312922124,350.89978550040314,351.0481492089825,9981.839041872889
1775905200,351.0481492089825,352.05634994084915,350.40998763953735,350.99253173181745,15290.97247609045
1775908800,350.99253173181745,352.78003580911,350.63811736901846,352.4072622545047,29542.90270512317
1775912400,352.4072622545047,352.4202363533603,350.9192198514065,351.8565599086931,5981.872681737735
1775916000,351.8565599086931,351.9960997533443,350.56439268083716,351.13471215767805,7204.478275404332
1775919600,351.13471215767805,352.3668828646631,349.9349799357774,351.8746194049611,19241.49355651109
1775923200,351.8746194049611,352.62393942556804,349.84140285057225,352.62393942556804,22438.43847364821
1775926800,352.62393942556804,353.29486903217804,351.51037588470297,352.43428683051934,5862.171396960393
1775930400,352.43428683051934,353.06685573820533,351.2398173416711,352.61921165084254,1237.7341643098812
1775934000,352.61921165084254,353.3099313898473,351.04166578535376,352.8776962015456,1475.9788915071708
1775937600,352.8776962015456,353.6801175601249,351.6347205351867,351.6347205351867,5813.19951925883
1775941200,351.6347205351867,352.9410860401579,351.10279420529025,352.6779250511104,17370.17316918294
1775944800,352.6779250511104,352.9159724632202,351.6562651014404,352.3093854097037,2531.5390024116523
1775948400,352.3093854097037,353.34467465856727,350.93059986861743,351.4530456859065,12641.620902758139
1775952000,351.4530456859065,353.20985166233345,351.4530456859065,352.07342688068894,10809.828361721913
1775955600,352.07342688068894,353.6077150507339,349.40561562383095,349.40561562383095,41428.28372421144
1775959200,349.40561562383095,350.77489338836375,348.1671639306546,349.5020019480828,31559.784905194687
1775962800,349.5020019480828,350.07861196179414,348.73566383848214,348.8810593446336,773.5305683029186
1775966400,348.8810593446336,349.6977144394421,348.67006494040766,349.38324402967385,10143.05848514271
1775970000,349.38324402967385,349.9316007460853,348.0840491444093,348.2215406283491,6296.112673787025
1775973600,348.2215406283491,349.4345745577299,347.6434473172278,348.7334849896592,20439.363092225452
1775977200,348.7334849896592,349.2830738003213,342.4847401107072,348.4304603577568,10822.456363905825
1775980800,348.4304603577568,349.06693259048035,348.00208385571335,348.7423075509346,7586.415574571829
1775984400,348.7423075509346,349.3845801908118,347.98358368016414,349.3845801908118,2534.4738017098152
1775988000,349.3845801908118,349.3845801908118,347.8130206401536,348.7369176498908,5798.549833259471
1775991600,348.7369176498908,349.0413098866096,347.17055474755756,348.2468599900051,8118.100498044659
1775995200,348.2468599900051,351.94020936083416,347.40929337331147,347.7299153634957,3809.4648563760625
1775998800,347.7299153634957,348.8852868566566,346.31306341494525,346.7324762140395,17938.54568812417
1776002400,346.7324762140395,347.8579451816483,345.61978756698477,346.4793061312679,18918.648604619346
1776006000,346.4793061312679,347.061273983832,344.80507034037333,346.16440738382346,34974.33161584424
1776009600,346.16440738382346,346.19773490014563,344.3673109621662,344.43901121534765,23458.36236648088
1776013200,344.43901121534765,347.11403886998824,344.43901121534765,347.11403886998824,46595.90273926977
1776016800,347.11403886998824,347.31683415859493,345.3890642746932,346.06321240498266,42316.17058546282
1776020400,346.06321240498266,347.09421327674886,344.9747314972934,346.60616030827487,41915.68840079961
1776024000,346.60616030827487,346.8478236105832,344.1844697417834,345.70450600404604,44370.36509933804
1776027600,345.70450600404604,346.05403571690823,344.3306929868879,345.04801321638024,25300.558527127614
1776031200,345.04801321638024,346.85105070299664,344.39214915448616,345.7711470293645,34388.41885088586
1776034800,345.7711470293645,346.2640836690116,344.8551113818193,345.45249252666457,21623.241830247487
1776038400,345.45249252666457,345.53799284495324,341.5981659532526,344.831072981379,107661.21165144994
1776042000,344.831072981379,347.9443905532216,344.2163156478611,345.01232412308076,20207.59020414616
1776045600,345.01232412308076,346.34896110177357,344.6859235295436,345.4865796521089,4495.581798040448
1776049200,345.4865796521089,347.05034643545497,344.2432303021059,345.77713081242797,13537.00533689944
1776052800,345.77713081242797,346.74106395642673,344.9910700264677,346.74106395642673,6255.428526352126
1776056400,346.74106395642673,347.044919906636,345.7102588014444,345.7102588014444,7661.449624096081
1776060000,345.7102588014444,348.478776818026,345.33147938539935,348.478776818026,18293.713530234745
1776063600,348.478776818026,348.56729636737106,345.02585684948815,346.95390771999166,15461.455110810313
1776067200,346.95390771999166,348.15939677712225,345.7701645461475,346.4099043992017,15718.696974236156
1776070800,346.4099043992017,347.08656334545856,345.42447169227523,347.02617971438286,7941.793888211608
1776074400,347.02617971438286,347.5046277313602,344.49897069995944,347.5046277313602,27278.99182203014
1776078000,347.5046277313602,347.67328451575173,346.069882590623,346.7426824627625,28379.980363664632
1776081600,346.7426824627625,348.1164123826628,345.49451143672417,347.43072094425764,29257.723410626
1776085200,347.43072094425764,354.32500698324935,346.71102920358436,352.879495184101,175991.42633959668
1776088800,352.879495184101,355.7866013217895,350.0187729546769,352.2451273019498,175148.5509306045
1776092400,352.2451273019498,353.06027067055345,349.7308486149571,349.7503603261792,58541.45312788231
1776096000,349.7503603261792,353.28431358583373,349.7503603261792,353.28431358583373,53496.57213834424
1776099600,353.28431358583373,354.8711606623331,352.4716533656623,353.1062603156515,28484.825778953138
1776103200,353.1062603156515,354.0526583237707,350.7415492246232,351.82683981359895,34048.163736661816
1776106800,351.82683981359895,352.07463085630286,349.39607895230296,350.73037378129,46468.82741818789
1776110400,350.73037378129,352.87252924604087,350.73037378129,352.87252924604087,3902.145622056968
1776114000,352.87252924604087,353.31174105606107,350.7115377406231,351.63990471866504,29932.274108706653
1776117600,351.63990471866504,354.319558183205,350.0488888949819,352.40214253703306,16789.543439093286
1776121200,352.40214253703306,353.9593924555716,351.283934924035,353.0523299403338,10524.135214149153
1776124800,353.0523299403338,353.8532558618898,352.05214327153834,352.05214327153834,3502.617836911049
1776128400,352.05214327153834,353.90527167764316,351.9765603738263,352.8653677882706,11217.12790179174
1776132000,352.8653677882706,361.6635561128911,352.2260694902082,361.6635561128911,597.9395751969753
1776135600,361.6635561128911,361.6635561128911,352.98042893158174,354.46840995342683,14392.793112851352
1776139200,354.46840995342683,356.90509698979116,353.8415942202255,356.1440933680607,31226.723468336535
1776142800,356.1440933680607,357.0067146335975,355.5679948384655,356.5833809630491,14832.617843805128
1776146400,356.5833809630491,357.0210196590601,354.9977331049863,356.30191308078935,56071.33563797466
1776150000,356.30191308078935,358.8482001696643,356.30191308078935,358.1101365450239,46620.61404269906
1776153600,358.1101365450239,359.63225033262376,357.80518341533474,359.24001298588865,50635.75702042495
1776157200,359.24001298588865,359.24001298588865,357.59633164798964,358.09688082877835,40537.474874218424
1776160800,358.09688082877835,358.7710267382222,356.85174002384906,358.4275388015563,8592.282481474955
1776164400,358.4275388015563,359.83092466769244,357.9365807853231,358.48267327043743,4394.013334208484
1776168000,358.48267327043743,358.9817438092746,357.82662396777357,358.19404482170654,8579.481143858768
1776171600,358.19404482170654,359.8156257757184,355.8025736491597,359.02801186610077,200045.7709248171
1776175200,359.02801186610077,365.5784291891654,357.594360764862,363.3024634700314,81183.07844937073
1776178800,363.3024634700314,365.94259414770175,361.15870361056915,365.8492604093903,69342.28779269417
1776182400,365.8492604093903,366.84929244445897,363.73897956899606,364.17929196945295,58025.47359032837
1776186000,364.17929196945295,366.1572145494049,363.7707729612592,363.8622888135287,19057.592874336337
1776189600,363.8622888135287,364.4589805956803,362.554789316524,363.8719273047013,27519.905354653085
1776193200,363.8719273047013,365.0691147308473,358.32148664996635,363.4651765547699,195457.56633009942
1776196800,363.4651765547699,365.1568657612938,363.0139385861632,364.71649066635945,29931.112642698332
1776200400,364.71649066635945,364.71649066635945,363.4064824669073,363.59928506007816,1008.0288810527172
1776204000,363.59928506007816,365.1761594663819,363.2730780818516,363.8536513453353,736.9536813329363
1776207600,363.8536513453353,365.6483196240896,363.8536513453353,365.6483196240896,16811.272222355525
1776211200,365.6483196240896,366.75573498961825,364.8726902312231,365.4720172781495,21948.401566209137
1776214800,365.4720172781495,371.47932984990274,365.4720172781495,368.030815854729,10960.287854583035
1776218400,368.030815854729,368.7956574045348,365.52008262586054,365.52008262586054,33373.06277568869
1776222000,365.52008262586054,368.7865291065768,365.52008262586054,368.4109623811833,38917.65572388163
1776225600,368.4109623811833,368.4109623811833,366.48248263482606,366.9612831205007,22864.28647516708
1776229200,366.9612831205007,367.5555793499378,365.208278082344,365.80184778128125,30391.80616145796
1776232800,365.80184778128125,367.0619275602951,365.80184778128125,365.89719444726313,9417.371981826196
1776236400,365.89719444726313,367.0936279668051,364.80073098110347,364.80073098110347,6693.6224648037505
1776240000,364.80073098110347,367.90451226577574,364.80073098110347,367.78527035308883,19882.798697165195
1776243600,367.78527035308883,367.83015199739896,365.3012749793273,365.3012749793273,29441.812142851617
1776247200,365.3012749793273,367.1368013099441,364.1646676070305,365.39887259026057,31922.0879680252
1776250800,365.39887259026057,367.4434353085837,364.80907474570364,367.4434353085837,17332.896788814738
1776254400,367.4434353085837,367.4945733858463,366.3023414368494,367.4945733858463,9266.903930449529
1776258000,367.4945733858463,371.11253485633875,364.3173753910363,371.11253485633875,162952.7168313497
1776261600,371.11253485633875,380.94797442133273,369.7901804215915,380.20886911941693,195170.80934113514
1776265200,380.20886911941693,393.1056778415553,379.3667588373987,391.71604791827076,115782.73461757357
1776268800,391.71604791827076,393.5714092212828,386.62820709616926,387.38513807599816,99094.06212555328
1776272400,387.38513807599816,389.30294324520656,385.44915788958565,388.00225457228674,83779.68273481134
1776276000,388.00225457228674,390.74537668128676,387.1603409614025,389.4325810160414,35249.37858107969
1776279600,389.4325810160414,394.6444264558998,389.02882768327606,392.11097906174325,71493.77590440372
1776283200,392.11097906174325,394.2339429173204,391.4868803334778,392.00342679561805,14249.522740968474
1776286800,392.00342679561805,393.31158907824664,391.19789902671965,391.8455136667401,6830.638832782127
1776290400,391.8455136667401,393.9067793599228,390.62610933572734,393.49651159021676,8064.4667239631235
1776294000,393.49651159021676,394.56775420721556,392.0362130339764,392.343523133522,4092.3148941340305
1776297600,392.343523133522,395.95097382148646,392.343523133522,395.3907808447053,22826.50938252214
1776301200,395.3907808447053,396.28629217361583,394.2874443853642,396.0624286809689,9140.790066378677
1776304800,396.0624286809689,396.6081454926538,393.9150564848256,394.39543621407097,50343.425501190366
1776308400,394.39543621407097,395.4891341275103,393.28561817196055,395.45921427274806,6846.55788596034
1776312000,395.45921427274806,396.3681286206075,394.14699610585194,394.54886786043966,9202.52288364214
1776315600,394.54886786043966,396.6918916943441,393.51274007114995,394.85332111087376,18175.097417283167
1776319200,394.85332111087376,395.8300532019132,393.2462602140839,394.6660819093555,6947.461692426858
1776322800,394.6660819093555,397.89610879791945,394.6660819093555,397.2871775647668,12725.144500727649
1776326400,397.2871775647668,399.3031733075075,396.793313006455,397.26104231470595,28933.855462823547
1776330000,397.26104231470595,397.96279170892655,393.4796150463834,396.0160067190463,66455.85275600414
1776333600,396.0160067190463,397.93291308568655,393.4987605006939,395.3464875494731,41314.71109411472
1776337200,395.3464875494731,396.36401782303983,394.612088889265,395.8979912314478,15763.07450704066
1776340800,395.8979912314478,395.8979912314478,393.5191100000205,394.1011731444458,17971.83668472613
1776344400,394.1011731444458,394.70286974001255,381.04576564107145,382.3016220192093,185566.6924650923
1776348000,382.3016220192093,389.27879237981483,381.35021589574643,383.9024307117326,102481.98672233097
1776351600,383.9024307117326,390.6353053799546,383.7408433227372,388.6097850632651,91427.2378371278
1776355200,388.6097850632651,391.5998680340818,387.35853734533606,387.58759634954555,40357.23963590138
1776358800,387.58759634954555,389.07668680701386,386.4769221234067,388.22358669932396,41898.21353634422
1776362400,388.22358669932396,389.3084951673873,385.09444029652815,387.68117710921587,42606.90953274983
1776366000,387.68117710921587,389.4679301350176,386.57136179464345,389.4679301350176,20425.67904542594
1776369600,389.4679301350176,390.1144462967739,386.91213003678683,389.06460683026546,14308.838137973415
1776373200,389.06460683026546,389.06460683026546,387.3092198650711,387.4660632911011,10732.597378169201
1776376800,387.4660632911011,389.04332190880154,385.748410045299,387.421701554351,36413.54877046594
1776380400,387.421701554351,389.2241023575029,386.8174938607671,388.12190946955474,6048.281298474957
1776384000,388.12190946955474,389.3478655286028,386.20472025212376,386.8987420847586,24232.23208542692
1776387600,386.8987420847586,388.6514102899921,385.6833480591281,386.62232820597694,16913.64634119105
1776391200,386.62232820597694,388.05259279247156,385.68877476361183,385.99614495624064,26611.601731205774
1776394800,385.99614495624064,386.42900076889015,384.6407817233009,385.7481891597005,12690.49837816371
1776398400,385.7481891597005,386.99233669857404,385.7481891597005,386.3180502055221,12669.859327721499
1776402000,386.3180502055221,387.3399707604507,385.1771966407119,386.807013424972,12290.324122202279
1776405600,386.807013424972,388.2108356740739,385.73045161895493,385.73045161895493,14584.17583663965
1776409200,385.73045161895493,388.7558317346884,385.73045161895493,387.27974851599515,8406.122113371342
1776412800,387.27974851599515,389.86978132885645,387.27974851599515,389.5441166312869,12162.624463953836
1776416400,389.5441166312869,391.29750756997106,388.5593350499749,389.40832403402095,17613.485169638716
1776420000,389.40832403402095,391.5645284851827,388.5461122137239,390.0343042980999,8541.665664857475
1776423600,390.0343042980999,393.2268748604938,388.75487443794,391.7555888914654,28800.376854778304
1776427200,391.7555888914654,396.22225395131017,390.9398419971481,395.6681440335973,33375.122050082675
1776430800,395.6681440335973,398.29831167569824,391.2114186845748,393.00447192676404,209185.01592132467
1776434400,393.00447192676404,405.979627488583,391.83367136423726,405.7829824358296,158017.75069998097
1776438000,405.7829824358296,408.9252505560623,403.3914524885352,406.26682399186103,102233.3621532708
1776441600,406.26682399186103,407.9987347061538,405.0424536384949,405.8878293827509,50716.63145012818
1776445200,405.8878293827509,407.32347228094557,400.06599730663515,401.65705507297616,64393.203787613966
1776448800,401.65705507297616,402.86003303276254,399.39901691185406,400.36920711185917,58330.25350559994
1776452400,400.36920711185917,402.73209998811706,399.9138788829367,401.3188342943125,49536.44764319204
1776456000,401.3188342943125,402.0728918631525,399.7130123656711,400.4245289426104,14184.75478990345
1776459600,400.4245289426104,401.7393791358422,399.23861237534646,401.7393791358422,2532.166817103382
1776463200,401.7393791358422,401.7393791358422,400.1848991116908,401.59611989245275,1822.933529615044
1776466800,401.59611989245275,402.3198732197348,400.9476054405408,400.9476054405408,2183.398788241488
1776470400,400.9476054405408,402.0924010903887,398.2283729628779,399.69870099519835,20192.4762389791
1776474000,399.69870099519835,400.62673525863323,398.1735191859208,399.010869986913,25531.378320520784
1776477600,399.010869986913,402.31710976638317,398.73529363336115,400.62945708085766,8166.264519264579
1776481200,400.62945708085766,401.34526036878333,399.9604996692062,400.2105663088502,9504.661005089634
1776484800,400.2105663088502,400.55951861243705,397.96332172882416,399.6328945342422,45773.44057254285
1776488400,399.6328945342422,401.0289433404675,398.9496667790654,399.7899538423598,5583.650481473564
1776492000,399.7899538423598,400.05566600560695,397.7187851454035,399.64368719312085,55680.70187460565
1776495600,399.64368719312085,400.60466508168406,398.3737914335807,398.736370760992,12088.618752414375
1776499200,398.736370760992,401.03376719219375,398.736370760992,398.7996818857132,29269.16011417739
1776502800,398.7996818857132,399.6639786680114,397.93857618992496,398.35921602999764,18375.83217034534
1776506400,398.35921602999764,400.03268494848015,397.87005109260485,398.611096316739,40446.88686201998
1776510000,398.611096316739,399.77836463234837,397.09696398225867,398.0717814109758,62586.23502080044
1776513600,398.0717814109758,399.0849648431433,395.3876191342814,398.07819620460606,25526.706162915852
1776517200,398.07819620460606,399.41878479049615,396.6144150907994,397.537234239544,49830.761276890094
1776520800,397.537234239544,399.4151009029483,397.01753738456625,398.06488009768117,49678.74549931798
1776524400,398.06488009768117,400.13738053690975,394.10582838722434,397.83260673468317,102252.10114976387
1776528000,397.83260673468317,398.76366682763694,395.30275585531297,397.47880699664154,72647.16746040582
1776531600,397.47880699664154,397.8600813302754,396.57133544782164,396.65992500771836,22832.23597275797
1776535200,396.65992500771836,398.05044346999335,394.6204197261927,395.6410220511167,42787.85199645146
1776538800,395.6410220511167,398.32567771704237,395.4808697625735,396.7965457825046,8865.500213109019
1776542400,396.7965457825046,398.6154904423835,395.88686243212675,397.07671254795036,16347.275732036007
1776546000,397.07671254795036,398.77758654288607,397.07671254795036,398.2076137981979,6324.937197896634
1776549600,398.2076137981979,398.8984684687295,396.769697644672,397.509002978115,7591.842638531748
1776553200,397.509002978115,397.91524098355114,396.3572897242276,397.50406240327754,5901.428756965163
1776556800,397.50406240327754,398.2526957948539,396.3815591597505,396.7049498081463,33277.219444886134
1776560400,396.7049498081463,398.17495310355855,396.330186418437,398.17495310355855,7616.8655550663225
1776564000,398.17495310355855,398.94647805296313,396.6071773537346,396.6071773537346,7204.881032750544
1776567600,396.6071773537346,397.88368906706927,396.24080131308244,396.6233501180227,8887.003495863288
1776571200,396.6233501180227,398.28530431883075,395.27400618502344,395.8964444458662,51017.15639399268
1776574800,395.8964444458662,397.7742584536825,395.46173259410796,397.7742584536825,26325.35446588866
1776578400,397.7742584536825,398.93027287037876,393.4190056131684,395.38186236259054,109043.98420163039
1776582000,395.38186236259054,397.33748968207453,393.75371439394024,394.6662558801573,61473.613964890756
1776585600,394.6662558801573,398.35138989495715,394.6662558801573,395.2175075000836,29932.770047029662
1776589200,395.2175075000836,397.1968127841542,394.7490015571998,396.7019843040164,42041.765692820605
1776592800,396.7019843040164,396.9041522268531,395.15312823101834,395.60459254657627,9477.060916663602
1776596400,395.60459254657627,396.7497204279478,393.48965766674274,394.98749178021745,7603.296496439157
1776600000,394.98749178021745,397.67958179332624,394.98749178021745,396.4964216922055,18655.015773293875
1776603600,396.4964216922055,398.96561063057794,396.46186314451836,398.04580506425003,6810.251004408088
1776607200,398.04580506425003,398.67344522434837,396.1165714392231,397.6353519464243,5628.0016018748
1776610800,397.6353519464243,399.84832169644426,396.52098999991443,397.85798080740767,35360.11995875767
1776614400,397.85798080740767,399.2856909218827,396.444354766714,397.2355282383861,47359.63863572296
1776618000,397.2355282383861,398.5658049680131,395.51261838754243,396.9381240769392,21279.01228396788
1776621600,396.9381240769392,397.410639561964,394.652529334267,396.6426617119453,16658.726666945757
1776625200,396.6426617119453,397.3705610190666,395.3300006745232,397.3705610190666,814.3370665406866
1776628800,397.3705610190666,397.3705610190666,395.1340421479784,395.37472276720524,20956.528285108227
1776632400,395.37472276720524,396.0214168990798,394.1739094392819,395.5512979135388,4680.718905606707
1776636000,395.5512979135388,397.40721038806134,393.83477695116414,395.4730974288535,97677.33043849147
1776639600,395.4730974288535,397.02699080633903,394.85914245540283,395.5431344101863,7600.101462797152
1776643200,395.5431344101863,398.0663070624498,393.8224485317293,396.7392886068275,76709.88757114338
1776646800,396.7392886068275,398.5159318732389,396.52456066256383,398.1964632857424,20898.395527603603
1776650400,398.1964632857424,399.04571023234706,395.92236648641875,396.83962003986505,6327.058398554538
1776654000,396.83962003986505,397.1538098059373,394.96001974590234,396.1256867260655,14950.65661957939
1776657600,396.1256867260655,397.66839412726864,394.6618025925127,395.6727731017882,25986.9055946624
1776661200,395.6727731017882,396.6105130320678,394.61778711682877,395.38648924956084,21506.19927453756
1776664800,395.38648924956084,399.7855943556654,393.8305321084601,397.8484405434449,19099.6833453779
1776668400,397.8484405434449,401.07183542881404,396.6650440920083,397.6105593875759,43906.64388415774
1776672000,397.6105593875759,398.32509850993847,395.6273628485036,397.7085341555619,21501.97748578467
1776675600,397.7085341555619,398.12740939981654,396.24080432471,397.6204761293759,14737.315342965283
1776679200,397.6204761293759,399.1120082423426,397.35872535727543,398.99093443119256,12581.639398837695
1776682800,398.99093443119256,398.99093443119256,396.25776393113216,397.3539411159094,13590.801942324073
1776686400,397.3539411159094,399.6767395021495,396.5538161953628,398.37274182300644,32964.85421779586
1776690000,398.37274182300644,406.20038704570436,395.0610518971463,395.30121642210753,279091.48492659006
1776693600,395.30121642210753,396.7302656068565,389.9124394459985,390.77692056334837,123327.1160564916
1776697200,390.77692056334837,393.35820949691606,389.24725930491024,390.7798039921708,59059.23619791563
1776700800,390.7798039921708,393.22021014719326,390.7798039921708,391.8340109311009,39475.02960431489
1776704400,391.8340109311009,393.9819570692429,390.7030704409016,393.25971230113316,27244.399039156422
1776708000,393.25971230113316,394.27427348451124,390.49164220342436,392.6382426868506,25448.534220483965
1776711600,392.6382426868506,393.5306707314953,389.7682627925353,393.33044214720076,24888.190612516228
1776715200,393.33044214720076,394.15838032627835,390.9519838298476,391.59620527995025,8847.656333830451
1776718800,391.59620527995025,393.1514383950162,391.59620527995025,393.1365840859242,1235.2197671041372
1776722400,393.1365840859242,393.8199850950094,392.0230096099745,392.95462259776355,377.91767075539474
1776726000,392.95462259776355,393.89272969871917,392.2010807513161,392.71466153709133,6546.938451166924
1776729600,392.71466153709133,394.98011654647183,391.8346058135034,394.98011654647183,13461.613234533768
1776733200,394.98011654647183,394.98011654647183,392.187041179117,393.87137037651604,1117.5949460688203
1776736800,393.87137037651604,394.3601669685767,392.14261263154816,393.9097350756095,3983.508046829373
1776740400,393.9097350756095,395.278678796837,391.5875183065815,394.3288982944429,644.8412831580516
1776744000,394.3288982944429,394.6413586743611,392.01380278075334,393.2384374441575,26493.598127027748
1776747600,393.2384374441575,394.87112004255056,393.2384374441575,394.87112004255056,4722.151481587353
1776751200,394.87112004255056,394.95215427679,393.27117084720777,394.64194686594817,2094.0703428010847
1776754800,394.64194686594817,394.99675364986996,393.2979273456825,393.8095440908661,8805.739605966966
1776758400,393.8095440908661,395.79925158860965,393.37045298794413,394.8974828281874,18152.741358216455
1776762000,394.8974828281874,395.295785534118,393.3867123932243,393.96157284037463,3981.235997262351
1776765600,393.96157284037463,395.01068160986637,393.36382357830064,395.01068160986637,10814.627757136544
1776769200,395.01068160986637,396.3309207185506,394.8852339979779,396.06331306602493,5501.326682238957
1776772800,396.06331306602493,397.30888603042257,394.24099941373964,394.380583542571,15364.61574814572
1776776400,394.380583542571,395.47115017486846,389.95146461090764,391.76221968776423,100674.10343637271
1776780000,391.76221968776423,393.31350028257464,390.37964524144985,390.98655562258523,99690.36804318093
1776783600,390.98655562258523,392.00386754462414,388.0442972042722,388.8229043426224,111416.42364977626
1776787200,388.8229043426224,390.3968402247895,387.85837162903215,388.81842348304076,39970.93594453008
1776790800,388.81842348304076,390.3716407172183,385.1479881994593,388.71426750000984,55969.70638305822
1776794400,388.71426750000984,390.2822828018374,387.8917393672485,388.89415456520334,45364.007406221426
1776798000,388.89415456520334,390.66896921806364,386.0270394006073,386.09956418448195,64758.89329711731
1776801600,386.09956418448195,390.2047898521129,384.4508643718569,389.0720390771386,52591.57384538261
1776805200,389.0720390771386,389.85834348901074,388.83197688282513,389.2524224669318,4401.3381109028705
1776808800,389.2524224669318,390.7448605944638,386.1734005248719,390.7448605944638,3601.26900291788
1776812400,390.7448605944638,390.7448605944638,388.19932099209075,389.11720311517587,3447.4702041280516
1776816000,389.11720311517587,391.3722994541766,388.7781867093221,391.3722994541766,47988.596328533335
1776819600,391.3722994541766,391.3722994541766,389.0408052335942,390.39583980822437,15791.518666178468
1776823200,390.39583980822437,391.85628681748926,388.79065094755606,391.4250962357961,3594.8153773829135
1776826800,391.4250962357961,391.712025807437,389.2682225950826,391.0093408376749,2497.620684280961
1776830400,391.0093408376749,391.0093408376749,389.28123246205115,389.28123246205115,2483.474426229461
1776834000,389.28123246205115,390.768209150331,388.8973270316646,389.7011437841926,18827.16165859061
1776837600,389.7011437841926,390.96112262586837,389.16001637852594,390.32791220742314,4031.602472154177
1776841200,390.32791220742314,391.65916505008204,388.7835138645935,390.19825683546327,5682.579283130431
1776844800,390.19825683546327,397.36889689459787,388.42380606385683,389.8326038974224,19012.031408837687
1776848400,389.8326038974224,391.2431256883332,388.51385568965344,390.6205401662551,5675.565377340328
1776852000,390.6205401662551,390.6205401662551,389.24058524290564,390.28906963846964,4055.3410404976594
1776855600,390.28906963846964,390.28906963846964,388.6592338400776,389.852580482322,11104.722183015218
1776859200,389.852580482322,390.3462238964715,387.5580700492826,389.13508280952396,26342.824570871617
1776862800,389.13508280952396,392.11691846103855,386.4632185718146,391.0159518079696,177752.51080447872
1776866400,391.0159518079696,393.25624096303375,390.10247368695843,390.39628288015376,71982.9393503058
1776870000,390.39628288015376,392.4698172265336,389.8622548528466,392.18859540763657,47186.32165265337
1776873600,392.18859540763657,392.18859540763657,389.60602708511493,389.60602708511493,21711.648466539176
1776877200,389.60602708511493,390.7445161415113,388.5210085178443,389.02420289283015,34914.19898905756
1776880800,389.02420289283015,389.4181575946879,387.44797245589405,388.7965574980271,13085.6408106412
1776884400,388.7965574980271,390.57663497686235,387.44910620852204,388.37206656919767,55136.883358125466
1776888000,388.37206656919767,406.153442353118,387.9412389240061,404.0455409813856,417859.5294477497
1776891600,404.0455409813856,404.3593218278934,385.9130974503968,386.229372857638,310101.2806567308
1776895200,386.229372857638,390.7681650297264,378.6700632592841,383.26318832907384,273920.12471211486
1776898800,383.26318832907384,388.7530069233846,383.05607679130947,386.860869790253,218440.60449975383
1776902400,386.860869790253,388.02461865176394,382.34395309831405,385.6915564094558,82424.18838025894
1776906000,385.6915564094558,385.6915564094558,381.84690311360225,382.52318268561686,22392.49007882341
1776909600,382.52318268561686,383.47746147291485,380.9701991932157,382.0836769940805,28356.296408027483
1776913200,382.0836769940805,382.57101787225224,378.1847627647127,378.9801139135119,27297.47244449742
1776916800,378.9801139135119,379.89478865214016,378.3166583911508,378.39015545784196,9894.469202437389
1776920400,378.39015545784196,382.2886870649873,378.39015545784196,380.38251628647214,20345.75820228547
1776924000,380.38251628647214,385.0601830152459,378.6136989078083,379.51195979131194,11320.596971230543
1776927600,379.51195979131194,380.9644372347383,378.81442239673714,380.95398011972924,28855.83743435179
1776931200,380.95398011972924,381.5767147976547,376.37323908181634,377.3307625702585,59733.93924155337
1776934800,377.3307625702585,377.89309312140017,375.11516843133546,375.8536431223073,53823.178418049094
1776938400,375.8536431223073,376.36738953814046,372.6573396832457,375.8181289003772,49614.86767297344
1776942000,375.8181289003772,377.28959087160297,374.1319238441112,376.5391884812723,67716.55420931209
1776945600,376.5391884812723,376.5391884812723,374.1301002998971,375.5498683905525,55442.76919210042
1776949200,375.5498683905525,384.6715270193022,371.4810819520154,372.34835228247965,688271.4271073375
1776952800,372.34835228247965,376.18622748044345,368.1868669185187,375.40739017529313,209727.69718769533
1776956400,375.40739017529313,380.7766944193716,375.0899637570582,380.4761846256668,64664.93002598572
1776960000,380.4761846256668,381.87237539829175,376.79701515099345,377.3700782270299,98412.08984835992
1776963600,377.3700782270299,377.98157405194513,370.2537177714147,373.2271916165931,152888.85598601357
1776967200,373.2271916165931,375.67489902036203,372.69224622967556,373.25207273072425,58676.53242641939
1776970800,373.25207273072425,375.35215303598187,372.53779659272595,373.7923134058642,39937.93147133941
1776974400,373.7923134058642,374.8836001466432,371.19429105569196,373.31481779528934,43004.279359815395
1776978000,373.31481779528934,374.14362521321436,372.0745573973093,372.9469243968171,5367.422749389885
1776981600,372.9469243968171,374.8804130968559,372.56268788891066,374.1011881097868,3345.7012104031137
1776985200,374.1011881097868,374.8467991415585,372.4948256256073,374.45090619787794,3698.2975413862305
1776988800,374.45090619787794,376.95698422971634,372.91231740830864,376.95698422971634,29129.420498707437
1776992400,376.95698422971634,377.7434852212098,374.307740019902,374.6194817183207,8324.420857470102
1776996000,374.6194817183207,375.5656452751007,373.6381677398961,374.75382301416784,7341.573670213647
1776999600,374.75382301416784,375.1263851681828,372.3194921178756,372.7724048340583,8934.445701890963
1777003200,372.7724048340583,375.0975932119188,372.48336375168526,373.6045348451358,26618.490144725816
1777006800,373.6045348451358,375.1061931249282,372.98796490630286,374.47082890813124,12299.754448001724
1777010400,374.47082890813124,375.58849083547756,374.28878946365677,375.0029219710946,4829.868477046798
1777014000,375.0029219710946,376.6216348452192,374.2691725413878,375.8868465289553,9700.749698765583
1777017600,375.8868465289553,379.13949630653246,374.5229739931185,377.50969631793566,47794.66011642609
1777021200,377.50969631793566,377.8025441769125,374.38099038946484,375.0235654175446,31521.75004720665
1777024800,375.0235654175446,376.77750001063373,374.9504598274768,375.4894977997376,24283.127800364717
1777028400,375.4894977997376,377.9753580960864,375.24183506290757,376.6058938188221,26885.428549799733
1777032000,376.6058938188221,377.74025227925904,375.3085870587243,375.4702107708481,54838.85011337632
1777035600,375.4702107708481,382.9708194090067,372.6652005146555,375.24328057904694,933370.7151578818
1777039200,375.24328057904694,378.10343117961287,372.28463569953226,377.1680902378721,258613.38979513364
1777042800,377.1680902378721,377.50101033500033,373.3517699016864,374.52595443756786,128947.21207516472
1777046400,374.52595443756786,376.2223247146184,373.02767796389566,374.20407354987026,79920.76847216398
1777050000,374.20407354987026,377.09873403628677,373.41470372852524,375.7288074704274,91510.27998400418
1777053600,375.7288074704274,377.2043649476528,374.5898791413196,376.58805180914595,42483.415987917084
1777057200,376.58805180914595,378.0474287519518,374.83830782610653,376.01877638009046,79211.31147382405
1777060800,376.01877638009046,376.58834562753077,374.24752198055717,374.3148433121086,77967.41037834753
1777064400,374.3148433121086,376.4288765971377,374.3148433121086,374.73868834891744,28300.54834065064
1777068000,374.73868834891744,376.5755928345157,374.73868834891744,375.57050808853154,27761.926700391487
1777071600,375.57050808853154,375.57050808853154,375.13873218828564,375.2768989461842,2427.7203594013613
1777075200,375.2768989461842,375.586975643328,373.98140169991115,374.29760090360764,7305.870938169442
1777078800,374.29760090360764,375.2144762571844,373.3322443682044,374.0890198582282,4239.45418039203
1777082400,374.0890198582282,375.6562916314991,373.23366680990716,374.41864526632725,5399.842424551257
1777086000,374.41864526632725,376.6461719078896,374.41864526632725,374.9355460837861,31184.295206734998
1777089600,374.9355460837861,375.83416187533794,373.9376861271067,375.70936508136435,28803.76105338521
1777093200,375.70936508136435,375.70936508136435,373.9862745506454,374.7517675580387,8521.64085884708
1777096800,374.7517675580387,375.11901845233734,373.7190259426249,373.7809602755555,5716.383779556542
1777100400,373.7809602755555,375.01742505098485,373.7809602755555,374.4008263977424,868.9855254886716
1777104000,374.4008263977424,375.78881913435094,373.5699257535955,374.3153730327409,3812.9487864896487
1777107600,374.3153730327409,374.52685245285886,373.4013493446808,373.6126282455964,3810.5205913478358
1777111200,373.6126282455964,374.67221185584316,373.6126282455964,374.67221185584316,1430.8377501860639
1777114800,374.67221185584316,375.2367080540528,373.82859435958164,374.6009417041891,9499.914781432693
1777118400,374.6009417041891,375.26383600126735,373.25250011367746,373.25250011367746,1757.0671183043844
1777122000,373.25250011367746,377.27596686002744,372.8736530662868,374.0752959451377,1114.945181036765
1777125600,374.0752959451377,374.8770726318446,373.43991532369415,373.8124455557755,3897.2590181015285
1777129200,373.8124455557755,374.93510349096323,373.70095212613137,374.31595146620623,3113.6897427566805
1777132800,374.31595146620623,375.15622740415523,373.9461600959123,374.2083803515538,4025.610318880795
1777136400,374.2083803515538,374.2083803515538,373.2328163800613,373.2328163800613,1398.79600589402
1777140000,373.2328163800613,373.6112465818298,373.2328163800613,373.6112465818298,5.367874529714303
1777143600,373.6112465818298,374.25397736700086,373.49047805749234,373.49047805749234,18163.992199352877
1777147200,373.49047805749234,373.9659975134981,373.02440995832677,373.02440995832677,2305.802528667424
1777150800,373.02440995832677,375.06068466031195,373.02440995832677,374.192884335574,3389.895614742118
1777154400,374.192884335574,374.29697460679336,374.0980285243681,374.0980285243681,433.48363247528795
1777158000,374.0980285243681,374.5979975372899,373.9793020465037,374.0948281475322,302.735540997482
1777165200,374.0948281475322,374.3886199291727,373.8023227209085,373.8023227209085,34.3627953953021
1777168800,373.8023227209085,374.71150381287754,373.5886015749301,374.1804609962967,6370.52129163336
1777172400,374.1804609962967,375.8870795735313,373.5633711069087,374.3278745947883,14816.179555022309
1777176000,374.3278745947883,374.9100379004501,373.27939429606135,374.75487914997814,4398.511502041844
1777179600,374.75487914997814,375.4533257618286,373.70958104997,374.7205331145106,23563.51419716411
1777183200,374.7205331145106,375.1428143049945,373.53570901184753,374.4577808056295,12072.421276950357
1777186800,374.4577808056295,374.7996656913695,373.2685559134121,373.51122857607567,7972.668704093786
1777190400,373.51122857607567,375.4753285644988,373.51122857607567,374.6908223821503,5091.648172403861
1777194000,374.6908223821503,375.2568218926801,373.6388951362914,374.86908251592035,6150.357101976141
1777197600,374.86908251592035,380.38705877015576,374.46488759165715,375.27894573540385,1739.4893745452232
1777201200,375.27894573540385,375.53345221857325,374.52015644508515,375.53345221857325,2654.0544742720003
1777204800,375.53345221857325,375.9295473665984,374.45604659774494,374.76441288129485,4014.831455789128
1777208400,374.76441288129485,375.73568082970615,374.5665802668226,374.7679209921527,3424.6149699892685
1777212000,374.7679209921527,375.3743440506461,374.35669879847796,375.3728785240717,5303.294060642474
1777215600,375.3728785240717,375.3728785240717,374.77511463272305,375.3643959565743,1524.0188715812023
1777219200,375.3643959565743,375.38719943895603,374.19174702411016,375.2647977266425,4742.0370581879215
1777222800,375.2647977266425,376.1633654192105,374.39984427751045,375.3969716249595,4552.707062048068
1777226400,375.3969716249595,376.3973858779526,374.51407044618566,375.4228527579264,4783.126714706221
1777230000,375.4228527579264,377.21718339813964,374.7947615545893,376.3509790395803,4839.184452547097
1777233600,376.3509790395803,378.4196275340448,375.3050136198821,377.06157452514896,15668.65227916657
1777237200,377.06157452514896,377.96975057600724,375.77731780710775,377.2332523168745,26506.986380212456
1777240800,377.2332523168745,378.07614147152213,373.70370948136645,376.03705581848254,30792.728193529685
1777244400,376.03705581848254,376.03705581848254,374.5615539230929,375.750175392502,3644.658794710819
1777248000,375.750175392502,376.780889261069,374.7956263679403,375.64065644205266,14484.881950281784
1777251600,375.64065644205266,377.62227059787733,375.0456500517156,377.3551356723671,21473.05552436513
1777255200,377.3551356723671,378.1570129134748,376.34174427738543,378.0372008748096,2534.7528497847297
1777258800,378.0372008748096,381.527528780152,376.90770745058194,381.527528780152,1812.283487140585
1777262400,381.527528780152,381.527528780152,377.57496697726776,377.6803903102605,3784.2223965729527
1777266000,377.6803903102605,377.8744418155316,375.37026046934744,375.4882391467747,19027.82937883239
1777269600,375.4882391467747,376.5884931362486,375.0158668857831,375.28382874114453,4163.5479838208485
1777273200,375.28382874114453,376.4832911611254,375.2575991608752,375.2575991608752,4114.187086428155
1777276800,375.2575991608752,376.2744435816056,374.1514338155074,374.4179617610342,8911.10627214635
1777280400,374.4179617610342,375.99118693513367,372.89858932396635,374.58524469114207,15967.649375069705
1777284000,374.58524469114207,376.09709063583506,374.58524469114207,376.09709063583506,1546.5638228875107
1777287600,376.09709063583506,376.09709063583506,373.6072554666743,373.6072554666743,8576.862140755195
1777291200,373.6072554666743,376.2916763536181,373.6072554666743,374.2716865108402,19832.00439805257
1777294800,374.2716865108402,376.43733990482997,365.36180681024945,365.57417800797276,422559.5339768686
1777298400,365.57417800797276,369.7251700621002,364.41093673733315,367.2540058886865,180772.79603848787
1777302000,367.2540058886865,367.7114050219533,363.8611127976096,367.5805407179844,89226.37886966429
1777305600,367.5805407179844,373.3618530343745,366.6619391278349,372.7661658848009,85197.61106041269
1777309200,372.7661658848009,380.21869969339576,372.3797849590024,379.1364926087182,145571.84904351685
1777312800,379.1364926087182,381.049480249341,377.0723174649052,377.8262040801734,76299.68846128628
1777316400,377.8262040801734,380.72764756101094,377.4360100219114,378.15588998751196,41414.92076624564
1777320000,378.15588998751196,379.194013439154,376.72262254440994,377.279093020912,17577.276708304216
1777323600,377.279093020912,379.16390577999886,377.279093020912,377.64921333762277,1964.0183797991558
1777327200,377.64921333762277,378.2970989309663,376.99393267523527,378.2970989309663,3743.4674485016753
1777330800,378.2970989309663,378.6295206551958,374.42091894478364,377.64084423143674,9119.440300603685
1777334400,377.64084423143674,379.7749430154016,376.8338486941177,377.75990664129944,10745.186775971002
1777338000,377.75990664129944,379.486415795717,375.27913405444986,376.09625936517625,25757.042817452828
1777341600,376.09625936517625,377.9609583686274,374.8968259023223,376.3554599908088,26350.79632602694
1777345200,376.3554599908088,377.3432408829917,375.54760684198646,375.87792286230297,18548.76745143967
1777348800,375.87792286230297,377.6540764628344,375.3343611922478,376.43501944610216,8131.337844132298
1777352400,376.43501944610216,377.0201623867925,375.114009785491,375.89016927635214,28723.949586032642
1777356000,375.89016927635214,376.50945042602035,374.5147130552761,374.86485957089127,3763.5231925396424
1777359600,374.86485957089127,376.3793140951292,374.5193702259037,375.046909268578,12870.813221897091
1777363200,375.046909268578,376.62170057109256,374.444575054395,376.1070395091172,23362.704469867498
1777366800,376.1070395091172,376.3075417034393,374.00449162178614,374.05268318779645,115386.51377027272
1777370400,374.05268318779645,375.2252740331084,373.48580075100455,375.143483661399,8873.40748849872
1777374000,375.143483661399,376.0051763498347,372.31566864549364,373.67994142928455,64277.31129086081
1777377600,373.67994142928455,374.99319269664676,371.5914484020181,374.0964515047895,35779.07248434692
1777381200,374.0964515047895,379.47234217320573,373.87109823285317,378.87215572915557,289524.80887652235
1777384800,378.87215572915557,382.09048399159366,373.50994932165474,374.83553844127437,191954.36675360537
1777388400,374.83553844127437,378.18504940225455,373.7533748873834,375.0115340949397,64591.82216419122
1777392000,375.0115340949397,376.9177861126832,374.2112672376316,375.79120975993027,63250.00839430057
1777395600,375.79120975993027,376.8118646640473,374.9827869666084,376.8118646640473,21166.39985241547
1777399200,376.8118646640473,379.34620648827877,376.46080463620996,378.63323067765646,41809.99620915283
1777402800,378.63323067765646,379.10602543816185,375.46137608914995,376.10237805057346,28236.422477778066
1777406400,376.10237805057346,377.8647929270014,374.3503516850126,376.2837966031795,28285.449822232455
1777410000,376.2837966031795,378.8481219523262,375.9668700174831,377.42274449145833,26774.250015764745
1777413600,377.42274449145833,378.7137815710861,375.82510462887114,377.9526984814056,3145.967637201322
1777417200,377.9526984814056,377.9526984814056,376.2883503206682,377.64383289804266,6425.098065317584
1777420800,377.64383289804266,378.29788710801733,377.2364863321314,377.9422254153306,4341.611142753313
1777424400,377.9422254153306,379.74150573976243,376.24905591862654,376.95519859366306,18489.185674586734
1777428000,376.95519859366306,376.95519859366306,376.28315998482236,376.4392926850135,739.3084737485857
1777431600,376.4392926850135,377.9446046232143,376.4392926850135,377.2956469050149,15116.542187564637
1777435200,377.2956469050149,378.4335987544279,376.5601149132127,377.48199782109504,6159.155935086585
1777438800,377.48199782109504,378.87966301684554,377.2647096372103,378.3787308823714,4460.731409679663
1777442400,378.3787308823714,378.45039640765987,376.1456373016875,376.1456373016875,8972.180618467513
1777446000,376.1456373016875,376.88421637289485,375.6184666205269,376.1147208293962,7277.086053146853
1777449600,376.1147208293962,376.9824543381694,375.85496128462637,376.9824543381694,9586.637736688252
1777453200,376.9824543381694,377.6210532047355,375.81217687451027,377.60983600942285,8676.561830869367
1777456800,377.60983600942285,377.60983600942285,376.46512980923023,377.3383439059418,5440.50241298779
1777460400,377.3383439059418,378.3202016092602,376.59961366768283,377.6117263947168,10030.295682741395
1777464000,377.6117263947168,377.8347196393187,375.55846463179114,375.5988091137501,9879.078175761564
1777467600,375.5988091137501,377.5187266491393,369.8999897375144,373.89297447223896,181729.586377844
1777471200,373.89297447223896,376.8921791786865,371.53026958242714,372.2456564085636,120045.3777851433
1777474800,372.2456564085636,375.2168052677549,370.4963629021658,370.5670834016069,125092.49197315321
1777478400,370.5670834016069,374.1340005359516,370.50567177938734,372.2743255885889,73653.50529207248
1777482000,372.2743255885889,374.3121157526733,371.2458297921723,373.3124087727719,37082.48105822452
1777485600,373.3124087727719,374.0861185173544,370.0934779236128,372.9921539291824,122212.9957769071
1777489200,372.9921539291824,374.42023578677964,372.2101331795342,373.61508421011933,62073.22378753044
1777492800,373.61508421011933,374.2087041347828,370.97001787644155,371.21464116515307,56634.090301218865
1777496400,371.21464116515307,372.76527989163566,371.16553084682755,371.92865574926196,21399.28991892748
1777500000,371.92865574926196,373.45303948889506,371.2080270327895,373.45303948889506,35806.79404451754
1777503600,373.45303948889506,373.45303948889506,372.33960319566205,372.33960319566205,27.669041020096056
1777507200,372.33960319566205,375.103906049417,372.33960319566205,374.6286081421276,27412.561769007352
1777510800,374.6286081421276,376.264439837082,372.59558625698855,373.10400746677607,19382.93639471771
1777514400,373.10400746677607,374.0513740986538,370.4709723974396,371.264981435934,49769.996929404406
1777518000,371.264981435934,371.6902762747318,370.1843286863066,371.6902762747318,4760.301096258601
1777521600,371.6902762747318,372.9081801476925,369.19096196807175,369.19096196807175,34966.97848783987
1777525200,369.19096196807175,370.4744219478474,368.9911771745339,370.41973633623496,22492.433813587817
1777528800,370.41973633623496,370.7747348892328,367.0927169436783,370.4022491161748,24696.28329719066
1777532400,370.4022491161748,371.7708725618068,369.4711160597288,370.80177555064006,28581.541301207948
1777536000,370.80177555064006,372.7453389237451,370.7043741303385,371.5772722968325,22279.449283086877
1777539600,371.5772722968325,372.75891280836913,370.61367424254126,371.7007662119877,17065.438549995586
1777543200,371.7007662119877,372.98836881260644,371.7007662119877,372.3550394951439,7745.873033761426
1777546800,372.3550394951439,374.2932984249495,371.5516122454698,373.31206110845807,28403.922995975703
1777550400,373.31206110845807,374.5223201417285,371.87505704728477,373.5502073407406,23258.951056336664
1777554000,373.5502073407406,374.30786276687377,368.3683854941368,370.7863005002336,199382.31597464776
1777557600,370.7863005002336,375.3326208235764,368.9891754523548,375.3241938864756,228670.82753260573
1777561200,375.3241938864756,379.21872340818015,375.0076385650691,377.90580750457934,117862.88712096646
1777564800,377.90580750457934,380.66851498252163,377.3461578585372,377.3461578585372,74375.87714313662
1777568400,377.3461578585372,380.3306368545062,377.3461578585372,377.8180461602374,34393.78464323854
1777572000,377.8180461602374,382.29490482938866,377.8180461602374,381.31220263087624,59008.05063666211
1777575600,381.31220263087624,385.1711871531579,380.74491939726704,382.1820472037452,77798.04808659971
1777579200,382.1820472037452,382.1820472037452,379.6354984888354,380.5081647106148,12659.834745112672
1777582800,380.5081647106148,381.321398284339,380.26292970256156,381.1199931923336,6272.268777926382
1777586400,381.1199931923336,382.4478977634977,381.1199931923336,382.02777122793043,2594.3185593734306
1777590000,382.02777122793043,382.02777122793043,380.57209966758535,380.91092952435673,1098.5882173542016
1777593600,380.91092952435673,381.71362774318084,380.11535669842795,381.13991844003556,6117.502487757851
1777597200,381.13991844003556,382.14398399703003,381.0267904988126,381.0267904988126,14832.990222439177
1777600800,381.0267904988126,382.65386625332786,380.44392658085366,382.65386625332786,11521.59633007181
1777604400,382.65386625332786,383.01465549479025,380.2573629356687,382.5504963730872,29205.597893364236
1777608000,382.5504963730872,383.5294520262913,382.075336613246,382.28484841386984,7159.065337652254
1777611600,382.28484841386984,382.6068614953263,381.3791005852876,382.1508255312471,1948.871600527782
1777615200,382.1508255312471,382.50294756080217,380.9507045508806,380.9507045508806,7248.701117123386
1777618800,380.9507045508806,382.4357165973399,380.216121972647,380.3823998841977,999.3851926654065
1777622400,380.3823998841977,381.88404360436977,379.84189428698437,380.1041771457968,6264.276568464009
1777626000,380.1041771457968,381.84385886948434,379.70170647209653,381.28541361522326,2633.41405553076
1777629600,381.28541361522326,381.9092712427608,381.0314723455873,381.0868995028149,4573.586846277255
1777633200,381.0868995028149,381.765287497616,380.48917452916464,381.185473662908,7103.150252770618
1777636800,381.185473662908,387.0004439597047,381.185473662908,384.5619983904052,22846.517649205467
1777640400,384.5619983904052,386.8921079035525,380.39872158559143,382.8102138461061,230203.8935288637
1777644000,382.8102138461061,390.8993536722056,382.8102138461061,390.2415375412638,157955.46692259877
1777647600,390.2415375412638,395.8981489883694,389.9817515238532,392.923852207774,89797.3375993559
1777651200,392.923852207774,396.2011440362063,392.8364427026497,395.35711457807156,61132.694915801985
1777654800,395.35711457807156,397.24944855815477,393.26945859562295,396.01081465563954,30915.854142920885
1777658400,396.01081465563954,397.83022312523497,393.00363444224035,393.3610437561637,44688.738084128
1777662000,393.3610437561637,395.2294321294206,390.6669487584798,391.35598431519657,52193.909770702405
1777665600,391.35598431519657,393.351907142237,389.59119857387503,392.0180540395375,27666.182956081964
1777669200,392.0180540395375,392.1129917027262,390.37785897536116,391.92549501813045,9544.955994780023
1777672800,391.92549501813045,392.5592848263021,390.21454053840733,390.3229055695971,48978.05368074538
1777676400,390.3229055695971,390.5641081989485,390.2768121267614,390.5641081989485,1888.9574100649822
1777680000,390.5641081989485,391.9655645471742,336.67830003597015,389.9217497222545,20848.069918572226
1777683600,389.9217497222545,392.5528312199368,387.01044899548555,387.8684441303579,18386.010891618116
1777687200,387.8684441303579,392.3901759631844,387.8684441303579,390.65670675012495,4417.741198891712
1777690800,390.65670675012495,392.50761384356025,390.65670675012495,391.44688100147533,21992.858302714285
1777694400,391.44688100147533,393.44819236326316,390.5372029000968,393.44819236326316,2375.2169388736893
1777698000,393.44819236326316,393.44819236326316,390.9531788766195,391.5299732016033,20567.417418857003
1777701600,391.5299732016033,392.9071727540693,390.53196064322395,391.46692008222266,12568.333800477722
1777705200,391.46692008222266,392.3582998778835,391.37067135317585,392.2905466028437,40.99434419616622
1777708800,392.2905466028437,392.2905466028437,391.7768676438955,391.89714590066745,1359.779530198949
1777712400,391.89714590066745,391.9283502901622,390.919085918,391.56869878725104,6311.188005835463
1777716000,391.56869878725104,392.1764820475847,390.4584734419341,390.5513717859768,2447.63056049276
1777719600,390.5513717859768,392.1263758900164,390.5513717859768,391.77551941328085,626.6201366490587
1777723200,391.77551941328085,393.06841820202186,391.32788613562366,393.06841820202186,2064.457632599693
1777726800,393.06841820202186,393.06841820202186,390.2427882330521,390.59523232180925,18790.243716049725
1777730400,390.59523232180925,392.0253271552204,390.36055015876383,391.50099863020574,4901.1044448847015
1777734000,391.50099863020574,391.66500930990065,390.0668927160858,391.1386005501912,6868.569501063578
1777737600,391.1386005501912,391.61654719226823,390.8491133657921,390.9048395251232,435.03241350540446
1777741200,390.9048395251232,392.10189226873695,390.9048395251232,391.76998835699766,516.1336096083483
1777744800,391.76998835699766,391.76998835699766,390.9093288330631,391.3289962808756,976.1879590564856
1777748400,391.3289962808756,391.99466953493715,391.143694378369,391.8637796452837,3208.859821681029
1777752000,391.8637796452837,392.35936288203544,390.9402981192241,391.84750049285685,1961.225757094783
1777755600,391.84750049285685,392.74351706388535,391.19162856413806,391.37265453888483,3743.6640045114327
1777759200,391.37265453888483,392.67135857458703,391.37265453888483,392.41782417791734,1184.492144442407
1777762800,392.41782417791734,392.41782417791734,391.3735479150696,392.0569015759173,2117.888109242326
1777766400,392.0569015759173,392.882980233012,391.19160115009043,392.30206581913035,2967.577947676737
1777770000,392.30206581913035,393.4022630078757,391.90842354432965,391.95620027079605,7631.692972943864
1777773600,391.95620027079605,392.42454392435343,391.7692863962259,392.20975305621954,1696.484305288499
1777777200,392.20975305621954,393.7423663590808,391.718944901849,392.34407501927075,4847.210229249593
1777780800,392.34407501927075,393.1710687128361,392.34407501927075,392.8385209060619,45.108231129173284
1777784400,392.8385209060619,392.8385209060619,391.2820186876613,391.712574163952,5648.770361018392
1777788000,391.712574163952,392.69957557443706,391.53086778162447,391.9858851681275,3627.9721681793544
1777791600,391.9858851681275,392.9768454055878,391.2132283325947,392.1729760407152,1660.8514994946145
1777795200,392.1729760407152,393.0433302221124,391.5674953106447,391.68308136610756,3276.7471349849775
1777798800,391.68308136610756,392.31164090373284,391.33033643024527,391.33033643024527,1374.2750562774722
1777802400,391.33033643024527,393.18672348380125,391.33033643024527,393.18672348380125,373.9638945205767
1777806000,393.18672348380125,393.3046979120609,391.9353758697699,391.9353758697699,0.21592509601410367
1777809600,391.9353758697699,392.60267071704004,390.4669562419004,392.60267071704004,18139.929848347438
1777813200,392.60267071704004,392.6941852655698,391.03523354252627,391.1326223794693,9872.475931342286
1777816800,391.1326223794693,392.5038981159702,390.4802240558933,390.8645789914197,3385.7389269288774
1777820400,390.8645789914197,393.41470084540333,390.8645789914197,392.7106134535273,3557.017316974678
1777824000,392.7106134535273,393.44654175014114,391.9685575883735,391.9685575883735,3571.6558443386175
1777827600,391.9685575883735,394.47394981509586,391.8675394402299,393.1004039702736,11799.145837405942
1777831200,393.1004039702736,393.35374807012715,392.39748428992795,392.9224245170522,3335.833654304828
1777834800,392.9224245170522,393.8797213548693,392.4155612997931,393.2271014599065,14629.575565182704
1777838400,393.2271014599065,394.9500084711705,392.42612427771456,393.7260307813754,12616.095091381116
1777842000,393.7260307813754,396.0084589930259,393.7260307813754,395.41286763464626,20117.23678538625
1777845600,395.41286763464626,395.8318788895544,392.81935405403186,394.12143993496227,54911.41933705297
1777849200,394.12143993496227,394.7699527297295,392.6356893773749,393.44791248078656,17070.965811093356
1777852800,393.44791248078656,394.84712225944037,392.62809459768147,393.4747754473696,14247.943691745111
1777856400,393.4747754473696,394.3152161296135,392.51541615010177,393.55466709790034,5783.718931638529
1777860000,393.55466709790034,394.8908577950016,392.37419713780133,394.2304109074128,15913.445386720296
1777863600,394.2304109074128,394.7377549356807,392.72449807414193,393.264088752031,2524.7197436556485
1777867200,393.264088752031,395.10231889735616,392.33992258466213,394.0565110283909,10753.600180934798
1777870800,394.0565110283909,394.2123096564851,393.02431136122965,393.02431136122965,3825.7506645063636
1777874400,393.02431136122965,393.7058233937489,390.83892595611366,391.85408760363055,12776.259850119419
1777878000,391.85408760363055,392.9097611226765,391.85408760363055,392.5034525503909,7957.315404499581
1777881600,392.5034525503909,396.4350903513456,392.4303948603029,392.5311368403055,89853.95978996906
1777885200,392.5311368403055,393.2894330998946,391.38388499213136,392.53232552869355,9013.269129749104
1777888800,392.53232552869355,393.1693351186255,387.6333388140401,389.677005226511,63641.95191315034
1777892400,389.677005226511,392.23468484198315,388.2934764068794,390.2958368597673,47923.21831847156
1777896000,390.2958368597673,391.46319239689495,389.49714596941186,390.3787990612603,7441.274955210076
1777899600,390.3787990612603,394.39211299908663,387.30973980370624,391.9852698570922,159554.90058943632
1777903200,391.9852698570922,394.3996335467942,388.60785000099304,389.5968515467786,111143.99355786861
1777906800,389.5968515467786,391.33681441933,383.11988220341306,387.00467110246944,107800.67431854302
1777910400,387.00467110246944,390.51645035833565,385.5546468998531,390.34805131404113,51054.6132693855
1777914000,390.34805131404113,394.06601083195636,388.5075790188213,392.63356720415646,54144.87857480049
1777917600,392.63356720415646,393.3160102153251,391.15872419950335,393.2675738407773,30303.098211918183
1777921200,393.2675738407773,393.6569010343198,392.2752289278185,392.2752289278185,12668.39475022652
1777924800,392.2752289278185,393.1321060271735,391.19238301060074,391.9137467662963,3124.2538844155033
1777928400,391.9137467662963,392.1313311264814,390.88445306318033,392.00620607059534,1401.6804107595885
1777932000,392.00620607059534,393.5811777035553,391.4328449576237,392.1857029210549,5205.938701895808
1777935600,392.1857029210549,392.94374406499105,392.04750654460173,392.2759491813,1578.3006775246242
1777939200,392.2759491813,392.2759491813,391.35655069535613,391.7375644357586,1732.3348030430438
1777942800,391.7375644357586,392.67304240808784,390.9091170837921,391.1566697541913,7198.137252435922
1777946400,391.1566697541913,393.0944155826413,391.1566697541913,392.18766541188427,4645.467613394304
1777950000,392.18766541188427,392.31835505230293,391.64050554072145,391.643498085281,310.2788891436169
1777953600,391.643498085281,392.55634836557454,391.643498085281,392.55634836557454,7.496365944166554
1777957200,392.55634836557454,393.22965276772766,391.96107469296925,392.66253975020675,1936.8157773115229
1777960800,392.66253975020675,393.1372470790552,391.44136157090884,392.2802212016513,857.5224593265807
1777964400,392.2802212016513,392.66537641201916,392.2130501011285,392.61383130642463,3763.563869579554
1777968000,392.61383130642463,393.3877919277073,392.1182841154407,392.1182841154407,4869.641902018692
1777971600,392.1182841154407,394.1456885901483,392.1182841154407,394.0625203009084,5873.298683493598
1777975200,394.0625203009084,394.24290678147554,392.45241593247835,392.62113475691024,6170.621793624162
1777978800,392.62113475691024,393.59655509740327,392.32173112809505,393.59655509740327,6452.936310243695
1777982400,393.59655509740327,395.38067468787875,392.411324491176,394.5705965660708,17632.62071249882
1777986000,394.5705965660708,401.9299691747714,394.45858795773506,397.85928390996474,124192.62321241962
1777989600,397.85928390996474,402.5157541130785,391.52088178663496,393.48297200275573,105861.01381619489
1777993200,393.48297200275573,396.87893464531373,391.7480542097721,393.41556575121376,60644.1818653323
1777996800,393.41556575121376,394.6282996327234,389.6523650308987,392.4442560634714,76975.11513145837
1778000400,392.4442560634714,392.94645428754706,391.1441378102775,391.1441378102775,12787.837259057833
1778004000,391.1441378102775,392.89531628001004,389.6299842250801,390.90792887466506,141387.01897471238
1778007600,390.90792887466506,393.07506915528205,388.72640971738446,388.9845660798535,121152.15293935218
1778011200,388.9845660798535,389.74836248988623,386.96343642121235,389.46117403176845,65184.12514248002
1778014800,389.46117403176845,389.7641275461202,386.40326078522355,386.6482814321594,14614.557147372587
1778018400,386.6482814321594,388.2563016403011,385.40631362110634,388.2563016403011,39200.97426069405
1778022000,388.2563016403011,388.71450101244164,386.7298018129527,387.2452015101189,14249.352250130609
1778025600,387.2452015101189,388.6906753138522,386.0317914628418,386.83677835141174,32923.18660807173
1778029200,386.83677835141174,388.00309134875516,384.65981945365394,386.84424185512177,39270.86970138329
1778032800,386.84424185512177,387.9735796539491,384.35327281071534,386.55091639446044,4569.959166501877
1778036400,386.55091639446044,387.7446369998128,385.86596163442044,386.5300173415301,3963.7139352878885
1778040000,386.5300173415301,387.4599055013639,385.7690794009473,387.4599055013639,11262.354297279979
1778043600,387.4599055013639,390.0016786943014,385.45754695322756,386.89204665171104,16962.948824846295
1778047200,386.89204665171104,387.41055768457153,385.50707905747595,386.33412263846964,4158.565225872944
1778050800,386.33412263846964,393.7770643618402,386.3015877291101,386.75474846721147,9262.383809350411
1778054400,386.75474846721147,391.8304694293188,386.16571705909934,389.72597344402107,44520.556148367505
1778058000,389.72597344402107,390.93252108935565,386.5437769117841,389.389909778387,37192.08760882973
1778061600,389.389909778387,392.4211423024398,388.9340792290887,390.5098545454836,92479.62304720102
1778065200,390.5098545454836,393.88626091368997,390.18977104969696,390.18977104969696,74296.59222472429
1778068800,390.18977104969696,395.1039852237905,389.69391392505037,390.9110962582475,26479.033438101185
1778072400,390.9110962582475,391.38807449881017,384.26893008805393,389.15008993676224,190353.79261260876
1778076000,389.15008993676224,393.5588174138202,389.1401991089977,390.8522002214994,130211.06874636708
1778079600,390.8522002214994,395.3849393309458,390.7079421886779,393.7614127097584,80882.99028362386
1778083200,393.7614127097584,398.0057487311892,392.86303518352395,398.0057487311892,40765.80947955876
1778086800,398.0057487311892,400.05520210887585,396.6835270406892,397.81521322185523,51523.18083062004
1778090400,397.81521322185523,401.44977670050116,396.86424116850543,399.39582128470784,37915.607714758735
1778094000,399.39582128470784,401.438220992711,397.4373593954733,397.4373593954733,47151.93099144225
1778097600,397.4373593954733,398.18910053748596,397.0480332443716,397.6356819206463,10328.186367238832
1778101200,397.6356819206463,397.6356819206463,395.83718582161913,396.7556807516657,7912.499872100606
1778104800,396.7556807516657,398.18717332286536,396.4141688790467,396.752349864276,3475.9366625500784
1778108400,396.752349864276,397.4606424316516,396.2744672247704,396.2744672247704,375.5304890195847
1778112000,396.2744672247704,398.13161610170215,396.2744672247704,397.2197766399571,5156.467455187674
1778115600,397.2197766399571,397.6790051863535,395.89336869837604,397.6790051863535,7883.384807111196
1778119200,397.6790051863535,397.9652900682453,397.0489578282844,397.13873528989984,2434.3163017239044
1778122800,397.13873528989984,398.17025951105614,396.5535192767564,397.0406684691526,5201.144614938997
1778126400,397.0406684691526,397.69446590499393,396.84781944829257,397.41344767323676,3380.3688316614566
1778130000,397.41344767323676,398.3928507974576,396.94042502431694,398.0846378185822,2690.937766187102
1778133600,398.0846378185822,401.34317957575024,396.3324208084862,397.7670701836282,3337.4667629980204
1778137200,397.7670701836282,400.98375910467354,397.2446513060279,400.61191000364386,17468.880786007685
1778140800,399.7643397006026,402.1831967156086,397.72760049452535,400.38734835139303,39709.86163710958
1778144400,400.38734835139303,405.24455489930557,400.38734835139303,402.9542292032984,64292.76889580259
1778148000,402.9542292032984,406.02660471894626,402.0554571687719,404.82147725832755,30519.865552749696
1778151600,404.82147725832755,406.8622426261275,403.80402859024616,406.67008955082235,28922.545952469813
1778155200,406.67008955082235,406.67008955082235,404.33656414936496,405.7446678501929,9937.48399649291
1778158800,405.7446678501929,414.2704556956969,405.05975131144254,412.5424194785585,226303.03206519157
1778162400,412.5424194785585,416.1439210464136,409.2652751476397,411.6744913752863,144132.80947819012
1778166000,411.6744913752863,411.6744913752863,407.2927283056443,407.2927283056443,76077.35315246794
1778169600,407.2927283056443,409.36003352272013,403.0573606191108,408.605479916456,90971.35739367538
1778173200,408.605479916456,410.0359575555577,404.8825779283197,406.6401368685157,72474.8897367537
1778176800,406.6401368685157,409.2316333562991,402.3629908709664,403.92388053542186,85804.92632291933
1778180400,403.92388053542186,412.35110324569524,403.17210296112586,412.05889226055376,64990.56093717939
1778184000,412.05889226055376,413.87119158304375,410.3562983780621,411.26187357658165,49509.57510724013
1778187600,411.26187357658165,411.26187357658165,407.6688554452484,408.43900654192726,25346.21322793328
1778191200,408.43900654192726,410.5198071562906,407.8754034435255,408.4391791150101,23825.778628209548
1778194800,408.4391791150101,409.6024647279004,407.740061855055,407.774708700353,22879.87295199019
1778198400,407.774708700353,412.3166050768099,407.774708700353,412.2359802250015,19616.990750826782
1778202000,412.2359802250015,412.9837914007671,410.7607508923264,411.7369178300997,4778.878666092259
1778205600,411.7369178300997,413.293271814331,409.5366778298006,410.10298370700013,8237.82751088839
1778209200,410.10298370700013,413.1769942338267,409.7559672394034,412.23232854061246,11133.366294211612
1778212800,412.23232854061246,413.46580452897496,411.55102639054365,413.46580452897496,2557.241120917495
1778216400,413.46580452897496,413.46580452897496,412.19957798303466,412.6115199051984,1223.2879901791812
1778220000,412.6115199051984,413.2869021416416,411.11115719873067,411.6155215318874,8844.732442232007
1778223600,411.6155215318874,414.8750602033191,411.6155215318874,414.21956949680015,30291.474416152818
1778227200,414.21956949680015,415.86802804702023,412.6855308573813,415.86802804702023,23649.192804697777
1778230800,415.86802804702023,416.81735300035655,413.84860791036454,413.9697466957684,17584.466008624473
1778234400,413.9697466957684,415.46222408892555,413.5099638706841,414.76057392968147,22490.303000276796
1778238000,414.76057392968147,417.47930846424214,414.61038498120246,416.1638129891538,42606.09560272633
1778241600,416.1638129891538,418.65933107044964,414.2031977286651,416.77623325203217,32899.70868620881
1778245200,416.77623325203217,427.44398704596324,415.26727686975204,426.3156700477844,231780.27201953094
1778248800,426.3156700477844,428.84519277641033,422.5518604504987,426.82502538959335,145151.47342656038
1778252400,426.82502538959335,430.40824923951556,425.53865071246344,428.94007669736527,186880.90712168778
1778256000,428.94007669736527,430.1180160816118,426.2762638150711,426.76314457743354,349057.8595199411
1778259600,426.76314457743354,428.4325612938585,423.8021236998096,427.05204784442316,27255.412115186755
1778263200,427.05204784442316,429.10475128457625,425.7788476916622,426.97266481471263,39558.2257855679
1778266800,426.97266481471263,427.2767714667797,423.99840831700465,427.0928443826887,69810.99029741301
1778270400,427.0928443826887,428.6163725381797,426.72486800756917,427.9029828858682,14857.767140112908
1778274000,427.9029828858682,428.71739027245366,427.0151621836308,427.6345012338756,846.7885958653216
1778277600,427.6345012338756,427.6345012338756,426.66613073496416,427.55626127253834,3329.3578512166296
1778281200,427.55626127253834,429.09012531237795,427.55626127253834,428.0388443236346,2025.376862861281
1778284800,428.0388443236346,428.0388443236346,426.771367700561,428.0205108609189,1906.2394421562403
1778288400,428.0205108609189,429.6215602784075,426.63357459355404,428.4456502111861,3128.025454509447
1778292000,428.4456502111861,430.0010590860412,427.0888241178881,428.64755901321206,10303.754697805658
1778295600,428.64755901321206,428.64755901321206,427.12089427979066,427.12089427979066,2371.2111301628947
1778299200,427.12089427979066,429.3841509846282,426.6752328048559,428.4222879072851,7648.630850577438
1778302800,428.4222879072851,428.4222879072851,426.3790199401264,427.3427615414764,4986.579928788746
1778306400,427.3427615414764,429.0703162782641,427.1832518081666,429.0703162782641,10090.01784467088
1778310000,429.0703162782641,429.0703162782641,426.4870780129458,427.18381155379706,14350.8145368869
1778313600,427.18381155379706,428.31681017624965,427.18381155379706,428.1346242502428,3178.1373492320718
1778317200,428.1346242502428,429.3397122222508,427.09843985302825,428.75107455142415,27527.771873951184
1778320800,428.75107455142415,428.84981449598047,427.23072002911596,428.1887007140519,8843.320018553291
1778324400,428.1887007140519,431.42449729680345,427.6164278066899,428.9600368024638,88401.8123908106
1778328000,428.9600368024638,431.134015920716,428.0766747150849,428.68177071341313,43328.680858231106
1778331600,428.68177071341313,429.95059550207407,427.77420218094807,428.8127500292742,36441.244613309354
1778335200,428.8127500292742,429.9495799234962,427.87963284646275,428.8872577602217,7977.448101852594
1778338800,428.8872577602217,429.26337223030174,427.6743951074939,427.89532002632313,2820.165111258031
1778342400,427.89532002632313,428.9504154340608,427.21963092444713,428.5724353446779,262.26144099712394
1778346000,428.5724353446779,428.6806664711754,426.7131982383027,428.6806664711754,7537.880950596287
1778349600,428.6806664711754,428.6806664711754,426.9517451842453,427.7313354991848,5529.204248802325
1778353200,427.7313354991848,428.38497911276,427.5636102049294,428.1845879999328,1213.8608555763453
1778360400,428.1845879999328,428.44167189150073,426.5695613820917,428.44167189150073,5639.383788077567
1778364000,428.44167189150073,429.3941177425269,427.43870699677126,428.80607684096225,481.6016650898927
1778367600,428.80607684096225,429.8693026373891,428.11475028604974,428.1770736438794,1381.3496569357087
1778371200,428.1770736438794,428.9956743433743,427.7267795635807,428.9956743433743,1990.2713768066324
1778374800,428.9956743433743,429.03437631882457,428.78775633607444,428.78775633607444,26.31229522862496
1778378400,428.78775633607444,429.05174968522215,428.082872628725,429.05174968522215,1526.6438401205696
1778382000,429.05174968522215,429.05174968522215,427.01779397970716,427.01779397970716,653.7979445685899
1778385600,427.01779397970716,428.7950505571627,427.01779397970716,428.68513836538654,2438.656999061214
1778389200,428.68513836538654,428.68513836538654,427.9102714705865,427.9102714705865,0.21837544883958443
1778392800,427.9102714705865,429.177884618416,427.9102714705865,428.2731719368944,5317.22385611716
1778396400,428.2731719368944,428.8605779894734,428.2731719368944,428.8605779894734,49.87649005263123
1778400000,428.8605779894734,429.9585612633219,427.921235388703,428.32781922875836,6939.7678974178925
1778403600,428.32781922875836,430.11175799605417,426.75261800504217,429.55549399566394,8267.258097029799
1778407200,429.55549399566394,430.58919246716385,428.61960181337446,429.09825638264346,7287.531934304913
1778410800,429.09825638264346,429.09825638264346,427.6563887780882,428.6380676046795,1593.6865876285983
1778414400,428.6380676046795,430.292218761981,427.7243088122646,429.45720375284185,23943.994198839446
1778418000,429.45720375284185,430.5389476178241,428.31687088197685,429.4999645629418,3230.3155402081684
1778421600,429.4999645629418,429.4999645629418,427.8368473158318,428.07795282731706,5068.868462567347
1778425200,428.07795282731706,429.4096177323988,426.94385989796086,427.8184099516121,14921.277750113051
1778428800,427.8184099516121,430.1072615276827,427.8184099516121,429.27864095687175,1432.4003139329022
1778432400,429.27864095687175,432.5183521451835,428.4341943576391,429.51787642653886,8696.985478934686
1778436000,429.51787642653886,430.8254530256175,428.7321129840331,429.5529577480963,868.0733081112525
1778439600,429.5529577480963,430.6951313592524,428.1949365328014,429.9603814048074,5762.3628033966625
1778443200,429.9603814048074,430.37180859227834,425.55273178109746,426.68697642688755,39940.309939113125
1778446800,426.68697642688755,429.6421700370603,425.8398389475841,427.25741189334343,36988.70963149902
1778450400,427.25741189334343,428.08986112436344,424.9610618302432,426.8110440347333,6247.31108478968
1778454000,426.8110440347333,428.9120095465774,425.8057826341992,428.67115998029,9718.033320768795
1778457600,428.67115998029,431.4889845778911,426.4340958179625,427.3029250908982,67548.22540138535
1778461200,427.3029250908982,428.2356288925989,425.5003164638522,427.5293734639297,44675.1535638091
1778464800,427.5293734639297,428.39150769448463,425.9200414820746,427.1724557188133,15242.889154930894
1778468400,427.1724557188133,427.17804335635907,425.12717766962726,425.1512239237296,12160.550563542802
1778472000,425.1512239237296,426.91466225676845,424.8922941780159,425.7476314736438,3726.1101030842074
1778475600,425.7476314736438,426.8464523646294,424.00799001812754,425.92608224195743,29980.16305768703
1778479200,425.92608224195743,426.2865386645747,424.3874160726974,425.82760622871166,3819.390496077218
1778482800,425.82760622871166,427.06968325672995,425.6486034448551,425.732681587946,9123.80649161555
1778486400,425.732681587946,427.3576802459085,423.79028033427414,424.54502181867537,23888.3216293081
1778490000,424.54502181867537,425.00916031469853,422.33917092324765,422.3943228522894,27676.224733177794
1778493600,422.3943228522894,425.29510258067506,422.2382978292545,424.20377240145797,27817.169249510764
1778497200,424.20377240145797,426.34721017859425,424.20377240145797,424.9659808488342,40210.10014072622
1778500800,424.9659808488342,426.81110691130306,423.14743172421686,423.96386430244513,22290.942556869613
1778504400,423.96386430244513,425.5468671269932,418.5375582889267,421.31915945852757,185681.0764421019
1778508000,421.31915945852757,422.72085225780614,417.1675408468022,421.91727257316126,148337.76546374973
1778511600,421.91727257316126,441.53633584838735,421.91727257316126,436.9189871778898,294437.76982632146
1778515200,436.9189871778898,442.7680918801635,436.16830506138905,441.38247019528063,171338.18180839534
1778518800,441.38247019528063,442.8758509722481,437.17469619722317,442.4664415658153,52658.84695727268
1778522400,442.4664415658153,447.791991994982,441.99690484992254,444.22811319828793,93293.41086259573
1778526000,444.22811319828793,448.0848164491352,442.57710336378204,444.85013847246995,115961.64237030805
1778529600,444.85013847246995,446.30088419187166,443.2402946336633,445.11943661407975,17786.696154002282
1778533200,445.11943661407975,445.82513500416934,443.8020402626435,445.11097105989137,8750.061949767163
1778536800,445.11097105989137,445.11097105989137,443.2028757059085,443.4276496073895,32912.90012302681
1778540400,443.4276496073895,445.4983783466729,443.30530507430336,445.3746224042289,15325.23496775651
1778544000,445.3746224042289,445.3746224042289,441.73951843134734,441.7961397876722,13844.655807150148
1778547600,441.7961397876722,442.8129619337868,434.9572283704292,436.40458371606616,125992.01221579262
1778551200,436.40458371606616,439.6848792883946,435.0471782814085,439.54665483247965,52731.69103207803
1778554800,439.54665483247965,440.93538757741214,438.59037425724364,439.4077156280672,29219.058514077187
1778558400,439.4077156280672,439.9669705371254,436.93059871231304,438.07237254326424,18201.099537746217
1778562000,438.07237254326424,438.76079383100415,437.3758902814934,438.684968661383,9582.654119845814
1778565600,438.684968661383,440.0362366840254,436.03829065921934,438.480412592346,110217.56830808514
1778569200,438.480412592346,440.4036976010246,435.76765362514806,438.42954669236576,35845.54788162034
1778572800,438.42954669236576,439.5844919115586,436.4418865286746,439.5844919115586,36827.22178137868
1778576400,439.5844919115586,441.12363587824615,437.30014579710945,441.12363587824615,38476.52546580843
1778580000,441.12363587824615,442.54258041090327,438.75085405558576,440.59629544311446,39716.896850873825
1778583600,440.59629544311446,442.32169727338527,437.052823985629,439.01218801226736,59657.92455215784
1778587200,439.01218801226736,441.5118450808117,437.3030768520288,441.13929609993966,56159.30320441993
1778590800,441.13929609993966,447.3995963282573,436.8106334794201,437.30369183150935,461064.87935378664
1778594400,437.30369183150935,438.8029697828352,431.8698862254482,432.2638435835949,213838.74215506244
1778598000,432.2638435835949,433.0305684730644,424.3406149354861,425.8518520057574,201610.4221965363
1778601600,425.8518520057574,428.1198873717117,420.9871958334636,423.29592937551604,93927.09811136255
1778605200,423.29592937551604,428.7734401465525,419.46140360400125,427.8600804987529,288670.7700642071
1778608800,427.8600804987529,432.23147545921233,427.20910111626927,430.04361372589665,68850.40704427456
1778612400,430.04361372589665,436.04376439415773,430.04361372589665,432.53577533615874,86302.28098450201
1778616000,432.53577533615874,433.7289458301588,430.8527475503315,432.66310706174585,32309.902095295525
1778619600,432.66310706174585,432.66310706174585,430.96107906386965,431.9944039502636,10674.25076440429
1778623200,431.9944039502636,434.3210155315217,431.9944039502636,432.3293017590949,6398.75841443461
1778626800,432.3293017590949,432.7536979349987,430.9256296604951,432.3266727313287,20170.577695248987
1778630400,432.3266727313287,433.3483415127257,428.2105050238415,430.53971551495994,38565.56544151152
1778634000,430.53971551495994,435.30712009248674,430.53971551495994,434.1719477101826,34433.104624339205
1778637600,434.1719477101826,435.7735655548463,433.7004651361904,434.2710721984203,5397.659930369413
1778641200,434.2710721984203,435.9777524403655,433.92155098230853,435.9777524403655,5725.37394786821
1778644800,435.9777524403655,436.30633036034766,434.176176938007,435.67170319400014,11923.184570984109
1778648400,435.67170319400014,436.63097239325515,434.1454669713443,436.3008402163619,7395.616140524451
1778652000,436.3008402163619,437.36564378446025,434.70428493704577,435.40019769726894,40416.30392221481
1778655600,435.40019769726894,436.78428544227177,434.67886361220974,435.30836506082437,8200.655029231724
1778659200,435.30836506082437,439.10147878034684,435.30836506082437,438.2792424580652,26852.73847595684
1778662800,438.2792424580652,438.748175829139,436.7583683178507,438.65245230956134,12685.776762451987
1778666400,438.65245230956134,439.61837847088344,436.92316713227774,438.5482212900098,15368.955476167452
1778670000,438.5482212900098,439.65434686759755,437.40254641192485,437.40254641192485,57844.781197688666
1778673600,437.40254641192485,439.3926328431846,431.80846963462943,434.51822117611465,89703.81484314638
1778677200,434.51822117611465,439.2422833986283,430.24578779461916,433.3293893078485,355658.6159435687
1778680800,433.3293893078485,449.4644063732962,432.93694276195953,447.4765898141759,277456.6272954403
1778684400,447.4765898141759,453.22139418497096,446.17334261807616,447.2209076162357,304987.122176183
1778688000,447.2209076162357,452.30711859150955,445.49396175029113,448.25137117742577,83617.96676334449
1778691600,448.25137117742577,451.0558780605596,446.114586555091,446.70269828366423,44855.43014091021
1778695200,446.70269828366423,450.7706421306219,446.0119437254277,446.7202925705816,62702.74647768301
1778698800,446.7202925705816,448.8087003100405,442.5988194142234,445.45194139631474,47978.561979675775
1778702400,445.45194139631474,446.31807221096517,442.789272398578,445.6865852933724,13474.279690273015
1778706000,445.6865852933724,447.0636328077683,443.95989232970885,446.2675589212447,6520.40190897473
1778709600,446.2675589212447,448.2051270095667,445.3808867915567,447.3250613305834,5687.234007631787
1778713200,447.3250613305834,448.97414811645075,446.3110491817383,446.90446353176526,8325.148274914873
1778716800,446.90446353176526,450.07204395510587,446.90446353176526,449.7076987986212,7207.783744884213
1778720400,449.7076987986212,449.8815572200613,445.34648276293484,445.6626771712881,19087.06734916666
1778724000,445.6626771712881,447.4170339035294,444.43477619191566,446.0895465099876,8895.364922968254
1778727600,446.0895465099876,448.55931871711914,444.62269665647455,445.59115185522626,8555.42532255309
1778731200,445.59115185522626,448.38393756203175,444.3105188585533,447.4263692432145,25388.31377030306
1778734800,447.4263692432145,448.1366488929277,445.8004459213298,448.06565794955213,11024.297837668742
1778738400,448.06565794955213,450.1541843556109,447.0431723820868,447.9172132675104,31372.073057529982
1778742000,447.9172132675104,450.3168158857223,447.2904708091219,448.76042493035317,2355.46436719245
1778745600,448.76042493035317,449.9302309793579,447.0548243710302,448.5459473166659,25477.645361846346
1778749200,448.5459473166659,448.88708276384114,446.0974926869985,448.2707050133084,17339.23961638718
1778752800,448.2707050133084,449.0364775661725,445.8396170346012,448.37656696096366,12188.829546336072
1778756400,448.37656696096366,451.7589305120313,447.0341384630869,451.64991405212174,104389.2746900288
1778760000,451.64991405212174,452.6845614175139,448.01419161984956,448.1055507729451,29139.804674030027
1778763600,448.1055507729451,450.26364384919884,442.85955101278495,443.3564577148534,256283.7937929498
1778767200,443.3564577148534,447.12697511041785,440.5115993152693,443.35671659470734,195478.60585682734
1778770800,443.35671659470734,450.36531308109966,443.18733264647324,448.0060027124546,85422.44514665163
1778774400,448.0060027124546,452.69418601623653,445.4359960314883,446.969459192751,92213.63257040251
1778778000,446.969459192751,448.1206334980516,444.04739675264335,447.0009012272762,62150.40225549101
1778781600,447.0009012272762,448.36596892286093,442.76267018557616,444.3855304608353,53254.7114291326
1778785200,444.3855304608353,445.4374622614307,443.18653615535413,443.71217486522136,35594.80433178465
1778788800,443.71217486522136,444.13631051307874,441.6070007563144,442.1529829376646,10411.078875627045
1778792400,442.1529829376646,443.26472756385454,442.1529829376646,442.6679454127016,2177.409658657798
1778796000,442.6679454127016,442.6679454127016,441.3707428052196,441.3707428052196,795.4378237664451
1778799600,441.3707428052196,444.3287619136123,441.3707428052196,443.00224646042744,2112.284262200761
1778803200,443.00224646042744,443.92955629571446,439.3897755340981,441.7355151562478,104850.85623583179
1778806800,441.7355151562478,442.1030480464453,438.48458443922505,439.70599625539387,37512.63148949023
1778810400,439.70599625539387,439.70599625539387,436.7862501735727,439.08170626647126,50639.60962984434
1778814000,439.08170626647126,440.96081969936364,437.9440903321921,440.00326844166455,16909.762552137516
1778817600,440.00326844166455,440.00326844166455,436.96929318787164,437.09170449644967,29980.601986309182
1778821200,437.09170449644967,437.2861579077508,430.70247256042035,430.8499394555463,91992.31412936246
1778824800,430.8499394555463,434.93934399087055,429.1810712018406,434.1773120155643,75715.16062167977
1778828400,434.1773120155643,436.84810498734277,433.35417015468744,433.35417015468744,36938.290179256604
1778832000,433.35417015468744,434.7102160032604,430.8144902201212,433.052513117073,70259.65186933836
1778835600,433.052513117073,434.02202741800954,431.387752290606,432.3746712779992,32313.967107638087
1778839200,432.3746712779992,436.05845127483633,432.3746712779992,435.52543331004557,34544.76394089994
1778842800,435.52543331004557,436.2231011609253,434.4692602845229,435.10486874629066,20344.47707804665
1778846400,435.10486874629066,435.26138740226145,428.14870766202483,430.98496623771535,130826.70441473497
1778850000,430.98496623771535,435.1116050752557,424.5799631052081,426.4790847246912,261808.34224374886
1778853600,426.4790847246912,430.1811920210802,425.4124806079959,426.3527588045443,104325.8602258005
1778857200,426.3527588045443,428.59316586068707,424.4194893153667,425.4076007298221,65183.82021035524
1778860800,425.4076007298221,426.66245690261803,423.7933175416959,425.0758896719414,29072.80235916564
1778864400,425.0758896719414,429.67544065551164,424.0238142184086,429.59530896036847,34037.59572599733
1778868000,429.59530896036847,429.59530896036847,424.8591007820714,426.5635445554533,37424.213882898875
1778871600,426.5635445554533,427.07223637206704,420.8161171672582,421.8503972541925,50123.52786014523
1778875200,421.8503972541925,424.2808783873764,419.9011954091174,421.36674212846566,65731.42203824998
1778878800,421.36674212846566,423.4788254816893,419.86315512005757,421.1242255505052,7279.141516545907
1778882400,421.1242255505052,421.41923730167383,417.86339406175256,418.46316901912144,9707.420068303592
1778886000,418.46316901912144,419.7473119535519,416.680687058047,418.2837562082324,13147.525119766038
1778889600,418.2837562082324,418.8640691765493,418.2837562082324,418.8640691765493,21.25598032883311
1778893200,418.8640691765493,420.3511774595735,417.8239399114068,418.8456807881699,1036.9357080474863
1778896800,418.8456807881699,420.0632046847384,417.89754656795833,420.04592777230283,1421.053718158924
1778900400,420.04592777230283,420.04592777230283,418.4420378147861,418.81118052989297,4259.85138471064
1778904000,418.81118052989297,419.7714152517685,418.3303725507046,418.8152096295918,256.6143953208121
1778907600,418.8152096295918,420.94062343135727,418.6569331096168,418.6569331096168,1602.5746185062549
1778911200,418.6569331096168,420.6521908080764,418.6569331096168,420.031443859558,1866.0575374431523
1778914800,420.031443859558,420.9273883786662,416.5415514175848,419.36463348206695,30729.908613574124
1778918400,419.36463348206695,420.24943489467813,417.95034621345246,418.5806961601443,1857.8790424218832
1778922000,418.5806961601443,421.97027674966677,417.05845985495006,418.4987826008428,2713.392820934334
1778925600,418.4987826008428,419.65746488767746,416.47421432295636,417.5267949644458,9319.851205295958
1778929200,417.5267949644458,419.0444584838664,415.6000901570593,417.05911604319317,15189.560513140925
1778932800,417.05911604319317,418.55656500748927,417.05911604319317,417.2014316224479,480.9130722182368
1778936400,417.2014316224479,420.4270499027526,417.2014316224479,419.99761400512034,225.56063022572042
1778940000,419.99761400512034,421.75184268151696,416.9859648334929,418.2619454614832,8865.259084451733
1778943600,418.2619454614832,419.07461082282316,416.57092063988193,419.07461082282316,663.210529034577
1778947200,419.07461082282316,419.51569187078553,415.6392485803834,418.99272367018796,19941.222821032166
1778950800,418.99272367018796,422.2618923313495,418.8565508658334,418.8565508658334,40.058862262753074
1778954400,418.8565508658334,421.61296568022817,417.1105639550765,421.61296568022817,1776.6665168284128
1778958000,421.61296568022817,421.61296568022817,417.6421778568318,417.6421778568318,1949.50165223885
1778965200,417.6421778568318,420.65854132421345,417.51264727920886,420.65854132421345,1029.7082122566776
1778968800,420.65854132421345,420.65854132421345,417.3171800351737,417.32354916178633,1091.742049457274
1778972400,417.32354916178633,419.4130949592291,416.94272222057504,418.58980986708127,3039.459958667478
1778976000,418.58980986708127,419.6222956166044,417.2829542629399,419.30838186546816,434.02973792705427
1778979600,419.30838186546816,419.39473708945184,417.52853270500015,418.0536321106038,1260.9623126718093
1778983200,418.0536321106038,419.06003146789925,417.7789456889998,417.92582817439376,515.5398437435801
1778986800,417.92582817439376,418.904773845231,417.7939364018385,418.52197968664126,4370.117867524176
1778990400,418.52197968664126,418.5961752812782,417.8606311007224,418.23808465181463,839.463957663356
1778994000,418.23808465181463,420.20077068436706,418.10145924859444,419.9319794012643,977.3559360529704
1778997600,419.9319794012643,419.96518986710254,418.9530783387353,419.2295346360936,744.7823232267356
1779001200,419.2295346360936,419.92235485003044,419.2295346360936,419.92235485003044,395.3969001147623
1779004800,419.92235485003044,419.92235485003044,417.38911777356236,417.38911777356236,5.787008292324532
1779008400,417.38911777356236,419.40973669263764,417.38911777356236,419.0828536453352,1596.4215920247907
1779012000,419.0828536453352,421.1272524084415,418.78051635378966,421.1272524084415,5027.839714755999
1779015600,421.1272524084415,421.1272524084415,419.5241389111483,419.5241389111483,5392.11257636815
1779019200,419.5241389111483,421.47576126646567,419.5241389111483,421.12162845420676,20560.133228430343
1779022800,421.12162845420676,424.46388933853297,421.12162845420676,421.5496784104568,40881.36302842084
1779026400,421.5496784104568,421.70043069285015,417.3650345572186,417.3650345572186,5852.105161529517
1779030000,417.3650345572186,421.5025610894974,417.3650345572186,419.74974738167117,4407.5746719909885
1779033600,419.74974738167117,420.90343868361214,419.74974738167117,420.8320622327113,910.7510082271822
1779037200,420.8320622327113,421.48029506870415,419.55342369011044,420.40644466052277,5579.226888134912
1779044400,420.40644466052277,421.32646554453805,419.3682348693401,420.9309935082282,8359.323678567182
1779048000,420.9309935082282,422.21402732639626,420.586750629868,421.16814187574937,2583.391480149742
1779051600,421.16814187574937,421.355976203905,420.12530290397916,420.25060777353093,3900.381280449739
1779055200,420.25060777353093,423.298208607697,420.08529198476555,420.17914722980635,20131.264425355293
1779058800,420.17914722980635,423.19004239463277,416.9439623833996,418.3429627422446,25905.553573943063
1779062400,418.3429627422446,420.00265440502,411.0691737106762,412.9670187547008,101884.75847599888
1779066000,412.9670187547008,415.1297092098481,412.2722039171664,413.811638853716,48566.23864567953
1779069600,413.811638853716,417.4909513696111,413.781277848031,414.65198398920603,27702.808012197533
1779073200,414.65198398920603,416.8068379456251,413.82225950305644,415.4609028338288,13944.503802976036
1779076800,415.4609028338288,419.82325620680444,414.7020763784193,415.88938087446655,10800.053233801767
1779080400,415.88938087446655,417.1019477660498,414.7840539916663,415.09052684844073,9055.492917089701
1779084000,415.09052684844073,416.46892523451214,412.24104290987253,415.46060738200157,22233.61070990037
1779087600,415.46060738200157,417.8932354562481,415.0822086211475,416.476972871791,22794.66849585466
1779091200,416.476972871791,420.7224740387664,416.40696003575596,419.61506417977404,38536.33522639127
1779094800,419.61506417977404,420.803321654443,418.05955604716956,418.72393691923605,11553.795361762604
1779098400,418.72393691923605,419.72597282045683,416.43206106145846,417.3076189155607,29582.39080038553
1779102000,417.3076189155607,418.42704705764714,415.5618236861824,417.67229156322156,55389.67336781939
1779105600,417.67229156322156,420.6026655859742,416.9662192314335,419.43228547198936,20356.718215256627
1779109200,419.43228547198936,421.5178655030263,411.4791054227423,415.9376538366804,217720.31379630647
1779112800,415.9376538366804,419.50110621807954,409.40855968676374,410.9157726582857,209744.60681052043
1779116400,410.9157726582857,413.86915817758404,407.720552504854,411.88079639258325,144443.6313785512
1779120000,411.88079639258325,414.68759706147625,409.21346382713097,412.2315504256761,83055.3142240019
1779123600,412.2315504256761,412.2315504256761,407.42976825771365,410.12677899394527,56878.47696553208
1779127200,410.12677899394527,410.51624790332016,404.98056253514625,407.58150981496925,56597.26980031094
1779130800,407.58150981496925,410.7850697182997,406.6566542063926,410.5402656351186,104550.88225838481
1779134400,410.5402656351186,410.7267584148077,408.28608221326664,409.5459384370487,9709.936206418493
1779138000,409.5459384370487,410.5486012183772,408.72559394899514,409.32011943911607,18993.43437196511
1779141600,409.32011943911607,411.5304279807668,408.89675438026717,409.8972890620297,3900.569898844397
1779145200,409.8972890620297,411.4146220509518,408.29130592549694,408.56052110068714,9032.26343596444
1779148800,408.56052110068714,410.53614338639,408.12989220221425,410.02728601787953,10101.367068912383
1779152400,410.02728601787953,410.09168057426797,405.6721319965331,406.515846750175,21875.78934766485
1779156000,406.515846750175,407.90879238261897,404.51880267721145,407.0891618863502,19240.650491111464
1779159600,407.0891618863502,408.49333829497465,405.5483346603155,406.79393364063736,12885.204106489542
1779163200,406.79393364063736,407.9384327779317,405.23766812486707,406.6090474923296,30477.92126031977
1779166800,406.6090474923296,407.4122649415044,405.16246329519305,406.35000227179586,15506.840196472103
1779170400,406.35000227179586,411.02838678175726,405.4547279603135,407.2843821753491,10501.605329615715
1779174000,407.2843821753491,410.3346418847955,407.2843821753491,409.01494477959164,18370.883532545427
1779177600,409.01494477959164,409.5016096046918,406.66922434852853,408.16367742625124,24345.834665137278
1779181200,408.16367742625124,408.1821570214406,405.13472528509084,405.13472528509084,19321.32723149239
1779184800,405.13472528509084,407.140220508123,405.0066230029327,406.29299747586543,13765.106842589214
1779188400,406.29299747586543,406.92782629066136,405.3084925284633,405.6888308778839,7752.3640572223285
1779192000,405.6888308778839,406.4104866717611,404.25177681650985,405.02621594902195,12934.729230335315
1779195600,405.02621594902195,405.6152798820543,399.20488819691,400.4276405310912,220514.46313478748
1779199200,400.4276405310912,400.513851580769,393.4939590082204,395.7328411789969,202118.81763014034
1779202800,395.7328411789969,400.9656833511544,394.68560453678526,398.96284207726546,98433.2290926852
1779206400,398.96284207726546,401.511871384826,395.661099879763,401.2499897948897,65297.346014068855
1779210000,401.2499897948897,404.6339776015358,399.88746345364086,404.2428702810106,43295.80108352265
1779213600,404.2428702810106,406.2835869540301,402.269050366278,403.957977788346,42248.43209494528
1779217200,403.957977788346,405.2054307204086,402.11556338920576,404.0057438375422,51049.65953378405
1779220800,404.0057438375422,404.0503401213933,402.721971428145,402.85937971388205,4128.723403893155
1779224400,402.85937971388205,405.0317445442907,402.85937971388205,404.02518904137645,1825.6408042359951
1779228000,404.02518904137645,404.46830684967375,402.91508190329245,403.0516685018837,8156.5719897947565
1779231600,403.0516685018837,404.9078199671591,402.7622054483516,404.23397606541795,7539.722567855839
1779235200,404.23397606541795,404.7268809036477,400.783094151072,403.8789905859295,53185.68391167907
1779238800,403.8789905859295,405.42217962170065,402.3172740759575,404.4832079682095,42179.80085193959
1779242400,404.4832079682095,405.60884983504883,403.0212966439061,404.29331172164,16056.990297742384
1779246000,404.29331172164,404.29331172164,401.65413995590086,402.4666625131276,9704.402485874756
1779249600,402.4666625131276,404.6510565392729,401.8313118191836,401.8313118191836,9438.448908594472
1779253200,401.8313118191836,404.14048109995116,401.3664340386519,403.95105333877405,14144.081560214852
1779256800,403.95105333877405,405.45706634365115,402.9839862350734,404.7863713217437,13988.665824288237
1779260400,404.7863713217437,406.36805402154107,404.3044569805801,404.9851513205064,12566.597387374408
1779264000,404.9851513205064,409.7619902489715,404.9851513205064,408.83205951116753,34007.81614940151
1779267600,408.83205951116753,410.1323017689266,407.85396670860206,409.90467447152463,7288.914098726641
1779271200,409.90467447152463,410.22704998907386,407.2165235968415,407.6231518222474,12560.984958502962
1779274800,407.6231518222474,409.2092282597753,407.35421948238127,408.9007212189156,18141.222693798092
1779278400,408.9007212189156,409.8647902904449,407.8216481070398,409.04351730919444,10680.61705432909
1779282000,409.04351730919444,416.7882948864339,407.47592844252785,409.5085389924772,192049.0668761343
1779285600,409.5085389924772,412.9934062861325,406.8009090210705,412.04198243143213,164916.15941193563
1779289200,412.04198243143213,412.91067446604103,408.9803952170046,411.79708040378534,94875.24421959295
1779292800,411.79708040378534,414.0184819894014,410.6677864329029,413.007901286683,43491.09888266068
1779296400,413.007901286683,416.06135924061044,411.9941043339533,413.66900246299554,49431.48996166492
1779300000,413.66900246299554,414.78612874483304,411.9728110439045,413.867881358668,21940.19908034514
1779303600,413.867881358668,416.5257254519047,412.1689353773567,415.8332151201803,48333.826937367856
1779307200,415.8332151201803,418.9178340652002,414.1934139064376,414.1934139064376,52852.973686300094
1779310800,414.1934139064376,416.0122045263485,414.1934139064376,415.7545761483886,13113.247241804738
1779314400,415.7545761483886,416.77141883243087,412.697716154125,413.6151037397971,21626.58789581798
1779318000,413.6151037397971,414.8132489898923,413.0885342009004,413.80814552986294,8693.180798551495
1779321600,413.80814552986294,416.6556723351954,413.7144523654856,416.6556723351954,13051.122252278143
1779325200,416.6556723351954,426.53213781670297,415.60348835800033,420.19072219972406,78432.03412992424
1779328800,420.19072219972406,426.8465055963768,420.0967004545028,423.802699651686,70189.374785667
1779332400,423.802699651686,424.32960066632216,420.9986948411353,422.093897939684,30316.145296127208
1779336000,422.093897939684,425.18804809517155,421.73535004159675,424.03116819417727,7995.815432607026
1779339600,424.03116819417727,424.7544718317435,422.44640932952575,423.9578501811473,35527.45878364936
1779343200,423.9578501811473,425.0458397235976,422.56975047066595,423.80530645036936,31219.288076653484
1779346800,423.80530645036936,423.80530645036936,420.8404733613291,422.21283177521565,27546.618632120873
1779350400,422.21283177521565,425.1998335561714,421.214458409786,424.00364311180715,31049.868071858655
1779354000,424.00364311180715,425.2391680795022,423.35652309807676,425.1471385719011,19863.82667110845
1779357600,425.1471385719011,425.76632394570555,419.57836630069255,421.18214937266345,69651.07748431663
1779361200,421.18214937266345,422.9521836123511,419.3074764055763,421.3190114929286,27631.228283228924
1779364800,421.3190114929286,423.15458838386644,420.2284952887,421.39492436237936,14973.806484086881
1779368400,421.39492436237936,426.2059210096111,417.4947242173666,418.53903292244814,224394.86623036378
1779372000,418.53903292244814,419.9141745283946,412.6716956141428,414.91169017216095,118382.35219813745
1779375600,414.91169017216095,418.1051162875421,414.3121572403519,417.31359805855067,52071.507165095856
1779379200,417.31359805855067,418.8334890312009,416.6241650509248,418.2342327041638,30656.131063216624
1779382800,418.2342327041638,423.4754704854688,418.2123192476858,423.46035126111184,103615.91639168668
1779386400,423.46035126111184,424.3514684363883,417.2681693870603,417.2681693870603,42103.73310480692
1779390000,417.2681693870603,419.6545064691312,416.44108038629014,417.31688043469813,33448.73442670458
1779393600,417.31688043469813,417.86632342150074,416.37435800342485,416.72217750934783,7030.702076695267
1779397200,416.72217750934783,417.83285484381133,416.0441123529067,416.0441123529067,1342.3757056082093
1779400800,416.0441123529067,419.11491778395276,416.0441123529067,418.6811314123985,3409.270372214379
1779404400,418.6811314123985,419.3966282141539,417.09709550514435,417.09709550514435,5442.521594910033
1779408000,417.09709550514435,421.26069022099654,417.09709550514435,419.4887256260528,10370.42156131621
1779411600,419.4887256260528,420.15907151705295,417.27788286654646,419.28103302081985,17848.53322842
1779415200,419.28103302081985,419.28103302081985,418.9958896796656,418.9958896796656,0.21259013450566872
1779418800,418.9958896796656,420.61955572984243,418.83158697844965,419.5422587412852,2109.9288221232027
1779422400,419.5422587412852,420.5852298530879,419.5422587412852,420.57451508154156,4242.000185026828
1779426000,420.57451508154156,420.883935168977,418.869430211715,420.0642392207634,4626.0940570384155
1779429600,420.0642392207634,420.81278038070116,418.01346114905164,418.4535945508789,4453.836073787279
1779433200,418.4535945508789,420.28321179331255,418.27666466788855,419.9844085129403,5722.709330381883
1779436800,419.9844085129403,421.67443967506426,419.5033935514792,419.5033935514792,20259.218983577488
1779440400,419.5033935514792,420.31105708765904,416.63844514673303,418.00324783593857,26431.727084813898
1779444000,418.00324783593857,418.94214641333605,415.09077847855474,416.75586128947043,22726.076044612353
1779447600,416.75586128947043,419.51975771699273,416.67072625127184,418.7170933052937,11059.642600502675
1779451200,418.7170933052937,421.26998257316257,417.97120032303076,420.9164823028713,15240.857291203189
1779454800,420.9164823028713,427.2730391713774,419.8651028819629,422.2264099732679,135782.63310822003
1779458400,422.2264099732679,433.78868590659505,419.3966896079558,430.4968657724444,170265.87779934343
1779462000,430.4968657724444,433.63820353996465,425.58323535020986,428.75929399111715,107050.30872308597
1779465600,428.75929399111715,431.28364044498977,426.1851634203163,428.5230506050929,91110.22239338208
1779469200,428.5230506050929,431.1091981295886,426.3694324325986,429.30385789994676,66517.15229628528
1779472800,429.30385789994676,430.8587581909836,426.2554873302619,428.7898800529832,86140.53256419594
1779476400,428.7898800529832,429.9975100754638,423.4445414434335,426.2664155786265,52342.30329959963
1779480000,426.2664155786265,426.4611905901882,423.721480373176,425.6960501179636,16612.72506013373
1779483600,425.6960501179636,425.91495575452905,425.18860064192523,425.91495575452905,277.76645308211374
1779487200,425.91495575452905,425.91495575452905,423.4390645407209,423.81617470255185,7630.033166129796
1779490800,423.81617470255185,426.07515717647595,422.2268388927319,422.31223465899467,9299.888836673403
1779494400,422.31223465899467,424.6711394290391,420.38023679264296,421.0790947014382,44367.39459435807
1779498000,421.0790947014382,423.7840970101746,421.05442159205705,422.3875076218706,6421.9407278819035
1779501600,422.3875076218706,423.93764782857914,422.3875076218706,422.6493964077847,9370.058644660094
1779505200,422.6493964077847,426.76308728893673,422.6493964077847,423.18988829814003,2533.268293892175
1779508800,423.18988829814003,425.1777302494163,423.18988829814003,423.96588259078146,10202.886448307725
1779512400,423.96588259078146,423.96588259078146,421.9656550934688,422.3300481732637,1320.390863384628
1779516000,422.3300481732637,424.0740526622319,421.3603324100025,422.4280014127785,27005.979859783227
1779519600,422.4280014127785,424.2858029388633,420.27295464203246,421.0729403746179,15229.102148278293
1779523200,421.0729403746179,421.81988501885155,419.2102336267448,419.8624886943384,13106.784019485347
1779526800,419.8624886943384,423.04210145059875,419.8624886943384,421.99992841821756,8898.057372996536
1779530400,421.99992841821756,422.0583622923756,420.1368010206521,420.1368010206521,1424.2694641772703
1779534000,420.1368010206521,423.226263789794,420.1368010206521,421.5408791449437,1952.9893594843577
1779537600,421.5408791449437,423.88866194708817,421.5408791449437,422.60660346892405,2636.3135140471036
1779541200,422.60660346892405,422.76312083021236,421.0586211841075,422.3834303545901,6153.72867354878
1779544800,422.3834303545901,426.0020447848451,422.2691293765863,425.75312139669126,66155.86003701149
1779548400,425.75312139669126,426.05540409651803,424.06230312064446,425.9370646034555,18381.212756314126
1779552000,425.9370646034555,426.96450586492347,425.1664511488156,426.4319261359691,7061.405893192992
1779555600,426.4319261359691,426.8385574786129,425.2202529191355,425.33078657935806,1842.4211825070481
1779559200,425.33078657935806,431.1846530878427,424.63083871417956,429.6098140911011,44460.43946089136
1779562800,429.6098140911011,429.68310543496966,427.9245203340091,428.531812337596,4796.566107262115
1779566400,428.531812337596,433.15281859834687,428.531812337596,431.3227114134299,36737.53188024169
1779570000,431.3227114134299,434.2793175844186,428.4184266089224,432.77957102169506,67061.99728134487
1779573600,432.77957102169506,434.0305857381048,431.4409879811022,431.75431517809966,11557.749017130987
1779577200,431.75431517809966,433.8464104494337,431.75431517809966,433.8464104494337,924.1446200450649
1779580800,433.8464104494337,433.8464104494337,431.7480176446358,433.2472457227371,10051.382244049699
1779584400,433.2472457227371,433.5415042114151,432.59214744859275,432.9639599232864,3650.148183225853
1779588000,432.9639599232864,433.9554975434298,432.9432381565219,433.7273387671977,3754.477641232601
1779591600,433.7273387671977,433.7276492232049,430.6969883418843,431.58765309712084,9108.407526400995
1779595200,431.58765309712084,433.0756919350627,431.19589708939577,433.0756919350627,5313.698284154693
1779598800,433.0756919350627,433.7230948502453,431.5695492502425,431.5695492502425,2378.6872983169183
1779602400,431.5695492502425,432.48574986860126,430.9668769581382,431.2113234870384,11545.221407071158
1779606000,431.2113234870384,432.96415827896254,431.2113234870384,432.96415827896254,619.6474963755753
1779609600,432.96415827896254,434.3508506696917,431.85738139721553,431.85738139721553,3648.2438880761247
1779613200,431.85738139721553,433.2944204083543,431.01058088047586,433.12765990461776,12433.92112771527
1779616800,433.12765990461776,433.12765990461776,430.8851893380074,430.93347164335813,7312.255883823656
1779620400,430.93347164335813,432.3480043134066,430.1535653172315,432.2859675725354,488.3910605249899
1779624000,432.2859675725354,432.2859675725354,429.7135069366714,431.05475852061517,4575.353191815173
1779627600,431.05475852061517,432.006976144216,431.05475852061517,431.9883307283946,3090.067700858703
1779631200,431.9883307283946,432.4030188664052,428.37502605693584,430.28596240455124,19587.951685369095
1779634800,430.28596240455124,431.7663035997272,429.7231430509962,429.83148337245575,5381.118014591838
1779638400,429.83148337245575,432.23594413651267,429.83148337245575,432.23594413651267,1554.0903932118931
1779642000,432.23594413651267,434.4354198396734,430.46062936093824,430.5188429666562,53113.52557500461
1779645600,430.5188429666562,432.71221629662136,430.49854641010285,430.49854641010285,3886.451560662317
1779649200,430.49854641010285,431.8484008262293,430.21786218224383,430.6835677971289,4449.299149065664
1779652800,430.6835677971289,432.27593998729606,430.6835677971289,431.20143313659486,2960.807534835363
1779656400,431.20143313659486,432.2179443765858,429.5647410180984,430.40204011887363,8797.152738153458
1779660000,430.40204011887363,430.83841185258615,427.78346480866384,430.83841185258615,62297.13356092063
1779663600,430.83841185258615,431.39397187588685,428.70561053986097,431.39397187588685,9692.961828080535
1779667200,431.39397187588685,432.2371819697615,429.81612211019353,431.3635532231776,17136.139208887056
1779670800,431.3635532231776,432.5062880566913,428.6233484774646,431.67694883176364,90932.49424758289
1779674400,431.67694883176364,432.80282768239744,429.8827127545854,432.0388116900015,1729.598497691827
1779678000,432.0388116900015,433.9263820458883,431.7298226101149,433.56779647615707,8101.657976025225
1779681600,433.56779647615707,433.5700491923411,431.7515660732358,433.3986558944311,3336.658303885767
1779685200,433.3986558944311,434.0879606932098,432.1364674551124,433.214154507244,4304.400833725517
1779688800,433.214154507244,434.5614719509168,431.405016869741,433.3259532363357,9713.053621834066
1779692400,433.3259532363357,437.7637513201646,432.1684715008981,437.7637513201646,10045.52393706605
1779696000,437.7637513201646,437.7637513201646,432.140633256973,433.5489162660461,4757.468306849596
1779699600,433.5489162660461,435.1011309828574,432.9130394929321,435.1011309828574,1627.2785009781333
1779703200,435.1011309828574,435.1011309828574,433.34566048291816,433.4010542047838,1.013561909094232
1779706800,433.4010542047838,435.76651355451975,427.9308665557836,433.6258290932354,6713.415356158216
1779710400,433.6258290932354,435.04964414148367,422.10798128967826,433.18833212331526,4291.486794581864
1779714000,433.18833212331526,434.3270750476206,432.04645204806053,434.20544701036687,1108.0268554857657
1779717600,434.20544701036687,434.70439053414157,432.91171686019254,434.20641634592323,1304.8136214761548
1779721200,434.20641634592323,435.69804363971986,431.31988803068253,433.40924759169343,16001.049111842392
1779724800,433.40924759169343,434.87903582808866,431.3835780133756,433.2869065309951,3522.9671374076265
1779728400,433.2869065309951,434.26548345057927,431.71951948684654,433.13941721643204,3374.5985003626092
1779732000,433.13941721643204,433.65892238155266,431.7634589788413,432.62563523343556,825.3107560273849
1779735600,432.62563523343556,434.96941729894104,432.62563523343556,434.62323587645653,6555.923904714796
1779739200,434.62323587645653,434.8525765538674,433.9086481103697,434.655018897872,785.5262463881833
1779742800,434.655018897872,435.3965398038755,434.0861849205463,434.2974389154529,1975.9389592687717
1779746400,434.2974389154529,435.1371308065655,432.79454538711536,433.2665920179287,6487.468567340077
1779750000,433.2665920179287,434.0675022064799,432.51116309652895,433.0207260465879,5023.200949064958
1779753600,433.0207260465879,433.6677681329645,426.22347888562916,428.3430786963894,77080.84890027948
1779757200,428.3430786963894,429.8329274094991,427.0987487806989,427.67112843149806,10928.360755698051
1779760800,427.67112843149806,429.35182979567753,427.67112843149806,428.66435350972057,4812.684999183859
1779764400,428.66435350972057,429.8677208744962,427.84773372136874,428.7790801644824,8503.673867873269
1779768000,428.7790801644824,429.2606592949338,426.7540265750949,427.8211007752797,7093.694484557257
1779771600,427.8211007752797,429.0991027052675,426.6010239216935,428.99752902229596,1531.5055088985705
1779775200,428.99752902229596,429.53379182869065,427.57269684978763,427.57269684978763,5312.060590941232
1779778800,427.57269684978763,429.78186609706324,427.0256071758667,428.06232523146355,8089.5640530380715
1779782400,428.06232523146355,429.09888083409373,427.8283261700417,428.34826860089504,6291.294154436912
1779786000,428.34826860089504,430.5124248722148,428.05428848443125,428.05428848443125,6639.114738005662
1779789600,428.05428848443125,431.00296914796155,428.05428848443125,429.1756118797609,15071.039018279294
1779793200,429.1756118797609,431.73874831110703,416.897865461688,431.15413339095153,6696.274917744047
1779796800,431.15413339095153,431.2325451822094,428.7961204098251,428.858865676583,2494.7274156860094
1779800400,428.858865676583,434.2115066452044,426.2866330608026,430.4895220124331,169493.9138173398
1779804000,430.4895220124331,433.1024339504678,425.69349165221695,429.8691319041584,102915.11485470814
1779807600,429.8691319041584,435.2714936544167,427.5111311448673,428.06434134363974,81960.75077154218
1779811200,428.06434134363974,433.26797997299104,427.2678852539757,432.8194519234874,41500.12223489901
1779814800,432.8194519234874,434.58013403533937,430.2479282560091,431.502272677576,44144.21936064504
1779818400,431.502272677576,435.33289905904275,430.30308378454384,432.2491720924988,52856.201999228404
1779822000,432.2491720924988,433.58110436673024,430.19738518513003,433.0902671643346,36001.517346587665
1779825600,433.0902671643346,434.8144747682557,432.13639258027763,432.6206570787819,15675.074079342876
1779829200,432.6206570787819,438.9707832540796,432.6206570787819,435.913607325287,106129.54293383087
1779832800,435.913607325287,436.48055846821336,434.29326708924935,435.79624377314036,11455.388323767444
1779836400,435.79624377314036,436.31058111946436,435.05226304182696,435.9948323809821,1493.8558691526764
1779840000,435.9948323809821,435.9948323809821,432.6071289239986,435.9270381917281,10921.286319298419
1779843600,435.9270381917281,435.9270381917281,433.4708576967263,433.6706677440006,2264.430286252291
1779847200,433.6706677440006,434.7010680586322,432.49305712438917,434.5417146644191,7606.714381346387
1779850800,434.5417146644191,435.27819313784187,434.3119546249336,434.5330405640029,998.9833553008092
1779854400,434.5330405640029,436.860949707259,432.4662913553375,433.7826622920425,19083.644290383418
1779858000,433.7826622920425,433.9090422185624,432.83934362926203,433.88000423961955,9280.231388494836
1779861600,433.88000423961955,435.0695366477319,432.7808988303038,433.16509391141625,3330.821896715806
1779865200,433.16509391141625,434.3047646891131,432.43717932583405,434.3047646891131,4002.7885262841764
1779868800,434.3047646891131,441.00742774854257,433.8524824835388,439.70263776542345,45604.591510268336
1779872400,439.70263776542345,442.99642362587025,439.6195387311232,440.15110278973617,37028.64095064881
1779876000,440.15110278973617,442.601839425881,439.11820186305397,439.5186981542501,32746.277669144936
1779879600,439.5186981542501,444.4534119532239,439.5186981542501,444.4534119532239,36439.46565236756
1779883200,444.4534119532239,445.1495705949431,441.38994557233843,442.65160951165575,39871.877251784295
1779886800,442.65160951165575,445.51462506915976,436.40835660452626,439.73012331025046,278760.3427903272
1779890400,439.73012331025046,444.925613483082,435.4987186349273,439.5632141430474,182400.25385681877
1779894000,439.5632141430474,442.5840314684903,439.1924384817057,441.44292259152,84497.81045767624
1779897600,441.44292259152,443.0296790656639,438.6354393463316,441.81808617503157,71530.21613221985
1779901200,441.81808617503157,444.15733319187933,439.0491474491566,441.16729686646016,38353.493140407365
1779904800,441.16729686646016,442.4542107627324,438.31316906756075,439.24826352524536,22322.410174133216
1779908400,439.24826352524536,441.3194077793487,438.252976921642,439.672025136718,36557.43686025211
1779912000,439.672025136718,440.75622204021846,438.75142875998154,438.75142875998154,3701.6161286067904
1779915600,438.75142875998154,441.83644029615726,438.75142875998154,439.6196894154545,5470.032609961478
1779919200,439.6196894154545,440.53165598076356,438.51802959485144,440.53165598076356,1767.3521040097448
1779922800,440.53165598076356,440.53165598076356,437.31035770481355,437.35086923608014,6112.705814064529
1779926400,437.35086923608014,439.18880134279556,434.8931317485241,437.319821705634,25386.925755240823
1779930000,437.319821705634,442.19983605550004,436.21594098463845,438.92796347949735,13624.387856428122
1779933600,438.92796347949735,439.88861042544295,435.70961679530285,437.0838858620587,7975.096726038584
1779937200,437.0838858620587,439.0958687012306,430.20973345361796,431.18999786806154,52889.00065258491
1779940800,431.18999786806154,431.43668227955465,427.2842031527173,430.11408422591126,36052.052541164776
1779944400,430.11408422591126,435.33042378647957,428.54149540344554,433.8600341565357,40860.6621988426
1779948000,433.8600341565357,435.9444135833155,432.4917069266512,433.49749558245475,15687.682412926137
1779951600,433.49749558245475,434.83377479027683,432.31935373361347,433.4997549474597,14826.679082881014
1779955200,433.4997549474597,436.2491079147055,433.3482270467266,435.3404474116447,16259.941859801522
1779958800,435.3404474116447,435.55789487928973,431.95755610547803,433.5244740166667,8432.133537818872
1779962400,433.5244740166667,434.347807336524,432.51282958540395,434.33463310875993,12044.113574219302
1779966000,434.33463310875993,436.6449112492116,433.79318383326137,433.79318383326137,18837.617835783105
1779969600,433.79318383326137,438.5466160792146,432.72337727344694,437.1360310921601,25372.59007829204
1779973200,437.1360310921601,440.33426590480263,434.35252711677686,439.4964165865914,165131.78307459148
1779976800,439.4964165865914,442.5529415909204,437.7355095239503,442.0621620629661,117825.51555743538
1779980400,442.0621620629661,443.9981951351537,439.72240059422273,441.22983087296626,36121.03294925299
1779984000,441.22983087296626,442.59694278995977,439.7824601450988,441.73743180226734,25495.939613555278
1779987600,441.73743180226734,442.3845550413308,439.6688688560888,442.3845550413308,7960.172839276652
1779991200,442.3845550413308,442.83938328356163,439.437247987418,442.7980499660322,11276.722102611722
1779994800,442.7980499660322,444.6959498900964,441.5363324069574,442.5115218079822,34555.69482212761
1779998400,442.5115218079822,442.5115218079822,440.80951386323875,440.80951386323875,886.255853996017
1780002000,440.80951386323875,442.4658449203829,440.80951386323875,441.2806729008885,399.19606157909254
1780005600,441.2806729008885,442.75471836772135,439.1598428581288,439.89611867412395,6420.574057171558
1780009200,439.89611867412395,442.6017231920565,439.27537437147976,439.27537437147976,4040.1347026814115
1780012800,439.27537437147976,441.00044812632257,437.56346384773326,439.7653763113711,7304.534002023938
1780016400,439.7653763113711,441.5594856046387,438.60899532372065,439.8655879247418,3746.2384583492935
1780020000,439.8655879247418,440.5665506891917,438.751071978717,440.5665506891917,2099.1253502016148
1780023600,440.5665506891917,440.5665506891917,438.0944795751194,439.09780438164404,39459.65271557808
1780027200,439.09780438164404,441.18784456137286,438.04168787643545,440.0200838971562,21631.555935676344
1780030800,440.0200838971562,442.1475233409796,440.0200838971562,441.7324736498315,1213.3715860776424
1780034400,441.7324736498315,442.0169146248071,440.09194973164375,440.9157665521345,11948.720734490074
1780038000,440.9157665521345,441.64751763587947,439.91613873729153,440.0222194070302,5239.432561926004
1780041600,440.0222194070302,441.59863219488443,437.7614717920869,441.04093696468493,8974.116645123362
1780045200,441.04093696468493,441.04093696468493,439.4215880829712,440.04554285835957,7309.278875883545
1780048800,440.04554285835957,440.2041392008947,438.43186393594056,439.1744030192672,5113.1896699218705
1780052400,439.1744030192672,443.1294446905591,439.1744030192672,440.18585106398706,11388.710213688566
1780056000,440.18585106398706,442.2064911922089,438.2563052738829,438.69051753623984,3257.7046413006383
1780059600,438.69051753623984,442.00607435419613,436.77900247970666,437.431495787516,82189.79992993704
1780063200,437.431495787516,438.3332982141478,428.08890346406906,431.89163505843004,150133.59946765372
1780066800,431.89163505843004,436.2608519237033,431.6732604960526,436.2269647725788,55674.61655433372
1780070400,436.2269647725788,442.0174095598438,433.77000817842185,437.4466159272223,116141.72647121293
1780074000,437.4466159272223,439.4071433995512,435.70043674947516,436.39441171036424,25329.169759242694
1780077600,436.39441171036424,439.72333862028086,435.28219098560265,435.4383241736485,26451.204643695743
1780081200,435.4383241736485,436.5125297295889,433.83651824526817,435.97844281608724,28582.500889945873
1780084800,435.97844281608724,435.97844281608724,433.25262975924096,435.05005839546186,3187.1224280320744
1780088400,435.05005839546186,437.73532629474954,434.6820783426763,435.2802389906982,2901.4130144989144
1780092000,435.2802389906982,436.3838619518158,435.2802389906982,436.3838619518158,27.825536935109387
1780095600,436.3838619518158,436.3838619518158,432.6269672948662,434.2782734649153,3083.579475489661
1780099200,434.2782734649153,435.9369389737721,433.2716778433715,434.07377214127035,1953.738753095602
1780102800,434.07377214127035,435.2180814207157,433.71252746642324,435.03805013587925,1152.4229631413282
1780106400,435.03805013587925,435.7195623383196,433.9215009215046,435.0469797369038,3921.0177177310343
1780110000,435.0469797369038,435.4186057897021,433.82335037185965,435.4186057897021,2245.8331959730335
1780113600,435.4186057897021,436.45352085767496,434.0237819018708,434.31553080130936,7785.913761609017
1780117200,434.31553080130936,436.95135328916473,434.31553080130936,434.89610975516564,7979.427066136047
1780120800,434.89610975516564,437.0993893483011,434.89610975516564,437.0993893483011,14240.447946706208
1780124400,437.0993893483011,437.4772796116866,436.0451092648639,436.0451092648639,2669.1895594771113
1780128000,436.0451092648639,437.4831320716991,436.0451092648639,436.9516372717445,1530.6277149525572
1780131600,436.9516372717445,436.9516372717445,436.35953768367267,436.35953768367267,0.3529537756508155
1780135200,436.35953768367267,436.4329240356163,434.9808182581037,436.4329240356163,7605.037280417833
1780138800,436.4329240356163,436.4329240356163,434.64232412669844,435.12706734658445,4046.007295106843
1780142400,435.12706734658445,437.30752613618455,435.12706734658445,435.74540075906026,3350.7094858616033
1780146000,435.74540075906026,437.49884280831117,435.74540075906026,436.463069843532,3140.02150217744
1780149600,436.463069843532,436.80593717910267,435.5484832547707,436.73443575019155,3546.3411725857227
1780153200,436.73443575019155,438.4760995139297,436.38717876491035,436.38717876491035,4154.524488071063
1780156800,436.38717876491035,436.75949954362375,434.3755374457395,435.84655698830403,6770.43525291367
1780160400,435.84655698830403,435.84655698830403,434.338047722477,434.338047722477,761.4843404046171
1780164000,434.338047722477,436.32380681594003,434.13070087315424,434.1859675454932,2464.294740372172
1780167600,434.1859675454932,436.82948319133084,434.1859675454932,434.3609647483517,180.8336374738399
1780171200,434.3609647483517,435.98075349830424,432.8874055347716,435.4815783834142,4936.18636505491
1780174800,435.4815783834142,435.4815783834142,434.33684723292697,434.33684723292697,312.7225300077074
1780178400,434.33684723292697,435.4602671053623,434.0346629689827,435.4602671053623,1078.5460194664076
1780185600,435.4602671053623,436.16366372254896,434.6118017066842,435.3732610420371,1889.6312257182847
1780189200,435.3732610420371,435.3732610420371,434.6702230756066,434.8744826392094,2392.7102764736737
1780192800,434.8744826392094,435.35156430787873,434.53235840732697,435.35156430787873,428.03428276961296
1780196400,435.35156430787873,436.02791155873,435.2141117774317,436.02791155873,2437.6630224737037
1780200000,436.02791155873,437.55665060264954,435.80209051783686,436.06641436771247,3523.3195066159956
1780203600,436.06641436771247,436.17774632343594,435.57948203905363,436.17774632343594,36.96023236940365
1780207200,436.17774632343594,438.55090579303834,436.06119949093716,438.55090579303834,548.2830514763373
1780210800,438.55090579303834,439.70633067040444,436.478129090018,437.5748033951083,58531.48519388302
1780214400,437.5748033951083,439.198783897504,435.8269405969378,438.0578299678152,45720.78200758184
1780218000,438.0578299678152,440.9064922267333,437.16252404034276,437.7107761475894,1649.0590443099666
1780221600,437.7107761475894,440.82141695349674,437.7107761475894,437.83049421861216,39201.77181987372
1780225200,437.83049421861216,437.83049421861216,436.8927452449825,436.8927452449825,355.6998773035543
1780228800,436.8927452449825,437.8812733107862,436.1807495613464,437.77301101646657,730.568340721952
1780232400,437.77301101646657,439.6789100228222,436.56433390153325,437.23909211319324,2068.2332852394306
1780236000,437.23909211319324,439.00527541605294,435.64764843316664,437.673759874294,5771.5942071938
1780239600,437.673759874294,437.673759874294,434.1974268448591,435.3410510784616,12478.585495581656
1780243200,435.3410510784616,436.76294065345223,435.3410510784616,436.3769798141381,2731.8229333385602
1780246800,436.3769798141381,436.3769798141381,435.3565166636279,435.3565166636279,0.4984092009720211
1780250400,435.3565166636279,435.4586996935494,435.3565166636279,435.4586996935494,20.38993121821175
1780254000,435.4586996935494,437.1320190284376,434.4807392885427,435.9851905058914,4449.266442867773
1780257600,435.9851905058914,436.6870035617097,435.3519118059225,436.6870035617097,5941.218578663169
1780261200,436.6870035617097,437.9475924110771,436.3909802078206,437.1001189678057,269.50388205882484
1780264800,437.1001189678057,438.4332977942821,435.75084170742866,437.61173649800315,2434.483184221043
1780268400,437.61173649800315,439.9559338325889,436.531899838574,439.16980363885153,2757.215724813257
1780272000,439.16980363885153,439.3600340821658,433.73802570659603,434.6847045964986,34138.19219703793
1780275600,434.6847045964986,435.0875140487183,432.009923801163,433.5371384370418,14988.317084076021
1780279200,433.5371384370418,435.09742972320845,431.50015315526844,432.2710065333143,5820.038481441041
1780282800,432.2710065333143,433.9016450528332,431.64076657734876,431.64076657734876,7640.642724239369
1780286400,431.64076657734876,433.9474067975258,431.31488548177435,431.34593347094017,4012.3366445999977
1780290000,431.34593347094017,432.4175538150948,429.19840612964157,432.3508837360714,9822.646101359041
1780293600,432.3508837360714,433.044024961671,431.2880061277605,431.2951171751559,2957.6305147586
1780297200,431.2951171751559,432.56841745245015,429.74818327809373,432.12985996285386,11561.408230913989
1780300800,432.12985996285386,432.12985996285386,430.0657340316349,431.3384504743601,13848.048686448134
1780304400,431.3384504743601,432.6856304159073,429.36405326175213,431.0680600551133,17340.111180251184
1780308000,431.0680600551133,431.5387348295003,428.947053989889,428.947053989889,8062.793915530812
1780311600,428.947053989889,431.3033783252349,427.8375325456994,429.6295058910218,17744.56443672539
1780315200,429.6295058910218,432.87664928248824,428.8401730925264,429.33931017541323,5105.04215579087
1780318800,429.33931017541323,431.06950874340794,421.6528736047195,423.28306434330375,143084.33564535293
1780322400,423.28306434330375,425.94705527713074,418.1515027982439,418.7560799144838,116467.56303962939
1780326000,418.7560799144838,424.8919937239664,417.5768583643641,421.52871868487694,140291.11251707783
1780329600,421.52871868487694,423.04347559428635,416.98281374863006,420.42632966218827,68513.61996734345
1780333200,420.42632966218827,422.7064641383204,418.9951014792915,420.6430088437762,32071.593683194213
1780336800,420.6430088437762,422.4804187060078,418.71498618328343,419.1019746138765,13813.879176178067
1780340400,419.1019746138765,420.73217194202,414.88924065665935,416.62766741432085,58569.76792418829
1780344000,416.62766741432085,418.2873147912545,414.82853540772095,415.32458032287013,11524.276477604662
1780347600,415.32458032287013,416.6718202448652,414.625421770776,414.625421770776,4896.345601143739
1780351200,414.625421770776,417.88034773529813,413.10942687794943,413.5128105193225,18856.108444977406
1780354800,413.5128105193225,414.79440215165755,413.15352632345173,413.87415636364153,3519.256986523108
1780358400,413.87415636364153,415.4625667320032,410.79091843146966,411.5025913854303,40810.55720288926
1780362000,411.5025913854303,414.51753128441857,411.48003317263186,412.4922841723601,13800.850642791509
1780365600,412.4922841723601,414.8774207502865,411.3614005175374,412.9974614071131,11246.623588577117
1780369200,412.9974614071131,414.22549304823895,410.63990621779925,412.2153194076458,16609.93143914638
1780372800,412.2153194076458,414.89657605924526,410.65226141550136,414.3787707312178,15678.716475126606
1780376400,414.3787707312178,417.5434920486649,414.19782193773125,415.83212491452946,24227.04196253053
1780380000,415.83212491452946,417.4283717345408,414.8734584150363,416.57486936910766,9464.522850658284
1780383600,416.57486936910766,418.1007325028132,416.41813599591615,417.3146486138378,6262.556064756899
1780387200,417.3146486138378,420.3956834021278,415.94762603211956,418.4471918267476,22897.6053673105
1780390800,418.4471918267476,419.2502751112631,415.77246727001994,417.4992164304713,21932.72941883953
1780394400,417.4992164304713,419.33363509205424,415.5488647697173,416.4780116803634,26656.905057814954
1780398000,416.4780116803634,417.5864939483653,415.3156498835645,416.9458842596611,17442.691936461662
1780401600,416.9458842596611,420.0849564926521,416.1250506178423,417.8223479685284,10720.108472622414
1780405200,417.8223479685284,419.0935758630114,413.85163129323496,417.42652912859467,145400.91874469194
1780408800,417.42652912859467,423.55902690415104,415.6368259071813,422.61503497679735,135175.72241725348
1780412400,422.61503497679735,423.9837400304897,419.370624267371,421.3702429399882,57109.39367185441
1780416000,421.3702429399882,426.9939642866069,419.4774824238058,423.0059880349858,44043.93350468623
1780419600,423.0059880349858,424.26536817082564,420.1428917450042,422.7225129192106,28674.241919437296
1780423200,422.7225129192106,423.73068314195774,420.9010756158187,422.23939539348237,28194.03571200656
1780426800,422.23939539348237,424.9067579126982,418.8077280595928,424.728690942876,92848.17784173755
1780430400,424.728690942876,424.728690942876,421.8861151365851,423.4017087142115,19385.546161625196
1780434000,423.4017087142115,423.7174232713272,421.60851456735355,421.83389637216266,6713.019600436741
1780437600,421.83389637216266,424.1423583309679,420.27893007787173,422.5488453570488,5563.638364069362
1780441200,422.5488453570488,422.9311180633512,420.2781568244081,421.6666051222673,9468.109035438905
1780444800,421.6666051222673,422.2754028703937,419.0102726370977,420.50166585872927,11041.86099485525
1780448400,420.50166585872927,421.69241383527395,418.9677030808359,419.194927444605,16425.111537801422
1780452000,419.194927444605,421.3523910861404,418.3916137798365,419.16636100618723,11600.355328795897
1780455600,419.16636100618723,421.7885639718157,418.6372881510726,419.78775794460853,5031.4501701514855
1780459200,419.78775794460853,421.50913302060684,418.9708396993922,419.2281862444918,4266.118961466268
1780462800,419.2281862444918,421.4639594376059,418.7792061242552,420.1278786065894,5537.0456146222605
1780466400,420.1278786065894,422.5206665194822,419.85352899875846,421.86230586747,6414.266306972832
1780470000,421.86230586747,421.86230586747,419.7613402734639,421.07638438617437,21848.575287259384
1780473600,421.07638438617437,421.6558018526823,418.43455087869125,419.2684877446651,19834.536710749053
1780477200,419.2684877446651,419.97985159844626,416.99410190628953,418.5107358143525,34916.2161027506
1780480800,418.5107358143525,419.46502831554045,417.25902075902263,419.46502831554045,22702.671149954167
1780484400,419.46502831554045,422.1449570422696,417.9435435141003,420.6022486220423,26245.851194322993
1780488000,420.6022486220423,421.7841192758118,418.4477738438969,418.4477738438969,6696.29065105689
1780491600,418.4477738438969,425.92981357180616,416.8066106932297,423.93838223987984,200225.05142659624
1780495200,423.93838223987984,434.1716510068488,423.460592547295,431.73512706557676,194316.47328479306
1780498800,431.73512706557676,434.3271873093654,424.0946453169755,425.95971406777255,108974.7588031432
1780502400,425.95971406777255,425.95971406777255,420.4593122088572,421.69336597568514,54046.21022528732
1780506000,421.69336597568514,423.4556614495307,417.6668413371057,422.6462321112856,49998.18502899036
1780509600,422.6462321112856,424.71820733017364,421.3921888548574,423.2236456873988,29957.724077149
1780513200,423.2236456873988,424.7246137378508,421.030891084027,424.25598564438957,55202.18820909888
1780516800,424.25598564438957,425.3352239678003,421.8270603803542,421.99650591222996,11678.575630323417
1780520400,421.99650591222996,424.5935317672061,420.3154034926831,421.40312073425787,13493.987516511217
1780524000,421.40312073425787,423.9071349218216,420.871643590883,420.871643590883,16600.722916662962
1780527600,420.871643590883,422.7233263205867,419.61253248660364,419.7123978498727,11401.064306468319
1780531200,419.7123978498727,423.1489802372411,417.629950943831,423.1489802372411,43608.9306265571
1780534800,423.1489802372411,426.6366431348925,422.05353064347497,422.2231092134833,60108.35780567212
1780538400,422.2231092134833,424.2279444938213,418.85434932114043,423.24496549373697,36939.36900316359
1780542000,423.24496549373697,423.24496549373697,419.9324355017344,422.2941514308747,6600.267512121908
1780545600,422.2941514308747,422.881291978112,421.341836449097,421.8470356563054,3998.3895593931
1780549200,421.8470356563054,423.26918660976935,419.9581934880139,420.5031263653451,10843.123163684308
1780552800,420.5031263653451,422.0845917868018,418.3452424763197,421.39211406049503,17456.307125869083
1780556400,421.39211406049503,422.9359549473636,420.21564196032864,421.9800416405414,12975.505125091247
1780560000,421.9800416405414,422.06979284023754,418.9247910859537,420.80597647279257,11559.695888260465
1780563600,420.80597647279257,421.16024329379815,417.92274153437,420.28429162978006,23136.77975012598
1780567200,420.28429162978006,421.7456270189629,417.5586983211719,418.75459416185225,14036.760484502285
1780570800,418.75459416185225,421.800688877849,418.1942253101013,421.38243737607127,25580.446764178214
1780574400,421.38243737607127,423.6662432984674,419.8333613531069,422.4591001489279,17468.337439328847
1780578000,422.4591001489279,426.49831879275035,417.9284619619541,422.15220798735174,202419.59963302634
1780581600,422.15220798735174,426.621837569384,418.0803094576396,418.18563704998706,163960.1427107886
1780585200,418.18563704998706,422.44623817428266,417.53543323639974,418.7556991739094,81106.79174288649
1780588800,418.7556991739094,421.2297357884402,417.82668140035014,420.1005190426188,53775.09978864592
1780592400,420.1005190426188,422.8186322867022,417.2933862334685,420.7421310504805,70388.47790849434
1780596000,420.7421310504805,420.7421310504805,417.60501419743406,419.81162020890986,19789.40371884932
1780599600,419.81162020890986,420.9862822311389,418.2567466708749,419.6609452383745,30435.462880591982
1780603200,419.6609452383745,419.6609452383745,417.5257652336314,418.06713540917247,8670.342694040268
1780606800,418.06713540917247,418.73754944071266,416.46466800738705,417.75743773460033,5279.30353089112
1780610400,417.75743773460033,418.4181389252606,416.21974688761776,416.2321579951359,47523.26670031737
1780614000,416.2321579951359,417.96750353108894,415.31482659763503,415.31482659763503,6176.591046231252
1780617600,415.31482659763503,416.93120944497366,412.73589282393516,414.2188812376775,33589.96798318507
1780621200,414.2188812376775,415.5814999809365,410.3635668352001,414.8407656274942,27491.59546374764
1780624800,414.8407656274942,416.2024610463976,413.279871760049,415.6344254058795,4737.928665436252
1780628400,415.6344254058795,415.6344254058795,412.84190945828436,412.84190945828436,7577.859339756726
1780632000,412.84190945828436,420.5518701854074,411.56104745001664,417.82143861886993,52996.760946618044
1780635600,417.82143861886993,419.2094613937768,414.6601835584622,416.4978811023568,18870.500131748857
1780639200,416.4978811023568,419.892599508807,415.0108614734858,416.2016461147124,35381.11881350038
1780642800,416.2016461147124,418.8440280383276,415.122967989342,417.0384994021223,23473.008411013685
1780646400,417.0384994021223,418.63150277301764,415.75720512992217,418.383822109508,22125.13133125613
1780650000,418.383822109508,418.7003305426025,416.2551718616991,417.52247250683126,18157.17538762695
1780653600,417.52247250683126,420.2375318500136,417.207169402785,419.57165752545995,14340.869635400171
1780657200,419.57165752545995,421.0157242085523,417.16766580474706,419.1269039894215,16797.604147017213
1780660800,419.1269039894215,422.69554006688634,417.4713121596282,419.3656847707243,53094.13549419438
1780664400,419.3656847707243,424.16838694576194,410.3445563445061,410.4553247233794,257694.07052975748
1780668000,410.4553247233794,412.15591753161095,404.8788808757307,406.44548534267045,170494.4977588235
1780671600,406.44548534267045,407.140764004081,400.06424529327035,401.21207571855973,83760.18574795312
1780675200,401.21207571855973,402.1472223078549,395.2866526248584,397.4296865918032,68697.48324727369
1780678800,397.4296865918032,398.2413805522904,394.2679118528153,396.1571463550243,79203.4497324154
1780682400,396.1571463550243,396.48615580032066,389.7272268061594,393.46975178460303,54741.53728973805
1780686000,393.46975178460303,396.93096289115147,388.3625759520067,390.422795186759,95600.25414272361
1780689600,390.422795186759,392.9807294679217,388.74484803642514,390.912323721605,40567.884377565504
1780693200,390.912323721605,392.94984259606946,389.5193197032492,392.54360248808007,29737.252630154133
1780696800,392.54360248808007,395.20410393954876,391.0330053520069,393.2880725041039,26666.65438443301
1780700400,393.2880725041039,393.4880117009645,389.9705066930477,390.7795217028215,12757.407008697986
1780704000,390.7795217028215,394.66575086851395,389.49197800212863,393.65053457529797,25911.618506165974
1780707600,393.65053457529797,395.6224769824899,388.8715059331152,389.2968051847287,41349.50016743041
1780711200,389.2968051847287,390.92495038554085,384.1837341519774,386.69675578521327,56611.99793451085
1780714800,386.69675578521327,389.9430854239703,386.62269899118905,388.9647868867746,20701.846247335307
1780718400,388.9647868867746,390.9984167229671,383.7985906341486,384.95187689465854,44318.41166508313
1780722000,384.95187689465854,388.59892361027335,383.9021321990413,387.52488609230653,23456.716525317428
1780725600,387.52488609230653,389.6068255804319,387.11009751837133,388.60795352483314,26017.26666913612
1780729200,388.60795352483314,389.4000087191954,384.60597362438574,385.85925006771123,35806.78462333224
1780732800,385.85925006771123,387.91703209301073,385.0578721210949,387.33256120658103,26630.877157463856
1780736400,387.33256120658103,390.08235738171504,387.0051036846026,388.18862814999477,18484.411795249423
1780740000,388.18862814999477,390.0929968700271,386.5466586174416,387.6664332147449,12130.282389462218
1780743600,387.6664332147449,390.26617587112474,386.5558486337185,389.66911301603585,18391.769804432908
1780747200,389.66911301603585,392.7411108381286,388.8637997078212,391.52751582150097,35831.79361902497
1780750800,391.52751582150097,393.46539363055933,390.42111783297895,391.0167461285797,20766.333841069332
1780754400,391.0167461285797,393.6610507686102,390.46398381268125,392.0502929949749,14533.35791234129
1780758000,392.0502929949749,393.3932997082095,390.12345623100964,390.49131907046063,4819.713117320353
1780761600,390.49131907046063,393.51163357135414,390.49131907046063,392.53957040976104,14941.107685607216
1780765200,392.53957040976104,393.57987715565156,390.743808138095,391.92039476788966,13878.855448503025
1780768800,391.92039476788966,393.21325189406235,390.51439355868035,392.8878061289072,1221.4966346509302
1780772400,392.8878061289072,394.2545785614611,391.2174540343797,392.7110229352094,12510.067207117303
1780776000,392.7110229352094,393.2851235581351,391.6126057571126,392.104771497123,4618.126648607134
1780779600,392.104771497123,393.4051824350471,391.96540918968066,393.1959016234607,26248.294204464557
1780783200,393.1959016234607,393.646691985042,391.08108954071645,391.8548473405758,5874.1904119249475
1780786800,391.8548473405758,393.86085602520023,391.4839546435889,393.01630070558605,9118.93049742783
1780790400,393.01630070558605,394.0012777159757,392.30934445713876,393.6474030976907,1331.4921683954076
1780794000,393.6474030976907,394.5677520638866,392.1423490979927,394.4579465176921,7794.693197540058
1780797600,394.4579465176921,396.07559570166586,393.4756191813152,395.064054634316,6219.671229841852
1780801200,395.064054634316,396.50126664462937,393.849319842193,395.16597367252416,16747.68954017825
1780804800,395.16597367252416,395.53569497578843,393.6172204202186,394.2512576248502,9515.738133470726
1780808400,394.2512576248502,397.65048517284856,394.2512576248502,396.84087152978327,9657.931854195354
1780812000,396.84087152978327,397.99792389926534,395.76054145696895,397.5875091053042,7653.146651778498
1780815600,397.5875091053042,397.98211681066056,395.0922812576765,396.4051366744793,65440.06556596727
1780819200,396.4051366744793,398.0344071188015,395.9368404517743,396.4870328901782,4162.907676234419
1780822800,396.4870328901782,399.29507706297784,395.5877400708281,395.5877400708281,15366.607628399508
1780826400,395.5877400708281,397.22792242482257,392.7883910857062,394.3532144800509,22171.69536309218
1780830000,394.3532144800509,394.881605104262,392.434150063159,394.10399214592513,2914.2688196339545
1780833600,394.10399214592513,397.1793124752287,391.4456949602784,391.8443264213137,15959.25059416623
1780837200,391.8443264213137,395.58189047617833,391.8443264213137,395.49464395172436,15071.992660325213
1780840800,395.49464395172436,395.98460652725043,393.58875753684737,394.7404108646928,16255.879816429942
1780844400,394.7404108646928,396.22254309751213,394.42589444616044,395.33062904968097,2307.950871320455
1780848000,395.33062904968097,396.0668258465756,393.25345829484957,396.0668258465756,6932.989419258561
1780851600,396.0668258465756,396.0668258465756,394.572720846717,394.572720846717,1902.5587390663572
1780855200,394.572720846717,395.89151991982794,393.9474559934543,395.0342779473919,6477.002527441156
1780858800,395.0342779473919,395.0404750857508,392.2272781068098,393.6248967294814,17375.518837901534
1780862400,393.6248967294814,393.81756671134923,391.7633004303839,393.4467223953157,5290.359890694044
1780866000,393.4467223953157,395.23590945950224,392.58934477773016,394.3553470450423,4307.704878067283
1780869600,394.3553470450423,398.7791893168716,390.95436667778654,394.8582683785988,36000.3602488924
1780873200,394.8582683785988,396.7880658437181,394.4041219631749,395.49885990001025,20258.368357990257
1780876800,395.49885990001025,398.1626503218984,393.52577357328636,396.77578621439716,98016.7374264042
1780880400,396.77578621439716,397.6189538210786,392.86166913282494,395.38355854001924,58285.60711147075
1780884000,395.38355854001924,396.892320814117,393.7903400226659,396.8300073931499,26453.903026558324
1780887600,396.8300073931499,397.116018536786,394.8577250942103,395.6436146224757,7169.586179946159
1780891200,395.6436146224757,396.77175776629207,392.2752339256778,392.5918323942162,19564.908953015434
1780894800,392.5918323942162,393.9564666971916,389.9844948349289,390.87290626298244,34503.9423785792
1780898400,390.87290626298244,393.51898038383547,390.68102849290534,391.067036436259,41205.763555559235
1780902000,391.067036436259,394.79422074973775,390.9832282725695,393.87491885158045,32202.867275231067
1780905600,393.87491885158045,395.64254413839603,392.70253874396366,393.2736507516494,27788.50813766855
1780909200,393.2736507516494,395.95544574714825,392.9163106951891,394.8793850350468,21647.60998304965
1780912800,394.8793850350468,397.00838771707157,394.5438821249943,396.4770916381764,23811.032267744456
1780916400,396.4770916381764,398.646451721334,396.0856296254153,397.8435419995404,28319.05825743803
1780920000,397.8435419995404,402.1532553732348,396.9403621163639,399.932249164547,25185.137018487032
1780923600,399.932249164547,403.77576158039216,395.1573292414291,402.5997550975935,523879.837804747
1780927200,402.5997550975935,405.04699876334723,399.7704138852909,403.51154249429993,110055.30720993018
1780930800,403.51154249429993,404.2631928652524,399.42327118306116,402.3400321194276,68277.49322967733
1780934400,402.3400321194276,407.33453481698604,401.7689847168148,406.95277520511775,71427.72978673276
1780938000,406.95277520511775,411.3450222431969,406.2032482232225,409.022266781249,72912.204537813
1780941600,409.022266781249,412.94736766302253,408.9727009278582,411.66535136859034,32078.669247227954
1780945200,411.66535136859034,412.2798224651324,407.8549820016287,409.48405538498594,57306.24053215421
1780948800,409.48405538498594,409.48405538498594,406.58631556175015,408.64176666025446,5799.131089322704
1780952400,408.64176666025446,409.22556103429383,406.5904643322871,408.11143216209825,6470.104478235091
1780956000,408.11143216209825,409.1568290538654,403.7962317665124,405.95571114792125,36789.87680674047
1780959600,405.95571114792125,408.68537300528124,405.95571114792125,407.88342705384673,16677.83948635214
1780963200,407.88342705384673,409.58370677012346,405.5378178074284,406.86878167250774,28066.74929511119
1780966800,406.86878167250774,409.5765156357146,406.10922002866,406.66126633247035,20222.608591667686
1780970400,406.66126633247035,409.3215865817027,406.57860831446175,407.14560804521847,13280.616682608046
1780974000,407.14560804521847,410.41066800370027,407.14560804521847,408.4979542172726,9178.809171153394
1780977600,408.4979542172726,412.2480915186987,407.5352276033888,409.8432326306676,7028.81636037334
1780981200,409.8432326306676,409.8432326306676,408.3668086311475,409.6018320304147,6279.769482815034
1780984800,409.6018320304147,412.6057630337323,409.40150656579436,410.8116410940804,16649.084047734723
1780988400,410.8116410940804,412.3458133109768,409.31210406568067,410.36541328088293,14933.108964665196
1780992000,410.36541328088293,412.17069947655585,408.22240690611847,411.8299181678615,16077.60749748808
1780995600,411.8299181678615,412.03402658402206,409.7873505932806,411.3173911905973,8820.699247610477
1780999200,411.3173911905973,412.87554027466126,409.59013746395703,411.3682842557001,27296.754501067902
1781002800,411.3682842557001,412.8987134411219,410.59176301783236,411.4847888478324,9780.449949684149
1781006400,411.4847888478324,416.43958487375494,410.94547420118363,412.8364235916686,47702.85879765208
1781010000,412.8364235916686,418.81722971410824,408.9457247780378,412.50740113051825,346104.8865980127
1781013600,412.50740113051825,414.3658246116141,401.28534399306267,402.93813026374085,205674.42751320053
1781017200,402.93813026374085,404.0517524706494,391.8264055983775,391.99761190971697,137722.10132056757
1781020800,391.99761190971697,394.53512551214294,384.6174501219139,387.71804375419606,220233.446971735
1781024400,387.71804375419606,395.72353127995257,386.2455046467628,395.2850696059536,151029.73277819317
1781028000,395.2850696059536,397.2178788391193,393.5255327823138,395.7698850393644,60942.61809282649
1781031600,395.7698850393644,398.1170328577243,394.3575488085585,397.5870407209582,72656.24100169355
1781035200,397.5870407209582,397.5870407209582,395.6878731706402,395.9969082941057,8936.070764107903
1781038800,395.9969082941057,397.64111377537836,394.9973001881503,395.25961593937507,8096.6703505897
1781042400,395.25961593937507,397.17949838377336,395.1041055935494,395.95154877454144,15345.195476574469
1781046000,395.95154877454144,397.145795995299,394.28718872366954,397.05883253550127,12682.98154797784
1781049600,397.05883253550127,399.127128171503,393.75519733962096,396.1152915240321,52581.08649679315
1781053200,396.1152915240321,397.5351381461749,394.59323858038596,394.68271350113065,20334.230609733477
1781056800,394.68271350113065,395.56531413491683,392.7497745679978,393.3672592470538,21286.738594980583
1781060400,393.3672592470538,394.85590822484085,392.17790294247504,394.46966312606787,10121.733939007026
1781064000,394.46966312606787,394.9698247862521,390.4290703193608,393.01415733651174,27347.186214604524
1781067600,393.01415733651174,393.2988025799718,390.06330549650613,392.50126573159304,25619.663790818704
1781071200,392.50126573159304,393.7999964427384,391.9567207058517,393.5780477149105,20736.549140352377
1781074800,393.5780477149105,394.17816388356533,391.57984256640555,393.0309667272612,8882.89122878347
1781078400,393.0309667272612,393.3049005084828,389.7616671079981,389.8494754027578,31844.14335964096
1781082000,389.8494754027578,391.47557929224894,388.2570532597229,390.0994735817342,32825.02543892951
1781085600,390.0994735817342,392.9292423714729,389.5550628517735,391.0768253872923,39191.20395799928
1781089200,391.0768253872923,393.42450134892584,387.468493998493,391.190460585971,77656.58297224513
1781092800,391.190460585971,395.78904336251975,389.5250749819365,393.73784874447927,149231.9765043423
1781096400,393.73784874447927,396.6156734970959,390.7043873136516,392.16802606530484,242949.8246430318
1781100000,392.16802606530484,393.5041222985135,384.3515977055343,384.89202750003386,205731.28856116405
1781103600,384.89202750003386,388.126311433705,382.886392340748,386.8052369816173,122769.58974875785
1781107200,386.8052369816173,387.6115236565,380.4003172552782,383.04167757216334,157756.36152056523
1781110800,383.04167757216334,385.7571540990003,381.7387787767936,384.1569461865582,71339.7898203172
1781114400,384.1569461865582,385.0257333803281,378.7049998624765,382.00293222886614,32056.11429158677
1781118000,382.00293222886614,383.3398356861578,379.38484204913084,382.90618352241455,60247.74168170046
1781121600,382.90618352241455,382.90618352241455,379.9377184530443,381.3474825824776,29604.294461318113
1781125200,381.3474825824776,382.4488602709187,379.61752348099947,379.72107039060444,14474.218575461498
1781128800,379.72107039060444,381.95530139488204,378.5203534920607,379.34496508125955,22226.02094812625
1781132400,379.34496508125955,380.5849836784677,377.4108185929545,378.3987655735248,36061.78900015304
1781136000,378.3987655735248,383.18060193737915,378.2316741809795,381.8649277300135,52937.406946866875
1781139600,381.8649277300135,386.8304094815208,381.8649277300135,384.88627971017695,64571.979519962806
1781143200,384.88627971017695,384.88627971017695,379.6782014463747,380.9739356262284,83057.30846009495
1781146800,380.9739356262284,383.6711779572458,380.34550838583584,383.48840383089095,48965.230378781984
1781150400,383.48840383089095,385.1859469906968,381.6707066870514,384.6249645643294,111372.53680258636
1781154000,384.6249645643294,386.1201262013355,383.0793858641199,384.2448325192701,44983.17372547918
1781157600,384.2448325192701,387.4895844603242,383.81535719175696,386.0545076583144,9441.950744841935
1781161200,386.0545076583144,387.8757998180839,384.2807443918284,384.2807443918284,18250.125944103922
1781164800,384.2807443918284,389.36591539755415,384.2807443918284,387.5560322750186,44485.10084111307
1781168400,387.5560322750186,388.65509769325695,385.78697419429614,387.507645782801,38316.4512276552
1781172000,387.507645782801,389.7628969465889,384.9787305360106,386.2745216918695,39965.816312795425
1781175600,386.2745216918695,388.86416070017685,383.9410170941219,387.95299477585024,39669.188431536175
1781179200,387.95299477585024,388.86092771629734,382.4640418198883,385.1625462181835,83668.59041556045
1781182800,385.1625462181835,390.12254517286834,380.30757824937507,387.47840093284555,263022.8663145978
1781186400,387.47840093284555,390.8235454899832,384.74876433520785,385.6072135827929,294566.0555838399
1781190000,385.6072135827929,387.3548061822806,383.65688569130145,386.01225047187853,111876.36808347238
1781193600,386.01225047187853,388.47659798040877,381.6388355916543,384.14078496959746,49912.98443931798
1781197200,384.14078496959746,399.5628102502742,383.28074782359204,392.30664743779255,190309.23683522193
1781200800,392.30664743779255,394.491420375004,390.6522870827505,393.93541690128643,63288.06460084082
1781204400,393.93541690128643,400.06549548368025,392.38755577367846,399.42174557201974,109503.82377697747
1781208000,399.42174557201974,401.21892745587064,396.33364643710576,396.33364643710576,28594.013743313113
1781211600,396.33364643710576,399.4335832119558,396.33364643710576,398.6249532133995,9943.959750635446
1781215200,398.6249532133995,400.880306076827,397.9001405115883,400.101055119091,9642.414458260993
1781218800,400.101055119091,400.41059779397006,397.1259049708279,399.3907929811963,18620.760415395758
1781222400,399.3907929811963,404.0565898719922,398.1626753928603,403.03741685591126,98334.23048625987
1781226000,403.03741685591126,403.03741685591126,397.8410736498193,399.2803121875995,50452.954330693625
1781229600,399.2803121875995,400.91686253161186,398.18413051188986,399.80040736178404,15438.793860070387
1781233200,399.80040736178404,400.5808100264341,398.15281687028454,398.2775090399732,16330.913628163442
1781236800,398.2775090399732,401.24984677932133,398.2775090399732,399.9706951902077,7329.4964824349845
1781240400,399.9706951902077,401.14620856308557,396.5175556637047,397.25460261293983,26277.966481241518
1781244000,397.25460261293983,400.84716785119673,395.8712983492356,396.53780703567327,85094.96173388598
1781247600,396.53780703567327,398.3754939521823,394.20063859872937,398.3754939521823,43505.08941300934
1781251200,398.3754939521823,402.00161715653934,396.75603757593206,400.62215479370514,45441.56275056527
1781254800,400.62215479370514,402.69986427574884,399.7734922715923,401.7581914670866,24105.125747183378
1781258400,401.7581914670866,402.38944277876624,399.37264454930767,400.8930128734703,42809.92563665929
1781262000,400.8930128734703,404.38855544956,400.23258116056604,403.5027107027294,32970.428054817785
1781265600,403.5027107027294,404.87583264913536,398.36606048612293,398.37764006595216,95044.59743338444
1781269200,398.37764006595216,403.5940790203996,395.2506891006652,396.2464820629421,331841.158023107
1781272800,396.2464820629421,399.1972342849457,392.17366672864165,396.6707004387482,240851.94412783763
1781276400,396.6707004387482,401.16732144461423,389.64590489310433,390.22666230033633,169040.06857412725
1781280000,390.22666230033633,398.7931721607589,386.8337502950538,398.3026701056531,184532.97926080567
1781283600,398.3026701056531,404.2817748872971,398.3026701056531,402.3377567672982,156539.4385120738
1781287200,402.3377567672982,404.9172359081288,399.56598056282854,401.93992820866913,78206.03983604458
1781290800,401.93992820866913,406.55815933457353,401.2701825431139,406.4127465101991,101919.43820696165
1781294400,406.4127465101991,408.9520934214312,404.1100434296922,405.8788650423109,85853.39590612269
1781298000,405.8788650423109,406.5886139118783,404.36319091555504,405.6434534950808,10675.584826593029
1781301600,405.6434534950808,406.686867193673,405.03069005446815,405.5354476621972,10566.464018934228
1781305200,405.5354476621972,407.0064636339394,404.70193503727324,406.79273391300126,18017.535970995104
1781308800,406.79273391300126,407.99475978676895,403.408551513892,403.7130451537249,18954.346514356712
1781312400,403.7130451537249,405.152158977313,403.40838127416686,403.9240001929735,18691.205896317824
1781316000,403.9240001929735,406.0722471813345,403.82903136346806,404.67831329029264,24674.157693815334
1781319600,404.67831329029264,405.7047122963521,403.4622570157034,404.6335546488565,20505.403874919186
1781323200,404.6335546488565,405.5146647221457,402.93060719436187,405.25426853003654,22249.703031811223
1781326800,405.25426853003654,405.7279971965316,403.71946222701814,404.1502086473114,11708.81906140726
1781330400,404.1502086473114,405.7259811796781,403.0972275945678,404.5500803617043,47534.77489672843
1781334000,404.5500803617043,406.2115077065256,403.80614798804356,404.5446760036177,9282.482974469507
1781337600,404.5446760036177,405.6355944614349,402.69399800674523,405.1919742708373,31571.025534009175
1781341200,405.1919742708373,405.65648141514924,403.23313106428276,404.7720339021589,23912.83078568631
1781344800,404.7720339021589,406.3965715257048,403.7984353344011,404.14286355588104,14160.479765577255
1781348400,404.14286355588104,404.76528199835997,403.317684193766,404.76528199835997,5058.867888017082
1781352000,404.76528199835997,406.25530796748376,403.1893036886334,405.1280262451851,21642.848858862544
1781355600,405.1280262451851,407.71271155162754,405.0899351449408,407.38976381729026,22215.763347650223
1781359200,407.38976381729026,408.7537304854774,405.36520137018465,407.4026395225043,10545.840882474004
1781362800,407.4026395225043,409.317119243097,406.7166920003546,408.4330343244624,19247.239570443857
1781366400,408.4330343244624,409.14245699294065,405.16808398275646,406.8894283729488,23672.27803406104
1781370000,406.8894283729488,407.20839166651973,405.17633006281835,406.91999308657824,11664.103261977325
1781373600,406.91999308657824,408.4093573481822,406.3794492024215,407.5549919387983,9102.038029257226
1781377200,407.5549919387983,407.739723153765,405.5092091602136,406.74018291688765,4246.02319932526
1781380800,406.74018291688765,407.471987534193,405.74304705143805,406.61139920315964,1488.920480569983
1781384400,406.61139920315964,409.2257364759055,403.63124125647994,407.0378867727188,15227.845754866321
1781388000,407.0378867727188,407.5037972792719,406.3369378925614,406.90145327768676,1468.3328814991305
1781391600,406.90145327768676,406.97206299854554,405.8517215979555,406.52417028244224,2827.78553365874
1781395200,406.52417028244224,407.55351238548803,406.15778730311047,407.04525431517663,1072.5847986279691
1781398800,407.04525431517663,407.460357488146,405.18133016971814,406.3568006710621,6248.289150755887
1781402400,406.3568006710621,407.3393530519029,405.37003178605363,406.5392777391125,3669.150442985804
1781406000,406.5392777391125,406.55124430392056,405.39229098085633,405.85708110112324,977.771706576916
1781409600,405.85708110112324,406.98338947887106,405.4166760200233,406.66156921080835,2548.774194792011
1781413200,406.66156921080835,407.54906600679453,405.31895604145313,405.62917968190663,10700.96712400367
1781416800,405.62917968190663,407.35463721336504,405.62917968190663,407.17686087687997,8850.400171626441
1781420400,407.17686087687997,407.3153201936948,406.0757259263036,407.3153201936948,7046.489319950416
1781424000,407.3153201936948,407.79613464108985,405.87414904975856,407.18037268816624,6122.7276829304255
1781427600,407.18037268816624,409.324739487048,406.47345743942003,407.30185148158984,11253.906081248726
1781431200,407.30185148158984,409.00034743185057,406.24955348386203,409.00034743185057,3668.2826595505276
1781434800,409.00034743185057,409.00034743185057,407.02400864069295,407.81175868975106,5026.857733306012
1781438400,407.81175868975106,408.7352298732755,406.83186255176065,407.02696522185306,10982.526729790583
1781442000,407.02696522185306,407.36307041541056,406.0601543524385,406.14792720158624,14474.596956924515
1781445600,406.14792720158624,407.1984943715576,404.2050788468984,405.47961459338217,6768.319878895415
1781449200,405.47961459338217,406.12721531133997,405.47961459338217,405.85606948546075,2965.2934738368763
1781452800,405.85606948546075,407.76959636989585,405.63539467716,407.06941616961115,9514.160146595146
1781456400,407.06941616961115,407.0894668268228,405.2001806824101,406.27336478763647,9658.431691239186
1781460000,406.27336478763647,406.56249621759144,404.2233325406779,405.7842640522475,4638.5147162631465
1781463600,405.7842640522475,406.24786234225826,404.7791973680496,404.8566164851955,5719.001957296558
1781467200,404.8566164851955,406.39384762333196,350.44229822890395,350.44229822890395,11039.98166452414
1781470800,350.44229822890395,410.87106510043867,350.44229822890395,409.78594509516074,29095.697735119007
1781474400,409.78594509516074,410.8228330477357,407.31761246189365,410.61401774105383,22075.121320935705
1781478000,410.61401774105383,410.75135669545546,409.52343287123307,410.0749044780645,4815.623310418035
1781481600,410.0749044780645,411.93436318412824,408.1716041483644,409.6846319504373,66109.49953983826
1781485200,409.6846319504373,411.52602221212925,409.03856369925154,411.1028970003539,15547.761860372151
1781488800,411.1028970003539,412.01301987948676,409.7572578870811,410.9690293307043,16663.71939741716
1781492400,410.9690293307043,410.9690293307043,409.3098828232999,409.8171612205423,8596.36771091039
1781496000,409.8171612205423,411.9217810839318,408.78792627884644,411.4425391638401,11417.177193098321
1781499600,411.4425391638401,412.33174963314855,410.69013870196613,410.99542715431147,4694.252795944053
1781503200,410.99542715431147,412.30066737923596,410.08724135450404,411.2109781122524,17018.209483750896
1781506800,411.2109781122524,412.5293957578031,410.2017079545789,410.6507047211193,12877.729087265288
1781510400,410.6507047211193,412.6348451539327,410.2524989930091,411.7581346442699,20513.15540716483
1781514000,411.7581346442699,412.3981398023307,410.2216742665736,410.30055801813677,7547.739936543919
1781517600,410.30055801813677,411.4730853249981,406.72177385771045,410.2048255612623,12790.735857117095
1781521200,410.2048255612623,413.01715248961955,410.2048255612623,412.1579222376066,37084.21692032944
1781524800,412.1579222376066,413.897275015205,409.6595154902196,411.9397224246014,23595.241601063026
1781528400,411.9397224246014,414.6409280199288,408.53667532556995,411.75455133636547,283239.4058840547
1781532000,411.75455133636547,413.65879004338973,407.4305495719956,411.4051505655211,108587.02999082758
1781535600,411.4051505655211,411.4051505655211,406.70095716688326,409.33769920480006,102460.71898589497
1781539200,409.33769920480006,412.1593989336271,407.7705122896087,409.0497111993038,66394.24703707075
1781542800,409.0497111993038,411.8953867229335,408.52752745999805,410.3477843065,42376.54082021716
1781546400,410.3477843065,412.02172196587344,409.27962786747474,409.5956509628909,24209.298608538877
1781550000,409.5956509628909,411.5186426176178,407.9533550135066,410.3834497770188,37568.17764238408
1781553600,410.3834497770188,411.56488778861484,409.3862967654058,410.4113433199106,16122.699554517916
1781557200,410.4113433199106,410.7628852048944,408.45605760822207,409.9160144036849,2333.299523763806
1781560800,409.9160144036849,409.92026996268334,407.3029558450698,409.7916492885302,51489.811931595985
1781564400,409.7916492885302,409.7916492885302,407.065758641329,408.2695004205169,8822.94806268962
1781568000,408.2695004205169,408.700312009294,403.5756118658205,403.5756118658205,38634.20580359137
1781571600,403.5756118658205,405.5231601283969,403.40281427125706,405.1712046949102,13964.677898099546
1781575200,405.1712046949102,406.44481415667076,403.66227290578695,404.8753771261758,13123.186936212602
1781578800,404.8753771261758,405.78412173273455,403.54364846241464,404.1766086647807,13133.607182732787
1781582400,404.1766086647807,405.32501736794325,403.2686460263825,403.2686460263825,9961.346297753023
1781586000,403.2686460263825,405.3000204720525,403.10502431007694,404.59092179242435,6220.240950507581
1781589600,404.59092179242435,405.0604443297075,403.76487239446664,404.17403997046324,5061.80824260348
1781593200,404.17403997046324,406.0876600701385,404.17403997046324,405.1264645047258,1083.9281288814007
1781596800,405.1264645047258,405.9782688883358,404.11020513654165,405.9782688883358,8212.972224248912
1781600400,405.9782688883358,405.9782688883358,403.2472428340294,404.8991508472408,12978.9120151238
1781604000,404.8991508472408,405.5497917392105,403.62314047698476,405.4444259945827,6152.803993416837
1781607600,405.4444259945827,412.347600172254,405.4444259945827,407.26344003902557,44343.125894945224
1781611200,407.26344003902557,407.523828308929,405.45209309123476,406.32288172931294,19024.520974625524
1781614800,406.32288172931294,412.0233734881375,400.3793013998245,410.28811024968564,223402.82941137766
1781618400,410.28811024968564,410.3517572930528,400.38282089363605,406.4470989029186,236747.68177289685
1781622000,406.4470989029186,410.5691844704706,404.6615080214555,406.70979178521594,138711.79136444372
1781625600,406.70979178521594,407.7018234572836,402.947672513114,405.21253652947007,51799.80432847594
1781629200,405.21253652947007,405.38673388923496,402.2757233511394,404.5685725421311,29134.75434328942
1781632800,404.5685725421311,406.2165307488416,403.80573993764284,404.9419087971964,8738.338980545952
1781636400,404.9419087971964,406.80315963580955,404.5758903187302,404.5758903187302,55661.689891543385
1781640000,404.5758903187302,405.2532729428715,402.6687092140313,404.1710924437684,11214.031524196793
1781643600,404.1710924437684,404.5814093438254,403.30311465396227,404.55891560372424,1168.600683614192
1781647200,404.55891560372424,405.54276648741615,402.9612888724559,403.784469345241,20193.831112928143
1781650800,403.784469345241,404.1586081014736,402.9215299234635,403.12452877509946,2772.6353306324277
1781654400,403.12452877509946,404.5467802175968,402.12941083235665,403.3991390820017,10876.30144694813
1781658000,403.3991390820017,404.54051062549524,402.8664256556375,403.2586659858211,35623.91218095045
1781661600,403.2586659858211,405.10147866025966,402.51544456799223,403.8410580393411,8419.722483039037
1781665200,403.8410580393411,405.0810231806716,402.97277393547785,404.51429672663176,11802.885077110777
1781668800,404.51429672663176,405.0795432740607,403.4773705499697,403.4773705499697,1746.4752995235094
1781672400,403.4773705499697,404.52208945951577,403.4773705499697,403.5871187260731,7994.025096406515
1781676000,403.5871187260731,404.73359248694476,402.82659684198643,403.9873200835457,3801.596474258032
1781679600,403.9873200835457,405.0280682373792,402.3498430877003,404.340872692797,14443.584762558026
1781683200,404.340872692797,405.13522351693047,402.7165156052594,403.01951956217965,11449.99257577832
1781686800,403.01951956217965,404.962343788274,403.01951956217965,404.5627012717765,11901.05914338365
1781690400,404.5627012717765,404.75734153062155,403.73537430528535,403.92823986826363,4277.829283515835
1781694000,403.92823986826363,404.27932577351737,401.809432437345,403.49662109334236,16949.322860932236
1781697600,403.49662109334236,403.49662109334236,400.1027295633723,400.8540054538899,23082.437727623554
1781701200,400.8540054538899,403.7542886097974,399.04275020332926,399.1476854845046,130418.21552756158
1781704800,399.1476854845046,403.25150886571794,397.4024270208492,399.1772773457523,111831.55877316491
1781708400,399.1772773457523,402.52534083506936,396.66060331560743,400.3519821299498,49189.595889235476
1781712000,400.3519821299498,405.3731365796192,400.3519821299498,404.66620996275316,50924.545709906
1781715600,404.66620996275316,405.79497627242114,402.8355656062984,405.0954356783304,31111.87055950474
1781719200,405.0954356783304,406.23429254607544,397.2395219448364,400.8543504968197,164773.0978394661
1781722800,400.8543504968197,402.17719244100243,394.619973659335,396.69304092781226,109840.16444398189
1781726400,396.69304092781226,398.63871580178784,395.63429048717245,396.78605341442454,20663.59021544444
1781730000,396.78605341442454,397.7812932966861,395.76538421375864,396.22503225400305,13151.280686338501
1781733600,396.22503225400305,398.62944628592476,395.7757923571896,397.7052930699069,9244.733382025168
1781737200,397.7052930699069,398.9386595800775,396.17022001452455,397.5648545938426,6520.343638703004
1781740800,397.5648545938426,399.45524061986816,397.35502278485706,399.1252622323677,29723.804857310013
1781744400,399.1252622323677,400.9454423046332,398.0186807136194,400.27635635100063,6158.72812812674
1781748000,399.5379854918489,400.20031703198646,397.7816349468171,398.6459757036351,8932.95484979098
1781751600,398.6459757036351,400.1321847332138,397.67968722836105,398.2515208680907,994.8863444247075
1781755200,398.2515208680907,399.58703913558816,397.0013803240114,397.6414066168881,16226.559292290785
1781758800,397.6414066168881,399.6436737804671,396.94551380490526,398.88991373355486,13732.466911328223
1781762400,398.88991373355486,400.6461141154997,397.0088970435251,398.56691976718685,105329.96627838405
1781766000,398.56691976718685,401.6927203109815,397.4777005081485,398.4379538870809,147952.19691815204
1781769600,398.4379538870809,400.1770991228808,397.38111669715846,397.43812950637806,30362.51481685493
1781773200,397.43812950637806,399.95714739450636,397.28043768277905,398.82585393233313,25195.123925148186
1781776800,398.82585393233313,400.0811924281669,397.07242295671574,398.53380910816674,18910.096427387187
1781780400,398.53380910816674,399.3457991028937,396.41363208566344,397.5438766785717,28446.135487922125
1781784000,397.5438766785717,398.9144427283225,396.4535043229031,397.8049539080375,13018.806900200772
1781787600,397.8049539080375,400.05220764797156,387.49697846558604,388.7564286238902,176908.9225538631
1781791200,388.7564286238902,391.69877076988956,384.6521834950726,388.1839399515347,357514.28078000713
1781794800,388.1839399515347,392.8984498568065,387.6072040156216,390.7561164713268,86336.63673891003
1781798400,390.7561164713268,393.32074471799234,389.3237534736859,393.32074471799234,44642.67814522903
1781802000,393.32074471799234,397.6563008809603,392.35692281102286,395.55628349906294,55577.57776678573
1781805600,395.55628349906294,396.75659059394354,393.4052710665882,394.1248588476266,34893.03231265799
1781809200,394.1248588476266,401.1303183115778,391.97645350043786,400.280935312299,87009.81868955854
1781812800,400.280935312299,402.1420265514845,397.9622768085885,399.4569047510198,33328.85498852709
1781816400,399.4569047510198,400.64633412996375,397.882393056657,398.7834190058648,18371.08522809695
1781820000,398.7834190058648,399.7589700576406,397.3477965424949,399.0813945772045,14387.495343658255
1781823600,399.0813945772045,399.4361154000299,394.73696440688417,398.4595184253839,2886.0026120828984
1781827200,398.4595184253839,398.81168994825686,396.4365874134141,398.79137803830935,17758.32777050355
1781830800,398.79137803830935,398.79137803830935,396.0390791367839,396.8358701062883,7124.471153584705
1781834400,396.8358701062883,399.57321603531324,396.40170543369413,398.1168308737642,16203.687119781145
1781838000,398.1168308737642,399.51231517443034,395.3729035121801,396.8956781701686,7483.649723066104
1781841600,396.8956781701686,398.3738191791035,395.98801381982764,396.64195380390896,8602.224313704304
1781845200,396.64195380390896,398.83668297700615,395.55274400051087,398.5872020684028,13160.978628337552
1781848800,398.5872020684028,401.130176338359,397.13306845497306,398.4918579715984,155756.4876643506
1781852400,398.4918579715984,400.50990379501445,398.1921889252547,400.50990379501445,4192.559872719178
1781856000,400.50990379501445,400.50990379501445,397.48787861254254,397.48787861254254,8271.777089149165
1781859600,397.48787861254254,399.55609247632435,397.2572722429501,397.9603370778904,15198.776183934324
1781863200,397.9603370778904,399.83379587062404,396.97709449203444,399.7772712038877,4062.3315194890847
1781866800,399.7772712038877,399.78778335055864,397.48445032955465,399.78778335055864,5345.129912447497
1781870400,399.78778335055864,401.5606181452407,398.0944452806252,399.5548854930514,33941.612773487424
1781874000,399.5548854930514,401.18846421435956,398.05683383238085,401.18846421435956,9667.077397039051
1781877600,401.18846421435956,401.19562235287094,398.03382581163237,399.26755057701064,39495.81992691667
1781881200,399.26755057701064,400.51243933769825,398.7748660079338,399.6330231760383,204.63159488523382
1781884800,399.6330231760383,400.57566847349017,397.70395646748943,400.5137989411458,26948.855280590138
1781888400,400.5137989411458,400.574446843769,397.85338397720636,399.97079896870434,51945.96613724046
1781892000,399.97079896870434,401.2784435435184,398.344654424785,399.75482200658973,50830.58756128702
1781895600,399.75482200658973,400.94493862251886,398.4858446363175,400.3357816670578,69182.34358501088
1781899200,400.3357816670578,401.725002278003,397.44459574735674,397.88821787280233,34165.58258789377
1781902800,397.88821787280233,400.40903171099717,397.69769797035855,398.6831722733365,32004.939486799576
1781906400,398.6831722733365,398.6831722733365,397.9448113179119,398.10249280797944,1892.01317729333
1781910000,398.10249280797944,400.5327607228206,398.10249280797944,400.5327607228206,5894.159144641294
1781913600,400.5327607228206,400.5327607228206,398.81560866355375,399.0201826643149,62.96328022593344
1781917200,399.0201826643149,400.3162955775542,398.9438977018203,398.9438977018203,177.11197480840502
1781920800,398.9438977018203,398.9438977018203,398.9319137195955,398.9319137195955,0.1451832913599724
1781924400,398.9319137195955,400.3169291770397,398.52912611016234,400.3169291770397,855.9021491383581
1781928000,400.3169291770397,401.5129151764388,399.04443213280234,401.1697128760583,5265.737508321181
1781931600,401.1697128760583,402.42927729348213,399.84638993263826,401.399846595066,24032.9414028511
1781935200,401.399846595066,403.35938907339374,399.89316491670417,401.93231678064024,14803.834879123202
1781938800,401.93231678064024,402.74982223696946,400.39356710976034,400.39356710976034,17457.067124579407
1781942400,400.39356710976034,402.90212070265136,400.39356710976034,401.51223025657447,23909.38412541602
1781946000,401.51223025657447,402.6420684770421,400.60970111213254,401.4486441497137,9959.092991928905
1781949600,401.4486441497137,402.04382377057294,400.11838529561004,401.2152011885521,10604.714457655136
1781953200,401.2152011885521,403.09181689100046,399.8944970303553,402.0682316475327,11840.392881732734
1781956800,402.0682316475327,402.2812114977963,400.1616323423372,400.7435966554766,9218.414867913572
1781960400,400.7435966554766,402.58902334415177,399.92361919048597,401.43944541572955,36535.027343579706
1781964000,401.43944541572955,403.3834215184671,398.49016910622333,400.0260726962582,24683.593849530767
1781967600,400.0260726962582,402.39718733167615,399.30210924884057,399.71913987207216,24507.45624195149
1781971200,399.71913987207216,401.9433569975472,398.1901208032856,399.37221498756,26712.280922129605
1781974800,399.37221498756,400.72925819434613,398.1584966169022,399.0119926103272,13468.051385461642
1781978400,399.0119926103272,399.1178020028287,397.647441896324,399.1178020028287,4464.439024951847
1781982000,399.1178020028287,400.4396439272458,398.2912786453941,398.2912786453941,10792.094383438673
1781985600,398.2912786453941,400.7183198874555,398.2912786453941,400.24309485838216,7613.754373309141
1781989200,400.24309485838216,401.1415381694125,399.60238054310116,399.7518325603162,5338.978861740613
1781992800,399.7518325603162,402.029385449295,398.68084074945125,400.6953788691796,10428.890594816874
1781996400,400.6953788691796,401.69573027760345,400.6953788691796,400.8302007188368,524.2993510966983
1782000000,400.8302007188368,401.37384727003075,400.0354678039523,400.80836134948214,70.02336886694705
1782003600,400.80836134948214,401.2386015126863,400.1447373275579,400.8700301397527,2020.20217823742
1782010800,400.8700301397527,402.1805619669247,399.6394755945014,401.41271324121107,6705.804431497376
1782014400,401.41271324121107,402.3258968275285,400.53006150205215,402.08863971588704,32250.56620399872
1782018000,402.08863971588704,402.94271634568986,400.7101517433989,402.9278338196806,19538.787860269258
1782021600,402.9278338196806,402.9278338196806,400.23866895745743,400.23866895745743,550.0936181504239
1782025200,400.23866895745743,402.4970879831237,400.23866895745743,402.4970879831237,106.32271575641487
1782028800,402.4970879831237,402.4970879831237,400.3024546878968,400.9914273612845,8996.702141285015
1782032400,400.9914273612845,402.35351261389354,400.02619026649626,401.0772142046649,9036.266300562356
1782036000,401.0772142046649,402.23992280696854,400.9602617664485,401.6225219226287,17167.9286346405
1782039600,401.6225219226287,402.637353528853,401.5348366477338,401.7402449817644,2826.468288615749
1782043200,401.7402449817644,403.4660504965629,401.2003711881328,401.2003711881328,11621.172196909316
1782046800,401.2003711881328,403.23933072456737,400.90266033270956,402.01179897401414,16754.327784181216
1782050400,402.01179897401414,404.2790157134596,400.4039765663052,401.2771326960865,17742.876270115423
1782054000,401.2771326960865,402.80766016138534,400.7319460926848,402.1678912144395,13423.767047137037
1782057600,402.1678912144395,403.04082695193705,400.49808232320953,401.31450330383103,6211.456817827977
1782061200,401.31450330383103,402.5650725716307,400.5169388555079,401.79456897189255,2643.346256308579
1782064800,401.79456897189255,402.08124633734286,399.9395407830092,401.3873919145551,5098.132728985281
1782068400,401.3873919145551,402.1335027288797,400.02950076852454,401.0802278114749,4149.137079879308
1782072000,401.0802278114749,402.53640371537415,400.18139450271946,401.1818001351053,5714.993433371168
1782075600,401.1818001351053,403.64146490347935,399.84238723100145,400.70336122092846,7914.773492251657
1782079200,400.70336122092846,402.77942915878333,399.71038237604796,400.2567170711446,12028.259479569651
1782082800,400.2567170711446,401.7474331839846,398.15965989648777,398.15965989648777,24646.704091271098
1782086400,398.15965989648777,399.84961771600837,394.73243638428266,394.89486475202256,293705.16700947663
1782090000,394.89486475202256,397.1448058812544,394.265988159205,395.60360721195025,18004.485830703874
1782093600,395.60360721195025,396.3812980865927,394.74270579547493,395.7071562941659,3836.966903855037
1782097200,395.7071562941659,395.7592916024741,393.7570203635508,394.2760878913183,8219.115043022906
1782100800,394.2760878913183,394.9139380565224,390.6960183162871,391.4903023640777,177013.15421288376
1782104400,391.4903023640777,394.7111442854888,391.4903023640777,394.27599091567396,10911.791399721034
1782108000,394.27599091567396,395.6392539245702,394.27599091567396,395.2410622900044,2599.5751089069877
1782111600,395.2410622900044,395.8928558225293,393.9955981708694,395.42197347797753,11078.309959245058
1782115200,395.42197347797753,395.85986558042345,393.38240312154187,394.6284278827726,12323.09789082572
1782118800,394.6284278827726,395.60541519552623,393.87126651306886,394.2510545535061,7486.656329775178
1782122400,394.2510545535061,395.0519063529469,393.4565704246613,394.4500547752592,10855.570944266148
1782126000,394.4500547752592,397.64518799393363,394.1609574694643,396.9036435721562,27582.61849600641
1782129600,396.9036435721562,397.57336942783184,394.5688064374424,395.80215334749363,8484.153154056496
1782133200,395.80215334749363,406.6446535202849,392.84380142558956,406.6446535202849,268035.42672051326
1782136800,406.6446535202849,414.6478212966081,402.1206517090794,403.57903388315174,362600.5981099202
1782140400,403.57903388315174,411.20245829323073,402.9855466558756,406.8132044506684,185266.54002061955
1782144000,406.8132044506684,409.34993998468127,405.8118643384285,408.1294189958895,65709.44839989615
1782147600,408.1294189958895,409.2964862837664,404.9250602103161,407.5448012716124,81303.21672844059
1782151200,407.5448012716124,410.02259161705047,405.42185826892444,406.88753646463823,30446.11971925273
1782154800,406.88753646463823,407.2343116246845,402.22572572949565,404.5831641820603,87941.17143362973
1782158400,404.5831641820603,405.20811554976797,403.02596005269874,403.80521378230696,9422.592258823674
1782162000,403.80521378230696,405.50592183315797,403.11754865100147,403.91702191440066,12692.945357992698
1782165600,403.91702191440066,405.8788381032531,402.4722020615253,402.52542933829403,35099.64969246652
1782169200,402.52542933829403,404.47466389317145,402.52542933829403,403.2708260118671,14410.017702682171
1782172800,403.2708260118671,404.7377189109929,402.1679609888809,402.57332288249006,52261.35654618533
1782176400,402.57332288249006,403.2874580994191,400.0864127241053,401.61892322035425,15076.795539582705
1782180000,401.61892322035425,401.61892322035425,398.9122651566163,400.04122007280307,27834.468840802296
1782183600,400.04122007280307,400.3720555874152,397.48521608558593,398.79430514073965,15476.490731533037
1782187200,398.79430514073965,399.96092143809545,397.0842063154713,399.7642115129145,13873.494550935844
1782190800,399.7642115129145,399.7642115129145,396.66704590750766,397.26576271285523,20541.203891979483
1782194400,397.26576271285523,399.06943599520605,394.62189683143225,395.679819495171,65132.364520838455
1782198000,395.679819495171,397.4969880554284,394.81480680458253,395.9040387019976,31934.08613225446
1782201600,395.9040387019976,396.4633175930654,389.68666464226334,392.0999146696631,70204.46985325485
1782205200,392.0999146696631,394.4090378843941,391.57495105535736,393.2574276093178,26238.176239481436
1782208800,393.2574276093178,394.80164428111,391.11028898633555,393.57738016834975,37864.333984284545
1782212400,393.57738016834975,397.452457062645,392.3404879893491,395.0420715083471,59061.02883745346
1782216000,395.0420715083471,397.71316738478447,392.4133061675922,393.98307301628864,35506.07094642309
1782219600,393.98307301628864,395.30033433488273,386.8913981458934,389.1965145764915,193476.34130802035
1782223200,389.1965145764915,389.97936118190626,385.3158670521706,387.1929487551273,179688.3307488275
1782226800,387.1929487551273,388.04895089611546,381.30859409613646,383.94740527841566,160695.11687315252
1782230400,383.94740527841566,387.25514860717647,382.93136762136965,385.39863112134674,136919.52864699892
1782234000,385.39863112134674,386.70649088870124,381.5357592039812,381.77118606275815,101250.19046182635
1782237600,381.77118606275815,382.8522604661427,377.09569965437646,379.7638795147413,39370.67819895044
1782241200,379.7638795147413,385.1535148597007,378.71361907751736,381.01424147643564,152474.11251887132
1782244800,381.01424147643564,384.0021674158381,380.65818217807885,381.9242857159847,51510.388005112174
1782248400,381.9242857159847,384.7224153287216,379.4586478921925,382.6519784358834,57056.206577243865
1782252000,382.6519784358834,384.9543833603162,381.11201820965596,381.24023658214674,19116.64045214621
1782255600,381.24023658214674,384.74944967077255,380.95538115659997,383.32705974989824,67855.29160492854
1782259200,383.32705974989824,386.10290850464935,381.8033973483055,384.71140831531596,77527.201521905
1782262800,384.71140831531596,386.40785019718,381.7974679560931,383.1745402606007,27428.120788958462
1782266400,383.1745402606007,388.52320453798893,381.3639669337231,382.0634441043485,401951.78480599873
1782270000,382.0634441043485,384.49160177902803,381.5436998620498,384.19488737256756,15115.76540994626
1782273600,384.19488737256756,384.4665008751959,382.1627310348618,383.6340523827008,10539.793872446799
1782277200,383.6340523827008,385.17434126734287,381.9945600443165,384.3782124113198,8406.522774188059
1782280800,384.3782124113198,385.79384320026935,382.55231262143064,382.81235018859036,259424.07860570736
1782284400,382.81235018859036,385.48567163262555,382.81235018859036,384.0251790522089,59019.93838735467
1782288000,384.0251790522089,385.57808916962097,382.9228006526677,383.8769235356697,48460.330835224966
1782291600,383.8769235356697,385.1577757138177,380.5636207513116,383.3033993527967,293393.6342863679
1782295200,383.3033993527967,385.32434284445407,383.00983025127795,384.8720247069827,10294.97366942051
1782298800,384.8720247069827,384.8720247069827,382.32411032724764,382.46884496871263,12661.486425502202
1782302400,382.46884496871263,384.70729384494274,382.1944064563871,382.297226363695,13865.792256981067
1782306000,382.297226363695,385.49053294693715,378.2221804036517,382.6691534842012,172412.7841270873
1782309600,382.6691534842012,383.7120840935032,379.2493009088239,383.0066141138461,128550.90553745
1782313200,383.0066141138461,384.5053895360489,380.66858609953863,381.23262853453963,58777.060645475256
1782316800,381.23262853453963,382.7739909385455,378.1106804641289,378.1106804641289,54522.44372033999
1782320400,378.1106804641289,379.1815681074889,373.8307285769792,375.1068465796096,50125.79944437479
1782324000,375.1068465796096,377.83942881405403,373.3372371671532,374.58822097704933,49200.09465431036
1782327600,374.58822097704933,377.1871598552722,373.6474660686582,375.23662525919724,44387.50669133068
1782331200,375.23662525919724,379.190418197107,373.7347368195355,378.8434673070703,41289.469335105474
1782334800,378.8434673070703,378.8434673070703,376.9747288388018,378.1554476990218,5280.523319244148
1782338400,378.1554476990218,379.2349947195195,377.26155244299497,377.46948017493276,12504.67782144054
1782342000,377.46948017493276,378.39919602547633,373.85540893536654,378.34674669755026,4795.319177781875
1782345600,378.34674669755026,378.34674669755026,374.95404051153145,375.47823924769574,37390.92392575572
1782349200,375.47823924769574,375.77809614763106,373.18494250620034,373.8487107745889,18440.8482818833
1782352800,373.8487107745889,375.9948229751954,373.8487107745889,374.25778304410363,1626.9972319802039
1782356400,374.25778304410363,375.29460871675565,374.118367185608,374.8067412474525,1146.762883565381
1782360000,374.8067412474525,375.14361616743054,373.62174770913566,374.18017569145974,1626.9662764441819
1782363600,374.18017569145974,376.5322094772814,373.77246845645215,376.3410712022723,5661.295948257561
1782367200,376.3410712022723,377.39018253231524,375.66796587759455,377.35742073645986,9922.088453593067
1782370800,377.35742073645986,379.1632811110915,377.2693782373026,377.8218626468141,11651.65634071786
1782374400,377.8218626468141,381.54810374605984,377.32273485401106,377.4695250748056,17871.822004790974
1782378000,377.4695250748056,378.7280893512863,377.34765956582044,378.7280893512863,6809.836326963502
1782381600,378.7280893512863,379.07290450793596,375.9723691778802,377.52336391387877,39584.01676785804
1782385200,377.52336391387877,378.66560502044916,375.51198306579187,377.32544775130776,15113.671406563039
1782388800,377.32544775130776,379.02264516290523,375.17435235682984,377.0423521979867,41472.01848987051
1782392400,377.0423521979867,379.9110378392462,371.3719174738855,373.08733557954497,243022.29737282594
1782396000,373.08733557954497,378.93445877057786,368.4642191850697,375.78794956285026,204392.54318138005
1782399600,375.78794956285026,377.6269901244698,372.2821743971525,375.8216315384386,90870.45691249768
1782403200,375.8216315384386,376.7105594702357,371.8098492224983,373.7660309443567,40084.702653878296
1782406800,373.7660309443567,374.94169028987295,372.8684760413492,373.552937762883,31779.781544865702
1782410400,373.552937762883,376.1496522192975,372.49293455078566,373.44735429111745,69594.48872546047
1782414000,373.44735429111745,375.65125390574605,372.10325583936145,374.1427358360177,23676.052197296292
1782417600,374.1427358360177,377.0195673284761,374.1427358360177,374.8920798316744,25665.885038170985
1782421200,374.8920798316744,375.80476904456225,372.57160180397585,374.60231186536254,3457.8532833546774
1782424800,374.60231186536254,375.11137975199114,373.71668462119874,374.5787139756187,4352.548444186644
1782428400,374.5787139756187,376.12060474255935,373.9221492251698,374.56534407049423,12779.980679226936
1782432000,374.56534407049423,375.0280094156093,373.5066461089174,373.67887707432635,13187.287205535342
1782435600,373.67887707432635,376.17144615711527,371.1189491526857,371.98024608715633,175625.67307695173
1782439200,371.98024608715633,372.45975925275167,367.87217952571166,368.0170832472416,34996.61992401719
1782442800,368.0170832472416,371.86937284088634,367.1111786875059,369.3379409199683,72122.11884083856
1782446400,369.3379409199683,371.02900554732764,367.29413831534015,367.96440623984057,18355.49897046256
1782450000,367.96440623984057,369.73716385474927,367.45950825764936,368.82732102598686,9715.085757989402
1782453600,368.82732102598686,370.6273268647312,366.2358633752013,369.69297198531405,19010.43284668282
1782457200,369.69297198531405,371.82425470398096,368.90600726920377,370.94548730360833,15468.16782731651
1782460800,370.94548730360833,372.98794936120026,370.48938595700525,371.49846895823845,29921.940842744705
1782464400,371.49846895823845,372.50861700986314,369.55554228800224,370.4302422415921,11783.071398077785
1782468000,370.4302422415921,371.68127956537865,369.5352877818039,371.21988561660777,14860.086557940522
1782471600,371.21988561660777,372.0166791886357,370.13251575100014,371.13662734960053,2749.8047816000794
1782475200,371.13662734960053,372.42230627690356,370.0319046257082,371.4999717423584,5035.076534379121
1782478800,371.4999717423584,376.4384104896058,368.2671323050015,374.6681661201598,156925.94410893568
1782482400,374.6681661201598,379.9214222136253,374.3364291366523,379.0400368120821,125778.01993910858
1782486000,379.0400368120821,387.8301766496191,378.41467924606116,384.6154624008394,113376.7596686825
1782489600,384.6154624008394,387.4419929377276,382.0164849356005,385.00520762955347,58546.21193179888
1782493200,385.00520762955347,387.33676775450687,384.4337951007661,384.97059173408985,51628.13666398487
1782496800,384.97059173408985,384.97059173408985,378.9534533834606,380.4237155006692,60641.95612875487
1782500400,380.4237155006692,383.50347944461924,378.11904689312587,379.9750492770052,84447.59457975223
1782504000,379.9750492770052,380.921055752128,377.40146744852615,377.49464104093545,26693.67080130388
1782507600,377.49464104093545,378.3791283135586,376.1625502246193,377.76254332890613,4471.982283085019
1782511200,377.76254332890613,378.44842181738505,376.93970457218,377.44736497602935,3303.7433230846823
1782514800,377.44736497602935,379.3626554882686,377.44736497602935,379.09219295031977,1802.306243271883
1782518400,379.09219295031977,379.62146102986543,376.79783827155075,378.4572169653054,9149.83852430485
1782522000,378.4572169653054,378.8695680594369,378.4572169653054,378.8695680594369,10.41849257641397
1782525600,378.8695680594369,380.3807931203168,378.3522697302387,379.38293093466376,4763.235138956151
1782529200,379.38293093466376,380.26706464666927,378.9073554747221,379.58013250456565,1518.9189695195494
1782532800,379.58013250456565,381.24511543630945,377.90534334979276,379.1447595068407,19286.790382080766
1782536400,379.1447595068407,380.6119208319862,377.8168463244511,377.8168463244511,1234.9681466974494
1782540000,377.8168463244511,379.4709378096568,377.8168463244511,379.0881488289552,3136.5061560889444
1782543600,379.0881488289552,380.81084740448546,378.9650735995814,380.2603484539829,6185.526664635945
1782547200,380.2603484539829,380.98484465189546,379.78344211219246,379.80561982139176,13541.257898047172
1782550800,379.80561982139176,381.2008116551002,379.4984256041085,379.9661905471437,6565.211783122737
1782554400,379.9661905471437,380.51365655545277,379.9661905471437,380.091557949017,3314.900472129161
1782558000,380.091557949017,381.08519550715476,379.288219958484,380.5872750315576,2152.8344865565814
1782561600,380.5872750315576,380.5872750315576,379.43867632495414,380.14420100749726,7647.950704043142
1782565200,380.14420100749726,381.13369834018175,379.38838902985344,381.13369834018175,5575.424558202621
1782568800,381.13369834018175,381.13369834018175,379.1357257147288,380.6841438548101,2074.363769571484
1782572400,380.6841438548101,381.05644969897673,378.9782373427471,380.0635442882123,2199.0809211861556
1782576000,380.0635442882123,380.76762873863487,379.5743089192789,379.7824805358011,5126.011148837627
1782579600,379.7824805358011,380.4631234753602,379.3754760762789,379.9962794115401,2753.0381737156313
1782583200,379.9962794115401,379.9962794115401,379.25252035296063,379.25252035296063,3.8050303699088297
1782586800,379.25252035296063,381.32878859475596,378.3696546819335,378.3696546819335,3088.396794272526
1782590400,378.3696546819335,378.6334820704585,378.3696546819335,378.6334820704585,0.9340888002678212
1782594000,378.6334820704585,380.00800053003155,378.6334820704585,379.9777413886543,1663.7095517289883
1782597600,379.9777413886543,380.1065035986414,378.2803921985925,379.0145906098943,5911.001360790378
1782601200,379.0145906098943,379.9092657753586,378.6951088655735,378.8233367428289,2533.225168721784
1782604800,378.8233367428289,380.36216696526867,378.2802373938434,378.2802373938434,17445.00324411621
1782612000,378.2802373938434,379.1364704835022,378.2802373938434,379.1364704835022,206.30309090577003
1782615600,379.1364704835022,380.97881281357525,379.1190525811117,380.97881281357525,7434.784485955485
1782619200,380.97881281357525,380.97881281357525,378.41209161404015,378.41209161404015,1574.3351637602882
1782622800,378.41209161404015,381.30175319116563,378.41209161404015,381.30175319116563,88.73526776326206
1782626400,381.30175319116563,381.30175319116563,379.32302535217764,380.0040987929761,743.7755154379059
1782630000,380.0040987929761,381.041722162055,380.0040987929761,380.7617474692815,445.55524631965477
1782633600,380.7617474692815,381.50771456819797,379.5595681555642,381.50771456819797,5670.27624614718
1782637200,381.50771456819797,381.7937763881689,380.4265340100888,381.3140637771437,4336.176848655644
1782640800,381.3140637771437,381.3140637771437,378.3896963076004,380.21497445570355,12611.800672671226
1782644400,380.21497445570355,380.62084576890516,379.39526378020025,380.60195771496774,1587.4343101786517
1782648000,380.60195771496774,381.1202286010789,378.4218653473186,379.395823078388,4242.138179974293
1782651600,379.395823078388,381.60415871067426,379.395823078388,381.05294387867605,2632.2383673673244
1782655200,381.05294387867605,381.05294387867605,379.0369934128851,379.0369934128851,690.5900588099495
1782658800,379.0369934128851,381.3784755022415,379.0369934128851,381.3784755022415,1012.0862800188677
1782662400,381.3784755022415,381.3784755022415,379.11737651885426,381.0560736050222,670.4411415840567
1782666000,381.0560736050222,381.36076957480066,379.2194868596278,380.5051349477594,2284.304436092725
1782669600,380.5051349477594,380.5051349477594,378.71298452450077,379.9923827467185,1415.364220807626
1782673200,379.9923827467185,381.9155299431621,378.6623120680491,379.38894719197725,6735.578729793861
1782676800,379.38894719197725,382.65250055834093,379.38894719197725,381.90041054379094,6983.637577581755
1782680400,381.90041054379094,382.6259559051071,380.4881937248719,380.5137148249249,6215.346010967835
1782684000,380.5137148249249,382.1306607139109,379.44135674872376,379.6081380705297,22979.715898963117
1782687600,379.6081380705297,381.1813420047392,379.09174229643895,380.58852983604015,4769.804976515053
1782691200,380.58852983604015,382.48530242219795,378.25888669446664,381.3236919288322,55599.679642633826
1782694800,381.3236919288322,381.4910928171764,379.585145615179,381.46615026254267,15890.12110660905
1782698400,381.46615026254267,383.0503987597366,378.9627798970063,381.75589724508256,13398.953988511372
1782702000,381.75589724508256,382.89625395599705,380.0315237944519,382.89625395599705,12434.573980719899
1782705600,382.89625395599705,382.96782254303,380.5156783830986,381.8463104653869,4420.745956749836
1782709200,381.8463104653869,382.9601728382503,380.60865689963134,382.13685611757796,12147.155791962527
1782712800,382.13685611757796,382.48415217599813,381.5417882088399,382.48415217599813,66.08656205004569
1782716400,382.48415217599813,383.97148984344994,381.76633836342074,382.68248167158794,14624.635968117296
1782720000,382.68248167158794,384.9547615514813,381.77131704604346,383.0625605271325,10713.022334228495
1782723600,383.0625605271325,383.89747201320773,382.64536300983553,382.98926616835615,2662.8358160249327
1782727200,382.98926616835615,383.71850111625605,381.7331183721633,382.9888857725166,2200.5131985081516
1782730800,382.9888857725166,384.0632103492087,382.18987909103174,382.8898006294986,6541.784626465656
1782734400,382.8898006294986,383.68200564508817,380.4778642127844,382.4549476788807,13647.955253275066
1782738000,382.4549476788807,393.6279092134352,379.7084265195918,390.4988971117564,324270.7317355729
1782741600,390.4988971117564,399.06206850356836,388.3811153590544,396.66777185473194,350499.13819852227
1782745200,396.66777185473194,401.51302024052865,393.6213533619361,399.56699077307303,90627.874431936
1782748800,399.56699077307303,404.45645779122555,399.56699077307303,402.8408253226626,73888.65345783098
1782752400,402.8408253226626,411.1670180490401,401.05148524616226,409.9927209685389,117366.38970312348
1782756000,409.9927209685389,411.79274672853353,407.20055044054914,410.1040395057987,81471.86868544077
1782759600,410.1040395057987,413.6966418215691,407.88464906159953,411.67749660092454,199064.38990722137
1782763200,411.67749660092454,413.12275924590534,409.5445719043143,411.8681277410238,21403.658292764452
1782766800,411.8681277410238,411.8681277410238,410.4490562911379,410.4490562911379,139.13375056471307
1782770400,410.4490562911379,411.9060274088956,407.8674505217381,408.81303517796056,18009.868766775948
1782774000,408.81303517796056,410.53014811462873,407.4771791252502,410.53014811462873,5465.333026960923
1782777600,410.53014811462873,410.8105702955286,407.7638019111006,407.7638019111006,33457.493805990154
1782781200,407.7638019111006,409.2277377887524,406.971331648135,409.2277377887524,23040.225332361584
1782784800,409.2277377887524,410.1107241798424,408.7648717416445,409.50148791156255,4362.252237765084
1782788400,409.50148791156255,409.97532369527397,407.8073606190347,409.8278149836685,12743.923923312224
1782792000,409.8278149836685,413.5957799320119,409.8278149836685,410.15002917813825,34913.29159422416
1782795600,410.15002917813825,413.1499201275144,410.15002917813825,410.327195220003,8013.595161783798
1782799200,410.327195220003,411.34984639731067,408.9678890938461,409.4472035322622,9645.959617413637
1782802800,409.4472035322622,409.93606204307594,408.66852184198837,409.17209580631663,15507.98799206713
1782806400,409.17209580631663,410.2974142059333,408.08685313744917,408.08685313744917,36593.31262959563
1782810000,408.08685313744917,409.2452720394443,407.4475393238539,407.7319661116713,10219.561618271038
1782813600,407.7319661116713,408.6398830795322,407.7319661116713,408.4702011837927,7647.123720613565
1782817200,408.4702011837927,409.77728716352414,407.4471222272998,407.5131419239548,15381.725441502778
1782820800,407.5131419239548,408.0395005501211,404.9568704496089,406.13137219831543,31653.89475156174
1782824400,406.13137219831543,412.9266499189319,403.990752563896,411.26482901145795,376268.88371952734
1782828000,411.26482901145795,418.2929495380076,410.1504895498258,414.36029072571716,255384.66197700947
1782831600,414.36029072571716,418.56810507861246,411.6527145086043,416.5214000111785,126920.57830230093
1782835200,416.5214000111785,418.58191002786936,414.89581393069545,416.9019570538246,60239.89160284528
1782838800,416.9019570538246,420.3148474961864,415.68000984707976,417.1939086027733,52832.13918280166
1782842400,417.1939086027733,421.15512670168636,416.3160573969647,421.15512670168636,65311.97601551813
1782846000,421.15512670168636,425.01880915694886,419.3493040684081,419.39804445107933,148360.77349651916
1782849600,419.39804445107933,421.73408786580615,417.4214823888808,419.07758715370386,34123.46017629811
1782853200,419.07758715370386,419.4697929743396,416.4829005812112,416.4829005812112,2524.4999815152505
1782856800,416.4829005812112,418.91084681958347,415.1748961612753,416.204454546021,10128.35720864421
1782860400,416.204454546021,416.204454546021,414.9214983531732,415.38926474900234,3420.0843480572275
1782864000,415.38926474900234,417.375298828123,415.38926474900234,416.82375976812057,6395.087367198004
1782867600,416.82375976812057,417.25388495156454,414.3639198637817,414.68575466843504,9854.852800147539
1782871200,414.68575466843504,415.8254165288766,413.4499801247771,415.45196766933253,9336.182393321662
1782874800,415.45196766933253,417.03867962970673,414.0719037804174,415.1090032199348,6790.738767949153
1782878400,415.1090032199348,416.50655226168107,414.32990387382216,416.50655226168107,1965.7993439055365
1782882000,416.50655226168107,417.57671658491915,416.23814407845526,417.3791073165516,3438.8692919387518
1782885600,417.3791073165516,418.5368679765308,414.67737736203355,417.9362787343816,21676.268365541233
1782889200,417.9362787343816,418.79970783108155,416.08424100609597,417.30880078892915,6551.363365519212
1782892800,417.30880078892915,420.13216540679315,416.42004895260845,418.9511999887304,15173.099857695326
1782896400,418.9511999887304,418.9619227407656,416.18781578440985,418.6264308592727,15661.583133905448
1782900000,418.6264308592727,419.9693929458537,418.43885763452914,418.793237739821,14086.763834173431
1782903600,418.793237739821,420.8413837158305,418.6876869207297,418.8875505996925,35233.90986857723
1782907200,418.8875505996925,419.97676624037376,416.9613253462159,418.287521909214,37475.21396843999
1782910800,418.287521909214,426.50951237183483,417.69705951163047,421.9700013936213,340992.213831503
1782914400,421.9700013936213,428.8028600710343,421.9700013936213,425.25804758095376,196971.2841907296
1782918000,425.25804758095376,433.256888281155,424.4784072930326,428.4095243456238,132661.04765606584
1782921600,428.4095243456238,429.7414232851012,426.382381585258,426.6965801009929,44448.6605351934
1782925200,426.6965801009929,427.70438892195597,424.6856480563491,426.1355863925158,51932.5377823933
1782928800,426.1355863925158,426.498874625448,423.09065487509207,425.83816806431406,37568.76527937076
1782932400,425.83816806431406,428.98242287931754,424.6472478145117,426.1348748378319,56488.950495764446
1782936000,426.1348748378319,426.1348748378319,423.9929964161311,423.9929964161311,9803.775175037588
1782939600,423.9929964161311,425.63513943675275,423.1520802905442,424.77111457873593,2986.279878976849
1782943200,424.77111457873593,425.0959092612954,422.00303433051744,423.6841473598494,12893.438010353537
1782946800,423.6841473598494,423.91179570382565,422.8076197541915,422.8076197541915,2982.735850051022
1782950400,422.8076197541915,423.7656376259116,420.8674666386709,422.03053741334554,20717.746017181733
1782954000,422.03053741334554,424.02058460834587,421.54367385527706,424.02058460834587,6460.906880009835
1782957600,424.02058460834587,425.10845724363526,421.85837467401194,425.10845724363526,2898.7871729192125
1782961200,425.10845724363526,425.10845724363526,422.7187421268483,423.1638970828268,238.38264027918194
1782964800,423.1638970828268,424.7190730152908,422.39821045928784,422.9799024882058,7831.615942838232
1782968400,422.9799024882058,424.8891095303318,422.9799024882058,424.399750075867,11844.982562750678
1782972000,424.399750075867,424.88521153930225,421.8020050296043,422.4591249003096,9281.720910369293
1782975600,422.4591249003096,423.3944418115671,420.658806950523,423.3465456804833,18898.548854071305
1782979200,423.3465456804833,423.45094214818204,421.92251422404723,422.8727956446111,10946.078788470828
1782982800,422.8727956446111,430.94521140978543,422.8727956446111,428.190455100985,69167.98382002863
1782986400,428.190455100985,429.66749278649587,426.26405997387565,428.7250704492425,41125.442038820824
1782990000,428.7250704492425,429.48509614278186,426.44659570811984,427.3819414319063,14629.367910422552
1782993600,427.3819414319063,434.6446166899079,427.3819414319063,430.09232155986643,284941.7115901677
1782997200,430.09232155986643,438.1258806239518,411.80801889868826,413.93574764138,873615.3401635317
1783000800,413.93574764138,414.17639258196954,394.8743609740841,397.45879932147716,812166.2916975138
1783004400,397.45879932147716,401.9960924538193,394.33551346102655,399.31905779551806,420422.5303120553
1783008000,399.31905779551806,399.31905779551806,390.0978939085996,391.01345961747836,155113.42633486533
1783011600,391.01345961747836,392.7002403231187,389.4957301131093,391.92378686407903,75833.86180090139
1783015200,391.92378686407903,395.34837874474664,390.3760268423775,392.5258175826458,79317.86628857482
1783018800,392.5258175826458,395.4109980690055,390.1312258886263,393.90203482336426,97483.92792056892
1783022400,393.90203482336426,394.7793576784906,392.4061323804883,393.41522530242486,15498.135441783346
1783026000,393.41522530242486,394.5879894419641,392.9520784282698,394.2956522715877,2838.161398278175
1783029600,394.2956522715877,394.5508103882218,392.7282770973122,394.17844084030645,10220.865756982888
1783033200,394.17844084030645,394.9709496559434,392.69009496773634,394.3001364435789,5504.26363757979
1783036800,394.3001364435789,397.86980402963366,393.1903545450649,393.22891232742023,40795.25247308726
1783040400,393.22891232742023,395.33305898497156,393.22891232742023,394.3795800730358,10420.888723040674
1783044000,394.3795800730358,396.68311286510277,394.3795800730358,396.68311286510277,3107.908148625085
1783047600,396.68311286510277,396.68311286510277,394.75111145694797,396.2508208563905,629.4330752861341
1783051200,396.2508208563905,396.2508208563905,394.40971083571856,394.40971083571856,3349.012119369717
1783054800,394.40971083571856,396.2326026189062,394.40971083571856,396.2326026189062,556.2564682488342
1783058400,396.2326026189062,396.2326026189062,395.39682048229764,395.9689857299217,7897.16032405342
1783062000,395.9689857299217,397.87487944571006,395.9689857299217,397.87487944571006,9011.456913197246
1783065600,397.87487944571006,398.56430498613753,396.1248706027446,398.28375962651205,5217.821985755207
1783069200,398.28375962651205,399.0288461522982,397.77639718533356,398.70853207791305,5042.3467970630345
1783072800,398.70853207791305,399.1083516107366,397.5188881071035,397.87913792344165,8370.859113468845
1783076400,397.87913792344165,398.89306418326646,396.5201507565217,396.5201507565217,5391.60812900157
1783080000,396.5201507565217,399.8865215998968,396.5201507565217,399.8865215998968,3914.9330992461946
1783083600,399.8865215998968,403.9078186290968,395.89256922262075,401.12343348853597,42227.62657288486
1783087200,401.12343348853597,401.86174269443745,398.6594185581878,399.54940712417374,14500.422475874377
1783090800,399.54940712417374,401.5975069894915,397.6853555226798,401.53465098636644,5323.36661621616
1783094400,401.53465098636644,401.53465098636644,398.1005901100059,398.94881097454845,5716.085373730976
1783098000,398.94881097454845,399.7917796423901,398.70533506703276,398.86959616267177,18475.884419569382
1783101600,398.86959616267177,400.7145347105453,398.53243952358093,398.73223828466837,3073.357395244515
1783105200,398.73223828466837,399.02863067324637,397.9530802324769,398.32427009468927,3245.1679867842213
1783108800,398.32427009468927,399.94952021368954,397.50704436230507,399.0332758057305,5556.67635460879
1783112400,399.0332758057305,399.0332758057305,396.72973334660304,396.81589878641256,8663.436204107002
1783116000,396.81589878641256,398.0062260587547,394.1723076371132,398.0062260587547,3810.4232074140086
1783119600,398.0062260587547,399.0467462921909,398.0062260587547,398.2877204270455,1188.9102633756636
1783123200,398.2877204270455,398.2877204270455,397.08561014285533,397.77723473768066,9057.136294322541
1783126800,397.77723473768066,399.2487828094284,396.95464116134445,399.2487828094284,4029.610899198632
1783130400,399.2487828094284,399.62664238890505,398.0118442236947,399.62664238890505,1378.6676369552458
1783134000,399.62664238890505,399.8832859782902,397.9229245877235,399.74017758979045,3557.7678224316182
1783137600,399.74017758979045,400.7197453904499,398.52452577824533,399.9690908768226,11541.420955418042
1783141200,399.9690908768226,401.59913955547137,398.94518695138026,400.19631335701956,7417.264058310118
1783144800,400.19631335701956,401.5618529034131,398.50185687890865,401.4785009968684,6518.987829804024
1783148400,401.4785009968684,401.4785009968684,399.937016089564,400.70060192517997,3798.718357192518
1783152000,400.70060192517997,400.7198891690222,399.33070309289354,399.9720140547363,2848.7919708896075
1783155600,399.9720140547363,400.99743069129784,399.9720140547363,400.3082347621908,1203.9931742220674
1783159200,400.3082347621908,400.3082347621908,399.20329026372207,399.20329026372207,199.2946138892863
1783162800,399.20329026372207,399.28933519084177,398.42656758943826,399.0730594452282,1956.255656571624
1783166400,399.0730594452282,400.0469429061198,399.0730594452282,399.94556239752643,4101.137369391611
1783170000,399.94556239752643,400.2060662609763,398.4003326662662,398.47010232687916,1892.7993514880743
1783173600,398.47010232687916,399.99393832656784,397.81128499252185,399.5299001031625,5888.884146856431
1783177200,399.5299001031625,400.06484542734694,398.045878178255,398.16091047505046,8196.408722881464
1783180800,398.16091047505046,399.41003008899236,397.0530343522731,398.6352277899097,939.2996735381025
1783184400,398.6352277899097,400.02478173781464,397.8728130983484,399.4625813683168,8105.30132638101
1783188000,399.4625813683168,399.9911612261845,399.16558142070426,399.588152458875,1283.5292085922204
1783195200,399.588152458875,400.3544759167337,399.21063648521607,400.3544759167337,160.42421176410477
1783198800,400.3544759167337,400.375234105701,398.0351523727799,399.90395495479373,8371.35030462759
1783206000,399.90395495479373,399.90395495479373,398.7063362295578,399.52062266364624,7142.141463381414
1783209600,399.52062266364624,400.3177953853559,399.52062266364624,399.6136042226074,6129.855402892863
1783213200,399.6136042226074,400.7291885790111,399.3588942619255,400.1616588004422,1688.4503034975046
1783216800,400.1616588004422,400.1616588004422,399.17757706567136,400.11391082814026,1114.0908006096822
1783220400,400.11391082814026,401.07284160258797,400.11391082814026,401.07284160258797,3135.8393781514646
1783224000,401.07284160258797,401.1856820712442,398.6380265006659,401.16307934887175,5166.757428243097
1783227600,401.16307934887175,401.2206614777114,399.31079406267486,400.09385668771483,2738.409769564659
1783231200,400.09385668771483,400.37880839214,399.4339251646882,399.86746513087263,1527.478706033876
1783238400,399.86746513087263,401.3773350702304,399.5096294726801,401.3773350702304,1275.0471039583074
1783242000,401.3773350702304,401.3773350702304,400.04547319117376,400.45142409583644,687.5193360502805
1783245600,400.45142409583644,400.45142409583644,399.9451315912694,399.97110051256425,3011.1612065470194
1783249200,399.97110051256425,401.90595101544085,399.97110051256425,401.90595101544085,1584.2115870250748
1783252800,401.90595101544085,402.0463832287036,400.2465429247136,401.12755817316986,3230.014324272017
1783256400,401.12755817316986,401.1371879919175,399.91976729684137,399.91976729684137,8082.665339879189
1783260000,399.91976729684137,400.1828965295483,398.4300015825747,398.9126125483742,21245.771792875148
1783263600,398.9126125483742,399.7751206433131,398.9126125483742,399.7751206433131,1775.1859490389654
1783274400,399.7751206433131,400.2629488255419,399.12111211203774,399.92181973400244,4151.172483783919
1783278000,399.92181973400244,400.2786073152956,399.7103079174515,400.2698899325889,138.28459752224458
1783281600,400.2698899325889,400.2698899325889,398.85820767952606,399.60175247682116,4258.1153838147775
1783285200,399.60175247682116,402.2309713909881,399.60175247682116,401.6268258346407,7665.02183231986
1783288800,401.6268258346407,401.8268255379683,399.5614313503768,400.06598289102766,15953.46296493385
1783292400,400.06598289102766,400.15046355954297,398.9264529778057,399.13153615505814,7418.1223931316745
1783296000,399.13153615505814,400.21370598163895,395.50632364005725,397.34632956901044,52820.144290652985
1783299600,397.34632956901044,399.45273802637075,395.0026081575074,396.26431404320823,28555.715154680624
1783303200,396.26431404320823,397.5534953835635,395.6333619052601,396.3093044158459,4280.829346334641
1783306800,396.3093044158459,397.19038098065334,395.7137612032535,395.83069733622386,6300.883092404823
1783310400,395.83069733622386,398.043586757982,395.28724361458006,397.5872686437673,10325.40534271289
1783314000,397.5872686437673,398.4665954673762,397.48987929366194,397.5093965544996,1919.2329842341348
1783317600,397.5093965544996,398.5607919189103,397.5093965544996,398.5607919189103,10073.596676265548
1783321200,398.5607919189103,398.59351477586966,397.7541981394717,398.59351477586966,954.245794100072
1783324800,398.59351477586966,399.7172462775561,398.32541748754187,399.2123537487979,17534.030765591175
1783328400,399.2123537487979,400.6925644659692,399.2123537487979,400.4666732814442,9305.939848369504
1783332000,400.4666732814442,400.4666732814442,398.62735911130306,398.82402351375055,1105.420945552106
1783335600,398.82402351375055,399.12429600136704,396.8910181827455,399.12429600136704,20970.95692736499
1783339200,399.12429600136704,401.17791072117564,396.7292269830475,398.967105572471,11904.851043845842
1783342800,398.967105572471,403.7834304211632,390.8389077166461,402.005618324788,413909.3413141604
1783346400,402.005618324788,408.93357195856044,399.74026671203455,408.1790952169601,203330.4461073793
1783350000,408.1790952169601,414.7374047984134,407.85818373684333,413.0065894559644,113221.67613305166
1783353600,413.0065894559644,418.76638203689237,413.0065894559644,418.5344915986693,134064.1317826341
1783357200,418.5344915986693,419.9937995103893,413.8088985049251,414.1853689399317,74061.53545248168
1783360800,414.1853689399317,418.0346612825082,413.4063646146093,417.0349245199039,47220.95300578026
1783364400,417.0349245199039,419.2172499195759,415.4535172316935,419.10833838909076,69280.72318090036
1783368000,419.10833838909076,419.6402558864738,416.7599289246736,416.7599289246736,5996.070638223804
1783371600,416.7599289246736,420.05119458083175,416.7599289246736,420.05119458083175,1356.0821490682022
1783375200,420.05119458083175,420.05119458083175,417.2131249139299,418.1949320430327,13418.444525599338
1783378800,418.1949320430327,418.8811790246671,416.82209993945577,417.8862372939568,14751.01019769699
1783382400,417.8862372939568,418.07598626411414,415.0785640535049,416.0265983403075,17613.130569430825
1783386000,416.0265983403075,416.63242546337773,413.71596344918424,414.8463665472367,20831.04225536016
1783389600,414.8463665472367,416.76151831559923,414.7481879852203,415.52618441124577,7502.3940154114
1783393200,415.52618441124577,415.52618441124577,413.13436148697195,413.6266425959555,12674.268346835897
1783396800,413.6266425959555,414.51158096155626,412.30285130049896,412.6748972704556,15943.022215033277
1783400400,412.6748972704556,415.2122032833757,411.3034907444885,414.4597272598516,24377.481883412747
1783404000,414.4597272598516,415.4178283072024,412.3792879087757,413.79235109637534,8212.957499097165
1783407600,413.79235109637534,415.4475015708957,413.5166572068284,413.69927101288715,21445.919421408486
1783411200,413.69927101288715,415.25735455358523,413.69927101288715,414.58778798863625,14521.535180349088
1783414800,414.58778798863625,415.38496829253904,413.7709016272529,415.02099479880576,6749.103511897093
1783418400,415.02099479880576,417.7451409397955,413.0870008416413,415.8495284378619,89446.21135969572
1783422000,415.8495284378619,418.9205335667558,415.8495284378619,416.85456859161013,27257.38464833915
1783425600,416.85456859161013,419.06236779957334,416.1148984903477,416.1148984903477,36514.86182940719
1783429200,416.1148984903477,419.428564539006,410.95259015112947,411.94474691920533,377269.15741181775
1783432800,411.94474691920533,415.4327095224952,407.3478977269245,408.47524483083583,256996.41939325965
1783436400,408.47524483083583,410.13529325017174,403.9825351048193,408.2456909758304,101832.00564483441
1783440000,408.2456909758304,410.5520884993839,405.7687207451514,409.74219411271014,47024.74549630077
1783443600,409.74219411271014,410.3060105263173,405.3487546436846,407.5853694873695,45694.14514618563
1783447200,407.5853694873695,408.62823219352,403.5942717479678,403.5942717479678,52431.85862078025
1783450800,403.5942717479678,405.436206064731,401.55464360812147,402.79869873821406,77267.475255027
1783454400,402.79869873821406,404.8267158678555,402.3781117908285,404.6772986965105,17416.38304621495
1783458000,404.6772986965105,404.81297645936786,404.1654835636177,404.20074066049375,4268.317852546165
1783461600,404.20074066049375,404.37679427239635,403.25224899656945,403.2897428290716,926.0940381140184
1783465200,403.2897428290716,404.66913490223254,402.64301741603333,403.12294753143306,5987.295928275902
1783468800,403.12294753143306,405.3870151011379,402.35448909058346,405.3870151011379,34845.61495928044
1783472400,405.3870151011379,406.5198343217016,403.14373185366804,403.62983248576654,18553.595100601637
1783476000,403.62983248576654,403.9302080454508,401.8295183041858,403.41153968395224,20246.680820803365
1783479600,403.41153968395224,404.62285631721267,402.7974030596081,403.3750254260497,8307.533521540143
1783483200,403.3750254260497,404.35201357160776,402.4762549882813,402.572504882094,9545.457015618971
1783486800,402.572504882094,403.4739972185231,401.41297582486465,402.32527501126344,11445.105739349256
1783490400,402.32527501126344,403.01040422940883,401.4633537902546,401.5218285746455,3160.4563468532474
1783494000,401.5218285746455,403.8242833030855,400.94411793785815,401.3280409299945,20690.832015225045
1783497600,401.3280409299945,404.14856587783714,397.4456178991758,398.76166850049276,98982.80863473032
1783501200,398.76166850049276,399.15301057303543,395.78268825192015,397.68464575979647,26974.429198229
1783504800,397.68464575979647,398.9597511261963,396.37952979960477,397.49974159256647,36681.91231180592
1783508400,397.49974159256647,397.910942249104,396.25061880536765,397.8182803036666,29295.104937731958
1783512000,397.8182803036666,400.0891299840669,397.8182803036666,399.66812460361916,17712.3091550137
1783515600,399.66812460361916,402.04649937048936,393.72623386926705,394.2250583144419,260949.34618721346
1783519200,394.2250583144419,396.66236686869183,391.1850592348424,392.41201567774067,154126.54343254998
1783522800,392.41201567774067,393.8085566588681,390.33896856510256,392.99686113225835,41538.82581482073
1783526400,392.99686113225835,394.88274135812054,392.21877096066214,394.82203269512854,46403.564284474116
1783530000,394.82203269512854,395.70409747093674,392.76853873239736,393.1967795151928,48967.47520690839
1783533600,393.1967795151928,394.38218627219834,390.0130661478412,391.3742920222526,43947.10437696146
1783537200,391.3742920222526,397.001192214627,391.3742920222526,394.16801435314784,56313.680315686746
1783540800,394.16801435314784,395.2988857511502,391.57566814218376,393.55467193204817,28232.95875361527
1783544400,393.55467193204817,394.0601468419423,391.9877369378786,393.72106124901603,4370.683475803936
1783548000,393.72106124901603,394.5655727088371,393.72106124901603,393.75257193315565,1320.8357067526708
1783551600,393.75257193315565,393.75257193315565,393.26199452752047,393.3404970528738,1746.4476849626833
1783555200,393.3404970528738,395.560378351966,393.3404970528738,394.32326861789437,15340.20563815642
1783558800,394.32326861789437,397.0654494926392,392.9169926857687,395.55764037147975,8360.369446094914
1783562400,395.55764037147975,395.8964348698973,393.7706596478861,393.7706596478861,20041.925428239647
1783566000,393.7706596478861,395.1871323452812,393.13914194470357,394.2734252254137,13973.273186405144
1783569600,394.2734252254137,396.35432318398324,393.80604291731083,395.3363625306902,12229.121843483463
1783573200,395.3363625306902,396.5733608598163,395.1207690493248,395.90650632627046,8840.481010339632
1783576800,395.90650632627046,397.63414605680384,395.3487034748957,397.63414605680384,8473.485603581366
1783580400,397.63414605680384,398.8899654993463,397.07824873496764,398.10827292579364,9395.610572891575
1783584000,398.10827292579364,399.6115014957729,395.578844577092,396.57721872364084,28985.19708844685
1783587600,396.57721872364084,397.6482084099912,396.40728858379856,396.77515381537404,3991.537510085117
1783591200,396.77515381537404,396.8461239066741,395.1422537801129,395.6200718131102,8967.784680418428
1783594800,395.6200718131102,396.1832422754051,394.0859131899613,394.8721433731342,19747.34384765977
1783598400,394.8721433731342,396.34770435681105,393.8398040614299,393.84886119556467,31464.88020777346
1783602000,393.84886119556467,397.05899591175324,389.97698353103397,393.87184323980097,208280.33262334057
1783605600,393.87184323980097,397.87231322730537,391.6954666338952,394.64665509540015,161266.80806677433
1783609200,394.64665509540015,400.8407261747732,394.36603655040926,399.6594110794016,88782.47777559428
1783612800,399.6594110794016,402.4510323281591,398.3893561932226,401.5556316142166,76557.77351117038
1783616400,401.5556316142166,405.0654726464801,400.16822800297734,404.820419123791,75395.99890821915
1783620000,404.820419123791,408.403555258956,404.310902016917,405.1859544228142,48285.04659552972
1783623600,405.1859544228142,408.4378317912994,403.5956434382108,406.6891663483861,72419.02907860013
1783627200,406.6891663483861,408.8885842516305,405.0390060307233,407.51708196488,18086.80465146681
1783630800,407.51708196488,407.81569978218636,404.2344005928358,404.2344005928358,7342.5574012798525
1783634400,404.2344005928358,406.77783914971116,403.69476313504714,406.77783914971116,7186.940172556215
1783638000,406.77783914971116,406.77783914971116,404.54113588233184,404.54113588233184,82.82127793558575
1783641600,404.54113588233184,407.12293085108143,402.6842996038672,404.20846862306706,25764.57046422539
1783645200,404.20846862306706,406.6428693578826,402.3049736664516,406.6428693578826,11129.567059356415
1783648800,406.6428693578826,406.6428693578826,404.4709769313526,405.49988876773944,5112.496681397288
1783652400,405.49988876773944,406.1057105830844,404.39101204607954,404.39101204607954,2944.0586321737405
1783656000,404.39101204607954,406.68704112905436,404.39101204607954,406.68704112905436,4036.888983428217
1783659600,406.68704112905436,406.69352843405875,404.8889204392619,404.91654627116446,6246.297370920807
1783663200,404.91654627116446,405.9462433241578,404.32111313207105,405.76647884337433,9395.533178811442
1783666800,405.76647884337433,405.76647884337433,403.47168534056294,404.02913821292753,3481.1716951454955
1783670400,404.02913821292753,404.65543542001035,401.75064725375876,404.37471809839644,29411.011804334023
1783674000,404.37471809839644,404.9026136422322,402.1490200156232,404.2689663976277,21648.179143383513
1783677600,404.2689663976277,406.4363391507586,404.2689663976277,406.4363391507586,6413.552890027631
1783681200,406.4363391507586,407.2581061838244,405.85677455508227,406.12123616524144,18734.6435703651
1783684800,406.12123616524144,408.74522594195645,406.12123616524144,408.0188088299624,18219.369782969126
1783688400,408.0188088299624,412.01353628894793,404.3445243429202,409.9725157231585,272544.9381959769
1783692000,409.9725157231585,412.15922328454764,403.84292131070544,407.28215940567765,242082.6137653396
1783695600,407.28215940567765,410.17349221649175,405.97753972544587,410.17349221649175,99243.68999635353
1783699200,410.17349221649175,412.8963566555963,409.64830618836714,412.1358617013511,60196.476178695644
1783702800,412.1358617013511,412.6769663717366,407.9565814236276,410.62206308775905,65411.80301479192
1783706400,410.62206308775905,414.54726947186623,408.13355012839617,409.35200648071014,56918.5501249957
1783710000,409.35200648071014,410.3631619796078,407.03850991457165,407.2843460995787,39669.65846509726
1783713600,407.2843460995787,407.7290935991406,406.75557095598583,407.32789863299024,2036.6709626347163
1783720800,407.32789863299024,408.25450233887693,407.3118420607012,408.0195279972231,2614.0520681933026
1783724400,408.0195279972231,408.0195279972231,407.20838261797377,407.20838261797377,207.73405839255926
1783728000,407.20838261797377,408.28082459889,407.20838261797377,407.7558836652036,5145.009170221703
1783731600,407.7558836652036,407.7558836652036,406.28123326308736,406.28123326308736,45.43980796006122
1783738800,406.28123326308736,408.3603681516626,406.28123326308736,408.3603681516626,2608.8989766442837
1783746000,408.3603681516626,409.14309470640615,406.51206890867576,407.74479291289055,44083.15915859163
1783749600,407.74479291289055,407.74479291289055,407.33306844513726,407.33306844513726,29.418559582480025
1783753200,407.33306844513726,409.1784849466179,407.33306844513726,409.1784849466179,9138.249475785608
1783756800,409.1784849466179,409.89146095532726,407.62953014554597,407.8536020114797,26257.32214795117
1783760400,407.8536020114797,408.98193012950713,406.86348749920114,406.86348749920114,5624.02050150904
1783764000,406.86348749920114,408.42226646429,406.86348749920114,408.1560398452282,6688.704285210016
1783767600,408.1560398452282,408.229814528036,407.0759455854375,407.0759455854375,2208.439190386809
1783774800,407.0759455854375,408.20474573039843,407.0759455854375,407.6418638089675,4811.979704966735
1783778400,407.6418638089675,408.6003940767919,407.5314102267274,408.01756849913863,5847.74665675679
1783782000,408.01756849913863,409.7726707836209,407.1135583645079,408.5477197068232,6968.296487577339
1783785600,408.5477197068232,408.5477197068232,407.5237274765769,408.53253205532206,2592.2611276815437
1783789200,408.53253205532206,408.58086763184946,407.15798066159505,407.8663021056308,1063.872667331724
1783792800,407.8663021056308,408.2369985765016,407.3841249230779,408.0693359637497,2376.830795751147
1783796400,408.0693359637497,408.0693359637497,406.81843419662874,406.8750239135153,3059.1059728152527
1783800000,406.8750239135153,408.31604182653126,406.8750239135153,408.31604182653126,45.62159788137589
1783803600,408.31604182653126,409.13192413609437,408.28341828351273,409.03274351062873,3173.5425969826756
1783807200,409.03274351062873,409.5642401626226,407.7686468630829,408.5857835786905,7662.277063567218
1783810800,408.5857835786905,408.5857835786905,407.55155728964854,407.8497825026918,4812.092908066629
1783814400,407.8497825026918,407.8497825026918,407.58495153108197,407.58495153108197,265.0959710674424
1783818000,407.58495153108197,408.602389678314,407.015588543751,408.602389678314,7622.369391543545
1783821600,408.602389678314,408.76395117908237,407.0977098697031,407.34883257800607,5477.958569354741
1783825200,407.34883257800607,408.5351537635818,407.34883257800607,408.1078396684513,1534.9320315573984
1783828800,408.1078396684513,408.6903417406993,408.043411107847,408.6778652070665,2600.8639103980554
1783836000,408.6778652070665,409.1588700142189,407.25746443279206,407.25746443279206,3449.1779676903634
1783839600,407.25746443279206,409.3650740046296,407.25746443279206,409.3650740046296,3455.729049299745
1783843200,409.3650740046296,409.73032834092623,407.0698810715548,408.2005076726609,3669.6424389213917
1783846800,408.2005076726609,409.73979210128323,408.2005076726609,409.1755313780925,3954.8249813147945
1783850400,409.1755313780925,409.1755313780925,407.799933532908,407.86168809868,2882.347291270006
1783854000,407.86168809868,408.63254649053965,407.86168809868,408.63254649053965,465.6105001000216
1783857600,408.63254649053965,408.64453015739065,407.1227352050512,408.64453015739065,13102.55333201914
1783861200,408.64453015739065,408.64453015739065,407.9216738739186,408.07433377053576,1960.2411593933437
1783864800,408.07433377053576,409.6073102074924,407.29849248172053,409.6073102074924,7202.131264645727
1783868400,409.6073102074924,409.6073102074924,408.69509321770175,408.69509321770175,0.21998422087536015
1783872000,408.69509321770175,408.9630454530801,407.5720964169451,407.5720964169451,1852.4657000882703
1783875600,407.5720964169451,409.2138702861683,406.1799995959067,407.6712396692725,2944.314025903891
1783879200,407.6712396692725,408.34697187232723,407.4022604433217,407.614905228418,992.541047910998
1783890000,407.614905228418,408.11657415447604,406.669404255114,407.42911681625566,4143.760023468219
1783893600,407.42911681625566,408.40128898036755,405.60944193391407,405.60944193391407,12679.358808459467
1783897200,405.60944193391407,405.6366071560449,404.7091007191013,404.7091007191013,4616.832839165698
1783900800,404.7091007191013,408.17421990784857,402.85410818434235,403.53318423070476,36508.71245508973
1783904400,403.53318423070476,405.28946070744433,403.15972619672124,403.19756266210635,18964.615341705856
1783908000,403.19756266210635,403.9641735764821,401.0816395069689,402.59065460479565,16708.484201834235
1783911600,402.59065460479565,403.84236840836223,400.21263145213885,400.90639077339034,21434.144362153493
1783915200,400.90639077339034,402.31869862647466,398.80586845986466,399.1871127720292,22328.671189861827
1783918800,399.1871127720292,400.8800833084878,397.8405949032573,399.5030818411221,28419.67052321819
1783922400,399.5030818411221,400.7834384409615,399.05329271543974,400.51954579637663,10982.630527363479
1783926000,400.51954579637663,402.68089688634484,400.14744076283097,402.57803303708636,22714.3956621808
1783929600,402.57803303708636,404.1753403961596,401.4063879460135,402.6530808544525,21015.417664828554
1783933200,402.6530808544525,404.16959496046513,402.44922937800544,404.16959496046513,10704.301042668412
1783936800,404.16959496046513,405.09881340468,403.087992683885,405.09881340468,4016.9624322766654
1783940400,405.09881340468,405.84105766830606,403.84040489296143,405.06345816441177,21898.221784612175
1783944000,405.06345816441177,405.45675705893524,403.19818205119185,404.5308381031008,24864.275034242128
1783947600,404.5308381031008,404.8143653545007,394.42552323149926,395.29789535419957,230183.05242904963
1783951200,395.29789535419957,400.12395303444185,392.69630510489833,396.9150277528461,168265.52771695473
1783954800,396.9150277528461,399.3790562050718,395.3434184898846,396.21881742889457,78582.2222998065
1783958400,396.21881742889457,396.21881742889457,393.0800025317986,394.8176903688411,50872.567039670335
1783962000,394.8176903688411,396.54266283933055,392.18190997699736,393.1044052759979,41200.28414269815
1783965600,393.1044052759979,394.6716349240935,391.56853336023937,392.0277387833673,17835.199307817027
1783969200,392.0277387833673,394.69589699343084,390.4905368909801,394.27747513447997,31816.167096194356
1783972800,394.27747513447997,394.27747513447997,392.417755789191,394.2169946049782,7196.379557708355
1783976400,394.2169946049782,394.7089907970712,393.7285559623398,393.7285559623398,1751.9687220794
1783980000,393.7285559623398,394.74283825085314,392.29410513024345,393.4297875121873,7656.177942189762
1783983600,393.4297875121873,393.4722852728402,392.1317154310499,392.1317154310499,5059.083326464862
1783987200,392.1317154310499,394.6972515253348,391.30248030634544,394.5955889276009,49439.64022432173
1783990800,394.5955889276009,396.3226485177057,393.90592802303445,393.90592802303445,14627.900110603556
1783994400,393.90592802303445,394.9765990819462,393.33008695080565,393.5650949277725,5686.608556906109
1783998000,393.5650949277725,394.0475350873119,391.7430567290076,393.00517792651794,14878.251715958137
1784001600,393.00517792651794,395.214138421054,392.48637889079095,394.481438155219,9510.850636823046
1784005200,394.481438155219,395.6437322357253,391.2318964912964,395.6437322357253,85580.61030748514
1784008800,395.6437322357253,397.1543721830216,394.0571305403597,394.0571305403597,2851.74202056256
1784012400,394.0571305403597,396.10621859113155,393.91231594407344,395.96835295572527,7993.133821658854
1784016000,395.96835295572527,396.37589323152315,393.7212248077721,394.7361819683149,11249.998977019593
1784019600,394.7361819683149,395.88442963694604,392.86668276838606,395.88442963694604,5797.563635770237
1784023200,395.88442963694604,395.88442963694604,393.1110489262999,395.5882581382988,11451.205121479334
1784026800,395.5882581382988,397.54555527014213,394.11659730281133,397.29971405466455,12552.79115000555
1784030400,397.29971405466455,400.6839465747383,395.8917281974355,396.84914716420093,75977.02813767853
1784034000,396.84914716420093,401.34245860606507,395.2287317041514,398.5035213367247,233142.2692404307
1784037600,398.5035213367247,400.20121646187266,396.64469476144643,400.20121646187266,120573.85770480722
1784041200,400.20121646187266,402.6995310816129,396.5219686944627,396.59308812099425,100815.49029085398
1784044800,396.59308812099425,398.3374086173222,394.3707978427957,396.2595715364921,42448.03773394512
1784048400,396.2595715364921,397.4634678715598,393.71768404176174,395.4055546789051,19422.184654968452
1784052000,395.4055546789051,397.1525103776764,394.27620068756676,396.4028220449243,22660.266138183662
1784055600,396.4028220449243,397.4354872971806,395.2296734213829,395.8101959475125,27690.897117657416
1784059200,395.8101959475125,396.7961468002249,395.5838076685098,396.1814102737725,9141.769843694452
1784066400,396.1814102737725,396.1814102737725,394.67362672299043,395.0087837955117,946.3212159569457
1784070000,395.0087837955117,397.7117454092456,395.0087837955117,396.5959568287497,2921.7443956927195
1784073600,396.5959568287497,397.3599317095908,394.51024039280856,397.1562680794419,24413.986800874292
1784077200,397.1562680794419,398.5655030501648,395.4361683895627,397.6051714773622,8569.787466307795
1784080800,397.6051714773622,399.0994333907741,395.881892914815,396.89896093170876,50548.25401335751
1784084400,396.89896093170876,397.1570914323366,396.07840450644983,396.8106418282016,2520.8871575909584
1784088000,396.8106418282016,398.1250907875892,396.8106418282016,397.36748171200867,1156.6955904026433
1784091600,397.36748171200867,398.242826872485,396.4214266876142,396.4214266876142,2732.1301308335333
1784095200,396.4214266876142,398.8446060322509,396.4214266876142,397.9767534279365,2212.789364711116
1784098800,397.9767534279365,398.79490426108237,396.9441045635275,397.6925393399077,6719.33748165193
1784102400,397.6925393399077,397.8944891820076,396.0872437245721,396.3012978299154,4233.896909177035
1784106000,396.3012978299154,397.47061299507976,396.3012978299154,397.43042191754455,786.9538331619872
1784109600,397.43042191754455,397.59837500827234,396.3934031846785,396.3934031846785,1537.0844966562884
1784113200,396.3934031846785,398.23250937144286,395.7836738470173,396.9024422253609,5991.304959115977
1784116800,396.9024422253609,399.09130514047695,395.8710845229267,397.50828467017345,12404.192808931904
1784120400,397.50828467017345,406.62893458185437,396.86699690635646,398.275429797771,277418.3877517288
1784124000,398.275429797771,400.86704406239835,393.05768964213155,395.7660470266684,204892.91271299592
1784127600,395.7660470266684,398.65135755228056,395.3319534123648,395.38556601949784,82228.64783416316
1784131200,395.38556601949784,396.4072553796347,390.38727321539216,392.86338485302747,102062.79337368553
1784134800,392.86338485302747,399.6050407212286,392.23168753346704,399.5321770533872,72184.10978962993
1784138400,399.5321770533872,399.55881185087634,394.5341437280629,395.58856256338595,51073.38459899588
1784142000,395.58856256338595,397.5787493278549,393.06902957415366,393.4149127320442,20094.039171353223
1784145600,393.4149127320442,395.7211386423192,392.0734793812861,394.73365722282364,12927.389407222001
1784149200,394.73365722282364,395.76900769761454,394.73365722282364,395.76900769761454,11.62534257825019
1784156400,395.76900769761454,395.97798909466314,395.76900769761454,395.97798909466314,301.74631111404807
1784160000,395.97798909466314,395.97798909466314,392.8346336099847,394.23632268255085,26319.179552767844
1784163600,394.23632268255085,395.2901926467289,393.3316404219898,393.8917873916019,8419.247468270862
1784167200,393.8917873916019,395.5807318284647,392.3880643250669,394.49165584971047,7394.0208472782715
1784170800,394.49165584971047,396.1494659668712,394.49165584971047,395.83478457014235,5308.1003557868335
1784174400,395.83478457014235,395.83478457014235,395.6837114364659,395.6837114364659,15.637242218298987
1784178000,395.6837114364659,396.6342635910517,394.37667950862067,394.85367187545495,8074.792671948103
1784181600,394.85367187545495,395.5868113451121,393.48532415858546,395.4567075755868,2314.585166257052
1784185200,395.4567075755868,396.5103448589995,392.91518748651845,393.85045353608695,8392.570072930528
1784188800,393.85045353608695,395.60714918229115,392.2860996608468,393.84192019172866,14355.142478467915
1784192400,393.84192019172866,394.6022441734786,393.00230023177573,394.17599835572474,7603.40724304168
1784196000,394.17599835572474,395.76083140562923,393.1686782243324,393.44873800854265,4917.35727031635
1784199600,393.44873800854265,394.7144032014022,391.85769208104165,392.64518646142835,20098.79981621611
1784203200,392.64518646142835,393.65435681210226,390.70281278974574,392.1252463526914,9664.917712777573
1784206800,392.1252463526914,393.4315779457917,385.6699571471375,386.6049083608833,176411.1207912995
1784210400,386.6049083608833,395.29542571219065,386.6049083608833,393.7029144375267,221054.96752212383
1784214000,393.7029144375267,395.3468802214775,391.07823338504863,394.12059741834355,92426.37100538702
1784217600,394.12059741834355,394.12059741834355,386.3825947132588,388.12059238083424,62567.02712987018
1784221200,388.12059238083424,390.6905193068187,387.02628471769515,390.33652913940193,58480.9683500496
1784224800,390.33652913940193,391.6641910133541,387.9715588765415,389.54544962854266,55570.99647185084
1784228400,389.54544962854266,392.51514958705366,388.60259128051956,390.9429990897848,68173.32460476707
1784232000,390.9429990897848,392.43717347596083,390.5442860664658,390.78249858390757,5324.305189446781
1784235600,390.78249858390757,391.3005980112437,389.87434241710105,391.22100931545964,869.603976745313
1784239200,391.22100931545964,391.22100931545964,388.69299745272303,388.69299745272303,12950.812571261433
1784242800,388.69299745272303,390.54235075121017,387.5617964738276,388.6800290997431,10226.924370648625
1784246400,388.6800290997431,389.98315392875327,386.0760354485089,387.88965147912114,20995.016244236976
1784250000,387.88965147912114,389.5137391863185,385.94038158752045,386.18440655704796,16443.90269015945
1784253600,386.18440655704796,389.05947700225073,385.81402472645533,387.91148397673567,12396.346336261879
1784257200,387.91148397673567,389.53807072452065,385.69216423562017,387.69153964060047,17424.567986196675
1784260800,387.69153964060047,388.59312866541535,384.5422687146769,385.72238356988385,19771.36940800543
1784264400,385.72238356988385,386.97706000431805,383.81752567886207,383.94756379154006,11719.032396434326
1784268000,383.94756379154006,387.1388737102588,383.6658250264879,386.391117434998,13052.954837649651
1784271600,386.391117434998,387.45610179621855,383.48925909403,385.19992317973305,8859.778185468465
1784275200,385.19992317973305,385.4220117314527,382.50074926683794,383.36220440211883,23934.884571648297
1784278800,383.36220440211883,386.6979406101412,383.36220440211883,386.5246391666786,14837.781151776227
1784282400,386.5246391666786,386.52633568418446,382.7259165576846,383.4822950987816,23606.74175534602
1784286000,383.4822950987816,386.01424969849097,383.4822950987816,386.01424969849097,8906.884263787604
1784289600,386.01424969849097,386.01424969849097,381.7390132259421,382.8012994903955,13680.651502782575
1784293200,382.8012994903955,383.902544364197,375.8789896458598,380.8134758920832,276133.16874004924
1784296800,380.8134758920832,384.175331675599,378.0405973199745,380.58310283610433,151479.89584450846
1784300400,380.58310283610433,382.87858725181155,377.74420936079963,381.5473499408076,96961.59793427128
1784304000,381.5473499408076,385.56704639014066,381.0991116878407,384.60307057404873,70512.15844257682
1784307600,384.60307057404873,386.14736672262666,382.2146654769579,382.668160053782,39020.883413810705
1784311200,382.668160053782,383.7101820683644,380.01420279570084,381.67847013850246,23234.91305674601
1784314800,381.67847013850246,383.3525290718951,379.66383340833994,380.51213794956016,31885.496425213172
1784318400,380.51213794956016,382.23703127390144,380.51213794956016,380.90495225073147,8878.718556352675
1784322000,380.90495225073147,380.90495225073147,380.03285144054036,380.03285144054036,324.928087981662
1784325600,380.03285144054036,380.6863335281599,379.7307446761261,380.3428762735191,1654.030349914827
1784332800,380.3428762735191,381.4700440864933,379.8787556769624,380.9873455324106,3615.586344652215
1784336400,380.9873455324106,381.3253013617075,379.9238420082752,380.96136290609616,4437.082273442007
1784340000,380.96136290609616,382.5535039571468,380.96136290609616,381.2165374130804,2120.189651253283
1784343600,381.2165374130804,382.7017569477383,381.2165374130804,382.3707220758706,2024.4450847918365
1784347200,382.3707220758706,382.39844534750915,382.3707220758706,382.39844534750915,0.15250050000458665
1784350800,382.39844534750915,383.2493093130122,382.12499886209093,382.3001578293269,7401.12824455181
1784354400,382.3001578293269,382.3001578293269,379.93773299425766,379.93773299425766,2860.483276853303
1784358000,379.93773299425766,381.8207369532636,379.93773299425766,380.1890962277779,823.2348334457135
1784361600,380.1890962277779,381.5875583114219,380.1890962277779,381.42982320056217,11.848499225147588
1784365200,381.42982320056217,381.77124633063875,381.2794463356784,381.77124633063875,201.12128564343175
1784368800,381.77124633063875,381.77124633063875,380.12108410430716,380.12108410430716,13.380729709405061
1784372400,380.12108410430716,383.588815585953,380.12108410430716,382.81717988832673,4937.554333239729
1784376000,382.81717988832673,383.35778187954173,381.21230732460594,381.97446851381807,4235.022875229515
1784379600,381.97446851381807,383.2629195182438,380.65787449182534,380.7709659064238,2478.6857136284825
1784383200,380.7709659064238,381.6883722456551,380.58723333737,381.6883722456551,1938.650933734519
1784386800,381.6883722456551,381.6883722456551,381.11420422042056,381.11420422042056,205.48430885888868
1784390400,381.11420422042056,382.22664607983637,379.63405530097265,381.4678093678678,2067.965178265874
1784394000,381.4678093678678,382.3653281494414,381.28680779409154,381.33191590956284,4446.8550575285535
1784397600,381.33191590956284,382.3302467104765,380.7080780890217,382.3302467104765,1344.929427246068
1784401200,382.3302467104765,382.7397720539059,380.3747463758821,380.3747463758821,758.8818527500441
1784404800,380.3747463758821,382.8129424477883,380.3747463758821,381.5547192396496,596.5964572012729
1784419200,381.5547192396496,382.3085259749822,381.5547192396496,381.7096246973416,72.02653822974753
1784426400,381.7096246973416,383.23796869666745,380.5518950675465,381.5988587448839,2848.3711548559286
1784430000,381.5988587448839,383.2057376898897,381.47353900054117,383.2057376898897,941.9792320545172
1784433600,383.2057376898897,383.2057376898897,381.50168398787747,381.7839646646187,989.5595739320382
1784444400,381.7839646646187,383.18626158222804,381.18721355984775,381.18721355984775,977.1868673885208
1784448000,381.18721355984775,382.8144636044095,380.83498622161596,382.8144636044095,5805.34275420822
1784451600,382.8144636044095,383.6383154068032,380.0276703043868,380.7983086638874,9698.892085669371
1784458800,380.7983086638874,383.5435541344984,380.7983086638874,382.0104952628662,9411.620717591539
1784462400,382.0104952628662,382.06469452518127,382.0104952628662,382.06469452518127,573.0970417877719
1784469600,382.06469452518127,383.4888142358894,380.8927347672707,381.97598291062786,2295.695208767654
1784473200,381.97598291062786,382.506667061025,381.5513475078576,382.4930448504795,3.7109661553902478
1784476800,382.4930448504795,383.4815159165198,380.79776726040035,380.79776726040035,2148.2827756385345
1784480400,380.79776726040035,383.0762397929188,380.79776726040035,381.83100158539685,1948.4788042481296
1784484000,381.83100158539685,382.5221940916489,380.5686902200108,380.8576655709356,2500.347104087019
1784491200,380.8576655709356,381.6025885910642,380.8576655709356,381.6025885910642,179.2827727999463
1784494800,381.6025885910642,381.6025885910642,381.001019052394,381.11077175749324,1862.9758558098572
1784498400,381.11077175749324,383.31802811758104,380.28513306714717,381.6707674031022,11969.689819568219
1784502000,381.6707674031022,385.8332140238713,381.65615634505934,383.53190872314485,12357.239342245462
1784505600,383.53190872314485,384.4657044982957,380.1891394913643,380.97265740837287,66294.34124712211
1784509200,380.97265740837287,383.4580546195578,379.93907822206444,380.20263688355965,20253.712459120536
1784512800,380.20263688355965,382.39675948360787,379.9415671134745,381.44350921830363,14682.866453330718
1784516400,381.44350921830363,382.8836238124088,380.912003857716,381.89270105836306,3596.920535662159
1784520000,381.89270105836306,383.45671668785667,380.77772958251796,381.05661204724845,2788.3658948512225
1784523600,381.05661204724845,383.685916339242,379.53040183526167,379.53040183526167,16886.226183471434
1784527200,379.53040183526167,380.2677830231828,378.06634842584543,380.2677830231828,2438.296930940059
1784530800,380.2677830231828,383.56680275726876,379.63374092001135,382.1981265619939,16301.9087829988
1784534400,382.1981265619939,382.9841374646007,380.02967844897057,380.99849397532876,9955.18347514948
1784538000,380.99849397532876,382.80786845455054,380.69241170928564,382.31972336347405,7429.222233027579
1784541600,382.31972336347405,382.6926783105429,381.61962902898387,381.61962902898387,1258.5434515723828
1784545200,381.61962902898387,386.2703795642236,380.72629849100326,385.2305234335295,34931.332247201535
1784548800,385.2305234335295,386.3311531107521,383.7051440864375,384.13625868398947,12322.623691751915
1784552400,384.13625868398947,386.35975014152365,374.9324284179632,376.5938965705053,219752.15451521904
1784556000,376.5938965705053,377.33920449207693,372.49213660570626,372.64790668677455,94131.6608124778
1784559600,372.64790668677455,375.10702353429326,370.7603906106925,373.87569669488937,51409.34786181631
1784563200,373.87569669488937,379.0549865936991,371.45767083399346,373.2574718396033,74099.48722384789
1784566800,373.2574718396033,374.84173120882974,370.61333913493615,373.4047109740741,30076.556055229128
1784570400,373.4047109740741,375.55804892255446,370.46086048942396,371.28983932869363,37119.59468464915
1784574000,371.28983932869363,372.4512462871411,367.73985855415043,367.73985855415043,30987.6292564925
1784577600,367.73985855415043,370.9398662930489,367.73985855415043,370.9398662930489,8023.149103700796
1784581200,370.9398662930489,370.9398662930489,369.80489489221657,370.6896747929231,382.35992880752656
1784584800,370.6896747929231,370.7647363388568,368.2994598052394,369.97866398566117,4168.433787577311
1784588400,369.97866398566117,370.9949707822348,368.38372458747943,369.50720574749096,5080.136746074742
1784592000,369.50720574749096,372.77779681085894,368.8249799236185,370.0985196198667,13489.758063943187
1784595600,370.0985196198667,371.9100738217867,369.68581544369283,370.6458602677657,7546.08054872289
1784599200,370.6458602677657,379.0424547666854,369.48259674719293,371.9141753327906,7977.874533214667
1784602800,371.9141753327906,374.64705316872494,371.02538434297225,373.920361667672,7602.728749704444
1784606400,373.920361667672,374.4403660648607,372.703581997715,373.1849970945792,1888.7273607384748
1784610000,373.1849970945792,374.2457240017339,372.4698972298946,373.3368588724785,3917.7051284609556
1784613600,373.3368588724785,377.0672374448285,372.24647294750827,373.31692454713254,23801.006379760605
1784617200,373.31692454713254,374.7526871977759,372.85404202426605,373.6140101921235,3109.058298853396
1784620800,373.6140101921235,376.06501518380236,373.6140101921235,375.342570099204,4542.684768426551
1784624400,375.342570099204,375.342570099204,374.3126834386925,375.28581635683327,693.7655685285896
1784628000,375.28581635683327,375.31586292979125,372.9615144909914,374.41191323830526,5642.088679964613
1784631600,374.41191323830526,374.8228342909889,369.77731713031983,372.41185407812816,11068.196534372919
1784635200,372.41185407812816,374.1985084618252,370.4907871952575,371.1659032382807,25337.275599422126
1784638800,371.1659032382807,378.4130649967294,370.165245249519,376.71056907006624,203649.12187393973
1784642400,376.71056907006624,384.13493010937947,376.31280647170246,380.6919877090453,149434.3826084957
1784646000,380.6919877090453,384.00740868550315,378.4847381559944,379.9885408757466,62625.81539506831
1784649600,379.9885408757466,382.2787849726798,379.30574945830944,381.52294327385,17080.66256975796
1784653200,381.52294327385,381.59474023585466,377.84522966892393,379.5449513533278,22703.114203352678
1784656800,379.5449513533278,381.3662750215406,376.614801274235,376.614801274235,20968.08698805858
1784660400,376.614801274235,381.2000454693347,375.42839629573746,379.00040322893364,29571.944087120813
1784664000,379.00040322893364,380.6312333068081,378.05530181615654,378.05530181615654,8150.094487666462
1784667600,378.05530181615654,380.0674139972304,378.0461390377954,380.0674139972304,2812.7241984739044
1784671200,380.0674139972304,380.0674139972304,376.9521589141896,378.6540213701802,3797.3539432369007
1784674800,378.6540213701802,379.6273603812323,378.0173381147497,379.39589466142377,2407.024096470446
1784678400,379.39589466142377,381.5841586270187,378.48759391387046,380.71853894622865,11034.871156279236
1784682000,380.71853894622865,380.71853894622865,376.6448083821421,378.2391690484041,63945.86396534425
1784685600,378.2391690484041,379.97639501393616,378.0187697574707,379.358669116864,2815.3966742557955
1784689200,379.358669116864,380.2356399528556,377.59606381360817,377.6123885086973,7656.804762015483
1784692800,377.6123885086973,378.63880580259826,377.4907968598212,378.38421790089853,1186.0234401004789
1784696400,378.38421790089853,379.61845031278074,376.50966566525085,379.0481841311773,18901.255356492315
1784700000,379.0481841311773,379.0481841311773,375.9007977718729,376.825316161101,7988.751607488858
1784703600,376.825316161101,378.60735638768864,374.82284906246394,378.09048740926494,6183.661097952189
1784707200,378.09048740926494,379.0674101551664,376.0821043866143,378.59437864087846,11677.175536767201
1784710800,378.59437864087846,380.1919349962138,377.0231605066922,378.5456486422968,17194.813718067027
1784714400,378.5456486422968,379.2309074809712,376.24931091488764,377.7007663089356,11420.248846257378
1784718000,377.7007663089356,378.6058759197569,375.2890433479313,376.58878491749977,18341.48768679175
1784721600,376.58878491749977,378.2254660062605,374.2086468346153,375.22840262549266,26211.18408152562
1784725200,375.22840262549266,381.554712974444,373.91936698243785,378.7606884868318,180373.25609007027
1784728800,378.7606884868318,380.6602217237245,374.98263157677474,376.57245657097224,74159.69670181512
1784732400,376.57245657097224,380.1751402493263,375.5703358502616,378.79228595099204,48261.03173031309
1784736000,378.79228595099204,378.90318345659585,375.27754983069207,378.10522879560057,29934.510722264207
1784739600,378.10522879560057,379.115489112294,375.59452393282385,376.773723901787,20431.490960844167
1784743200,376.773723901787,377.85043395503595,373.4321676077701,375.30454624885925,9400.993356933745
1784746800,375.30454624885925,375.97898758962896,371.88234388536665,374.4699404110391,41744.32023673643
1784750400,374.4699404110391,375.18642373609765,359.3876135134824,363.64094006880623,782366.3278810034
1784754000,363.64094006880623,365.5258748383563,352.69990402669004,358.50556321994947,364732.0825983276
1784757600,358.50556321994947,360.2633650196298,355.6247408096525,358.7026399713458,99807.89337094162
1784761200,358.7026399713458,359.82527102941765,356.63063432919085,358.332630384078,22256.52748931443
1784764800,358.332630384078,362.845365039596,357.7285005943618,360.5335212325025,56053.933192796314
1784768400,360.5335212325025,364.7307291612855,358.779127222937,360.4913340075063,19549.868039732715
1784772000,360.4913340075063,361.69386364363254,357.00927922580155,359.0428515703452,19368.670921040186
1784775600,359.0428515703452,359.2843894983959,356.73861396947547,357.2934352097783,19423.34990086647
1784779200,357.2934352097783,358.50279179913633,356.05374537387934,358.50279179913633,11439.013833063824
1784782800,358.50279179913633,359.3654385763681,356.2048298805495,357.20677193702414,20346.91162300938
1784786400,357.20677193702414,359.2699956384815,356.61416057617174,356.61416057617174,10370.114794598976
1784790000,356.61416057617174,358.9166327209859,355.4697595612849,356.18427394179827,20402.34835690913
1784793600,356.18427394179827,359.3918079578725,351.81540468765724,352.7332355791492,141008.9497237229
1784797200,352.7332355791492,356.907580424373,351.0604715715723,351.8824298459708,182263.99613490963
1784800800,351.8824298459708,354.97204054562206,349.8515600741172,353.40835489716983,100538.34502199954
1784804400,353.40835489716983,353.40835489716983,347.72791170850445,348.43241591388005,76622.26009223107
1784808000,348.43241591388005,349.3069870134388,343.8304670921021,345.8315442298975,45397.78107771081
1784811600,345.8315442298975,347.4425948220808,326.9170749106701,327.4814542689885,711294.3669006482
1784815200,327.4814542689885,330.4064325999501,321.87075291086853,324.4289122557666,269403.5097800218
1784818800,324.4289122557666,328.8679241429366,317.65797859096244,323.7859084607005,373587.2440894479
1784822400,323.7859084607005,333.97255918177035,320.1642047708284,321.24707811408695,693895.3017767235
1784826000,321.24707811408695,325.31384299050626,320.2782801313533,321.81469673332316,151887.7927287706
1784829600,321.81469673332316,324.19439756996286,319.1782430865456,320.8424450545776,126036.93027121485
1784833200,320.8424450545776,324.4580286035648,315.4799341991199,319.2834581487197,153963.40018911922
1784836800,319.2834581487197,325.90787570702554,318.7481128362242,324.6839592150609,63320.46866432655
1784840400,324.6839592150609,326.17068086558,321.4063296097432,323.973338750395,34241.050003633834
1784844000,323.973338750395,325.1733996623802,322.576537808355,323.61093647865573,25972.5409023375
1784847600,323.61093647865573,325.65887011446114,322.9038936521767,324.76005341198766,38302.79866194153
1784851200,324.76005341198766,326.18263292275384,322.451236552468,325.56542791940996,134422.234470455
1784854800,325.56542791940996,327.5820357986676,322.9787205859254,325.16661294383823,85466.36193181532
1784858400,325.16661294383823,325.7206029094271,319.7506766185864,321.6119718543694,38925.39716463173
1784862000,321.6119718543694,322.0621282138531,319.25362958508924,322.0621282138531,17267.332082543184
1784865600,322.0621282138531,323.93475088691173,320.24108780357017,323.42607794451067,56905.88282491788
1784869200,323.42607794451067,324.2929594328116,320.80831820443314,322.1208857303427,69316.50827541173
1784872800,322.1208857303427,324.50318407155083,322.1208857303427,324.50318407155083,12092.937920990451
1784876400,324.50318407155083,326.39900972493825,322.77710963291577,325.33040918386,9234.712629118838
1784880000,325.33040918386,326.4470440229359,321.8259690815883,324.5947581769148,61035.05294079894
1784883600,324.5947581769148,326.1920731818702,323.1470584418404,324.0775792856559,19278.953824120774
1784887200,324.0775792856559,326.04138672515774,317.3934108412118,325.0997587631345,53078.61707238181
1784890800,325.0997587631345,326.7028213475549,321.3380503554782,322.7800656226828,471151.6155665917
1784894400,322.7800656226828,324.96852848581966,320.58086165138394,322.41249107468445,129341.82138376692
1784898000,322.41249107468445,325.1011222493984,314.1778005044084,315.5874914763652,377872.8775696137
1784901600,315.5874914763652,317.94127156664945,307.90583178069517,312.7216624388749,271671.55099617323
1784905200,312.7216624388749,314.0753594922636,307.64544788169087,310.4359583969456,285681.924341144
1784908800,310.4359583969456,314.0951404154338,308.4656880788099,309.0668559036851,112792.33607986265
1784912400,309.0668559036851,311.1363780917776,307.3187444412525,310.46903257510724,37553.826240849616
1784916000,310.46903257510724,310.8087905868106,306.1608837134608,309.66303225481994,54672.39205486058
1784919600,309.66303225481994,314.5424205379593,308.413535005607,313.8997936605665,55200.92083041706
1784923200,313.8997936605665,315.02165558996626,311.30145082407256,312.6289402682454,16635.23519436762
1784926800,312.6289402682454,314.32989978201607,311.7924213864123,312.19885222968327,16852.026653359404
1784930400,312.19885222968327,314.1757509059546,310.7989654852924,311.5404866177868,10027.84927946541
1784934000,311.5404866177868,312.5290708387329,309.8828006617636,311.14649880092884,5047.916422598343
1784937600,311.14649880092884,312.15692574034546,309.455453061948,310.4583166226702,5823.245434560481
1784941200,310.4583166226702,313.9857262309636,309.8213647501364,311.5440566634118,556.8813942992116
1784944800,311.5440566634118,312.69002158892937,309.7684445446302,312.69002158892937,9805.300164246795
1784948400,312.69002158892937,312.69002158892937,310.10687916309513,310.74670097118695,2551.043710083833
1784952000,310.74670097118695,312.7203601394559,309.9149897472912,311.2662656957293,51595.18435778845
1784955600,311.2662656957293,312.6261182818795,310.9349765186635,312.6261182818795,1034.0361340432307
1784959200,312.6261182818795,312.9375962131363,311.1689626898256,311.4902481937211,1325.1072240380036
1784962800,311.4902481937211,312.0443642052584,309.6928214494858,310.7568853306993,10130.445614400844
1784966400,310.7568853306993,312.41906590389584,310.5467412195992,311.4985918728411,5524.567233877729
1784970000,311.4985918728411,311.7116002011637,310.063717169185,311.0724620692994,6504.27230974295
1784973600,311.0724620692994,312.09679489138733,310.8058442589349,311.5316329640456,5101.338596761311
1784977200,311.5316329640456,312.37809343878007,310.04736201381843,310.04736201381843,2776.995505478094
1784980800,310.04736201381843,312.31122011377937,310.04736201381843,310.67929242244975,13015.269279523183
1784984400,310.67929242244975,312.84108459042545,310.53694044654554,312.06561241638286,2368.1369454986498
1784988000,312.06561241638286,317.92474159491456,309.9590352529969,311.268731507207,123336.81403583985
1784991600,311.268731507207,311.268731507207,309.6964380828449,310.2551361657695,3586.3611501349055
1784995200,310.2551361657695,312.1522217010081,310.2551361657695,312.1522217010081,3181.2955067537337
1784998800,312.1522217010081,312.2474980264368,310.79171556995675,312.0437751441183,3943.153921308742
1785002400,312.0437751441183,312.91829427899745,311.78963018877033,311.81650322142013,2809.729296703415
1785006000,311.81650322142013,313.74499799047726,311.81650322142013,312.76233307986,5600.09047996018
1785009600,312.76233307986,313.54879134802565,312.7562155266182,313.54879134802565,20.945764678929965
1785013200,313.54879134802565,313.8772594375497,309.62820312084636,312.7823563166695,1301.8454527415272
1785016800,312.7823563166695,313.96865865413525,312.4644726749545,312.4644726749545,250.89295078388537
1785020400,312.4644726749545,314.39089338823766,311.5438744118034,311.5438744118034,685.1792495429946
1785024000,311.5438744118034,313.9045630269726,311.5438744118034,313.9045630269726,3850.1213501071948
1785027600,313.9045630269726,314.3400931357973,312.2247134535196,313.072050344908,5803.885508934507
1785031200,313.072050344908,313.5679629134619,312.32079532961893,312.350182293488,2163.9116708801525
1785034800,312.350182293488,314.20868634092096,312.350182293488,312.9189014496016,6590.824359001848
1785038400,312.9189014496016,314.75956894044305,312.4937527825181,314.75956894044305,4408.929503828157
1785042000,314.75956894044305,314.75956894044305,312.76986779233454,312.76986779233454,4069.329652901429
1785045600,312.76986779233454,314.19626710745433,312.76986779233454,313.3574989843979,3622.7724945364535
1785049200,313.3574989843979,314.5123916424612,312.69469047169935,314.5123916424612,206.81758586050603
1785052800,314.5123916424612,314.5123916424612,313.28085422016,313.28085422016,26.109751383988147
1785056400,313.28085422016,314.70428547050693,313.1777604282253,313.58276912782736,395.9548917215433
1785060000,313.58276912782736,315.4837616821641,313.3228206264134,314.81316589692807,23718.922737116816
1785063600,314.81316589692807,316.5617432128749,314.81316589692807,315.68557469105525,6667.039990090874
1785067200,315.68557469105525,316.7595284116675,314.1720388891437,315.7901198266418,21696.583339311146
1785070800,315.7901198266418,316.184392625259,315.3275519006744,315.38347004463634,4043.8770379525145
1785074400,315.38347004463634,316.7898649297422,314.57891922582485,315.11290393951913,2857.347128102562
1785078000,315.11290393951913,316.1647492675454,314.2182057485869,314.2738923991757,7860.415685614402
1785081600,314.2738923991757,315.56191200614234,313.66561654148467,315.433041911514,11466.50465818324
1785085200,315.433041911514,316.1666166090018,314.66568990721294,315.8585381400846,5338.868545062428
1785088800,315.8585381400846,316.0367663395795,313.51301702144275,314.941578203606,19849.043921924225
1785092400,314.941578203606,315.051214179795,314.1008190842968,314.15927179699855,4590.05936736384
1785096000,314.15927179699855,314.5549957089844,312.70711226336147,313.77654924811446,2547.523617271222
1785099600,313.77654924811446,315.07450173500183,312.3694213178651,314.1054547656482,4356.0300746474495
1785103200,314.1054547656482,316.2987404668042,313.17280342993143,315.297621361728,22332.576510989704
1785106800,315.297621361728,317.87646357361126,315.05206189195,315.88826215633867,24501.536362710907
1785110400,315.88826215633867,316.954574337687,314.4393315494713,315.3086064688982,45569.95214507684
1785114000,315.3086064688982,315.56733067031456,313.4095861707485,314.9501912436403,19969.288175459205
1785117600,314.9501912436403,315.8510947188044,314.44093756030975,315.21168589547904,8015.643507409308
1785121200,315.21168589547904,315.89780442823167,315.21168589547904,315.2260444314037,2285.076241744165
1785124800,315.2260444314037,317.38138757012007,313.93274969218464,314.654559151758,18361.019746780887
1785128400,314.654559151758,316.4398071820176,313.8542972122668,314.95162724039466,7101.741777088124
1785132000,314.95162724039466,316.9778173501855,314.95162724039466,315.9743271786465,9195.221207286284
1785135600,315.9743271786465,318.2214818070104,315.9437065877067,316.5315329881383,7656.303811022736
1785139200,316.5315329881383,319.2250142753748,316.5315329881383,317.41029022191395,16594.385191326623
1785142800,317.41029022191395,319.59915569943934,316.3513439860948,317.66690708627056,12793.613529709268
1785146400,317.66690708627056,318.5054030530127,316.54382354131155,316.8966188911488,3999.148816154485
1785150000,316.8966188911488,317.36021075958183,313.95099744269453,315.9410791946207,16223.016786443824
1785153600,315.9410791946207,317.40644038282335,314.41052095376796,316.43174164089424,21634.03187378991
1785157200,316.43174164089424,317.89934870753626,309.2206303525644,309.7817700396028,409813.4841002656
1785160800,309.7817700396028,317.6139850139038,304.0765761408133,307.6163872072429,331775.7972541251
1785164400,307.6163872072429,310.47549812770944,306.4364385848334,307.43634228383485,82315.43252608515
1785168000,307.43634228383485,311.5324092776843,306.91803030783393,308.10079012760315,76392.58905199391
1785171600,308.10079012760315,309.6699420120846,305.94322523912206,308.15844698028263,39381.95377462548
1785175200,308.15844698028263,308.90166576437457,304.69344470604653,307.2103030038011,43682.15473807177
1785178800,307.2103030038011,310.08130805489276,306.6963665222426,309.3206022657014,43840.187767538664
1785182400,309.3206022657014,310.52049027114526,307.28734724697466,309.6118143364517,14256.48229591133
1785186000,309.6118143364517,311.43105350171936,307.5177220381108,307.91680919606006,7532.062469916148
1785189600,307.91680919606006,309.8326237198423,307.2609905435052,308.19375525167214,7907.894304068967
1785193200,308.19375525167214,308.78719581635346,306.70796234953053,307.563177035346,8960.98602270893
1785196800,307.563177035346,308.7974808957381,305.94294955354167,306.6122160537968,22369.02894546042
1785200400,306.6122160537968,306.9496185929237,303.9970178874303,306.4348335476229,14204.562820508341
1785204000,306.4348335476229,307.0811508546662,303.24973157501887,303.32901266398375,17960.09341994872
1785207600,303.32901266398375,305.8258937275114,303.2926328512444,305.8258937275114,23005.7494108031
1785211200,305.8258937275114,305.95980504548555,303.1641944032896,303.1641944032896,10412.511169717764
1785214800,303.1641944032896,304.7367633090791,302.44149477812505,304.7043738712287,6911.789181912053
1785218400,304.7043738712287,304.82480995795675,302.45903286073394,303.76056232403175,20971.722879666155
1785222000,303.76056232403175,305.2730967492473,303.3040234017086,304.38670267041067,5907.827045492308
1785225600,304.38670267041067,306.48658280858314,303.7764437100261,305.6809972440971,22767.580221714146
1785229200,305.6809972440971,306.37747451577343,304.23708083490556,304.87286375745316,13328.386703796494
1785232800,304.87286375745316,306.23260860479724,304.26845685257695,306.1260085337081,8264.728395056047
1785236400,306.1260085337081,306.3696413747169,303.3655059691249,305.0346255527452,29292.348457742217
1785240000,305.0346255527452,308.2209011394504,304.19865738461743,307.1310944466002,31812.791355173154
1785243600,307.1310944466002,308.18063880861405,301.81598282310176,304.24389678841305,320186.72489905433
1785247200,304.24389678841305,305.407776545324,300.4130189982089,302.9667710468705,160405.42594377976
1785250800,302.9667710468705,309.75562930941726,302.8367718948897,309.71916193826956,77353.4352068742
1785254400,309.71916193826956,311.86909760226996,305.9884722747693,307.87126539974093,57340.311901828645
1785258000,307.87126539974093,308.3488607294795,305.5646464127289,306.64014844455716,30275.271267453038
1785261600,306.64014844455716,307.35657007367365,305.3860276124924,307.112342086432,24701.321228817167
1785265200,307.112342086432,307.9038850118179,304.4251664072268,307.70475436743914,48698.62700874253
1785268800,307.70475436743914,309.06221585628765,305.84993990760466,305.8989419210076,21604.960663119895
1785272400,305.8989419210076,307.81002978362136,305.85418624615215,307.2324239481408,5508.928250147583
1785276000,307.2324239481408,307.52456126193925,304.7745429134301,304.86009898807094,40701.56760926595
1785279600,304.86009898807094,307.0246039591149,303.4091399727862,306.59542342792196,28449.442346345782
1785283200,306.59542342792196,308.73021099865394,306.18471027291696,307.2829581365305,27256.05242060213
1785286800,307.2829581365305,307.38581356699314,304.9778762521205,305.293724240864,47289.74363255749
1785290400,305.293724240864,306.2812505417208,303.8342757435231,305.8307527862389,48275.316771757054
1785294000,305.8307527862389,305.9652404848034,303.54745427152517,303.57978658139007,12432.443368078955
1785297600,303.57978658139007,303.9491756236423,301.71754321495064,303.4769813296445,23483.76875806493
1785301200,303.4769813296445,304.67304944670485,303.04496377993,304.216271720469,16525.087708419996
1785304800,304.216271720469,305.743921519079,303.0252524731769,305.743921519079,15655.222822233203
1785308400,305.743921519079,306.88571171626626,304.96396449878785,305.7719332860098,11774.09436313905
1785312000,305.7719332860098,306.34184360252806,304.2421332027216,306.34184360252806,49674.299834971
1785315600,306.34184360252806,308.03435214005475,305.4340644585457,307.31845482827543,14491.29527241829
1785319200,307.31845482827543,308.2671190053794,306.2940846576352,306.4325858836928,12350.112573330134
1785322800,306.4325858836928,309.1002848032469,305.8431167966473,308.9428136076459,28327.824326019763
1785326400,308.9428136076459,308.9428136076459,306.65884193608827,308.19451031567655,28137.465576216302
1785330000,308.19451031567655,309.4909570781996,304.2068032052292,305.6856610117314,201632.63249360071
1785333600,305.6856610117314,306.3666552385248,302.27487523085614,304.102278098205,106903.86333620791
1785337200,304.102278098205,304.1407223443834,300.25532445003955,302.15635164141463,52600.62032140085
1785340800,302.15635164141463,302.5091168683013,300.17829993849284,301.885243658413,35470.57034695843
1785344400,301.885243658413,304.04629181237345,301.4337886109896,302.9526696710133,35584.86265582963
1785348000,302.9526696710133,307.89157962928414,301.9364072269359,307.68961153335346,112503.1889754087
1785351600,307.68961153335346,308.424757108148,297.4410570316144,298.76797271052425,124065.87928994746
1785355200,298.76797271052425,299.224654219317,293.7732794209413,297.0826149663788,61929.79503118654
1785358800,297.0826149663788,300.01729127537413,293.4232390940445,294.83396244118205,103471.51692334539
1785362400,294.83396244118205,298.19976964860604,294.83396244118205,296.88099847125767,19359.882779858868
1785366000,296.88099847125767,298.19562462002347,296.08421723828405,296.08421723828405,5996.19392688894
1785369600,296.08421723828405,298.87955815590846,296.08421723828405,298.3561139780441,34540.36688528592
1785373200,298.3561139780441,301.28196626733757,297.621378295967,301.28196626733757,23636.299369341315
1785376800,301.28196626733757,301.28196626733757,299.68004734164845,300.1838350592858,14978.211091654814
1785380400,300.1838350592858,311.0179440260937,298.97129237825754,299.95790774395846,209010.60735634068
1785384000,299.95790774395846,300.0997259565263,297.8715158882274,298.63676774377836,18659.73494976149
1785387600,298.63676774377836,298.9756809820446,297.58839283164804,298.4593240871681,10508.916059457322
1785391200,298.4593240871681,299.6412252312536,298.3932916186982,299.6412252312536,8329.969718025512
1785394800,299.6412252312536,300.1041374976466,298.2062941232227,298.82031902738225,11767.718968931307
1785398400,298.82031902738225,300.6768576599825,298.58125531631646,299.51963839773737,17220.327356389345
1785402000,299.51963839773737,301.6629480048609,299.3350176373093,301.34516086159886,6004.8484127842785
1785405600,301.34516086159886,302.881927728406,300.70613949519475,302.27512020108253,15289.912781774896
1785409200,302.27512020108253,303.7342040256466,302.27512020108253,303.15025319022095,15416.930103154506
1785412800,303.15025319022095,305.56715977969486,303.15025319022095,303.3180063044178,26909.125040278723
1785416400,303.3180063044178,307.94888191695384,301.3791047673126,307.1621274383955,366250.0045559405
1785420000,307.1621274383955,309.3128424980825,304.0440432279926,305.3076295465968,144922.0842593123
1785423600,305.3076295465968,306.5906247804452,303.982077689161,305.09996715639267,93867.04773382131
1785427200,305.09996715639267,307.5692943849785,304.58091172615286,306.354982947499,61941.54717234206
1785430800,306.354982947499,308.4853983802778,305.41083918354883,307.70565857011223,32402.08839816712
1785434400,306.9360956420945,309.10005001240745,306.5138444647351,308.86808789063446,17851.580698766527
1785438000,308.86808789063446,311.34240883707,307.80917264834244,308.3652588876426,49720.871488602104
1785441600,308.3652588876426,308.5380481654763,306.5840139405967,308.4968407249285,19448.462485045868
1785445200,308.4968407249285,309.92582307710876,308.19519829934524,309.59466957399167,9595.17236330904
1785448800,309.59466957399167,309.59466957399167,308.4359708858643,308.8519721708849,5437.226008991324
1785452400,308.8519721708849,309.8490334574837,308.7180899674655,309.226191114322,5352.385041171427
1785456000,309.226191114322,311.8862194794804,308.7143688742504,311.78889742589314,34946.49041295837
1785459600,311.78889742589314,321.2001131835678,311.59271919808253,316.27542503295393,496332.39619075874
1785463200,316.27542503295393,316.61097039365546,312.59228966012796,314.4223238326918,100312.42883378848
1785466800,314.4223238326918,315.1373184859654,307.6348661064668,313.0370521355089,415460.4380155199
1785470400,313.0370521355089,314.6465874754705,310.6910905793785,314.6465874754705,28129.97401705736
1785474000,314.6465874754705,315.6001302080358,313.592167032648,315.3509227446353,25621.36392660359
1785477600,315.3509227446353,316.391211245389,314.0375579055764,315.93222994713216,47568.71283099102
1785481200,315.93222994713216,317.5686249641084,315.4313726289344,316.3534227110213,17517.68213980891
1785484800,316.3534227110213,317.799802982275,315.5981016895154,316.4571758403823,37899.2436955805
1785488400,316.4571758403823,316.6821347744504,313.398438546721,314.2008389042467,23228.804365136428
1785492000,314.2008389042467,314.98066510557715,312.89499992995894,313.0881077276214,19844.0974813601
1785495600,313.0881077276214,313.8132071525679,311.95854415123006,313.8132071525679,30360.91475573119
1785499200,313.8132071525679,313.8132071525679,310.2759591458913,310.2759591458913,23887.478111293658
1785502800,310.2759591458913,315.46586404006115,305.77887600495444,306.5119459207129,276280.5991787317
1785506400,306.5119459207129,309.85316575095084,302.2370816852175,307.9806239841779,220707.72805690157
1785510000,307.9806239841779,308.71321934562764,305.23893653753373,307.178763890563,129172.97881037212
1785513600,307.178763890563,310.13381769213044,307.178763890563,309.883718091904,42028.654102796914
1785517200,309.883718091904,311.9531199227407,309.3569623893714,311.8686267967767,31580.02105317499
1785520800,311.8686267967767,312.3103791079506,310.7628815245469,311.1907151134239,24322.61368891037
1785524400,311.1907151134239,313.31248814124353,310.04669073447,311.23600986247726,50701.795190690544
1785528000,311.23600986247726,311.2669583971209,309.38453620121055,309.852447377495,27875.88595650227
1785531600,309.852447377495,310.9652086587783,309.44535502985707,310.19460792478367,7744.284714359641
1785535200,310.19460792478367,310.19460792478367,309.1412109539214,309.4908026308774,187.30029110025143
1785538800,309.4908026308774,309.67072139045575,308.7061378881307,308.7438897584164,3073.2510116821086
1785542400,308.7438897584164,309.594790811887,308.56917472118005,309.1894537319734,5487.09491582503
1785546000,309.1894537319734,310.3197758725743,308.9095374717589,310.01706288447133,2410.313712780739
1785549600,310.01706288447133,310.4145454917099,309.6856888806261,310.4145454917099,23.706402859294013
1785553200,310.4145454917099,310.4145454917099,309.8112952749444,309.9869263783621,2098.3027833206083
1785556800,309.9869263783621,310.6042148670652,309.86256826945277,310.27667048301913,4200.638016383304
1785560400,310.27667048301913,310.4186913715068,309.4120239161815,310.4186913715068,543.522936850415
1785564000,310.4186913715068,310.8400681998391,309.7773952266607,310.1115799498828,3740.868184819569
1785567600,310.1115799498828,310.4491338639551,309.95677503369564,309.9875724179809,1373.4543319650818
1785571200,309.9875724179809,310.50632827532263,309.68093892844206,309.68093892844206,1561.3513770393342
1785574800,309.68093892844206,310.12271871291887,308.88098926316025,309.51198113946936,2829.423835341215
1785578400,309.51198113946936,310.2540880869533,308.88420250532425,309.9741777992093,47440.75152343511
1785582000,309.9741777992093,309.9745831984159,308.856771659274,309.12467240526007,1497.58714722934
1785585600,309.12467240526007,309.12467240526007,308.27332415030656,308.27332415030656,2434.6905327637064
1785589200,308.27332415030656,309.3086942489078,308.27332415030656,308.7725785979909,1970.4287335277734
1785592800,308.7725785979909,309.6486080028518,308.5021979420144,309.6486080028518,3617.356195429474
1785596400,309.6486080028518,309.6486080028518,308.15711808091805,308.15711808091805,1405.5060545266376
1785600000,308.15711808091805,308.5857880784861,307.513627833691,307.70610483006215,4079.2266676426666
1785603600,307.70610483006215,309.2130022170532,307.70610483006215,307.821148438706,2442.875654609387
1785607200,307.821148438706,308.3350510849748,307.06379637896254,307.79710882210753,6852.9623882025135
1785610800,307.79710882210753,307.8545270236194,306.14287851556713,306.75079860045184,4326.519798993102
1785614400,306.75079860045184,308.3050156300404,306.75079860045184,307.6831698798012,7.549619694582092
1785618000,307.6831698798012,307.99787087658444,306.50937166294824,307.37080923010564,10188.839980258948
1785621600,307.37080923010564,308.281360441523,306.8077192077396,307.5413134330705,1597.1044151608733
1785625200,307.5413134330705,308.83205073885887,307.52313432947625,307.95497104475714,3039.053106573678
1785628800,307.95497104475714,309.1847552635743,307.95497104475714,309.09913251388946,1903.0368388641687
1785632400,309.09913251388946,309.09913251388946,308.3779305469771,308.7017360787284,4667.885137651352
1785636000,308.7017360787284,312.1009269154194,308.0510250742614,311.8580780966865,19979.219745200004
1785639600,311.8580780966865,312.462098661481,311.5559222471693,311.85800876878415,2090.270623024204
1785643200,311.85800876878415,312.2443413752413,311.0548680215164,311.0548680215164,1497.0266386296832
1785646800,311.0548680215164,312.1293408217918,310.86021892165337,312.1185136402023,15020.746618742018
1785650400,312.1185136402023,312.17950429320183,311.77338060556616,312.10003822084497,1322.0289218089133
1785654000,312.10003822084497,312.10003822084497,310.87854651991194,311.5042296069449,3236.565772714508
1785657600,311.5042296069449,312.44488898181623,310.7905474439259,312.44488898181623,2514.1145733609223
1785661200,312.44488898181623,312.44488898181623,310.87172104484563,311.4597839552886,160.79868540751553
1785664800,311.4597839552886,311.966984043426,311.27799717480804,311.9530948897203,757.9912248999325
1785668400,311.9530948897203,312.3415910406571,311.9530948897203,312.22240545812247,4735.818164666483
1785672000,312.22240545812247,312.7393570752117,312.22240545812247,312.7393570752117,729.6507887526518
1785675600,312.7393570752117,312.7393570752117,312.04479577712544,312.3195528489522,402.2891190708409
1785679200,312.3195528489522,312.3195528489522,311.34812842330774,311.8613053322636,109.14727980510084
1785682800,311.8613053322636,311.8613053322636,311.726665782465,311.726665782465,0.9897352811259842
1785686400,311.726665782465,312.30239927681095,311.726665782465,312.09418309182234,5430.44106281329
1785690000,312.09418309182234,312.5219345470411,312.0274917368334,312.0274917368334,2677.824275843757
1785693600,312.0274917368334,312.9518258631762,311.8771546772995,312.8300209919251,1972.4004924123951
1785697200,312.8300209919251,314.05788538933115,312.8300209919251,313.67415105567306,1441.5127203575476
1785700800,313.67415105567306,314.8482841295198,312.7394957512549,313.23295350612796,1339.2718148375584
1785704400,313.23295350612796,314.45418237684197,312.82154812258955,314.45418237684197,2064.1140053546333
1785708000,314.45418237684197,315.6780493369729,313.5201842225696,314.32607247045405,36071.46928832831
1785711600,314.32607247045405,316.38048891212594,312.4050510449153,314.3015007838856,35126.025227465994
1785715200,314.3015007838856,314.3167624787225,312.4307482221589,312.9132982054744,65560.66128146157
1785718800,312.9132982054744,314.7510844229057,312.9132982054744,314.664013521186,11247.358888480538
1785722400,314.664013521186,315.56891811159835,313.9823452065647,315.41383756296295,8413.727638261274
1785726000,315.41383756296295,315.41383756296295,313.1330726329823,314.3930699218895,3490.7710819684607
1785729600,314.3930699218895,316.34787736823023,313.93910797988826,314.74559438989957,15768.528922828988
1785733200,314.74559438989957,315.9483196265267,313.8026763380802,314.9172451642148,5599.383559886162
1785736800,314.9172451642148,315.471110149503,313.92280524927236,314.23700023691157,6548.795001968382
1785740400,314.23700023691157,314.9170760755662,312.64193922170034,312.74004788430676,5151.227668411487
1785744000,312.74004788430676,314.83646671471445,312.711139673944,314.0711833286972,19725.858502848943
1785747600,314.0711833286972,314.4596295630953,313.2580476629275,314.15895584798506,3589.478929491552
1785751200,314.15895584798506,314.92996673937455,312.83983784641237,314.56515653551696,5374.34527084523
1785754800,314.56515653551696,314.56515653551696,311.57559434525785,312.56148088510434,35008.2082535538
1785758400,312.56148088510434,313.92508792329113,311.5517855051691,312.77296981216523,45293.973772959485
1785762000,312.77296981216523,318.7079177616116,309.5375110924792,317.9483928066681,476454.91926529916
1785765600,317.9483928066681,321.718081752626,316.0184370712369,321.30516382015946,108954.67219213866
1785769200,321.30516382015946,324.8672691578394,321.1293388418387,323.7207235403911,61637.62495214936
1785772800,323.7207235403911,324.95894323119353,319.5851174010823,320.61501969424495,57179.78789625978
1785776400,320.61501969424495,322.87837108580425,319.3052818715421,322.6308812664352,36749.5892591865
1785780000,322.6308812664352,324.3559366780107,320.3347391135213,323.5575333972765,37627.288469218474
1785783600,323.5575333972765,325.05338515381,320.83751680508226,321.64361643462826,34556.65215634892
1785787200,321.64361643462826,324.2994806936745,321.35342913704693,322.1171979823489,11948.88451740534
1785790800,322.1171979823489,323.40281846037345,321.5862471291068,322.6652419543145,3962.493450944312
1785794400,322.6652419543145,323.1703055996252,321.5970529308748,321.67070357615916,1505.343308607618
1785798000,321.67070357615916,323.81954043491834,321.67070357615916,322.5304898838015,1564.7852495196564
1785801600,322.5304898838015,323.4533299971905,320.306615395477,321.69947321552536,29702.927153561453
1785805200,321.69947321552536,324.12465843206337,321.07263332711346,323.67720213797816,24955.781014448337
1785808800,323.67720213797816,323.67720213797816,322.0515971781251,323.30724870292227,10326.901739006506
1785812400,323.30724870292227,324.48763173832054,321.8956794152479,323.39259976273036,7725.401563197603
1785816000,323.39259976273036,325.01727121506036,323.39259976273036,325.01727121506036,6152.891749780188
1785819600,325.01727121506036,326.87101759073,324.64175315228886,326.01834899342293,7602.310278865388
1785823200,326.01834899342293,326.29201629443565,324.6019497032584,324.72670444471714,10818.106020617084
1785826800,324.72670444471714,326.22978490246663,324.72670444471714,325.1845518389597,4079.087036921935
1785830400,325.1845518389597,326.0468864579453,323.7062723482165,324.2242142019885,17563.26490787022
1785834000,324.2242142019885,324.8917761571905,322.3871143905419,323.85870085843703,17555.233801343744
1785837600,323.85870085843703,324.8729588324714,322.54333386103576,323.20844306702344,73315.89376856074
1785841200,323.20844306702344,324.9831316217515,322.8038476298092,324.7823037850232,22952.01116171378
1785844800,324.7823037850232,326.2500084228708,324.0757525332817,324.37573934729016,9614.82337829478
1785848400,324.37573934729016,326.39542994734603,320.6688450021202,322.64543800147555,255080.57026443706
1785852000,322.64543800147555,325.6816985348591,321.07377724667117,324.0568859756018,81783.77804740005
1785855600,324.0568859756018,325.6219804043231,322.62147871128354,324.3915621742776,49695.4973818976
1785859200,324.3915621742776,326.541418398088,324.16097066434764,325.1360331275588,36928.79763094755
1785862800,325.1360331275588,327.6015548244469,324.0164628242407,326.1062629824185,41616.5138380493
1785866400,326.1062629824185,329.58537988230177,325.32353562259385,329.58537988230177,33187.18910334269
1785870000,329.58537988230177,329.84145312349114,326.3722725648411,326.91082724919835,42659.462147446524
1785873600,326.91082724919835,328.2348050913058,325.0334742939278,326.38486536302497,80880.62597466343
1785877200,326.38486536302497,327.3687775767736,323.68218249066825,323.68218249066825,25263.465831411726
1785880800,323.68218249066825,325.8702262551579,323.68218249066825,324.7352875969319,10838.332731029404
1785884400,324.7352875969319,326.9748071120462,318.4637329010218,324.22025798601584,394829.76628838066
1785888000,324.22025798601584,329.00029160175933,323.78729485467704,324.46902466537716,15871.322062962034
1785891600,324.46902466537716,326.22756990782864,324.13253388699354,325.2868741260683,12887.278917398708
1785895200,325.2868741260683,327.23030124604804,325.2868741260683,325.78126420852493,5906.188507732399
1785898800,325.78126420852493,327.3103783412104,325.78126420852493,327.1305260526017,5999.499794589062
1785902400,327.1305260526017,328.7540704103387,325.4970860029719,327.21413726518244,35744.53312061792
1785906000,327.21413726518244,328.866831895502,326.26206666178643,327.91064595521715,6615.161741772201
1785909600,327.91064595521715,328.65250647646417,326.6937658769582,328.4800843070806,7940.72343152839
1785913200,328.4800843070806,328.7003212924036,326.85814175513127,326.8889689283651,6722.056861796169
1785916800,326.8889689283651,328.3548224899418,323.66524179429695,325.072598488297,58232.02687452384
1785920400,325.072598488297,325.4981001417121,323.57050448399696,324.3380928241834,12390.966864528842
1785924000,324.3380928241834,324.62639273077133,323.12500829119205,324.4080789053705,16413.946470989424
1785927600,324.4080789053705,326.04508275981976,323.6950179573787,324.78436687735405,27642.544860188576
1785931200,324.78436687735405,325.09808098524377,323.34504153919096,324.3810433367749,18945.232458093327
1785934800,324.3810433367749,327.06571150214637,320.34285998324515,324.85628875149644,308049.6032401704
1785938400,324.85628875149644,327.0753464462101,322.2162014257436,323.35490524866105,102287.5683225067
1785942000,323.35490524866105,324.91153763115824,321.0689185545266,322.32619427651906,59601.46484327351
1785945600,322.32619427651906,324.1791520280223,321.7551282950562,323.57368945273754,49918.45456850634
1785949200,323.57368945273754,324.12770621672644,321.602300650792,322.4441144722811,17938.494224618513
1785952800,322.4441144722811,322.86594696194555,320.67289582561733,321.19604296623896,17120.65794346709
1785956400,321.19604296623896,322.68338288619765,319.4491248889519,321.0050350093742,29175.069942399965
1785960000,321.0050350093742,322.2861459700673,320.3393043202186,321.8489945090051,13291.11849339716
1785963600,321.8489945090051,322.6595211733728,321.8489945090051,322.3285176501882,2174.6664250267745
1785967200,322.3285176501882,322.83122710110126,321.84256380393697,322.4424863713763,6587.161536975509
1785970800,322.4424863713763,323.0264228519383,320.85841025352437,320.85841025352437,9136.826855323048
1785974400,320.85841025352437,322.4877154037206,319.0926245894566,320.74686453368145,40737.16459639984
1785978000,320.74686453368145,322.9647981222965,320.59810604753795,321.2636744556772,18316.58701679032
1785981600,321.2636744556772,322.57785090582576,320.593046274326,322.23874308753284,10085.163990424475
1785985200,322.23874308753284,322.80415768327225,320.95383604871193,321.9342037486603,3750.1068782979514
1785988800,321.9342037486603,322.30418064944166,320.63253202795016,321.7018292021374,3781.9138565899766
1785992400,321.7018292021374,322.2289466959643,320.8624057717616,321.75799408939724,2025.8632834228392
1785996000,321.75799408939724,322.30085417660587,321.24729279565514,321.3462274454355,3228.7112510424395
1785999600,321.3462274454355,322.47863223853517,320.992825405411,321.19671176018267,13624.800721895099
1786003200,321.19671176018267,323.0578972031348,320.69974513407016,321.25902786643474,10733.768905685652
1786006800,321.25902786643474,323.00837793280834,320.35020032441525,321.5590901174912,11839.180199613003
1786010400,321.5590901174912,322.9240775850183,321.5590901174912,321.77173926346165,1740.6726931227672
1786014000,321.77173926346165,323.43476724208296,320.9626595772736,321.15838185065445,14561.20836832547
1786017600,321.15838185065445,322.4379135457108,320.5018377345895,321.7724096221305,10563.47981509039
1786021200,321.7724096221305,322.40568822569674,315.509050476346,320.60502334407784,205939.6890325976
1786024800,320.60502334407784,323.02585247115786,318.58409758152254,322.4715198037969,103692.93763857296
1786028400,322.4715198037969,324.4912783613853,318.5799411781514,321.09033790026723,274135.8312146202
1786032000,321.09033790026723,321.1805173590462,316.95582282329406,318.5746998367464,51624.25353773528
1786035600,318.5746998367464,319.5536886852646,317.03895450673434,318.13485123748944,29132.129496475973
1786039200,318.13485123748944,319.7560397848629,317.34464332036464,318.79720630980233,10004.192773264152
1786042800,318.79720630980233,320.7200322960622,317.0969653753323,319.32412951098695,33600.90447228891
1786046400,319.32412951098695,320.6197182857218,318.5938393097319,318.9008745634455,14383.521186970882
1786050000,318.9008745634455,320.1069709660652,318.4345544030539,320.06250043822536,5229.018100834988
1786053600,320.06250043822536,321.0722436483571,319.56666524067856,319.56666524067856,3635.4522249199786
1786057200,319.56666524067856,320.9301178961942,319.3526014252672,319.81742702704804,11009.640182660705
1786060800,319.81742702704804,321.44851720445155,319.3679604734999,320.583073550614,13176.118722645037
1786064400,320.583073550614,320.7088588790327,319.0274278417353,320.52099750948565,15786.014557700595
1786068000,320.52099750948565,321.32085775677945,319.6391729454009,319.94912434906416,4167.139638564516
1786071600,319.94912434906416,321.8022348503663,319.74598904439665,320.52842769108514,15251.829178038906
1786075200,320.52842769108514,320.78790309623196,318.5936789595813,319.8551653284344,29610.17955439396
1786078800,319.8551653284344,321.6372668943038,319.61377806672454,319.61377806672454,3244.3095278164064
1786082400,319.61377806672454,321.10242408856357,319.4814143211551,320.7844293004157,4375.944040165423
1786086000,320.7844293004157,321.70474742360756,320.4337454409204,320.81719501480404,6051.722146181407
1786089600,320.81719501480404,322.10733548184675,320.0681740484099,322.10733548184675,3476.8842398577517
1786093200,322.10733548184675,322.10733548184675,320.9196838969892,321.4044739341032,3955.347182004892
1786096800,321.4044739341032,322.9090284481758,321.0965298998656,321.8256970034271,3643.8071612822655
1786100400,321.8256970034271,323.19425144205496,321.3201852660009,321.7293434848099,2939.3707958567097
1786104000,321.7293434848099,323.7642915255934,320.4747014651711,322.86174180963536,20256.642397532196
1786107600,322.86174180963536,328.6096315910087,320.45470047751525,327.28663705126564,201152.50542586483
1786111200,327.28663705126564,332.4625750935222,322.79239262527744,329.84749757186745,211502.03585080686
1786114800,329.84749757186745,333.77621897162555,328.604174602365,331.51145481017204,83589.35661932969
1786118400,331.51145481017204,332.81196107269227,326.92996290579583,327.908884047247,60514.69348776367
1786122000,327.908884047247,329.16422136118445,326.3883260338829,326.9680376390438,22795.458477895027
1786125600,326.9680376390438,329.0751128353325,325.9111001693497,326.8267168797262,20741.044259408252
1786129200,326.8267168797262,328.6448951054578,326.2391791918048,328.5830653636271,38557.54587504667
1786132800,328.5830653636271,328.9878507293276,326.8785632342083,327.6009548762263,17475.318994027122
1786136400,327.6009548762263,329.62263292061186,327.54809890533977,327.8574877043458,11831.681434691376
1786140000,327.8574877043458,329.47386840604196,327.3176813210669,327.6209991953491,5938.7971261244
1786143600,327.6209991953491,329.90692151100535,326.9915531814058,328.9611648533966,11838.582385731652
1786147200,328.9611648533966,329.78284212065887,326.3896578453397,328.3475788379092,2478.0032235530716
1786150800,328.3475788379092,328.74328191446216,327.95901929924315,328.41529220490605,4462.78001968083
1786154400,328.41529220490605,329.82052797433033,328.21363858441117,328.98490430140197,4708.628963991921
1786158000,328.98490430140197,329.9570354022992,328.0991269782102,329.2367736989272,6281.287698205246
1786161600,329.2367736989272,330.4511485667795,328.4364302268605,328.4364302268605,1461.2197377977752
1786165200,328.4364302268605,329.0999216022669,328.14476592531474,328.71640308531397,6900.536791881453
1786168800,328.71640308531397,329.20315561859337,328.3418560156738,329.20315561859337,108.88326097277884
1786172400,329.20315561859337,329.7821021492751,328.7139292882033,329.1028450676159,3728.8796291565673
1786176000,329.1028450676159,329.79633240553136,328.8632273352445,328.8632273352445,1160.7054898182023
1786179600,328.8632273352445,329.11152349837477,328.44061522923204,328.94826723284143,2047.0821249657668
1786183200,328.94826723284143,330.2527731914413,328.88186255006485,328.9583971103491,348.4633368665186
1786186800,328.9583971103491,330.98044890409216,328.89670518093243,328.89670518093243,171.68795540402616
1786190400,328.89670518093243,330.9005932766685,328.89670518093243,329.51624321539765,1471.197230547078
1786194000,329.51624321539765,330.712746739212,329.3601326450853,330.712746739212,3007.352163497753
1786197600,330.712746739212,331.1515615483864,329.02475991560254,329.7136804547964,3491.449687626007
1786201200,329.7136804547964,331.6627616489001,329.4791823383839,329.7910058003964,4517.563579672342
1786204800,329.7910058003964,331.63367002681554,329.7216387206089,329.98529196435186,1558.8769023088955
1786208400,329.98529196435186,331.9764713622807,329.61468700572215,331.9764713622807,5342.636314254502
1786212000,331.9764713622807,331.9764713622807,330.2270175194879,331.141814971647,2222.895772116329
1786215600,331.141814971647,331.8446996798429,329.97461479858475,330.6475447169292,2475.6255020791655
1786219200,330.6475447169292,331.650931011452,329.5011296701529,331.4855039560699,7178.716066124424
1786222800,331.4855039560699,333.0020143548132,330.55983817475624,331.5667001963988,4650.011928784639
1786226400,331.5667001963988,332.1699044877078,329.98385321967874,331.14489604517945,4595.542300446576
1786230000,331.14489604517945,332.6876508277877,331.14489604517945,332.4433338933502,2639.233388313358
1786233600,332.4433338933502,332.52464355370313,331.6086567709043,332.4743931481573,957.3462459422308
1786237200,332.4743931481573,332.5673264187051,331.2830171666729,332.5673264187051,1134.0629896116302
1786240800,332.5673264187051,332.5673264187051,330.59769944865764,331.8209014082882,7096.25523140969
1786244400,331.8209014082882,331.8209014082882,331.1987312302043,331.1987312302043,22.99603539383666
1786248000,331.1987312302043,333.2492282106696,331.1987312302043,332.62401194587505,4272.246518504617
1786251600,332.62401194587505,332.62401194587505,330.2974941187507,331.12112303197034,3928.680163632834
1786255200,331.12112303197034,331.12112303197034,330.0826423974235,330.0826423974235,3700.4228240735674
1786258800,330.0826423974235,332.77481095668605,330.0826423974235,332.2103497527203,4888.073105795227
1786262400,332.2103497527203,332.2103497527203,330.26580500425723,330.4697746895025,5795.629346784434
1786266000,330.4697746895025,330.8931316168173,329.89244663687305,329.97598978475395,4379.3574009937975
1786269600,329.97598978475395,330.14574679470644,329.2168700197571,330.06653545554286,1887.898354208546
1786273200,330.06653545554286,330.52222877840677,329.92453168984827,330.5208802600735,384.3553484623353
1786276800,330.5208802600735,330.80300989742284,328.8533786371694,330.80300989742284,1862.7367192818217
1786280400,330.80300989742284,331.8270692172134,329.3542805176995,331.76654392563785,3560.0467956472976
1786284000,331.76654392563785,331.76654392563785,329.88730318247957,330.272126009244,269.90564772817305
1786287600,330.272126009244,331.3710721906226,329.8461718994453,330.27272278852047,2008.6302977592484
1786291200,330.27272278852047,331.8081864172276,330.27272278852047,331.0769040240779,3057.222638840777
1786294800,331.0769040240779,331.95259950273885,331.0769040240779,331.8000157189911,2218.892594748844
1786298400,331.8000157189911,332.0008906510425,330.42225657911996,331.44508294128997,3851.0845793242506
1786302000,331.44508294128997,331.61816218759907,330.9245892053468,331.61816218759907,87.89657059983689
1786305600,331.61816218759907,331.61816218759907,330.2316986909132,330.2316986909132,2482.4387405222888
1786309200,330.2316986909132,332.6298817521544,330.2316986909132,331.9581663534744,14436.272871942241
1786312800,331.9581663534744,332.1646631650857,329.2308323099408,330.27809861166804,12283.863540229424
1786316400,330.27809861166804,330.771930918281,328.88487704572486,329.2164455816185,5453.8858289748
1786320000,329.2164455816185,332.3274322545459,328.3350563801335,329.2827371114132,37308.3694101376
1786323600,329.2827371114132,332.17691356668684,328.4025279384308,330.25715420374604,17860.114241048195
1786327200,330.25715420374604,332.07518289113574,329.9902599711465,331.15828665133245,7980.192891711089
1786330800,331.15828665133245,331.5629840574594,330.14893919948514,331.4567199764475,2039.0617853751146
1786334400,331.4567199764475,332.28440467281257,330.5930814075485,330.67370325102297,4736.9801637059645
1786338000,330.67370325102297,331.9087241443625,330.0555422664222,331.48958996432106,5056.825323670392
1786341600,331.48958996432106,331.48958996432106,330.6744215330259,331.14286151723746,2603.126678511591
1786345200,331.14286151723746,332.3732531715907,330.89320322631283,331.05047636025483,2734.8222275418993
1786348800,331.05047636025483,332.7363435341847,330.5585166111599,332.4230892553417,16639.606962126167
1786352400,332.4230892553417,333.00711304046536,332.083687371715,332.4802378040307,4942.197450104107
1786356000,332.4802378040307,333.07573561523105,330.2141974652534,330.2141974652534,5977.973122166798
1786359600,330.2141974652534,332.14257570403583,328.848476835797,330.22247469846377,32563.64298626958
1786363200,330.22247469846377,331.2877255473174,327.82321243783133,328.82866343962445,22851.334864202403
1786366800,328.82866343962445,330.93172581318305,326.2638830254686,329.58251346963516,237900.74289666346
1786370400,329.58251346963516,332.24341857397866,327.9162316151838,330.437903779181,102030.07853187987
1786374000,330.437903779181,331.6339347682403,327.31427381576805,330.75136997723865,80792.34520357692
1786377600,330.75136997723865,332.12839826775416,328.8352247705324,329.92399705727485,28405.98296107188
1786381200,329.92399705727485,329.92399705727485,327.2419479388694,329.66970378693856,8605.917974010783
1786384800,329.66970378693856,330.84362566463665,327.8286657515892,329.43544772044555,13021.658647310796
1786388400,329.43544772044555,331.5656975275302,328.166596110212,330.8497827720925,26116.277651795262
1786392000,330.8497827720925,331.47761953799466,329.21812800285574,330.9793373872827,8984.221024266066
1786395600,330.9793373872827,330.9793373872827,329.21072214332185,330.4575606207029,2967.456480030543
1786399200,330.4575606207029,330.6374501310583,330.4575606207029,330.6374501310583,0.008897453783026778
1786402800,330.6374501310583,332.017006611341,328.9281647126859,330.383620185174,1935.4573269488635
1786406400,330.383620185174,331.934741975959,330.2101098716492,331.89514155607174,6139.306958154939
1786410000,331.89514155607174,332.1354079980276,329.8613311252227,331.2680397823111,5862.525544852887
1786413600,331.2680397823111,331.5258154571679,330.36258647271643,330.7388744459001,2216.234006706515
1786420800,330.7388744459001,332.3787152732609,330.7388744459001,332.09807736200236,8365.728918978464
1786424400,332.09807736200236,332.9551292526046,329.83222012367946,330.0771992377919,6308.533285551224
1786428000,330.0771992377919,332.0184170416454,329.777645910191,331.4116066632935,8206.334260001378
1786431600,331.4116066632935,332.0679382070606,328.03639998997505,328.03639998997505,1823.7409964660553
1786435200,328.03639998997505,332.0120138256841,328.03639998997505,330.8237091335233,11337.916178462003
1786438800,330.8237091335233,331.4122338453262,330.1632734834683,331.4122338453262,3693.2502355231695
1786442400,331.4122338453262,331.7812581526071,330.3218458748638,330.91816788818153,7030.882981761361
1786446000,330.91816788818153,333.20950984168564,330.91816788818153,332.79324019253835,6780.629620927013
1786449600,332.79324019253835,333.2175385040515,330.85917677409617,330.85917677409617,11339.738254909036
1786453200,330.85917677409617,334.20040635814985,328.56532238722923,333.1216658818597,176889.67645204926
1786456800,333.1216658818597,336.7775231478721,332.1577616219301,334.5166126142644,109131.61134389589
1786460400,334.5166126142644,335.1630722952486,330.677237377262,332.5221960727086,64463.34919392086
1786464000,332.5221960727086,333.6207908663596,330.1945294701827,332.64513801264553,16326.82118380625
1786467600,332.64513801264553,332.7659874946947,330.8635798024046,330.9592258633368,9068.219056776485
1786471200,330.9592258633368,333.1338850730387,329.2981603301432,331.5596943966044,28688.979161658026
1786474800,331.5596943966044,333.5912268889854,330.10119947884476,332.4993285669799,22195.939041482045
1786478400,332.4993285669799,334.5367316558985,331.37580836309866,332.8928870704427,15577.556261486003
1786482000,332.8928870704427,333.55326837409007,331.95203084564696,332.00212133901476,5170.486334812288
1786485600,332.00212133901476,333.15383472086216,332.00212133901476,332.48362486694,1677.4646561282511
1786489200,332.48362486694,333.222786016723,331.61221809282813,332.25439515923745,1301.8307434642034
1786492800,332.25439515923745,333.57051691340445,331.94625141387405,332.7341210028371,6002.7944574062
1786496400,332.7341210028371,333.57807222453596,331.59499710423216,332.4225534822853,6249.517184395078
1786500000,332.4225534822853,333.5782087317236,332.4225534822853,333.01584997479245,2138.2320247395282
1786503600,333.01584997479245,333.3717949933332,332.2364766116857,332.9034847450922,2932.4736393982516
1786507200,332.9034847450922,333.74859204384956,332.19731420949734,333.74859204384956,896.565442076572
1786510800,333.74859204384956,334.31428179264424,331.6979485041023,332.7825046535079,2481.7530703261887
1786514400,332.7825046535079,334.4360090579467,331.75372409635185,333.11883751581263,8739.309867541955
1786518000,333.11883751581263,334.0545729001379,331.1633342117625,332.4948949587261,6764.698260576913
1786521600,332.4948949587261,334.98219385041676,331.89729692597973,334.0101581041512,6767.916678111694
1786525200,334.0101581041512,335.16782777692003,332.7476754001546,334.0315659802896,4149.888476072766
1786528800,334.0315659802896,334.5601792743053,332.9311183405286,333.59153774636167,4475.9969748436115
1786532400,333.59153774636167,334.653538533311,332.3676272429422,332.3676272429422,2014.2121606433982
1786536000,332.3676272429422,334.7689424368514,332.20019979045003,334.3262001121639,23926.98093771669
1786539600,334.3262001121639,335.9846901459237,326.8380862002294,328.23245207718065,126124.2677939952
1786543200,328.23245207718065,329.6428140016008,322.5434313213993,324.9364539595558,116968.6876275021
1786546800,324.9364539595558,327.66295933574946,323.37558580431516,325.9146350062397,36463.96304724725
1786550400,325.9146350062397,328.4671957983758,325.51347626351964,326.74891430022933,25963.910093315208
1786554000,326.74891430022933,326.9683712692841,324.14375486366305,326.76270123875753,10583.414262642906
1786557600,326.76270123875753,328.07377990134006,325.601278130011,326.5701901435398,17654.17742248071
1786561200,326.5701901435398,328.8459134510216,325.4920210634137,327.6382986546938,10365.14230571652
1786564800,327.6382986546938,328.3882831317701,325.99397310837315,326.45208535336496,5457.051683111851
1786568400,326.45208535336496,328.8330572611614,326.45208535336496,328.67311337210936,3963.077295273226
1786572000,328.67311337210936,328.67311337210936,326.45434875471176,328.3592603441238,1912.9086879019787
1786575600,328.3592603441238,328.3592603441238,326.16590219958215,326.3382030266138,152.0100646983902
1786579200,326.3382030266138,328.22085873030005,325.8219077228541,327.47329907355703,4200.523550885687
1786582800,327.47329907355703,328.6723012125055,326.40644090334814,327.5969770805614,1330.8576736781015
1786586400,327.5969770805614,328.08896096147345,326.5421119618846,327.67869772811065,3758.2846324982606
1786590000,327.67869772811065,329.2763947141691,327.29272368121724,328.52737581772516,1684.5971569772423
1786593600,328.52737581772516,328.52737581772516,327.2069837577872,327.48371534124783,792.6560336065829
1786597200,327.48371534124783,328.49215568175595,326.7576204299108,326.7576204299108,4241.002805501638
1786600800,326.7576204299108,328.69994266806805,326.7576204299108,327.9939652565337,2255.48844693564
1786604400,327.9939652565337,327.9939652565337,325.92298419407535,326.5046234769959,4583.030424862204
1786608000,326.5046234769959,328.0949443398137,326.5046234769959,327.9009944248226,2555.5991683714847
1786611600,327.9009944248226,328.5987642275222,326.3908039806904,327.88312996690706,3643.3918888409285
1786615200,327.88312996690706,328.4617019721963,326.4638386005981,326.4638386005981,378.50312093124205
1786618800,326.4638386005981,327.5824472091556,324.78240271713634,325.8622086844685,16896.298443758602
1786622400,325.8622086844685,327.09171891462915,323.83748959504925,324.95372504674833,18807.5436751198
1786626000,324.95372504674833,332.75595892032084,324.0345964737693,332.2747451957382,180522.2428133487
1786629600,332.2747451957382,335.3103605031865,330.8288756592,333.7785367352351,71254.70537703541
1786633200,333.7785367352351,336.1833923229799,330.2063207687228,333.8720508109207,81020.35663682515
1786636800,333.8720508109207,336.3337903596652,332.590762245862,336.2545505320275,46804.9818282276
1786640400,336.2545505320275,337.66884095278493,333.49584340774277,335.3288242609508,35455.95473015943
1786644000,335.3288242609508,340.4968342755103,335.3288242609508,338.3883698091927,35062.72707457632
1786647600,338.3883698091927,341.9854446041284,338.03830452451007,339.72268050370553,65241.998627311106
1786651200,339.72268050370553,343.80725191760155,338.6477751048952,341.8635583691444,35570.67013413464
1786654800,341.8635583691444,342.69127891422806,340.0193920874742,341.7588018982269,23235.441622173377
1786658400,341.7588018982269,342.340923027777,339.5807013747372,339.5807013747372,8412.892958291322
1786662000,339.5807013747372,341.22696559909235,339.5807013747372,340.8288935724247,3998.2296899046137
1786665600,340.8288935724247,341.7645185085593,339.24782234830457,340.1330657572982,10647.355845440825
1786669200,340.1330657572982,341.1346865522826,338.78064868876055,339.70911528412876,16083.892424793486
1786672800,339.70911528412876,340.874467481591,338.63918040190805,339.79720574196693,6815.741754900878
1786676400,339.79720574196693,340.7303463915687,338.71952910613436,339.6042516184798,2414.672205304753
1786680000,339.6042516184798,340.2816738621127,339.08983428119393,340.2816738621127,2402.3430031116804
1786683600,340.2816738621127,340.41505083303906,338.8338025176002,340.1296519012401,4668.175390340908
1786687200,340.1296519012401,341.2330276567512,339.1148412807594,339.8713659144679,2978.5093780330953
1786690800,339.8713659144679,341.419840241816,339.79837084012286,341.2888262228983,6595.707953664158
1786694400,341.2888262228983,342.6976307757278,340.55965428019863,340.9885843223344,19138.447662710285
1786698000,340.9885843223344,342.89679850151185,339.8656339314589,342.12763360892285,2514.5000053163562
1786701600,342.12763360892285,343.0270844672412,339.69249234698697,342.7958283987987,2421.22083353797
1786705200,342.7958283987987,344.3980191746015,341.59799240242944,341.59799240242944,13348.07379058466
1786708800,341.59799240242944,344.8762226916576,340.56822035235507,341.1729952418133,20921.67423604545
1786712400,341.1729952418133,350.4892388399881,341.16802449424273,348.69872769795904,446391.6731198194
1786716000,348.69872769795904,352.3376338428299,339.4225015792918,339.4225015792918,178977.87599974129
1786719600,339.4225015792918,341.28360262242364,334.0750183544847,338.29420931554125,112447.84970428534
1786723200,338.29420931554125,341.918098777466,337.87492340900434,339.73280442130954,62653.12968202729
1786726800,339.73280442130954,342.69121619419684,337.2465233273516,341.86690593898936,43819.998981534256
1786730400,341.86690593898936,343.44103551579855,339.7543273429599,340.966685035629,18174.463134825975
1786734000,340.966685035629,343.4645235579658,339.16221023658164,340.7579320262772,43743.83148735179
1786737600,340.7579320262772,342.8533033737813,338.60178154242345,340.82422027463576,5941.680877045721
1786741200,340.82422027463576,342.7058478413768,340.4654946824387,340.5347269958576,1948.9563649802521
1786744800,340.5347269958576,343.04709090860035,340.5347269958576,342.2047459676875,115.36240425318846
1786748400,342.2047459676875,342.9409769924495,340.3687761537532,340.6562627788549,11731.719237579042
1786752000,340.6562627788549,342.2637210581186,340.35435197169653,341.3579805881561,1166.8799651744262
1786755600,341.3579805881561,342.099927490062,340.39286276167456,341.9184299105836,1932.414220639475
1786759200,341.9184299105836,341.9184299105836,340.734809069613,340.91497366650776,2185.425859538072
1786762800,340.91497366650776,343.59237054848256,340.1974790879651,343.59237054848256,1991.6912428651485
1786766400,343.59237054848256,343.59237054848256,339.6656569362195,341.7325920843434,27816.630544589138
1786770000,341.7325920843434,342.70650449746455,339.22855132848804,341.23370955219673,43668.7917331907
1786773600,341.23370955219673,342.37041617642797,339.7778209562224,341.5519519537775,1686.6161921044163
1786777200,341.5519519537775,342.0307966112012,341.0569453066279,341.39382029905727,585.9689869070733
1786780800,341.39382029905727,343.0743693533959,341.39382029905727,342.0160976442071,140.94693585162048
1786784400,342.0160976442071,342.0160976442071,340.0377139336433,340.8326235661673,1209.7362727026077
1786788000,340.8326235661673,341.6542182790202,339.5701199555166,340.15871411650835,1172.7212752619025
1786791600,340.15871411650835,341.70127981456073,340.15871411650835,341.5983148150119,1472.8344289629706
1786795200,341.5983148150119,343.3171272693135,340.8394788441889,340.8394788441889,345.02258855290785
1786798800,340.8394788441889,343.50055158794163,339.96189652887534,343.50055158794163,4670.890427973965
1786802400,343.50055158794163,344.11263833227775,340.22302930085624,340.22302930085624,9020.307969669311
1786806000,340.22302930085624,342.8034376761388,340.22302930085624,342.8034376761388,3031.6973387100634
1786809600,342.8034376761388,343.6637967908029,340.98734410538674,341.98225512432856,2188.30047300415
1786813200,341.98225512432856,342.8027772337263,341.1010864739175,342.4218690991769,596.8002819759516
1786816800,342.4218690991769,348.2183971764173,340.87785011184104,343.314021482918,148402.68608351826
1786820400,343.314021482918,343.99397873300745,342.77429826334185,343.85766678207267,1853.7745733536412
1786824000,343.85766678207267,343.85766678207267,341.1463345756726,342.08497805663427,588.1316567180431
1786827600,342.08497805663427,344.4931607267243,342.08497805663427,343.020924250822,2773.28590554124
1786831200,343.020924250822,343.65575813720886,341.8554981923597,343.1655094057386,917.9897525227018
1786834800,343.1655094057386,345.06538186806836,342.461326246247,342.72773499846215,14841.17270979741
1786838400,342.72773499846215,344.23716606617967,341.9169583395412,342.40061653529835,20169.299984686757
1786842000,342.40061653529835,343.9527027796482,341.26490888114085,342.32414158804164,3093.9603775957453
1786845600,342.32414158804164,344.32573885925024,340.42732598863597,343.05900350806667,1523.5511526115667
1786849200,343.05900350806667,343.3414012358516,342.8104581994187,342.9658039581817,1893.4547242501476
1786852800,342.9658039581817,344.1998731910922,342.0645186799591,343.97903677408965,4113.1779564312865
1786856400,343.97903677408965,345.0090245683553,343.97903677408965,344.3076845876438,71.7111173799555
1786860000,344.3076845876438,344.47200985288555,342.5507462654456,344.47200985288555,1293.8795929353917
1786863600,344.47200985288555,344.47200985288555,343.01249860053775,343.8724634563087,390.54860795861873
1786867200,343.8724634563087,343.8724634563087,341.3981437097025,343.43818130303345,1898.5185524215954
1786870800,343.43818130303345,343.90997293857646,342.3823291701782,342.4648793459143,3243.5734548112546
1786874400,342.4648793459143,343.7966586244842,341.4650641461623,343.7966586244842,4011.219108274712
1786878000,343.7966586244842,343.7966586244842,341.7252562048444,342.7045472151317,168.36385410383298
1786881600,342.7045472151317,343.2307834441567,342.3500621847648,342.3500621847648,4022.649956818361
1786885200,342.3500621847648,343.6734365302232,340.6506827375396,343.6734365302232,4079.30601792554
1786888800,343.6734365302232,343.6734365302232,342.2122940113632,342.48830913856386,186.59836229593404
1786892400,342.48830913856386,343.4298384509992,341.0677813222044,342.0756398568217,974.9172071216036
1786896000,342.0756398568217,343.3432173695715,340.86659015682716,342.4304297512575,3242.388299032602
1786899600,342.4304297512575,344.05684892261036,342.4304297512575,343.34101006348675,947.8026009532849
1786903200,343.34101006348675,343.47959340346137,341.926114957029,343.05690949837754,192.78606935018158
1786906800,343.05690949837754,343.05690949837754,341.23957450838867,342.42915279591074,2382.236178876638
1786910400,342.42915279591074,342.7579481649497,341.9467093220435,342.45452313764434,737.2438102733205
1786914000,342.45452313764434,343.14753080502703,341.5031054872992,342.075597537872,325.87667350517495
1786917600,342.075597537872,342.876376848189,342.075597537872,342.2767541291033,784.9978987107975
1786921200,342.2767541291033,343.4538131860651,342.2532425815395,343.4538131860651,1236.5535232257862
1786924800,343.4538131860651,343.4538131860651,341.87540653799573,342.7700565631238,6537.026632863561
1786928400,342.7700565631238,344.13585042424205,341.7201104147068,343.4876324186029,802.9699967630913
1786932000,343.4876324186029,344.3412845463855,342.6453822095103,343.4353195410543,1990.8852419578348
1786935600,343.4353195410543,344.1182383939734,342.30175597661855,343.16940426893586,4280.039758106941
1786939200,343.16940426893586,345.41812441212676,343.16940426893586,345.3107661771858,713.8157761011078
1786942800,345.3107661771858,346.06612211074713,342.5770890430005,344.29461579563696,6978.066632872143
1786946400,344.29461579563696,346.2011016551573,343.5987757002918,345.52914284352585,4676.3382844510525
1786950000,345.52914284352585,345.52914284352585,342.8764378450088,344.64224840019904,7970.800529198383
1786953600,344.64224840019904,346.8096490245544,342.9895741611946,344.32932695055536,10491.304012951892
1786957200,344.32932695055536,345.24193119062465,342.51169065952996,343.9990437700693,9260.840929687562
1786960800,343.9990437700693,344.23927124867487,341.45644317707075,342.8980186499031,12086.421273623997
1786964400,342.8980186499031,343.7535147128991,340.73444220683433,342.6347175407019,14644.68595515362
1786968000,342.6347175407019,343.1778953300683,338.7869091574899,339.2276610514101,24843.391842477475
1786971600,339.2276610514101,344.555054335766,336.37552035599225,339.09912381594137,168592.0973704503
1786975200,339.09912381594137,342.02136510467676,335.9431914406366,340.5005090205658,71310.10335546912
1786978800,340.5005090205658,342.47459273173183,338.3723381079569,340.286551279884,46790.74979021373
1786982400,340.286551279884,342.5497884948918,337.85461113836766,339.8550404990936,21002.805278460204
1786986000,339.8550404990936,341.9890169170159,337.76725069523445,338.76395380204144,28505.468062802458
1786989600,338.76395380204144,341.6802744531357,338.2268752049877,341.6802744531357,13965.519427271394
1786993200,341.6802744531357,345.03298079177733,337.2214671267298,340.63302828146203,118945.7084979114
1786996800,340.63302828146203,341.43755163037014,339.28861014636175,340.28899859198026,4672.548272647317
1787000400,340.28899859198026,340.8938803992388,338.7727335206012,339.4024406940757,5783.997824854212
1787004000,339.4024406940757,340.48189811382696,338.2861378472723,339.0815188617472,21634.309473190147
1787007600,339.0815188617472,340.1409154197068,339.0815188617472,340.1409154197068,1009.3119430572712
1787011200,340.1409154197068,340.6024268745018,338.2611659820137,340.4366643044217,4022.432839917266
1787014800,340.4366643044217,340.5789627326532,338.33620781208276,339.18821581196704,11537.409997899154
1787018400,339.18821581196704,339.18821581196704,335.50974790613344,335.50974790613344,26934.570170811665
1787022000,335.50974790613344,337.726349301257,334.9519772209036,336.7961112498859,15793.40674549917
1787025600,336.7961112498859,337.9790888034536,335.28776868366845,337.1766019619033,159521.89381186306
1787029200,337.1766019619033,337.8635010020992,335.1909200584536,335.59641943908935,8567.402830196077
1787032800,335.59641943908935,337.96504986793593,333.64770341785965,336.6735581076677,90871.70648883107
1787036400,336.6735581076677,338.30826747823465,335.3255226510266,336.36443866492755,7290.48632251587
1787040000,336.36443866492755,337.28442141583906,333.79655320449154,333.9807989402002,49689.10425439757
1787043600,333.9807989402002,336.0732219613338,332.47647978746437,334.5859988133708,19422.522321498313
1787047200,334.5859988133708,335.7376492139345,332.5812865349308,335.25873618036275,17267.625088774057
1787050800,335.25873618036275,335.97145042841476,333.1646184943766,333.34204121479024,8444.085013448297
1787054400,333.34204121479024,335.05742138857096,332.9251131387994,333.7262763416555,13815.71624864335
1787058000,333.7262763416555,340.8831484586751,330.30365619255093,338.33296604372134,293540.6037856581
1787061600,338.33296604372134,339.6875453817347,334.1421508050255,336.298584074329,116131.96740529835
1787065200,336.298584074329,339.7354164324585,334.16280832702245,339.4289510213648,69805.65158555514
1787068800,339.4289510213648,340.2713584599368,335.58240911740245,338.9773496110655,45666.525591508034
1787072400,338.9773496110655,340.2523170258491,335.41911862629973,337.414637904462,45543.791987469456
1787076000,337.414637904462,338.0723983430324,334.5483756228937,334.9084826450734,19221.748020054725
1787079600,334.9084826450734,338.78342731453154,334.6249238601562,336.44533250278323,38723.07423855581
1787083200,336.44533250278323,337.3066223094515,335.9810784597776,336.23805070105317,9825.815744948257
1787086800,336.23805070105317,336.59261199489333,334.7868571031061,336.2184328031383,1928.9105698453875
1787090400,336.2184328031383,336.2184328031383,334.941409494431,334.97354881623966,761.7539023956762
1787094000,334.97354881623966,337.9846898241801,334.97354881623966,337.95393208663586,359.7004555952443
1787097600,337.95393208663586,337.95393208663586,334.08291548728175,336.3591678607536,19770.080505680104
1787101200,336.3591678607536,338.14527979792257,335.4173249670583,335.9289530201525,9054.71159979662
1787104800,335.9289530201525,337.1514816782417,334.4710384805103,336.50449211851543,8562.193469882173
1787108400,336.50449211851543,336.5599832000346,334.12378939929573,335.60934527423547,3349.152468484148
1787112000,335.60934527423547,336.7767375118811,334.1510203752235,335.38762734786036,9649.503551104019
1787115600,335.38762734786036,336.442798364431,334.0339619435061,335.116957868699,9654.344995398273
1787119200,335.116957868699,336.3002514725848,333.59972288879936,335.0483433571952,7681.226563525629
1787122800,335.0483433571952,336.75825635527303,334.00556424974275,335.42692131274646,7507.113373460543
1787126400,335.42692131274646,338.6418950117049,334.2606347843504,337.11635997074427,29657.98021057459
1787130000,337.11635997074427,338.2748387687976,335.8785656109565,336.8123875539153,8495.855160189758
1787133600,336.8123875539153,337.59493722904193,336.1013341190807,336.5168488219722,1890.0177015271347
1787137200,336.5168488219722,337.9329485257203,335.95103139425237,337.0818212023105,7989.998845604574
1787140800,337.0818212023105,339.1920171351552,334.8726049347753,338.46219903168867,17226.449248252742
1787144400,338.46219903168867,341.07457484603157,334.7881364118715,337.254235425164,268123.09330020787
1787148000,337.254235425164,348.2384182492359,336.48773675654144,345.91859322088936,283599.86126447277
1787151600,345.91859322088936,349.5019799685866,337.61202909199244,347.28101916379643,78918.44884511793
1787155200,347.28101916379643,350.762131894495,345.4778990352963,347.00118374744665,68209.8922986273
1787158800,347.00118374744665,348.65317138902384,344.96557167816957,347.2753690038312,23308.332414908706
1787162400,347.2753690038312,349.87541080476853,346.5092729618438,347.48505625120566,35342.55995968428
1787166000,347.48505625120566,351.8668697116949,346.7155988111219,349.9242868804766,70928.11175669557
1787169600,349.9242868804766,352.36725991715275,348.4106293272416,350.5629144718418,19556.626396368676
1787173200,350.5629144718418,351.72936462563723,347.91945902491125,349.49778446573896,6729.264973462871
1787176800,349.49778446573896,351.0106771754661,348.4968138719223,349.7278701851573,3382.161000259339
1787180400,349.7278701851573,351.91289447113644,349.5389845926472,350.7276433676719,8012.013708030918
1787184000,350.7276433676719,351.7845345794489,349.68730393307266,351.46647921657944,12111.000750307392
1787187600,351.46647921657944,352.1334555972524,349.3574662941389,349.6649933870136,6195.04723326475
1787191200,349.6649933870136,352.2130132129102,349.6649933870136,350.835431067942,4820.926533549481
1787194800,350.835431067942,351.70680521308486,349.952081961828,351.09155035593653,1935.5076230028424
1787198400,351.09155035593653,351.2517133086412,348.64383350008916,348.64383350008916,2861.285134991951
1787202000,348.64383350008916,350.78557447917444,348.64383350008916,350.78557447917444,4695.242915488966
1787205600,350.78557447917444,352.3153192996085,348.676956594418,351.4376915048101,7842.603308132342
1787209200,351.4376915048101,351.83001190006877,349.82011328166567,350.3458090484513,5484.88125947411
1787212800,350.3458090484513,351.2392005062565,345.7739866744562,347.5539960366427,50706.65388703431
1787216400,347.5539960366427,350.2469082298642,346.79236195326877,349.2397425101248,12603.95166395852
1787220000,349.2397425101248,349.86166664806706,347.1992955508051,348.7938978925228,10320.906426477542
1787223600,348.7938978925228,350.13241253529475,346.73408204864154,348.1442355914235,23943.894256079548
1787227200,348.1442355914235,348.43447385580953,343.731410491954,345.03345466010234,44074.48303379756
1787230800,345.03345466010234,349.0550937703277,340.9611344077162,346.3749977964082,194594.24192610162
1787234400,346.3749977964082,346.3749977964082,338.2429569600739,339.51131846585923,86635.18460873721
1787238000,339.51131846585923,353.77267110394877,338.9556387271318,344.3956639857063,303984.5115799344
1787241600,344.3956639857063,347.85784450489285,342.5876950782298,343.7445310444609,37075.52888406545
1787245200,343.7445310444609,345.9794461838454,340.3593657972545,342.4376257753049,26319.770957713376
1787248800,342.4376257753049,344.3053021498935,341.0901199468357,343.2942561266218,17731.129156326384
1787252400,343.2942561266218,345.6875641077318,340.97969195347514,344.5227139270834,187099.53666578903
1787256000,344.5227139270834,347.5898594950969,343.2978866879352,346.2337695594017,23946.74551886577
1787259600,346.2337695594017,347.172079221132,344.5356591711235,345.33343231148734,5231.087591533124
1787263200,345.33343231148734,347.5206310477738,345.19437352942276,347.3037285009679,3001.6319408368627
1787266800,347.3037285009679,347.49279930983124,345.34889826980105,346.4602967201001,2968.873447670469
1787270400,346.4602967201001,348.07741596332926,345.89994731139547,347.7369947123918,5836.181492804595
1787274000,347.7369947123918,348.38250508974465,345.14444600280876,347.20457683619463,8022.650804569861
1787277600,347.20457683619463,349.6140873863764,345.34877716047896,348.4931338150204,11126.974064865548
1787281200,348.4931338150204,349.3712415159079,346.0486027074826,346.56777338950235,8607.352849546387
1787284800,346.56777338950235,347.8580900033159,346.56777338950235,346.7333962350048,123.97985458320608
1787288400,346.7333962350048,349.74155637922513,345.8443311276954,349.42434599231495,192360.92770065053
1787292000,349.42434599231495,349.54789386675117,346.49309606486287,348.53597937151926,9641.760357600191
1787295600,348.53597937151926,350.89370827374444,346.4102640685047,348.5826431459071,20270.006187194842
1787299200,348.5826431459071,350.77079574558144,346.8730372612775,348.55584045501604,43550.68560249881
1787302800,348.55584045501604,353.29454673431707,347.1715837284971,350.57319521399563,17692.535070524136
1787306400,350.57319521399563,351.9394431754837,347.366511514479,348.62807466822704,29648.09566916636
1787310000,348.62807466822704,351.01838927059225,346.41350245056327,349.0411742593895,23764.35662096525
1787313600,349.0411742593895,351.2904630822361,348.17710780903474,350.41649762035223,10665.332377137382
1787317200,350.41649762035223,355.2681227522235,346.36121799470624,355.0297835043476,345382.9267511703
1787320800,355.0297835043476,361.4286553114761,352.7903192759304,360.3285597781033,612475.6068423965
1787324400,360.3285597781033,365.56393567453955,357.5893352645306,363.0325450040657,382960.25818591594
1787328000,363.0325450040657,365.0964529969625,360.43097810665785,364.33767309183196,63665.41414497182
1787331600,364.33767309183196,365.9432806087635,361.58805152863573,362.2644612988803,51095.63628873628
1787335200,362.2644612988803,365.8454842046417,361.5330616102275,364.256762831419,35552.17574155894
1787338800,364.256762831419,367.84993282803003,361.4605952016318,362.95833795903303,118085.44796565745
1787342400,362.95833795903303,364.06715921232853,360.9950516410812,361.65771765863377,12450.608896067792
1787346000,361.65771765863377,363.7321856948031,360.9988296584558,363.40775053777827,6442.006070501083
1787349600,363.40775053777827,364.79125053361577,361.73994373105256,363.03406325229435,5412.708501998501
1787353200,363.03406325229435,364.72673406054923,362.6724465049487,364.6457067228323,589.5405385860892
1787356800,364.6457067228323,365.0276470275118,361.62624398908946,363.03835040126984,4824.730623769525
1787360400,363.03835040126984,364.8003054449496,361.4370260817922,362.4344251725874,6256.3469960715875
1787364000,362.4344251725874,363.8363371190074,361.45110649487475,363.37139479652353,1407.6118314078774
1787367600,363.37139479652353,364.8258498992008,361.58388995602695,363.5722537880303,5651.3332754094035
1787371200,363.5722537880303,364.65680791406567,361.2512813309129,362.64363290905743,7620.064762611577
1787374800,362.64363290905743,364.08331526286844,359.065546832192,360.2529131947359,36813.932990050496
1787378400,360.2529131947359,362.3589290844606,359.75101152243343,360.40108251065874,12294.32376913837
1787382000,360.40108251065874,363.07478153392617,359.9560156946574,361.1576729932183,9268.563323237284
1787385600,361.1576729932183,363.50895312723844,359.92503315790043,363.08430712258433,5853.208490098095
1787389200,363.08430712258433,363.4656788407386,360.42364429808237,361.69184519191316,2015.2234723788542
1787392800,361.69184519191316,362.9406821363841,359.17927383128114,361.73776486930814,7964.333732398865
1787396400,361.73776486930814,362.83280034663267,360.1574156230373,361.7685807506023,3471.721057185738
1787400000,361.7685807506023,363.0125949258499,360.4658129614397,361.74074119162464,706.8538182165115
1787403600,361.74074119162464,363.2251756897011,360.2681995664871,361.4438055429894,3517.7942593647404
1787407200,361.4438055429894,363.3821019986412,361.2580792569252,362.2766787252664,1003.5396224643999
1787410800,362.2766787252664,363.48054127577865,360.2998632684308,361.1947297076625,1293.9850709072143
1787414400,361.1947297076625,363.06314293729884,361.13239860002216,361.13239860002216,3060.96572536702
1787418000,361.13239860002216,363.90779277145145,361.13239860002216,362.0069522857268,506.9286153763493
1787421600,362.0069522857268,364.3274984751248,360.88640280793777,362.74586428610695,5075.441805205782
1787425200,362.74586428610695,363.38478026626876,361.83433503242435,363.3369046707053,2268.4890158468716
1787432400,363.3369046707053,363.3534898912701,361.0723429533136,362.1598146427141,322.8163023013796
1787436000,362.1598146427141,363.69869379388575,361.1502137975734,361.39465205812604,1890.38919892
1787439600,361.39465205812604,363.1749055120114,361.39465205812604,363.1749055120114,1844.5115659171156
1787443200,363.1749055120114,364.2816780347941,361.52114847980835,363.45834464646725,7971.585569455126
1787446800,363.45834464646725,365.10984088623155,362.76676890419634,364.4790837286759,1235.2032342147359
1787450400,364.4790837286759,365.54750559783827,357.6614203737273,364.38641327477984,8503.786161208933
1787454000,364.38641327477984,364.38641327477984,361.5663981101089,363.20020445401536,419.21165106972865
1787457600,363.20020445401536,364.05015844335566,360.80273255365256,361.11954324367116,4650.707579409086
1787461200,361.11954324367116,363.29574846536156,360.5281895489619,360.8918722109033,7060.360402781821
1787464800,360.8918722109033,362.39199167601026,359.8716624082424,359.9952878900276,5367.873616276744
1787468400,359.9952878900276,361.99229702208896,359.8699606568,360.24747757559715,719.1106646368853
1787472000,360.24747757559715,363.88192166566256,360.09742535592744,360.9815973456486,9493.84788567055
1787475600,360.9815973456486,362.64570687856315,360.4113448534437,362.5490006569899,3895.996577097804
1787479200,362.5490006569899,364.03444915485386,362.01926338767584,362.95139772845306,2427.383267065765
1787482800,362.95139772845306,364.32803888404334,361.42958364421867,362.8449440068043,1540.142060891313
1787486400,362.8449440068043,363.2530846812664,362.404085633723,363.2530846812664,520.7083571320146
1787490000,363.2530846812664,364.6307107436872,361.6059581283045,363.30157112666933,7663.525086957069
1787493600,363.30157112666933,364.6291608696184,361.0885185744587,363.55768556032166,4576.264321289114
1787497200,363.55768556032166,363.94956229945024,361.4460921236503,361.49755029097923,4496.669444805541
1787500800,361.49755029097923,364.0793930513812,361.0990584687392,363.15489377121577,2347.856473399547
1787504400,363.15489377121577,364.62251453010686,362.42366071527005,363.42815966117786,834.763914370196
1787508000,363.42815966117786,366.0616783572585,362.5775112089358,363.23492584945126,8413.151334777249
1787511600,363.23492584945126,365.0209946554435,363.0522263007774,364.27545204802277,1526.8256011725189
1787515200,364.27545204802277,365.4659087984749,364.27545204802277,364.4055643612698,1085.618813432834
1787518800,364.4055643612698,365.2532234121615,362.7831687354791,363.45643651264254,4116.443085542021
1787522400,363.45643651264254,365.45102573386055,361.5978353695487,364.60080621983906,17612.913714009337
1787526000,364.60080621983906,366.7093741587514,362.23409481431577,364.9421555263371,20627.167070390395
1787529600,364.9421555263371,369.29896950407914,363.6762477064649,365.3659613454039,65249.011632025075
1787533200,365.3659613454039,367.02054547947057,363.97906280168894,364.41440016250635,16457.997282335335
1787536800,364.41440016250635,366.10752927077175,362.6504089319947,363.9122530306676,14366.22145508875
1787540400,363.9122530306676,365.6941663918279,359.29061142936996,360.2030467022673,24138.375567708295
1787544000,360.2030467022673,364.4336962774189,358.864406760972,360.54042137385386,122427.6910708354
1787547600,360.54042137385386,362.6207814034758,360.47614705797514,361.6741322822682,5666.060012688509
1787551200,361.6741322822682,364.0486124053165,360.7257617595176,361.9573805261037,7953.063358919455
1787554800,361.9573805261037,365.1656136370408,360.29342601498246,361.7484257839495,16839.27813369241
1787558400,361.7484257839495,363.6240852788344,359.8709382791195,360.8329686984726,39997.44099204356
1787562000,360.8329686984726,363.64120818179254,360.0318449598548,362.8362689902394,11753.911505530952
1787565600,362.8362689902394,363.951858339223,361.2276124725268,361.99889465949377,5286.309772187892
1787569200,361.99889465949377,363.3932917543436,359.89272644726753,362.0640206346749,19001.358240847174
1787572800,362.0640206346749,364.1593176899282,358.1478198407285,361.69569107926174,35020.204663451244
1787576400,361.69569107926174,364.4140379297711,350.9355061168694,353.85584737481196,226984.90269207265
1787580000,353.85584737481196,359.9216985776588,350.8618936664763,357.9397164474256,110422.53102509727
1787583600,357.9397164474256,359.39518083389856,355.0582256694482,355.869779846989,105483.46514418215
1787587200,355.869779846989,358.55734790519847,353.7376015123217,355.38041390516815,37719.59031994862
1787590800,355.38041390516815,358.3373209172081,352.5064302167472,352.9292729433595,53341.50592782411
1787594400,352.9292729433595,354.9513858639616,347.16433287741893,349.5301634204728,119396.91329678612
1787598000,349.5301634204728,352.1095064428832,347.55809212921577,349.43723622085764,82097.49272609712
1787601600,349.43723622085764,350.1106112315364,347.24297248717215,348.9603741945145,11427.072114120376
1787605200,348.9603741945145,350.0002547348046,347.4275809915757,348.5696994501931,6331.98727538778
1787608800,348.5696994501931,351.37057988415427,347.58937430362033,348.8335846336656,1927.9125689714008
1787612400,348.8335846336656,349.974209531844,347.82274259449923,348.7890156205864,585.700376339326
1787616000,348.7890156205864,350.8523200830486,345.9594333938434,350.05890175310924,16106.818413273322
1787619600,350.05890175310924,351.5933291499444,348.40292351105194,350.4371532502109,9468.92306369717
1787623200,350.4371532502109,351.9570949577069,347.9463323976826,348.8246942487336,7534.922324988397
1787626800,348.8246942487336,351.77210230535036,348.631661288669,350.1649837458065,8366.448446680446
1787630400,350.1649837458065,352.5245656202895,350.1649837458065,350.2744058230269,2970.844497826635
1787634000,350.2744058230269,353.3867032243939,349.59254745608405,352.51242473871434,9237.441411195694
1787637600,352.51242473871434,353.4615633848633,350.4704069990143,350.82544948819566,4891.67751586272
1787641200,350.82544948819566,352.73539045134316,349.33366228478513,350.8321967226629,6109.253568486716
1787644800,350.8321967226629,352.733652088179,349.75935705515263,351.4847012152435,13725.399881794994
1787648400,351.4847012152435,353.3250261979361,349.88947785780687,353.3250261979361,14296.854442652133
1787652000,353.3250261979361,353.3250261979361,350.6157773996356,350.6157773996356,1189.6610826546616
1787655600,350.6157773996356,352.559349878201,349.9747192277885,352.559349878201,8016.8990520132775
1787659200,352.559349878201,353.11086889198833,349.4213068086981,351.0160397535503,18127.872773231185
1787662800,351.0160397535503,354.5765405211916,347.73885147568797,351.6203011516407,186872.55399288845
1787666400,351.6203011516407,354.68009585631097,349.2366753013147,351.5044339569675,192711.49263193834
1787670000,351.5044339569675,355.47742665619865,349.41520832786506,353.16931452916424,90417.78248022737
1787673600,353.16931452916424,358.1694849837157,353.16931452916424,358.02846309040154,36741.99226424083
1787677200,358.02846309040154,358.02846309040154,350.8585914053714,352.7027135489463,55902.244434459324
1787680800,352.7027135489463,355.1301204159866,350.6166016585761,353.86932175632774,25529.99930254448
1787684400,353.86932175632774,354.19224415616026,348.9458314911131,349.95659380784514,32858.26871114337
1787688000,349.95659380784514,351.88416137318063,349.35769555036103,350.79874316102297,5212.621188772311
1787691600,350.79874316102297,352.26174778021874,347.92344876124,352.26174778021874,4083.118883732868
1787695200,352.26174778021874,352.26174778021874,349.6737196562243,350.2308052992102,649.878542095991
1787698800,350.2308052992102,352.322582642745,349.8220080465632,350.1419119158878,707.3425595725843
1787702400,350.1419119158878,351.5392159318321,347.79261384049954,348.2385294279271,16002.4978921039
1787706000,348.2385294279271,349.80464213567524,347.53941410284386,349.80464213567524,2470.9025167321893
1787709600,349.80464213567524,351.16916280237007,348.48142421308614,350.29772582400824,9552.640416648685
1787713200,350.29772582400824,352.10238167047413,350.29772582400824,351.5617109827116,3832.693265737405
1787716800,351.5617109827116,352.2332856237467,348.86876279320046,350.20233131002766,3408.748577804306
1787720400,350.20233131002766,351.92146695833594,349.108462002135,349.3679349391256,3881.50995644713
1787724000,349.3679349391256,351.1283453361566,348.7729203999722,350.4934044265684,4405.268825004315
1787727600,350.4934044265684,351.4739125165437,348.5571316029161,350.58074680812143,4043.8981069507327
1787731200,350.58074680812143,351.32931977258374,348.11741930855754,350.8830225451505,5908.489315673381
1787734800,350.8830225451505,351.30932299855294,349.16786834744187,350.1936146392802,4127.295528950652
1787738400,350.1936146392802,350.96635541960563,348.6086552078132,350.03787864236926,2398.5825917566913
1787742000,350.03787864236926,351.1254280705908,348.2149233834937,348.2149233834937,15600.754572992802
1787745600,348.2149233834937,350.42483004845747,346.195252824427,346.55307052949735,25283.232376317912
1787749200,346.55307052949735,353.20587210924197,341.8983446049449,349.50904994161834,292167.57558788685
1787752800,349.50904994161834,350.43755813082674,342.9176360284909,343.339589093837,94574.28234627831
1787756400,343.339589093837,345.7824079377132,341.82499345437344,344.64488291361175,42690.82866797839
1787760000,344.64488291361175,346.18610373405824,342.41975757611044,345.3816911634587,34730.912693317696
1787763600,345.3816911634587,347.70786869169837,343.829595319256,346.30365248517256,27373.107128419957
1787767200,346.30365248517256,348.3163216787337,343.11001479005495,347.05735292057943,31262.950414947656
1787770800,347.05735292057943,349.06863703692886,344.52640476314707,345.15633122048024,80081.93316218292
1787774400,345.15633122048024,348.20499906773347,341.25363217136976,346.7157530646737,259853.64963091013
1787778000,346.7157530646737,349.12677661549134,344.01643379685027,347.59453709073074,33830.44775603951
1787781600,347.59453709073074,349.05940906105326,345.8194366134567,346.76515754688467,4910.793336335698
1787785200,346.76515754688467,349.0749197945383,345.7487097423899,348.16144804048366,7674.744723733993
1787788800,348.16144804048366,349.83836054859177,344.2884070644969,345.43054322719274,18296.295805433823
1787792400,345.43054322719274,348.6106294225681,344.45009218504373,347.4123321872223,12957.456715823162
1787796000,347.4123321872223,348.1496281539241,345.27681268604147,345.9221650592766,2037.3322336051579
1787799600,345.9221650592766,348.5043392938295,345.0963708773973,345.0963708773973,2676.5518299742525
1787803200,345.0963708773973,348.04214779813,345.0963708773973,346.04831690149564,4021.80370121711
1787806800,346.04831690149564,347.5294828363161,344.6571263921333,345.3732977334762,4492.712205228477
1787810400,345.3732977334762,347.34339419698426,345.24325590141433,345.28677820093617,7120.599922672841
1787814000,345.28677820093617,348.48408437166887,344.85532829635576,347.60728608548334,13923.184487479328
1787817600,347.60728608548334,349.2088926510789,345.9196272229362,346.7508597503477,21479.57344033492
1787821200,346.7508597503477,349.52168779316617,344.90009834287844,347.9956175410516,10424.37553870483
1787824800,347.9956175410516,348.894065343896,345.85183176742635,347.15381569311216,3119.2292266096797
1787828400,347.15381569311216,349.0372322447519,345.7816610647596,347.1254701336616,18562.560925564198
1787832000,347.1254701336616,347.35487932416527,344.14735061337194,346.20448715160694,12856.636496383237
1787835600,346.20448715160694,352.4733979722809,344.8101887768122,350.5094848193167,193982.05319612904
1787839200,350.5094848193167,355.15618457958146,348.71257247222354,352.35950500203177,155863.69233139086
1787842800,352.35950500203177,354.7985889379676,350.12882349011886,352.8124784144084,57456.09005378814
1787846400,352.8124784144084,354.7740118379503,351.5941888990921,353.0415595452227,31671.957965972037
1787850000,353.0415595452227,356.22573620347146,352.08912338306914,354.45063395580263,39843.09559198137
1787853600,354.45063395580263,356.9317018384712,352.33900046120044,354.8336426662978,36138.49111767489
1787857200,354.8336426662978,356.6677302330767,352.86543794525477,354.5236099573244,37362.124543779275
1787860800,354.5236099573244,356.78236484210413,352.5933414034737,352.65562986531467,57623.24752544235
1787864400,352.65562986531467,354.97147907069177,352.60798862470523,353.81970132005995,745.4440010380355
1787868000,353.81970132005995,355.8256866694512,353.0289412915393,354.6676268542938,2092.42789987134
1787871600,354.6676268542938,355.2654038674381,352.778218606304,353.50794858074676,1644.9150392286151
1787875200,353.50794858074676,356.13981278095713,353.50794858074676,353.790436561574,4195.456488318302
1787878800,353.790436561574,356.23694481078826,353.70491067191244,355.720089077382,1831.8205941818949
1787882400,355.720089077382,356.89669887395667,354.01668032528806,355.34937719675736,4591.287898130539
1787886000,355.34937719675736,356.52132813819475,353.5875862276192,354.5642025186149,2333.2879745501214
1787889600,354.5642025186149,356.5652089918578,354.2784026132353,354.9083481660553,1464.9917714576293
1787893200,354.9083481660553,354.9083481660553,354.07916561155,354.57014896373835,1495.2179690444589
1787896800,354.57014896373835,356.9467905807858,354.57014896373835,356.5278729648079,1586.9118445612316
1787900400,356.5278729648079,356.6772104608983,353.98196870201184,355.89932400231544,6831.370235935782
1787904000,355.89932400231544,358.21751782872525,354.3093842916448,357.32976238457684,13418.41957011022
1787907600,357.32976238457684,358.25619093367186,354.8460695573389,355.86353682288666,14081.641827200172
1787911200,355.86353682288666,357.93274950478497,354.9294345704316,355.9069794628448,3900.5457188716896
1787914800,355.9069794628448,358.832435260543,353.6683357266367,354.3263391639998,15011.16668484455
1787918400,354.3263391639998,357.1423346895966,353.83966520582584,355.5021110944383,10502.415470109792
1787922000,355.5021110944383,359.10634142597337,353.43512874107336,354.8058747593542,215745.0392178527
1787925600,354.8058747593542,356.5581360913307,350.7901787373965,353.6195532706572,85434.69637818864
1787929200,353.6195532706572,355.69809649267324,347.6298034164043,349.07785626229423,76573.40682050606
1787932800,349.07785626229423,350.2263400595653,345.47965855117974,347.34915986888853,55752.19439684764
1787936400,347.34915986888853,348.46660168560965,345.3338255248395,346.20651004033783,19724.19170583648
1787940000,346.20651004033783,348.15440193606474,343.93691878351945,346.162151253232,17266.11988424249
1787943600,346.162151253232,349.93060644290324,344.51000445150834,349.2094578629721,64864.323736667575
1787947200,349.2094578629721,350.47244872896954,346.37793451064107,348.16308540467895,10713.054971870013
1787950800,348.16308540467895,349.7854732537577,346.8808113031682,346.8808113031682,169.14573979124035
1787954400,346.8808113031682,349.4183059120361,346.8808113031682,349.29101042319786,2527.9510525456326
1787958000,349.29101042319786,349.82628602472613,346.3972125374019,346.65508479936074,2312.25466896645
1787961600,346.65508479936074,350.45741997237513,346.6219648642741,350.10855596846034,69426.25917777859
1787965200,350.10855596846034,350.6800255657769,346.50990098353753,348.49856088740665,23941.871478756762
1787968800,348.49856088740665,351.3406011595254,347.2008022064725,348.9234300057594,26714.0465833384
1787972400,348.9234300057594,350.5841878840153,348.090430360011,348.6178727043031,8076.377526209288
1787976000,348.6178727043031,349.6092719533965,348.02286372296317,348.02286372296317,2550.0911166570727
1787979600,348.02286372296317,349.08787946962497,348.02286372296317,348.9498045899412,940.7812208344608
1787983200,348.9498045899412,350.38675996980385,348.9498045899412,349.6893586136334,375.2414017047052
1787986800,349.6893586136334,349.9599445975488,348.70944742629433,349.73535215661315,945.3875208441608
1787990400,349.73535215661315,349.8643127153308,349.73535215661315,349.8643127153308,64.62367161073827
1787994000,349.8643127153308,351.1255557377438,348.49323245344624,349.1676926036986,6605.848504384555
1787997600,349.1676926036986,351.1156788963274,349.14420300620696,349.3406259316833,2340.851542682726
1788001200,349.3406259316833,350.82672119118376,348.90625040631727,349.88404344289603,677.5351932806667
1788004800,349.88404344289603,350.1751456406932,347.58882096655236,349.81033474338096,2192.820475913388
1788008400,349.81033474338096,350.104521891954,349.81033474338096,349.83945694079284,10.36081777753191
1788012000,349.83945694079284,351.9245936052615,348.59475995027327,349.6080932847004,2185.200652979713
1788015600,349.6080932847004,351.43875487593255,349.6080932847004,351.4328169388058,6147.994241414494
1788019200,351.4328169388058,351.51232251757733,349.4896925904878,351.51232251757733,8.157126268731217
1788022800,351.51232251757733,351.51232251757733,348.39569522426495,350.0973038299566,188.72120770407264
1788030000,350.0973038299566,350.0973038299566,348.8423678777706,348.8423678777706,2987.032059654753
1788033600,348.8423678777706,350.416847514673,348.5469072214761,350.416847514673,84.7491470939008
1788037200,350.416847514673,351.70266273818163,349.9316813964929,349.9316813964929,636.0633916778222
1788040800,349.9316813964929,350.8733827622672,349.7082177813984,350.8733827622672,37.951656287261535
1788044400,350.8733827622672,351.3329243204754,349.6616007847479,350.6953520773526,4.344964328382458
1788048000,350.6953520773526,351.6481078494514,348.8288497861891,349.72757561445786,7839.667435949995
1788051600,349.72757561445786,351.11139214888397,349.72757561445786,350.73175615790154,90.34137978593085
1788058800,350.73175615790154,350.73175615790154,350.0680072002232,350.0680072002232,1048.9721147799316
1788062400,350.0680072002232,352.1715578717815,349.13162477519273,352.1715578717815,1904.1653808142362
1788066000,352.1715578717815,352.1715578717815,350.1440148900473,350.82772541181805,1814.1214024776075
1788069600,350.82772541181805,351.7150951921573,350.63804128937795,350.935301804639,914.4805907336088
1788073200,350.935301804639,351.5064117816946,349.9175307276614,350.03867860084125,143.48325414831032
1788076800,350.03867860084125,352.19009456177906,350.03867860084125,352.19009456177906,17160.467131246216
1788080400,352.19009456177906,352.19009456177906,351.6295599009706,351.6934686511388,1054.4973312646584
1788084000,351.6934686511388,351.6934686511388,349.9528768633983,351.26902255959794,4071.288615422647
1788087600,351.26902255959794,353.37483139487966,350.7187148337811,353.37483139487966,2129.3573104682455
1788091200,353.37483139487966,353.37483139487966,350.53212630184817,350.8211823313161,3339.9895116721495
1788094800,350.8211823313161,352.5557529927924,350.65658035700324,350.7828830160644,2047.378091019654
1788098400,350.7828830160644,352.98976931995287,349.73395404355176,350.623940871474,10401.13114828505
1788102000,350.623940871474,353.12320975185554,349.63058454087616,353.12320975185554,1172.1798086722304
1788105600,353.12320975185554,353.12320975185554,350.37603659839226,352.2368855552397,352.872169513525
1788109200,352.2368855552397,352.5216595361623,349.996578485234,351.9133452707525,322.8334798562765
1788112800,351.9133452707525,354.4687536735514,349.97437756218665,352.9637905224629,28938.548040019636
1788116400,352.9637905224629,354.82914773216334,351.4065045593907,352.2551214892495,18199.71628267394
1788120000,352.2551214892495,353.1559669391135,350.09339033067937,350.5895402700681,5869.012031126184
1788123600,350.5895402700681,353.1015781072157,349.0928039701862,350.2782618297761,8117.981026827368
1788127200,350.2782618297761,351.6473775817914,348.2863387886244,349.4227561991236,13933.389007835895
1788130800,349.4227561991236,350.45899494995666,345.6352171408494,348.9684232648297,40611.62981476461
1788134400,348.9684232648297,349.8538130640179,344.3050820543606,348.31129383209367,70766.57982898351
1788138000,348.31129383209367,348.9911485265193,345.35497955799644,347.42555042132545,12459.704557629237
1788141600,347.42555042132545,348.3544408944545,344.90203878002194,346.32210583153335,15354.505654936924
1788145200,346.32210583153335,348.6158556582866,345.60847753838044,346.5665932520454,5379.136771009853
1788148800,346.5665932520454,349.6607956173487,346.00098335924,348.7230600807692,7877.5952564900645
1788152400,348.7230600807692,350.27269787918,346.90413401164346,348.1633778658905,7185.068580486867
1788156000,348.1633778658905,350.4427990618769,347.82430945856686,350.3824764987922,5482.991801050725
1788159600,350.3824764987922,350.3824764987922,348.628027297362,348.628027297362,354.41845572403804
1788163200,348.628027297362,350.34143431772105,346.28696947761347,346.28696947761347,14556.11169581573
1788166800,346.28696947761347,349.11178110138525,346.28696947761347,347.02578130454395,8407.008405033774
1788170400,347.02578130454395,347.280869195277,346.18209950520566,346.18209950520566,507.8612170278012
1788174000,346.18209950520566,348.2474050088234,345.29712223158924,346.3601217910114,10116.190245414657
1788177600,346.3601217910114,348.2423650041197,344.826724636391,344.826724636391,9701.035671923195
1788181200,344.826724636391,361.4018922732682,344.7141184421336,360.8903229479272,357138.45724563673
1788184800,360.8903229479272,366.09956799707646,358.3927906096968,362.6210685986244,220693.37776097422
1788188400,362.6210685986244,368.85501293094535,361.5893057725572,364.932267738082,89226.36848913971
1788192000,364.932267738082,367.8121235260193,362.6715914025273,366.7084790514009,79490.01738059541
1788195600,366.7084790514009,369.8373230155029,364.0994696851647,369.1284962111501,49600.624181748535
1788199200,369.1284962111501,369.9591108472258,364.1178066584779,365.8133416378766,34864.73973611694
1788202800,365.8133416378766,369.6248526678958,364.8484544731172,366.73047240107286,76860.00753299783
1788206400,366.73047240107286,369.731276417882,366.73047240107286,368.6036664296245,9473.944746360103
1788210000,368.6036664296245,368.90973069225646,365.8717515896287,367.2714769883862,3801.068224630409
1788213600,367.2714769883862,368.52611058664934,365.84960542485373,367.191612693986,4719.146652897497
1788217200,367.191612693986,367.5740923368091,367.191612693986,367.40587275251704,1129.2664452098652
1788220800,367.40587275251704,368.3363436215969,364.8238999451954,365.99837928267465,3459.9464794301825
1788224400,365.99837928267465,367.64772761300077,364.6999915315809,365.69822252612414,4010.4370966068327
1788228000,365.69822252612414,366.9771256181344,365.45977343762013,366.17670306125075,6090.341415944426
1788231600,366.17670306125075,367.3086633691967,364.7240794511387,366.8713319383343,3083.384973662334
1788235200,366.8713319383343,366.9985433913248,364.79010810107883,366.9985433913248,244.1812379033455
1788238800,366.9985433913248,367.7264463700422,364.4464208290395,365.8542806387568,10416.519096518581
1788242400,365.8542806387568,368.5018067661417,365.8542806387568,368.5018067661417,46.56580865227936
1788246000,368.5018067661417,368.55845775432863,365.5446633340066,367.0046136162221,8724.365098127779
1788249600,367.0046136162221,367.10297758716314,362.3010711598862,363.2969022899811,42431.115860939775
1788253200,363.2969022899811,364.9607715525691,362.08443866864957,363.4956213737913,15258.164414067061
1788256800,363.4956213737913,364.9412593350073,362.15120401077365,363.2362926483283,8134.9697210071645
1788260400,363.2362926483283,365.6493515689111,362.00053845977334,363.7959498531216,20487.092207063593
1788264000,363.7959498531216,364.02662628320815,360.58938903655195,360.58938903655195,11787.885163671635
1788267600,360.58938903655195,363.19340175692383,352.01301087358576,358.55415250546406,251376.14298090385
1788271200,358.55415250546406,359.91770317072974,356.4564343380044,357.35908799995366,65913.89677137163
1788274800,357.35908799995366,360.57157791864034,356.6657826169918,358.55215951780195,57331.062910006556
1788278400,358.55215951780195,359.9081038605125,355.6273675608861,356.9795894560026,37313.625541932226
1788282000,356.9795894560026,358.90846110389185,355.8263906864443,357.2805214222596,25255.636901247664
1788285600,357.2805214222596,357.91990504151516,352.379753927041,354.2049152271814,35241.79679049222
1788289200,354.2049152271814,357.9679058788157,352.8202452053847,355.14549606854604,36936.92511681859
1788292800,355.14549606854604,357.6337924383839,354.755121164303,354.755121164303,2165.344448682568
1788296400,354.755121164303,357.3233851177106,354.19467348555446,355.43938610144727,2889.0780990004987
1788300000,355.43938610144727,356.3782604879125,355.37209483136513,355.612234720437,2852.717559318323
1788303600,355.612234720437,356.2838816097436,351.9423927097357,355.76445128831165,4632.621508344584
1788307200,355.76445128831165,357.67838698555175,355.0148502140097,355.91986335974,12435.436528094167
1788310800,355.91986335974,357.48343992430927,353.6860577518796,354.71550019473943,15080.61991777444
1788314400,354.71550019473943,356.6284319961415,354.5484466657657,355.6645150869551,3852.7950325299103
1788318000,355.6645150869551,357.54501505073176,354.5504369386024,356.0432790243561,873.7509114651298
1788321600,356.0432790243561,357.5066906703853,355.6605959403017,356.5337248486313,94.51752515993284
1788325200,356.5337248486313,357.33726007607567,354.3832967508391,356.6355906370311,9491.596136595905
1788328800,356.6355906370311,358.20635416897346,355.3287499414252,356.64909179951445,6898.317281189116
1788332400,356.64909179951445,359.2669072166367,356.5989471104556,357.21440111377404,17361.321884400484
1788336000,357.21440111377404,359.5104533805671,354.7303573377585,356.0181289597307,24830.963298984763
1788339600,356.0181289597307,356.7666774211637,354.0075952316121,354.7841481239788,11167.419942602064
1788343200,354.7841481239788,356.5966125712663,354.30629019649973,355.971477851156,4966.715545461162
1788346800,355.971477851156,356.9474395687396,353.68625233167637,356.7543870236884,64916.23564492817
1788350400,356.7543870236884,359.49091785757224,356.7543870236884,356.99599172866414,18124.49685718065
1788354000,356.99599172866414,361.09116390768185,349.2604322416769,350.36295051826363,248670.73739996832
1788357600,350.36295051826363,357.83458323336953,349.52670482988276,353.2768215012527,127465.44994093728
1788361200,353.2768215012527,356.93105059377217,350.6060792605618,352.38859219766647,73192.08560529533
1788364800,352.38859219766647,356.519701672189,351.7003627407641,354.1429601577333,55314.557193097644
1788368400,354.1429601577333,355.52068006242854,350.798386911117,352.2257461890176,28196.018200784936
1788372000,352.2257461890176,354.1464610048971,350.90381653008234,351.0964481423693,22667.244651488803
1788375600,351.0964481423693,358.21453723630316,351.0964481423693,356.9081973278817,47006.47328067096
1788379200,356.9081973278817,358.1473180799531,353.7807338209211,356.0230392698297,26681.69331324902
1788382800,356.0230392698297,357.45163684021867,355.00807633458214,356.3913648265946,3453.0053605758626
1788386400,356.3913648265946,358.1798550176196,355.0641934560019,356.21387044317805,6243.945128185642
1788390000,356.21387044317805,358.23964767997734,356.158331359884,358.23964767997734,691.4877594588183
1788393600,358.23964767997734,358.23964767997734,356.7261231077792,356.94987709537145,1827.9592509714503
1788397200,356.94987709537145,357.96673970532345,355.68575876390923,357.07299223372473,6027.651562321253
1788400800,357.07299223372473,359.3241316179732,355.41558569546214,358.38094431025854,29836.123708216834
1788404400,358.38094431025854,360.94540426681584,358.1295445311984,360.0743288148763,7025.82420824359
1788408000,360.0743288148763,360.0743288148763,356.70129864198213,357.92798629090976,2739.86320691894
1788411600,357.92798629090976,359.74835672514155,356.1152601589015,357.9399101347666,20745.353652110993
1788415200,357.9399101347666,360.1752365366725,357.9399101347666,359.9749582560676,3125.32872088699
1788418800,359.9749582560676,361.138701782904,357.6120896016009,360.22332602347103,11281.537114871831
1788422400,360.22332602347103,362.2398960128993,358.5541369074231,359.6638147085402,25828.062174411676
1788426000,359.6638147085402,362.40984997163906,359.6638147085402,360.81860024581016,7982.103196840711
1788429600,360.81860024581016,362.09985522523476,358.9344623030729,358.9344623030729,4380.067212162575
1788433200,358.9344623030729,362.8114023685389,358.6203434571362,361.2349131062728,35230.25493406121
1788436800,361.2349131062728,365.5042361900131,361.2349131062728,362.45445078277913,62995.86323030144
1788440400,362.45445078277913,377.0455568214151,362.3978037356006,372.266048252797,515441.59519227647
1788444000,372.266048252797,380.9833430289399,370.5410169681476,377.10788577607684,317760.8949859232
1788447600,377.10788577607684,384.42028502695445,377.10788577607684,382.9366767363154,131166.8987539673
1788451200,382.9366767363154,385.8307295470184,379.1553206138901,381.75126161208436,86114.7527096583
1788454800,381.75126161208436,383.2586533077183,380.2098140722084,382.65134734089776,61972.40015954549
1788458400,382.65134734089776,384.88557897166146,379.9849407308459,380.37842794406384,30182.573097910637
1788462000,380.37842794406384,382.5056563442907,375.80689304723984,376.14938111887915,83168.84344432334
1788465600,376.14938111887915,380.1788137883389,375.0651106828663,376.65794158855925,56520.28098845475
1788469200,376.65794158855925,380.4964076315991,373.5431118993897,374.8011017157232,68848.70471192044
1788472800,374.8011017157232,378.10268290075163,373.61037353861235,375.84436814035416,77695.07758607171
1788476400,375.84436814035416,376.4594751027179,373.97516073265547,374.337530009484,12180.694339923033
1788480000,374.337530009484,375.6035289052401,372.0278285869913,372.0278285869913,28065.687033896716
1788483600,372.0278285869913,373.92072438739615,370.8363627548112,371.45228894366596,14629.05924385886
1788487200,371.45228894366596,374.2971879069774,366.94563437675833,367.02569749655703,72011.70436954928
1788490800,367.02569749655703,370.57956337468903,365.5722239311123,368.99788575206696,46707.4940574899
1788494400,368.99788575206696,372.0181954808518,368.18649879432064,372.00714800638195,8740.56119714996
1788498000,372.00714800638195,372.00714800638195,369.2573749300203,369.71029613138336,21782.577918021394
1788501600,369.71029613138336,371.35491094848743,367.8425889267567,370.53024879316945,15403.12699541895
1788505200,370.53024879316945,371.48048113419713,368.7129317000347,370.65153192452607,17952.517878919058
1788508800,370.65153192452607,372.4175803231384,368.54060984626113,371.1353039394255,51386.04023072374
1788512400,371.1353039394255,371.1353039394255,366.1621193449933,369.5375632362454,47014.6495923034
1788516000,369.5375632362454,369.9908539305377,367.801534126638,367.85864848465724,14397.071792327592
1788519600,367.85864848465724,368.80031326414974,364.113967715001,365.56495061665214,56929.669348214826
1788523200,365.56495061665214,371.2224261101591,362.3470603889608,364.9724589993352,84273.57094694767
1788526800,364.9724589993352,365.83357281266797,355.4284317359605,360.05229549261014,412247.0256477845
1788530400,360.05229549261014,360.2383855203588,351.782431618193,353.74340522845006,126767.57202378362
1788534000,353.74340522845006,355.7512774790581,350.72985426776233,351.18703101369863,78322.64102564925
1788537600,351.18703101369863,353.96200376545175,350.60497591718365,352.90900679364967,27209.24152915637
1788541200,352.90900679364967,353.69034797261105,351.64956558514115,352.1863498753938,14219.14546895484
1788544800,352.1863498753938,355.7486757768671,351.96117719489365,353.3742582563067,30978.251085727497
1788548400,353.3742582563067,356.48914909059295,352.9505254387565,354.4864493923543,87180.67461024736
1788552000,354.4864493923543,355.57771204872,352.2192382151324,353.94436313006116,15137.7766808633
1788555600,353.94436313006116,354.1167018180651,353.80318900220453,353.80318900220453,1433.5537896664814
1788559200,353.80318900220453,353.80318900220453,351.8806348043808,351.92802076295845,3378.5902514354893
1788562800,351.92802076295845,353.8331522529034,351.50617567207587,353.56552269799937,918.7055314037775
1788566400,353.56552269799937,355.0874954872631,353.33072899164307,355.0874954872631,3978.0185166503857
1788570000,355.0874954872631,355.0874954872631,353.20780493475513,353.97754258032995,2258.9124516575685
1788573600,353.97754258032995,355.23195243889296,353.11549097337945,353.5141218014801,314.8066528454334
1788577200,353.5141218014801,354.5305721503754,353.24422144686474,353.76050784078916,23372.12468895092
1788580800,353.76050784078916,355.93058745421416,353.14730307959456,354.319307676322,7362.660892855253
1788584400,354.319307676322,355.4765537393668,354.24221931505264,354.68469799733606,906.9778738246462
1788588000,354.68469799733606,355.9942603393892,353.6102602932469,354.23966013807706,8303.390704337471
1788591600,354.23966013807706,355.00860571046513,354.01721959073274,354.6206813326252,3144.2223781303514
1788595200,354.6206813326252,356.32531044685874,353.98263812466774,353.9840199070975,1196.3430351824984
1788598800,353.9840199070975,354.9424182703326,353.1585111166279,353.190554926659,5443.1197183579825
1788602400,353.190554926659,355.27831792435916,353.190554926659,354.7928283256615,1091.3268073849586
1788606000,354.7928283256615,356.6968908335056,354.13087530848964,355.47969134046053,1875.4845380759025
1788609600,355.47969134046053,356.08099369840704,353.8852670384167,354.294494501053,2515.333566624987
1788613200,354.294494501053,355.8302272699675,353.9577228922222,353.9577228922222,6476.625935230027
1788616800,353.9577228922222,356.9382009604486,353.9577228922222,354.5493326356432,2277.332146151941
1788620400,354.5493326356432,356.0467290996561,353.4963239391015,354.51701296435266,6689.686038649374
1788624000,354.51701296435266,355.2567700703,354.4720942272353,355.01828080303204,2426.081207864763
1788627600,355.01828080303204,356.7367888977227,355.01828080303204,356.7367888977227,5046.601973870977
1788631200,356.7367888977227,357.77125021214243,356.218939313813,356.5396573703151,1948.6885730736988
1788634800,356.5396573703151,358.1806798436986,355.43043244138585,356.8630754976876,3704.765244279111
1788638400,356.8630754976876,357.69688266371054,356.2295857641116,356.31372625282035,5.404544744153448
1788642000,356.31372625282035,357.9924309958951,355.68618765360816,355.68618765360816,1468.0754984995813
1788645600,355.68618765360816,358.64410309763235,355.68618765360816,358.64410309763235,1906.257184043494
1788649200,358.64410309763235,358.64410309763235,355.44725452911746,355.44725452911746,3505.7699689626606
1788652800,355.44725452911746,358.16212254935704,353.6017702759793,355.8079715218414,9031.630947342428
1788656400,355.8079715218414,357.7133183023117,355.41946726434657,355.83299794888967,6262.320596927436
1788660000,355.83299794888967,357.52721682349863,355.45533197124024,356.6014079121733,549.8321452698676
1788663600,356.6014079121733,358.31274581478345,355.42457891876546,356.14061374807204,7181.005633753886
1788667200,356.14061374807204,358.7908430549304,354.83837227455996,357.0429879718128,13187.214682956386
1788670800,357.0429879718128,358.00309790231336,355.0814077987598,357.47538998940064,2459.1569709301284
1788674400,357.47538998940064,357.99651864867724,355.1709731150988,356.7879131315578,2862.0048770887443
1788678000,356.7879131315578,357.97031271541675,356.2248998827259,357.0466744085461,2032.0124540217657
1788681600,357.0466744085461,358.4978961922913,355.397749883445,357.0542467371513,22949.370907924782
1788685200,357.0542467371513,358.38195489811596,354.4875893574581,356.85614670713767,18538.360762728233
1788688800,356.85614670713767,358.42002960314557,354.88065197592624,356.7645071704037,4082.7029031472625
1788692400,356.7645071704037,357.3211014804076,354.7219736962724,357.03395590226495,1554.313526878773
1788696000,357.03395590226495,358.2156352168611,355.6802017159638,356.4730548271467,1669.4061908767917
1788699600,356.4730548271467,357.82351705839955,354.58958721779857,356.3776806574243,2172.4095826799444
1788703200,356.3776806574243,358.4033282407789,354.2178218350452,356.79791884417443,17813.13135292965
1788706800,356.79791884417443,357.6366920660717,353.78906725513247,355.12819363992253,12022.01861147726
1788710400,355.12819363992253,357.4225576545252,353.878711557069,355.4245849144603,17380.501086117732
1788714000,355.4245849144603,358.2080601500468,353.7889018963542,356.16422851663407,10880.245409546433
1788717600,356.16422851663407,358.12443485777436,355.3093799429094,356.2743747156083,5714.776434963647
1788721200,356.2743747156083,356.99017191316864,354.566808012337,355.73578081038085,10130.765361111153
1788724800,355.73578081038085,357.4824520031703,354.03995801539753,355.8479941673077,42362.96620002461
1788728400,355.8479941673077,357.3302992880004,355.1010840555546,356.4200227305839,6612.480606343113
1788732000,356.4200227305839,357.693442663979,353.3950415818857,356.5447858598981,51085.92353697379
1788735600,356.5447858598981,356.83333576939697,354.39195457682007,354.39195457682007,9446.933068284003
1788739200,354.39195457682007,357.6116020664858,354.39195457682007,356.01231655704333,7785.054144992837
1788742800,356.01231655704333,357.10113090025527,354.37400042396115,355.8063530234711,6803.1777152381155
1788746400,355.8063530234711,357.29922676346166,354.16150278013475,356.40727894484945,12109.365256567367
1788750000,356.40727894484945,357.8138145154487,354.28740592784817,356.0203759015464,19480.267638232443
1788753600,356.0203759015464,357.5189979451999,354.2157920331337,354.9829708884695,38931.8766969687
1788757200,354.9829708884695,357.3427053651118,354.2718228114422,355.7481344095928,2910.2484518265437
1788760800,355.7481344095928,356.49160708169273,354.7121784172806,355.89143128805676,1258.5383374341438
1788764400,355.89143128805676,356.511817045522,353.31496613752006,355.2642372296152,16486.64878512616
1788768000,355.2642372296152,356.48470019296,352.9946762937018,355.92116998629876,18842.660789609246
1788771600,355.92116998629876,356.60984611519075,353.5736614439641,354.93885767555884,6215.871872198166
1788775200,354.93885767555884,355.8617315411088,353.3202501367772,355.0389886868096,6997.2618473054035
1788778800,355.0389886868096,356.2096937928084,353.1567980562712,354.6453223794212,11637.845092011634
1788782400,354.6453223794212,356.41099416418484,353.1189461162348,354.1261983154907,14639.913214828617
1788786000,354.1261983154907,357.9110700413955,353.253806769361,356.75740739211125,23618.179128619675
1788789600,356.75740739211125,357.3945571011911,353.2440249052912,354.8323608389298,8202.850750424883
1788793200,354.8323608389298,356.91547027748237,353.379575908059,354.9688436941849,11768.85078220011
1788796800,354.9688436941849,357.57785694575057,352.9358739420911,355.8577233554587,67268.44117286944
1788800400,355.8577233554587,357.9319938766282,353.91494365912376,356.29592350571784,23250.404147995436
1788804000,356.29592350571784,358.2791745530184,353.9716529371022,355.0653551966427,10742.764467179475
1788807600,355.0653551966427,358.19865938528227,354.72677886846986,356.6071078631305,61186.34202936818
1788811200,356.6071078631305,358.06421153276625,354.95508866858484,355.7212690493975,8209.01908260162
1788814800,355.7212690493975,358.1046438460951,354.1597684947441,356.7227532019452,215810.1859953042
1788818400,356.7227532019452,358.32292139706107,353.78044726978374,355.7393156968578,64768.604820369925
1788822000,355.7393156968578,357.42476388769364,352.8655722992924,354.1217245770376,150667.83178470202
1788825600,354.1217245770376,357.71062851350734,352.0550871613429,355.8856486598151,53419.32506069353
1788829200,355.8856486598151,357.86006746112093,353.53336268181204,356.8689973732795,13706.795423540327
1788832800,356.8689973732795,357.3357130177983,354.34155641562535,355.80881357045445,6393.325756029164
1788836400,355.80881357045445,358.3291138965332,353.7676851345287,356.74647716716805,35866.54035314243
1788840000,356.74647716716805,358.7346872059839,352.96405765729065,357.7405259262576,152427.90167805026
1788843600,357.7405259262576,358.36074598994077,353.516869700706,356.78040884796565,37034.42892023119
1788847200,356.78040884796565,357.277988268072,353.3551303830048,354.94774418328615,17143.551611807776
1788850800,354.94774418328615,357.05559352594435,352.6734617193095,353.3521857880286,9871.97058722663
1788854400,353.3521857880286,355.95093041917784,351.5585772445668,352.93419046797095,42391.905733447915
1788858000,352.93419046797095,355.9013934532512,351.4944362386852,354.96857440151956,41052.17943966234
1788861600,354.96857440151956,356.2331920173985,352.9027710047528,356.2331920173985,29664.993100522457
1788865200,356.2331920173985,356.9300788030524,353.13863721190273,356.70650026638447,16006.279830110861
1788868800,356.70650026638447,357.1682123224518,354.3763785011361,355.40518574098866,10279.284009688074
1788872400,355.40518574098866,363.9678127112356,354.7651459544106,359.9711880727314,386326.1354906567
1788876000,359.9711880727314,366.9048633291778,358.3728667761652,366.8754578825184,216603.7588047233
1788879600,366.8754578825184,369.83765818959546,364.00610545957505,367.12925637735395,132180.5793033128
1788883200,367.12925637735395,371.1459722723638,365.5400225229642,369.7668761607814,78190.6313266151
1788886800,369.7668761607814,370.9233154148713,363.89721748853424,365.3656176626134,57980.52065104107
1788890400,365.3656176626134,369.6630439307172,363.3222668697103,368.43496670678854,85910.87300116221
1788894000,368.43496670678854,370.53516537625336,365.65746098677585,368.0434666770601,43675.930160647826
1788897600,368.0434666770601,369.60989023220293,366.2129014990227,366.71824617191663,11284.916328956988
1788901200,366.71824617191663,368.9642316786787,364.9849068344772,367.2927039469324,17067.885747880493
1788904800,367.2927039469324,368.86673335101665,365.97256873878945,366.11339994319894,14418.291518513615
1788908400,366.11339994319894,367.95729953601676,365.9225482556001,367.871547674957,1425.2586611532172
1788912000,367.871547674957,367.9114735590237,364.9245177319225,367.3390777165642,14197.591088015708
1788915600,367.3390777165642,368.85841770635903,365.79720763004264,368.0399152226798,12452.479303845026
1788919200,368.0399152226798,369.774618482164,366.1367099324757,366.5831968349529,14058.68353847608
1788922800,366.5831968349529,369.0415521363158,365.9030421875847,367.01734345491957,8986.820019828026
1788926400,367.01734345491957,369.40510025240417,365.43519385193554,366.161392561016,13075.003750425145
1788930000,366.161392561016,369.37222339046184,365.3137227588698,367.45164698441596,8537.786915335539
1788933600,367.45164698441596,369.21729656490834,366.53158243680167,366.8611727485161,2348.429553360262
1788937200,366.8611727485161,369.89848426377654,365.9534912060413,369.18872427298584,12492.443166835883
1788940800,369.18872427298584,369.2140022991838,365.7046322113236,368.1432754610566,24463.74056311059
1788944400,368.1432754610566,369.1281742521515,363.4303218468269,365.17109111339977,21375.522165391154
1788948000,365.17109111339977,366.2423313282922,362.9478947538834,365.8615710147943,22995.03207949081
1788951600,365.8615710147943,366.5266696674349,361.78476309376373,364.0389373948553,30928.29009241186
1788955200,364.0389373948553,366.46414945998276,363.553672082867,365.90453446809545,7059.623260338714
1788958800,365.90453446809545,376.0770268305356,363.247587387096,370.4577959431027,380408.49163959164
1788962400,370.4577959431027,375.06294222641304,368.1402055204781,371.4962155738546,266252.37784263055
1788966000,371.4962155738546,373.0703578646755,366.0260223666461,370.6339011546008,85202.50651921245
1788969600,370.6339011546008,372.6904404540159,367.7697142208985,368.14203737372645,67221.53303979454
1788973200,368.14203737372645,370.67773124599506,366.68556767025467,370.67773124599506,24053.42040370307
1788976800,370.67773124599506,371.98125953886483,366.28576170222993,368.29926337914225,56252.862753936904
1788980400,368.29926337914225,371.355623979717,365.3689439388638,368.7774696202093,342119.1905266105
1788984000,368.7774696202093,370.8140957467061,365.3827716746607,368.39924746791644,207939.35609327405
1788987600,368.39924746791644,369.49520505031995,365.65289542474846,367.39121255204594,10884.483575804632
1788991200,367.39121255204594,368.4981968842298,364.2487580134011,367.59029322274176,75537.16293447849
1788994800,367.59029322274176,369.00104552247416,364.672547636995,367.60713038063835,44414.108910664305
1788998400,367.60713038063835,369.4866270257548,365.62228177008063,367.19682864684887,10859.043373553826
1789002000,367.19682864684887,367.9789970138902,363.4208830244099,365.88063947573147,37234.19177296778
1789005600,365.88063947573147,368.31909170937183,365.10741920711104,365.10741920711104,5299.650009936853
1789009200,365.10741920711104,368.3836583800847,364.6260642626802,366.94041860349057,4407.358760473356
1789012800,366.94041860349057,367.762237103554,364.05222459412545,365.5803546116186,1879.403917872092
1789016400,365.5803546116186,368.75265061005524,365.0254211190361,366.99664811056596,12030.77379359947
1789020000,366.99664811056596,368.1658880195327,364.6002085469529,366.46416137144524,9564.05878038082
1789023600,366.46416137144524,368.3150962214834,364.8322117641352,366.41594073162605,4957.676907618941
1789027200,366.41594073162605,367.86877163413914,364.8059005485516,366.4383881346619,10848.668471954414
1789030800,366.4383881346619,368.2119201901337,363.96855771397685,365.83436798187904,17686.727875338336
1789034400,365.83436798187904,367.57448312288585,364.55819408153286,367.57448312288585,11063.928072121686
1789038000,367.57448312288585,367.57448312288585,362.20923638311956,362.24739062490033,49093.25065506919
1789041600,362.24739062490033,364.6408252587259,359.9519007086367,360.11335549326816,22889.49476666673
