ts,open,high,low,close,volume
1725973200,219.96,220.5,216.0,220.09,0.0
1725975000,220.0,226.39999389648438,219.10000610351562,223.63999938964844,28728181.0
1725978600,223.61000061035156,224.36000061035156,221.3699951171875,223.74989318847656,10196863.0
1725982200,223.72999572753906,223.9799041748047,218.6376953125,219.0399932861328,9717439.0
1725985800,219.02999877929688,221.92999267578125,218.9199981689453,221.01400756835938,6931832.0
1725989400,221.0,223.1699981689453,220.9801025390625,222.9600067138672,5882772.0
1725993000,222.94000244140625,224.82000732421875,222.76409912109375,224.74000549316406,6412428.0
1725996600,224.66000366210938,226.3699951171875,224.25,226.1300048828125,6700484.0
1725998400,226.13,226.62,225.65,226.55,0.0
1726002000,226.55,235.008,210.5319,226.189,0.0
1726005600,226.14,226.2,225.87,226.0,0.0
1726009200,225.96,226.7,225.91,226.5,0.0
1726041600,224.68,225.02,223.4,225.01,0.0
1726045200,225.03,225.04,223.37,223.6,0.0
1726048800,223.69,224.5,223.6,223.71,0.0
1726052400,223.71,229.76,223.71,224.99,0.0
1726056000,224.96,226.17,223.3652,225.74,0.0
1726059600,225.75,226.36,223.8,224.49,0.0
1726061400,224.42999267578125,224.4499969482422,219.0,219.00999450683594,24339986.0
1726065000,219.0030059814453,220.47999572753906,216.80029296875,220.02000427246094,13646958.0
1726068600,220.00999450683594,223.13999938964844,219.8699951171875,222.42999267578125,10011195.0
1726072200,222.44000244140625,223.77000427246094,221.6699981689453,223.0299072265625,7143186.0
1726075800,223.17160034179688,225.5299072265625,222.82000732421875,225.3780975341797,7047758.0
1726079400,225.3699951171875,227.14999389648438,224.5601043701172,226.72000122070312,9993418.0
1726083000,226.7100067138672,228.41000366210938,226.20010375976562,228.08999633789062,7152150.0
1726084800,228.31,228.38,226.79,227.05,0.0
1726088400,227.02,231.9745,211.411,227.0,0.0
1726092000,226.9,227.12,226.8,226.995,0.0
1726095600,226.91,227.48,226.91,227.17,0.0
1726128000,227.56,227.94,226.0,226.92,0.0
1726131600,226.88,228.06,226.75,227.8,0.0
1726135200,227.78,227.99,227.05,227.15,0.0
1726138800,227.01,227.5,226.26,226.46,0.0
1726142400,226.44,228.5,226.06,226.95,0.0
1726146000,226.95,227.775,221.335,224.71,0.0
1726147800,224.6300048828125,231.4499969482422,223.8300018310547,229.39999389648438,26237834.0
1726151400,229.36000061035156,230.24630737304688,226.4199981689453,228.1300048828125,12014203.0
1726155000,228.13999938964844,228.97999572753906,226.6999969482422,228.93499755859375,6663903.0
1726158600,228.9499969482422,230.63999938964844,227.80999755859375,230.16000366210938,6003037.0
1726162200,230.19000244140625,230.77999877929688,228.41000366210938,229.5500030517578,7052479.0
1726165800,229.52000427246094,230.16990661621094,227.35000610351562,229.7899932861328,6288366.0
1726169400,229.7899932861328,230.23989868164062,228.82000732421875,229.8300018310547,4539182.0
1726171200,229.81,230.0,229.01,229.22,0.0
1726174800,229.34,237.363,214.0035,229.2988,0.0
1726178400,229.2,229.81,229.15,229.45,0.0
1726182000,229.4,229.9665,229.33,229.5,0.0
1726214400,230.64,230.64,228.88,229.27,0.0
1726218000,229.3,229.65,229.2,229.38,0.0
1726221600,229.39,229.88,229.36,229.5,0.0
1726225200,229.43,229.6,228.93,229.35,0.0
1726228800,229.37,229.9988,228.7135,229.225,0.0
1726232400,229.19,247.725,227.3,227.93,0.0
1726234200,227.9499969482422,232.66400146484375,226.5500030517578,227.75999450683594,20930898.0
1726237800,227.80999755859375,230.7299041748047,226.8300018310547,230.64500427246094,9437636.0
1726241400,230.63380432128906,230.95989990234375,227.82000732421875,228.5500030517578,6706123.0
1726245000,228.5500030517578,229.35000610351562,227.42999267578125,229.16119384765625,4804813.0
1726248600,229.14999389648438,230.20640563964844,228.45199584960938,229.03500366210938,5551878.0
1726252200,229.0467987060547,229.77000427246094,228.8000030517578,229.61500549316406,4184557.0
1726255800,229.61000061035156,230.38999938964844,229.58839416503906,230.27000427246094,4702045.0
1726257600,230.28,245.8456,230.01,230.03,0.0
1726261200,230.06,245.8456,218.314,229.91,0.0
1726264800,229.955,230.23,229.91,230.1,0.0
1726268400,230.103,230.16,229.95,230.09,0.0
1726473600,229.68,231.36,229.5,231.25,0.0
1726477200,231.28,231.87,230.89,231.71,0.0
1726480800,231.73,231.8,231.05,231.33,0.0
1726484400,231.23,231.38,229.57,230.0,0.0
1726488000,230.07,231.85,229.01,229.81,0.0
1726491600,229.8,230.29,228.7,229.27,0.0
1726493400,229.25,229.7899932861328,223.52999877929688,227.360107421875,17733737.0
1726497000,227.3699951171875,229.19000244140625,224.77999877929688,229.125,9074320.0
1726500600,229.13999938964844,229.9499969482422,227.44000244140625,228.1096954345703,7094727.0
1726504200,228.1199951171875,228.3300018310547,226.07000732421875,226.69000244140625,5460864.0
1726507800,226.69500732421875,227.6909942626953,226.3300018310547,227.55999755859375,4138800.0
1726511400,227.55999755859375,228.4499969482422,227.0,227.73500061035156,4765604.0
1726515000,227.68499755859375,227.92999267578125,226.63999938964844,226.74600219726562,3399798.0
1726516800,226.78,236.8426,219.001,226.38,0.0
1726520400,226.36,239.7933,214.0342,226.514,0.0
1726524000,226.55,226.65,226.4,226.515,0.0
1726527600,226.515,226.59,225.8,226.055,0.0
1726560000,227.61,233.4,227.0,227.6,0.0
1726563600,227.61,228.3,227.5,228.06,0.0
1726567200,228.08,228.28,227.61,227.97,0.0
1726570800,227.97,228.24,226.8,227.8,0.0
1726574400,227.76,229.3875,225.96,228.17,0.0
1726578000,228.18,229.69,225.21,229.5,0.0
1726579800,229.5,234.57000732421875,229.41000366210938,232.5800018310547,25871621.0
1726583400,232.56500244140625,233.1699981689453,230.83999633789062,231.97500610351562,8639712.0
1726587000,231.96200561523438,232.67999267578125,229.02000427246094,230.125,7277710.0
1726590600,230.10009765625,230.27999877929688,228.39999389648438,229.60000610351562,6241089.0
1726594200,229.59039306640625,230.0399932861328,227.14999389648438,227.78269958496094,5796328.0
1726597800,227.79820251464844,228.0800018310547,226.5532989501953,228.05999755859375,5467111.0
1726601400,228.0399932861328,228.42999267578125,227.52999877929688,227.88999938964844,3758499.0
1726603200,227.89,238.1177,214.6488,227.765,0.0
1726606800,227.765,238.1177,220.9882,227.7,0.0
1726610400,227.7,227.83,227.61,227.755,0.0
1726614000,227.7215,227.79,227.33,227.52,0.0
1726646400,235.75,235.75,227.72,227.85,0.0
1726650000,227.85,228.0,227.19,227.88,0.0
1726653600,227.88,228.8,227.8,228.28,0.0
1726657200,228.3,228.55,227.921,228.49,0.0
1726660800,228.5,235.75,227.15,228.675,0.0
1726664400,228.7,232.755,227.43,229.91,0.0
1726666200,230.08999633789062,231.74000549316406,227.14999389648438,229.33999633789062,17294703.0
1726669800,229.3419952392578,229.97000122070312,227.82000732421875,228.22999572753906,6642908.0
1726673400,228.22999572753906,229.05999755859375,226.8800048828125,228.89999389648438,6231170.0
1726677000,228.8802032470703,230.44000244140625,228.57000732421875,230.14010620117188,5622019.0
1726680600,230.16000366210938,234.49000549316406,229.5800018310547,233.3699951171875,13517844.0
1726684200,233.34230041503906,235.67999267578125,228.1999969482422,231.13499450683594,17851579.0
1726687800,231.2100067138672,231.81759643554688,227.0,227.1699981689453,7027035.0
1726689600,227.19,230.11,226.5,228.05,0.0
1726693200,228.1,231.8259,214.006,227.9,0.0
1726696800,227.9,228.87,227.85,228.61,0.0
1726700400,228.58,229.49,228.3,229.41,0.0
1726732800,232.57,233.55,231.15,232.8,0.0
1726736400,232.8,233.96,232.5,233.71,0.0
1726740000,233.72,233.99,233.68,233.91,0.0
1726743600,233.92,234.74,233.88,233.95,0.0
1726747200,233.95,234.71,227.2,233.75,0.0
1726750800,233.79,238.875,227.135,234.02,0.0
1726752600,233.99000549316406,239.6999969482422,232.13999938964844,239.47000122070312,30542461.0
1726756200,239.43499755859375,242.1699981689453,238.57000732421875,241.77000427246094,16809785.0
1726759800,241.7899932861328,243.66000366210938,241.72999572753906,242.5904998779297,14071583.0
1726763400,242.5800018310547,243.97000122070312,242.0800018310547,243.32009887695312,8538148.0
1726767000,243.26690673828125,244.24000549316406,242.8101043701172,243.9405059814453,8398381.0
1726770600,243.94000244140625,243.99000549316406,241.75,242.83999633789062,9308653.0
1726774200,242.84500122070312,244.0,242.22999572753906,243.85000610351562,7799629.0
1726776000,243.87,244.5,243.56,243.76,0.0
1726779600,243.77,256.1494,226.8008,243.28,0.0
1726783200,243.27,243.4797,243.11,243.32,0.0
1726786800,243.27,244.2,243.11,244.1215,0.0
1726819200,243.82,244.41,241.5,241.53,0.0
1726822800,241.53,242.84,241.51,242.51,0.0
1726826400,242.51,242.61,242.1,242.6,0.0
1726830000,242.59,242.73,242.11,242.2,0.0
1726833600,242.18,244.8,241.51,243.4501,0.0
1726837200,243.45,244.25,234.04,241.47,0.0
1726839000,241.52000427246094,243.99000549316406,238.24000549316406,239.72999572753906,29619455.0
1726842600,239.77999877929688,239.86000061035156,235.9199981689453,238.1300048828125,12228284.0
1726846200,238.13999938964844,240.74000549316406,237.88999938964844,238.94000244140625,13005500.0
1726849800,238.89999389648438,239.47000122070312,237.92999267578125,238.2100067138672,6152181.0
1726853400,238.19500732421875,239.36000061035156,237.5500030517578,237.79269409179688,5357697.0
1726857000,237.8000030517578,240.19000244140625,237.4600067138672,239.9199981689453,6719865.0
1726860600,239.8800048828125,240.639892578125,237.80999755859375,238.25999450683594,6503656.0
1726862400,238.25,239.2,238.1,239.04,0.0
1726866000,239.09,242.6287,237.6031,239.04,0.0
1726869600,238.96,239.15,238.6509,239.09,0.0
1726873200,239.09,239.55,239.0,239.26,0.0
1727078400,240.2,240.8,240.02,240.7,0.0
1727082000,240.73,240.9,240.12,240.68,0.0
1727085600,240.68,241.35,240.3,241.27,0.0
1727089200,241.22,241.99,240.77,241.44,0.0
1727092800,241.6,242.3,238.25,241.945,0.0
1727096400,241.949,244.675,238.145,242.52,0.0
1727098200,242.63999938964844,248.47999572753906,241.9199981689453,247.83999633789062,27832749.0
1727101800,247.83999633789062,249.41000366210938,247.05999755859375,248.22999572753906,14512551.0
1727105400,248.22500610351562,249.99000549316406,247.80999755859375,247.8699951171875,9771836.0
1727109000,247.889892578125,248.5800018310547,247.2100067138672,247.69500732421875,7656411.0
1727112600,247.64999389648438,249.39999389648438,247.44000244140625,249.3000030517578,6012349.0
1727116200,249.31500244140625,249.72000122070312,248.22000122070312,249.26170349121094,6167178.0
1727119800,249.25999450683594,250.0,248.8751983642578,250.0,6683879.0
1727121600,250.0,262.9344,248.8562,249.373,0.0
1727125200,249.37,265.665,239.7933,249.25,0.0
1727128800,249.261,249.56,249.21,249.4,0.0
1727132400,249.39,249.5,249.26,249.48,0.0
1727164800,252.2,254.94,251.29,254.2,0.0
1727168400,254.17,254.98,254.06,254.52,0.0
1727172000,254.58,254.82,253.55,253.63,0.0
1727175600,253.62,254.0,252.01,253.3,0.0
1727179200,253.3,254.9705,249.3987,254.45,0.0
1727182800,254.45,254.7,244.335,254.09,0.0
1727184600,254.14999389648438,257.19000244140625,250.50999450683594,250.67999267578125,36532474.0
1727188200,250.7050018310547,254.3094024658203,249.0500946044922,253.4600067138672,16710557.0
1727191800,253.49659729003906,253.56500244140625,251.4199981689453,252.27499389648438,8416260.0
1727195400,252.27499389648438,252.72999572753906,251.17010498046875,252.42999267578125,4728119.0
1727199000,252.44000244140625,253.13999938964844,251.9300994873047,252.35000610351562,4285282.0
1727202600,252.36500549316406,253.23350524902344,251.72000122070312,252.56500244140625,5247545.0
1727206200,252.58999633789062,254.53990173339844,252.4499969482422,254.3800048828125,5222841.0
1727208000,254.27,260.2749,254.19,254.55,0.0
1727211600,254.57,256.5463,253.8,253.95,0.0
1727215200,253.95,254.27,253.85,254.2017,0.0
1727218800,254.235,254.545,254.2,254.545,0.0
1727251200,253.27,253.27,251.1,251.52,0.0
1727254800,251.49,251.58,250.48,251.25,0.0
1727258400,251.2,252.42,251.2,252.0,0.0
1727262000,252.02,253.29,251.77,252.88,0.0
1727265600,252.82,254.27,250.4003,253.3,0.0
1727269200,253.3,302.87,243.28,252.59,0.0
1727271000,252.5399932861328,256.4198913574219,252.27999877929688,254.64230346679688,22972264.0
1727274600,254.68930053710938,256.29998779296875,254.00999450683594,254.02999877929688,9949335.0
1727278200,254.00999450683594,256.909912109375,253.91000366210938,255.5,8655725.0
1727281800,255.5019989013672,256.218994140625,254.4600067138672,256.110107421875,5891774.0
1727285400,256.135009765625,256.32000732421875,255.02999877929688,256.0539855957031,4411989.0
1727289000,256.0599060058594,256.5400085449219,255.63999938964844,256.2257080078125,4499070.0
1727292600,256.2200012207031,257.04998779296875,255.82000732421875,256.989990234375,4492211.0
1727294400,257.02,257.18,255.9517,256.45,0.0
1727298000,256.44,265.5815,246.8663,256.625,0.0
1727301600,256.55,256.7,256.4504,256.575,0.0
1727305200,256.57,256.87,255.7701,256.75,0.0
1727337600,256.75,260.76,256.75,260.23,0.0
1727341200,260.23,260.78,260.15,260.69,0.0
1727344800,260.72,261.44,260.65,260.9,0.0
1727348400,260.87,261.06,260.21,260.59,0.0
1727352000,260.59,261.44,257.02,260.83,0.0
1727355600,260.85,308.79,253.945,260.45,0.0
1727357400,260.67999267578125,261.75,256.1300048828125,256.19000244140625,23097654.0
1727361000,256.20001220703125,256.7200012207031,251.52999877929688,254.2899932861328,16475579.0
1727364600,254.2899932861328,255.88999938964844,253.4499969482422,254.60000610351562,6558513.0
1727368200,254.6678924560547,254.9893035888672,252.4199981689453,253.28500366210938,4879488.0
1727371800,253.27999877929688,254.75,253.17999267578125,254.30999755859375,4169574.0
1727375400,254.32000732421875,254.63999938964844,252.58999633789062,253.74270629882812,4483708.0
1727379000,253.72999572753906,254.33999633789062,253.19000244140625,254.1699981689453,3156281.0
1727380800,254.17,254.6,253.78,254.38,0.0
1727384400,254.3765,265.5954,237.363,254.3,0.0
1727388000,254.3,254.5,254.2,254.44,0.0
1727391600,254.44,254.5,253.9,253.99,0.0
1727424000,253.06,255.78,253.06,255.78,0.0
1727427600,255.73,256.65,255.5,255.89,0.0
1727431200,255.81,256.28,255.5,255.93,0.0
1727434800,255.93,256.0,255.53,255.91,0.0
1727438400,255.95,256.75,253.0,256.2001,0.0
1727442000,256.3,308.17,252.505,257.39,0.0
1727443800,257.375,259.3799133300781,254.1199951171875,254.89010620117188,19839721.0
1727447400,254.69000244140625,257.139892578125,254.27999877929688,256.7799072265625,8755681.0
1727451000,256.74560546875,259.8699951171875,256.3973083496094,258.989990234375,11030257.0
1727454600,258.96539306640625,259.7200012207031,257.8500061035156,258.7900085449219,6601464.0
1727458200,258.7699890136719,260.3299865722656,258.1499938964844,258.7298889160156,6919569.0
1727461800,258.7099914550781,260.69989013671875,258.20001220703125,260.639892578125,6582622.0
1727465400,260.6199951171875,260.69000244140625,259.81500244140625,260.4649963378906,5404942.0
1727467200,260.46,262.0621,244.1347,260.4,0.0
1727470800,260.445,260.49,244.1347,260.475,0.0
1727474400,260.475,260.845,260.45,260.72,0.0
1727478000,260.7492,261.2,260.57,261.14,0.0
1727683200,262.0,262.44,261.0,261.5,0.0
1727686800,261.55,261.75,260.5,261.2,0.0
1727690400,261.17,261.65,261.05,261.2,0.0
1727694000,261.24,261.24,259.05,259.86,0.0
1727697600,259.85,262.406,258.2,259.1,0.0
1727701200,259.15,260.46,258.04,259.01,0.0
1727703000,259.0,264.8599853515625,258.1000061035156,259.6300048828125,25611591.0
1727706600,259.6300048828125,260.2900085449219,256.80999755859375,259.489990234375,15520045.0
1727710200,259.70001220703125,261.4800109863281,258.2300109863281,260.71820068359375,7941888.0
1727713800,260.6513977050781,260.8999938964844,258.45001220703125,258.5199890136719,5519846.0
1727717400,258.4877014160156,260.29998779296875,255.77000427246094,256.8699035644531,7360994.0
1727721000,256.82000732421875,259.2300109863281,256.1000061035156,258.7200012207031,7236084.0
1727724600,258.6600036621094,261.8699951171875,258.25518798828125,261.6050109863281,6621084.0
1727726400,261.63,262.18,256.855,261.05,0.0
1727730000,261.05,271.0794,246.8503,261.07,0.0
1727733600,261.24,261.3,261.0,261.2255,0.0
1727737200,261.185,262.85,261.0,261.99,0.0
1727769600,262.24,262.8,261.83,262.01,0.0
1727773200,262.01,262.4,260.54,261.55,0.0
1727776800,261.62,262.3,261.38,262.3,0.0
1727780400,262.22,263.3,262.0,262.99,0.0
1727784000,263.0,263.33,260.7988,262.84,0.0
1727787600,262.845,263.5,261.75,262.63,0.0
1727789400,262.7149963378906,263.9800109863281,250.11000061035156,250.1300048828125,25533756.0
1727793000,250.1699981689453,253.56410217285156,248.52999877929688,252.24000549316406,16978550.0
1727796600,252.24000549316406,255.139892578125,251.8007049560547,255.0500030517578,8572712.0
1727800200,255.02999877929688,255.8365020751953,252.20010375976562,253.0800018310547,8220133.0
1727803800,253.05999755859375,259.0491027832031,253.0283966064453,258.6700134277344,11075585.0
1727807400,258.625,259.1499938964844,257.739990234375,258.0871887207031,7420032.0
1727811000,258.07000732421875,258.1300048828125,256.6300048828125,258.010009765625,5730920.0
1727812800,258.003,274.7727,254.1552,257.171,0.0
1727816400,257.22,258.02,254.1552,256.9517,0.0
1727820000,257.07,258.02,256.1,256.21,0.0
1727823600,256.2,256.69,255.9,256.32,0.0
1727856000,257.09,257.2,255.13,255.3,0.0
1727859600,255.36,256.5,255.3,255.98,0.0
1727863200,256.1,256.45,254.56,255.37,0.0
1727866800,255.38,257.67,255.3,257.48,0.0
1727870400,257.5,257.75,254.6,256.97,0.0
1727874000,257.0,260.0,245.8,247.6,0.0
1727875800,247.52999877929688,250.77000427246094,241.5,243.1699981689453,38780956.0
1727879400,243.18600463867188,248.8800048828125,242.66000366210938,248.72999572753906,14268476.0
1727883000,248.7790985107422,251.1584930419922,248.5131072998047,249.3406982421875,11706297.0
1727886600,249.375,249.37989807128906,247.14999389648438,248.5800018310547,7627881.0
1727890200,248.5500030517578,249.7198944091797,247.3101043701172,249.091796875,6499943.0
1727893800,249.1199951171875,250.02999877929688,248.631103515625,249.96009826660156,6095623.0
1727897400,249.97000122070312,250.07899475097656,247.89999389648438,248.98219299316406,5282195.0
1727899200,249.02,263.25,248.2,248.7199,0.0
1727902800,248.68,255.9035,231.8259,248.14,0.0
1727906400,248.13,248.31,247.7,247.925,0.0
1727910000,247.9,248.49,247.8056,248.2019,0.0
1727942400,238.88,246.47,238.88,244.46,0.0
1727946000,244.5,245.81,244.39,244.85,0.0
1727949600,244.87,245.23,244.69,244.87,0.0
1727953200,244.83,246.46,244.8,246.18,0.0
1727956800,246.17,249.02,238.88,245.34,0.0
1727960400,245.32,249.02,244.2,244.5,0.0
1727962200,245.6999969482422,249.7899932861328,244.43600463867188,245.94000244140625,21382081.0
1727965800,245.95989990234375,246.5399932861328,242.77999877929688,243.6291961669922,13135874.0
1727969400,243.61000061035156,244.74989318847656,242.9199981689453,243.00050354003906,5960441.0
1727973000,243.0500030517578,243.1652069091797,238.91000366210938,240.24989318847656,13960846.0
1727976600,240.17630004882812,240.7899932861328,238.41000366210938,238.6999053955078,8476158.0
1727980200,238.66000366210938,239.94000244140625,237.8300018310547,238.92239379882812,7536081.0
1727983800,238.8699951171875,241.16000366210938,238.8300018310547,240.6999969482422,5814880.0
1727985600,240.65,249.285,239.6,239.825,0.0
1727989200,239.85,254.6053,226.8008,239.8,0.0
1727992800,239.75,240.92,239.6,240.74,0.0
1727996400,240.74,241.17,240.66,241.16,0.0
1728028800,242.69,244.15,242.31,244.05,0.0
1728032400,244.04,244.18,243.25,243.56,0.0
1728036000,243.51,244.15,243.34,243.49,0.0
1728039600,243.61,243.96,242.61,243.13,0.0
1728043200,243.14,244.175,240.66,242.6,0.0
1728046800,242.64,246.76,240.66,246.7,0.0
1728048600,246.6999969482422,249.75,244.5800018310547,247.2100067138672,27428791.0
1728052200,247.19000244140625,250.9600067138672,246.6199951171875,247.75,16976679.0
1728055800,247.74000549316406,247.74009704589844,244.6300048828125,247.30999755859375,13744876.0
1728059400,247.3300018310547,249.23989868164062,247.0500030517578,248.64999389648438,6664747.0
1728063000,248.64999389648438,249.8300018310547,248.023193359375,249.17999267578125,6514835.0
1728066600,249.14999389648438,249.9600067138672,248.30999755859375,249.89999389648438,5356741.0
1728070200,249.91000366210938,250.2799072265625,249.6199951171875,249.97999572753906,5204598.0
1728072000,250.08,363.327,164.2744,297.5184,0.0
1728075600,250.01,363.327,178.7026,249.98,0.0
1728079200,250.0,250.1,249.95,250.05,0.0
1728082800,250.0899,250.34,242.86,250.1,0.0
1728288000,250.9,252.1,250.39,251.39,0.0
1728291600,251.32,251.61,248.37,248.46,0.0
1728295200,248.5,249.84,248.5,248.93,0.0
1728298800,248.93,249.94,248.92,249.2,0.0
1728302400,249.31,252.74,248.46,250.86,0.0
1728306000,250.91,251.49,248.75,249.0,0.0
1728307800,248.80999755859375,249.08999633789062,244.86000061035156,246.5399932861328,19605808.0
1728311400,246.5229034423828,246.63999938964844,242.52000427246094,244.21499633789062,13689540.0
1728315000,244.18780517578125,245.5500030517578,243.91000366210938,244.88999938964844,5670203.0
1728318600,244.89999389648438,245.3800048828125,243.9199981689453,243.9499969482422,4273085.0
1728322200,243.86500549316406,244.3699951171875,243.14999389648438,243.72120666503906,4769743.0
1728325800,243.7100067138672,243.7169952392578,240.97500610351562,241.74000549316406,8212124.0
1728329400,241.77999877929688,241.9499053955078,240.72000122070312,240.83999633789062,5332823.0
1728331200,240.84,254.22,239.815,241.43,0.0
1728334800,240.83,253.487,230.8066,241.655,0.0
1728338400,241.655,241.7,240.95,241.02,0.0
1728342000,241.05,241.73,241.01,241.6214,0.0
1728374400,241.5,242.66,240.5,241.06,0.0
1728378000,241.14,242.18,240.8,241.76,0.0
1728381600,241.76,242.47,241.7,242.42,0.0
1728385200,242.34,243.36,241.57,243.02,0.0
1728388800,243.04,243.99,240.1,242.99,0.0
1728392400,242.97,248.85,241.6,243.63,0.0
1728394200,243.76499938964844,246.2100067138672,240.57000732421875,244.1566925048828,19201124.0
1728397800,244.16000366210938,245.4600067138672,242.6999969482422,243.88999938964844,8835004.0
1728401400,243.86599731445312,245.64999389648438,243.6999969482422,245.1699981689453,6695488.0
1728405000,245.16000366210938,245.75,244.16000366210938,244.31300354003906,5474689.0
1728408600,244.31500244140625,245.34410095214844,244.14999389648438,244.39019775390625,3377468.0
1728412200,244.3939971923828,245.49000549316406,244.07009887695312,244.4499969482422,4512834.0
1728415800,244.4320068359375,245.42999267578125,244.2899932861328,244.5500030517578,3517557.0
1728417600,244.5,244.75,243.8,244.115,0.0
1728421200,244.18,244.5,243.89,244.035,0.0
1728424800,244.035,260.2749,232.1995,243.875,0.0
1728428400,243.895,244.12,243.3402,243.8553,0.0
1728460800,243.87,244.64,242.8,243.01,0.0
1728464400,243.08,243.5,242.43,242.77,0.0
1728468000,242.78,243.58,242.78,243.28,0.0
1728471600,243.32,244.9,243.32,244.3,0.0
1728475200,244.3,255.3789,242.43,244.26,0.0
1728478800,244.3,244.5,243.11,243.8,0.0
1728480600,244.19830322265625,246.77830505371094,239.50999450683594,246.2100067138672,22030750.0
1728484200,246.25999450683594,247.42999267578125,244.08999633789062,244.27239990234375,11634940.0
1728487800,244.30419921875,245.05979919433594,242.8000030517578,244.6533966064453,7096345.0
1728491400,244.6501007080078,245.44000244140625,244.2899932861328,244.31039428710938,5334639.0
1728495000,244.3000030517578,244.52999877929688,242.5500946044922,243.46200561523438,5846460.0
1728498600,243.45440673828125,243.4799041748047,241.13009643554688,241.47999572753906,7464040.0
1728502200,241.5500030517578,242.22000122070312,241.0,241.02999877929688,4324251.0
1728504000,241.05,245.6,240.55,241.27,0.0
1728507600,241.21,241.55,231.9745,241.39,0.0
1728511200,241.28,241.59,241.16,241.4498,0.0
1728514800,241.45,245.43,241.4,241.56,0.0
1728547200,242.51,242.88,241.89,242.79,0.0
1728550800,242.79,243.8,242.62,243.77,0.0
1728554400,243.69,244.27,243.67,243.75,0.0
1728558000,243.79,244.0,243.07,243.93,0.0
1728561600,243.9,244.2857,241.05,243.46,0.0
1728565200,243.445,265.73,239.89,242.01,0.0
1728567000,241.80999755859375,242.3300018310547,232.33999633789062,238.41810607910156,31783416.0
1728570600,238.41990661621094,239.86990356445312,236.8000030517578,238.91250610351562,12130769.0
1728574200,238.8699951171875,242.16000366210938,238.1999969482422,241.08880615234375,10157536.0
1728577800,241.11300659179688,242.78990173339844,240.3300018310547,241.8000030517578,7407800.0
1728581400,241.79490661621094,242.3800048828125,240.10000610351562,241.23500061035156,6348454.0
1728585000,241.18150329589844,242.42999267578125,240.89999389648438,240.92999267578125,5534164.0
1728588600,240.93499755859375,241.0500030517578,238.25,238.74000549316406,6562096.0
1728590400,238.78,239.96,238.51,239.35,0.0
1728594000,239.35,250.6108,232.1955,239.2599,0.0
1728597600,239.23,239.5,239.225,239.33,0.0
1728601200,239.3399,239.88,239.3,239.68,0.0
1728633600,230.8,230.8,222.22,225.44,0.0
1728637200,225.48,226.8,224.34,225.6,0.0
1728640800,225.6,226.0,224.45,224.78,0.0
1728644400,224.77,224.94,222.04,223.87,0.0
1728648000,223.81,238.77,222.05,224.24,0.0
1728651600,224.2,238.77,219.2,220.03,0.0
1728653400,219.3874969482422,221.5800018310547,214.39999389648438,220.5157012939453,63796985.0
1728657000,220.52999877929688,223.33999633789062,219.02000427246094,219.57000732421875,20995799.0
1728660600,219.5800018310547,220.94000244140625,218.5,220.55999755859375,12426407.0
1728664200,220.55999755859375,220.58999633789062,219.57000732421875,220.00469970703125,8141065.0
1728667800,220.00999450683594,220.35000610351562,218.44009399414062,219.29989624023438,8272650.0
1728671400,219.3000030517578,219.5699005126953,218.5500030517578,218.97689819335938,7703340.0
1728675000,218.9600067138672,218.97000122070312,217.2519073486328,217.69009399414062,11839411.0
1728676800,217.8,217.87,217.23,217.535,0.0
1728680400,217.535,225.2121,212.5816,218.2,0.0
1728684000,218.21,218.21,217.87,218.01,0.0
1728687600,218.035,218.18,217.9,217.985,0.0
1728892800,220.35,222.0,219.91,221.88,0.0
1728896400,221.88,221.92,221.1,221.8,0.0
1728900000,221.8,222.0,220.91,221.34,0.0
1728903600,221.37,221.4,219.85,220.08,0.0
1728907200,220.07,221.994,219.26,220.32,0.0
1728910800,220.34,263.25,215.5,220.15,0.0
1728912600,220.15499877929688,221.91000366210938,213.74000549316406,216.82009887695312,38071963.0
1728916200,216.83999633789062,220.0,216.6699981689453,218.5399932861328,17023336.0
1728919800,218.51559448242188,219.89999389648438,218.25100708007812,219.5050048828125,6938041.0
1728923400,219.52000427246094,220.37989807128906,219.2010040283203,219.2899932861328,5967933.0
1728927000,219.27999877929688,220.0,219.02999877929688,219.7899932861328,4388865.0
1728930600,219.78500366210938,219.83999633789062,218.360107421875,218.96499633789062,5457972.0
1728934200,218.9600067138672,219.60989379882812,218.72000122070312,219.1501007080078,4912280.0
1728936000,219.16,221.8489,218.88,218.99,0.0
1728939600,219.01,221.8489,208.2878,218.91,0.0
1728943200,218.91,219.2,218.9,219.01,0.0
1728946800,219.01,219.06,218.83,218.93,0.0
1728979200,218.57,218.88,217.47,217.47,0.0
1728982800,217.47,217.9,216.01,217.64,0.0
1728986400,217.78,218.46,217.61,218.01,0.0
1728990000,218.02,218.85,218.02,218.8,0.0
1728993600,218.79,220.35,216.056,219.4,0.0
1728997200,219.3,225.565,216.38,220.04,0.0
1728999000,220.0,224.25999450683594,219.33509826660156,219.92869567871094,26328427.0
1729002600,219.9149932861328,220.25990295410156,217.1199951171875,219.98800659179688,12225213.0
1729006200,219.9499969482422,221.27000427246094,219.16000366210938,220.55999755859375,6164379.0
1729009800,220.5399932861328,221.03990173339844,219.6699981689453,219.8260040283203,3869126.0
1729013400,219.80999755859375,220.5399932861328,219.6300048828125,220.17010498046875,3355625.0
1729017000,220.1649932861328,220.58999633789062,218.9499969482422,219.39999389648438,3726799.0
1729020600,219.44000244140625,219.6699981689453,218.75999450683594,219.6699981689453,3473042.0
1729022400,219.57,231.9483,206.5296,219.25,0.0
1729026000,219.19,219.29,198.88,219.0,0.0
1729029600,219.0,219.2,218.84,219.145,0.0
1729033200,219.145,219.39,219.0,219.0,0.0
1729065600,219.12,220.69,219.12,220.14,0.0
1729069200,220.19,220.73,219.94,220.42,0.0
1729072800,220.45,221.29,220.45,220.77,0.0
1729076400,220.71,220.99,220.05,220.71,0.0
1729080000,220.68,221.29,219.022,221.03,0.0
1729083600,221.04,240.66,217.225,221.45,0.0
1729085400,221.39999389648438,222.8199005126953,218.92999267578125,221.1649932861328,20003609.0
1729089000,221.1750030517578,221.3498992919922,219.64999389648438,219.88290405273438,7110851.0
1729092600,219.8820037841797,220.99000549316406,219.00999450683594,220.86990356445312,5687800.0
1729096200,220.89649963378906,221.41000366210938,220.22000122070312,221.0,3892389.0
1729099800,221.00100708007812,221.97000122070312,220.5800018310547,221.71499633789062,3565405.0
1729103400,221.6999969482422,222.22000122070312,221.11000061035156,221.47000122070312,4163025.0
1729107000,221.46389770507812,221.77999877929688,221.13999938964844,221.36000061035156,2810027.0
1729108800,221.33,221.45,220.94,221.04,0.0
1729112400,220.98,325.3302,176.9491,220.93,0.0
1729116000,220.91,221.3,220.9,221.08,0.0
1729119600,221.045,221.15,220.94,220.965,0.0
1729152000,221.89,222.1,221.0,221.7,0.0
1729155600,221.64,222.5,221.63,222.3,0.0
1729159200,222.42,223.6,222.17,223.25,0.0
1729162800,223.2,223.25,221.01,221.68,0.0
1729166400,221.68,223.5097,220.8,221.65,0.0
1729170000,221.7,222.49,219.28,221.43,0.0
1729171800,221.38999938964844,221.5800018310547,217.89999389648438,219.4243927001953,18122050.0
1729175400,219.66099548339844,220.4550018310547,218.89999389648438,219.52000427246094,6497607.0
1729179000,219.5399932861328,220.22000122070312,219.4199981689453,219.72000122070312,3849880.0
1729182600,219.7344970703125,221.12989807128906,219.05999755859375,221.08070373535156,4690009.0
1729186200,221.0511932373047,222.0800018310547,220.02000427246094,220.27000427246094,7359822.0
1729189800,220.2519989013672,220.6699981689453,219.8800048828125,220.0500030517578,3092418.0
1729193400,220.07000732421875,221.05999755859375,219.66000366210938,220.88999938964844,3380388.0
1729195200,220.89,221.43,220.7,220.86,0.0
1729198800,220.86,226.8008,206.2982,220.96,0.0
1729202400,220.96,221.1,220.86,221.02,0.0
1729206000,221.04,221.35,221.005,221.24,0.0
1729238400,221.29,221.66,221.0,221.55,0.0
1729242000,221.53,221.77,221.27,221.63,0.0
1729245600,221.73,221.75,218.65,219.56,0.0
1729249200,219.59,220.11,219.3,219.62,0.0
1729252800,219.58,223.9988,218.61,219.8,0.0
1729256400,219.82,221.5,218.315,220.59,0.0
1729258200,220.72000122070312,221.94960021972656,219.22999572753906,220.24000549316406,17090920.0
1729261800,220.2200927734375,222.27999877929688,220.07000732421875,221.88400268554688,11168016.0
1729265400,221.88999938964844,222.0,220.63999938964844,221.4149932861328,4171515.0
1729269000,221.39999389648438,221.5800018310547,220.85000610351562,220.94500732421875,3759616.0
1729272600,220.94979858398438,221.61000061035156,220.83999633789062,221.35000610351562,2549461.0
1729276200,221.3699951171875,222.17999267578125,221.16070556640625,221.49000549316406,4764149.0
1729279800,221.49000549316406,221.49000549316406,220.44000244140625,220.71499633789062,3639006.0
1729281600,220.72,220.74,220.05,220.17,0.0
1729285200,220.16,220.36,219.2801,220.31,0.0
1729288800,220.31,220.43,220.2,220.25,0.0
1729292400,220.2012,220.3,220.14,220.15,0.0
1729497600,220.0,220.0,219.0,219.14,0.0
1729501200,219.12,219.51,219.0,219.04,0.0
1729504800,219.01,219.2,218.75,219.07,0.0
1729508400,219.07,219.17,217.58,217.75,0.0
1729512000,217.71,220.7,217.55,218.27,0.0
1729515600,218.27,230.585,217.25,218.95,0.0
1729517400,218.89999389648438,220.47999572753906,215.7259979248047,219.4031982421875,19608678.0
1729521000,219.41000366210938,220.0399932861328,217.52999877929688,217.77999877929688,7787934.0
1729524600,217.74000549316406,219.0,217.71670532226562,218.55999755859375,4468187.0
1729528200,218.5749969482422,218.72999572753906,217.85000610351562,218.2100067138672,2753522.0
1729531800,218.2100067138672,218.33999633789062,216.94000244140625,217.5399932861328,3804199.0
1729535400,217.50999450683594,218.11680603027344,217.5,217.86000061035156,3359088.0
1729539000,217.84010314941406,218.9600067138672,217.51010131835938,218.89999389648438,3389574.0
1729540800,218.85,219.35,218.3639,218.62,0.0
1729544400,218.7,218.85,218.5,218.61,0.0
1729548000,218.62,218.7,218.51,218.52,0.0
1729551600,218.57,218.64,218.42,218.5,0.0
1729584000,218.16,218.43,217.55,217.56,0.0
1729587600,217.56,217.73,216.94,216.94,0.0
1729591200,216.93,217.3,216.67,217.09,0.0
1729594800,217.11,217.59,216.9,217.57,0.0
1729598400,217.54,218.4596,216.6707,217.3,0.0
1729602000,217.28,220.06,215.935,217.05,0.0
1729603800,217.0635986328125,217.85000610351562,215.83999633789062,216.68389892578125,13147497.0
1729607400,216.68499755859375,217.44000244140625,215.5500030517578,216.27999877929688,8018988.0
1729611000,216.3000030517578,216.42999267578125,215.25999450683594,215.57530212402344,4974738.0
1729614600,215.57000732421875,216.83999633789062,215.5,216.6999969482422,3976804.0
1729618200,216.6840057373047,218.1396026611328,216.39439392089844,217.73199462890625,4668562.0
1729621800,217.73500061035156,217.8800048828125,217.0,217.85499572753906,3186237.0
1729625400,217.85000610351562,218.1999969482422,217.52000427246094,217.91000366210938,2966370.0
1729627200,217.97,232.1995,213.3132,217.77,0.0
1729630800,217.8,217.97,217.36,217.435,0.0
1729634400,217.44,217.53,217.27,217.42,0.0
1729638000,217.4,217.58,217.38,217.49,0.0
1729670400,217.45,217.6,216.82,216.95,0.0
1729674000,216.95,216.95,216.33,216.63,0.0
1729677600,216.6,216.95,216.5,216.6,0.0
1729681200,216.6,216.98,216.42,216.85,0.0
1729684800,216.88,217.97,216.34,217.1,0.0
1729688400,217.05,240.87,216.82,217.1,0.0
1729690200,217.0749969482422,218.72000122070312,215.38999938964844,216.32000732421875,14735216.0
1729693800,216.2801055908203,216.6699981689453,214.6999969482422,214.77200317382812,7468268.0
1729697400,214.77000427246094,215.939697265625,214.77000427246094,214.80999755859375,4551521.0
1729701000,214.8000030517578,214.875,212.89999389648438,213.3800048828125,5983476.0
1729704600,213.3800048828125,213.77000427246094,212.11000061035156,213.60000610351562,7191665.0
1729708200,213.5863037109375,213.9600067138672,213.05999755859375,213.66990661621094,5146534.0
1729711800,213.67999267578125,214.74000549316406,213.52000427246094,213.55999755859375,5445301.0
1729713600,213.65,234.89,212.8,232.4,0.0
1729717200,232.38,320.6749,175.5014,238.7,0.0
1729720800,238.7,239.75,213.65,238.68,0.0
1729724400,238.66,239.58,238.61,239.5,0.0
1729756800,239.46,240.02,237.0,237.12,0.0
1729760400,237.19,237.79,235.38,236.51,0.0
1729764000,236.5,238.4,236.21,238.28,0.0
1729767600,238.31,242.56,237.77,242.2,0.0
1729771200,242.21,244.24,213.65,244.025,0.0
1729774800,244.03,245.2,213.65,244.69,0.0
1729776600,244.60000610351562,251.10000610351562,242.64999389648438,248.94000244140625,73391487.0
1729780200,248.94129943847656,254.28509521484375,248.86000061035156,254.1136932373047,25262449.0
1729783800,254.11000061035156,255.13999938964844,252.27999877929688,254.95989990234375,21752617.0
1729787400,254.9597930908203,257.989990234375,254.60009765625,256.8999938964844,18485256.0
1729791000,256.9100036621094,258.69000244140625,256.40008544921875,257.8500061035156,15696847.0
1729794600,257.82501220703125,260.3399963378906,257.5199890136719,259.9200134277344,17273735.0
1729798200,259.9200134277344,262.1199035644531,259.6000061035156,260.5400085449219,18507161.0
1729800000,260.54,260.58,258.21,258.69,0.0
1729803600,258.71,316.2869,164.0375,257.3206,0.0
1729807200,257.34,260.48,257.31,257.84,0.0
1729810800,257.84,257.87,257.26,257.35,0.0
1729843200,256.13,256.7,253.25,254.45,0.0
1729846800,254.48,256.74,253.63,256.21,0.0
1729850400,256.22,257.15,255.72,256.42,0.0
1729854000,256.49,256.57,254.83,255.02,0.0
1729857600,255.05,301.295,219.115,256.75,0.0
1729861200,256.7998,260.48,255.51,256.0,0.0
1729863000,257.7300109863281,269.44000244140625,255.32000732421875,267.4700012207031,58550919.0
1729866600,267.44110107421875,267.6300048828125,260.8500061035156,266.75799560546875,29439267.0
1729870200,266.7900085449219,267.989990234375,265.2099914550781,267.4800109863281,16074164.0
1729873800,267.5150146484375,269.1400146484375,266.25,267.1700134277344,13280607.0
1729877400,267.1700134277344,268.05999755859375,264.55999755859375,266.7650146484375,13619679.0
1729881000,266.7619934082031,267.7099914550781,265.29998779296875,267.55999755859375,12657059.0
1729884600,267.510009765625,269.489990234375,267.2799987792969,269.110107421875,11250439.0
1729886400,269.15,269.38,268.4,268.69,0.0
1729890000,268.6999,269.19,267.88,268.0301,0.0
1729893600,268.06,268.36,267.9,268.2,0.0
1729897200,268.2,268.3,266.76,267.08,0.0
1730102400,269.0,270.9,268.1,270.28,0.0
1730106000,270.32,270.34,269.2,270.0,0.0
1730109600,269.99,270.65,269.78,269.81,0.0
1730113200,269.81,271.59,269.38,270.97,0.0
1730116800,270.93,276.15,268.518,270.8,0.0
1730120400,270.77,285.86,238.77,269.98,0.0
1730122200,269.25,272.7799987792969,266.010009765625,271.989990234375,36117081.0
1730125800,271.989990234375,273.5360107421875,270.80999755859375,272.0,13501485.0
1730129400,272.05499267578125,272.25,269.25,270.25,10460370.0
1730133000,270.2499084472656,270.25,267.7200012207031,269.239990234375,10416846.0
1730136600,269.2900085449219,269.75,267.04998779296875,267.3399963378906,6205171.0
1730140200,267.3500061035156,267.4200134277344,263.5299987792969,264.4200134277344,13866012.0
1730143800,264.44000244140625,264.79998779296875,262.239990234375,262.6600036621094,7921676.0
1730145600,262.51,306.9222,204.9693,261.41,0.0
1730149200,261.37,306.9222,202.5388,260.95,0.0
1730152800,260.96,261.13,260.75,261.0483,0.0
1730156400,261.025,261.08,260.02,260.105,0.0
1730188800,261.86,262.02,261.04,261.91,0.0
1730192400,261.91,261.96,260.77,261.25,0.0
1730196000,261.25,262.59,261.2,262.55,0.0
1730199600,262.55,263.49,261.91,262.61,0.0
1730203200,262.61,263.4977,260.7704,262.65,0.0
1730206800,262.6148,310.115,262.5,264.56,0.0
1730208600,263.3399963378906,264.33599853515625,258.75,261.04998779296875,24343613.0
1730212200,261.08990478515625,262.9599914550781,257.42999267578125,259.8800048828125,14412690.0
1730215800,259.8699951171875,259.989990234375,256.8299865722656,257.3200988769531,10103830.0
1730219400,257.3688049316406,258.8999938964844,255.50999450683594,258.59149169921875,10834259.0
1730223000,258.6000061035156,259.5899963378906,257.70001220703125,259.1005859375,6432525.0
1730226600,259.09698486328125,259.739990234375,258.6300964355469,259.24029541015625,5177228.0
1730230200,259.2300109863281,259.8500061035156,258.0400085449219,259.3999938964844,4711000.0
1730232000,259.52,274.7727,249.054,258.4,0.0
1730235600,258.37,259.52,254.1552,258.7,0.0
1730239200,258.7,259.38,258.6,259.34,0.0
1730242800,259.34,259.82,259.1,259.78,0.0
1730275200,259.81,262.0,259.6,261.44,0.0
1730278800,261.59,261.62,260.15,260.97,0.0
1730282400,260.98,261.07,260.25,260.37,0.0
1730286000,260.36,260.69,259.29,259.3,0.0
1730289600,259.29,261.99,258.25,258.45,0.0
1730293200,258.3,312.02,238.77,257.985,0.0
1730295000,258.0350036621094,262.4599914550781,255.82009887695312,262.4100036621094,16915416.0
1730298600,262.3800048828125,263.3500061035156,260.760009765625,262.8599853515625,9871247.0
1730302200,262.8800048828125,263.30999755859375,260.3900146484375,261.0400085449219,6236988.0
1730305800,261.05999755859375,262.94989013671875,260.5633850097656,262.3399963378906,4185410.0
1730309400,262.385009765625,262.8627014160156,260.82501220703125,261.6700134277344,3888840.0
1730313000,261.6400146484375,262.6654052734375,259.0,259.5784912109375,4795475.0
1730316600,259.55999755859375,259.69000244140625,257.3900146484375,257.6499938964844,4722454.0
1730318400,257.55,325.3302,176.9491,257.2,0.0
1730322000,257.2,257.3,192.2709,256.07,0.0
1730325600,256.19,256.8,256.0,256.07,0.0
1730329200,256.04,256.46,256.01,256.13,0.0
1730361600,255.68,256.6,255.06,255.85,0.0
1730365200,255.85,256.14,255.6,255.8,0.0
1730368800,255.8,256.45,255.72,256.35,0.0
1730372400,256.35,259.36,256.34,258.27,0.0
1730376000,258.299,259.56,255.01,258.38,0.0
1730379600,258.37,261.675,256.88,258.1,0.0
1730381400,258.0199890136719,259.75,252.64999389648438,254.5500030517578,19660364.0
1730385000,254.5500030517578,255.3800048828125,250.67999267578125,251.7899932861328,10176323.0
1730388600,251.77000427246094,253.29989624023438,251.0,252.85000610351562,6413528.0
1730392200,252.89999389648438,253.64999389648438,251.860107421875,252.635498046875,6132173.0
1730395800,252.58999633789062,252.81410217285156,249.6999969482422,250.27969360351562,6132932.0
1730399400,250.27000427246094,251.2198944091797,249.27999877929688,250.3101043701172,6172656.0
1730403000,250.32000732421875,251.5800018310547,249.4040069580078,249.7799072265625,4350029.0
1730404800,249.72,250.85,248.89,249.5514,0.0
1730408400,249.64,254.6053,237.363,249.95,0.0
1730412000,249.96,250.67,249.945,250.565,0.0
1730415600,250.66,250.9,250.2,250.88,0.0
1730448000,250.61,251.31,249.88,251.03,0.0
1730451600,251.04,251.98,250.88,251.89,0.0
1730455200,251.85,251.85,251.16,251.45,0.0
1730458800,251.45,251.78,251.22,251.45,0.0
1730462400,251.48,252.15,249.85,252.05,0.0
1730466000,252.0,283.77,249.73,251.88,0.0
1730467800,252.04299926757812,254.0,249.66000366210938,252.14669799804688,15793046.0
1730471400,252.1898956298828,253.4499969482422,250.63999938964844,252.6199951171875,7004714.0
1730475000,252.6320037841797,252.99000549316406,248.6999969482422,249.25,8280631.0
1730478600,248.25999450683594,249.2845001220703,246.6300048828125,248.54550170898438,8309136.0
1730482200,248.51010131835938,248.716796875,246.81179809570312,248.22500610351562,5199834.0
1730485800,248.1800994873047,249.5500030517578,247.4499969482422,249.16000366210938,4532592.0
1730489400,249.11500549316406,249.35989379882812,248.13999938964844,248.85000610351562,4040472.0
1730491200,248.98,249.27,242.6287,249.27,0.0
1730494800,249.17,249.35,248.98,249.16,0.0
1730498400,249.2,249.4,248.98,249.34,0.0
1730502000,249.34,249.37,249.05,249.37,0.0
1730710800,247.99,248.46,245.57,245.68,0.0
1730714400,245.69,246.06,244.83,245.16,0.0
1730718000,245.18,245.28,242.85,243.2,0.0
1730721600,243.17,244.46,243.16,243.89,0.0
1730725200,243.86,249.36,242.87,244.65,0.0
1730728800,244.65,275.42,243.6,244.52,0.0
1730730600,244.55999755859375,246.9199981689453,238.8800048828125,246.27000427246094,24784421.0
1730734200,246.27000427246094,248.89999389648438,245.64010620117188,246.02000427246094,10813724.0
1730737800,246.00689697265625,246.25999450683594,243.41000366210938,244.58799743652344,9869888.0
1730741400,244.67999267578125,245.60000610351562,244.1999969482422,244.80990600585938,5064151.0
1730745000,244.80059814453125,245.2899932861328,243.5435028076172,243.72500610351562,4686767.0
1730748600,243.67999267578125,244.8300018310547,242.77000427246094,243.38999938964844,4669791.0
1730752200,243.35000610351562,243.39340209960938,241.89999389648438,242.83009338378906,4533775.0
1730754000,242.84,243.88,229.18,242.94,0.0
1730757600,242.8,248.8562,230.8066,243.05,0.0
1730761200,243.09,243.55,242.93,243.45,0.0
1730797200,245.79,250.06,245.28,248.38,0.0
1730800800,248.4,249.25,247.45,248.42,0.0
1730804400,248.42,248.5,246.91,248.38,0.0
1730808000,248.38,248.5,246.55,247.14,0.0
1730811600,247.18,250.0324,242.233,247.52,0.0
1730815200,247.5,247.89,239.9,247.21,0.0
1730817000,247.39999389648438,253.49989318847656,246.36000061035156,251.1230010986328,23729856.0
1730820600,251.1793975830078,252.27740478515625,250.36000061035156,251.9499969482422,8036269.0
1730824200,251.9499969482422,254.7100067138672,251.85000610351562,254.5240020751953,8140681.0
1730827800,254.50999450683594,254.92999267578125,253.86000061035156,254.14999389648438,4492670.0
1730831400,254.19000244140625,255.2799072265625,253.44009399414062,254.39999389648438,5454246.0
1730835000,254.39999389648438,254.57960510253906,251.3699951171875,252.1999969482422,7124220.0
1730838600,252.17999267578125,253.17999267578125,250.8300018310547,251.5,4887071.0
1730840400,251.44,260.2749,234.6132,251.3,0.0
1730844000,251.3,253.08,235.008,253.0499,0.0
1730847600,253.0,270.32,252.8,253.88,0.0
1730883600,269.11,284.98,269.11,284.4,0.0
1730887200,284.43,289.96,283.01,288.4,0.0
1730890800,288.38,289.55,286.32,286.6,0.0
1730894400,286.58,287.0,278.51,282.14,0.0
1730898000,282.12,289.9557,251.44,283.3,0.0
1730901600,283.2201,303.82,251.44,284.74,0.0
1730903400,283.06500244140625,289.5899963378906,275.6199951171875,281.2179870605469,77672528.0
1730907000,281.32501220703125,285.44000244140625,279.8399963378906,284.5768127441406,19108884.0
1730910600,284.54998779296875,287.5,283.239990234375,287.4049987792969,14173521.0
1730914200,287.4100036621094,289.25,286.3299865722656,289.2300109863281,11722317.0
1730917800,289.2099914550781,289.3299865722656,284.7572021484375,287.83551025390625,12697249.0
1730921400,287.8299865722656,289.4200134277344,286.8699951171875,288.6549987792969,10707228.0
1730925000,288.65130615234375,289.418701171875,287.7200012207031,288.4700012207031,8385264.0
1730926800,288.53,288.74,286.0,287.72,0.0
1730930400,287.84,355.5058,164.2744,286.55,0.0
1730934000,286.575,287.8,286.15,286.91,0.0
1730970000,285.39,287.81,285.32,287.32,0.0
1730973600,287.31,287.65,286.0,286.17,0.0
1730977200,286.08,286.46,284.72,286.3,0.0
1730980800,286.31,288.429,286.03,287.93,0.0
1730984400,287.93,288.53,284.0,288.075,0.0
1730988000,288.1,289.4,286.62,288.8001,0.0
1730989800,288.5799865722656,297.0723876953125,285.5199890136719,296.8500061035156,37395667.0
1730993400,296.8258056640625,298.3500061035156,296.010009765625,297.6449890136719,17769457.0
1730997000,297.5400085449219,299.739990234375,297.1499938964844,298.5950012207031,13977388.0
1731000600,298.57501220703125,299.0,295.29998779296875,296.8799133300781,10132483.0
1731004200,296.80999755859375,298.989990234375,295.4700012207031,297.5971984863281,9903320.0
1731007800,297.6131896972656,299.6600036621094,296.2799987792969,297.5716857910156,12994813.0
1731011400,297.5899963378906,299.0,296.67999267578125,296.75,7662936.0
1731013200,296.91,307.355,277.125,295.4984,0.0
1731016800,295.5,316.2869,295.1575,296.55,0.0
1731020400,296.625,297.4,296.3,297.35,0.0
1731056400,298.95,299.95,298.42,299.79,0.0
1731060000,299.78,299.79,298.68,298.69,0.0
1731063600,298.7,298.7,294.22,295.5,0.0
1731067200,295.42,296.27,295.09,295.96,0.0
1731070800,295.96,299.944,294.16,297.9,0.0
1731074400,297.89,323.695,279.54,299.17,0.0
1731076200,299.1600036621094,314.9800109863281,297.6600036621094,314.5400085449219,51742915.0
1731079800,314.55999755859375,319.44000244140625,311.6000061035156,317.7300109863281,40138473.0
1731083400,317.760009765625,318.989990234375,314.92010498046875,317.29998779296875,17232778.0
1731087000,317.281005859375,321.8399963378906,316.6199951171875,321.1000061035156,17376207.0
1731090600,321.0400085449219,328.70001220703125,320.8800048828125,326.7099914550781,28924244.0
1731094200,326.65740966796875,326.7204895019531,316.70001220703125,319.0487060546875,27340838.0
1731097800,319.05999755859375,322.70001220703125,317.79010009765625,321.260009765625,12738949.0
1731099600,321.3,323.25,254.27,322.39,0.0
1731103200,322.38,332.4404,179.4321,320.9994,0.0
1731106800,321.0,324.0,320.85,323.8498,0.0
1731315600,330.8,338.66,330.47,338.2,0.0
1731319200,338.14,346.99,336.55,343.45,0.0
1731322800,343.35,345.66,342.41,344.0,0.0
1731326400,344.09,346.44,341.21,342.96,0.0
1731330000,342.96,346.9485,330.5912,341.695,0.0
1731333600,341.695,347.0,284.12,346.41,0.0
1731335400,343.010009765625,350.7099914550781,336.510009765625,344.9258117675781,70028742.0
1731339000,344.8299865722656,357.5,343.28009033203125,356.7936096191406,31536222.0
1731342600,356.7308044433594,358.6400146484375,342.7500915527344,344.3800048828125,30198680.0
1731346200,344.34210205078125,346.9800109863281,336.0,340.6400146484375,21029605.0
1731349800,340.6099853515625,349.9100036621094,340.43011474609375,345.42999267578125,19152030.0
1731353400,345.3599853515625,348.010009765625,342.1499938964844,346.7648010253906,14550598.0
1731357000,346.7449951171875,350.760009765625,345.82000732421875,350.6231994628906,12455699.0
1731358800,350.52,354.24,349.1,353.02,0.0
1731362400,353.03,355.5991,191.8769,354.05,0.0
1731366000,354.05,355.69,353.45,355.28,0.0
1731402000,355.5,361.53,355.5,359.45,0.0
1731405600,359.39,360.0,328.13,336.71,0.0
1731409200,336.71,342.5,330.5,341.0,0.0
1731412800,341.0,348.5,340.8,346.54,0.0
1731416400,346.64,362.0,328.7317,342.23,0.0
1731420000,342.22,355.76,279.365,342.4301,0.0
1731421800,339.2500915527344,345.8399963378906,335.29998779296875,339.6007080078125,49876702.0
1731425400,339.70001220703125,345.54998779296875,339.1099853515625,340.4032897949219,15855845.0
1731429000,340.3832092285156,340.6492919921875,330.42999267578125,332.7200012207031,17943986.0
1731432600,332.7900085449219,334.75,323.30999755859375,325.07000732421875,20777906.0
1731436200,325.07000732421875,332.75,325.0303955078125,331.69500732421875,17358829.0
1731439800,331.6549987792969,334.17999267578125,327.5,328.3399963378906,13354846.0
1731443400,328.3999938964844,329.67999267578125,326.1099853515625,328.2300109863281,10202923.0
1731445200,328.24,486.4907,220.9882,329.5,0.0
1731448800,329.625,329.75,326.18,327.05,0.0
1731452400,327.27,328.49,323.57,323.9,0.0
1731488400,331.4,339.28,330.11,337.9,0.0
1731492000,337.83,339.38,336.45,336.81,0.0
1731495600,336.87,338.04,336.3,337.25,0.0
1731499200,337.22,337.44,333.91,334.81,0.0
1731502800,334.84,339.3469,326.0,335.345,0.0
1731506400,335.39,357.76,325.275,335.9,0.0
1731508200,337.1659851074219,344.59991455078125,327.3999938964844,331.0150146484375,47601829.0
1731511800,331.04998779296875,331.79998779296875,322.5,328.9020080566406,22922032.0
1731515400,328.6549987792969,333.75,326.5799865722656,331.760009765625,13159569.0
1731519000,331.75,331.8099060058594,327.79998779296875,330.2799987792969,9385410.0
1731522600,330.2699890136719,330.7298889160156,326.95001220703125,327.0953063964844,8084491.0
1731526200,327.0907897949219,329.010009765625,324.2099914550781,329.0,10129458.0
1731529800,329.0,332.25,328.2500915527344,330.19000244140625,8949404.0
1731531600,330.27,331.58,325.3302,330.875,0.0
1731535200,330.82,331.2,328.012,330.855,0.0
1731538800,330.8888,331.25,329.69,330.84,0.0
1731574800,331.01,333.65,327.05,329.04,0.0
1731578400,328.98,329.81,328.14,329.34,0.0
1731582000,329.32,330.95,328.51,330.95,0.0
1731585600,330.94,330.94,328.45,329.05,0.0
1731589200,329.05,342.74,327.1326,327.94,0.0
1731592800,327.95,355.03,321.965,327.5255,0.0
1731594600,327.6650085449219,329.9800109863281,316.2799987792969,319.42498779296875,33559892.0
1731598200,319.4200134277344,321.1899108886719,316.9400939941406,320.2605895996094,13944281.0
1731601800,320.3500061035156,323.3999938964844,317.20001220703125,318.9059143066406,12560870.0
1731605400,318.75,319.3699951171875,314.260009765625,314.58990478515625,15031308.0
1731609000,314.5199890136719,315.84368896484375,310.3699951171875,313.02740478515625,14898607.0
1731612600,312.95001220703125,316.2699890136719,311.5600891113281,316.0497131347656,11948782.0
1731616200,316.07000732421875,316.25,310.3879089355469,311.17999267578125,10015968.0
1731618000,311.17,316.2223,308.05,308.6,0.0
1731621600,308.55,323.0426,198.6915,307.225,0.0
1731625200,307.2,307.69,306.4,307.07,0.0
1731661200,305.04,306.59,302.7,306.28,0.0
1731664800,306.3,310.99,305.27,310.98,0.0
1731668400,310.98,313.74,309.41,313.08,0.0
1731672000,313.05,313.62,310.23,311.8,0.0
1731675600,311.87,313.7685,302.6771,312.2,0.0
1731679200,312.25,314.51,310.07,310.07,0.0
1731681000,310.18011474609375,320.6600036621094,309.2200012207031,314.2898864746094,39399744.0
1731684600,314.1300048828125,322.6000061035156,314.080810546875,322.3299865722656,17961911.0
1731688200,322.3699951171875,324.6799011230469,317.7799987792969,318.6449890136719,17095462.0
1731691800,318.6449890136719,320.8810119628906,316.739990234375,319.85009765625,10935571.0
1731695400,319.860107421875,320.0,316.489990234375,318.377197265625,7901058.0
1731699000,318.4049987792969,321.6000061035156,317.95001220703125,319.9302978515625,8956828.0
1731702600,320.0,322.07000732421875,318.6199951171875,320.8299865722656,6760851.0
1731704400,320.79,342.016,298.9608,320.8,0.0
1731708000,320.73,320.8,269.19,320.25,0.0
1731711600,320.225,320.7,320.2,320.4,0.0
1731920400,336.89,349.5,335.5,347.79,0.0
1731924000,347.63,348.0,343.51,347.11,0.0
1731927600,347.01,347.74,345.51,346.5,0.0
1731931200,346.47,346.75,340.341,342.27,0.0
1731934800,342.23,349.4762,320.72,339.62,0.0
1731938400,339.76,341.96,338.4,340.73,0.0
1731940200,340.7200012207031,347.34100341796875,335.0299987792969,346.7049865722656,45067823.0
1731943800,346.6700134277344,348.5498962402344,340.7099914550781,340.8599853515625,16405429.0
1731947400,340.9150085449219,344.59991455078125,340.3900146484375,344.0600891113281,12282477.0
1731951000,344.10369873046875,344.3988037109375,337.79010009765625,338.9200134277344,11160004.0
1731954600,338.9200134277344,339.4599914550781,330.4700012207031,330.6400146484375,14066728.0
1731958200,330.70989990234375,336.20001220703125,330.010009765625,336.11749267578125,11239755.0
1731961800,336.04998779296875,339.5,335.25,338.8699951171875,8047540.0
1731963600,338.87,350.025,317.015,339.715,0.0
1731967200,339.69,339.84,337.25,339.5,0.0
1731970800,339.47,339.5,338.08,338.8,0.0
1732006800,338.8,341.23,332.06,332.06,0.0
1732010400,332.02,335.35,331.9,334.08,0.0
1732014000,334.02,335.0,333.7,334.2,0.0
1732017600,334.03,339.07,333.66,338.66,0.0
1732021200,338.74,341.038,331.88,336.76,0.0
1732024800,336.835,346.475,320.555,335.85,0.0
1732026600,335.42999267578125,344.3999938964844,332.75,344.364990234375,27783154.0
1732030200,344.33349609375,347.3799133300781,341.7601013183594,344.8099060058594,17909631.0
1732033800,344.69000244140625,346.7598876953125,342.75,343.8736877441406,10289532.0
1732037400,343.8500061035156,346.3800048828125,343.25,346.2200012207031,6746734.0
1732041000,346.2134094238281,346.3599853515625,342.3999938964844,342.67010498046875,7750983.0
1732044600,342.7195129394531,345.3299865722656,341.0101013183594,344.45001220703125,9256726.0
1732048200,344.4549865722656,346.3699951171875,344.1000061035156,346.0,5225947.0
1732050000,345.98,346.32,342.1869,345.285,0.0
1732053600,345.28,345.31,343.85,344.99,0.0
1732057200,344.91,346.0,344.22,344.5999,0.0
1732093200,345.29,345.29,342.87,344.66,0.0
1732096800,344.65,344.7,343.18,344.23,0.0
1732100400,344.14,345.0,343.83,344.77,0.0
1732104000,344.73,346.84,344.36,346.25,0.0
1732107600,346.32,346.87,342.5596,345.08,0.0
1732111200,345.09,352.99,333.575,345.02,0.0
1732113000,345.0799865722656,346.59991455078125,335.8999938964844,337.1499938964844,22032580.0
1732116600,337.1099853515625,340.510009765625,334.29998779296875,335.1700134277344,10218814.0
1732120200,335.19989013671875,338.94989013671875,334.53009033203125,338.05999755859375,7153706.0
1732123800,338.05499267578125,341.1300048828125,337.1300048828125,340.989990234375,6241489.0
1732127400,340.9700012207031,341.2933044433594,337.4200134277344,338.4750061035156,5562958.0
1732131000,338.44000244140625,341.3800048828125,338.17999267578125,341.3399963378906,4442967.0
1732134600,341.3399963378906,342.70001220703125,339.8999938964844,341.94000244140625,5215486.0
1732136400,341.94,342.35,339.12,342.23,0.0
1732140000,342.29,364.0674,323.7206,341.82,0.0
1732143600,341.575,342.58,341.25,342.55,0.0
1732179600,340.76,340.77,337.25,337.43,0.0
1732183200,337.37,339.9,337.28,339.57,0.0
1732186800,339.72,340.9,339.05,340.9,0.0
1732190400,340.9,342.18,340.27,342.0,0.0
1732194000,342.05,342.7,337.305,341.79,0.0
1732197600,341.89,344.44,341.65,343.8147,0.0
1732199400,343.99969482421875,347.9898986816406,336.7799987792969,337.19000244140625,22500104.0
1732203000,337.2099914550781,342.33990478515625,335.2799987792969,341.6852111816406,10127900.0
1732206600,341.69000244140625,344.3399963378906,338.82000732421875,343.7200012207031,6708555.0
1732210200,343.739990234375,344.6000061035156,342.3700866699219,343.4202880859375,5045252.0
1732213800,343.3500061035156,343.79998779296875,339.8500061035156,341.5801086425781,4327782.0
1732217400,341.6099853515625,342.1000061035156,340.04998779296875,340.56878662109375,3782542.0
1732221000,340.6499938964844,340.6700134277344,338.1000061035156,339.54998779296875,3726938.0
1732222800,339.64,353.9,336.41,339.88,0.0
1732226400,340.0,340.39,323.0426,340.24,0.0
1732230000,340.18,340.22,339.64,340.13,0.0
1732266000,340.47,340.72,337.51,338.2,0.0
1732269600,338.12,340.0,337.53,339.38,0.0
1732273200,339.43,340.14,339.1,339.66,0.0
1732276800,339.6,341.66,339.18,341.6,0.0
1732280400,341.67,341.96,337.6233,341.285,0.0
1732284000,341.37,354.36,339.02,341.1,0.0
1732285800,341.0849914550781,344.9800109863281,337.70001220703125,343.3951110839844,21004015.0
1732289400,343.489990234375,356.639892578125,343.056396484375,354.260498046875,26299071.0
1732293000,354.26190185546875,355.45989990234375,351.4200134277344,354.0,10263993.0
1732296600,354.0,355.75,351.4200134277344,351.4244079589844,8115961.0
1732300200,351.45001220703125,354.5,350.7300109863281,353.8999938964844,7002834.0
1732303800,353.8999938964844,354.75,351.3699951171875,351.989990234375,5882421.0
1732307400,351.93499755859375,353.7799987792969,351.5,352.6000061035156,5566854.0
1732309200,352.56,352.79,235.8159,352.53,0.0
1732312800,352.51,421.8847,191.2316,353.29,0.0
1732316400,353.18,353.72,353.05,353.44,0.0
1732525200,356.6,360.25,356.6,358.89,0.0
1732528800,358.96,360.56,358.6,360.5,0.0
1732532400,360.5,361.85,360.37,360.79,0.0
1732536000,360.76,360.95,359.04,359.88,0.0
1732539600,359.84,361.8405,352.56,359.68,0.0
1732543200,359.7,362.79,339.815,360.32,0.0
1732545000,360.5249938964844,361.9200134277344,347.65008544921875,349.57989501953125,32041892.0
1732548600,349.29998779296875,354.6600036621094,347.75,353.7099914550781,10810060.0
1732552200,353.8800048828125,354.7453918457031,346.8244934082031,347.2699890136719,9132389.0
1732555800,347.20001220703125,351.3599853515625,345.6199951171875,350.0111083984375,7742336.0
1732559400,350.04998779296875,350.9700012207031,346.15008544921875,347.5,4605935.0
1732563000,347.45989990234375,347.7699890136719,344.56201171875,346.6700134277344,5474543.0
1732566600,346.6000061035156,347.44989013671875,338.20001220703125,338.44000244140625,9453909.0
1732568400,338.45,348.2447,335.05,338.19,0.0
1732572000,338.2,355.5991,337.4,337.7999,0.0
1732575600,337.71,355.5991,337.0,337.375,0.0
1732611600,338.0,340.89,335.14,340.42,0.0
1732615200,340.49,342.3,340.06,341.18,0.0
1732618800,341.11,341.52,339.32,339.38,0.0
1732622400,339.32,340.77,338.09,339.29,0.0
1732626000,339.29,342.295,335.17,339.18,0.0
1732629600,339.2,341.0,338.55,341.0,0.0
1732631400,341.44500732421875,346.3900146484375,338.4700012207031,346.20989990234375,21704507.0
1732635000,346.0700988769531,346.9599914550781,341.2200012207031,342.3599853515625,8469165.0
1732638600,342.3599853515625,344.6499938964844,341.3500061035156,344.54998779296875,5524512.0
1732642200,344.510009765625,345.3900146484375,342.1099853515625,342.9100036621094,4722946.0
1732645800,343.01361083984375,343.3999938964844,336.85009765625,338.3399963378906,7149271.0
1732649400,338.3800048828125,339.7099914550781,337.1000061035156,338.0692138671875,5208815.0
1732653000,338.010009765625,338.6000061035156,335.6600036621094,338.25,4540067.0
1732654800,338.23,360.42,338.08,339.18,0.0
1732658400,339.21,352.3686,338.23,338.9,0.0
1732662000,338.9,339.2,338.23,338.9,0.0
1732698000,340.11,341.0,338.81,339.36,0.0
1732701600,339.46,340.22,338.85,340.0,0.0
1732705200,340.0,340.17,339.3,339.36,0.0
1732708800,339.35,340.39,339.29,340.19,0.0
1732712400,340.19,340.9785,338.7867,340.3,0.0
1732716000,340.2501,342.6,340.2,341.99,0.0
1732717800,340.9375,341.489990234375,329.17999267578125,329.9100036621094,18443164.0
1732721400,329.8999938964844,332.2298889160156,326.5899963378906,331.4104919433594,14584184.0
1732725000,331.3800048828125,333.36810302734375,329.3800048828125,331.30999755859375,6468621.0
1732728600,331.3158874511719,333.1700134277344,330.30010986328125,331.7012023925781,4168409.0
1732732200,331.67999267578125,334.3800048828125,331.3699951171875,333.17999267578125,4343757.0
1732735800,333.1499938964844,334.0400085449219,332.3399963378906,333.2296142578125,3782426.0
1732739400,333.20001220703125,333.5,332.0799865722656,332.7900085449219,2908255.0
1732741200,332.81,342.445,332.08,332.74,0.0
1732744800,332.725,333.01,214.006,332.78,0.0
1732748400,332.85,333.0,332.47,332.65,0.0
1732870800,336.39,338.01,336.39,337.62,0.0
1732874400,337.5,337.7,336.78,337.24,0.0
1732878000,337.11,337.59,336.75,337.57,0.0
1732881600,337.57,337.95,336.24,336.65,0.0
1732885200,336.61,338.0133,332.89,335.98,0.0
1732888800,335.88,351.435,332.89,335.79,0.0
1732890600,336.2300109863281,342.17999267578125,334.65008544921875,340.82989501953125,14317807.0
1732894200,340.82989501953125,341.33990478515625,337.7200012207031,339.1564025878906,6914568.0
1732897800,339.17999267578125,341.2699890136719,338.60009765625,339.75,5332859.0
1732903200,339.7699890136719,346.239990234375,339.54010009765625,345.2550048828125,0.0
1732906800,345.255,345.29,344.9,345.1,0.0
1732910400,345.11,345.16,340.0465,345.0,0.0
1732914000,345.0,345.5,344.95,345.4,0.0
1733130000,349.17,351.76,348.9,351.28,0.0
1733133600,351.32,351.5,350.51,351.2,0.0
1733137200,351.2,351.2,349.4,350.2,0.0
1733140800,350.19,351.99,348.61,351.9,0.0
1733144400,351.9,353.16,348.06,352.195,0.0
1733148000,352.23,352.79,351.35,352.49,0.0
1733149800,352.5150146484375,358.7799987792969,352.0600891113281,356.5697021484375,25381960.0
1733153400,356.6199951171875,357.3800048828125,351.15008544921875,352.2799987792969,10986629.0
1733157000,352.3800048828125,357.1199951171875,352.2200927734375,356.0400085449219,7586284.0
1733160600,356.07000732421875,359.44000244140625,355.79998779296875,356.0398864746094,9059211.0
1733164200,355.99688720703125,357.4800109863281,355.3500061035156,355.9200134277344,5187242.0
1733167800,355.9200134277344,359.29998779296875,355.8399963378906,359.14990234375,5377244.0
1733171400,359.17999267578125,360.0,356.20001220703125,357.0896911621094,6477717.0
1733173200,357.115,361.74,335.725,349.63,0.0
1733176800,349.93,352.97,349.25,352.94,0.0
1733180400,352.93,353.7,352.01,352.805,0.0
1733216400,352.9,353.02,350.46,352.73,0.0
1733220000,352.65,352.97,352.0,352.15,0.0
1733223600,352.15,352.75,351.8,351.88,0.0
1733227200,351.94,354.63,351.8,354.1,0.0
1733230800,354.08,357.09,350.7047,353.65,0.0
1733234400,353.575,358.235,349.56,351.8,0.0
1733236200,351.57501220703125,355.67999267578125,349.5,350.5199890136719,18361997.0
1733239800,350.4800109863281,352.6700134277344,348.20001220703125,352.1405944824219,10022860.0
1733243400,352.0793151855469,352.3799133300781,349.0299987792969,349.44000244140625,5737949.0
1733247000,349.44000244140625,351.1300048828125,348.7699890136719,349.07000732421875,5518399.0
1733250600,349.07000732421875,350.29998779296875,348.3999938964844,349.3411865234375,4027301.0
1733254200,349.3695068359375,350.25,348.5780029296875,349.1099853515625,4405700.0
1733257800,349.05999755859375,351.6099853515625,348.2200012207031,351.3800048828125,4678868.0
1733259600,351.42,352.83,351.14,351.92,0.0
1733263200,351.9,351.9688,351.42,351.85,0.0
1733266800,351.78,351.98,351.51,351.735,0.0
1733302800,353.73,355.16,353.54,354.65,0.0
1733306400,354.62,354.99,354.24,354.37,0.0
1733310000,354.32,354.71,353.73,353.85,0.0
1733313600,353.76,354.11,353.25,353.8,0.0
1733317200,353.79,355.1762,351.42,353.78,0.0
1733320800,353.78,354.5,352.85,353.05,0.0
1733322600,353.0400085449219,353.4200134277344,348.6000061035156,351.44000244140625,13835859.0
1733326200,351.4158020019531,354.82000732421875,350.86029052734375,352.5400085449219,8681717.0
1733329800,352.5415954589844,353.0,350.5700988769531,351.18499755859375,4831033.0
1733333400,351.1600036621094,352.4100036621094,350.7300109863281,352.19000244140625,3056693.0
1733337000,352.1099853515625,353.95001220703125,351.2106018066406,353.8399963378906,4001867.0
1733340600,353.8410949707031,355.37640380859375,352.8500061035156,354.6600036621094,4755775.0
1733344200,354.62420654296875,358.1000061035156,354.2601013183594,357.92999267578125,5587388.0
1733346000,357.92,360.035,349.685,356.5,0.0
1733349600,356.55,364.0674,356.01,357.02,0.0
1733353200,356.996,357.3,356.68,356.97,0.0
1733389200,356.73,357.03,355.17,356.72,0.0
1733392800,356.7,358.39,356.25,358.16,0.0
1733396400,358.08,358.96,357.85,358.31,0.0
1733400000,358.31,359.8,357.73,359.69,0.0
1733403600,359.65,360.69,355.23,359.85,0.0
1733407200,359.8,360.38,348.925,360.02,0.0
1733409000,359.8699951171875,374.3599853515625,359.51019287109375,373.8699951171875,31697068.0
1733412600,373.9100036621094,375.4100036621094,368.0199890136719,371.125,13248693.0
1733416200,371.1499938964844,371.82000732421875,368.16009521484375,371.0,6596355.0
1733419800,371.0299987792969,373.3399963378906,368.17999267578125,369.2699890136719,7188302.0
1733423400,369.17999267578125,371.8800048828125,366.510009765625,371.44500732421875,7380172.0
1733427000,371.4100036621094,372.70001220703125,369.6000061035156,369.6499938964844,6330246.0
1733430600,369.6578063964844,371.7099914550781,369.0,369.489990234375,4461613.0
1733432400,369.49,369.49,368.25,369.09,0.0
1733436000,369.03,374.5036,368.71,368.995,0.0
1733439600,368.995,369.49,368.3,368.78,0.0
1733475600,371.52,372.96,371.22,371.88,0.0
1733479200,372.24,372.24,371.01,371.82,0.0
1733482800,371.82,372.5,371.78,372.19,0.0
1733486400,372.18,374.68,371.83,374.6,0.0
1733490000,374.58,378.74,369.49,377.434,0.0
1733493600,377.37,378.86,358.4,377.5,0.0
1733495400,377.2699890136719,377.5199890136719,370.79998779296875,373.9621887207031,23231521.0
1733499000,373.9621887207031,376.3299865722656,373.3500061035156,376.2200012207031,8567674.0
1733502600,376.29998779296875,376.6400146484375,373.2200012207031,374.5,5983337.0
1733506200,374.5198974609375,376.6400146484375,373.0700988769531,376.1099853515625,5209473.0
1733509800,376.13330078125,377.3900146484375,375.60009765625,376.49920654296875,5608867.0
1733513400,376.4682922363281,383.2900085449219,376.1499938964844,382.8999938964844,11405018.0
1733517000,382.8599853515625,389.489990234375,382.739990234375,389.3800048828125,13133052.0
1733518800,389.4,391.96,388.85,389.97,0.0
1733522400,390.0,426.3172,212.5816,391.8,0.0
1733526000,391.77,391.88,391.04,391.655,0.0
1733734800,397.98,398.89,395.5,397.88,0.0
1733738400,397.81,398.3,396.04,396.5,0.0
1733742000,396.48,396.74,391.59,395.29,0.0
1733745600,395.29,398.76,393.37,398.72,0.0
1733749200,398.8,402.6,389.22,398.87,0.0
1733752800,398.8699,399.2396,395.9,397.99,0.0
1733754600,397.2500915527344,404.79998779296875,387.5600891113281,388.19000244140625,36402843.0
1733758200,388.2200012207031,389.2300109863281,378.010009765625,383.07000732421875,19942362.0
1733761800,382.95001220703125,384.9700012207031,380.79998779296875,381.6700134277344,8249013.0
1733765400,381.7449951171875,387.0400085449219,380.7500915527344,386.6499938964844,6082359.0
1733769000,386.6444091796875,387.85321044921875,384.7900085449219,385.7398986816406,6458672.0
1733772600,385.6700134277344,386.84991455078125,382.5,382.9360046386719,6161068.0
1733776200,382.9700012207031,390.0,382.60009765625,389.8576965332031,7105069.0
1733778000,389.88,531.9959,213.8091,391.27,0.0
1733781600,391.27,409.9255,213.8091,391.26,0.0
1733785200,391.305,392.85,389.79,392.71,0.0
1733821200,391.24,394.35,391.24,391.96,0.0
1733824800,392.1,392.47,391.36,392.39,0.0
1733828400,392.34,393.14,391.71,393.08,0.0
1733832000,393.15,394.2,392.69,393.83,0.0
1733835600,393.76,394.2,352.5012,392.63,0.0
1733839200,392.625,393.46,390.59,392.73,0.0
1733841000,392.5,407.8179931640625,390.8500061035156,403.70001220703125,31986429.0
1733844600,403.70001220703125,407.32000732421875,398.0199890136719,403.3399963378906,13234722.0
1733848200,403.3299865722656,406.6221008300781,400.5,405.6026916503906,9767002.0
1733851800,405.5849914550781,409.19000244140625,405.0,408.0,10869131.0
1733855400,408.010009765625,409.72491455078125,406.1400146484375,409.19659423828125,7233379.0
1733859000,409.20001220703125,409.29998779296875,399.5400085449219,403.7500915527344,12038060.0
1733862600,403.88861083984375,403.9800109863281,400.40008544921875,400.8800964355469,6449924.0
1733864400,400.98,404.85,379.8,404.5,0.0
1733868000,404.45,404.75,400.99,403.75,0.0
1733871600,403.7988,404.0,400.99,403.78,0.0
1733907600,404.25,407.12,403.25,406.3,0.0
1733911200,406.21,406.6,405.21,405.8,0.0
1733914800,405.7,406.21,405.0,406.02,0.0
1733918400,405.97,407.96,405.4,406.74,0.0
1733922000,406.8,408.81,400.99,407.8,0.0
1733925600,407.67,411.95,390.75,409.7,0.0
1733927400,409.79998779296875,412.5299987792969,402.3800048828125,409.95001220703125,27166795.0
1733931000,409.9010009765625,413.9800109863281,408.6600036621094,412.6600036621094,14257537.0
1733934600,412.5899963378906,415.0,410.8500061035156,413.43499755859375,10219649.0
1733938200,413.3999938964844,417.8500061035156,412.41009521484375,417.3594055175781,10949668.0
1733941800,417.3517150878906,419.909912109375,415.1000061035156,419.8100891113281,9637165.0
1733945400,419.8471984863281,420.69000244140625,418.3760070800781,419.92010498046875,12189683.0
1733949000,419.9200134277344,424.8800048828125,419.70001220703125,424.7950134277344,10471218.0
1733950800,424.86,426.98,423.81,424.95,0.0
1733954400,425.1974,426.8,424.4,426.365,0.0
1733958000,426.42,429.49,426.09,429.3,0.0
1733994000,427.0,429.5,426.37,427.23,0.0
1733997600,427.37,428.5,425.58,427.0,0.0
1734001200,426.83,427.05,422.95,425.28,0.0
1734004800,425.28,428.15,423.72,427.5,0.0
1734008400,427.45,429.4,422.9834,427.07,0.0
1734012000,427.1233,427.49,403.245,424.84,0.0
1734013800,424.8399963378906,426.9200134277344,416.7900085449219,425.3500061035156,32023065.0
1734017400,425.3500061035156,429.2699890136719,423.20001220703125,424.0299987792969,14358417.0
1734021000,424.1499938964844,425.3800048828125,418.29998779296875,420.6099853515625,9349583.0
1734024600,420.57501220703125,423.8500061035156,420.2500915527344,423.364990234375,5220578.0
1734028200,423.30999755859375,423.75,416.5950012207031,417.9100036621094,7396682.0
1734031800,417.87548828125,420.5398864746094,415.0,415.5450134277344,8239143.0
1734035400,415.5201110839844,421.0,415.5201110839844,417.6899108886719,6517800.0
1734037200,417.68,418.22,415.35,416.95,0.0
1734040800,416.95,466.4392,206.2982,416.54,0.0
1734044400,416.41,419.18,416.18,418.7,0.0
1734080400,420.48,423.78,420.1,421.75,0.0
1734084000,421.84,423.0,421.0,422.96,0.0
1734087600,422.87,423.36,422.21,423.12,0.0
1734091200,423.12,423.92,422.51,422.78,0.0
1734094800,422.82,423.91,418.1,422.5,0.0
1734098400,422.53,429.46,409.665,420.04,0.0
1734100200,420.0,430.3999938964844,415.7099914550781,428.5362854003906,25402222.0
1734103800,428.5350036621094,431.6000061035156,421.5299987792969,424.7892150878906,14522032.0
1734107400,424.8500061035156,427.9800109863281,424.1000061035156,426.8399963378906,7220360.0
1734111000,426.8207092285156,429.70001220703125,425.739990234375,428.6099853515625,6826269.0
1734114600,428.6098937988281,434.3500061035156,428.25,433.0,11331537.0
1734118200,433.0849914550781,433.69000244140625,428.8999938964844,430.3800048828125,7727495.0
1734121800,430.3699951171875,436.29998779296875,429.4200134277344,436.19000244140625,8592526.0
1734123600,436.23,444.2314,179.7697,434.95,0.0
1734127200,434.95,436.34,179.7697,435.21,0.0
1734130800,435.4,436.1,435.02,435.37,0.0
1734339600,438.97,440.5,437.75,438.7,0.0
1734343200,438.7,442.17,438.6,440.97,0.0
1734346800,440.97,441.12,436.9,438.25,0.0
1734350400,438.26,440.95,436.82,440.48,0.0
1734354000,440.52,442.19,436.23,440.54,0.0
1734357600,440.53,442.0,416.515,441.145,0.0
1734359400,441.13250732421875,447.4100036621094,436.1499938964844,445.375,32720825.0
1734363000,445.3280029296875,458.9700012207031,444.6650085449219,458.3900146484375,21194265.0
1734366600,458.3673095703125,460.5199890136719,454.1300964355469,458.2215881347656,12979498.0
1734370200,458.260009765625,461.45001220703125,455.7900085449219,459.2298889160156,10823358.0
1734373800,459.1099853515625,461.2799987792969,456.7699890136719,458.4706115722656,7478682.0
1734377400,458.5,461.8399963378906,457.75,460.739990234375,8910350.0
1734381000,460.739990234375,463.19000244140625,457.6600036621094,463.19000244140625,8822583.0
1734382800,463.02,471.75,448.68,471.1709,0.0
1734386400,471.19,471.77,201.0721,471.5,0.0
1734390000,471.62,474.79,463.02,473.035,0.0
1734426000,471.79,473.7,470.13,473.5,0.0
1734429600,473.54,477.34,473.54,476.84,0.0
1734433200,476.85,478.76,475.67,478.65,0.0
1734436800,478.66,478.95,475.61,476.91,0.0
1734440400,476.83,478.95,463.02,473.1,0.0
1734444000,473.01,476.98,471.44,476.2,0.0
1734445800,476.114990234375,483.989990234375,463.57000732421875,472.67999267578125,48299703.0
1734449400,472.7749938964844,480.6799011230469,470.05999755859375,471.5950012207031,16589860.0
1734453000,471.6300048828125,474.6299133300781,457.5101013183594,469.2499084472656,19406324.0
1734456600,469.25,476.2799987792969,467.80010986328125,474.00048828125,9600255.0
1734460200,474.0268859863281,475.5799865722656,469.0,475.1289978027344,7902871.0
1734463800,475.2149963378906,479.8900146484375,474.2200012207031,477.34100341796875,10803083.0
1734467400,477.3999938964844,482.44989013671875,477.0299987792969,479.8500061035156,9189649.0
1734469200,479.86,514.8528,169.978,478.1499,0.0
1734472800,478.1,478.4,357.09,475.71,0.0
1734476400,475.71,479.86,471.23,473.905,0.0
1734512400,467.67,468.24,459.71,465.23,0.0
1734516000,465.26,466.65,463.0,465.9,0.0
1734519600,465.95,468.8,465.95,467.71,0.0
1734523200,467.99,471.74,467.0,471.14,0.0
1734526800,471.14,479.86,459.6845,469.98,0.0
1734530400,470.0,471.99,466.12,466.5,0.0
1734532200,466.3599853515625,475.7699890136719,461.1099853515625,474.8099060058594,29685114.0
1734535800,474.7919921875,480.8999938964844,473.20001220703125,480.2449951171875,12440270.0
1734539400,480.25,488.5398864746094,477.17999267578125,478.260009765625,16423557.0
1734543000,478.260009765625,480.1991882324219,474.3554992675781,475.293212890625,8038563.0
1734546600,475.28009033203125,477.489990234375,466.75,469.2200927734375,13196833.0
1734550200,469.2099914550781,473.489990234375,437.3800048828125,437.8349914550781,29522396.0
1734553800,438.010009765625,448.1799011230469,427.0199890136719,440.1300048828125,23441133.0
1734555600,440.13,464.955,428.0,429.65,0.0
1734559200,429.6499,447.2,217.8,445.56,0.0
1734562800,445.5212,446.34,217.8,443.39,0.0
1734598800,448.0,455.12,447.7,450.64,0.0
1734602400,450.61,454.1,449.6,453.13,0.0
1734606000,453.11,453.21,451.0,451.63,0.0
1734609600,451.65,454.3,450.07,454.2,0.0
1734613200,454.19,456.52,436.8,453.125,0.0
1734616800,453.16,453.4,448.9,451.89,0.0
1734618600,451.8599853515625,456.3599853515625,437.260009765625,438.17999267578125,36683349.0
1734622200,438.206298828125,446.2799987792969,434.3999938964844,441.1000061035156,15310512.0
1734625800,440.9200134277344,441.7598876953125,420.55010986328125,423.3299865722656,15430713.0
1734629400,423.4898986816406,434.8598937988281,420.0199890136719,433.9659118652344,16688028.0
1734633000,433.7200012207031,439.3399963378906,430.4200134277344,432.37908935546875,11549345.0
1734636600,432.2301025390625,440.889892578125,429.3500061035156,438.9399108886719,9385961.0
1734640200,438.8800048828125,440.40899658203125,432.55010986328125,436.1499938964844,8248784.0
1734642000,436.16,466.22,430.755,438.87,0.0
1734645600,439.0,453.78,338.74,437.37,0.0
1734649200,437.5,438.5,436.43,436.55,0.0
1734685200,428.1,428.1,417.69,418.53,0.0
1734688800,418.45,419.89,410.28,417.5,0.0
1734692400,417.48,418.65,412.88,415.13,0.0
1734696000,415.15,417.39,410.23,412.66,0.0
1734699600,412.51,436.17,410.2,417.6,0.0
1734703200,417.45,472.3,417.41,425.62,0.0
1734705000,425.5050048828125,434.95001220703125,417.6400146484375,434.3900146484375,38459637.0
1734708600,434.29998779296875,444.3999938964844,434.1199951171875,440.94500732421875,16389263.0
1734712200,441.05999755859375,445.3299865722656,436.79998779296875,443.2099914550781,9910183.0
1734715800,443.0799865722656,447.0799865722656,439.7001037597656,443.45001220703125,9485817.0
1734719400,443.4590148925781,444.8999938964844,434.6200866699219,437.7572021484375,9529711.0
1734723000,437.75,441.3900146484375,434.44000244140625,434.8999938964844,7880311.0
1734726600,435.239990234375,435.79998779296875,420.1099853515625,420.6000061035156,13446521.0
1734728400,420.6,424.08,235.8159,422.24,0.0
1734732000,422.24,647.3264,193.0988,423.65,0.0
1734735600,423.85,425.8507,421.06,425.73,0.0
1734944400,431.6,435.13,431.28,434.65,0.0
1734948000,434.67,436.5,432.74,433.46,0.0
1734951600,433.28,433.35,430.06,430.2,0.0
1734955200,430.3,433.2,428.04,433.15,0.0
1734958800,433.17,436.49,428.02,432.7,0.0
1734962400,432.825,468.475,421.06,431.2,0.0
1734964200,430.9624938964844,432.79998779296875,415.41119384765625,424.92498779296875,25287333.0
1734967800,424.8880920410156,434.20001220703125,424.010009765625,431.9556884765625,11742888.0
1734971400,431.9100036621094,434.510009765625,427.3500061035156,430.6700134277344,8442878.0
1734975000,430.6300048828125,434.05999755859375,429.3736877441406,433.4090881347656,5213538.0
1734978600,433.25,434.1559143066406,431.6600036621094,433.7041015625,3973037.0
1734982200,433.7391052246094,433.96990966796875,425.8999938964844,427.8200988769531,6573133.0
1734985800,427.9700012207031,431.25,427.6400146484375,431.239990234375,4660080.0
1734987600,430.6,432.52,430.56,432.15,0.0
1734991200,432.15,432.49,354.8766,432.2,0.0
1734994800,432.25,433.95,432.12,433.0,0.0
1735030800,434.79,436.91,433.89,435.2,0.0
1735034400,435.2,435.96,434.08,434.49,0.0
1735038000,434.51,434.94,433.43,434.11,0.0
1735041600,434.1,436.0,433.71,435.67,0.0
1735045200,435.78,436.9214,430.6,435.8,0.0
1735048800,435.8,437.93,435.25,435.91,0.0
1735050600,435.2685852050781,451.95001220703125,435.1400146484375,449.54998779296875,24164695.0
1735054200,449.5780944824219,453.6199951171875,447.70001220703125,452.67999267578125,11448959.0
1735057800,452.5199890136719,455.6299133300781,450.79998779296875,455.5129089355469,8169148.0
1735063200,455.3999938964844,468.3999938964844,454.32000732421875,464.8299865722656,0.0
1735066800,464.9,495.8536,462.28,465.795,0.0
1735070400,465.795,466.0,463.73,464.9,0.0
1735074000,464.9,465.4,464.6,465.1,0.0
1735203600,467.0,469.5,455.05,460.5,0.0
1735207200,460.52,464.03,458.02,461.63,0.0
1735210800,461.7,464.5,461.5,463.85,0.0
1735214400,463.57,469.75,463.12,469.74,0.0
1735218000,469.7,472.03,455.1363,466.81,0.0
1735221600,466.71,468.39,463.0,465.17,0.0
1735223400,465.1499938964844,465.32989501953125,451.90008544921875,461.7500915527344,28068141.0
1735227000,461.7500915527344,463.17999267578125,453.5799865722656,455.05999755859375,10984691.0
1735230600,455.1000061035156,457.8799133300781,454.25,454.56500244140625,9440945.0
1735234200,454.5000915527344,456.29998779296875,451.0199890136719,455.80718994140625,7123845.0
1735237800,455.8999938964844,456.20001220703125,451.0400085449219,452.5801086425781,6119837.0
1735241400,452.69000244140625,458.0899963378906,451.8699951171875,457.55889892578125,6128525.0
1735245000,457.6000061035156,459.1099853515625,453.55010986328125,453.9599914550781,5827891.0
1735246800,453.96,454.51,421.205,453.71,0.0
1735250400,453.83,454.25,436.17,453.78,0.0
1735254000,453.715,453.8,452.5603,453.38,0.0
1735290000,449.66,450.08,446.17,447.76,0.0
1735293600,447.79,448.94,447.37,448.25,0.0
1735297200,448.34,449.34,447.45,449.34,0.0
1735300800,449.81,452.75,449.8,452.06,0.0
1735304400,452.09,454.29,446.2275,451.28,0.0
1735308000,451.06,459.36,339.64,449.49,0.0
1735309800,449.49798583984375,449.8900146484375,426.5,434.0,27887011.0
1735313400,434.0935974121094,439.32989501953125,431.5101013183594,439.1199951171875,12778866.0
1735317000,439.2099914550781,439.31060791015625,431.6611022949219,433.59149169921875,9442354.0
1735320600,433.6344909667969,434.8800048828125,432.0299987792969,432.66729736328125,5577900.0
1735324200,432.5899963378906,435.19989013671875,429.1300048828125,429.70001220703125,6448906.0
1735327800,429.5799865722656,432.94000244140625,429.5299987792969,430.3699951171875,6680487.0
1735331400,430.30999755859375,431.9800109863281,428.6000061035156,431.7056884765625,6684724.0
1735333200,431.66,432.67,431.25,432.1,0.0
1735336800,432.125,444.2314,431.66,432.3,0.0
1735340400,432.28,432.48,430.69,430.96,0.0
1735549200,428.29,428.37,421.42,423.4,0.0
1735552800,423.42,425.19,423.32,424.16,0.0
1735556400,424.3,425.41,423.34,425.1,0.0
1735560000,425.1,426.68,423.77,424.28,0.0
1735563600,424.2,431.66,420.76,420.92,0.0
1735567200,420.9997,467.725,418.5,419.31,0.0
1735569000,419.20001220703125,427.0,415.75,418.54998779296875,24020380.0
1735572600,418.6600036621094,423.29998779296875,417.3900146484375,421.5299987792969,8439762.0
1735576200,421.59820556640625,424.9800109863281,420.0299987792969,421.2799987792969,7313898.0
1735579800,421.3500061035156,423.3800048828125,419.6600036621094,422.0801086425781,5352922.0
1735583400,422.05999755859375,423.9800109863281,421.2001037597656,423.8724060058594,4325167.0
1735587000,423.8699951171875,424.489990234375,420.1700134277344,420.2300109863281,4311231.0
1735590600,420.2200012207031,420.9800109863281,416.8999938964844,417.2799987792969,5142685.0
1735592400,417.41,426.7017,415.0,415.66,0.0
1735596000,415.53,417.41,413.82,414.91,0.0
1735599600,414.85,415.0,413.29,413.51,0.0
1735635600,414.23,425.59,414.0,424.67,0.0
1735639200,424.69,426.49,423.2,423.64,0.0
1735642800,423.7,425.54,423.1,424.59,0.0
1735646400,424.59,424.99,421.88,422.48,0.0
1735650000,422.49,426.45,413.0,422.63,0.0
1735653600,422.63,426.73,417.795,424.17,0.0
1735655400,425.5,427.92999267578125,413.6962890625,422.322998046875,21387015.0
1735659000,422.4607849121094,422.97198486328125,412.135009765625,412.8100891113281,9981665.0
1735662600,412.8100891113281,416.8299865722656,412.32000732421875,412.69000244140625,6753654.0
1735666200,412.5799865722656,414.3999938964844,408.5799865722656,411.42999267578125,8498384.0
1735669800,411.42999267578125,412.6899108886719,405.37030029296875,405.972900390625,6939054.0
1735673400,405.81060791015625,409.9200134277344,403.1199951171875,409.67999267578125,9094005.0
1735677000,409.5799865722656,409.9700012207031,402.5400085449219,403.6400146484375,7106612.0
1735678800,403.64,698.9889,169.978,403.42,0.0
1735682400,403.305,432.36,338.59,401.7,0.0
1735686000,401.7,402.67,401.59,402.65,0.0
1735808400,408.69,412.41,407.41,408.4,0.0
1735812000,408.4,409.78,407.97,409.07,0.0
1735815600,409.0,410.27,408.35,409.8,0.0
1735819200,409.77,411.41,409.28,410.45,0.0
1735822800,410.45,412.4988,403.84,409.07,0.0
1735826400,409.06,427.16,383.25,390.06,0.0
1735828200,389.6899108886719,391.17999267578125,373.4100036621094,380.33660888671875,42082406.0
1735831800,380.2699890136719,382.7239990234375,376.25,382.5249938964844,15683322.0
1735835400,382.489990234375,386.1499938964844,378.3500061035156,378.67999267578125,9901739.0
1735839000,378.6752014160156,379.05999755859375,373.04998779296875,377.7099914550781,12269777.0
1735842600,377.6199951171875,380.32989501953125,374.8699951171875,377.227294921875,8053698.0
1735846200,377.3399963378906,380.1400146484375,375.989990234375,379.55499267578125,6878141.0
1735849800,379.614990234375,381.2432861328125,376.8800048828125,379.0299987792969,7378899.0
1735851600,379.28,386.9923,377.24,378.595,0.0
1735855200,378.595,401.8224,364.0674,381.535,0.0
1735858800,381.54,381.85,380.0,381.38,0.0
1735894800,383.17,386.59,383.09,384.69,0.0
1735898400,384.62,385.13,382.3,382.79,0.0
1735902000,382.79,384.0,380.2,380.7,0.0
1735905600,380.64,381.95,377.6,380.05,0.0
1735909200,380.05,386.6864,377.5597,380.79,0.0
1735912800,380.79,424.225,374.23,381.5,0.0
1735914600,381.6549987792969,389.95001220703125,379.45001220703125,384.7817077636719,24376852.0
1735918200,384.8399963378906,396.25,383.4700012207031,396.0,12176792.0
1735921800,395.8999938964844,396.94970703125,393.3299865722656,393.934814453125,9628204.0
1735925400,394.0,399.7699890136719,393.8299865722656,398.9849853515625,7634438.0
1735929000,398.9200134277344,406.5400085449219,397.7300109863281,404.8699951171875,12242793.0
1735932600,404.9599914550781,409.69000244140625,403.8999938964844,408.6300048828125,10659058.0
1735936200,408.55999755859375,411.8799133300781,407.92010498046875,410.7699890136719,8961596.0
1735938000,410.44,412.72,217.8,410.3,0.0
1735941600,410.3242,421.8847,212.5816,410.48,0.0
1735945200,410.48,412.0,410.2,411.98,0.0
1736154000,411.14,418.19,411.14,417.32,0.0
1736157600,417.39,417.68,415.31,415.31,0.0
1736161200,415.39,416.49,413.73,416.45,0.0
1736164800,416.38,418.74,415.2,418.19,0.0
1736168400,418.25,422.77,411.14,422.736,0.0
1736172000,422.7,424.32,381.255,423.26,0.0
1736173800,422.04998779296875,426.42999267578125,411.2001037597656,416.3399963378906,30530722.0
1736177400,416.4800109863281,418.1300048828125,407.95001220703125,411.1000061035156,12232787.0
1736181000,411.07501220703125,411.7398986816406,406.8800048828125,409.2200012207031,9043377.0
1736184600,409.2950134277344,410.9200134277344,405.16778564453125,406.6499938964844,6524079.0
1736188200,406.6639099121094,407.1199951171875,401.70001220703125,404.05999755859375,8214105.0
1736191800,403.96099853515625,407.9198913574219,402.1199951171875,407.5,6809279.0
1736195400,407.5299987792969,411.3699951171875,403.67120361328125,411.04998779296875,8253417.0
1736197200,411.05,413.15,409.71,411.5,0.0
1736200800,411.47,411.82,410.03,411.03,0.0
1736204400,410.97,411.5,410.8,411.145,0.0
1736240400,411.05,413.3,407.81,409.36,0.0
1736244000,409.23,410.78,408.42,409.43,0.0
1736247600,409.54,410.5,402.5,404.09,0.0
1736251200,404.02,405.66,402.22,403.8,0.0
1736254800,403.74,412.7642,385.085,403.15,0.0
1736258400,403.22,451.9196,380.12,405.82,0.0
1736260200,405.80999755859375,414.3299865722656,395.3800048828125,397.4100036621094,25285355.0
1736263800,393.9100036621094,400.0899963378906,391.20001220703125,398.79998779296875,13628310.0
1736267400,398.6300048828125,411.04998779296875,392.6499938964844,394.2200012207031,6701324.0
1736271000,394.17999267578125,398.95001220703125,392.9100036621094,398.4800109863281,5324015.0
1736274600,398.42291259765625,398.7398986816406,392.7200012207031,393.7099914550781,4972332.0
1736278200,393.6549987792969,394.6600036621094,390.7099914550781,391.07000732421875,6227239.0
1736281800,391.1600036621094,394.6199951171875,390.010009765625,394.5899963378906,7248405.0
1736283600,394.64,397.5,393.73,394.92,0.0
1736287200,394.92,409.9255,383.2558,394.32,0.0
1736290800,394.235,394.98,393.26,394.5,0.0
1736326800,395.0,397.11,394.71,395.92,0.0
1736330400,396.29,397.11,394.8,397.11,0.0
1736334000,397.04,398.15,395.15,395.64,0.0
1736337600,395.71,396.12,386.99,387.98,0.0
1736341200,388.14,398.151,386.94,391.74,0.0
1736344800,392.21,393.75,390.3,393.02,0.0
1736346600,393.04998779296875,402.4999084472656,391.4100036621094,395.2200012207031,23220693.0
1736350200,395.2200012207031,398.46099853515625,392.989990234375,394.3399963378906,8752129.0
1736353800,394.3399963378906,397.2699890136719,388.2099914550781,388.4700012207031,8024446.0
1736357400,388.5199890136719,399.6098937988281,387.4292907714844,398.7130126953125,9075245.0
1736361000,398.7831115722656,400.5158996582031,394.04998779296875,399.635986328125,7331717.0
1736364600,399.5400085449219,399.5400085449219,394.55999755859375,396.2850036621094,5651230.0
1736368200,396.2699890136719,397.8900146484375,394.5,395.0,5044424.0
1736370000,394.94,422.835,391.59,393.58,0.0
1736373600,393.5,448.5354,213.8091,394.105,0.0
1736377200,394.04,394.94,393.51,393.65,0.0
1736499600,395.51,396.38,393.22,395.86,0.0
1736503200,395.8,397.14,395.76,396.53,0.0
1736506800,396.69,399.0,396.5,398.35,0.0
1736510400,398.27,398.68,395.0,395.0,0.0
1736514000,394.94,399.03,393.4012,395.434,0.0
1736517600,395.59,396.09,387.92,391.28,0.0
1736519400,389.17999267578125,399.25,383.489990234375,390.0950012207031,21051200.0
1736523000,390.1462097167969,396.1499938964844,387.6000061035156,388.1413879394531,10050184.0
1736526600,388.0849914550781,391.9599914550781,387.0,391.46990966796875,5850880.0
1736530200,391.25,398.2998962402344,391.0899963378906,397.3599853515625,7338083.0
1736533800,397.5,397.7900085449219,393.67010498046875,395.760009765625,5234008.0
1736537400,395.8110046386719,396.95001220703125,393.1311950683594,393.9599914550781,4660858.0
1736541000,393.79998779296875,395.5,392.55999755859375,394.8599853515625,4549472.0
1736542800,394.79,395.18,393.61,394.02,0.0
1736546400,394.3,394.74,393.5,393.86,0.0
1736550000,393.8996,394.74,393.51,393.6331,0.0
1736758800,385.68,386.28,381.48,382.38,0.0
1736762400,382.51,384.33,382.29,383.78,0.0
1736766000,384.0,384.97,383.28,384.42,0.0
1736769600,384.46,384.81,380.8,382.53,0.0
1736773200,382.59,394.8788,380.78,383.68,0.0
1736776800,383.84,396.26,381.95,383.22,0.0
1736778600,381.30499267578125,392.45001220703125,380.07000732421875,385.94000244140625,19645872.0
1736782200,385.9599914550781,394.67999267578125,385.5679016113281,388.1199951171875,10187951.0
1736785800,388.1199951171875,396.3999938964844,387.1400146484375,395.9200134277344,7622337.0
1736789400,395.881591796875,397.5899963378906,393.6517028808594,395.07000732421875,6529460.0
1736793000,395.05499267578125,396.1643981933594,391.3999938964844,393.75,4858015.0
1736796600,393.6700134277344,395.25,392.0299987792969,392.54998779296875,4881889.0
1736800200,392.6199951171875,403.7900085449219,392.0199890136719,403.3699951171875,6910009.0
1736802000,403.52,409.37,403.03,408.99,0.0
1736805600,409.0002,426.7017,403.31,410.41,0.0
1736809200,410.3,413.5,410.0,411.5805,0.0
1736845200,412.97,414.51,412.5,414.07,0.0
1736848800,413.99,414.19,412.49,412.61,0.0
1736852400,412.57,413.49,412.46,412.56,0.0
1736856000,412.56,413.34,407.71,409.14,0.0
1736859600,409.0,414.5,403.31,408.0,0.0
1736863200,408.07,416.5,383.26,414.44,0.0
1736865000,413.2049865722656,422.6400146484375,411.5820007324219,412.5635986328125,28896801.0
1736868600,412.57000732421875,413.3800048828125,404.25,407.6698913574219,13148538.0
1736872200,407.510009765625,409.3598937988281,402.6700134277344,405.05120849609375,7535585.0
1736875800,405.09381103515625,408.989990234375,402.1600036621094,408.96600341796875,5906166.0
1736879400,408.989990234375,411.80999755859375,408.4548034667969,410.2349853515625,6549334.0
1736883000,410.2900085449219,412.0,396.0002136230469,398.2099914550781,11248331.0
1736886600,398.20001220703125,399.04998779296875,394.5400085449219,396.20001220703125,6661740.0
1736888400,396.31,412.648,369.6616,396.13,0.0
1736892000,396.1268,396.36,393.31,394.8927,0.0
1736895600,394.945,395.45,393.0,394.8798,0.0
1736931600,395.98,398.48,395.57,398.43,0.0
1736935200,398.43,398.43,397.22,397.98,0.0
1736938800,397.9,398.5,397.72,398.3,0.0
1736942400,398.4,399.44,398.4,399.36,0.0
1736946000,399.34,436.4488,395.11,399.5,0.0
1736949600,399.3,420.2,399.3,409.83,0.0
1736951400,409.8599853515625,418.95989990234375,405.6610107421875,417.510009765625,23833567.0
1736955000,417.4200134277344,418.04998779296875,412.1499938964844,417.0400085449219,10341253.0
1736958600,416.9800109863281,419.9299011230469,413.79998779296875,419.7933044433594,8290853.0
1736962200,419.7799987792969,420.79998779296875,416.8500061035156,420.7774963378906,6048870.0
1736965800,420.7850036621094,424.1000061035156,418.53009033203125,423.7550048828125,6762154.0
1736969400,423.6925048828125,427.8800048828125,422.79998779296875,426.80999755859375,9127865.0
1736973000,426.7701110839844,429.79998779296875,425.9027099609375,428.17999267578125,8770535.0
1736974800,428.21,429.07,421.3863,426.02,0.0
1736978400,426.0037,428.22,425.3,427.19,0.0
1736982000,427.1723,427.97,426.25,427.555,0.0
1737018000,425.0,427.87,422.66,425.11,0.0
1737021600,425.01,426.25,423.8,425.99,0.0
1737025200,425.96,426.83,425.35,425.83,0.0
1737028800,425.85,426.75,423.5,423.75,0.0
1737032400,423.71,428.9,422.61,423.2,0.0
1737036000,423.3,428.22,393.705,423.26,0.0
1737037800,423.489990234375,423.56500244140625,413.1099853515625,415.5400085449219,22667271.0
1737041400,415.55999755859375,417.1795959472656,412.6600036621094,415.5589904785156,9309354.0
1737045000,415.59991455078125,415.7799987792969,410.4801025390625,412.4549865722656,7562936.0
1737048600,412.489990234375,415.04998779296875,411.17999267578125,411.8500061035156,5152491.0
1737052200,411.81500244140625,412.5,409.1300048828125,412.1077880859375,6934036.0
1737055800,412.0799865722656,415.760009765625,411.54998779296875,413.50799560546875,6089881.0
1737059400,413.5596923828125,415.8800048828125,413.1499938964844,413.510009765625,5365340.0
1737061200,413.82,430.6,397.93,410.6,0.0
1737064800,410.68,438.2881,390.9014,412.69,0.0
1737068400,412.651,413.82,412.34,412.6,0.0
1737104400,415.61,419.0,415.26,418.17,0.0
1737108000,418.19,418.32,417.16,417.16,0.0
1737111600,417.16,417.41,416.28,417.14,0.0
1737115200,417.14,417.65,415.63,416.91,0.0
1737118800,416.96,449.9988,378.0012,418.8526,0.0
1737122400,418.84,427.02,409.915,422.24,0.0
1737124200,421.7200012207031,433.8599853515625,419.7701110839844,428.68341064453125,28440359.0
1737127800,428.87310791015625,434.17999267578125,425.7200012207031,433.8175048828125,12168112.0
1737131400,433.889892578125,436.7900085449219,431.5,436.40948486328125,9871888.0
1737135000,436.4049987792969,439.20001220703125,433.1099853515625,437.114990234375,9068816.0
1737138600,437.0899963378906,439.739990234375,437.05010986328125,438.43499755859375,7885874.0
1737142200,438.489990234375,438.95001220703125,428.6300048828125,428.7799987792969,12646921.0
1737145800,428.7699890136719,432.6300048828125,426.2300109863281,426.4800109863281,8389476.0
1737147600,426.47,427.9,425.144,427.4708,0.0
1737151200,427.58,429.0,396.36,428.65,0.0
1737154800,428.65,429.93,427.7,427.8,0.0
1737450000,431.63,434.9,431.63,434.33,0.0
1737453600,434.11,436.71,434.01,436.0,0.0
1737457200,435.88,436.62,434.03,434.69,0.0
1737460800,434.65,436.22,433.21,436.15,0.0
1737464400,436.19,436.6869,430.58,434.7,0.0
1737468000,434.77,435.16,412.275,432.67,0.0
1737469800,432.80999755859375,432.9845886230469,406.30999755859375,412.375,32462885.0
1737473400,412.3800048828125,417.489990234375,411.2099914550781,415.0799865722656,12869537.0
1737477000,415.1300048828125,416.9508972167969,412.510009765625,415.9949951171875,7712153.0
1737480600,415.8999938964844,420.3299865722656,415.64300537109375,418.84991455078125,6966628.0
1737484200,418.7850036621094,421.29998779296875,416.6600036621094,418.1300048828125,6650715.0
1737487800,418.0799865722656,420.69000244140625,415.5101013183594,420.4949951171875,6224189.0
1737491400,420.41009521484375,424.659912109375,419.1199951171875,424.0799865722656,7706082.0
1737493200,424.08,425.9932,423.56,424.56,0.0
1737496800,424.55,425.2947,420.64,422.8,0.0
1737500400,422.72,424.07,420.19,421.77,0.0
1737536400,420.39,420.62,416.68,420.34,0.0
1737540000,420.31,420.75,418.0,418.98,0.0
1737543600,418.98,419.78,418.6,419.27,0.0
1737547200,419.36,419.94,416.66,418.95,0.0
1737550800,418.95,424.07,378.0012,418.95,0.0
1737554400,418.81,432.87,410.035,416.81,0.0
1737556200,416.7200012207031,428.0,416.10009765625,423.42999267578125,20498042.0
1737559800,423.3800048828125,424.2998962402344,419.1000061035156,422.5953063964844,8274875.0
1737563400,422.6070861816406,423.4049987792969,419.5899963378906,420.20001220703125,5236994.0
1737567000,420.17999267578125,424.1400146484375,419.6700134277344,421.29998779296875,5078701.0
1737570600,421.30499267578125,421.4465026855469,417.29010009765625,418.1300048828125,5653604.0
1737574200,418.20001220703125,419.8699951171875,417.55999755859375,417.6559143066406,4058835.0
1737577800,417.6499938964844,419.2200012207031,414.5899963378906,415.1000061035156,6017585.0
1737579600,415.11,431.66,389.22,416.2,0.0
1737583200,416.2,416.4,415.2,415.65,0.0
1737586800,415.645,416.07,415.0,415.67,0.0
1737622800,413.07,414.25,410.0,411.06,0.0
1737626400,411.05,413.33,411.05,412.57,0.0
1737630000,412.54,413.13,411.93,412.95,0.0
1737633600,412.94,413.3,411.53,413.0,0.0
1737637200,413.04,417.0,378.0012,416.25,0.0
1737640800,416.2025,434.34,412.22,416.06,0.0
1737642600,415.989990234375,420.7300109863281,410.3500061035156,414.3900146484375,17747077.0
1737646200,414.3262023925781,416.239990234375,412.340087890625,413.2799987792969,6808481.0
1737649800,413.20001220703125,414.0989990234375,410.8299865722656,410.8800048828125,4739334.0
1737653400,410.8301086425781,412.7423095703125,408.95001220703125,412.3800048828125,5708842.0
1737657000,412.3800048828125,413.4100036621094,410.3999938964844,410.8900146484375,3767157.0
1737660600,411.04998779296875,411.68939208984375,409.3299865722656,410.4849853515625,4204113.0
1737664200,410.46990966796875,412.3800048828125,409.4200134277344,412.3699951171875,4244509.0
1737666000,412.37,413.5,411.55,412.1025,0.0
1737669600,412.1,412.38,388.562,412.1,0.0
1737673200,412.11,412.21,411.7,412.18,0.0
1737709200,413.83,416.53,413.32,415.51,0.0
1737712800,415.65,415.87,414.32,414.67,0.0
1737716400,414.7,415.75,414.33,415.65,0.0
1737720000,415.62,416.2,414.6,415.64,0.0
1737723600,415.68,424.9988,412.23,416.29,0.0
1737727200,416.343,417.465,414.0,414.49,0.0
1737729000,414.5199890136719,418.010009765625,411.7099914550781,414.5498962402344,18437059.0
1737732600,414.5299987792969,416.4093933105469,411.7099914550781,413.510009765625,7437862.0
1737736200,413.3800964355469,415.69000244140625,410.8399963378906,411.3999938964844,5493396.0
1737739800,411.34100341796875,412.3800048828125,407.7699890136719,410.2099914550781,5829460.0
1737743400,410.2099914550781,410.6300048828125,407.2601013183594,407.95001220703125,5381502.0
1737747000,407.92498779296875,409.75,406.79998779296875,406.8500061035156,4577294.0
1737750600,406.92510986328125,407.8500061035156,405.7799987792969,406.5350036621094,4577762.0
1737752400,406.5,408.7,406.05,406.7,0.0
1737756000,406.75,406.9,405.89,406.19,0.0
1737759600,406.27,406.35,405.8,406.145,0.0
1737968400,398.45,398.45,391.07,394.08,0.0
1737972000,394.03,396.26,391.46,392.07,0.0
1737975600,392.19,393.11,378.97,389.09,0.0
1737979200,389.0,393.55,387.11,390.0,0.0
1737982800,390.01,407.596,379.0,393.82,0.0
1737986400,393.9,407.965,390.72,395.0,0.0
1737988200,394.5320129394531,405.7598876953125,393.39300537109375,402.2749938964844,20392868.0
1737991800,402.2300109863281,406.6698913574219,398.6199951171875,399.2799987792969,7667701.0
1737995400,399.3299865722656,401.5075988769531,395.05010986328125,397.15478515625,5533368.0
1737999000,397.06500244140625,398.81988525390625,393.8399963378906,393.9534912109375,4460309.0
1738002600,393.9599914550781,397.32000732421875,393.4200134277344,396.4599914550781,4002206.0
1738006200,396.45001220703125,396.6098937988281,389.0,394.5,7026302.0
1738009800,394.5,397.45001220703125,392.3999938964844,397.05999755859375,4426955.0
1738011600,397.21,411.05,396.5707,398.325,0.0
1738015200,398.4288,399.2,398.03,398.43,0.0
1738018800,398.345,398.6,396.5,397.5,0.0
1738054800,399.15,400.84,398.33,399.55,0.0
1738058400,399.48,400.51,399.17,400.15,0.0
1738062000,400.17,400.74,399.3,399.47,0.0
1738065600,399.49,399.5,395.38,395.74,0.0
1738069200,395.52,400.808,395.03,398.35,0.0
1738072800,398.38,411.98,395.71,396.87,0.0
1738074600,395.0,396.5599060058594,386.5,393.04998779296875,13942036.0
1738078200,393.0799865722656,394.489990234375,387.510009765625,388.17999267578125,6949490.0
1738081800,388.1099853515625,394.2300109863281,387.4700012207031,393.5220031738281,5252923.0
1738085400,393.5199890136719,395.67999267578125,392.3500061035156,394.0342102050781,4123575.0
1738089000,394.1000061035156,396.5899963378906,392.42999267578125,396.3500061035156,3502718.0
1738092600,396.32000732421875,400.5899963378906,395.6099853515625,400.4100036621094,6238810.0
1738096200,400.29998779296875,400.30999755859375,397.34490966796875,398.1000061035156,3777704.0
1738098000,398.1,405.995,369.6616,396.83,0.0
1738101600,396.83,396.95,396.24,396.85,0.0
1738105200,396.79,397.12,396.01,396.2,0.0
1738141200,398.01,398.2,396.0,396.79,0.0
1738144800,396.94,397.0,394.46,395.39,0.0
1738148400,395.35,397.8,395.35,397.56,0.0
1738152000,397.66,397.96,396.4,396.89,0.0
1738155600,396.95,399.69,394.5286,395.3,0.0
1738159200,395.305,399.375,387.665,395.1792,0.0
1738161000,395.19000244140625,398.58990478515625,391.05169677734375,392.0400085449219,11559216.0
1738164600,392.05999755859375,393.70001220703125,389.4100036621094,389.7650146484375,5957156.0
1738168200,389.6639099121094,390.8999938964844,387.7348937988281,390.2550048828125,4995242.0
1738171800,390.2749938964844,391.510009765625,384.7200012207031,389.9989929199219,5691640.0
1738175400,389.9700012207031,390.55999755859375,385.05999755859375,385.05999755859375,4706590.0
1738179000,385.1099853515625,391.6899108886719,384.4800109863281,391.1400146484375,8361168.0
1738182600,391.2799987792969,391.8500061035156,386.8999938964844,388.0299987792969,5136360.0
1738184400,388.145,411.05,365.05,401.5501,0.0
1738188000,401.65,411.2,382.8894,407.52,0.0
1738191600,407.8,413.3,389.1,403.85,0.0
1738227600,404.29,405.19,398.7,400.37,0.0
1738231200,400.38,400.67,393.36,396.08,0.0
1738234800,396.08,401.8,395.22,400.04,0.0
1738238400,400.04,400.85,394.94,398.5,0.0
1738242000,398.62,407.69,389.1,406.64,0.0
1738245600,406.66,411.2,391.08,410.65,0.0
1738247400,410.5,412.5,384.4100036621094,392.1300048828125,38277085.0
1738251000,392.3500061035156,397.5400085449219,388.9800109863281,397.114990234375,11751967.0
1738254600,397.07000732421875,401.17999267578125,395.80010986328125,399.1099853515625,9660590.0
1738258200,399.1199951171875,409.1000061035156,398.1650085449219,403.98748779296875,12022190.0
1738261800,403.8500061035156,406.2900085449219,401.30010986328125,404.1099853515625,6986207.0
1738265400,404.2049865722656,406.7445068359375,402.0400085449219,406.0277099609375,6968639.0
1738269000,405.8999938964844,407.5,398.9501037597656,400.4800109863281,7359961.0
1738270800,400.28,401.0,398.67,399.74,0.0
1738274400,399.63,411.9387,374.5036,400.5122,0.0
1738278000,400.6,402.0,400.28,401.81,0.0
1738314000,401.14,402.72,400.62,401.83,0.0
1738317600,401.82,402.12,399.26,399.75,0.0
1738321200,399.81,400.4,399.57,400.24,0.0
1738324800,400.2,401.7,399.43,400.01,0.0
1738328400,400.0,436.9988,399.31,400.3999,0.0
1738332000,400.4,401.78,397.55,401.6038,0.0
1738333800,401.5150146484375,417.92999267578125,401.42498779296875,414.7785949707031,25170319.0
1738337400,414.6700134277344,418.44000244140625,413.8800048828125,415.0199890136719,9233301.0
1738341000,415.1419982910156,419.9800109863281,414.79998779296875,418.4599914550781,8663098.0
1738344600,418.54998779296875,419.805908203125,415.80999755859375,415.8970947265625,5981017.0
1738348200,415.8999938964844,416.95989990234375,407.29998779296875,408.5050048828125,12042768.0
1738351800,408.55938720703125,410.1499938964844,401.4400939941406,402.8500061035156,11400867.0
1738355400,402.7699890136719,405.3699951171875,402.25,404.5799865722656,6096507.0
1738357200,404.64,412.605,376.65,404.551,0.0
1738360800,404.55,426.3172,404.39,404.58,0.0
1738364400,404.6,404.75,403.3,403.33,0.0
1738573200,403.71,403.71,389.48,392.28,0.0
1738576800,392.2,394.65,391.6,394.3,0.0
1738580400,394.25,397.2,394.24,394.55,0.0
1738584000,394.55,396.41,391.14,393.08,0.0
1738587600,393.08,404.6588,383.75,390.39,0.0
1738591200,390.5,417.06,386.51,386.69,0.0
1738593000,386.69000244140625,389.1700134277344,374.3900146484375,384.55999755859375,36603549.0
1738596600,384.4200134277344,389.1000061035156,382.2301025390625,384.29998779296875,14045165.0
1738600200,384.3037109375,387.1028137207031,379.29998779296875,379.4200134277344,10245819.0
1738603800,379.36749267578125,381.42999267578125,377.4100036621094,380.2807922363281,7289977.0
1738607400,380.385986328125,385.33990478515625,378.3299865722656,383.4664001464844,7021104.0
1738611000,383.489990234375,385.2991943359375,383.10540771484375,384.1900939941406,5588620.0
1738614600,384.3399963378906,385.06988525390625,381.3599853515625,383.8599853515625,5498643.0
1738616400,383.82,391.74,383.5,389.94,0.0
1738620000,389.87,390.81,372.1939,389.8705,0.0
1738623600,389.87,390.18,383.68,389.705,0.0
1738659600,382.58,383.24,379.02,381.73,0.0
1738663200,381.73,383.14,380.6,382.7,0.0
1738666800,382.72,383.57,381.83,383.22,0.0
1738670400,383.17,386.46,382.97,385.28,0.0
1738674000,385.28,387.65,377.85,387.11,0.0
1738677600,387.15,388.3,381.945,382.67,0.0
1738679400,383.0,390.7300109863281,382.1300048828125,384.20001220703125,16974210.0
1738683000,384.2699890136719,386.5299987792969,381.3999938964844,383.4649963378906,7514180.0
1738686600,383.4624938964844,386.8999938964844,382.70001220703125,382.8599853515625,6459369.0
1738690200,382.95001220703125,387.45001220703125,382.67999267578125,386.82000732421875,4625665.0
1738693800,386.7799987792969,388.2298889160156,385.0799865722656,387.5398864746094,5080670.0
1738697400,387.4599914550781,389.9800109863281,385.5191955566406,389.80999755859375,6099070.0
1738701000,389.7799987792969,394.0,388.8700866699219,392.3999938964844,6908873.0
1738702800,392.4,392.5,386.9,389.37,0.0
1738706400,389.45,392.21,362.1281,389.02,0.0
1738710000,389.03,389.8,388.5,389.105,0.0
1738746000,387.85,389.5,387.33,388.5,0.0
1738749600,388.4,388.88,387.54,388.55,0.0
1738753200,388.49,389.18,388.34,388.85,0.0
1738756800,388.85,388.89,387.55,388.64,0.0
1738760400,388.6,392.21,386.4,387.33,0.0
1738764000,387.37,392.21,385.99,387.19,0.0
1738765800,387.510009765625,388.3900146484375,380.5199890136719,381.09991455078125,17273766.0
1738769400,380.9949951171875,384.4800109863281,380.0199890136719,382.29998779296875,7226674.0
1738773000,382.3240051269531,384.9560852050781,381.0199890136719,382.3299865722656,5334918.0
1738776600,382.3500061035156,382.8399963378906,380.04998779296875,380.4739990234375,4592583.0
1738780200,380.45001220703125,381.4800109863281,378.0,379.8971862792969,6455253.0
1738783800,379.8999938964844,380.2900085449219,377.5,377.8399963378906,5386645.0
1738787400,377.82000732421875,379.3500061035156,375.5299987792969,378.1700134277344,6869429.0
1738789200,378.16,392.82,377.83,377.95,0.0
1738792800,377.915,378.34,368.8424,375.9783,0.0
1738796400,375.98,376.6,375.75,376.5,0.0
1738832400,377.79,378.28,371.23,372.83,0.0
1738836000,372.83,374.5,370.26,370.34,0.0
1738839600,370.44,372.16,370.05,371.58,0.0
1738843200,371.6,372.89,370.5,371.2,0.0
1738846800,371.15,379.78,370.06,374.6,0.0
1738850400,374.7,374.8,372.07,373.0399,0.0
1738852200,373.1050109863281,375.3999938964844,363.17999267578125,367.57080078125,27724738.0
1738855800,367.7099914550781,369.14910888671875,363.8500061035156,366.0299987792969,11635831.0
1738859400,366.05499267578125,370.19000244140625,364.82000732421875,369.54010009765625,8413894.0
1738863000,369.5400085449219,371.7699890136719,368.3399963378906,371.7699890136719,6189988.0
1738866600,371.760009765625,374.0899963378906,369.80999755859375,370.1050109863281,7364740.0
1738870200,370.0899963378906,378.1700134277344,367.4200134277344,369.3599853515625,6654280.0
1738873800,369.42999267578125,374.32000732421875,369.4200134277344,374.30999755859375,6196275.0
1738875600,374.32,424.07,372.0,372.8,0.0
1738879200,372.8499,616.6153,206.2982,371.39,0.0
1738882800,371.47,374.32,371.01,371.27,0.0
1738918800,370.1,370.95,368.55,368.7,0.0
1738922400,368.77,369.71,368.44,368.64,0.0
1738926000,368.65,368.99,367.05,368.65,0.0
1738929600,368.69,371.45,368.55,371.04,0.0
1738933200,370.98,372.94,367.3,372.0,0.0
1738936800,372.13,374.32,369.38,370.02,0.0
1738938600,370.17999267578125,380.5458984375,369.1099853515625,372.30999755859375,20544879.0
1738942200,372.1600036621094,374.7699890136719,367.2799987792969,369.17669677734375,11276843.0
1738945800,369.17498779296875,370.25,366.30999755859375,368.7983093261719,7246299.0
1738949400,368.68450927734375,371.260009765625,367.55999755859375,369.5,4641968.0
1738953000,369.55419921875,370.0,363.4400939941406,363.86370849609375,6280189.0
1738956600,363.82000732421875,365.57000732421875,361.20001220703125,361.8699951171875,8026032.0
1738960200,361.8528137207031,362.8399963378906,360.3399963378906,361.489990234375,6786259.0
1738962000,361.48,600.4579,242.6287,361.2,0.0
1738965600,361.24,600.4579,179.7697,360.19,0.0
1738969200,360.1999,360.5,357.58,358.34,0.0
1739178000,357.05,359.0,356.45,357.57,0.0
1739181600,357.61,358.18,356.01,357.77,0.0
1739185200,357.69,358.17,356.64,357.29,0.0
1739188800,357.25,357.4,355.79,355.79,0.0
1739192400,355.79,361.62,355.4,358.75,0.0
1739196000,358.74,376.51,355.65,356.11,0.0
1739197800,356.239990234375,361.75,350.54998779296875,360.8999938964844,26149683.0
1739201400,360.9200134277344,362.70001220703125,358.6249084472656,360.7510070800781,9997298.0
1739205000,360.7449951171875,362.19989013671875,358.20001220703125,358.4696960449219,6630048.0
1739208600,358.4599914550781,361.3999938964844,357.6000061035156,359.9504089355469,5833230.0
1739212200,359.95001220703125,360.0,356.510009765625,357.6600036621094,5767250.0
1739215800,357.6400146484375,357.7300109863281,352.90008544921875,354.989990234375,8312971.0
1739219400,354.9800109863281,355.0,350.510009765625,350.6400146484375,8336029.0
1739221200,350.64,362.32,348.21,349.3,0.0
1739224800,349.4485,362.01,329.9341,349.65,0.0
1739228400,349.64,349.65,347.9,348.03,0.0
1739264400,347.79,350.75,347.7,349.35,0.0
1739268000,349.48,349.84,348.17,348.69,0.0
1739271600,348.67,349.3,348.13,349.3,0.0
1739275200,349.3,349.98,348.3,348.75,0.0
1739278800,348.78,351.33,347.27,348.12,0.0
1739282400,348.07,391.7139,345.56,345.825,0.0
1739284200,344.760009765625,349.3699951171875,341.79998779296875,343.99029541015625,24873778.0
1739287800,343.92999267578125,345.1658020019531,335.7121887207031,337.3699951171875,18757988.0
1739291400,337.3299865722656,337.55999755859375,332.70001220703125,334.93499755859375,15643896.0
1739295000,335.0,335.05999755859375,329.1199951171875,329.69781494140625,13216361.0
1739298600,329.7298889160156,334.6000061035156,329.1499938964844,332.4849853515625,12201626.0
1739302200,332.4814147949219,332.7300109863281,326.1099853515625,326.41729736328125,14682047.0
1739305800,326.5299987792969,328.6499938964844,325.1000061035156,328.6400146484375,11779313.0
1739307600,328.5,334.41,326.82,328.87,0.0
1739311200,328.8989,612.4593,213.3132,326.66,0.0
1739314800,326.72,327.73,326.55,326.93,0.0
1739350800,321.93,327.13,315.78,320.49,0.0
1739354400,320.56,324.02,320.31,322.5,0.0
1739358000,322.51,324.34,322.16,324.02,0.0
1739361600,323.93,337.16,323.65,335.3,0.0
1739365200,335.3,337.16,316.91,331.7001,0.0
1739368800,331.87,358.745,325.8,329.99,0.0
1739370600,329.9800109863281,339.3299865722656,329.1199951171875,338.3208923339844,35586318.0
1739374200,338.30999755859375,341.1600036621094,336.5199890136719,337.20001220703125,13170245.0
1739377800,337.20001220703125,343.70001220703125,337.1499938964844,343.360107421875,10429678.0
1739381400,343.3949890136719,345.6199951171875,342.69000244140625,344.92999267578125,9990698.0
1739385000,345.0199890136719,345.5799865722656,342.0799865722656,344.92999267578125,7854229.0
1739388600,344.9490051269531,346.3999938964844,343.9601135253906,345.81500244140625,7971880.0
1739392200,345.75,345.9798889160156,335.6600036621094,336.4599914550781,12397101.0
1739394000,336.53,337.97,334.8,337.15,0.0
1739397600,337.1,466.4392,197.376,339.3,0.0
1739401200,339.2902,343.49,339.0,342.97,0.0
1739437200,340.02,345.63,340.0,344.99,0.0
1739440800,344.98,345.86,343.8,344.64,0.0
1739444400,344.62,345.3,343.9,344.85,0.0
1739448000,344.85,345.23,342.35,344.1,0.0
1739451600,344.0,345.85,338.77,345.4,0.0
1739455200,345.32,348.74,328.37,345.0,0.0
1739457000,345.0400085449219,355.839599609375,342.864990234375,354.92999267578125,28332106.0
1739460600,355.0,358.69000244140625,352.2200012207031,352.7550048828125,15808870.0
1739464200,352.75,352.97900390625,348.1700134277344,350.20001220703125,11211954.0
1739467800,350.19000244140625,352.34991455078125,348.4288024902344,350.4150085449219,7751443.0
1739471400,350.44000244140625,352.9849853515625,349.92999267578125,352.25,6714390.0
1739475000,352.25,355.07989501953125,351.78839111328125,355.0199890136719,6512988.0
1739478600,354.9800109863281,356.8999938964844,353.85009765625,356.0299987792969,7327935.0
1739480400,355.97,356.9,355.02,355.27,0.0
1739484000,355.3,374.5036,330.5734,355.25,0.0
1739487600,355.29,355.9,355.06,355.66,0.0
1739523600,358.03,363.84,358.03,362.9,0.0
1739527200,362.95,363.66,362.5,362.7,0.0
1739530800,362.7,362.93,361.2,361.3,0.0
1739534400,361.3,361.62,358.221,359.67,0.0
1739538000,359.65,363.8705,358.21,362.16,0.0
1739541600,362.17,363.04,345.36,360.5,0.0
1739543400,360.6199951171875,361.989990234375,351.6000061035156,352.4179992675781,23812203.0
1739547000,352.4798889160156,353.07000732421875,347.5,351.54998779296875,14124181.0
1739550600,351.54998779296875,352.739990234375,348.6200866699219,349.1099853515625,6574475.0
1739554200,349.1300048828125,351.84991455078125,348.8800048828125,351.2296142578125,4948936.0
1739557800,351.2217102050781,354.54998779296875,351.2001037597656,353.1400146484375,5499643.0
1739561400,353.1099853515625,356.17999267578125,352.30999755859375,355.8667907714844,5968838.0
1739565000,355.8299865722656,356.44000244140625,354.2799987792969,355.8999938964844,4756780.0
1739566800,355.84,356.15,348.0,355.1,0.0
1739570400,355.14,355.4,331.9212,355.0,0.0
1739574000,355.06,355.84,353.7,354.07,0.0
1739869200,355.0,361.5,355.0,359.94,0.0
1739872800,359.95,360.82,358.48,359.23,0.0
1739876400,359.1,360.41,358.61,359.76,0.0
1739880000,359.75,359.95,358.58,358.73,0.0
1739883600,358.7,362.25,350.52,357.656,0.0
1739887200,357.66,360.45,345.775,355.1,0.0
1739889000,355.2799987792969,359.1000061035156,352.54998779296875,353.94171142578125,19484469.0
1739892600,353.95001220703125,357.1799011230469,353.4599914550781,356.2550048828125,6364794.0
1739896200,356.1400146484375,357.1700134277344,353.79998779296875,354.4200134277344,4488174.0
1739899800,354.3999938964844,355.2598876953125,350.0199890136719,351.2900085449219,5938609.0
1739903400,351.29071044921875,353.468994140625,350.5,352.6700134277344,4616889.0
1739907000,352.67999267578125,354.6700134277344,352.3660888671875,352.760009765625,3772401.0
1739910600,352.760009765625,354.3299865722656,352.3299865722656,354.04998779296875,3271751.0
1739912400,354.05,355.05,353.2,354.2,0.0
1739916000,354.25,372.1939,332.5354,354.19,0.0
1739919600,354.19,354.79,354.0,354.41,0.0
1739955600,353.93,355.0,352.2,354.41,0.0
1739959200,354.3,354.75,353.67,354.0,0.0
1739962800,353.97,354.3,353.41,353.47,0.0
1739966400,353.45,354.8,353.1,354.76,0.0
1739970000,354.75,392.21,352.1803,354.1,0.0
1739973600,353.9,354.1,353.02,353.9499,0.0
1739975400,353.9700012207031,367.3399963378906,353.7349853515625,363.32000732421875,23980440.0
1739979000,363.3299865722656,364.2499084472656,359.1400146484375,359.96600341796875,9909197.0
1739982600,359.9100036621094,365.1376953125,358.260009765625,364.60760498046875,8911581.0
1739986200,364.6242980957031,364.639892578125,361.590087890625,362.8699951171875,4999031.0
1739989800,362.9599914550781,364.25,359.6499938964844,362.55499267578125,5514769.0
1739993400,362.4599914550781,363.3399963378906,357.8699951171875,358.1091003417969,5095267.0
1739997000,358.0899963378906,361.94000244140625,357.35089111328125,360.6000061035156,4928309.0
1739998800,360.62,361.44,353.23,361.0,0.0
1740002400,360.99,360.99,359.01,359.88,0.0
1740006000,359.98,360.949,359.8815,360.23,0.0
1740042000,359.46,360.35,358.47,359.17,0.0
1740045600,359.32,363.2,359.1,362.37,0.0
1740049200,362.3,364.03,361.57,363.49,0.0
1740052800,363.45,363.57,360.82,361.4,0.0
1740056400,361.23,363.9988,358.55,362.61,0.0
1740060000,362.572,367.245,349.445,361.55,0.0
1740061800,361.5400085449219,362.29998779296875,348.0,352.14410400390625,18238926.0
1740065400,352.05999755859375,354.2799987792969,349.79998779296875,354.19500732421875,7417614.0
1740069000,354.2300109863281,354.95001220703125,352.6000061035156,353.8999938964844,4266175.0
1740072600,353.9175109863281,355.32989501953125,351.67999267578125,353.4544982910156,3327636.0
1740076200,353.42999267578125,353.6499938964844,352.3609924316406,352.9800109863281,2440689.0
1740079800,352.9200134277344,354.7300109863281,350.8999938964844,353.70001220703125,3939279.0
1740083400,353.6451110839844,354.8799133300781,352.75,354.3800048828125,2811368.0
1740085200,354.4,354.73,353.5,353.825,0.0
1740088800,353.8,375.8595,334.4007,353.2,0.0
1740092400,353.19,354.4,353.0,353.08,0.0
1740128400,353.31,353.98,352.27,353.16,0.0
1740132000,353.0,353.91,352.8,353.49,0.0
1740135600,353.43,353.76,353.24,353.41,0.0
1740139200,353.39,353.53,352.66,353.44,0.0
1740142800,353.48,356.76,352.27,356.24,0.0
1740146400,356.19,361.36,351.3,353.5,0.0
1740148200,353.1600036621094,354.9800109863281,348.610107421875,348.6499938964844,12870148.0
1740151800,348.6029052734375,348.69000244140625,344.80999755859375,346.0899963378906,10776053.0
1740155400,346.0400085449219,346.29998779296875,340.1017150878906,340.8900146484375,9198838.0
1740159000,340.8960876464844,341.2699890136719,337.2109069824219,340.1180114746094,9258720.0
1740162600,340.1400146484375,342.77911376953125,335.40008544921875,335.6513977050781,8243187.0
1740166200,335.6300048828125,338.7900085449219,334.4200134277344,336.4049987792969,9707201.0
1740169800,336.4200134277344,338.25,334.9200134277344,337.5400085449219,7027669.0
1740171600,337.8,338.18,337.0,337.45,0.0
1740175200,337.45,540.2093,300.3852,338.5,0.0
1740178800,338.57,339.1,337.5,338.1367,0.0
1740387600,337.47,340.47,336.46,340.06,0.0
1740391200,340.09,340.26,337.26,337.64,0.0
1740394800,337.51,338.5,336.7,337.03,0.0
1740398400,337.0,337.32,331.56,332.7,0.0
1740402000,332.74,340.475,331.25,338.6585,0.0
1740405600,338.51,353.69,335.02,338.0,0.0
1740407400,340.1499938964844,342.3973083496094,324.70001220703125,326.6000061035156,30995350.0
1740411000,326.6000061035156,334.20001220703125,326.5,333.8399963378906,9822524.0
1740414600,333.8891906738281,338.9588928222656,331.8399963378906,337.0299987792969,8532793.0
1740418200,337.0899963378906,338.8800048828125,335.8999938964844,338.3999938964844,5038472.0
1740421800,338.3999938964844,338.54998779296875,333.3399963378906,333.4104919433594,5140634.0
1740425400,333.43499755859375,335.6000061035156,331.7300109863281,331.8680114746094,5546074.0
1740429000,331.8599853515625,333.6000061035156,329.8900146484375,330.3800048828125,5350028.0
1740430800,330.37,330.9,329.55,330.2,0.0
1740434400,330.105,339.5948,308.0261,328.3,0.0
1740438000,328.3,329.01,326.8,326.95,0.0
1740474000,328.36,332.44,327.8,331.57,0.0
1740477600,331.54,332.85,329.33,331.57,0.0
1740481200,331.55,333.69,328.95,329.0,0.0
1740484800,329.0,331.79,328.34,331.54,0.0
1740488400,331.43,333.4369,326.8,329.42,0.0
1740492000,329.5,330.5,326.23,326.975,0.0
1740493800,327.1300048828125,327.45001220703125,305.3900146484375,306.3699951171875,37458260.0
1740497400,306.44000244140625,308.760009765625,300.1099853515625,301.30999755859375,27200545.0
1740501000,301.3399963378906,306.4656982421875,298.7799987792969,303.4200134277344,17005802.0
1740504600,303.4949951171875,306.3699951171875,301.7200012207031,302.3699951171875,10123536.0
1740508200,302.3999938964844,304.2980041503906,297.2511901855469,298.30499267578125,11817592.0
1740511800,298.30499267578125,304.04998779296875,298.16009521484375,302.70001220703125,12451411.0
1740515400,302.67999267578125,303.739990234375,298.3500061035156,302.489990234375,10453529.0
1740517200,302.745,337.9,302.05,303.125,0.0
1740520800,303.2,514.8528,213.3132,304.9,0.0
1740524400,304.94,306.09,304.6035,305.71,0.0
1740560400,306.87,310.18,306.82,309.29,0.0
1740564000,309.16,309.68,308.43,308.51,0.0
1740567600,308.55,309.54,307.37,308.12,0.0
1740571200,308.2,308.43,306.11,307.0,0.0
1740574800,307.05,310.17,305.29,308.09,0.0
1740578400,308.1,308.3,302.93,303.699,0.0
1740580200,303.7149963378906,309.0,294.2301025390625,295.25,26876505.0
1740583800,295.29998779296875,301.0,295.29998779296875,298.781005859375,14767907.0
1740587400,298.7799987792969,302.260009765625,297.7502136230469,300.67999267578125,8179642.0
1740591000,300.6400146484375,301.29998779296875,293.4200134277344,293.4374084472656,10463098.0
1740594600,293.4396057128906,294.8999938964844,289.4100036621094,290.25,13888438.0
1740598200,290.25,292.6300048828125,288.0802001953125,289.01959228515625,11429741.0
1740601800,289.0,292.67999267578125,288.0400085449219,290.8900146484375,8686402.0
1740603600,290.8,308.095,288.8,292.4778,0.0
1740607200,292.49,309.9033,279.1463,290.555,0.0
1740610800,290.555,290.555,288.4,288.9,0.0
1740646800,290.54,295.9,290.0,295.23,0.0
1740650400,295.22,295.9,294.0,294.8,0.0
1740654000,294.73,296.55,294.44,295.82,0.0
1740657600,295.99,297.8,295.29,297.5,0.0
1740661200,297.5,298.11,286.57,297.38,0.0
1740664800,297.38,308.175,288.395,290.95,0.0
1740666600,291.0,297.2300109863281,280.8800048828125,293.3599853515625,34451993.0
1740670200,293.32000732421875,293.5199890136719,285.8500061035156,288.3999938964844,13645607.0
1740673800,288.5174865722656,289.19000244140625,284.3399963378906,285.95001220703125,8878072.0
1740677400,286.0,291.6698913574219,284.69000244140625,291.30999755859375,9536680.0
1740681000,291.3299865722656,291.82440185546875,284.6300048828125,284.93890380859375,8688742.0
1740684600,284.95001220703125,285.92999267578125,281.5,281.9299011230469,12162673.0
1740688200,281.92999267578125,284.6600036621094,281.2699890136719,281.9599914550781,7161280.0
1740690000,281.99,283.1,281.08,281.89,0.0
1740693600,281.8,301.163,264.0406,281.6,0.0
1740697200,281.65,283.39,281.5,283.1299,0.0
1740733200,280.49,284.12,279.62,283.49,0.0
1740736800,283.4,283.7,280.43,280.98,0.0
1740740400,281.06,283.2,281.02,283.02,0.0
1740744000,283.04,283.33,280.2,281.05,0.0
1740747600,281.03,284.1988,276.83,277.8192,0.0
1740751200,277.67,281.99,277.3,279.55,0.0
1740753000,277.1199951171875,292.55999755859375,273.6000061035156,292.35260009765625,38676673.0
1740756600,292.3949890136719,293.0,287.42279052734375,287.94000244140625,14240424.0
1740760200,287.8901062011719,291.92999267578125,287.2001037597656,290.2699890136719,8115386.0
1740763800,290.239990234375,290.8489074707031,281.3500061035156,286.1199951171875,11343881.0
1740767400,286.05999755859375,287.4800109863281,282.80999755859375,285.9150085449219,8862670.0
1740771000,285.9100036621094,293.39691162109375,285.17999267578125,293.26220703125,12087085.0
1740774600,293.260009765625,293.6099853515625,288.8900146484375,293.30999755859375,9448612.0
1740776400,292.98,305.895,280.96,292.81,0.0
1740780000,292.91,309.1025,274.4579,292.44,0.0
1740783600,292.405,293.0,292.1,292.76,0.0
1740992400,298.0,298.96,295.53,296.83,0.0
1740996000,296.87,297.7,296.63,297.38,0.0
1740999600,297.35,299.93,297.1,299.45,0.0
1741003200,299.36,304.42,299.25,303.4,0.0
1741006800,303.4,304.44,292.98,302.33,0.0
1741010400,302.24,303.0,275.325,300.2517,0.0
1741012200,300.36749267578125,303.94000244140625,291.70001220703125,300.7300109863281,35304647.0
1741015800,300.7799987792969,301.69000244140625,294.8599853515625,298.94500732421875,12487012.0
1741019400,298.989990234375,302.47900390625,297.44110107421875,298.4800109863281,10050129.0
1741023000,298.4849853515625,298.69989013671875,285.0299987792969,285.4150085449219,16508753.0
1741026600,285.5086975097656,289.8089904785156,284.7099914550781,286.42498779296875,10088160.0
1741030200,286.42498779296875,290.260009765625,279.05999755859375,280.0924072265625,13903470.0
1741033800,280.05999755859375,284.9800109863281,277.29998779296875,284.7799987792969,10701428.0
1741035600,284.78,302.364,268.6323,284.57,0.0
1741039200,284.51,304.0136,268.6323,283.12,0.0
1741042800,283.14,284.94,282.7,283.79,0.0
1741078800,281.65,285.93,281.65,284.87,0.0
1741082400,284.78,285.0,279.51,280.13,0.0
1741086000,280.13,281.31,278.57,280.22,0.0
1741089600,280.28,281.64,274.89,275.52,0.0
1741093200,275.6,285.91,270.58,270.58,0.0
1741096800,270.55,301.45,270.2,270.71,0.0
1741098600,270.79998779296875,278.2799987792969,261.840087890625,265.6099853515625,43130221.0
1741102200,265.57000732421875,267.81561279296875,262.0751953125,262.760498046875,14951434.0
1741105800,262.67999267578125,273.010009765625,262.6117858886719,271.9891052246094,13398335.0
1741109400,271.9100036621094,274.45001220703125,268.6600036621094,271.135986328125,11449807.0
1741113000,271.1075134277344,281.489990234375,270.1199951171875,279.1600036621094,12348615.0
1741116600,279.239990234375,284.3299865722656,277.67999267578125,283.0299987792969,12299820.0
1741120200,282.9549865722656,283.31988525390625,270.33099365234375,272.0,12383747.0
1741122000,271.99,401.8224,269.6,277.25,0.0
1741125600,277.4,500.7915,220.9882,276.925,0.0
1741129200,276.925,278.9,272.04,278.0021,0.0
1741165200,278.97,279.76,277.19,279.21,0.0
1741168800,279.37,281.5,276.53,277.47,0.0
1741172400,277.3,278.78,276.12,276.6,0.0
1741176000,276.59,277.49,273.69,275.85,0.0
1741179600,275.88,281.8,272.04,273.96,0.0
1741183200,273.99,301.585,264.225,272.99,0.0
1741185000,272.9599914550781,278.2698974609375,267.7099914550781,270.239990234375,30324652.0
1741188600,270.25,274.4599914550781,268.79998779296875,270.6000061035156,12730856.0
1741192200,270.54998779296875,274.1488952636719,268.0,273.18670654296875,10689026.0
1741195800,273.12750244140625,276.05999755859375,271.0,272.431884765625,9153503.0
1741199400,272.375,279.1600036621094,271.20001220703125,276.9800109863281,9379582.0
1741203000,277.0,278.139892578125,273.5199890136719,276.82000732421875,8850682.0
1741206600,276.739990234375,279.5400085449219,275.260009765625,279.260009765625,7015037.0
1741208400,279.26,368.8424,206.7412,279.295,0.0
1741212000,279.4,279.95,277.93,278.08,0.0
1741215600,277.94,279.55,277.94,278.3001,0.0
1741251600,275.25,276.65,272.75,272.84,0.0
1741255200,272.92,274.75,272.38,274.17,0.0
1741258800,274.2,274.2,272.98,273.54,0.0
1741262400,273.54,274.69,272.7,273.26,0.0
1741266000,273.27,280.33,270.5,271.3,0.0
1741269600,271.47,273.1,270.72,272.0,0.0
1741271400,272.0,272.1180114746094,264.3999938964844,270.6925048828125,26702168.0
1741275000,270.69500732421875,272.6499938964844,267.5799865722656,269.30999755859375,11485501.0
1741278600,269.3299865722656,271.239501953125,262.8500061035156,263.29998779296875,12655085.0
1741282200,263.3399963378906,264.7300109863281,261.7699890136719,262.95001220703125,9098353.0
1741285800,263.0,263.55029296875,260.0199890136719,260.55999755859375,10864097.0
1741289400,260.45001220703125,266.6099853515625,260.0199890136719,261.1650085449219,12802598.0
1741293000,261.1700134277344,264.3399963378906,260.54998779296875,263.42999267578125,8703774.0
1741294800,263.43,282.455,250.3827,264.5017,0.0
1741298400,264.55,281.9166,247.2111,263.92,0.0
1741302000,263.92,263.98,262.695,262.958,0.0
1741338000,261.87,264.34,261.13,263.72,0.0
1741341600,263.6,264.0,261.8,262.06,0.0
1741345200,262.07,263.1,261.85,262.71,0.0
1741348800,262.72,262.88,258.35,258.98,0.0
1741352400,258.99,264.4,257.5,259.47,0.0
1741356000,259.26,264.38,258.18,259.27,0.0
1741357800,259.2749938964844,266.2499084472656,259.090087890625,260.9493103027344,26537801.0
1741361400,260.8999938964844,261.6000061035156,254.30999755859375,254.38999938964844,15854379.0
1741365000,254.4199981689453,256.0950012207031,250.72999572753906,256.0400085449219,15145976.0
1741368600,256.0899963378906,262.8699951171875,254.89999389648438,260.2049865722656,13885689.0
1741372200,260.2699890136719,264.2684020996094,259.6715087890625,263.1217956542969,9663231.0
1741375800,263.1499938964844,263.56939697265625,259.2300109863281,261.68609619140625,9220298.0
1741379400,261.5199890136719,263.5,258.4599914550781,262.6300048828125,8113322.0
1741381200,262.67,279.78,261.03,262.57,0.0
1741384800,262.625,279.7704,253.487,262.5983,0.0
1741388400,262.575,262.8,261.69,262.38,0.0
1741597200,253.62,256.29,253.36,255.72,0.0
1741600800,255.7,256.3,254.25,254.35,0.0
1741604400,254.3,256.98,253.48,256.3,0.0
1741608000,256.23,259.6,253.03,253.25,0.0
1741611600,253.23,290.8,251.06,252.55,0.0
1741613400,252.60000610351562,253.3699951171875,238.88999938964844,239.72999572753906,40927577.0
1741617000,239.91000366210938,241.49000549316406,237.60000610351562,240.16000366210938,19495395.0
1741620600,240.14999389648438,243.1092987060547,233.02999877929688,234.3000030517578,20551680.0
1741624200,234.3300018310547,234.94949340820312,225.58999633789062,227.0500030517578,27825802.0
1741627800,227.15989685058594,228.85000610351562,224.1300048828125,225.99920654296875,18614538.0
1741631400,226.02999877929688,227.10000610351562,220.66000366210938,221.5800018310547,23296862.0
1741635000,221.57000732421875,224.8000030517578,220.19000244140625,222.0800018310547,21582826.0
1741636800,222.04,224.91,220.31,222.6593,0.0
1741640400,222.605,230.8765,213.8091,218.1389,0.0
1741644000,218.14,222.15,218.03,218.21,0.0
1741647600,218.21,218.45,215.0,215.2,0.0
1741680000,221.59,229.69,220.87,228.9,0.0
1741683600,228.86,233.5,227.75,232.41,0.0
1741687200,232.46,232.8,227.87,229.69,0.0
1741690800,229.61,230.29,225.02,225.88,0.0
1741694400,225.79,233.3132,218.8,223.78,0.0
1741698000,223.781,263.925,221.87,225.32,0.0
1741699800,225.2700958251953,236.2895965576172,222.0,222.6501007080078,58854090.0
1741703400,222.60000610351562,230.98989868164062,218.02999877929688,228.39999389648438,29364038.0
1741707000,228.38999938964844,232.6999969482422,225.91000366210938,228.23500061035156,16280892.0
1741710600,228.3300018310547,230.4499053955078,223.5500030517578,223.80999755859375,12475120.0
1741714200,223.75,234.44000244140625,223.5800018310547,233.22799682617188,15121712.0
1741717800,233.1699981689453,237.0648956298828,230.82000732421875,232.6820068359375,20248023.0
1741721400,232.72999572753906,234.99000549316406,229.6199951171875,230.5,11862356.0
1741723200,230.495,236.822,215.1164,230.395,0.0
1741726800,230.4853,231.8,230.0,231.405,0.0
1741730400,231.27,234.62,231.27,234.41,0.0
1741734000,234.6,235.0,230.58,234.951,0.0
1741766400,235.19,236.75,235.0,235.58,0.0
1741770000,235.61,238.75,235.6,237.99,0.0
1741773600,237.92,238.64,236.82,236.99,0.0
1741777200,236.99,239.6,236.99,238.82,0.0
1741780800,238.79,241.0,230.58,239.6,0.0
1741784400,239.6,248.18,239.6,247.33,0.0
1741786200,244.65280151367188,251.69000244140625,244.3000030517578,246.89500427246094,50358750.0
1741789800,247.0,247.36000061035156,241.10000610351562,244.8206024169922,21409822.0
1741793400,244.8800048828125,249.99000549316406,244.52999877929688,249.3000030517578,13996209.0
1741797000,249.30999755859375,251.83999633789062,247.39999389648438,250.23989868164062,13689525.0
1741800600,250.1199951171875,251.10000610351562,245.75,249.36990356445312,11225241.0
1741804200,249.42999267578125,249.82000732421875,247.4499969482422,247.70350646972656,9348190.0
1741807800,247.75999450683594,248.3800048828125,245.97999572753906,248.27999877929688,10404480.0
1741809600,248.27,265.5815,231.9745,248.955,0.0
1741813200,248.98,249.94,248.09,249.5,0.0
1741816800,249.2562,250.95,249.1,250.95,0.0
1741820400,250.91,253.5499,250.82,253.01,0.0
1741852800,246.2,247.57,243.56,244.79,0.0
1741856400,244.82,245.63,242.25,244.77,0.0
1741860000,244.83,249.39,244.64,248.82,0.0
1741863600,248.8,249.26,244.89,245.86,0.0
1741867200,245.86,250.78,242.15,245.46,0.0
1741870800,245.5,250.35,245.3523,248.1,0.0
1741872600,248.125,248.2899932861328,234.0,239.4600067138672,40937913.0
1741876200,239.4774932861328,240.6999969482422,235.6999969482422,236.14999389648438,14679164.0
1741879800,236.1300048828125,236.44000244140625,233.52999877929688,235.3699951171875,12748608.0
1741883400,235.39999389648438,238.49000549316406,234.60009765625,236.07000732421875,10729898.0
1741887000,236.0399932861328,241.33999633789062,235.4499969482422,240.7100067138672,10646258.0
1741890600,240.75,242.60000610351562,239.27000427246094,239.7100067138672,10381525.0
1741894200,239.89999389648438,240.92999267578125,238.1510009765625,240.69000244140625,7160974.0
1741896000,240.68,254.1797,228.143,240.31,0.0
1741899600,240.25,247.2111,234.4275,240.27,0.0
1741903200,240.47,242.27,239.45,241.7145,0.0
1741906800,241.805,241.9,240.55,241.1,0.0
1741939200,243.36,245.09,242.56,244.66,0.0
1741942800,244.66,244.8,243.59,244.0,0.0
1741946400,244.06,245.51,243.6,244.68,0.0
1741950000,244.62,245.56,244.01,244.98,0.0
1741953600,244.97,246.56,242.41,246.56,0.0
1741957200,246.5,292.98,236.765,247.2245,0.0
1741959000,247.30999755859375,250.639892578125,240.74000549316406,241.0399932861328,30773216.0
1741962600,241.1300048828125,248.72999572753906,240.8800048828125,248.5950927734375,15845456.0
1741966200,248.5800018310547,249.75999450683594,246.410400390625,246.80999755859375,12018596.0
1741969800,246.7899932861328,249.66000366210938,246.42149353027344,247.981201171875,8209748.0
1741973400,247.99000549316406,249.89999389648438,247.4199981689453,249.10000610351562,7760011.0
1741977000,249.11500549316406,251.5800018310547,248.0,248.49000549316406,11058332.0
1741980600,248.50999450683594,250.32989501953125,247.7899932861328,249.98049926757812,8356801.0
1741982400,249.98,331.9212,193.0988,249.97,0.0
1741986000,250.0,250.89,225.2121,250.75,0.0
1741989600,250.74,250.75,250.39,250.48,0.0
1741993200,250.48,250.5,249.72,249.83,0.0
1742198400,246.0,247.01,245.31,246.24,0.0
1742202000,246.1,246.1,244.7,245.48,0.0
1742205600,245.45,246.78,245.28,246.21,0.0
1742209200,246.21,249.19,246.17,248.26,0.0
1742212800,248.3,249.2,244.65,246.93,0.0
1742216400,247.07,248.98,223.3,245.04,0.0
1742218200,244.97000122070312,245.01499938964844,237.1999969482422,237.33799743652344,30737986.0
1742221800,237.34500122070312,240.44000244140625,234.39999389648438,235.60000610351562,18107269.0
1742225400,235.60000610351562,236.1300048828125,233.02000427246094,233.3699951171875,14003139.0
1742229000,233.39999389648438,236.7093963623047,232.8000946044922,236.35499572753906,10683442.0
1742232600,236.35569763183594,239.32000732421875,235.79010009765625,239.2949981689453,10663875.0
1742236200,239.2899932861328,240.4199981689453,237.27999877929688,237.45010375976562,10107467.0
1742239800,237.4499969482422,239.89999389648438,237.14059448242188,237.8000030517578,7704728.0
1742241600,237.81,249.98,228.23,237.22,0.0
1742245200,237.18,372.1939,195.4941,237.1294,0.0
1742248800,237.1295,237.915,236.91,237.22,0.0
1742252400,237.25,237.3,235.8,236.14,0.0
1742284800,235.91,237.56,235.5,237.3,0.0
1742288400,237.35,237.74,236.42,236.7,0.0
1742292000,236.74,236.81,233.75,234.48,0.0
1742295600,234.45,234.79,232.41,232.44,0.0
1742299200,232.48,237.74,230.05,231.1463,0.0
1742302800,231.075,231.26,227.37,228.15,0.0
1742304600,229.18499755859375,230.10000610351562,222.27999877929688,225.08999633789062,37621940.0
1742308200,225.0500030517578,228.8800048828125,223.0500030517578,227.9199981689453,17023578.0
1742311800,227.9199981689453,229.5500030517578,226.91009521484375,229.1699981689453,11342686.0
1742315400,229.19000244140625,229.24000549316406,226.1300048828125,226.99549865722656,9359556.0
1742319000,226.9550018310547,227.49920654296875,223.30059814453125,225.13999938964844,10875787.0
1742322600,225.13499450683594,227.9698944091797,225.125,226.41720581054688,9622196.0
1742326200,226.4257049560547,226.86000061035156,224.72000122070312,225.47999572753906,6744236.0
1742328000,225.48,227.33,224.8147,225.8245,0.0
1742331600,226.0,238.1177,211.2009,227.57,0.0
1742335200,227.63,228.85,226.7,228.1037,0.0
1742338800,228.1,228.38,227.33,227.75,0.0
1742371200,227.31,230.24,227.15,229.89,0.0
1742374800,229.89,232.01,229.89,231.82,0.0
1742378400,231.81,234.85,231.12,233.56,0.0
1742382000,233.65,234.19,231.13,231.52,0.0
1742385600,231.52,234.3497,226.52,231.5987,0.0
1742389200,231.5025,232.85,227.72,231.58,0.0
1742391000,231.61000061035156,234.1300048828125,229.2010040283203,231.3332977294922,31129548.0
1742394600,231.30999755859375,235.5,230.4199981689453,235.4149932861328,13355247.0
1742398200,235.42999267578125,237.07000732421875,234.6199951171875,235.17999267578125,11939188.0
1742401800,235.13999938964844,235.20449829101562,233.3699951171875,234.35079956054688,7932142.0
1742405400,234.3350067138672,235.14999389648438,232.07000732421875,233.4149932861328,10568906.0
1742409000,233.4199981689453,241.41000366210938,233.4199981689453,235.2969970703125,19909166.0
1742412600,235.3249969482422,238.14999389648438,235.13999938964844,235.72999572753906,9655736.0
1742414400,235.85,236.6287,231.8259,236.1512,0.0
1742418000,236.15,238.32,236.13,237.76,0.0
1742421600,237.57,238.66,235.86,238.32,0.0
1742425200,238.36,240.22,238.0241,239.88,0.0
1742457600,240.92,242.29,239.19,239.9,0.0
1742461200,239.84,240.33,234.9,234.92,0.0
1742464800,234.89,235.77,229.3,231.9,0.0
1742468400,231.94,233.92,230.87,232.13,0.0
1742472000,232.08,242.3,224.53,232.5,0.0
1742475600,232.6488,235.0,227.78,233.47,0.0
1742477400,233.34500122070312,238.0,232.1300048828125,236.5399932861328,29460042.0
1742481000,236.5,237.07989501953125,233.77000427246094,234.07440185546875,11641985.0
1742484600,234.0399932861328,234.0399932861328,230.0500946044922,231.90980529785156,17476389.0
1742488200,231.85890197753906,235.6898956298828,231.85890197753906,234.2700958251953,9749691.0
1742491800,234.35000610351562,236.64999389648438,232.35000610351562,232.47500610351562,9434422.0
1742495400,232.44000244140625,235.0800018310547,231.88999938964844,233.69000244140625,9232350.0
1742499000,233.7100067138672,236.25999450683594,233.6800994873047,236.25,6303791.0
1742500800,236.1058,252.9569,220.801,236.3999,0.0
1742504400,236.322,247.2111,235.4,235.6,0.0
1742508000,235.6022,302.8,235.01,235.59,0.0
1742511600,235.53,236.26,234.7537,235.0,0.0
1742544000,236.62,236.88,234.22,234.6,0.0
1742547600,234.52,234.96,233.0,234.63,0.0
1742551200,234.57,235.54,234.1,234.98,0.0
1742554800,234.9,236.97,234.15,236.73,0.0
1742558400,236.74,238.25,224.53,237.29,0.0
1742562000,237.2145,237.43,233.35,235.0,0.0
1742563800,234.98500061035156,243.75999450683594,234.5625,238.92990112304688,39806149.0
1742567400,238.9199981689453,242.6790008544922,237.85800170898438,240.25,14483529.0
1742571000,240.3000030517578,245.00999450683594,239.27999877929688,244.9499969482422,12846317.0
1742574600,244.9199981689453,246.8800048828125,244.44000244140625,245.36000061035156,15455552.0
1742578200,245.3699951171875,247.55999755859375,245.16000366210938,246.0749969482422,10491404.0
1742581800,246.07000732421875,247.41000366210938,244.52000427246094,245.02499389648438,11428643.0
1742585400,245.0,249.49000549316406,244.60000610351562,249.11500549316406,12216546.0
1742587200,249.13,249.68,247.62,249.36,0.0
1742590800,249.4,249.5,242.6287,248.93,0.0
1742594400,248.945,249.8,243.5809,249.75,0.0
1742598000,249.73,249.8,248.71,249.45,0.0
1742803200,255.43,257.9,255.43,257.9,0.0
1742806800,257.81,259.9,257.76,258.16,0.0
1742810400,258.15,258.67,257.45,258.36,0.0
1742814000,258.36,258.92,256.9,257.6,0.0
1742817600,257.61,259.9126,254.92,258.835,0.0
1742821200,258.835,259.85,248.71,258.02,0.0
1742823000,258.07501220703125,274.3999938964844,256.3299865722656,274.2099914550781,54989616.0
1742826600,274.2025146484375,274.7200012207031,270.70050048828125,271.92999267578125,24990314.0
1742830200,271.92498779296875,273.2799987792969,270.0199890136719,272.31500244140625,15608681.0
1742833800,272.3312072753906,275.7699890136719,271.7699890136719,274.0400085449219,14529904.0
1742837400,274.0899963378906,275.45001220703125,273.30999755859375,275.2300109863281,12401941.0
1742841000,275.239990234375,276.3500061035156,273.6499938964844,276.1700134277344,13880558.0
1742844600,276.1499938964844,278.6400146484375,275.3800048828125,278.44000244140625,16044092.0
1742846400,278.45,281.35,262.56,281.34,0.0
1742850000,281.35,339.5948,166.3025,281.7988,0.0
1742853600,281.7982,281.98,280.03,280.39,0.0
1742857200,280.3901,282.4,280.1108,282.3799,0.0
1742889600,284.1,285.74,273.32,273.32,0.0
1742893200,273.36,279.0,273.17,276.46,0.0
1742896800,276.39,278.14,276.04,277.45,0.0
1742900400,277.44,283.15,277.3,282.15,0.0
1742904000,282.15,285.83,273.1312,282.93,0.0
1742907600,282.97,284.48,248.71,283.56,0.0
1742909400,283.5,283.5849914550781,271.2799987792969,277.154296875,53567044.0
1742913000,277.19000244140625,279.7099914550781,276.1700134277344,277.7300109863281,18994471.0
1742916600,277.7200012207031,279.20001220703125,275.1499938964844,278.07000732421875,12938374.0
1742920200,278.1199951171875,280.7200012207031,277.0,277.2441101074219,12487543.0
1742923800,277.260009765625,280.627685546875,277.1499938964844,279.6700134277344,9764616.0
1742927400,279.7300109863281,284.8699951171875,279.4410095214844,284.54998779296875,17869280.0
1742931000,284.5400085449219,288.20001220703125,284.35418701171875,288.1499938964844,15352239.0
1742932800,288.16,291.19,273.258,288.49,0.0
1742936400,288.47,296.5956,287.35,287.45,0.0
1742940000,287.4012,288.5,285.6001,287.7002,0.0
1742943600,287.7007,288.1,286.83,287.25,0.0
1742976000,285.99,286.11,282.61,284.51,0.0
1742979600,284.59,284.7,283.4,283.7,0.0
1742983200,283.75,284.44,282.63,284.0,0.0
1742986800,283.98,285.93,283.96,284.81,0.0
1742990400,284.75,288.14,282.61,284.61,0.0
1742994000,284.58,285.39,238.269,282.7,0.0
1742995800,282.36151123046875,284.8999938964844,272.6000061035156,275.8699951171875,43411866.0
1742999400,275.8550109863281,279.3280029296875,275.07000732421875,276.4800109863281,19623500.0
1743003000,276.5299987792969,277.7799987792969,272.79998779296875,274.3800048828125,15272398.0
1743006600,274.3800048828125,275.0,269.6499938964844,270.8949890136719,16690062.0
1743010200,270.8949890136719,273.49969482421875,268.6600036621094,271.67999267578125,15624876.0
1743013800,271.6216125488281,272.46990966796875,267.2500915527344,267.75421142578125,14116239.0
1743017400,267.7799987792969,272.57281494140625,266.510009765625,271.989990234375,13813701.0
1743019200,272.06,283.3561,255.0417,271.06,0.0
1743022800,271.06,277.1,267.63,276.62,0.0
1743026400,276.52,280.03,271.99,273.99,0.0
1743030000,273.97,274.22,268.4,268.5,0.0
1743062400,269.0,269.2,265.0,266.29,0.0
1743066000,266.59,273.65,266.51,273.21,0.0
1743069600,273.12,275.75,270.7,274.49,0.0
1743073200,274.62,274.97,271.78,273.5,0.0
1743076800,273.52,275.7,265.0264,273.035,0.0
1743080400,272.97,290.42,270.29,272.33,0.0
1743082200,272.4800109863281,282.5497131347656,271.82159423828125,282.38079833984375,39865040.0
1743085800,282.4789123535156,291.8399963378906,282.2099914550781,286.9200134277344,32836779.0
1743089400,286.9700012207031,287.17999267578125,280.260009765625,280.4100036621094,22768054.0
1743093000,280.42999267578125,281.9104919433594,273.79998779296875,273.92999267578125,20001861.0
1743096600,273.9599914550781,278.6000061035156,273.7251892089844,276.05999755859375,13066682.0
1743100200,276.04998779296875,279.6700134277344,275.260009765625,278.20001220703125,12845491.0
1743103800,278.19000244140625,278.6400146484375,272.05999755859375,273.2300109863281,11541953.0
1743105600,273.23,344.348,206.1134,273.59,0.0
1743109200,273.6,344.348,215.46,273.655,0.0
1743112800,273.66,274.8,273.13,274.25,0.0
1743116400,274.225,274.3,272.65,272.8,0.0
1743148800,271.76,275.53,271.26,274.31,0.0
1743152400,274.29,279.25,273.91,279.22,0.0
1743156000,279.25,279.36,276.01,277.39,0.0
1743159600,277.39,278.25,275.43,276.0,0.0
1743163200,275.84,279.3481,271.6305,277.59,0.0
1743166800,277.51,278.18,274.0,275.515,0.0
1743168600,275.5,276.1000061035156,264.1499938964844,265.0,37328818.0
1743172200,265.0,267.3233947753906,260.7900085449219,265.8562927246094,23256140.0
1743175800,265.75,268.1099853515625,261.75,263.5,13777917.0
1743179400,263.5484924316406,266.0,262.85009765625,263.2799987792969,9844478.0
1743183000,263.2900085449219,265.3999938964844,262.3599853515625,264.6700134277344,10344490.0
1743186600,264.75,265.1733093261719,262.3500061035156,263.05499267578125,11184014.0
1743190200,263.05499267578125,264.70001220703125,260.5799865722656,263.489990234375,10402229.0
1743192000,263.47,271.0794,244.1347,262.01,0.0
1743195600,262.07,262.5,261.3,261.915,0.0
1743199200,262.0,262.37,260.81,261.0,0.0
1743202800,261.174,261.174,260.0,260.12,0.0
1743408000,260.0,260.0,252.21,252.89,0.0
1743411600,252.76,253.8,251.6,252.82,0.0
1743415200,252.84,253.04,251.01,251.38,0.0
1743418800,251.33,252.2,247.0,247.05,0.0
1743422400,247.1,255.5,246.67,247.65,0.0
1743426000,247.74,249.62,247.3,249.41,0.0
1743427800,249.1699981689453,252.0800018310547,243.360107421875,245.38999938964844,41651785.0
1743431400,245.36000061035156,252.3000030517578,245.2100067138672,250.85000610351562,18533744.0
1743435000,250.90249633789062,255.25,250.17999267578125,254.83999633789062,14804221.0
1743438600,254.83999633789062,256.8999938964844,253.66000366210938,254.25,12407319.0
1743442200,254.3000030517578,258.7799072265625,252.6201934814453,258.5458984375,12451271.0
1743445800,258.5799865722656,260.3500061035156,256.5,256.706787109375,14638550.0
1743449400,256.69000244140625,260.55999755859375,256.3500061035156,259.2699890136719,10888065.0
1743451200,259.14,268.6323,252.05,258.48,0.0
1743454800,258.46,268.6323,249.3877,258.16,0.0
1743458400,258.1,258.16,255.89,256.1886,0.0
1743462000,256.151,257.1,255.6501,256.1,0.0
1743494400,263.79,271.13,263.43,269.89,0.0
1743498000,269.83,269.9,267.92,268.94,0.0
1743501600,268.96,269.36,265.51,265.6,0.0
1743505200,265.6,266.67,261.41,262.72,0.0
1743508800,262.68,271.07,259.16,263.16,0.0
1743512400,263.29,264.5,259.16,263.7,0.0
1743514200,263.7349853515625,268.1199951171875,259.25,265.989990234375,36961818.0
1743517800,265.8900146484375,274.8299865722656,265.70001220703125,274.1700134277344,25912140.0
1743521400,274.19000244140625,277.45001220703125,272.5299987792969,273.7301025390625,19176163.0
1743525000,273.7900085449219,275.5,271.0,273.3384094238281,15736633.0
1743528600,273.29998779296875,275.9100036621094,269.1700134277344,269.8500061035156,15097651.0
1743532200,269.79998779296875,271.0799865722656,267.0899963378906,269.04998779296875,14511371.0
1743535800,269.0799865722656,271.05999755859375,268.20001220703125,268.4800109863281,10506787.0
1743537600,268.47,282.694,254.1552,268.0542,0.0
1743541200,268.15,268.75,261.209,268.47,0.0
1743544800,268.5,270.09,268.2,268.385,0.0
1743548400,268.39,269.2,267.97,268.08,0.0
1743580800,265.67,266.5,263.2,266.4,0.0
1743584400,266.24,266.64,264.87,265.27,0.0
1743588000,265.22,266.0,261.5,262.17,0.0
1743591600,262.2,263.09,261.16,261.59,0.0
1743595200,261.52,268.46,260.03,260.95,0.0
1743598800,260.96,263.38,252.98,254.78,0.0
1743600600,254.60000610351562,266.48919677734375,251.27000427246094,263.0299987792969,47891682.0
1743604200,262.9949951171875,276.9800109863281,260.1300048828125,275.5166015625,31555016.0
1743607800,275.5,284.389892578125,273.54998779296875,283.2200012207031,36251594.0
1743611400,283.2099914550781,284.20001220703125,268.4599914550781,283.5799865722656,26505661.0
1743615000,283.5849914550781,283.9100036621094,268.4599914550781,278.6400146484375,17370739.0
1743618600,278.6099853515625,283.260009765625,278.3800048828125,280.6700134277344,16539074.0
1743622200,280.6199951171875,284.989990234375,278.5299987792969,282.6700134277344,15968073.0
1743624000,282.707,293.0,268.14,272.2,0.0
1743627600,272.68,272.68,253.4732,268.69,0.0
1743631200,268.5,282.76,263.16,265.65,0.0
1743634800,265.61,265.7,260.0,260.1,0.0
1743667200,268.46,273.58,268.28,273.19,0.0
1743670800,273.12,274.66,270.97,271.0,0.0
1743674400,271.06,272.17,267.1,267.74,0.0
1743678000,267.77,269.79,265.14,266.27,0.0
1743681600,266.32,282.76,264.15,265.66,0.0
1743685200,265.55,417.387,263.57,265.54,0.0
1743687000,265.239990234375,276.29998779296875,264.0,267.3575134277344,42989378.0
1743690600,267.29998779296875,268.4798889160156,261.510009765625,265.5799865722656,22322398.0
1743694200,265.5400085449219,271.489990234375,265.0299987792969,270.8800048828125,16312651.0
1743697800,270.9599914550781,271.6000061035156,267.0,268.2799987792969,13889973.0
1743701400,268.2650146484375,270.5,266.5799865722656,267.0877990722656,9511327.0
1743705000,267.0801086425781,270.2200012207031,265.2099914550781,265.8999938964844,13470195.0
1743708600,265.9549865722656,268.3800048828125,264.8599853515625,267.1400146484375,10037129.0
1743710400,267.138,267.9695,250.3827,266.76,0.0
1743714000,266.75,283.2732,252.8013,267.2798,0.0
1743717600,267.205,267.75,266.29,266.96,0.0
1743721200,266.99,268.3,262.4,268.1,0.0
1743753600,265.62,269.01,265.25,268.21,0.0
1743757200,268.27,268.27,263.55,263.63,0.0
1743760800,263.71,265.3,250.63,251.39,0.0
1743764400,251.23,255.87,246.75,247.729,0.0
1743768000,247.72,269.0,245.91,252.67,0.0
1743771600,252.25,277.16,251.86,255.3,0.0
1743773400,255.3699951171875,261.0,242.30999755859375,242.4136962890625,51747871.0
1743777000,242.47999572753906,249.02999877929688,236.0,243.75,36682565.0
1743780600,243.82000732421875,245.82980346679688,240.6999969482422,241.4199981689453,18147517.0
1743784200,241.41000366210938,243.19000244140625,239.36000061035156,241.01690673828125,16075365.0
1743787800,240.9600067138672,246.22999572753906,239.74099731445312,240.23500061035156,14242706.0
1743791400,240.27000427246094,243.9302978515625,238.4199981689453,242.7899932861328,16660250.0
1743795000,242.6699981689453,245.2626953125,238.7100067138672,239.33999633789062,14746733.0
1743796800,239.43,240.0,236.72,238.27,0.0
1743800400,238.27,239.43,237.55,237.88,0.0
1743804000,237.9,238.0,236.2301,236.35,0.0
1743807600,236.36,236.49,235.0,235.2068,0.0
1744012800,216.18,221.63,214.8,219.44,0.0
1744016400,219.34,227.13,218.3,222.11,0.0
1744020000,222.01,231.36,221.08,228.79,0.0
1744023600,228.7,235.42,225.25,226.79,0.0
1744027200,226.79,239.43,208.68,226.94,0.0
1744030800,226.85,228.74,222.23,223.79,0.0
1744032600,223.0,252.0,214.25,228.19000244140625,70541293.0
1744036200,228.15719604492188,237.19000244140625,224.19500732421875,225.82000732421875,28647416.0
1744039800,225.7082061767578,231.639892578125,225.13999938964844,228.85000610351562,16177634.0
1744043400,228.8699951171875,234.65769958496094,225.67010498046875,233.16990661621094,14899541.0
1744047000,233.0449981689453,237.3699951171875,230.52000427246094,231.55499267578125,15566365.0
1744050600,231.5574951171875,234.89990234375,227.75010681152344,229.4499969482422,15140109.0
1744054200,229.44000244140625,234.66000366210938,228.17010498046875,233.2899932861328,11034151.0
1744056000,233.29,252.66,225.31,234.35,0.0
1744059600,234.31,239.7933,230.8066,234.84,0.0
1744063200,234.83,263.55,234.62,239.16,0.0
1744066800,239.22,241.25,238.86,239.485,0.0
1744099200,239.37,240.01,236.27,237.0,0.0
1744102800,237.09,239.0,236.71,237.46,0.0
1744106400,237.46,238.23,234.78,236.3,0.0
1744110000,236.15,238.87,236.01,238.26,0.0
1744113600,238.16,243.14,233.29,242.64,0.0
1744117200,242.54,246.8,215.765,245.04,0.0
1744119000,245.0500030517578,249.94000244140625,241.343994140625,247.96600341796875,40574099.0
1744122600,247.97999572753906,250.44000244140625,242.42010498046875,243.4499969482422,22794506.0
1744126200,243.34500122070312,246.90989685058594,236.60009765625,237.81500244140625,17545794.0
1744129800,237.77999877929688,238.60000610351562,228.1999969482422,229.64999389648438,22849481.0
1744133400,229.57000732421875,235.19979858398438,228.84010314941406,229.0863037109375,15928357.0
1744137000,229.0449981689453,233.61990356445312,220.61599731445312,222.97940063476562,22599545.0
1744140600,222.97999572753906,223.19000244140625,217.8000030517578,221.5800018310547,18316517.0
1744142400,221.598,236.822,213.3132,223.2,0.0
1744146000,223.28,264.41,213.3132,224.9882,0.0
1744149600,224.92,225.0,219.05,220.35,0.0
1744153200,220.46,220.46,216.81,218.7516,0.0
1744185600,230.49,232.8,227.06,227.54,0.0
1744189200,227.53,230.9,225.4,229.34,0.0
1744192800,229.35,229.64,225.54,226.71,0.0
1744196400,226.42,229.5,220.3,222.13,0.0
1744200000,222.29,232.93,217.36,221.0,0.0
1744203600,220.74,226.42,219.4,224.67,0.0
1744205400,224.5625,234.6511993408203,223.88999938964844,231.58999633789062,43055288.0
1744209000,231.6999969482422,234.27999877929688,226.6300048828125,230.8000030517578,19809688.0
1744212600,230.82000732421875,233.8300018310547,227.42689514160156,232.65499877929688,14833847.0
1744216200,232.61000061035156,253.8000030517578,231.8699951171875,246.27310180664062,26109122.0
1744219800,246.39999389648438,266.8900146484375,232.5500030517578,265.0899963378906,40318863.0
1744223400,265.05999755859375,269.20989990234375,259.3822021484375,268.4800109863281,31867215.0
1744227000,268.4599914550781,274.69000244140625,267.20001220703125,272.0,20202687.0
1744228800,272.1,283.3561,265.5815,274.45,0.0
1744232400,274.33,283.3561,267.3,268.25,0.0
1744236000,268.29,272.2,267.51,270.52,0.0
1744239600,270.575,272.2,269.01,269.33,0.0
1744272000,264.87,265.29,260.65,261.5,0.0
1744275600,261.45,262.75,257.55,261.41,0.0
1744279200,261.44,264.54,261.44,263.32,0.0
1744282800,263.29,264.36,261.5,262.56,0.0
1744286400,262.6,271.29,257.5541,262.04,0.0
1744290000,261.95,267.9,259.83,260.02,0.0
1744291800,260.0299987792969,262.489990234375,252.80419921875,254.38999938964844,41933295.0
1744295400,254.55999755859375,257.54998779296875,251.19000244140625,251.25079345703125,18379734.0
1744299000,251.28550720214844,251.75,239.3300018310547,241.27499389648438,28476084.0
1744302600,241.27999877929688,250.1300048828125,240.89999389648438,245.85000610351562,23933820.0
1744306200,245.77499389648438,254.5800018310547,245.0200958251953,254.10000610351562,21021581.0
1744309800,254.13999938964844,256.5400085449219,247.7100067138672,247.75750732421875,21399172.0
1744313400,247.7899932861328,253.4398956298828,245.13999938964844,252.39999389648438,14548739.0
1744315200,252.02,269.7,236.065,252.27,0.0
1744318800,252.2,330.5734,217.701,250.48,0.0
1744322400,250.48,253.0,250.48,251.84,0.0
1744326000,251.75,251.99,247.34,247.74,0.0
1744358400,253.95,254.9,246.82,247.63,0.0
1744362000,247.68,250.28,245.8,250.17,0.0
1744365600,250.19,254.46,250.0,252.8,0.0
1744369200,252.72,254.27,251.25,251.57,0.0
1744372800,251.51,258.5,245.8143,252.1599,0.0
1744376400,252.01,276.63,225.565,251.7401,0.0
1744378200,251.83999633789062,257.739990234375,244.5800018310547,244.85000610351562,36039860.0
1744381800,244.89500427246094,249.75,242.15499877929688,243.89999389648438,19844440.0
1744385400,243.9499969482422,246.0,241.36289978027344,242.22000122070312,14209301.0
1744389000,242.22500610351562,251.22000122070312,242.2010040283203,245.52499389648438,19611723.0
1744392600,245.52980041503906,250.4199981689453,245.05999755859375,248.52999877929688,13344535.0
1744396200,248.57000732421875,251.46200561523438,246.57000732421875,250.4149932861328,11321490.0
1744399800,250.3699951171875,252.32000732421875,248.70010375976562,252.17999267578125,8993721.0
1744401600,252.31,253.3,235.8159,252.1,0.0
1744405200,252.1,252.7,251.7,251.75,0.0
1744408800,251.775,252.16,251.41,251.84,0.0
1744412400,251.865,253.0,251.76,252.97,0.0
1744617600,258.99,259.0,254.65,254.8,0.0
1744621200,254.79,256.29,253.91,254.88,0.0
1744624800,254.84,255.18,253.6,254.85,0.0
1744628400,254.84,257.38,254.71,256.88,0.0
1744632000,256.91,259.3269,252.31,257.6785,0.0
1744635600,257.7,258.64,257.41,258.28,0.0
1744637400,258.32501220703125,261.79998779296875,252.4600067138672,257.2650146484375,27632331.0
1744641000,257.2650146484375,258.57000732421875,248.58999633789062,248.93499755859375,15832725.0
1744644600,248.9499969482422,250.47000122070312,246.2801055908203,247.0050048828125,14600593.0
1744648200,246.9499969482422,249.67999267578125,245.92999267578125,247.99000549316406,10166294.0
1744651800,247.97000122070312,249.89999389648438,247.1999969482422,249.19000244140625,7042681.0
1744655400,249.23289489746094,254.14999389648438,248.85000610351562,253.43609619140625,11169743.0
1744659000,253.44000244140625,256.0,251.9199981689453,252.36000061035156,8545474.0
1744660800,252.34,268.6323,239.7797,251.6,0.0
1744664400,251.6,268.6323,236.7772,251.34,0.0
1744668000,251.35,252.35,249.75,249.8195,0.0
1744671600,249.8197,251.0,249.0,249.07,0.0
1744704000,253.28,254.0,252.3,252.6,0.0
1744707600,252.65,253.6,252.4,253.3,0.0
1744711200,253.21,253.58,252.35,252.97,0.0
1744714800,252.97,253.2,250.77,250.96,0.0
1744718400,251.0,253.9797,249.4,249.81,0.0
1744722000,249.89,250.94,249.51,249.9,0.0
1744723800,249.86000061035156,257.8599853515625,247.5500030517578,254.11000061035156,28038577.0
1744727400,254.14920043945312,258.75,254.14920043945312,255.22579956054688,13615895.0
1744731000,255.2899932861328,256.29998779296875,254.0500030517578,255.22000122070312,7756420.0
1744734600,255.22999572753906,255.64999389648438,251.58999633789062,252.14990234375,7887018.0
1744738200,252.0800018310547,253.92990112304688,250.83999633789062,251.9217071533203,7150101.0
1744741800,251.88250732421875,253.64199829101562,251.66000366210938,252.12969970703125,6358032.0
1744745400,252.11500549316406,254.2342987060547,252.05999755859375,254.1199951171875,4775502.0
1744747200,254.11,269.8423,238.1177,253.36,0.0
1744750800,253.3799,269.8423,238.1177,250.87,0.0
1744754400,250.73,251.54,249.75,250.55,0.0
1744758000,250.46,250.68,249.8806,250.3495,0.0
1744790400,247.32,250.0,244.82,248.27,0.0
1744794000,248.42,250.85,247.5,248.81,0.0
1744797600,248.7,249.5,248.22,249.14,0.0
1744801200,249.2,249.7,247.72,249.16,0.0
1744804800,249.19,254.11,244.8538,249.74,0.0
1744808400,249.78,257.65,247.5,247.79,0.0
1744810200,247.69000244140625,250.83999633789062,247.0301055908203,250.04710388183594,20622783.0
1744813800,250.0500030517578,251.35000610351562,248.1699981689453,250.79989624023438,10807537.0
1744817400,250.8000030517578,251.97000122070312,246.67999267578125,247.31500244140625,10165100.0
1744821000,247.30999755859375,248.25999450683594,245.1999969482422,246.6199951171875,8708344.0
1744824600,246.6699981689453,246.7220001220703,239.3699951171875,240.74000549316406,18905899.0
1744828200,240.72500610351562,240.99000549316406,233.88999938964844,234.3800048828125,18134989.0
1744831800,234.40499877929688,241.74000549316406,234.39999389648438,241.5500030517578,14481295.0
1744833600,241.55,253.4732,231.8259,239.91,0.0
1744837200,239.84,255.9035,239.81,241.8525,0.0
1744840800,241.87,242.88,241.41,242.37,0.0
1744844400,242.302,242.6,241.6,242.25,0.0
1744876800,244.94,245.79,244.27,245.28,0.0
1744880400,245.18,245.4,243.35,243.93,0.0
1744884000,244.0,244.33,243.1,243.6,0.0
1744887600,243.66,243.67,241.9,242.64,0.0
1744891200,242.7,246.4,241.55,243.77,0.0
1744894800,243.81,244.7675,242.54,243.49,0.0
1744896600,243.39500427246094,244.33999633789062,238.65109252929688,238.8000946044922,23277613.0
1744900200,238.8800048828125,242.25,237.6833038330078,239.4499969482422,12291126.0
1744903800,239.5,242.10000610351562,238.47000122070312,241.781005859375,9929995.0
1744907400,241.83349609375,242.55999755859375,239.3009033203125,239.34339904785156,7433686.0
1744911000,239.39999389648438,242.16000366210938,238.75,241.24000549316406,7071337.0
1744914600,241.27000427246094,242.10000610351562,238.89999389648438,239.23980712890625,7811255.0
1744918200,239.27439880371094,241.75,239.14500427246094,241.5399932861328,8322309.0
1744920000,241.53,241.93,240.8,240.91,0.0
1744923600,240.85,256.1494,226.8008,241.0,0.0
1744927200,240.95,241.2,240.71,240.74,0.0
1744930800,240.712,241.37,240.6,240.89,0.0
1745222400,236.37,236.5,234.25,234.98,0.0
1745226000,234.9,235.1,231.38,232.35,0.0
1745229600,232.3,233.15,231.46,231.98,0.0
1745233200,232.03,233.69,230.63,231.54,0.0
1745236800,231.61,241.37,230.7245,232.14,0.0
1745240400,232.14,243.595,230.1,230.27,0.0
1745242200,229.5,232.2100067138672,223.6699981689453,225.00999450683594,29074210.0
1745245800,225.00999450683594,226.85000610351562,223.94000244140625,224.73500061035156,11873070.0
1745249400,224.7899932861328,225.5500030517578,223.42999267578125,224.82000732421875,9585570.0
1745253000,224.81500244140625,226.07000732421875,223.17320251464844,223.4600067138672,7918037.0
1745256600,223.4499969482422,224.61000061035156,222.8000030517578,224.42320251464844,7392789.0
1745260200,224.36000061035156,225.22000122070312,223.25,224.57000732421875,8761204.0
1745263800,224.52999877929688,227.8699951171875,224.52000427246094,227.4499969482422,9457202.0
1745265600,227.45,228.22,227.0,227.01,0.0
1745269200,227.15,384.9509,179.7697,227.6,0.0
1745272800,227.6,227.71,225.325,225.77,0.0
1745276400,225.7,227.87,225.32,227.76,0.0
1745308800,230.17,230.34,227.8,228.35,0.0
1745312400,228.4,229.49,228.4,229.43,0.0
1745316000,229.43,229.9,229.01,229.4,0.0
1745319600,229.35,229.58,228.62,229.05,0.0
1745323200,229.18,231.14,226.85,229.66,0.0
1745326800,229.51,231.32,229.5,230.91,0.0
1745328600,230.34140014648438,237.80999755859375,230.10000610351562,235.96009826660156,25643137.0
1745332200,235.9683074951172,239.3800048828125,234.62890625,238.11000061035156,13692143.0
1745335800,238.13999938964844,242.7899932861328,237.65109252929688,241.83999633789062,14784535.0
1745339400,241.88900756835938,242.07989501953125,235.64999389648438,235.8699951171875,12002774.0
1745343000,235.86500549316406,238.49000549316406,234.46270751953125,238.25999450683594,11098805.0
1745346600,238.24000549316406,238.5,235.25,235.38999938964844,9141686.0
1745350200,235.38999938964844,238.33999633789062,235.1300048828125,238.14999389648438,10096132.0
1745352000,238.15,250.1,232.1995,237.97,0.0
1745355600,238.0,256.44,237.0,247.3,0.0
1745359200,247.3,251.75,245.16,249.7699,0.0
1745362800,249.724,251.5,237.97,250.8,0.0
1745395200,249.69,254.78,248.68,253.97,0.0
1745398800,253.99,254.68,252.21,253.5,0.0
1745402400,253.5,254.06,252.61,253.36,0.0
1745406000,253.46,255.98,253.0,254.63,0.0
1745409600,254.61,255.98,249.02,255.0032,0.0
1745413200,255.05,257.8,227.265,254.87,0.0
1745415000,254.86000061035156,255.47000122070312,244.42999267578125,254.63499450683594,51992931.0
1745418600,254.58999633789062,259.44000244140625,254.11000061035156,254.74879455566406,27652558.0
1745422200,254.75,256.07000732421875,251.0800018310547,252.6199951171875,15951477.0
1745425800,252.625,257.34039306640625,252.2012939453125,255.9149932861328,12332601.0
1745429400,255.99000549316406,258.2298889160156,254.7899932861328,256.5,11448301.0
1745433000,256.5199890136719,257.85211181640625,252.05999755859375,252.3800048828125,12131548.0
1745436600,252.4199981689453,253.4499969482422,250.33999633789062,250.7899932861328,10336844.0
1745438400,250.74,265.5815,236.9259,252.345,0.0
1745442000,252.3,253.0,251.65,252.21,0.0
1745445600,252.29,252.3574,237.85,250.665,0.0
1745449200,250.665,252.1,250.55,251.875,0.0
1745481600,248.36,248.72,245.25,245.89,0.0
1745485200,245.89,246.49,244.76,246.43,0.0
1745488800,246.4,249.07,246.4,248.0,0.0
1745492400,248.09,250.49,247.94,248.91,0.0
1745496000,248.91,251.4062,244.8232,250.63,0.0
1745499600,250.65,252.53,250.46,250.62,0.0
1745501400,249.5050048828125,258.1494140625,249.1999969482422,256.389892578125,29388587.0
1745505000,256.2950134277344,257.510009765625,253.69009399414062,254.80369567871094,14371735.0
1745508600,254.80569458007812,255.39999389648438,252.47000122070312,254.84939575195312,11479866.0
1745512200,254.8300018310547,256.1000061035156,253.61000061035156,255.36000061035156,7701678.0
1745515800,255.36000061035156,257.239990234375,254.57009887695312,257.1680908203125,6987829.0
1745519400,257.1700134277344,257.989990234375,254.90499877929688,255.95010375976562,9138897.0
1745523000,256.0,259.5400085449219,255.9600067138672,259.510009765625,8359222.0
1745524800,259.51,273.5665,242.5975,259.3,0.0
1745528400,259.15,273.5665,247.2111,260.61,0.0
1745532000,260.7,261.2,259.51,261.1,0.0
1745535600,261.0508,263.33,260.8,263.3001,0.0
1745568000,262.69,265.14,262.3,264.25,0.0
1745571600,264.25,264.94,263.19,264.29,0.0
1745575200,264.2,264.49,262.08,262.2,0.0
1745578800,262.22,262.49,260.0,261.96,0.0
1745582400,261.9,265.15,259.51,260.91,0.0
1745586000,260.99,262.28,249.7,261.59,0.0
1745587800,263.0950012207031,271.2200012207031,259.6300048828125,270.625,37287923.0
1745591400,270.6499938964844,279.989990234375,269.739990234375,279.5201110839844,34773861.0
1745595000,279.5451965332031,284.55999755859375,278.90008544921875,284.3999938964844,24202519.0
1745598600,284.4100036621094,286.8500061035156,283.760009765625,286.6499938964844,17486483.0
1745602200,286.6400146484375,286.6400146484375,281.04998779296875,284.2308044433594,17487896.0
1745605800,284.2349853515625,286.0,282.2601013183594,282.55999755859375,13080832.0
1745609400,282.55499267578125,285.42999267578125,281.70001220703125,284.875,12767488.0
1745611200,284.85,285.8,284.33,285.0108,0.0
1745614800,285.0108,364.0568,127.1088,283.79,0.0
1745618400,283.79,284.95,283.11,284.09,0.0
1745622000,284.03,285.1,283.8,285.0,0.0
1745827200,286.51,287.81,284.2,287.52,0.0
1745830800,287.59,292.65,287.59,291.08,0.0
1745834400,291.11,291.57,290.0,290.48,0.0
1745838000,290.41,290.65,286.74,289.25,0.0
1745841600,289.16,292.6321,281.86,288.26,0.0
1745845200,288.38,291.11,250.5,289.0,0.0
1745847000,289.0398864746094,294.8599853515625,283.4100036621094,286.4750061035156,48056437.0
1745850600,286.4237976074219,287.5,273.7799987792969,274.07000732421875,28147697.0
1745854200,274.0199890136719,277.7699890136719,272.4200134277344,274.6083068847656,18574605.0
1745857800,274.6400146484375,278.4200134277344,274.4306945800781,276.51409912109375,12190401.0
1745861400,276.55499267578125,281.82000732421875,275.3900146484375,280.94281005859375,12914397.0
1745865000,280.95001220703125,285.17999267578125,280.2300109863281,284.6492004394531,13648053.0
1745868600,284.6300048828125,286.7200012207031,283.8999938964844,285.8789978027344,10158741.0
1745870400,285.87,302.364,266.3063,296.399,0.0
1745874000,285.1,304.0136,266.3063,284.3197,0.0
1745877600,284.29,284.55,283.01,283.9,0.0
1745881200,283.81,286.0,283.7,285.5488,0.0
1745913600,288.29,289.74,288.0,288.96,0.0
1745917200,288.99,289.24,287.7,288.3,0.0
1745920800,288.34,288.77,287.4,288.28,0.0
1745924400,288.22,288.32,283.35,285.5,0.0
1745928000,285.51,289.7845,283.35,286.3495,0.0
1745931600,286.35,295.595,261.165,285.46,0.0
1745933400,285.4775085449219,289.29998779296875,279.7099914550781,281.3999938964844,33674447.0
1745937000,281.4056091308594,283.6328125,279.4695129394531,281.9100036621094,16042828.0
1745940600,281.9100036621094,284.79998779296875,280.8999938964844,282.760009765625,10652401.0
1745944200,282.7369079589844,285.67999267578125,282.70001220703125,284.8900146484375,10573605.0
1745947800,284.9100036621094,286.8699951171875,284.1499938964844,285.74560546875,8851568.0
1745951400,285.75,286.8595886230469,284.9200134277344,286.8595886230469,7790412.0
1745955000,286.8599853515625,293.2900085449219,286.8453063964844,292.0104064941406,14073915.0
1745956800,292.02,307.0484,274.7727,290.28,0.0
1745960400,282.694,307.0484,269.8423,289.63,0.0
1745964000,289.645,290.23,253.1723,288.9507,0.0
1745967600,288.95,289.05,287.71,288.101,0.0
1746000000,289.76,289.81,288.01,288.49,0.0
1746003600,288.52,289.31,288.29,289.16,0.0
1746007200,289.24,289.61,288.64,288.65,0.0
1746010800,288.67,289.3,288.03,288.1,0.0
1746014400,288.18,290.0,284.62,286.0,0.0
1746018000,286.0,292.155,278.87,279.97,0.0
1746019800,279.8699951171875,280.44000244140625,270.7900085449219,277.0815124511719,38781428.0
1746023400,277.06988525390625,281.4200134277344,274.3500061035156,279.04998779296875,18497602.0
1746027000,279.0325012207031,279.79998779296875,275.989990234375,276.17999267578125,11836499.0
1746030600,276.17498779296875,278.1400146484375,275.1600036621094,278.0299987792969,10865425.0
1746034200,277.989990234375,281.1600036621094,277.7300109863281,279.2080078125,12331311.0
1746037800,279.1199951171875,282.6993103027344,277.8399963378906,281.3999938964844,13397450.0
1746041400,281.4200134277344,284.45001220703125,281.3599853515625,282.1171875,9906858.0
1746043200,282.07,296.7727,271.518,282.605,0.0
1746046800,282.5155,301.6602,280.79,281.2,0.0
1746050400,281.32,282.6,280.81,282.26,0.0
1746054000,282.25,283.0,282.1,282.5314,0.0
1746086400,283.6,283.9,279.12,282.2,0.0
1746090000,282.2,283.78,281.6,283.25,0.0
1746093600,283.25,285.33,282.9,283.7,0.0
1746097200,283.69,285.37,283.53,283.94,0.0
1746100800,283.91,285.5,277.99,283.56,0.0
1746104400,283.56,283.88,227.5,280.21,0.0
1746106200,280.0799865722656,287.2189025878906,279.9800109863281,286.2200012207031,27371768.0
1746109800,286.2699890136719,290.8688049316406,285.9599914550781,287.25,19656421.0
1746113400,287.30499267578125,287.4397888183594,282.29998779296875,284.130615234375,13206331.0
1746117000,284.14990234375,285.760009765625,282.5199890136719,284.0899963378906,9096670.0
1746120600,284.1199951171875,284.2900085449219,281.760009765625,283.1400146484375,8738330.0
1746124200,283.1400146484375,284.5799865722656,282.54998779296875,283.44500732421875,6746317.0
1746127800,283.4197998046875,284.6492919921875,279.80999755859375,280.510009765625,7919923.0
1746129600,280.52,288.1295,264.9965,278.69,0.0
1746133200,278.73,295.0573,272.5728,278.7,0.0
1746136800,278.7,280.52,277.21,277.69,0.0
1746140400,277.57,278.5,277.45,277.5001,0.0
1746172800,281.08,282.99,281.05,282.5,0.0
1746176400,282.38,282.5,280.52,281.0,0.0
1746180000,281.09,282.3,281.0,282.0,0.0
1746183600,282.1,282.41,280.91,281.4,0.0
1746187200,281.36,282.9705,280.52,281.6,0.0
1746190800,281.77,293.995,259.16,285.01,0.0
1746192600,285.010009765625,287.94000244140625,279.80999755859375,283.23431396484375,24841291.0
1746196200,283.2699890136719,287.3999938964844,282.010009765625,285.25,16073738.0
1746199800,285.260009765625,290.3299865722656,285.0058898925781,289.0799865722656,14822734.0
1746203400,289.1000061035156,294.489990234375,288.79998779296875,292.20001220703125,18122414.0
1746207000,292.1700134277344,294.7799987792969,291.6099853515625,293.1600036621094,11107638.0
1746210600,293.1549987792969,294.08709716796875,288.6199951171875,289.755615234375,14162950.0
1746214200,289.739990234375,289.80999755859375,285.7699890136719,287.25,10741485.0
1746216000,287.25,300.2414,268.0615,287.64,0.0
1746219600,287.6838,304.5401,237.1,288.05,0.0
1746223200,288.04,288.3,287.14,287.7999,0.0
1746226800,287.78,288.55,287.71,288.41,0.0
1746432000,287.45,288.13,286.41,286.53,0.0
1746435600,286.43,286.68,284.86,286.05,0.0
1746439200,286.04,286.51,285.06,285.19,0.0
1746442800,285.22,285.75,284.3,285.02,0.0
1746446400,285.04,288.34,284.25,284.88,0.0
1746450000,284.945,293.61,278.74,284.7299,0.0
1746451800,284.57000732421875,284.79998779296875,275.625,276.14801025390625,26861246.0
1746455400,276.1700134277344,277.5799865722656,274.3999938964844,276.7900085449219,15605339.0
1746459000,276.7699890136719,277.8500061035156,274.79998779296875,277.26971435546875,10012743.0
1746462600,277.2528991699219,280.92449951171875,277.1000061035156,280.4800109863281,10448583.0
1746466200,280.5400085449219,282.04998779296875,279.6099853515625,281.8299865722656,7912573.0
1746469800,281.82000732421875,283.389892578125,280.5899963378906,281.74920654296875,10907702.0
1746473400,281.7200012207031,282.2699890136719,279.30999755859375,280.20001220703125,6865353.0
1746475200,280.21,296.0605,269.879,279.205,0.0
1746478800,279.18,297.7369,265.665,278.74,0.0
1746482400,278.71,279.0,278.1,278.31,0.0
1746486000,278.35,280.26,278.04,278.2,0.0
1746518400,275.7,276.56,274.82,275.58,0.0
1746522000,275.6,276.68,275.32,275.6,0.0
1746525600,275.6,275.86,274.8,275.51,0.0
1746529200,275.48,276.55,275.23,275.4,0.0
1746532800,275.46,280.26,274.83,275.4,0.0
1746536400,275.3767,275.42,272.51,273.12,0.0
1746538200,273.0899963378906,277.7300109863281,271.3599853515625,274.614990234375,25773518.0
1746541800,274.6340026855469,275.94989013671875,273.70001220703125,275.7349853515625,9700783.0
1746545400,275.66009521484375,276.1499938964844,272.25,273.44000244140625,10679924.0
1746549000,273.2699890136719,274.54998779296875,272.9800109863281,273.7156982421875,6590006.0
1746552600,273.7200012207031,275.1726989746094,272.75,275.0,6816119.0
1746556200,274.94000244140625,276.4794921875,274.3500061035156,276.0199890136719,6484599.0
1746559800,275.989990234375,276.7096862792969,275.0299987792969,275.25,5056103.0
1746561600,275.23,283.4184,256.5463,274.59,0.0
1746565200,274.45,285.0528,258.5087,273.38,0.0
1746568800,273.42,279.89,273.42,279.82,0.0
1746572400,279.88,279.89,278.32,278.825,0.0
1746604800,278.7,279.62,278.0,278.92,0.0
1746608400,278.93,279.88,277.63,278.99,0.0
1746612000,278.9,279.33,278.5,278.98,0.0
1746615600,278.86,279.489,278.21,278.69,0.0
1746619200,278.72,279.8,275.35,277.5,0.0
1746622800,277.59,277.97,276.62,276.95,0.0
1746624600,276.81500244140625,277.9200134277344,273.760009765625,276.4599914550781,18179042.0
1746628200,276.4543151855469,277.1700134277344,272.95001220703125,273.3450012207031,10340514.0
1746631800,273.28570556640625,273.88519287109375,272.1300964355469,272.7699890136719,6927070.0
1746635400,272.7799987792969,275.57000732421875,272.6401062011719,275.3699951171875,5370625.0
1746639000,275.37030029296875,275.989990234375,271.010009765625,273.4508056640625,9540816.0
1746642600,273.3900146484375,275.8599853515625,272.9100036621094,273.1300048828125,9470886.0
1746646200,273.14990234375,277.25,272.5000915527344,276.17999267578125,7385022.0
1746648000,276.17,283.3561,265.5815,275.9,0.0
1746651600,275.845,279.1463,275.51,275.625,0.0
1746655200,275.61,275.85,254.11,275.245,0.0
1746658800,275.27,276.56,275.15,276.1492,0.0
1746691200,278.66,279.5,278.13,279.3,0.0
1746694800,279.3,281.6,279.2,281.02,0.0
1746698400,281.06,281.19,280.3,281.11,0.0
1746702000,281.08,281.08,279.62,279.85,0.0
1746705600,279.82,281.569,278.2326,280.13,0.0
1746709200,280.15,280.48,227.5,279.65,0.0
1746711000,279.6300048828125,286.739990234375,279.4100036621094,281.8999938964844,28056268.0
1746714600,281.9200134277344,287.1199951171875,280.6099853515625,286.6700134277344,14141596.0
1746718200,286.69000244140625,289.79998779296875,286.31109619140625,287.29998779296875,16579504.0
1746721800,287.3290100097656,288.67999267578125,286.1199951171875,287.07159423828125,8013585.0
1746725400,287.1099853515625,288.5599060058594,286.25,287.5201110839844,7341108.0
1746729000,287.57000732421875,289.7900085449219,286.8299865722656,289.0199890136719,9029018.0
1746732600,289.0199890136719,289.4599914550781,284.6099853515625,284.8900146484375,7436297.0
1746734400,284.9,369.2894,206.1134,284.38,0.0
1746738000,284.35,373.1189,213.8091,284.95,0.0
1746741600,284.9,284.99,284.51,284.685,0.0
1746745200,284.685,285.3,284.67,285.1,0.0
1746777600,286.62,288.05,286.41,287.28,0.0
1746781200,287.18,287.65,286.64,287.07,0.0
1746784800,287.16,288.4,287.1,288.26,0.0
1746788400,288.3,288.99,286.6,287.87,0.0
1746792000,287.56,288.91,275.35,287.6284,0.0
1746795600,287.56,290.97,279.9,290.29,0.0
1746797400,292.0899963378906,307.0400085449219,290.03900146484375,302.17999267578125,50352062.0
1746801000,302.2049865722656,304.2598876953125,297.2300109863281,298.6600036621094,25052984.0
1746804600,298.6329040527344,299.9798889160156,296.3299865722656,296.6300048828125,12846873.0
1746808200,296.7298889160156,298.6000061035156,296.3399963378906,297.8999938964844,8692841.0
1746811800,297.9599914550781,301.0799865722656,297.5199890136719,298.4549865722656,11375914.0
1746815400,298.45220947265625,298.96990966796875,296.510009765625,297.80999755859375,9619696.0
1746819000,297.79998779296875,299.6199951171875,296.85009765625,298.1017150878906,8265009.0
1746820800,298.27,316.1889,297.77,298.59,0.0
1746824400,298.6,316.1889,295.1414,298.65,0.0
1746828000,298.605,299.0,298.5,298.92,0.0
1746831600,298.96,299.35,298.8,299.275,0.0
1747036800,319.07,329.07,316.31,319.11,0.0
1747040400,319.11,322.68,318.6,321.74,0.0
1747044000,321.75,322.01,320.46,321.58,0.0
1747047600,321.6,322.79,320.6,321.64,0.0
1747051200,321.6,323.48,313.15,323.47,0.0
1747054800,323.47,323.49,259.51,321.84,0.0
1747056600,321.93499755859375,322.20001220703125,311.5,315.17999267578125,45262031.0
1747060200,315.2300109863281,320.30999755859375,313.8500061035156,319.7799987792969,16901927.0
1747063800,319.7672119140625,320.8699951171875,317.510009765625,318.5899963378906,10245416.0
1747067400,318.69500732421875,319.45001220703125,317.010009765625,318.29058837890625,7895396.0
1747071000,318.3349914550781,319.83819580078125,316.989990234375,317.0199890136719,7564254.0
1747074600,317.0899963378906,318.091796875,316.1401062011719,316.3450012207031,9148837.0
1747078200,316.3450012207031,318.7699890136719,316.1400146484375,318.6199951171875,7404623.0
1747080000,318.5922,319.2,301.0453,317.6,0.0
1747083600,317.7,336.227,296.4909,317.939,0.0
1747087200,317.92,318.1,317.5,317.69,0.0
1747090800,317.71,318.25,317.68,317.79,0.0
1747123200,315.46,315.66,313.97,314.76,0.0
1747126800,314.78,315.19,314.03,314.51,0.0
1747130400,314.57,315.43,314.4,314.84,0.0
1747134000,314.88,317.97,314.7,317.46,0.0
1747137600,317.43,320.22,314.0,319.97,0.0
1747141200,319.8358,322.6,318.39,320.0,0.0
1747143000,319.9549865722656,326.06988525390625,316.79998779296875,322.4949951171875,35114363.0
1747146600,322.4700927734375,324.5,318.78271484375,321.5150146484375,16894545.0
1747150200,321.6000061035156,322.9700012207031,320.42999267578125,321.7200012207031,8656624.0
1747153800,321.7200012207031,329.489990234375,321.4700012207031,329.44000244140625,16172144.0
1747157400,329.3900146484375,337.5893859863281,328.6700134277344,336.05120849609375,27225445.0
1747161000,336.1099853515625,337.1199951171875,333.8800048828125,334.9901123046875,14391115.0
1747164600,335.0299987792969,336.1820068359375,331.80999755859375,333.92999267578125,10716982.0
1747166400,333.91,341.6204,309.0668,332.7699,0.0
1747170000,332.7,334.07,272.48,333.15,0.0
1747173600,333.15,333.89,333.01,333.275,0.0
1747177200,333.275,336.49,329.34,336.49,0.0
1747209600,338.42,340.8,336.63,340.38,0.0
1747213200,340.3,342.12,338.99,339.14,0.0
1747216800,339.24,340.5,338.71,339.66,0.0
1747220400,339.65,344.13,339.11,344.04,0.0
1747224000,344.01,344.93,334.07,343.46,0.0
1747227600,343.4531,344.35,335.38,342.48,0.0
1747229400,342.4599914550781,345.5,337.0,340.28009033203125,41076412.0
1747233000,340.3900146484375,343.4800109863281,337.45001220703125,342.7322082519531,15960512.0
1747236600,342.739990234375,350.0,342.5299987792969,347.2300109863281,22342627.0
1747240200,347.2369079589844,349.2099914550781,343.239990234375,344.57000732421875,14152641.0
1747243800,344.5950012207031,349.29998779296875,343.3100891113281,346.726806640625,13128387.0
1747247400,346.7099914550781,350.0,346.41070556640625,347.92999267578125,13117562.0
1747251000,347.8999938964844,348.8900146484375,345.510009765625,347.4327087402344,9744188.0
1747252800,347.44,354.4493,325.3302,347.57,0.0
1747256400,347.63,354.4493,252.31,346.85,0.0
1747260000,346.84,347.09,346.3678,346.85,0.0
1747263600,346.77,346.9,345.25,345.74,0.0
1747296000,340.75,343.24,338.7,339.71,0.0
1747299600,339.79,339.79,335.8,337.92,0.0
1747303200,337.97,339.64,337.0,338.68,0.0
1747306800,338.69,347.15,337.76,342.21,0.0
1747310400,342.2,347.68,335.8207,340.28,0.0
1747314000,340.1,343.87,339.8,340.36,0.0
1747315800,340.3450012207031,342.25,336.32000732421875,338.0375061035156,31813999.0
1747319400,338.0350036621094,339.69000244140625,334.7153015136719,339.1600036621094,15402099.0
1747323000,339.10009765625,343.1300048828125,338.4200134277344,342.44500732421875,10298326.0
1747326600,342.42999267578125,346.1393127441406,341.8299865722656,345.3800048828125,10960248.0
1747330200,345.44000244140625,345.4800109863281,341.6499938964844,343.2900085449219,8985220.0
1747333800,343.25,344.0199890136719,339.6000061035156,339.8399963378906,9021958.0
1747337400,339.8399963378906,344.1600036621094,339.8399963378906,342.7283935546875,7517899.0
1747339200,342.8,363.3606,334.4007,342.399,0.0
1747342800,342.36,366.2784,337.88,341.41,0.0
1747346400,341.43,342.82,341.25,341.9999,0.0
1747350000,341.95,342.34,341.66,342.2,0.0
1747382400,342.48,346.65,342.48,346.09,0.0
1747386000,346.09,347.62,345.88,347.2,0.0
1747389600,347.15,347.21,345.5,346.66,0.0
1747393200,346.67,347.35,346.07,346.58,0.0
1747396800,346.65,347.79,341.11,347.6907,0.0
1747400400,347.72,347.8,345.51,346.09,0.0
1747402200,347.8450012207031,351.6199951171875,342.8800048828125,346.2200012207031,31585009.0
1747405800,346.19000244140625,347.8999938964844,342.3299865722656,347.7049865722656,14940828.0
1747409400,347.6600036621094,349.29998779296875,346.94000244140625,347.6600036621094,10295194.0
1747413000,347.6499938964844,348.4200134277344,346.2900085449219,347.8699951171875,6430939.0
1747416600,347.9200134277344,348.760009765625,346.8599853515625,347.3299865722656,5388465.0
1747420200,347.3800048828125,349.42999267578125,346.95001220703125,348.80999755859375,8362872.0
1747423800,348.8299865722656,349.92999267578125,347.8599853515625,349.79998779296875,7963739.0
1747425600,349.78,350.56,348.2552,348.29,0.0
1747429200,348.38,400.4836,218.6194,344.1,0.0
1747432800,344.1,345.29,338.5141,341.3,0.0
1747436400,341.29,344.3,340.04,340.15,0.0
1747641600,338.32,338.6,332.44,333.1,0.0
1747645200,333.1,335.5,332.27,335.35,0.0
1747648800,335.3,336.42,334.83,336.2,0.0
1747652400,336.24,338.35,335.77,336.15,0.0
1747656000,336.12,341.3,332.2479,336.4,0.0
1747659600,336.4107,349.98,334.7,336.417,0.0
1747661400,338.0,343.0,333.3800048828125,339.9028015136719,32190525.0
1747665000,339.88079833984375,340.6382141113281,337.2200012207031,337.5150146484375,10486033.0
1747668600,337.5,339.55999755859375,333.79998779296875,338.6449890136719,8595650.0
1747672200,338.69000244140625,342.85040283203125,337.760009765625,342.00738525390625,9882764.0
1747675800,342.0,342.3900146484375,334.7799987792969,339.8299865722656,7609617.0
1747679400,339.8299865722656,342.0899963378906,339.6600036621094,341.3450012207031,6813756.0
1747683000,341.3299865722656,342.7699890136719,341.2200012207031,341.92999267578125,6759962.0
1747684800,341.92,342.29,327.13,341.97,0.0
1747688400,341.935,387.3171,230.8066,341.8,0.0
1747692000,341.775,341.7858,341.5,341.6992,0.0
1747695600,341.7,343.58,341.6,343.5,0.0
1747728000,341.8,344.39,341.8,343.99,0.0
1747731600,343.94,344.5,343.48,343.83,0.0
1747735200,343.83,344.95,343.75,344.6,0.0
1747738800,344.61,347.28,344.15,346.36,0.0
1747742400,346.28,347.4245,327.52,345.94,0.0
1747746000,346.02,348.84,334.77,348.0,0.0
1747747800,347.94000244140625,354.57330322265625,342.86749267578125,345.5400085449219,40152062.0
1747751400,345.5199890136719,347.07000732421875,344.6300048828125,346.2950134277344,10530582.0
1747755000,346.29998779296875,350.13958740234375,345.8800048828125,349.2900085449219,14257122.0
1747758600,349.29998779296875,352.1499938964844,349.2312927246094,350.3599853515625,13888892.0
1747762200,350.3399963378906,354.98040771484375,349.0,349.8900146484375,17710461.0
1747765800,349.79998779296875,350.1600036621094,341.6300048828125,344.7349853515625,20995600.0
1747769400,344.79998779296875,345.8599853515625,342.7699890136719,343.760009765625,8610508.0
1747771200,343.76,344.8,253.65,344.23,0.0
1747774800,344.23,390.6532,213.3132,343.6492,0.0
1747778400,343.63,343.85,341.9,343.635,0.0
1747782000,343.69,344.7,343.42,343.905,0.0
1747814400,344.81,346.88,344.77,346.46,0.0
1747818000,346.42,346.5,345.34,345.85,0.0
1747821600,345.86,346.0,343.0,343.8,0.0
1747825200,343.76,346.35,343.75,346.09,0.0
1747828800,346.021,346.8674,343.0,345.3,0.0
1747832400,345.3,354.415,336.475,344.5,0.0
1747834200,344.42999267578125,347.2200012207031,342.1199951171875,342.6199035644531,25194933.0
1747837800,342.6300048828125,346.20001220703125,341.54998779296875,345.3399963378906,13507862.0
1747841400,345.3399963378906,346.79998779296875,343.5799865722656,346.375,9339085.0
1747845000,346.3900146484375,347.3500061035156,335.5400085449219,336.0,13507219.0
1747848600,336.0263977050781,340.22979736328125,334.5,337.1300048828125,14353158.0
1747852200,337.17999267578125,338.4898986816406,332.20001220703125,333.3299865722656,11817469.0
1747855800,333.3299865722656,336.7799987792969,333.2325134277344,334.5299987792969,7846882.0
1747857600,334.62,350.2094,309.9033,332.7,0.0
1747861200,332.7,347.8318,309.9033,332.39,0.0
1747864800,332.2145,332.8,331.7,332.0,0.0
1747868400,332.0,332.8,331.5,331.72,0.0
1747900800,334.47,337.61,333.05,336.83,0.0
1747904400,336.84,337.69,335.89,336.65,0.0
1747908000,336.61,337.28,335.14,335.89,0.0
1747911600,335.89,336.19,334.0,334.48,0.0
1747915200,334.52,337.66,327.45,328.03,0.0
1747918800,328.07,348.21,327.48,331.9799,0.0
1747920600,331.94000244140625,341.0899963378906,331.3900146484375,340.69500732421875,29844638.0
1747924200,340.67999267578125,344.5299987792969,338.8599853515625,342.9518127441406,16192574.0
1747927800,342.9100036621094,344.010009765625,341.70001220703125,342.239990234375,9117127.0
1747931400,342.25,345.1499938964844,341.510009765625,344.7799987792969,7964980.0
1747935000,344.760009765625,345.989990234375,343.9800109863281,345.135009765625,8170798.0
1747938600,345.135009765625,347.2699890136719,344.94281005859375,346.4700012207031,10391308.0
1747942200,346.4700012207031,346.510009765625,340.6499938964844,340.9800109863281,9884659.0
1747944000,340.9392,363.3606,321.6852,342.14,0.0
1747947600,342.13,360.6241,321.5608,342.32,0.0
1747951200,342.31,342.49,341.04,341.265,0.0
1747954800,341.335,342.57,341.0,342.19,0.0
1747987200,342.82,344.01,342.44,343.7,0.0
1747990800,343.78,346.47,342.79,344.8,0.0
1747994400,344.83,346.08,344.8,345.48,0.0
1747998000,345.58,346.06,342.95,344.25,0.0
1748001600,344.29,346.3095,333.72,336.9,0.0
1748005200,336.9,341.04,334.45,337.47,0.0
1748007000,337.5150146484375,338.6499938964844,333.2099914550781,335.6499938964844,29400172.0
1748010600,335.6499938964844,338.8500061035156,335.1600036621094,337.2900085449219,11702741.0
1748014200,337.2300109863281,340.6400146484375,336.27069091796875,339.17999267578125,9549923.0
1748017800,339.20001220703125,343.17999267578125,338.3118896484375,343.03948974609375,9352345.0
1748021400,343.0299987792969,343.08990478515625,339.3371887207031,340.5199890136719,8429223.0
1748025000,340.4649963378906,341.7699890136719,339.6335144042969,340.3550109863281,6739873.0
1748028600,340.30999755859375,341.2900085449219,339.0199890136719,339.3900146484375,6055857.0
1748030400,339.34,380.4042,244.1347,339.99,0.0
1748034000,339.99,391.2652,214.5857,339.885,0.0
1748037600,339.93,339.97,339.6,339.78,0.0
1748041200,339.76,339.93,339.62,339.86,0.0
1748332800,347.31,349.8,346.09,348.84,0.0
1748336400,348.79,348.89,347.67,348.26,0.0
1748340000,348.24,348.73,348.01,348.48,0.0
1748343600,348.5,348.62,346.15,346.79,0.0
1748347200,346.73,349.8,339.34,347.25,0.0
1748350800,347.3,348.38,331.8,347.235,0.0
1748352600,347.3500061035156,357.6000061035156,347.32000732421875,356.32989501953125,36070780.0
1748356200,356.32000732421875,357.4599914550781,354.3900146484375,355.1099853515625,12519857.0
1748359800,355.0950012207031,359.3039855957031,354.8299865722656,358.30999755859375,12077050.0
1748363400,358.2908020019531,363.0,358.1300048828125,361.5075988769531,13683368.0
1748367000,361.489990234375,363.7900085449219,360.8999938964844,362.0,11094675.0
1748370600,362.0,362.4700012207031,358.6000061035156,359.8900146484375,13018958.0
1748374200,359.8999938964844,363.0,357.79998779296875,362.7510070800781,11523217.0
1748376000,362.89,364.0,359.9373,362.63,0.0
1748379600,362.83,387.3171,338.3897,363.105,0.0
1748383200,363.03,365.6,362.81,365.3634,0.0
1748386800,365.39,367.59,365.34,367.435,0.0
1748419200,364.0,364.96,361.66,363.15,0.0
1748422800,363.15,364.22,360.99,361.7,0.0
1748426400,361.51,363.15,360.4,363.02,0.0
1748430000,363.05,365.71,363.04,364.6,0.0
1748433600,364.66,366.65,360.3831,366.17,0.0
1748437200,366.19,366.5,347.435,364.95,0.0
1748439000,364.8399963378906,365.0,358.6400146484375,361.6300048828125,31479971.0
1748442600,361.7008972167969,363.3799133300781,360.4306945800781,362.95001220703125,10593414.0
1748446200,363.010009765625,363.3799133300781,360.79998779296875,361.1300048828125,7382718.0
1748449800,361.1099853515625,362.8699951171875,360.510009765625,362.6199951171875,6467960.0
1748453400,362.5799865722656,363.989990234375,361.2601013183594,361.4200134277344,7489665.0
1748457000,361.4599914550781,361.69989013671875,357.3599853515625,359.03900146484375,10922682.0
1748460600,359.0,359.1000061035156,355.9100036621094,356.9200134277344,7592388.0
1748462400,356.9,495.4038,214.006,361.87,0.0
1748466000,495.4038,495.4038,253.4732,361.18,0.0
1748469600,360.9,362.5,360.75,362.35,0.0
1748473200,362.35,365.2,362.32,364.59,0.0
1748505600,367.82,368.3,366.78,366.86,0.0
1748509200,366.88,367.54,365.78,366.01,0.0
1748512800,366.01,367.04,365.13,365.5,0.0
1748516400,365.5,366.16,364.25,364.88,0.0
1748520000,364.88,368.775,363.33,365.55,0.0
1748523600,365.4181,366.35,347.875,365.2,0.0
1748525400,365.0,367.7099914550781,359.4400939941406,362.0299987792969,27014785.0
1748529000,361.9599914550781,364.75,361.75,364.0820007324219,12177062.0
1748532600,364.04449462890625,364.3800048828125,360.3999938964844,362.43011474609375,8935970.0
1748536200,362.44000244140625,363.6600036621094,360.6600036621094,361.114990234375,6682661.0
1748539800,361.14990234375,362.4100036621094,356.0,357.260009765625,11660498.0
1748543400,357.32000732421875,359.95001220703125,357.2850036621094,358.1499938964844,8270734.0
1748547000,358.1300048828125,359.6199035644531,357.0400085449219,358.45001220703125,6049230.0
1748548800,358.34,493.5224,237.363,357.36,0.0
1748552400,357.39,366.2784,247.2111,355.1018,0.0
1748556000,355.13,355.97,355.0297,355.1,0.0
1748559600,355.075,356.0,355.0,355.05,0.0
1748592000,355.82,356.94,355.0,355.71,0.0
1748595600,355.74,356.11,353.4,353.5,0.0
1748599200,353.56,354.55,352.7,353.09,0.0
1748602800,353.1,356.1,352.85,355.33,0.0
1748606400,355.36,358.43,352.7,353.715,0.0
1748610000,353.82,356.0,353.7,355.589,0.0
1748611800,356.3598937988281,361.95001220703125,353.82000732421875,361.8550109863281,22830464.0
1748615400,361.8299865722656,363.67999267578125,359.3500061035156,360.9100036621094,14514629.0
1748619000,360.8800048828125,361.5694885253906,353.6000061035156,354.07501220703125,11651497.0
1748622600,354.0199890136719,354.20001220703125,345.2900085449219,348.4064025878906,19292699.0
1748626200,348.375,351.8994140625,347.5799865722656,350.6000061035156,11240404.0
1748629800,350.6300048828125,352.42999267578125,348.45001220703125,351.6683044433594,10941828.0
1748633400,351.6700134277344,352.2799987792969,345.45001220703125,345.760009765625,12567137.0
1748635200,345.73,369.9686,340.2803,346.4,0.0
1748638800,346.4,369.9686,345.97,347.04,0.0
1748642400,347.078,347.49,345.7,345.77,0.0
1748646000,345.75,346.2,345.2207,345.522,0.0
1748851200,340.93,341.4,338.98,339.84,0.0
1748854800,339.75,339.82,338.4,339.45,0.0
1748858400,339.3,340.3,338.7,339.69,0.0
1748862000,339.67,341.25,339.5,341.14,0.0
1748865600,341.11,346.46,338.4204,341.4999,0.0
1748869200,341.49,346.46,341.16,343.64,0.0
1748871000,342.75,348.010009765625,335.5,338.5028076171875,28160125.0
1748874600,338.539794921875,339.0,333.3299865722656,336.1099853515625,15018003.0
1748878200,336.1086120605469,338.8493957519531,335.3800048828125,338.6700134277344,7815688.0
1748881800,338.5899963378906,339.010009765625,337.0299987792969,338.2099914550781,5922392.0
1748885400,338.2449951171875,341.25,337.8699951171875,341.05999755859375,8055883.0
1748889000,341.072998046875,342.599609375,339.760009765625,342.1000061035156,7170455.0
1748892600,342.07000732421875,343.05999755859375,340.67999267578125,342.70001220703125,6050064.0
1748894400,342.71,343.6,338.4,343.14,0.0
1748898000,343.14,343.38,252.4,342.83,0.0
1748901600,342.9,342.97,341.85,341.965,0.0
1748905200,341.94,342.25,341.253,341.7,0.0
1748937600,341.44,342.49,340.33,340.78,0.0
1748941200,340.64,342.25,340.5,341.88,0.0
1748944800,341.92,343.92,341.7,343.9,0.0
1748948400,343.83,344.6,343.46,343.84,0.0
1748952000,343.84,345.0,340.36,343.9,0.0
1748955600,343.895,346.95,343.51,346.53,0.0
1748957400,346.5950012207031,350.2200012207031,343.85009765625,346.0299987792969,24175853.0
1748961000,346.0299987792969,351.76470947265625,345.6000061035156,350.8699951171875,12799034.0
1748964600,350.8299865722656,352.67999267578125,349.8599853515625,352.526611328125,8022436.0
1748968200,352.510009765625,355.3999938964844,352.4200134277344,354.4800109863281,9301525.0
1748971800,354.49920654296875,354.53460693359375,344.7200012207031,347.55560302734375,17085583.0
1748975400,347.5299987792969,350.2799987792969,347.45001220703125,348.6000061035156,10710680.0
1748979000,348.5799865722656,348.5899963378906,343.0400085449219,344.4700012207031,10878002.0
1748980800,344.455,455.4624,213.3132,343.43,0.0
1748984400,344.862,455.4624,258.5087,343.7,0.0
1748988000,343.8,345.04,343.5704,344.83,0.0
1748991600,344.83,344.9,344.2,344.45,0.0
1749024000,344.39,347.82,344.39,347.7,0.0
1749027600,347.7,347.83,345.6,346.94,0.0
1749031200,346.95,347.53,346.2,346.23,0.0
1749034800,346.25,347.43,346.07,346.33,0.0
1749038400,346.4,347.8762,343.21,344.67,0.0
1749042000,344.6,345.82,343.5,345.0,0.0
1749043800,345.0950012207031,345.6000061035156,327.3341064453125,332.20098876953125,37390308.0
1749047400,332.2099914550781,334.6000061035156,329.5,333.1600036621094,15307673.0
1749051000,333.2099914550781,335.04998779296875,330.79998779296875,331.7950134277344,10783022.0
1749054600,331.79998779296875,333.6000061035156,331.67999267578125,332.8550109863281,5775918.0
1749058200,332.8699951171875,335.6199951171875,331.95001220703125,333.1300048828125,9066966.0
1749061800,333.0899963378906,335.29998779296875,332.6705017089844,333.9200134277344,7540067.0
1749065400,333.94500732421875,335.05999755859375,332.0,332.2099914550781,6809129.0
1749067200,332.035,350.2094,309.9033,330.11,0.0
1749070800,330.11,347.8318,309.9033,329.66,0.0
1749074400,329.6017,329.81,328.43,328.65,0.0
1749078000,328.6,329.4,328.6,328.85,0.0
1749110400,328.48,329.98,327.5,328.64,0.0
1749114000,328.55,328.6,325.29,325.71,0.0
1749117600,325.75,327.41,325.48,326.88,0.0
1749121200,326.93,327.15,323.37,323.77,0.0
1749124800,323.77,332.05,322.36,322.7409,0.0
1749128400,322.62,345.54,320.34,322.4,0.0
1749130200,322.489990234375,324.5498962402344,312.3599853515625,317.5889892578125,46036914.0
1749133800,317.5400085449219,322.4224853515625,314.55010986328125,321.68499755859375,18233900.0
1749137400,321.67999267578125,322.9800109863281,312.25,313.6700134277344,22716903.0
1749141000,313.6700134277344,313.8193054199219,301.5,302.3500061035156,38223989.0
1749144600,302.3599853515625,305.0,297.30999755859375,297.53961181640625,25452297.0
1749148200,297.53961181640625,298.79449462890625,273.2099914550781,281.75,74198499.0
1749151800,281.66009521484375,288.3692932128906,281.2001037597656,284.731689453125,38989144.0
1749153600,284.7,286.8,274.6,280.9291,0.0
1749157200,280.93,288.9687,264.0406,277.4,0.0
1749160800,277.59,297.17,277.3,286.13,0.0
1749164400,286.2,289.55,285.3,286.9891,0.0
1749196800,300.07,300.63,294.59,297.12,0.0
1749200400,297.2,300.5,296.63,298.7,0.0
1749204000,298.69,300.28,297.6,298.82,0.0
1749207600,298.82,299.68,295.3,296.8,0.0
1749211200,296.8,304.33,284.7,296.66,0.0
1749214800,296.63,299.11,292.6,298.86,0.0
1749216600,297.4700012207031,302.54998779296875,291.1401062011719,295.25,62623386.0
1749220200,295.5097961425781,305.5,295.3750915527344,301.5400085449219,30732496.0
1749223800,301.5392150878906,302.5,299.30999755859375,300.4549865722656,13612285.0
1749227400,300.8283996582031,302.04998779296875,299.12689208984375,300.06500244140625,9565690.0
1749231000,300.0643005371094,301.739990234375,299.1700134277344,300.2900085449219,8608433.0
1749234600,300.30999755859375,302.0,296.55999755859375,297.9898986816406,13412582.0
1749238200,297.94000244140625,298.2900085449219,293.1400146484375,295.125,15789319.0
1749240000,295.14,307.9074,294.03,297.24,0.0
1749243600,297.25,316.1889,288.2919,295.11,0.0
1749247200,295.07,297.29,293.25,295.5,0.0
1749250800,295.5,297.75,295.45,297.67,0.0
1749456000,296.02,296.3,285.48,288.47,0.0
1749459600,288.37,289.95,286.0,286.94,0.0
1749463200,286.9,288.28,286.0,287.55,0.0
1749466800,287.55,289.0,286.42,288.27,0.0
1749470400,288.25,297.0,285.63,290.4219,0.0
1749474000,290.43,290.85,285.71,286.0,0.0
1749475800,285.6028137207031,296.260009765625,281.8500061035156,292.4100036621094,44636282.0
1749479400,292.4599914550781,297.73870849609375,291.95001220703125,294.6355895996094,16416385.0
1749483000,294.70001220703125,296.8800048828125,293.79998779296875,295.0400085449219,10141301.0
1749486600,295.06988525390625,297.8500061035156,294.9100036621094,297.05999755859375,8301356.0
1749490200,297.0899963378906,300.95001220703125,296.8900146484375,299.5,11684136.0
1749493800,299.45001220703125,302.7998962402344,298.84259033203125,302.4599914550781,12413703.0
1749497400,302.4599914550781,309.8299865722656,302.0,308.65728759765625,22346933.0
1749499200,308.7,323.279,301.0453,309.49,0.0
1749502800,309.49,331.0358,288.9433,314.3,0.0
1749506400,314.19,315.5,308.58,314.91,0.0
1749510000,314.25,314.75,313.7,314.19,0.0
1749542400,312.84,315.8,312.3,314.64,0.0
1749546000,314.68,318.08,314.61,317.74,0.0
1749549600,317.77,317.95,315.3,316.09,0.0
1749553200,316.17,316.21,314.31,314.89,0.0
1749556800,314.9,318.0,308.58,315.58,0.0
1749560400,315.6,315.97,282.39,314.96,0.0
1749562200,315.07000732421875,317.67999267578125,310.6669921875,313.86639404296875,41262264.0
1749565800,313.8717956542969,321.2200012207031,312.79998779296875,318.54998779296875,22313996.0
1749569400,318.5884094238281,320.2698974609375,315.6400146484375,318.3500061035156,14256619.0
1749573000,318.3399963378906,320.4200134277344,315.75,319.9800109863281,12775332.0
1749576600,320.0050048828125,322.67999267578125,318.26080322265625,321.9200134277344,15812783.0
1749580200,321.9599914550781,325.94000244140625,321.6300048828125,325.6400146484375,18025834.0
1749583800,325.6300048828125,327.8299865722656,324.3599853515625,326.1499938964844,15827237.0
1749585600,326.09,328.87,325.74,326.7,0.0
1749589200,326.76,360.0081,175.6273,325.6807,0.0
1749592800,325.68,326.09,324.65,325.39,0.0
1749596400,325.39,326.09,324.37,325.1,0.0
1749628800,332.37,335.68,330.88,334.16,0.0
1749632400,334.15,334.57,332.7,333.72,0.0
1749636000,333.75,333.99,330.91,332.69,0.0
1749639600,332.69,332.89,330.76,331.93,0.0
1749643200,331.94,335.6693,323.72,333.54,0.0
1749646800,333.57,336.29,290.315,334.3,0.0
1749648600,334.05499267578125,335.5,328.20001220703125,333.1199951171875,44002747.0
1749652200,333.0799865722656,334.2900085449219,330.1700134277344,331.9988098144531,14645333.0
1749655800,331.32000732421875,331.94000244140625,326.0299987792969,328.95001220703125,14866015.0
1749659400,328.8599853515625,331.30950927734375,328.57000732421875,330.92999267578125,9414147.0
1749663000,330.9200134277344,331.0799865722656,322.7699890136719,324.7200012207031,15737528.0
1749666600,324.7099914550781,326.489990234375,323.80999755859375,324.94000244140625,10820353.0
1749670200,324.7850036621094,326.739990234375,323.2200012207031,326.489990234375,8294492.0
1749672000,326.43,331.453,305.5415,327.4949,0.0
1749675600,327.42,328.2,326.65,326.84,0.0
1749679200,326.66,327.0,323.73,323.95,0.0
1749682800,323.95,326.43,323.85,324.0199,0.0
1749715200,323.52,323.75,321.0,321.48,0.0
1749718800,321.36,323.43,321.01,322.3,0.0
1749722400,322.84,323.27,321.11,321.56,0.0
1749726000,321.58,321.82,318.76,318.87,0.0
1749729600,318.83,326.43,318.21,320.18,0.0
1749733200,320.17,332.245,284.65,323.2,0.0
1749735000,323.07501220703125,329.3528137207031,322.7699890136719,326.489990234375,27103832.0
1749738600,326.5299987792969,328.7499084472656,323.8900146484375,326.3999938964844,13670520.0
1749742200,326.3599853515625,332.54998779296875,325.04998779296875,326.3699951171875,16206774.0
1749745800,326.3800048828125,326.5293884277344,323.510009765625,325.09210205078125,11616958.0
1749749400,325.0849914550781,325.7699890136719,319.1000061035156,319.6600036621094,10941760.0
1749753000,319.69500732421875,320.7699890136719,316.8800048828125,319.5,14058786.0
1749756600,319.4342041015625,319.7900085449219,318.3599853515625,319.17498779296875,6655412.0
1749758400,319.17,334.4007,301.163,318.98,0.0
1749762000,319.0,366.2784,245.7436,318.38,0.0
1749765600,318.38,318.5999,316.91,317.4,0.0
1749769200,317.395,319.11,316.52,316.521,0.0
1749801600,312.47,312.6,310.11,311.28,0.0
1749805200,311.38,311.8,310.02,310.64,0.0
1749808800,310.55,310.68,309.45,310.48,0.0
1749812400,310.42,314.74,310.25,313.45,0.0
1749816000,313.44,319.11,309.4679,314.99,0.0
1749819600,314.9,315.05,312.5,313.96,0.0
1749821400,314.6650085449219,320.3399963378906,313.6099853515625,314.45001220703125,28356816.0
1749825000,314.3450012207031,320.3900146484375,314.0199890136719,318.8500061035156,13601373.0
1749828600,318.8999938964844,325.6600036621094,318.6600036621094,324.55999755859375,14653438.0
1749832200,324.54998779296875,332.9700012207031,323.3299865722656,332.1600036621094,22673876.0
1749835800,332.1993103027344,332.9800109863281,326.2799987792969,326.9159851074219,16818005.0
1749839400,326.8599853515625,329.6400146484375,323.25,327.0450134277344,18451483.0
1749843000,327.0400085449219,327.989990234375,324.20001220703125,325.3500061035156,9496959.0
1749844800,325.31,326.74,324.29,325.15,0.0
1749848400,325.11,340.2803,313.1394,324.898,0.0
1749852000,324.86,326.5,324.8,326.38,0.0
1749855600,326.46,327.25,325.5708,326.92,0.0
1750060800,330.35,332.07,330.3,331.55,0.0
1750064400,331.56,331.75,330.56,331.16,0.0
1750068000,331.11,331.45,330.83,331.3,0.0
1750071600,331.3,331.63,330.36,330.96,0.0
1750075200,330.96,332.81,329.99,332.2119,0.0
1750078800,332.24,332.42,325.31,331.21,0.0
1750080600,331.17999267578125,332.04998779296875,326.4100036621094,330.04998779296875,25815590.0
1750084200,330.0,331.3340148925781,328.3500061035156,330.2206115722656,12435413.0
1750087800,330.25,331.7300109863281,328.718505859375,331.32000732421875,8207304.0
1750091400,331.0199890136719,331.2699890136719,328.7500915527344,329.239990234375,7568396.0
1750095000,329.1650085449219,330.5799865722656,327.2099914550781,330.3999938964844,8908582.0
1750098600,330.3999938964844,330.6784973144531,327.8909912109375,329.6199951171875,7869034.0
1750102200,329.54998779296875,329.95001220703125,328.5199890136719,329.1099853515625,5945865.0
1750104000,329.12,351.4606,201.0721,328.71,0.0
1750107600,328.57,339.5948,201.0721,329.15,0.0
1750111200,329.2,329.2,326.65,326.93,0.0
1750114800,326.9,327.72,325.0,325.0198,0.0
1750147200,326.46,327.66,326.4,327.64,0.0
1750150800,327.62,327.9,326.4,326.51,0.0
1750154400,326.58,326.95,325.85,326.13,0.0
1750158000,326.17,327.48,325.45,327.07,0.0
1750161600,327.03,327.96,325.4,327.2104,0.0
1750165200,327.3,327.36,325.65,326.05,0.0
1750167000,326.2749938964844,326.5,320.760009765625,322.95001220703125,20928901.0
1750170600,322.8999938964844,324.489990234375,319.45001220703125,320.1199951171875,11446482.0
1750174200,320.114990234375,321.7298889160156,317.5,320.94000244140625,13130339.0
1750177800,320.989990234375,321.2799987792969,317.3399963378906,318.5849914550781,8621615.0
1750181400,318.5299987792969,320.69000244140625,314.75,315.54998779296875,12330545.0
1750185000,315.55999755859375,317.6300048828125,315.4200134277344,317.30999755859375,8497030.0
1750188600,317.3399963378906,318.70001220703125,316.19000244140625,316.2799987792969,7096714.0
1750190400,316.28,337.311,296.5956,315.59,0.0
1750194000,315.59,336.294,305.3995,315.325,0.0
1750197600,315.3,336.4654,313.0,313.34,0.0
1750201200,313.34,314.6776,312.91,314.59,0.0
1750233600,318.0,320.38,317.98,319.44,0.0
1750237200,319.45,320.27,319.08,319.44,0.0
1750240800,319.4,319.44,318.12,318.3,0.0
1750244400,318.33,318.36,316.17,317.26,0.0
1750248000,317.29,320.4262,316.08,318.15,0.0
1750251600,318.15,318.21,316.35,317.38,0.0
1750253400,317.29998779296875,325.0899963378906,315.45001220703125,323.3699951171875,25046480.0
1750257000,323.4200134277344,325.39990234375,322.25,324.989990234375,11278607.0
1750260600,324.8299865722656,329.29998779296875,324.4451904296875,324.79998779296875,14282459.0
1750264200,324.75,325.1499938964844,321.4779968261719,321.9649963378906,10500640.0
1750267800,322.0400085449219,325.0,320.3500061035156,323.94000244140625,11175979.0
1750271400,323.8775939941406,325.20001220703125,320.0899963378906,322.21710205078125,11617416.0
1750275000,322.2099914550781,324.3399963378906,321.75,322.0950012207031,6538903.0
1750276800,322.05,340.5212,316.75,322.4,0.0
1750280400,322.4,340.5212,309.9033,322.433,0.0
1750284000,322.4,322.88,321.9,322.6,0.0
1750287600,322.675,323.19,322.21,322.5001,0.0
1750406400,326.51,328.6,325.88,326.25,0.0
1750410000,326.25,326.66,324.6,325.83,0.0
1750413600,325.9,326.4,325.49,326.1,0.0
1750417200,326.03,327.87,325.89,327.44,0.0
1750420800,327.44,328.8,322.05,327.48,0.0
1750424400,327.5199,328.88,313.755,327.95,0.0
1750426200,327.80999755859375,332.3599853515625,318.4200134277344,320.193603515625,34193830.0
1750429800,320.1400146484375,321.0,317.7799987792969,319.7200012207031,14393220.0
1750433400,319.8034973144531,323.8500061035156,319.8034973144531,323.3450012207031,11305944.0
1750437000,323.3399963378906,325.9200134277344,321.44000244140625,321.4800109863281,11858956.0
1750440600,321.4814147949219,324.260009765625,319.70001220703125,323.3550109863281,9721700.0
1750444200,323.3599853515625,324.6499938964844,320.7207946777344,321.2900085449219,9591097.0
1750447800,321.28009033203125,322.79998779296875,319.6300964355469,322.1700134277344,7901547.0
1750449600,322.165,323.75,321.81,322.5599,0.0
1750453200,322.54,338.2056,307.9074,322.3001,0.0
1750456800,322.32,343.8218,300.7648,322.5,0.0
1750460400,322.45,322.86,322.16,322.7094,0.0
1750665600,326.66,327.8,326.27,327.23,0.0
1750669200,327.22,327.88,326.62,327.0,0.0
1750672800,327.0,327.07,325.63,325.9,0.0
1750676400,325.94,325.94,322.92,324.12,0.0
1750680000,324.13,327.8733,322.16,326.11,0.0
1750683600,326.15,327.97,319.805,327.6,0.0
1750685400,330.9383850097656,353.1900939941406,330.510009765625,353.0150146484375,61263949.0
1750689000,353.0331115722656,357.4700012207031,350.04998779296875,353.3900146484375,35558670.0
1750692600,353.5199890136719,356.2492980957031,348.1499938964844,349.5,21292404.0
1750696200,349.4324951171875,351.5,344.3999938964844,351.1199951171875,22949088.0
1750699800,351.19500732421875,354.8500061035156,350.3266906738281,350.46759033203125,14378647.0
1750703400,350.5199890136719,352.4784851074219,348.3999938964844,348.75201416015625,12417805.0
1750707000,348.7349853515625,349.889892578125,346.44000244140625,348.7099914550781,11198543.0
1750708800,348.707,350.75,339.5933,346.68,0.0
1750712400,346.67,372.1939,328.8411,348.69,0.0
1750716000,348.6999,353.74,348.2,353.1899,0.0
1750719600,353.19,354.5,353.0,353.89,0.0
1750752000,355.98,359.09,355.98,358.23,0.0
1750755600,358.2,358.2,356.6,358.04,0.0
1750759200,358.01,358.5,356.15,356.64,0.0
1750762800,356.61,357.25,355.25,356.38,0.0
1750766400,356.33,359.0231,348.68,355.5399,0.0
1750770000,355.4607,357.5,327.95,356.22,0.0
1750771800,353.4601135253906,354.0168151855469,340.739990234375,341.55999755859375,42681663.0
1750775400,341.5899963378906,344.8599853515625,340.44000244140625,343.8349914550781,18386088.0
1750779000,343.75,344.57000732421875,341.6000061035156,342.2200012207031,12081057.0
1750782600,342.2149963378906,344.3999938964844,341.29998779296875,342.239990234375,9432881.0
1750786200,342.2099914550781,343.2799987792969,341.1700134277344,342.4599914550781,8426028.0
1750789800,342.5,343.7099914550781,341.739990234375,341.8500061035156,7579924.0
1750793400,341.8500061035156,343.6000061035156,340.4800109863281,340.480712890625,8040310.0
1750795200,340.47,344.78,220.9882,340.17,0.0
1750798800,340.18,461.5325,220.9882,339.445,0.0
1750802400,339.49,339.5,338.32,338.75,0.0
1750806000,338.7,339.0,338.1,338.17,0.0
1750838400,341.43,342.22,340.2,340.94,0.0
1750842000,340.95,341.7,340.48,341.19,0.0
1750845600,341.24,341.7,340.85,341.57,0.0
1750849200,341.51,343.3,341.39,342.96,0.0
1750852800,342.92,344.7,339.45,343.3,0.0
1750856400,343.3,343.97,342.44,342.67,0.0
1750858200,341.7900085449219,341.989990234375,320.3999938964844,321.489990234375,46140050.0
1750861800,321.5299987792969,327.0199890136719,321.07000732421875,326.07000732421875,20513458.0
1750865400,326.07000732421875,327.1000061035156,324.6807861328125,325.8450012207031,10689391.0
1750869000,325.8500061035156,327.6099853515625,324.85009765625,326.9849853515625,7522555.0
1750872600,327.0249938964844,327.19000244140625,324.8399963378906,325.20001220703125,6596218.0
1750876200,325.20001220703125,328.3900146484375,322.6000061035156,327.5,14143715.0
1750879800,327.54730224609375,328.0799865722656,326.4700012207031,327.5899963378906,7672390.0
1750881600,327.55,327.8,305.5415,326.12,0.0
1750885200,326.14,340.47,305.5415,326.78,0.0
1750888800,326.75,327.3,326.51,326.76,0.0
1750892400,326.73,326.9,325.8,326.3999,0.0
1750924800,327.48,329.97,326.2,329.4,0.0
1750928400,329.4,329.63,327.5,327.6,0.0
1750932000,327.56,329.3,326.9,328.57,0.0
1750935600,328.63,328.83,327.25,327.41,0.0
1750939200,327.28,329.97,326.2585,328.39,0.0
1750942800,328.39,328.46,322.62,324.52,0.0
1750944600,326.54998779296875,331.04998779296875,324.80999755859375,326.18231201171875,25644183.0
1750948200,325.92999267578125,330.1700134277344,324.2008972167969,325.76129150390625,17040562.0
1750951800,325.7900085449219,328.8399963378906,325.3900146484375,327.80999755859375,7550519.0
1750955400,327.8500061035156,329.55999755859375,327.6400146484375,329.00439453125,6599329.0
1750959000,329.010009765625,329.1300048828125,326.4100036621094,326.77178955078125,6185721.0
1750962600,326.79998779296875,327.91900634765625,324.75,327.80999755859375,7807367.0
1750966200,327.7799987792969,328.6600036621094,325.6400146484375,325.7699890136719,6203064.0
1750968000,325.78,334.4007,309.1378,325.68,0.0
1750971600,325.62,326.4,303.4263,325.95,0.0
1750975200,326.0,326.45,325.64,326.31,0.0
1750978800,326.39,326.85,326.0,326.57,0.0
1751011200,326.98,327.84,326.2,326.7,0.0
1751014800,326.7,327.25,326.65,327.1,0.0
1751018400,327.08,327.36,326.79,326.86,0.0
1751022000,326.9,327.69,326.46,327.32,0.0
1751025600,327.37,327.8,325.78,327.2094,0.0
1751029200,327.11,327.21,324.0,324.49,0.0
1751031000,324.4700012207031,329.33929443359375,320.07000732421875,326.5400085449219,24310144.0
1751034600,326.5700988769531,327.6499938964844,324.0907897949219,325.5299987792969,11069127.0
1751038200,325.57000732421875,326.3800048828125,323.2200012207031,324.739990234375,7324330.0
1751041800,324.739990234375,325.3695983886719,324.2699890136719,324.5050048828125,6717449.0
1751045400,324.3904113769531,325.8877868652344,320.6600036621094,320.7560119628906,9696017.0
1751049000,320.7850036621094,321.95001220703125,317.4949951171875,321.20001220703125,15547078.0
1751052600,321.1995849609375,323.989990234375,320.8500061035156,323.79998779296875,7513695.0
1751054400,323.63,340.2803,313.1394,322.7967,0.0
1751058000,322.7998,323.63,300.3852,322.9,0.0
1751061600,322.9,323.0,322.6,322.9,0.0
1751065200,322.855,323.3,322.65,322.71,0.0
1751270400,324.0,324.94,320.32,320.51,0.0
1751274000,320.5,321.47,318.31,321.47,0.0
1751277600,321.47,321.53,319.09,319.9,0.0
1751281200,319.9,321.35,319.27,321.08,0.0
1751284800,321.05,326.22,318.3167,320.86,0.0
1751288400,320.8,323.8088,319.85,319.92,0.0
1751290200,323.92999267578125,325.57989501953125,317.80999755859375,319.456787109375,23640088.0
1751293800,319.4750061035156,322.260009765625,319.0799865722656,320.5899963378906,9166933.0
1751297400,320.5466003417969,322.7629089355469,319.5,320.8999938964844,6947163.0
1751301000,320.8599853515625,321.3500061035156,319.510009765625,319.8008117675781,5501706.0
1751304600,319.82000732421875,320.1000061035156,318.1499938964844,318.2300109863281,6290202.0
1751308200,318.2099914550781,319.28961181640625,316.6000061035156,317.5436096191406,9299221.0
1751311800,317.489990234375,318.760009765625,316.8800048828125,317.6199951171875,6027666.0
1751313600,317.58,327.597,301.0453,316.17,0.0
1751317200,315.95,331.0358,296.0605,315.21,0.0
1751320800,315.23,315.23,310.11,311.09,0.0
1751324400,311.09,311.8,310.31,311.19,0.0
1751356800,310.0,310.0,299.55,304.38,0.0
1751360400,304.4,304.88,302.04,302.35,0.0
1751364000,302.37,304.53,301.41,303.9,0.0
1751367600,303.9,305.3,301.8,302.41,0.0
1751371200,302.41,317.66,294.88,298.7416,0.0
1751374800,298.79,317.66,297.61,298.48,0.0
1751376600,296.25,305.8800048828125,293.2099914550781,303.1899108886719,57483253.0
1751380200,303.1899108886719,305.0,297.1199951171875,300.7773132324219,22050189.0
1751383800,300.7049865722656,304.3800048828125,300.2500915527344,303.25,12407710.0
1751387400,303.20001220703125,304.626708984375,301.95001220703125,302.1000061035156,9504799.0
1751391000,302.1499938964844,302.25,298.3219909667969,301.0400085449219,14043307.0
1751394600,301.0,303.1600036621094,300.3299865722656,302.8900146484375,10610815.0
1751398200,302.9100036621094,304.4299011230469,300.4800109863281,300.7099914550781,10331262.0
1751400000,300.71,301.5,298.85,301.44,0.0
1751403600,301.48,301.66,299.02,299.88,0.0
1751407200,299.93,300.89,299.7501,300.7983,0.0
1751410800,300.73,300.97,300.02,300.3001,0.0
1751443200,303.07,304.6,302.48,304.05,0.0
1751446800,304.07,304.16,303.3,303.85,0.0
1751450400,303.85,305.12,303.69,304.8,0.0
1751454000,304.8,304.99,302.69,303.03,0.0
1751457600,303.05,305.1,301.28,301.53,0.0
1751461200,301.6,322.6,300.0303,312.703,0.0
1751463000,312.57501220703125,314.44000244140625,303.82000732421875,311.9200134277344,47456766.0
1751466600,311.9100036621094,316.8320007324219,310.17999267578125,313.82000732421875,22821767.0
1751470200,313.8599853515625,314.82000732421875,311.8900146484375,313.3550109863281,10017813.0
1751473800,313.389892578125,315.9800109863281,312.1199951171875,315.5267028808594,8184714.0
1751477400,315.527587890625,316.1698913574219,314.0799865722656,315.877197265625,6815402.0
1751481000,315.86920166015625,316.3800048828125,314.5899963378906,315.4100036621094,8108775.0
1751484600,315.0849914550781,315.69000244140625,312.68060302734375,315.6499938964844,8588119.0
1751486400,315.65,334.8459,210.596,316.7988,0.0
1751490000,316.735,347.8318,210.596,316.15,0.0
1751493600,316.1,347.8318,220.5403,316.32,0.0
1751497200,316.36,316.4239,316.01,316.3,0.0
1751529600,318.18,320.35,317.7,319.31,0.0
1751533200,319.31,319.43,318.16,318.67,0.0
1751536800,318.69,319.22,317.32,317.87,0.0
1751540400,317.87,318.26,314.88,316.46,0.0
1751544000,316.58,320.28,314.8,318.1151,0.0
1751547600,318.11,319.3,298.97,318.0001,0.0
1751549400,317.95001220703125,318.0,312.760009765625,313.8731994628906,24503067.0
1751553000,313.8800048828125,317.8999938964844,312.79998779296875,316.35009765625,14433610.0
1751556600,316.375,318.45001220703125,315.69000244140625,317.08990478515625,9600374.0
1751562000,317.07501220703125,317.2998962402344,314.29998779296875,315.0299987792969,0.0
1751565600,315.05,330.5734,301.163,315.0,0.0
1751569200,315.01,315.05,312.4,313.8483,0.0
1751572800,313.8,315.35,312.64,312.67,0.0
1751875200,298.4,298.4,291.27,292.45,0.0
1751878800,292.41,294.99,292.28,294.91,0.0
1751882400,294.9,295.93,294.01,294.2,0.0
1751886000,294.14,295.41,293.67,295.41,0.0
1751889600,295.31,316.138,291.3531,296.14,0.0
1751893200,296.12,299.75,290.9003,291.38,0.0
1751895000,294.4088134765625,296.1499938964844,288.7701110839844,293.17999267578125,53720290.0
1751898600,293.2200012207031,294.3854064941406,290.55999755859375,292.809814453125,17609979.0
1751902200,293.0050048828125,294.5199890136719,291.1000061035156,292.6099853515625,11698276.0
1751905800,292.6007080078125,293.0,291.1499938964844,291.3399963378906,9085336.0
1751909400,291.30999755859375,294.1499938964844,291.20001220703125,291.3840026855469,9572924.0
1751913000,291.42999267578125,294.3900146484375,291.3575134277344,293.9715881347656,9909853.0
1751916600,293.9599914550781,295.5299987792969,293.0,293.9200134277344,10470609.0
1751918400,294.03,294.75,293.0,294.48,0.0
1751922000,294.55,294.6,293.73,294.12,0.0
1751925600,294.13,314.623,287.3091,294.7,0.0
1751929200,294.66,295.86,294.6,295.57,0.0
1751961600,296.37,298.21,296.27,297.73,0.0
1751965200,297.73,298.87,297.7,297.81,0.0
1751968800,297.84,297.9,296.91,297.26,0.0
1751972400,297.3,297.67,296.08,296.89,0.0
1751976000,296.88,298.8157,296.07,297.49,0.0
1751979600,297.485,297.61,290.35,297.02,0.0
1751981400,296.8800048828125,300.3699951171875,295.6416015625,298.92999267578125,25485595.0
1751985000,298.95001220703125,304.0494079589844,298.8601989746094,301.9150085449219,19387942.0
1751988600,301.909912109375,302.989990234375,300.82000732421875,302.25,8552507.0
1751992200,302.260009765625,302.3999938964844,300.7300109863281,301.5339050292969,7002953.0
1751995800,301.5199890136719,303.4599914550781,300.42999267578125,302.9299011230469,8442336.0
1751999400,302.94000244140625,303.5799865722656,296.8599853515625,296.9555969238281,15089755.0
1752003000,296.9411926269531,298.5150146484375,294.3500061035156,297.8349914550781,13997477.0
1752004800,297.8499,317.0637,278.5849,297.34,0.0
1752008400,297.28,297.77,297.07,297.7,0.0
1752012000,297.7385,297.97,297.55,297.8087,0.0
1752015600,297.785,298.45,297.5,297.64,0.0
1752048000,297.93,298.82,297.63,298.32,0.0
1752051600,298.36,299.79,298.3,299.7,0.0
1752055200,299.7,299.77,299.15,299.64,0.0
1752058800,299.63,299.94,299.03,299.25,0.0
1752062400,299.22,299.9491,296.91,297.845,0.0
1752066000,297.8999,302.85,292.155,297.4999,0.0
1752067800,297.6050109863281,300.1499938964844,294.760009765625,295.4527893066406,22643247.0
1752071400,295.4700012207031,296.55999755859375,293.54998779296875,295.92999267578125,15031861.0
1752075000,295.9700012207031,296.3999938964844,294.3699951171875,294.8500061035156,6776530.0
1752078600,294.8599853515625,296.17999267578125,294.29998779296875,294.510009765625,5953681.0
1752082200,294.522705078125,297.1289978027344,293.9100036621094,296.57501220703125,7606437.0
1752085800,296.5899963378906,297.82000732421875,296.0,296.94000244140625,6656923.0
1752089400,296.9200134277344,297.7427978515625,295.75,295.82000732421875,7294086.0
1752091200,295.835,314.37,278.3463,295.51,0.0
1752094800,295.51,295.94,295.3,295.79,0.0
1752098400,295.87,296.5,295.55,296.275,0.0
1752102000,296.28,296.46,295.9,296.2,0.0
1752134400,298.01,298.5,297.68,298.0,0.0
1752138000,298.0,298.4,297.51,297.69,0.0
1752141600,297.69,298.94,297.49,298.7,0.0
1752145200,298.65,299.78,298.45,298.82,0.0
1752148800,298.88,299.78,295.88,299.04,0.0
1752152400,299.09,302.85,295.88,300.0,0.0
1752154200,300.13018798828125,307.7799987792969,300.0,304.3500061035156,33785270.0
1752157800,304.3500061035156,306.79998779296875,303.75,304.6860046386719,10949399.0
1752161400,304.6007995605469,304.92999267578125,303.1199951171875,304.0199890136719,7555008.0
1752165000,304.0155029296875,304.8799133300781,301.54998779296875,301.8865966796875,8207409.0
1752168600,301.8830871582031,307.260009765625,301.79998779296875,306.5299987792969,10750123.0
1752172200,306.52459716796875,310.4800109863281,306.1700134277344,309.239990234375,15157424.0
1752175800,309.19488525390625,310.29998779296875,308.45001220703125,309.93499755859375,10510130.0
1752177600,309.94,460.6714,217.74,310.12,0.0
1752181200,310.2,348.68,281.9166,309.6681,0.0
1752184800,309.61,310.3,309.4,310.29,0.0
1752188400,310.2987,311.5,310.15,311.5,0.0
1752220800,309.77,310.65,307.6,308.31,0.0
1752224400,308.3,309.7,307.84,309.0,0.0
1752228000,309.0,309.62,308.12,308.51,0.0
1752231600,308.55,308.99,307.27,308.94,0.0
1752235200,308.98,348.68,307.2,308.56,0.0
1752238800,308.65,309.01,307.58,307.58,0.0
1752240600,307.6199951171875,311.9100036621094,305.6600036621094,310.97918701171875,20852964.0
1752244200,310.92999267578125,311.019287109375,306.6400146484375,307.71038818359375,11700813.0
1752247800,307.7200012207031,310.0199890136719,306.9599914550781,309.85009765625,8213403.0
1752251400,309.87200927734375,311.57000732421875,309.75,310.8599853515625,7575924.0
1752255000,310.8399963378906,312.79998779296875,309.8599853515625,311.9599914550781,7360569.0
1752258600,311.9750061035156,313.4289855957031,310.29998779296875,312.67999267578125,10291474.0
1752262200,312.6549987792969,314.0899963378906,312.62060546875,313.5,8371920.0
1752264000,313.5,322.16,294.4427,312.67,0.0
1752267600,312.65,315.9735,294.4427,312.42,0.0
1752271200,312.42,312.75,312.3,312.535,0.0
1752274800,312.535,312.9,312.48,312.8,0.0
1752480000,314.29,316.12,314.11,315.4,0.0
1752483600,315.4,317.0,315.21,316.56,0.0
1752487200,316.57,317.0,316.16,316.19,0.0
1752490800,316.19,317.65,316.0,316.76,0.0
1752494400,316.82,317.83,313.0,317.69,0.0
1752498000,317.64,317.8,300.11,317.715,0.0
1752499800,317.7300109863281,322.5986022949219,313.5299987792969,314.24969482421875,27158668.0
1752503400,314.2200012207031,315.6499938964844,312.6700134277344,314.3800048828125,11019327.0
1752507000,314.3999938964844,315.53961181640625,313.8800048828125,314.94000244140625,6751162.0
1752510600,314.92999267578125,316.659912109375,314.7099914550781,315.33758544921875,6665380.0
1752514200,315.3699951171875,315.92498779296875,312.8500061035156,315.02398681640625,7864917.0
1752517800,315.0249938964844,316.7650146484375,314.8299865722656,316.3251953125,7517769.0
1752521400,316.3349914550781,317.2699890136719,315.67999267578125,316.9100036621094,6255543.0
1752523200,316.9,327.597,301.0453,316.92,0.0
1752526800,316.96,331.0358,296.0605,316.7601,0.0
1752530400,316.76,316.8,316.1,316.2,0.0
1752534000,316.2,316.49,315.9,316.01,0.0
1752566400,317.02,318.39,316.02,318.04,0.0
1752570000,318.05,318.29,317.55,317.59,0.0
1752573600,317.59,317.76,317.2,317.45,0.0
1752577200,317.44,318.38,317.28,317.8,0.0
1752580800,317.77,318.3869,315.88,317.78,0.0
1752584400,317.75,321.065,314.37,319.7,0.0
1752586200,319.67498779296875,321.20001220703125,316.4200134277344,317.6600036621094,21535742.0
1752589800,317.510009765625,317.5116882324219,312.70001220703125,314.07049560546875,14279261.0
1752593400,314.1199951171875,315.48431396484375,313.41009521484375,314.32000732421875,7386549.0
1752597000,314.30999755859375,315.09259033203125,312.80999755859375,314.0799865722656,6146924.0
1752600600,314.04998779296875,315.239990234375,313.3399963378906,314.6531982421875,5498863.0
1752604200,314.6195983886719,314.6400146484375,310.5,311.4549865722656,10182641.0
1752607800,311.4700012207031,312.3800048828125,310.6600036621094,310.6600036621094,6387722.0
1752609600,310.66,329.8245,296.5956,308.74,0.0
1752613200,308.8,309.16,308.6,308.69,0.0
1752616800,308.66,309.0,308.0,308.75,0.0
1752620400,308.71,309.24,308.43,308.785,0.0
1752652800,309.0,309.95,308.76,309.74,0.0
1752656400,309.78,309.99,309.0,309.04,0.0
1752660000,309.01,309.78,309.0,309.63,0.0
1752663600,309.63,312.1,309.6,311.3,0.0
1752667200,311.3,313.5,307.85,312.9,0.0
1752670800,312.9,313.57,312.4,312.7884,0.0
1752672600,312.79998779296875,318.9100036621094,312.6300048828125,318.17999267578125,28056734.0
1752676200,318.17498779296875,321.1199951171875,317.739990234375,319.5080871582031,19139758.0
1752679800,319.5050048828125,321.70001220703125,316.0799865722656,321.2049865722656,13345444.0
1752683400,321.2200012207031,321.55999755859375,319.6099853515625,320.19500732421875,7360546.0
1752687000,320.2441101074219,320.989990234375,318.6600036621094,319.4800109863281,6952406.0
1752690600,319.4455871582031,322.95001220703125,319.4455871582031,322.0260925292969,9473650.0
1752694200,322.0400085449219,323.5,321.3800048828125,321.6700134277344,7666792.0
1752696000,321.67,340.5212,309.9033,321.4822,0.0
1752699600,321.57,322.38,321.45,321.95,0.0
1752703200,321.91,322.19,320.9,321.1,0.0
1752706800,321.01,321.47,320.7,321.16,0.0
1752739200,322.27,323.2,321.85,322.7,0.0
1752742800,322.69,323.03,322.4,322.67,0.0
1752746400,322.7,322.86,322.4,322.59,0.0
1752750000,322.6,322.65,321.6,322.45,0.0
1752753600,322.47,323.77,321.3,323.55,0.0
1752757200,323.6,324.68,312.875,323.18,0.0
1752759000,323.1099853515625,324.3399963378906,319.8999938964844,321.8949890136719,23287077.0
1752762600,321.8599853515625,323.4710998535156,321.29998779296875,322.1202087402344,9789891.0
1752766200,322.1300048828125,322.3999938964844,319.75,320.52880859375,9499470.0
1752769800,320.5260009765625,321.8439025878906,317.69500732421875,319.4599914550781,7203699.0
1752773400,319.4801025390625,319.6698913574219,317.060302734375,319.010009765625,10048703.0
1752777000,319.0249938964844,319.8194885253906,318.28009033203125,318.92999267578125,5592454.0
1752780600,318.9049987792969,319.7099914550781,318.44000244140625,319.3699951171875,5454882.0
1752782400,319.398,330.5734,301.163,319.455,0.0
1752786000,319.5,330.5734,309.3171,318.95,0.0
1752789600,318.92,319.1,318.82,319.0408,0.0
1752793200,319.05,319.5,319.0,319.5,0.0
1752825600,319.99,320.77,319.66,320.5,0.0
1752829200,320.55,320.59,320.15,320.27,0.0
1752832800,320.28,320.62,320.02,320.41,0.0
1752836400,320.44,320.69,320.24,320.48,0.0
1752840000,320.48,321.5708,319.6638,321.39,0.0
1752843600,321.41,323.325,319.41,321.899,0.0
1752845400,322.0,330.7099914550781,321.4200134277344,327.07000732421875,31429456.0
1752849000,327.0799865722656,329.1000061035156,325.5,327.1606140136719,13983212.0
1752852600,327.20001220703125,329.0199890136719,327.1300964355469,328.05499267578125,7971654.0
1752856200,328.0044860839844,328.1099853515625,324.840087890625,327.57000732421875,11164943.0
1752859800,327.55999755859375,330.8599853515625,327.12060546875,329.80999755859375,10533493.0
1752863400,329.79998779296875,330.8999938964844,328.7799987792969,328.8399963378906,8622278.0
1752867000,328.8299865722656,329.8599853515625,328.1000061035156,329.54998779296875,6554328.0
1752868800,329.65,330.33,329.02,329.16,0.0
1752872400,329.33,349.9035,307.9074,329.15,0.0
1752876000,329.15,329.29,329.11,329.26,0.0
1752879600,329.24,329.55,329.2,329.52,0.0
1753084800,333.32,335.0,333.32,334.39,0.0
1753088400,334.43,334.97,334.17,334.58,0.0
1753092000,334.59,334.75,334.22,334.23,0.0
1753095600,334.24,335.0,333.38,334.32,0.0
1753099200,334.27,335.2,333.115,335.08,0.0
1753102800,335.05,335.6299,329.65,334.38,0.0
1753104600,334.3599853515625,338.0,328.5,330.0994873046875,26985026.0
1753108200,330.1000061035156,330.3299865722656,327.79998779296875,329.1528015136719,11644305.0
1753111800,329.1199951171875,330.260009765625,326.8800048828125,328.72149658203125,8753831.0
1753115400,328.7699890136719,330.3599853515625,328.7401123046875,329.7300109863281,6428226.0
1753119000,329.7200012207031,330.8299865722656,329.1499938964844,329.70001220703125,6012774.0
1753122600,329.70001220703125,330.30999755859375,327.79998779296875,329.37921142578125,6644113.0
1753126200,329.3800048828125,329.8500061035156,327.9599914550781,328.5299987792969,4614530.0
1753128000,328.52,335.2629,306.9222,328.5,0.0
1753131600,328.44,336.227,306.9222,328.28,0.0
1753135200,328.28,328.49,328.09,328.1699,0.0
1753138800,328.15,328.27,327.52,327.79,0.0
1753171200,327.49,328.31,326.9,327.43,0.0
1753174800,327.4,327.8,326.1,326.49,0.0
1753178400,326.44,327.4,326.24,327.3,0.0
1753182000,327.33,328.28,327.05,328.1,0.0
1753185600,328.1,329.8,325.61,329.0,0.0
1753189200,328.97,335.995,328.49,329.93,0.0
1753191000,329.739990234375,330.4700012207031,321.54998779296875,327.6700134277344,19259194.0
1753194600,327.6700134277344,331.6000061035156,327.3305969238281,329.6600036621094,12351453.0
1753198200,329.6499938964844,332.3500061035156,329.4307861328125,330.1400146484375,9253227.0
1753201800,330.135009765625,332.2300109863281,329.6499938964844,331.8815002441406,6364568.0
1753205400,331.8599853515625,334.24530029296875,329.8299865722656,333.6449890136719,10487550.0
1753209000,333.5899963378906,335.4097900390625,333.114990234375,333.5065002441406,10487103.0
1753212600,333.5,333.7699890136719,332.0,332.0799865722656,5520347.0
1753214400,332.08,341.6204,311.2892,331.56,0.0
1753218000,331.59,332.5385,317.0637,331.38,0.0
1753221600,331.39,332.11,330.7,331.0,0.0
1753225200,330.95,333.53,330.9,333.32,0.0
1753257600,333.41,333.91,332.25,332.87,0.0
1753261200,332.87,333.34,332.7,332.7,0.0
1753264800,332.71,333.24,332.56,333.07,0.0
1753268400,333.06,333.62,332.0,332.54,0.0
1753272000,332.54,333.7075,330.79,331.5792,0.0
1753275600,331.58,332.11,330.6,330.88,0.0
1753277400,330.8699951171875,334.6000061035156,329.010009765625,333.45001220703125,18113998.0
1753281000,333.44000244140625,334.20001220703125,332.0799865722656,333.1099853515625,9376308.0
1753284600,333.04010009765625,336.1700134277344,332.75,333.2749938964844,8817832.0
1753288200,333.2749938964844,333.57000732421875,328.6700134277344,330.8599853515625,9914543.0
1753291800,330.8559875488281,333.6600036621094,329.4100036621094,332.8192138671875,9327558.0
1753295400,332.7875061035156,335.70001220703125,332.0,333.81500244140625,10175207.0
1753299000,333.81500244140625,334.3500061035156,332.0799865722656,333.0,6599207.0
1753300800,333.0,354.4493,313.6408,333.19,0.0
1753304400,333.0,335.57,322.49,325.7,0.0
1753308000,325.7,326.5,314.91,318.5,0.0
1753311600,318.5,319.3,316.18,317.87,0.0
1753344000,312.55,314.66,310.38,313.22,0.0
1753347600,313.22,313.4,310.5,311.5,0.0
1753351200,311.5,312.93,311.49,312.76,0.0
1753354800,312.78,314.21,311.8,312.85,0.0
1753358400,312.87,315.04,309.5,312.27,0.0
1753362000,312.26,332.825,309.0,310.0,0.0
1753363800,310.06500244140625,310.06500244140625,301.0,303.79998779296875,58076008.0
1753367400,303.75,305.489990234375,301.30999755859375,302.3052978515625,23008506.0
1753371000,302.2860107421875,303.3799133300781,300.4100036621094,301.25,15257797.0
1753374600,301.25,304.989990234375,301.02349853515625,304.2732849121094,12970749.0
1753378200,304.2799987792969,305.760009765625,302.17999267578125,303.82000732421875,11789127.0
1753381800,303.81500244140625,306.7099914550781,303.5505065917969,306.6499938964844,12919705.0
1753385400,306.6400146484375,307.4800109863281,305.0,305.07000732421875,11708131.0
1753387200,305.07,321.393,286.9351,305.6,0.0
1753390800,305.6,306.5,305.53,306.3889,0.0
1753394400,306.36,307.3,305.3,307.04,0.0
1753398000,307.04,307.15,306.63,307.04,0.0
1753430400,306.43,306.94,303.06,303.96,0.0
1753434000,303.91,304.45,302.5,302.81,0.0
1753437600,302.8,303.34,301.7,303.26,0.0
1753441200,303.29,305.15,302.93,304.55,0.0
1753444800,304.56,308.25,301.71,307.31,0.0
1753448400,307.3399,309.22,306.87,308.79,0.0
1753450200,308.739990234375,314.20001220703125,308.010009765625,313.6499938964844,33831108.0
1753453800,313.67999267578125,318.7300109863281,312.1300048828125,318.4389953613281,19799265.0
1753457400,318.43170166015625,323.6300048828125,317.7699890136719,323.2900085449219,24842645.0
1753461000,323.2850036621094,323.29998779296875,317.0,317.7850036621094,19852089.0
1753464600,317.7900085449219,318.5799865722656,315.3699951171875,318.3900146484375,16300803.0
1753468200,318.3999938964844,318.5094909667969,312.70001220703125,314.21051025390625,16995740.0
1753471800,314.239990234375,316.7699890136719,313.80999755859375,316.1050109863281,10074181.0
1753473600,316.11,476.8387,214.5317,316.6999,0.0
1753477200,316.66,476.8387,214.5317,317.4303,0.0
1753480800,317.47,317.9,317.0,317.16,0.0
1753484400,317.15,317.75,317.0,317.66,0.0
1753689600,320.81,321.95,319.94,321.49,0.0
1753693200,321.5,322.65,321.02,321.06,0.0
1753696800,321.11,321.52,320.38,320.66,0.0
1753700400,320.67,321.45,320.02,321.25,0.0
1753704000,321.22,322.6788,316.06,321.1,0.0
1753707600,321.08,322.035,310.395,318.08,0.0
1753709400,319.0801086425781,326.3999938964844,315.69000244140625,325.1387939453125,32710654.0
1753713000,325.1499938964844,328.95001220703125,322.6300048828125,327.3900146484375,19940849.0
1753716600,327.3999938964844,330.4800109863281,326.75,328.9649963378906,15029955.0
1753720200,328.97869873046875,329.30999755859375,326.8999938964844,328.1499938964844,10486336.0
1753723800,328.1600036621094,329.4656066894531,326.1499938964844,326.989990234375,10017533.0
1753727400,327.0199890136719,328.3699951171875,326.0600891113281,326.2300109863281,8332680.0
1753731000,326.20709228515625,327.20001220703125,325.3399963378906,325.5400085449219,8039572.0
1753732800,325.59,339.5948,308.0261,325.1,0.0
1753736400,325.16,331.0358,312.1008,325.4,0.0
1753740000,325.4,325.69,325.2,325.465,0.0
1753743600,325.52,326.38,325.41,326.1916,0.0
1753776000,326.58,327.7,326.19,327.36,0.0
1753779600,327.4,327.5,326.33,326.99,0.0
1753783200,326.95,327.11,326.35,326.56,0.0
1753786800,326.57,326.98,325.94,326.4,0.0
1753790400,326.39,327.6917,324.03,324.92,0.0
1753794000,324.9,329.625,317.7,325.61,0.0
1753795800,325.6524963378906,326.25,318.25,319.3299865722656,24067224.0
1753799400,319.32000732421875,322.6300048828125,318.3699951171875,318.5101013183594,14247050.0
1753803000,318.5400085449219,322.2250061035156,318.3590087890625,320.5539855957031,13021355.0
1753806600,320.54998779296875,321.75,319.6499938964844,320.44000244140625,6635866.0
1753810200,320.42999267578125,323.7799987792969,320.0921936035156,322.6300048828125,9133778.0
1753813800,322.6300048828125,324.05999755859375,322.20001220703125,322.3800048828125,7726183.0
1753817400,322.3999938964844,322.5422058105469,320.7699890136719,321.3999938964844,6389846.0
1753819200,321.38,340.0392,318.4616,321.02,0.0
1753822800,320.97,343.0108,305.3995,320.9,0.0
1753826400,320.91,321.2,320.5,320.93,0.0
1753830000,320.9,321.0,320.42,320.6,0.0
1753862400,321.63,322.49,321.52,321.68,0.0
1753866000,321.59,322.61,321.57,322.39,0.0
1753869600,322.31,322.41,322.05,322.33,0.0
1753873200,322.33,322.46,321.79,322.42,0.0
1753876800,322.43,322.75,305.3,321.55,0.0
1753880400,322.056,322.36,321.0,322.15,0.0
1753882200,322.19500732421875,324.44989013671875,320.0,322.2149963378906,18151148.0
1753885800,322.2395935058594,322.3999938964844,316.9100036621094,317.6698913574219,13822394.0
1753889400,317.6449890136719,319.3900146484375,317.3999938964844,317.68438720703125,8074813.0
1753893000,317.68438720703125,318.8800048828125,317.3399963378906,317.8660888671875,6002686.0
1753896600,317.8699951171875,318.8500061035156,315.8550109863281,316.6700134277344,8411105.0
1753900200,316.6600036621094,317.8298034667969,311.6174011230469,315.5899963378906,16091330.0
1753903800,315.6099853515625,319.260009765625,315.1400146484375,319.0400085449219,8661054.0
1753905600,319.09,334.8459,317.61,318.14,0.0
1753909200,318.16,336.1492,309.9033,317.88,0.0
1753912800,317.85,319.04,317.65,318.08,0.0
1753916400,318.08,318.15,317.72,317.89,0.0
1753948800,320.06,320.5,319.32,319.58,0.0
1753952400,319.6,319.78,317.99,318.44,0.0
1753956000,318.36,318.86,318.04,318.1,0.0
1753959600,318.14,318.51,317.98,318.45,0.0
1753963200,318.48,320.49,317.68,319.0,0.0
1753966800,318.9,321.22,318.8,319.53,0.0
1753968600,319.7799987792969,321.3699035644531,316.0299987792969,316.2900085449219,17499945.0
1753972200,316.2900085449219,317.3999938964844,311.5,312.4200134277344,13931655.0
1753975800,312.44989013671875,314.1000061035156,311.7300109863281,313.5899963378906,9088220.0
1753979400,313.6000061035156,314.0799865722656,309.5899963378906,309.8840026855469,8250697.0
1753983000,309.85009765625,311.6499938964844,306.1000061035156,308.43499755859375,13304064.0
1753986600,308.3900146484375,310.989990234375,308.3301086425781,310.2001037597656,9202235.0
1753990200,310.2900085449219,310.7464904785156,307.94000244140625,308.19000244140625,6588832.0
1753992000,308.19,324.4788,301.163,307.86,0.0
1753995600,307.86,324.4788,288.9687,307.84,0.0
1753999200,307.85,308.27,307.08,307.85,0.0
1754002800,307.855,307.9,306.8,306.9,0.0
1754035200,305.88,305.88,301.5,301.71,0.0
1754038800,301.74,304.22,301.6,303.5,0.0
1754042400,303.48,305.22,303.2,304.93,0.0
1754046000,304.85,305.4,303.43,305.1,0.0
1754049600,305.05,308.4,301.5,306.9,0.0
1754053200,306.89,307.8,304.47,306.267,0.0
1754055000,306.7200012207031,308.7598876953125,297.82000732421875,304.5450134277344,27589787.0
1754058600,304.57000732421875,307.364990234375,303.8800048828125,304.8550109863281,11502966.0
1754062200,304.8550109863281,309.30999755859375,304.75,307.17999267578125,9716761.0
1754065800,307.19500732421875,307.239990234375,302.739990234375,303.23638916015625,8847095.0
1754069400,303.2349853515625,304.8599853515625,301.3800048828125,303.29998779296875,10531506.0
1754073000,303.2615966796875,304.6000061035156,301.1600036621094,301.9800109863281,7831289.0
1754076600,301.8900146484375,303.6700134277344,301.1000061035156,302.6099853515625,7145836.0
1754078400,302.63,303.01,301.41,302.66,0.0
1754082000,302.6982,323.3682,295.1414,302.47,0.0
1754085600,302.5,302.5,302.14,302.16,0.0
1754089200,302.16,302.2,301.0,301.05,0.0
1754294400,304.99,306.23,304.99,305.6,0.0
1754298000,305.51,305.7,305.1,305.6,0.0
1754301600,305.62,311.3,305.0,308.9,0.0
1754305200,308.9,310.98,307.79,309.3,0.0
1754308800,309.15,311.39,301.874,309.28,0.0
1754312400,309.2816,310.63,298.535,309.05,0.0
1754314200,309.05499267578125,312.114990234375,305.55010986328125,309.0400085449219,23374894.0
1754317800,309.0567932128906,309.07000732421875,303.0000915527344,306.19500732421875,16039049.0
1754321400,306.1300048828125,308.989990234375,305.6200866699219,308.65008544921875,8853940.0
1754325000,308.6700134277344,309.75,306.79998779296875,308.489990234375,8158255.0
1754328600,308.4800109863281,310.1799011230469,307.48699951171875,309.39080810546875,6043622.0
1754332200,309.385009765625,310.8299865722656,308.92010498046875,308.99249267578125,6327458.0
1754335800,308.9649963378906,309.95001220703125,308.05999755859375,309.2998962402344,5121919.0
1754337600,309.26,329.6499,288.9433,309.7,0.0
1754341200,309.52,331.0358,288.9433,309.65,0.0
1754344800,309.6,309.77,309.33,309.475,0.0
1754348400,309.5,309.5,308.88,309.35,0.0
1754380800,309.45,310.05,309.02,309.57,0.0
1754384400,309.6,310.5,309.5,310.21,0.0
1754388000,310.18,311.35,310.18,310.81,0.0
1754391600,310.81,311.0,310.32,310.64,0.0
1754395200,310.61,311.34,309.0743,309.8881,0.0
1754398800,309.86,310.35,307.23,308.98,0.0
1754400600,307.2049865722656,312.44989013671875,305.5,307.9649963378906,18192096.0
1754404200,307.94110107421875,308.4999084472656,305.6199951171875,306.9599914550781,9123703.0
1754407800,306.8999938964844,308.1899108886719,306.3999938964844,307.0799865722656,5008661.0
1754411400,307.0295104980469,308.1698913574219,306.0317077636719,308.07000732421875,4816012.0
1754415000,308.1000061035156,310.9142150878906,308.0013122558594,309.25,7136367.0
1754418600,309.2699890136719,310.625,308.65008544921875,309.635009765625,5238186.0
1754422200,309.6600036621094,310.1199951171875,308.4100036621094,308.67999267578125,4602111.0
1754424000,308.72,483.2055,220.9882,306.95,0.0
1754427600,306.9,459.4827,220.9882,307.2,0.0
1754431200,307.2,307.3,306.8,307.225,0.0
1754434800,307.225,307.4,307.0,307.025,0.0
1754467200,308.72,309.89,308.7,309.34,0.0
1754470800,309.34,309.49,308.84,308.89,0.0
1754474400,308.86,309.04,308.27,308.5,0.0
1754478000,308.54,308.74,307.82,308.4,0.0
1754481600,308.46,309.9,307.74,307.93,0.0
1754485200,307.865,308.5,307.5,307.85,0.0
1754487000,307.8900146484375,317.3500061035156,306.93450927734375,314.86090087890625,21248663.0
1754490600,314.8900146484375,319.5,314.5700988769531,318.4949951171875,13465860.0
1754494200,318.489990234375,319.55999755859375,316.70001220703125,317.2049865722656,9756646.0
1754497800,317.2049865722656,318.7099914550781,316.2099914550781,318.53350830078125,6401192.0
1754501400,318.54998779296875,319.75,317.8599853515625,319.5899963378906,7170602.0
1754505000,319.5799865722656,320.4700012207031,318.8399963378906,319.2951965332031,8317323.0
1754508600,319.2699890136719,320.135009765625,318.4200134277344,319.9599914550781,6303663.0
1754510400,319.91,327.2725,305.5415,320.41,0.0
1754514000,320.41,331.453,301.6602,319.48,0.0
1754517600,319.46,320.0,318.5,319.6,0.0
1754521200,319.6,320.0,319.4,319.9,0.0
1754553600,321.53,322.23,320.58,321.45,0.0
1754557200,321.44,321.97,321.2,321.68,0.0
1754560800,321.66,322.14,321.28,321.46,0.0
1754564400,321.4,321.75,320.84,321.34,0.0
1754568000,321.3,322.23,319.4,319.98,0.0
1754571600,319.8,320.95,307.995,319.72,0.0
1754573400,319.6099853515625,322.3999938964844,318.1000061035156,319.29998779296875,18459664.0
1754577000,318.86138916015625,320.2900085449219,317.6199951171875,317.935302734375,9751098.0
1754580600,317.94000244140625,320.9599914550781,317.67999267578125,320.82501220703125,8224665.0
1754584200,320.81500244140625,321.15948486328125,317.94000244140625,318.3900146484375,7676656.0
1754587800,318.3900146484375,318.8500061035156,316.1600036621094,317.34649658203125,6561795.0
1754591400,317.260009765625,319.1435852050781,316.67999267578125,318.95001220703125,5407177.0
1754595000,318.94500732421875,322.3599853515625,318.8399963378906,322.2900085449219,6650824.0
1754596800,322.29,334.4007,301.9185,321.66,0.0
1754600400,321.7,322.27,301.163,320.46,0.0
1754604000,320.55,320.98,320.4646,320.65,0.0
1754607600,320.7962,321.2,320.6,320.9183,0.0
1754640000,319.94,320.89,319.94,320.51,0.0
1754643600,320.49,320.77,320.1,320.13,0.0
1754647200,320.16,320.85,320.1,320.65,0.0
1754650800,320.65,321.98,320.2,321.61,0.0
1754654400,321.62,322.18,319.549,321.48,0.0
1754658000,321.45,334.855,319.565,321.46,0.0
1754659800,321.42999267578125,333.92999267578125,320.9800109863281,331.7908935546875,31363311.0
1754663400,331.80999755859375,334.989990234375,330.94000244140625,333.19000244140625,16250012.0
1754667000,333.1600036621094,333.3500061035156,329.9200134277344,330.3192138671875,9348487.0
1754670600,330.29998779296875,331.760009765625,328.510009765625,328.6600036621094,8177271.0
1754674200,328.6980895996094,330.45001220703125,328.20001220703125,329.510498046875,6817637.0
1754677800,329.5299987792969,330.8800048828125,328.4750061035156,328.6300048828125,6954136.0
1754681400,328.6300048828125,329.7298889160156,327.2200012207031,329.67999267578125,7748147.0
1754683200,329.68,340.2803,329.15,329.6,0.0
1754686800,329.56,350.1826,241.55,329.73,0.0
1754690400,329.65,329.95,329.65,329.82,0.0
1754694000,329.81,330.1003,329.8,330.1,0.0
1754899200,333.72,334.24,332.82,333.63,0.0
1754902800,333.6,334.2,333.5,334.1,0.0
1754906400,334.1,334.2,333.65,334.11,0.0
1754910000,334.11,334.52,333.59,333.59,0.0
1754913600,333.56,336.07,329.6412,335.3,0.0
1754917200,335.3,336.68,321.535,335.03,0.0
1754919000,335.0,343.1600036621094,334.1499938964844,341.3349914550781,32449482.0
1754922600,341.364990234375,344.2900085449219,340.29998779296875,344.07000732421875,14819866.0
1754926200,344.05499267578125,346.4490051269531,343.3999938964844,346.3900146484375,14047983.0
1754929800,346.4100036621094,346.6400146484375,342.239990234375,342.4100036621094,10725540.0
1754933400,342.4115905761719,343.32989501953125,341.6000061035156,342.1600036621094,8329378.0
1754937000,342.1650085449219,344.0899963378906,340.650390625,341.9700012207031,10520859.0
1754940600,342.010009765625,342.0799865722656,338.7900085449219,339.18499755859375,8402070.0
1754942400,339.127,339.23,315.681,338.4,0.0
1754946000,338.4,351.4606,302.97,339.21,0.0
1754949600,339.16,339.7,338.7,339.18,0.0
1754953200,339.17,339.99,338.9,339.81,0.0
1754985600,341.0,341.33,340.43,340.98,0.0
1754989200,340.96,341.16,340.68,340.97,0.0
1754992800,340.94,341.04,339.77,339.85,0.0
1754996400,339.87,340.64,339.8,340.19,0.0
1755000000,340.18,341.68,339.03,341.4267,0.0
1755003600,341.41,345.75,341.41,345.18,0.0
1755005400,345.04998779296875,345.260009765625,332.94000244140625,334.9549865722656,27750007.0
1755009000,334.95928955078125,338.17999267578125,333.1199951171875,337.2650146484375,12941582.0
1755012600,337.30999755859375,339.0,336.25,338.031494140625,8193448.0
1755016200,338.031494140625,340.08990478515625,337.6200866699219,338.7900085449219,7377272.0
1755019800,338.760009765625,339.6736145019531,337.0299987792969,339.4136962890625,6436199.0
1755023400,339.42999267578125,341.44989013671875,338.92999267578125,340.8599853515625,7404982.0
1755027000,340.8800048828125,342.42999267578125,340.3800048828125,340.7550048828125,6284590.0
1755028800,340.6,358.8353,318.4616,340.42,0.0
1755032400,340.4,363.2356,316.304,340.17,0.0
1755036000,340.2,340.4,339.9,340.1,0.0
1755039600,340.135,340.3,340.04,340.2289,0.0
1755072000,340.66,343.16,340.52,343.05,0.0
1755075600,343.05,343.4,342.54,342.62,0.0
1755079200,342.61,343.08,342.5,342.77,0.0
1755082800,342.8,342.82,341.7,342.42,0.0
1755086400,342.38,343.3996,339.97,342.25,0.0
1755090000,342.15,342.84,331.5,341.64,0.0
1755091800,341.8800048828125,348.9800109863281,340.239990234375,345.08990478515625,23273591.0
1755095400,345.1000061035156,345.5624084472656,338.54998779296875,340.7850036621094,12224375.0
1755099000,340.81500244140625,342.3299865722656,340.20001220703125,341.30010986328125,6451030.0
1755102600,341.29998779296875,341.659912109375,339.25,341.5050048828125,6283472.0
1755106200,341.5050048828125,341.8197937011719,338.2300109863281,340.2250061035156,6884780.0
1755109800,340.260009765625,341.4549865722656,339.20001220703125,340.7200012207031,5159534.0
1755113400,340.760009765625,341.25,339.20001220703125,339.3399963378906,4064061.0
1755115200,339.225,350.2094,315.605,338.96,0.0
1755118800,338.96,347.8318,315.605,338.93,0.0
1755122400,338.915,341.29,338.75,338.85,0.0
1755126000,338.875,339.17,338.77,339.0,0.0
1755158400,339.59,341.69,339.59,341.65,0.0
1755162000,341.55,341.98,341.0,341.18,0.0
1755165600,341.22,341.46,340.33,340.84,0.0
1755169200,340.84,341.25,340.42,341.15,0.0
1755172800,341.12,341.98,339.0,341.1,0.0
1755176400,341.3,348.525,333.81,335.595,0.0
1755178200,335.760009765625,338.3999938964844,334.80670166015625,337.1650085449219,17215391.0
1755181800,337.1935119628906,340.46990966796875,331.2821960449219,332.5498962402344,13347549.0
1755185400,332.5356140136719,333.2900085449219,330.3999938964844,331.4067077636719,12304838.0
1755189000,331.55999755859375,334.1300048828125,330.8517150878906,333.96270751953125,7861433.0
1755192600,333.9750061035156,334.5799865722656,332.760009765625,332.9700012207031,6702659.0
1755196200,332.9460144042969,334.87060546875,332.92999267578125,334.3699951171875,7062040.0
1755199800,334.3800048828125,336.0299987792969,334.010009765625,335.57000732421875,5623605.0
1755201600,335.57,357.6178,313.2621,334.93,0.0
1755205200,334.93,350.142,321.5608,335.14,0.0
1755208800,335.11,335.45,334.7,334.88,0.0
1755212400,334.95,335.05,334.74,334.81,0.0
1755244800,336.13,337.1,336.13,336.7,0.0
1755248400,336.7,336.81,335.35,335.91,0.0
1755252000,335.91,336.78,335.69,336.26,0.0
1755255600,336.26,337.13,336.16,336.35,0.0
1755259200,336.4,337.1762,335.3,336.9,0.0
1755262800,336.81,338.4,336.28,337.38,0.0
1755264600,337.6549987792969,339.29998779296875,331.8500061035156,332.8999938964844,18871909.0
1755268200,332.885009765625,333.7998962402344,331.8800048828125,332.9057922363281,8164869.0
1755271800,332.875,333.55499267578125,327.0199890136719,327.94000244140625,12912763.0
1755275400,327.93499755859375,331.4295959472656,327.93499755859375,330.8999938964844,9426179.0
1755279000,330.8800964355469,331.69989013671875,329.3399963378906,329.8299865722656,6017263.0
1755282600,329.8327941894531,330.1199951171875,328.0,329.05999755859375,7713775.0
1755286200,329.0899963378906,330.6700134277344,328.57000732421875,330.6000061035156,6091565.0
1755288000,330.59,338.2056,307.9074,329.9997,0.0
1755291600,329.99,349.9035,307.9074,330.1,0.0
1755295200,330.075,330.4,330.05,330.35,0.0
1755298800,330.26,330.7991,330.11,330.15,0.0
1755504000,330.0,330.39,327.6,328.0,0.0
1755507600,328.0,328.6,326.98,327.52,0.0
1755511200,327.51,328.18,327.34,327.9,0.0
1755514800,327.9,328.95,327.9,328.75,0.0
1755518400,328.74,332.0485,326.9965,328.929,0.0
1755522000,328.85,329.87,328.48,329.65,0.0
1755523800,329.5899963378906,334.2698974609375,329.5899963378906,333.69500732421875,17979032.0
1755527400,333.6700134277344,333.9800109863281,331.79998779296875,333.0249938964844,6680538.0
1755531000,333.0400085449219,335.349609375,332.70001220703125,334.8334045410156,6114542.0
1755534600,334.8793029785156,335.2900085449219,333.1700134277344,334.76251220703125,6094697.0
1755538200,334.7749938964844,335.75,333.66009521484375,334.2300109863281,4912974.0
1755541800,334.2300109863281,336.2699890136719,334.0400085449219,334.8500061035156,5708419.0
1755545400,334.82000732421875,335.3299865722656,333.8616943359375,335.1499938964844,4677572.0
1755547200,335.16,358.2768,311.7272,335.15,0.0
1755550800,335.15,355.7624,313.5661,335.11,0.0
1755554400,335.11,335.73,335.11,335.41,0.0
1755558000,335.41,335.5,335.05,335.215,0.0
1755590400,334.77,335.06,333.9,334.41,0.0
1755594000,334.4,335.6,334.27,335.2,0.0
1755597600,335.2,335.25,334.6,334.65,0.0
1755601200,334.67,335.1,334.16,334.51,0.0
1755604800,334.45,335.98,333.9,335.93,0.0
1755608400,335.85,336.22,335.1,335.8396,0.0
1755610200,335.7900085449219,340.54998779296875,333.29998779296875,338.75,22451810.0
1755613800,338.82000732421875,339.2799987792969,330.6499938964844,332.1700134277344,15938726.0
1755617400,332.1499938964844,333.989990234375,331.95001220703125,333.1600036621094,6942597.0
1755621000,333.1549987792969,333.39990234375,327.8500061035156,329.70001220703125,9513454.0
1755624600,329.6199951171875,330.8599853515625,329.0,329.70941162109375,5363450.0
1755628200,329.6650085449219,330.2349853515625,328.0,329.94000244140625,6345459.0
1755631800,329.8999938964844,330.5899963378906,329.07501220703125,329.32000732421875,4661536.0
1755633600,329.32,341.6204,305.9998,328.63,0.0
1755637200,328.6,329.31,327.25,327.4,0.0
1755640800,327.399,328.16,327.35,327.725,0.0
1755644400,327.725,327.83,324.95,325.25,0.0
1755676800,328.24,329.31,326.61,327.82,0.0
1755680400,327.71,329.21,327.61,328.73,0.0
1755684000,328.75,328.99,328.43,328.62,0.0
1755687600,328.62,329.16,327.93,328.28,0.0
1755691200,328.22,329.3,325.53,328.1855,0.0
1755694800,328.235,329.2296,327.51,329.225,0.0
1755696600,329.922607421875,331.3699951171875,316.6600036621094,317.3399963378906,24423830.0
1755700200,317.3599853515625,320.3900146484375,314.6000061035156,320.0566101074219,14091946.0
1755703800,320.0299987792969,322.0899963378906,317.489990234375,321.7546081542969,9793867.0
1755707400,321.760009765625,322.3399963378906,320.0780029296875,321.05499267578125,5893268.0
1755711000,321.04998779296875,324.05999755859375,319.55010986328125,319.8067932128906,8181865.0
1755714600,319.79998779296875,323.6700134277344,319.79998779296875,322.9800109863281,6530945.0
1755718200,322.97088623046875,324.7900085449219,322.6400146484375,323.9150085449219,5150852.0
1755720000,323.88,335.2629,301.6602,323.3,0.0
1755723600,323.3,335.2629,323.11,323.65,0.0
1755727200,323.57,324.4,323.4,323.92,0.0
1755730800,323.9,324.44,323.2947,324.22,0.0
1755763200,324.18,325.0,323.8,324.9,0.0
1755766800,324.95,325.11,323.78,323.95,0.0
1755770400,323.95,324.12,323.23,323.37,0.0
1755774000,323.45,324.25,323.21,323.65,0.0
1755777600,323.6,325.1,321.8,322.09,0.0
1755781200,322.05,322.73,319.1,322.05,0.0
1755783000,322.0,324.8999938964844,319.6600036621094,324.239990234375,17132751.0
1755786600,324.25,324.260009765625,321.1000061035156,321.9006042480469,7350445.0
1755790200,321.8800048828125,323.20001220703125,320.0400085449219,320.2200012207031,6354906.0
1755793800,320.2300109863281,321.0899963378906,318.67999267578125,319.3599853515625,6398413.0
1755797400,319.3299865722656,321.3399963378906,319.1300048828125,320.489990234375,5051208.0
1755801000,320.5249938964844,322.6000061035156,320.1199951171875,322.0150146484375,5827069.0
1755804600,322.0299987792969,322.1095886230469,320.0299987792969,320.0400085449219,4170369.0
1755806400,320.11,320.31,319.16,319.75,0.0
1755810000,319.91,334.4007,301.9185,319.55,0.0
1755813600,319.56,320.1,319.5,320.1,0.0
1755817200,320.06,320.1,319.6,319.99,0.0
1755849600,319.69,321.29,319.61,320.9,0.0
1755853200,320.9,321.5,320.53,321.02,0.0
1755856800,321.01,322.19,320.66,321.77,0.0
1755860400,321.77,322.05,321.22,321.45,0.0
1755864000,321.43,322.25,318.02,321.31,0.0
1755867600,321.41,321.68,320.82,321.65,0.0
1755869400,320.1199951171875,337.4599914550781,319.69000244140625,334.7099914550781,30347060.0
1755873000,334.760009765625,337.69989013671875,334.6200866699219,335.55999755859375,13700473.0
1755876600,335.5450134277344,336.3299865722656,333.760009765625,335.11700439453125,7922225.0
1755880200,335.114990234375,338.3299865722656,335.0675048828125,338.02178955078125,10529920.0
1755883800,338.0350036621094,338.75,337.1300048828125,338.30999755859375,7311225.0
1755887400,338.32000732421875,339.54998779296875,338.0201110839844,338.5000915527344,8601614.0
1755891000,338.510009765625,340.25,337.3399963378906,340.010009765625,9317874.0
1755892800,340.02,340.3,338.44,340.04,0.0
1755896400,340.01,357.0891,332.5385,340.46,0.0
1755900000,340.46,341.32,340.3,341.2,0.0
1755903600,341.24,341.45,340.77,341.4,0.0
1756108800,340.25,341.07,337.88,338.65,0.0
1756112400,338.68,339.1,337.2,337.73,0.0
1756116000,337.7,338.84,337.58,338.17,0.0
1756119600,338.1,339.2,337.6,338.34,0.0
1756123200,338.4,342.69,337.25,338.22,0.0
1756126800,338.28,339.69,338.06,338.9,0.0
1756128600,338.8900146484375,342.14990234375,335.0299987792969,340.82000732421875,22841923.0
1756132200,340.7799987792969,343.44000244140625,339.6099853515625,343.3399963378906,10212703.0
1756135800,343.364990234375,346.4200134277344,343.1400146484375,345.7699890136719,12230959.0
1756139400,345.7099914550781,348.70001220703125,344.70001220703125,348.34991455078125,10365280.0
1756143000,348.3500061035156,348.67999267578125,346.05999755859375,346.8299865722656,8939240.0
1756146600,346.8599853515625,349.5299987792969,346.260009765625,348.4601135253906,9890900.0
1756150200,348.5,348.7049865722656,346.5,346.5950012207031,7634926.0
1756152000,346.584,346.72,324.2212,345.74,0.0
1756155600,345.74,364.9828,323.4563,345.09,0.0
1756159200,345.08,345.86,332.44,345.43,0.0
1756162800,345.5,345.63,345.01,345.0998,0.0
1756195200,344.0,344.91,343.9,344.6,0.0
1756198800,344.58,345.35,344.23,345.0,0.0
1756202400,345.0,345.58,344.9,345.54,0.0
1756206000,345.51,345.76,344.77,345.01,0.0
1756209600,345.01,346.6,343.6732,344.62,0.0
1756213200,344.7,345.68,344.26,344.93,0.0
1756215000,345.9700012207031,349.1400146484375,344.29998779296875,346.0899963378906,20712891.0
1756218600,346.04278564453125,347.7900085449219,345.1400146484375,347.07000732421875,8927284.0
1756222200,347.0400085449219,347.12701416015625,343.7200012207031,346.2799987792969,8505132.0
1756225800,346.30999755859375,347.2799987792969,345.7099914550781,347.1000061035156,5829459.0
1756229400,347.135009765625,347.20989990234375,345.07501220703125,346.94000244140625,5358454.0
1756233000,346.94000244140625,350.0,346.8999938964844,349.70001220703125,9711597.0
1756236600,349.7200012207031,351.8999938964844,349.1199951171875,351.7699890136719,9820010.0
1756238400,351.77,354.4296,340.0392,352.21,0.0
1756242000,352.21,371.994,329.5013,351.455,0.0
1756245600,351.4312,351.89,351.1,351.88,0.0
1756249200,351.8,352.3,351.52,352.24,0.0
1756281600,352.17,352.66,351.65,351.68,0.0
1756285200,351.64,351.95,350.81,351.5,0.0
1756288800,351.46,352.21,351.45,351.9,0.0
1756292400,351.89,352.91,351.4,352.7,0.0
1756296000,352.74,353.31,350.8,352.8001,0.0
1756299600,352.8179,353.012,351.67,351.85,0.0
1756301400,351.94000244140625,355.3900146484375,349.7799987792969,352.7532043457031,20984934.0
1756305000,352.7850036621094,354.1199951171875,351.20001220703125,352.9800109863281,9289833.0
1756308600,353.010009765625,353.32000732421875,349.156005859375,350.6401062011719,8480485.0
1756312200,350.635009765625,351.5,350.0,350.9849853515625,5661442.0
1756315800,350.9873962402344,352.0299987792969,350.30999755859375,351.3399963378906,4580631.0
1756319400,351.2929992675781,351.79998779296875,349.32000732421875,349.9115905761719,6536458.0
1756323000,349.9200134277344,351.1000061035156,349.45001220703125,349.5,5456036.0
1756324800,349.6,350.2094,323.7206,347.4,0.0
1756328400,347.36,349.6,326.8946,347.35,0.0
1756332000,347.35,347.39,345.6,345.91,0.0
1756335600,345.91,346.35,345.35,345.5699,0.0
1756368000,348.63,350.64,348.51,350.0,0.0
1756371600,350.0,350.35,349.24,349.41,0.0
1756375200,349.43,349.56,348.3,348.8,0.0
1756378800,348.82,349.11,346.81,347.5,0.0
1756382400,347.46,350.75,346.48,348.2,0.0
1756386000,348.1994,351.39,348.1994,351.0,0.0
1756387800,350.9849853515625,353.54998779296875,344.909912109375,345.0950012207031,18828815.0
1756391400,345.1099853515625,346.1299133300781,341.6099853515625,341.92999267578125,12406434.0
1756395000,341.9549865722656,343.25,340.2699890136719,343.20001220703125,10131733.0
1756398600,343.1700134277344,344.32000732421875,342.44000244140625,343.4549865722656,5722743.0
1756402200,343.4599914550781,345.20989990234375,343.4599914550781,345.0050048828125,4827917.0
1756405800,345.0,346.5,343.67999267578125,346.45001220703125,6486520.0
1756409400,346.44000244140625,346.8699951171875,345.79998779296875,345.79998779296875,5673146.0
1756411200,345.98,346.05,345.51,345.685,0.0
1756414800,345.71,369.2894,321.6852,345.175,0.0
1756418400,345.2,350.142,321.5608,345.15,0.0
1756422000,345.14,345.9,345.0,345.75,0.0
1756454400,344.69,345.35,343.16,343.7,0.0
1756458000,343.62,344.0,342.2,342.84,0.0
1756461600,342.86,343.29,342.7,342.91,0.0
1756465200,342.91,344.64,342.73,344.24,0.0
1756468800,344.24,345.98,342.2,344.25,0.0
1756472400,344.2499,352.715,344.2499,347.14,0.0
1756474200,347.2300109863281,348.7499084472656,337.4800109863281,339.7091064453125,22126965.0
1756477800,339.7149963378906,340.16729736328125,337.70001220703125,338.9200134277344,8839259.0
1756481400,338.90008544921875,339.0899963378906,334.7799987792969,335.8851013183594,12176779.0
1756485000,335.9100036621094,336.59991455078125,332.6499938964844,333.7449951171875,8565346.0
1756488600,333.7474060058594,334.4100036621094,332.44000244140625,332.67999267578125,6382419.0
1756492200,332.69000244140625,333.06988525390625,331.70001220703125,332.114990234375,8068499.0
1756495800,332.12091064453125,334.4800109863281,332.1156921386719,333.9700012207031,8965451.0
1756497600,333.98,338.2056,322.3574,333.4482,0.0
1756501200,333.42,349.9035,316.1889,333.62,0.0
1756504800,333.62,333.88,333.3,333.8502,0.0
1756508400,333.88,333.99,333.5,333.8988,0.0
1756800000,332.52,333.87,331.47,332.19,0.0
1756803600,332.19,332.91,331.35,332.54,0.0
1756807200,332.58,332.76,331.17,331.22,0.0
1756810800,331.28,331.6,329.65,330.04,0.0
1756814400,330.04,334.64,327.22,327.9998,0.0
1756818000,328.0,350.335,325.34,328.185,0.0
1756819800,327.0,333.3283996582031,325.6000061035156,332.7550048828125,18522989.0
1756823400,332.7749938964844,332.7900085449219,327.8999938964844,328.40850830078125,8457833.0
1756827000,328.3800048828125,329.8689880371094,327.0299987792969,329.25,6914884.0
1756830600,329.2300109863281,330.3900146484375,328.45001220703125,329.79998779296875,5065715.0
1756834200,329.82000732421875,330.6400146484375,327.92999267578125,328.17999267578125,5076802.0
1756837800,328.20001220703125,329.489990234375,327.8699951171875,329.2850036621094,5045024.0
1756841400,329.2850036621094,329.877197265625,328.94000244140625,329.3699951171875,4153662.0
1756843200,329.36,351.5099,329.05,330.88,0.0
1756846800,330.72,341.6204,309.0668,330.86,0.0
1756850400,330.81,336.227,319.3014,331.09,0.0
1756854000,331.07,331.365,330.95,331.34,0.0
1756886400,331.09,334.13,331.09,334.09,0.0
1756890000,334.05,335.19,333.47,334.7,0.0
1756893600,334.71,334.75,334.15,334.65,0.0
1756897200,334.67,335.8,334.22,334.53,0.0
1756900800,334.54,335.8,330.36,335.3,0.0
1756904400,335.34,336.0,334.57,335.2,0.0
1756906200,335.1000061035156,337.30999755859375,328.510009765625,336.0799865722656,23334852.0
1756909800,336.08990478515625,342.5299987792969,336.010009765625,340.1499938964844,19473135.0
1756913400,340.1700134277344,343.3299865722656,339.3399963378906,341.7149963378906,10627653.0
1756917000,341.739990234375,342.5599060058594,340.52191162109375,341.7449951171875,6317426.0
1756920600,341.7611999511719,342.0299072265625,336.3900146484375,336.82000732421875,8432413.0
1756924200,336.7900085449219,336.8081970214844,334.6199951171875,335.6278076171875,10187732.0
1756927800,335.6283874511719,337.1487121582031,334.010009765625,334.0400085449219,6772611.0
1756929600,334.09,334.5,323.9,334.32,0.0
1756933200,334.3,354.4493,314.37,334.68,0.0
1756936800,334.68,334.69,334.35,334.5,0.0
1756940400,334.525,335.0,334.5,334.94,0.0
1756972800,338.53,339.59,337.48,339.05,0.0
1756976400,339.05,339.05,338.2,338.58,0.0
1756980000,338.65,339.19,338.44,338.71,0.0
1756983600,338.82,339.15,337.77,337.78,0.0
1756987200,337.78,339.98,335.9645,337.64,0.0
1756990800,337.5,337.9,336.01,336.13,0.0
1756992600,336.1700134277344,337.635009765625,331.4800109863281,333.760009765625,19435646.0
1756996200,333.7349853515625,334.9800109863281,332.4211120605469,334.7909851074219,8847257.0
1756999800,334.7703857421875,336.1000061035156,332.8601989746094,333.1825866699219,6692219.0
1757003400,333.20001220703125,335.1050109863281,333.0600891113281,335.0799865722656,4903020.0
1757007000,335.0516052246094,336.3299865722656,334.7572937011719,335.39910888671875,4814049.0
1757010600,335.3984069824219,337.7300109863281,335.38861083984375,336.8500061035156,6327169.0
1757014200,336.8800048828125,338.8900146484375,336.739990234375,338.56451416015625,5320932.0
1757016000,338.6,355.2897,334.4007,338.65,0.0
1757019600,338.65,338.69,321.5608,338.2511,0.0
1757023200,338.28,339.3,338.25,339.3,0.0
1757026800,339.265,339.33,338.88,339.26,0.0
1757059200,340.55,342.57,340.26,342.34,0.0
1757062800,342.34,342.5,341.24,341.8,0.0
1757066400,341.75,346.32,341.41,345.43,0.0
1757070000,345.3,347.43,343.88,345.28,0.0
1757073600,345.3,347.43,338.53,345.02,0.0
1757077200,345.03,348.3997,342.94,348.075,0.0
1757079000,350.25830078125,355.8699951171875,346.2300109863281,347.8599853515625,41713898.0
1757082600,347.8699951171875,349.1700134277344,344.68011474609375,348.55999755859375,15547953.0
1757086200,348.57000732421875,349.5,345.8399963378906,347.793701171875,9176713.0
1757089800,347.80999755859375,353.0,346.840087890625,352.07501220703125,9524856.0
1757093400,352.04998779296875,352.2892150878906,349.260009765625,351.17999267578125,9246120.0
1757097000,351.17999267578125,351.5400085449219,347.864990234375,348.82000732421875,10606400.0
1757100600,348.83880615234375,351.2699890136719,348.0400085449219,350.79998779296875,7999249.0
1757102400,350.81,357.0891,335.42,350.05,0.0
1757106000,350.02,369.9686,343.416,350.17,0.0
1757109600,350.16,350.5,350.07,350.24,0.0
1757113200,350.24,350.24,349.27,349.4,0.0
1757318400,353.34,355.41,353.34,354.66,0.0
1757322000,354.61,355.22,354.41,354.88,0.0
1757325600,354.88,356.25,354.55,355.75,0.0
1757329200,355.7,356.41,355.0,355.83,0.0
1757332800,355.78,356.41,349.933,353.945,0.0
1757336400,353.93,355.22,337.045,354.7,0.0
1757338200,354.68798828125,358.0,350.20001220703125,352.3299865722656,24325676.0
1757341800,352.32000732421875,352.4599914550781,347.45001220703125,349.283203125,12792337.0
1757345400,349.2799987792969,350.29998779296875,346.6300048828125,348.0,9348763.0
1757349000,347.9700012207031,348.0899963378906,344.8399963378906,347.42999267578125,8078343.0
1757352600,347.4800109863281,347.6300048828125,344.8999938964844,346.53851318359375,6495908.0
1757356200,346.5299987792969,347.2200012207031,345.4800109863281,346.1000061035156,5775860.0
1757359800,346.1300048828125,346.95001220703125,345.75,346.3999938964844,5156464.0
1757361600,346.4,359.971,327.597,346.21,0.0
1757365200,346.21,366.201,323.4563,345.99,0.0
1757368800,345.975,346.4,345.92,346.12,0.0
1757372400,346.12,346.26,345.51,345.5955,0.0
1757404800,346.67,348.2,346.5,348.05,0.0
1757408400,348.02,348.21,347.46,347.56,0.0
1757412000,347.55,348.07,347.46,347.84,0.0
1757415600,347.85,347.88,346.51,347.0,0.0
1757419200,347.0,348.2,346.23,347.715,0.0
1757422800,347.72,349.15,347.5,348.44,0.0
1757424600,347.2669982910156,350.760009765625,345.5,346.614990234375,17961191.0
1757428200,346.6400146484375,347.3699035644531,343.82000732421875,346.3800048828125,9666021.0
1757431800,346.3500061035156,348.5,346.0705871582031,347.6929931640625,5907576.0
1757435400,347.69000244140625,348.20001220703125,346.20001220703125,346.894287109375,4794972.0
1757439000,346.92999267578125,347.8399963378906,345.95001220703125,346.5849914550781,4079299.0
1757442600,346.6000061035156,347.156005859375,345.70001220703125,346.3500061035156,5327950.0
1757446200,346.3599853515625,347.20001220703125,346.0849914550781,347.0400085449219,4181752.0
1757448000,346.988,369.6616,329.5013,346.99,0.0
1757451600,346.94,347.5,329.76,347.4,0.0
1757455200,347.37,347.42,347.0,347.37,0.0
1757458800,347.4,347.45,347.0,347.02,0.0
1757491200,348.0,349.36,347.81,348.62,0.0
1757494800,348.66,348.98,347.96,348.2,0.0
1757498400,348.22,348.82,348.03,348.74,0.0
1757502000,348.65,348.88,348.11,348.25,0.0
1757505600,348.25,349.36,346.97,348.6743,0.0
1757509200,348.71,351.4997,346.97,350.52,0.0
1757511000,350.70001220703125,352.20001220703125,346.07000732421875,349.1600036621094,17505161.0
1757514600,349.0899963378906,356.32000732421875,349.07000732421875,354.6702880859375,15561690.0
1757518200,354.7200012207031,355.79998779296875,353.5,354.2330017089844,6879827.0
1757521800,354.239990234375,355.3815002441406,352.69000244140625,354.260009765625,6016079.0
1757525400,354.260986328125,356.2799987792969,353.2099914550781,353.6542053222656,6397367.0
1757529000,353.639892578125,354.4432067871094,347.1600036621094,347.45001220703125,9736011.0
1757532600,347.4800109863281,350.260009765625,347.3949890136719,347.7900085449219,6718007.0
1757534400,347.78,350.2094,334.8459,348.2,0.0
1757538000,348.175,348.4,326.8946,348.355,0.0
1757541600,348.32,349.44,348.3,349.33,0.0
1757545200,349.345,349.495,348.95,349.21,0.0
1757577600,350.42,351.84,350.26,351.0,0.0
1757581200,350.87,351.23,350.7,350.95,0.0
1757584800,350.95,351.58,350.5,351.44,0.0
1757588400,351.41,352.02,351.06,351.67,0.0
1757592000,351.66,352.08,347.0425,351.5,0.0
1757595600,351.54,352.08,349.25,350.16,0.0
1757597400,350.2200012207031,359.2799072265625,347.6000061035156,358.8800048828125,24289250.0
1757601000,358.8500061035156,363.29998779296875,357.0199890136719,361.6300048828125,10856523.0
1757604600,361.6099853515625,363.57000732421875,360.32000732421875,360.40899658203125,19537555.0
1757608200,360.4100036621094,364.32000732421875,360.17999267578125,364.089111328125,9235800.0
1757611800,364.0849914550781,367.6400146484375,363.6600036621094,365.260009765625,13779548.0
1757615400,365.2200012207031,368.3500061035156,364.9200134277344,367.06500244140625,10986615.0
1757619000,367.07000732421875,368.989990234375,365.82000732421875,368.7950134277344,8326710.0
1757620800,368.83,369.9,367.501,368.56,0.0
1757624400,368.5,368.81,219.057,367.6,0.0
1757628000,367.51,407.0123,264.0406,368.59,0.0
1757631600,368.59,370.45,368.425,370.44,0.0
1757664000,371.05,371.72,369.8,369.95,0.0
1757667600,369.95,369.97,367.41,368.92,0.0
1757671200,368.92,370.65,368.74,370.65,0.0
1757674800,370.56,371.2,368.0,368.86,0.0
1757678400,368.89,371.75,367.4,370.1,0.0
1757682000,370.0008,371.27,347.65,370.92,0.0
1757683800,371.87530517578125,392.4288024902344,371.75,391.7650146484375,53519551.0
1757687400,391.79998779296875,394.19000244140625,386.8999938964844,388.2250061035156,26676814.0
1757691000,388.2250061035156,392.6700134277344,387.79998779296875,391.6650085449219,13875018.0
1757694600,391.6650085449219,395.989990234375,391.0799865722656,393.6000061035156,19010027.0
1757698200,393.57000732421875,395.5,393.20001220703125,394.95001220703125,12428407.0
1757701800,394.9750061035156,396.6899108886719,392.6099853515625,393.9800109863281,19328869.0
1757705400,393.9599914550781,396.5,391.8800964355469,396.0,12162526.0
1757707200,396.0,396.66,394.8318,395.1786,0.0
1757710800,395.31,396.7992,372.8429,395.0,0.0
1757714400,394.92,395.15,394.71,395.03,0.0
1757718000,395.05,396.0,394.85,395.35,0.0
1757923200,402.6,404.47,400.44,400.5,0.0
1757926800,400.5,400.9,397.56,399.05,0.0
1757930400,399.14,416.81,399.08,416.8,0.0
1757934000,416.81,427.87,416.77,426.85,0.0
1757937600,426.89,430.36,397.5238,428.181,0.0
1757941200,428.12,430.0005,395.94,423.16,0.0
1757943000,423.20001220703125,425.69989013671875,414.29998779296875,416.55999755859375,67189807.0
1757946600,416.54998779296875,424.1272888183594,415.8031921386719,422.3999938964844,19601078.0
1757950200,422.4100036621094,422.7300109863281,417.4056091308594,418.5,12007689.0
1757953800,418.510009765625,420.17999267578125,415.7900085449219,417.5249938964844,10289334.0
1757957400,417.5,418.20001220703125,406.6000061035156,406.6792907714844,16641777.0
1757961000,406.6600036621094,409.8500061035156,402.43011474609375,407.7300109863281,20903461.0
1757964600,407.7099914550781,411.239990234375,406.4100036621094,410.2449951171875,10594928.0
1757966400,410.15,421.3994,397.0329,411.2,0.0
1757970000,411.22,421.3994,256.8037,410.266,0.0
1757973600,410.291,410.35,408.77,409.4,0.0
1757977200,409.5,409.55,409.25,409.45,0.0
1758016800,417.16,417.4,417.13,417.22,0.0
1758020400,417.15,418.28,411.64,415.3,0.0
1758024000,415.36,421.55,410.04,413.0,0.0
1758027600,413.0962,417.51,412.6,414.49,0.0
1758029400,414.4949951171875,419.5799865722656,411.42999267578125,416.1700134277344,32714090.0
1758033000,416.2085876464844,421.1499938964844,416.01129150390625,418.5801086425781,17115869.0
1758036600,418.6000061035156,420.6300048828125,417.0600891113281,420.1328125,10964806.0
1758040200,420.1400146484375,422.1199951171875,418.090087890625,418.77508544921875,10772313.0
1758043800,418.7749938964844,420.1400146484375,417.5,418.875,6886985.0
1758047400,418.860107421875,420.95001220703125,418.3599853515625,420.5530090332031,7600818.0
1758051000,420.54998779296875,423.25,420.5,421.54998779296875,9887949.0
1758052800,421.565,422.75,410.45,421.05,0.0
1758056400,421.03,459.4827,220.9882,421.355,0.0
1758060000,421.45,422.15,421.35,422.045,0.0
1758063600,422.0,423.23,422.0,422.83,0.0
1758096000,420.57,422.9,418.65,419.11,0.0
1758099600,419.14,419.45,416.65,418.85,0.0
1758103200,418.88,419.4,417.94,418.21,0.0
1758106800,418.21,418.84,417.6,417.86,0.0
1758110400,417.87,422.99,415.04,418.1,0.0
1758114000,418.05,418.14,415.31,415.79,0.0
1758115800,415.6050109863281,417.20001220703125,409.6700134277344,412.6200866699219,25362516.0
1758119400,412.6600036621094,418.6099853515625,411.9200134277344,417.20001220703125,11648950.0
1758123000,417.1700134277344,419.9595947265625,416.80999755859375,419.5364990234375,7865506.0
1758126600,419.55499267578125,420.4200134277344,416.6099853515625,419.73260498046875,6866508.0
1758130200,419.76141357421875,424.69000244140625,411.7699890136719,418.94500732421875,18409039.0
1758133800,418.9100036621094,427.92999267578125,414.45001220703125,427.135009765625,20703538.0
1758137400,427.135009765625,428.3121032714844,425.29998779296875,425.5899963378906,10716030.0
1758139200,425.72,427.41,402.7169,424.73,0.0
1758142800,424.7982,426.05,255.9035,425.6,0.0
1758146400,425.58,428.0,425.5,427.95,0.0
1758150000,427.97,429.72,427.71,428.89,0.0
1758182400,431.66,433.56,431.01,432.6,0.0
1758186000,432.6,433.49,432.0,432.35,0.0
1758189600,432.37,433.35,432.25,432.94,0.0
1758193200,432.91,432.91,429.82,430.4,0.0
1758196800,430.29,433.5505,425.86,430.21,0.0
1758200400,430.3,430.55,425.86,428.82,0.0
1758202200,428.864990234375,431.54998779296875,421.95001220703125,428.94000244140625,26176824.0
1758205800,428.9150085449219,432.21990966796875,424.58660888671875,424.7742004394531,13713048.0
1758209400,424.8299865722656,426.82000732421875,420.8299865722656,422.2121887207031,12120717.0
1758213000,422.20001220703125,426.32000732421875,421.79998779296875,423.4200134277344,8551866.0
1758216600,423.3830871582031,424.8500061035156,421.92999267578125,423.20001220703125,6944905.0
1758220200,423.2449951171875,424.760009765625,420.0,422.4599914550781,7991100.0
1758223800,422.3800048828125,422.489990234375,416.55999755859375,416.7099914550781,8578246.0
1758225600,416.66,433.9217,388.562,417.25,0.0
1758229200,417.185,417.79,389.4538,417.15,0.0
1758232800,417.14,418.55,416.85,418.1189,0.0
1758236400,418.09,418.3,417.5,418.01,0.0
1758268800,421.05,422.32,420.35,421.65,0.0
1758272400,421.65,422.32,420.58,421.31,0.0
1758276000,421.31,422.79,421.0,421.9,0.0
1758279600,422.0,422.49,418.5,419.44,0.0
1758283200,419.3,422.76,415.19,421.475,0.0
1758286800,421.6,423.0,416.85,421.78,0.0
1758288600,421.9700012207031,429.4700012207031,421.7200012207031,426.7701110839844,30192173.0
1758292200,426.67999267578125,427.4100036621094,422.5799865722656,423.8244934082031,11591602.0
1758295800,423.82000732421875,424.9599914550781,421.8699951171875,422.7455139160156,9274622.0
1758299400,422.7449951171875,424.8800048828125,422.1499938964844,423.53729248046875,6665750.0
1758303000,423.55499267578125,426.1807861328125,423.0,425.69989013671875,6785589.0
1758306600,425.6600036621094,426.7099914550781,423.6343994140625,425.9573974609375,6737319.0
1758310200,426.010009765625,427.0,425.20001220703125,425.8699951171875,6152943.0
1758312000,425.85,426.4,424.7,425.12,0.0
1758315600,425.14,450.4355,396.7992,425.48,0.0
1758319200,425.31,450.4355,420.6809,425.6155,0.0
1758322800,425.64,425.7965,425.1,425.5,0.0
1758528000,429.95,432.48,429.01,430.99,0.0
1758531600,430.81,431.61,428.28,429.4,0.0
1758535200,429.37,430.94,428.4,430.2,0.0
1758538800,430.25,430.78,428.84,429.62,0.0
1758542400,429.64,434.64,428.22,429.57,0.0
1758546000,429.58,434.0,426.07,431.03,0.0
1758547800,431.1600036621094,444.9158935546875,429.1300048828125,444.260009765625,34135635.0
1758551400,444.34991455078125,444.9798889160156,439.9100036621094,442.5400085449219,12069885.0
1758555000,442.54998779296875,442.7699890136719,437.7799987792969,438.1496887207031,9340094.0
1758558600,438.1300048828125,438.510009765625,429.8999938964844,433.0299987792969,14678435.0
1758562200,432.989990234375,435.04998779296875,432.6000061035156,433.239990234375,8485436.0
1758565800,433.21160888671875,436.0,433.04998779296875,435.7749938964844,7073459.0
1758569400,435.8045959472656,436.29998779296875,433.3299865722656,434.0,6180090.0
1758571200,434.21,461.5665,433.56,434.46,0.0
1758574800,434.43,461.5665,405.451,434.88,0.0
1758634200,440.0150146484375,440.9700012207031,431.19171142578125,433.489990234375,17019032.0
1758637800,433.6000061035156,435.1799011230469,430.875,432.510009765625,8044015.0
1758641400,432.510009765625,435.46868896484375,432.4100036621094,434.1300048828125,5413128.0
1758645000,434.1799011230469,436.0400085449219,432.9200134277344,433.6650085449219,6031085.0
1758648600,433.6199951171875,434.7799987792969,423.7200012207031,425.6400146484375,13088705.0
1758652200,425.57000732421875,429.1400146484375,425.3399963378906,428.17999267578125,21250231.0
1758655800,428.2200012207031,429.4599914550781,425.54998779296875,425.8299865722656,6584979.0
1758657600,425.73,434.1948,400.3295,426.25,0.0
1758661200,426.31,434.1948,425.85,426.43,0.0
1758664800,426.47,426.89,426.2,426.4,0.0
1758668400,426.44,426.64,426.03,426.0501,0.0
1758700800,427.99,430.37,427.99,429.49,0.0
1758704400,429.58,430.5,428.51,429.6,0.0
1758708000,429.65,430.0,428.9,429.18,0.0
1758711600,429.2,429.59,428.7,428.79,0.0
1758715200,428.8,430.4535,425.2855,428.24,0.0
1758718800,428.3,436.63,428.12,429.8,0.0
1758720600,429.8299865722656,440.5400085449219,429.03009033203125,440.4544982910156,20691824.0
1758724200,440.4599914550781,440.464111328125,437.75,439.3299865722656,9278520.0
1758727800,439.3428955078125,440.5,433.2799987792969,437.1199951171875,10541613.0
1758731400,437.1300048828125,440.0899963378906,436.6700134277344,439.50689697265625,5749049.0
1758735000,439.5,440.510009765625,437.7200012207031,439.25,6739611.0
1758738600,439.4100036621094,443.95001220703125,439.0199890136719,443.4949951171875,9633583.0
1758742200,443.4700012207031,444.2099914550781,442.1700134277344,442.7699890136719,6702598.0
1758744000,442.8,443.1,441.25,441.52,0.0
1758747600,441.55,442.79,441.43,442.07,0.0
1758751200,442.085,442.79,441.75,442.17,0.0
1758754800,442.17,444.9,442.09,444.77,0.0
1758787200,442.0,445.73,442.0,445.24,0.0
1758790800,445.14,445.36,442.13,442.5,0.0
1758794400,442.42,442.5,439.01,440.01,0.0
1758798000,440.04,441.06,437.74,438.05,0.0
1758801600,438.02,446.2472,435.7,436.89,0.0
1758805200,436.88,445.85,432.13,435.2,0.0
1758807000,435.239990234375,435.239990234375,423.41290283203125,429.159912109375,24690464.0
1758810600,429.1600036621094,430.3598937988281,425.9381103515625,426.8399963378906,9220566.0
1758814200,426.8299865722656,430.1700134277344,426.75,428.6600036621094,6289679.0
1758817800,428.7099914550781,429.67999267578125,425.8999938964844,426.9371032714844,5343186.0
1758821400,426.9100036621094,427.6000061035156,419.0799865722656,424.0299987792969,11524865.0
1758825000,423.9800109863281,427.0299072265625,423.0,425.79998779296875,7365559.0
1758828600,425.80499267578125,426.5400085449219,422.9800109863281,423.2300109863281,5175650.0
1758830400,423.39,424.34,399.9587,423.5,0.0
1758834000,423.55,423.65,407.0123,423.29,0.0
1758837600,423.25,425.21,423.1,424.36,0.0
1758841200,424.4386,424.75,423.0,423.09,0.0
1758873600,422.34,422.75,420.4,421.2,0.0
1758877200,421.12,421.13,415.03,417.87,0.0
1758880800,417.85,422.46,417.25,420.5,0.0
1758884400,420.49,425.8,419.61,425.23,0.0
1758888000,425.23,427.01,415.03,426.55,0.0
1758891600,426.7,430.4,423.39,428.45,0.0
1758893400,428.385009765625,434.6000061035156,421.0199890136719,423.30999755859375,22810487.0
1758897000,423.30999755859375,429.6700134277344,422.4129943847656,429.6127014160156,10193884.0
1758900600,429.6000061035156,431.42999267578125,427.20001220703125,431.25,7014852.0
1758904200,431.32000732421875,433.2699890136719,430.3599853515625,433.0899963378906,5886172.0
1758907800,433.0906066894531,439.8699951171875,432.7405090332031,439.79998779296875,10396706.0
1758911400,439.7900085449219,440.25,437.260009765625,439.4100036621094,9460104.0
1758915000,439.4599914550781,440.4700012207031,437.9100036621094,440.4198913574219,6673146.0
1758916800,440.4,440.6875,439.62,439.9511,0.0
1758920400,439.95,460.3078,425.62,439.845,0.0
1758924000,439.835,460.3078,439.73,440.0481,0.0
1758927600,440.0,440.2,439.55,440.01,0.0
1759132800,443.57,444.36,443.13,443.68,0.0
1759136400,443.7,444.27,442.9,443.77,0.0
1759140000,443.8,443.88,442.5,443.6,0.0
1759143600,443.62,443.7,442.68,443.14,0.0
1759147200,443.1,444.3,442.41,443.92,0.0
1759150800,443.92,447.47,443.85,444.35,0.0
1759152600,444.3550109863281,450.9800109863281,441.1499938964844,443.7950134277344,23576012.0
1759156200,443.8699951171875,445.239990234375,440.80999755859375,442.2650146484375,8550547.0
1759159800,442.32000732421875,442.55999755859375,439.5,441.88031005859375,7604385.0
1759163400,441.95001220703125,442.7300109863281,439.67999267578125,441.760009765625,5096735.0
1759167000,441.8299865722656,443.8500061035156,441.0799865722656,443.1449890136719,4868455.0
1759170600,443.1499938964844,443.84930419921875,440.3999938964844,440.75,4688920.0
1759174200,440.760009765625,443.6400146484375,440.7190856933594,443.2099914550781,3918174.0
1759176000,443.21,443.66,441.5,441.825,0.0
1759179600,441.7,443.21,414.787,441.91,0.0
1759183200,441.91,442.68,441.38,442.345,0.0
1759186800,442.4,442.46,441.57,441.87,0.0
1759219200,441.33,443.19,440.05,441.82,0.0
1759222800,441.83,442.36,440.11,440.16,0.0
1759226400,440.21,440.8,438.05,438.3,0.0
1759230000,438.41,440.68,436.5,440.22,0.0
1759233600,440.2,443.21,436.6162,440.99,0.0
1759237200,440.97,443.21,440.01,441.5,0.0
1759239000,441.5899963378906,443.57989501953125,436.7099914550781,438.6600036621094,14153282.0
1759242600,438.6449890136719,440.7998962402344,436.7799987792969,437.9750061035156,7401204.0
1759246200,437.92999267578125,438.3500061035156,433.1199951171875,434.8900146484375,7672621.0
1759249800,434.79998779296875,437.9200134277344,434.7900085449219,437.4599914550781,4698599.0
1759253400,437.5,444.4100036621094,436.4497985839844,443.3900146484375,7500932.0
1759257000,443.3500061035156,444.25,441.2550048828125,444.0400085449219,7490436.0
1759260600,444.0299987792969,445.0,443.0,444.5400085449219,5238816.0
1759262400,444.54,451.8844,415.9485,443.85,0.0
1759266000,443.86,459.4827,413.3675,443.67,0.0
1759269600,443.67,444.04,443.0,443.01,0.0
1759273200,443.09,443.5,442.0,442.1996,0.0
1759305600,438.92,439.75,438.43,439.29,0.0
1759309200,439.29,441.72,439.26,441.39,0.0
1759312800,441.36,442.1,440.7,441.63,0.0
1759316400,441.57,444.0,441.4,443.13,0.0
1759320000,443.11,444.72,437.8,442.9,0.0
1759323600,442.95,443.93,441.85,443.9,0.0
1759325400,443.739990234375,456.2900085449219,440.760009765625,455.6700134277344,22939924.0
1759329000,455.69500732421875,458.8699951171875,453.1199951171875,454.8550109863281,12718795.0
1759332600,454.8500061035156,456.42999267578125,452.4800109863281,456.2099914550781,6736158.0
1759336200,456.25,459.1000061035156,455.54998779296875,458.4700012207031,8551058.0
1759339800,458.4830017089844,461.1866149902344,457.8999938964844,459.3598937988281,24496802.0
1759343400,459.3456115722656,461.42999267578125,459.1900939941406,460.19500732421875,8283212.0
1759347000,460.2200012207031,462.2900085449219,459.010009765625,459.4700012207031,8367870.0
1759348800,459.41,534.2568,253.4732,319.0725,0.0
1759352400,303.047,478.0394,253.4732,459.04,0.0
1759356000,459.08,461.39,348.3099,460.68,0.0
1759359600,460.76,461.65,460.6,461.38,0.0
1759392000,463.29,466.76,461.21,466.66,0.0
1759395600,466.74,466.81,465.59,465.69,0.0
1759399200,465.57,466.47,465.31,466.46,0.0
1759402800,466.48,467.99,466.15,467.74,0.0
1759406400,467.74,468.98,459.46,468.3401,0.0
1759410000,468.37,479.44,383.4649,470.5793,0.0
1759411800,470.5400085449219,470.75,453.3800048828125,454.75,44827170.0
1759415400,454.74700927734375,456.04998779296875,449.340087890625,450.3039855957031,17800295.0
1759419000,450.3492126464844,451.1400146484375,444.7300109863281,447.38299560546875,16576158.0
1759422600,447.37200927734375,447.79998779296875,441.4599914550781,445.8900146484375,13221154.0
1759426200,445.8900146484375,446.7799987792969,439.0799865722656,441.2484130859375,13814391.0
1759429800,441.19110107421875,444.20001220703125,438.45001220703125,442.7799987792969,12917989.0
1759433400,442.7850036621094,443.0400085449219,435.57000732421875,435.9700012207031,11471953.0
1759435200,435.98,437.99,435.64,437.73,0.0
1759438800,437.65,460.6714,252.8013,437.8,0.0
1759442400,437.8,439.4,437.65,438.7,0.0
1759446000,438.7,439.88,438.35,439.35,0.0
1759478400,442.04,444.99,441.01,444.18,0.0
1759482000,444.15,444.41,442.4,442.55,0.0
1759485600,442.51,443.8,440.8,441.4,0.0
1759489200,441.4,441.99,440.2,441.02,0.0
1759492800,441.08,444.97,436.0,442.3,0.0
1759496400,442.41,443.98,440.8,443.43,0.0
1759498200,443.2850036621094,446.7699890136719,427.79998779296875,428.1300048828125,34831930.0
1759501800,428.1199951171875,431.6899108886719,424.7200012207031,430.82000732421875,23119722.0
1759505400,430.8349914550781,431.84991455078125,426.8399963378906,427.9400939941406,11629010.0
1759509000,428.0,428.29998779296875,419.55999755859375,420.93499755859375,16584375.0
1759512600,420.92999267578125,424.3900146484375,416.57501220703125,424.24249267578125,16636800.0
1759516200,424.260009765625,429.2398986816406,421.5400085449219,428.1650085449219,15598449.0
1759519800,428.17498779296875,430.2273864746094,426.5889892578125,429.8399963378906,9199674.0
1759521600,429.83,430.15,429.3701,429.89,0.0
1759525200,429.8987,431.17,400.4836,430.76,0.0
1759528800,430.69,431.0,430.02,430.42,0.0
1759532400,430.38,430.8,428.67,429.9,0.0
1759737600,435.28,438.84,435.0,438.07,0.0
1759741200,438.09,438.51,437.14,438.31,0.0
1759744800,438.26,440.21,438.01,439.85,0.0
1759748400,439.95,440.64,437.41,438.4,0.0
1759752000,438.47,439.6,434.84,439.3,0.0
1759755600,439.3,441.41,438.98,440.89,0.0
1759757400,440.9100036621094,447.0400085449219,436.82000732421875,443.0592956542969,28035298.0
1759761000,443.0450134277344,447.42999267578125,442.590087890625,446.07000732421875,11299527.0
1759764600,446.1099853515625,448.8599853515625,444.70111083984375,448.0,9690004.0
1759768200,448.0,449.989990234375,447.2300109863281,448.80950927734375,6834800.0
1759771800,448.7950134277344,449.7864990234375,447.79998779296875,449.3550109863281,5269533.0
1759775400,449.3949890136719,453.5198974609375,449.30621337890625,452.0899963378906,9913100.0
1759779000,452.1000061035156,453.54998779296875,449.82000732421875,453.3599853515625,7434737.0
1759780800,453.35,454.97,452.84,454.2,0.0
1759784400,454.0801,454.77,429.64,453.55,0.0
1759788000,453.69,453.7,452.5,452.6,0.0
1759791600,452.7,454.0,452.2,453.96,0.0
1759824000,453.37,454.33,447.6,448.6,0.0
1759827600,448.57,453.5,448.38,452.76,0.0
1759831200,452.8,453.56,448.01,451.09,0.0
1759834800,451.04,451.3,448.7,449.16,0.0
1759838400,449.07,456.0,416.85,449.37,0.0
1759842000,449.3,449.92,427.2,447.87,0.0
1759843800,447.8599853515625,452.67999267578125,442.2930908203125,447.37249755859375,22299936.0
1759847400,447.42999267578125,448.9800109863281,439.7699890136719,443.5799865722656,13225428.0
1759851000,443.423095703125,443.8192138671875,436.3210144042969,443.072509765625,11589608.0
1759854600,443.07000732421875,448.93011474609375,442.9566955566406,448.6499938964844,8457802.0
1759858200,448.6000061035156,450.19989013671875,442.5201110839844,443.52740478515625,9851760.0
1759861800,443.4767150878906,445.1700134277344,432.79998779296875,434.6180114746094,19569242.0
1759865400,434.6099853515625,438.05999755859375,432.4501037597656,432.8699951171875,9974029.0
1759867200,433.08,435.8,432.63,435.285,0.0
1759870800,435.33,457.7728,433.09,434.9,0.0
1759874400,434.8712,437.0,434.7,436.68,0.0
1759878000,436.85,437.2,436.05,437.0,0.0
1759910400,437.28,438.46,436.68,437.95,0.0
1759914000,437.95,438.96,436.66,437.15,0.0
1759917600,437.04,437.57,434.89,435.2,0.0
1759921200,435.18,436.45,434.09,434.09,0.0
1759924800,434.17,438.99,433.09,436.45,0.0
1759928400,436.49,437.94,435.38,437.54,0.0
1759930200,437.75799560546875,437.7699890136719,425.2300109863281,434.54998779296875,24367840.0
1759933800,434.54998779296875,436.19000244140625,431.40008544921875,433.9800109863281,9184169.0
1759937400,433.93310546875,435.3125,432.1401062011719,433.89959716796875,6091445.0
1759941000,433.95001220703125,436.9989929199219,432.9599914550781,435.7025146484375,5884273.0
1759944600,435.739990234375,441.3299865722656,434.1499938964844,438.2699890136719,8632119.0
1759948200,438.2900085449219,439.7528991699219,435.80999755859375,437.93499755859375,7060812.0
1759951800,437.8399963378906,440.0899963378906,437.4800109863281,438.6000061035156,5391436.0
1759953600,438.6,439.25,438.0,438.05,0.0
1759957200,438.05,438.69,436.5,436.85,0.0
1759960800,436.94,439.06,436.81,437.96,0.0
1759964400,437.92,438.52,437.8104,437.96,0.0
1759996800,436.56,437.0,435.21,436.04,0.0
1760000400,436.0,436.0,432.85,435.0,0.0
1760004000,435.02,435.37,433.9,434.22,0.0
1760007600,434.19,435.49,431.11,433.7,0.0
1760011200,433.75,438.69,429.55,432.7,0.0
1760014800,432.6,433.5,431.2,432.0,0.0
1760016600,431.70001220703125,434.3399963378906,427.510009765625,432.5840148925781,19222511.0
1760020200,432.5799865722656,432.5799865722656,426.17999267578125,429.385009765625,12787872.0
1760023800,429.385009765625,431.9100036621094,428.70001220703125,431.8599853515625,6164105.0
1760027400,431.8900146484375,434.0,429.2200927734375,429.80999755859375,8538387.0
1760031000,429.739990234375,432.1099853515625,427.4590148925781,431.4800109863281,7098944.0
1760034600,431.4700012207031,436.2594909667969,431.4580078125,435.385009765625,7824678.0
1760038200,435.4049987792969,436.3500061035156,434.40008544921875,435.5299987792969,4845282.0
1760040000,435.46,445.0,296.148,435.15,0.0
1760043600,435.15,435.54,407.0123,434.99,0.0
1760047200,434.945,435.8,434.9,435.3,0.0
1760050800,435.27,435.5,434.75,434.92,0.0
1760083200,434.68,438.32,434.68,437.8,0.0
1760086800,437.82,437.87,434.37,434.73,0.0
1760090400,434.7,434.95,432.61,434.8,0.0
1760094000,434.68,437.3,434.09,437.11,0.0
1760097600,437.09,438.3,432.6,436.9452,0.0
1760101200,436.91,437.2,435.6,436.5,0.0
1760103000,436.5,443.1300048828125,433.30999755859375,437.04998779296875,19924512.0
1760106600,437.1000061035156,440.25,423.0,424.5899963378906,19593847.0
1760110200,424.5899963378906,426.5199890136719,416.010009765625,421.3999938964844,19462042.0
1760113800,421.4800109863281,422.4267883300781,415.44000244140625,419.55999755859375,12629219.0
1760117400,419.4200134277344,420.34991455078125,417.16619873046875,418.9540100097656,7677872.0
1760121000,418.9100036621094,419.4800109863281,413.3699951171875,414.2900085449219,10345558.0
1760124600,414.3500061035156,416.1600036621094,411.45001220703125,413.29998779296875,10787182.0
1760126400,413.25,435.6952,406.22,407.71,0.0
1760130000,407.86,432.5444,380.4042,405.95,0.0
1760133600,406.399,439.4168,391.2652,409.1,0.0
1760137200,409.1,411.7,407.2,408.09,0.0
1760342400,421.33,424.6,421.33,423.49,0.0
1760346000,423.49,425.26,423.46,424.46,0.0
1760349600,424.34,425.7,423.5,425.47,0.0
1760353200,425.45,425.53,420.5,420.8,0.0
1760356800,420.98,425.75,416.49,423.45,0.0
1760360400,423.42,433.315,421.87,423.5,0.0
1760362200,423.70001220703125,426.510009765625,419.70001220703125,423.364990234375,19405392.0
1760365800,423.3500061035156,428.989990234375,420.92999267578125,425.82501220703125,12659255.0
1760369400,425.760009765625,428.4100036621094,424.5400085449219,426.69000244140625,6817408.0
1760373000,426.7300109863281,429.32989501953125,425.6099853515625,429.0083923339844,5877327.0
1760376600,429.0199890136719,436.8900146484375,428.42999267578125,435.95001220703125,11616442.0
1760380200,435.92999267578125,436.3799133300781,431.6400146484375,433.20001220703125,9823498.0
1760383800,433.1099853515625,436.29998779296875,432.54998779296875,435.8999938964844,6835398.0
1760385600,435.865,436.7899,434.85,435.02,0.0
1760389200,435.1,449.7934,435.0,435.06,0.0
1760392800,435.095,435.4,434.44,435.25,0.0
1760396400,435.27,435.5,434.77,435.5,0.0
1760428800,426.34,428.4,421.85,424.2,0.0
1760432400,424.21,426.8,423.89,426.22,0.0
1760436000,426.1,426.36,422.8,423.25,0.0
1760439600,423.31,425.95,422.0,425.7,0.0
1760443200,425.67,435.9,413.49,426.65,0.0
1760446800,426.65,426.88,424.44,426.7,0.0
1760448600,426.7900085449219,426.8299865722656,417.8599853515625,424.79998779296875,22693211.0
1760452200,424.7699890136719,425.4200134277344,421.93011474609375,423.9100036621094,8541924.0
1760455800,423.9999084472656,431.6000061035156,423.7300109863281,430.6474914550781,10237214.0
1760459400,430.6340026855469,434.20001220703125,428.8800048828125,432.23919677734375,8942465.0
1760463000,432.260009765625,434.14990234375,430.6400146484375,433.54998779296875,5036215.0
1760466600,433.5799865722656,433.80999755859375,430.5,432.3949890136719,5808925.0
1760470200,432.3974914550781,432.4800109863281,426.8800048828125,429.2300109863281,6672158.0
1760472000,429.16,451.8844,415.9485,429.28,0.0
1760475600,429.34,459.4827,410.45,429.41,0.0
1760479200,429.38,430.27,428.51,428.68,0.0
1760482800,428.6,429.8,428.5,428.97,0.0
1760515200,433.88,435.8,433.6,434.93,0.0
1760518800,435.0,435.32,433.93,434.27,0.0
1760522400,434.31,435.19,434.24,435.0,0.0
1760526000,434.97,435.0,433.86,434.42,0.0
1760529600,434.37,435.82,430.75,434.2,0.0
1760533200,434.1,435.56,433.78,435.0,0.0
1760535000,434.79998779296875,440.510009765625,429.70001220703125,439.44000244140625,19514905.0
1760538600,439.5199890136719,440.44000244140625,433.5675964355469,437.3299865722656,12743079.0
1760542200,437.3590087890625,438.04998779296875,431.2401123046875,434.79998779296875,8925894.0
1760545800,434.67010498046875,435.3900146484375,426.3301086425781,428.68499755859375,9161059.0
1760549400,428.7749938964844,433.17999267578125,428.44000244140625,432.0299987792969,6659068.0
1760553000,432.07000732421875,435.2699890136719,431.789306640625,434.85198974609375,6306390.0
1760556600,434.864990234375,435.42999267578125,432.4599914550781,435.19000244140625,5068441.0
1760558400,435.15,436.7645,407.4747,435.8,0.0
1760562000,435.785,436.08,407.4747,435.75,0.0
1760565600,435.78,436.15,435.1,435.49,0.0
1760569200,435.5,435.59,434.2801,434.45,0.0
1760601600,434.65,436.3,433.72,435.35,0.0
1760605200,435.4,435.89,434.41,434.6,0.0
1760608800,434.67,435.86,434.2,435.37,0.0
1760612400,435.37,435.98,434.84,435.84,0.0
1760616000,435.87,436.84,432.4192,436.1,0.0
1760619600,436.1,436.58,434.73,434.73,0.0
1760621400,434.75,437.30999755859375,431.75,435.7799987792969,16324487.0
1760625000,435.8900146484375,439.3500061035156,434.6400146484375,435.57989501953125,10443659.0
1760628600,435.3999938964844,436.2099914550781,429.1099853515625,429.67999267578125,10487128.0
1760632200,429.6235046386719,431.9779968261719,425.80999755859375,431.04998779296875,10963606.0
1760635800,430.9200134277344,431.6499938964844,423.1400146484375,423.5799865722656,9237584.0
1760639400,423.70001220703125,428.4700012207031,421.3100891113281,425.3299865722656,9797672.0
1760643000,425.29998779296875,430.4352111816406,424.5,428.5849914550781,6203113.0
1760644800,428.585,433.9217,427.16,427.8212,0.0
1760648400,427.89,428.2,416.6151,427.305,0.0
1760652000,427.3,428.75,426.4,426.53,0.0
1760655600,426.79,426.79,424.71,424.91,0.0
1760688000,418.63,420.51,415.15,416.35,0.0
1760691600,416.39,419.98,415.92,419.12,0.0
1760695200,419.15,419.99,417.39,417.96,0.0
1760698800,418.3,425.9,418.3,425.17,0.0
1760702400,425.17,428.75,415.13,426.1,0.0
1760706000,426.1991,428.75,424.05,425.93,0.0
1760707800,425.5,440.75,423.6000061035156,439.1549987792969,27510518.0
1760711400,439.1600036621094,439.3699951171875,431.3395080566406,433.2434997558594,14355110.0
1760715000,433.3599853515625,439.3299865722656,430.80999755859375,438.7699890136719,10699527.0
1760718600,438.6700134277344,439.04998779296875,434.89581298828125,436.55999755859375,7586702.0
1760722200,436.635009765625,440.3999938964844,436.1099853515625,439.510009765625,8969950.0
1760725800,439.510009765625,441.455810546875,437.04998779296875,439.3999938964844,8956957.0
1760729400,439.42999267578125,439.8999938964844,437.6499938964844,439.2699890136719,6909285.0
1760731200,439.31,440.36,420.6809,439.155,0.0
1760734800,439.12,439.31,420.6809,439.04,0.0
1760738400,439.065,439.35,439.0,439.12,0.0
1760742000,439.12,439.6,439.11,439.5104,0.0
1760947200,443.07,446.0,443.07,444.37,0.0
1760950800,444.27,444.75,443.2,444.1,0.0
1760954400,444.1,444.69,443.6,444.34,0.0
1760958000,444.31,445.37,443.43,443.55,0.0
1760961600,443.53,446.0,439.31,443.5912,0.0
1760965200,443.6,445.0,443.43,444.0,0.0
1760967000,443.7875061035156,449.79998779296875,441.110107421875,445.4800109863281,21214043.0
1760970600,445.4100036621094,445.7298889160156,440.6099853515625,443.03009033203125,9333158.0
1760974200,443.05999755859375,447.2499084472656,441.9100036621094,444.1600036621094,8049449.0
1760977800,444.1679992675781,445.1499938964844,441.9100036621094,443.2513122558594,4914807.0
1760981400,443.2178955078125,445.6300048828125,442.52081298828125,444.4714050292969,5164338.0
1760985000,444.4844970703125,446.8999938964844,443.9599914550781,446.57000732421875,5876103.0
1760988600,446.5799865722656,447.9779968261719,446.3500061035156,447.3500061035156,5024663.0
1760990400,447.43,450.4355,446.25,446.51,0.0
1760994000,446.428,450.4355,446.41,446.5,0.0
1760997600,446.47,454.4819,446.46,446.9408,0.0
1761001200,446.9145,447.4,431.7382,446.9,0.0
1761033600,444.06,445.1,442.54,443.34,0.0
1761037200,443.28,444.98,443.17,444.88,0.0
1761040800,444.83,445.24,444.1,444.45,0.0
1761044400,444.5,446.3,444.43,446.15,0.0
1761048000,446.2,447.43,442.46,446.4255,0.0
1761051600,446.26,446.43,444.9,445.735,0.0
1761053400,445.7550048828125,448.75,442.04998779296875,444.75,16515704.0
1761057000,444.70001220703125,447.1000061035156,443.70001220703125,446.289306640625,7368728.0
1761060600,446.25,449.29998779296875,445.44000244140625,448.2900085449219,7733851.0
1761064200,448.30999755859375,448.989990234375,444.75201416015625,445.697998046875,5859291.0
1761067800,445.6716003417969,446.5,444.32000732421875,445.6169128417969,4753623.0
1761071400,445.6000061035156,446.20989990234375,444.9700012207031,445.2699890136719,3987488.0
1761075000,445.2300109863281,446.54998779296875,442.5,442.510009765625,4988781.0
1761076800,442.505,443.3,435.8847,442.06,0.0
1761080400,442.09,442.5,285.0528,442.365,0.0
1761084000,442.3005,442.47,441.28,441.6,0.0
1761087600,441.61,441.9,441.06,441.77,0.0
1761120000,443.8,444.55,443.2,443.85,0.0
1761123600,443.86,445.0,443.25,443.7,0.0
1761127200,443.7,444.06,443.01,443.63,0.0
1761130800,443.65,443.99,441.3,441.3,0.0
1761134400,441.34,445.0,441.03,442.83,0.0
1761138000,442.81,443.45,441.9,443.4499,0.0
1761139800,443.45001220703125,445.39990234375,433.3999938964844,434.1499938964844,16249140.0
1761143400,434.0635070800781,438.0899963378906,431.875,433.25,12877784.0
1761147000,433.29998779296875,436.3599853515625,432.2799987792969,433.94000244140625,7629534.0
1761150600,433.9364929199219,435.0899963378906,429.0,432.92498779296875,8534068.0
1761154200,432.92999267578125,433.8500061035156,429.54998779296875,433.7200012207031,7140246.0
1761157800,433.7200012207031,438.3900146484375,433.0,437.7749938964844,9558207.0
1761161400,437.79998779296875,439.5899963378906,437.0299987792969,438.8399963378906,7018353.0
1761163200,438.72,461.5665,428.19,431.8,0.0
1761166800,431.88,452.4129,418.7,418.92,0.0
1761170400,418.99,438.97,417.22,423.1,0.0
1761174000,423.1,424.37,420.1,422.38,0.0
1761206400,422.42,427.5,421.8,424.93,0.0
1761210000,424.74,426.48,424.2,424.8,0.0
1761213600,424.83,425.46,424.19,424.5,0.0
1761217200,424.41,426.56,422.71,423.33,0.0
1761220800,423.35,438.97,420.85,422.34,0.0
1761224400,422.358,425.43,419.0,420.09,0.0
1761226200,420.1000061035156,426.1600036621094,413.8999938964844,424.45989990234375,35801507.0
1761229800,424.42999267578125,431.8800048828125,420.5,430.8900146484375,16204170.0
1761233400,430.864990234375,436.7300109863281,430.760009765625,436.3500061035156,12023978.0
1761237000,436.4010925292969,449.39990234375,436.2300109863281,446.15008544921875,23969729.0
1761240600,446.135009765625,448.4200134277344,442.989990234375,448.2582092285156,12103933.0
1761244200,448.31988525390625,448.8399963378906,441.55999755859375,446.8399963378906,11364161.0
1761247800,446.7626037597656,449.29998779296875,445.9100036621094,448.9949951171875,9908004.0
1761249600,449.06,449.31,438.949,447.1993,0.0
1761253200,447.2,448.98,446.65,446.77,0.0
1761256800,446.77,448.98,446.65,447.34,0.0
1761260400,447.285,447.45,446.18,446.19,0.0
1761292800,446.29,447.8,446.01,446.28,0.0
1761296400,446.31,447.5,445.68,447.24,0.0
1761300000,447.26,447.5,446.85,446.87,0.0
1761303600,446.88,447.37,446.09,446.58,0.0
1761307200,446.47,447.7987,444.8,445.56,0.0
1761310800,445.6,449.5,420.265,446.93,0.0
1761312600,446.9800109863281,451.67999267578125,439.510009765625,440.968994140625,28096501.0
1761316200,440.8999938964844,441.489990234375,437.8399963378906,441.2669982910156,12400737.0
1761319800,441.239990234375,441.3699951171875,437.0700988769531,437.4289855957031,9054137.0
1761323400,437.4280090332031,437.8800048828125,434.510009765625,435.1736145019531,10244909.0
1761327000,435.1600036621094,436.4200134277344,432.8800048828125,433.4668884277344,9448147.0
1761330600,433.4778137207031,433.70001220703125,430.5,433.2669982910156,11687277.0
1761334200,433.25079345703125,434.1400146484375,430.1700134277344,433.5899963378906,8407232.0
1761336000,433.65,434.25,433.06,433.87,0.0
1761339600,433.875,433.9,433.24,433.88,0.0
1761343200,433.8793,434.66,433.72,434.47,0.0
1761346800,434.45,434.5,433.43,433.72,0.0
1761552000,439.14,440.96,438.94,439.8,0.0
1761555600,439.8,440.91,439.8,440.55,0.0
1761559200,440.6,441.33,440.41,440.94,0.0
1761562800,440.93,441.2,438.66,439.51,0.0
1761566400,439.5,441.3,432.636,439.2,0.0
1761570000,439.2,440.15,438.35,439.95,0.0
1761571800,439.8900146484375,449.5899963378906,438.69000244140625,449.1498107910156,25075639.0
1761575400,449.1839904785156,455.19000244140625,445.6099853515625,454.0799865722656,16060952.0
1761579000,454.0650939941406,457.2200012207031,453.5799865722656,456.05499267578125,14599157.0
1761582600,456.07000732421875,459.1499938964844,455.510009765625,458.0,10260513.0
1761586200,457.9800109863281,460.1600036621094,456.79998779296875,456.8800048828125,9841184.0
1761589800,456.9200134277344,457.8793029785156,447.260009765625,448.29559326171875,15384512.0
1761593400,448.2898864746094,453.8999938964844,447.6000061035156,452.3500061035156,8671159.0
1761595200,452.34,453.1,371.3522,452.5,0.0
1761598800,452.38,456.633,452.0,452.5,0.0
1761602400,452.55,454.3607,452.3,454.05,0.0
1761606000,454.0945,455.82,454.0,455.6561,0.0
1761638400,453.62,454.22,450.84,451.01,0.0
1761642000,451.16,452.86,450.66,452.7,0.0
1761645600,452.7,455.1,452.28,454.65,0.0
1761649200,454.78,456.96,454.0,456.75,0.0
1761652800,456.75,457.83,450.68,456.375,0.0
1761656400,456.375,456.73,454.5,454.82,0.0
1761658200,454.6000061035156,464.7799987792969,451.6000061035156,463.260009765625,25284552.0
1761661800,463.2898864746094,465.29998779296875,460.1874084472656,464.4100036621094,11598781.0
1761665400,464.3699951171875,466.489990234375,463.010009765625,465.8851013183594,9309552.0
1761669000,465.8550109863281,467.0,462.6618957519531,464.2099914550781,7544455.0
1761672600,464.20001220703125,465.0400085449219,458.57000732421875,462.4549865722656,11148732.0
1761676200,462.4549865722656,462.56988525390625,459.3299865722656,461.92010498046875,6631940.0
1761679800,461.9700012207031,463.1199951171875,458.6700134277344,460.5400085449219,5463844.0
1761681600,460.55,460.6,451.8844,460.1,0.0
1761685200,460.0,483.2055,451.8844,460.09,0.0
1761688800,460.09,460.25,459.0,459.03,0.0
1761692400,459.03,460.1,458.8,459.6001,0.0
1761724800,462.44,464.99,462.44,464.25,0.0
1761728400,464.2,464.6,463.2,464.23,0.0
1761732000,464.18,464.98,463.96,464.5,0.0
1761735600,464.6,464.98,463.66,464.68,0.0
1761739200,464.67,465.81,460.55,464.8,0.0
1761742800,464.72,464.95,461.75,462.65,0.0
1761744600,462.42498779296875,465.70001220703125,457.92999267578125,461.8705139160156,18452969.0
1761748200,461.8550109863281,462.1600036621094,456.7900085449219,458.8734130859375,9342977.0
1761751800,458.8900146484375,459.5,457.5516052246094,459.3599853515625,5431705.0
1761755400,459.3599853515625,462.0,458.57000732421875,459.0,5022214.0
1761759000,458.8800048828125,462.95001220703125,458.55999755859375,460.731689453125,7086248.0
1761762600,460.7300109863281,462.07000732421875,452.6499938964844,461.1250915527344,13614810.0
1761766200,461.1300048828125,461.9200134277344,459.2300109863281,461.4700012207031,5581970.0
1761768000,461.51,478.0394,459.4,459.94,0.0
1761771600,460.0,478.0394,459.02,459.035,0.0
1761775200,459.11,459.5,433.5,458.53,0.0
1761778800,458.53,459.65,458.4,459.0,0.0
1761811200,458.94,460.8,458.71,459.31,0.0
1761814800,459.38,460.5,458.5,458.77,0.0
1761818400,458.73,458.73,457.0,457.87,0.0
1761822000,457.83,459.57,457.15,459.47,0.0
1761825600,459.31,461.51,455.0,456.7,0.0
1761829200,456.7798,461.51,450.31,450.999,0.0
1761831000,451.04998779296875,455.0606994628906,443.8800048828125,444.4200134277344,15599444.0
1761834600,444.3599853515625,446.489990234375,441.79998779296875,442.614990234375,9005817.0
1761838200,442.5873107910156,445.57000732421875,439.6099853515625,445.139892578125,7947969.0
1761841800,445.1400146484375,446.75,443.2799987792969,445.8799133300781,4737578.0
1761845400,445.8034973144531,445.8699951171875,441.8200988769531,442.76800537109375,3680472.0
1761849000,442.7699890136719,444.07989501953125,440.79998779296875,441.94500732421875,4549305.0
1761852600,441.9800109863281,443.0,440.0,440.07000732421875,3932980.0
1761854400,440.1,461.51,433.9217,442.93,0.0
1761858000,442.85,460.6714,416.6151,443.92,0.0
1761861600,443.92,445.49,443.8,444.84,0.0
1761865200,444.87,445.2,443.88,444.71,0.0
1761897600,444.11,446.41,443.89,444.46,0.0
1761901200,444.32,445.85,444.26,445.32,0.0
1761904800,445.32,445.7,444.17,444.62,0.0
1761908400,444.32,446.41,444.1,446.36,0.0
1761912000,446.38,446.99,440.1,446.63,0.0
1761915600,446.7,459.16,445.39,446.9,0.0
1761917400,446.7300109863281,456.2099914550781,446.1000061035156,455.010009765625,15092292.0
1761921000,455.04998779296875,457.7278137207031,453.7300109863281,456.32550048828125,8122712.0
1761924600,456.2799987792969,456.6400146484375,450.510009765625,453.8799133300781,7637331.0
1761928200,453.8399963378906,454.3999938964844,443.68548583984375,444.7795104980469,7966750.0
1761931800,444.7200012207031,453.6000061035156,444.5,452.42999267578125,7803484.0
1761935400,452.4800109863281,454.3999938964844,450.6806945800781,454.0899963378906,6805104.0
1761939000,454.1400146484375,456.8800048828125,453.1099853515625,456.5199890136719,5309239.0
1761940800,456.56,479.4114,440.1,455.445,0.0
1761944400,455.4699,455.9,455.02,455.7,0.0
1761948000,455.77,455.83,455.51,455.69,0.0
1761951600,455.61,456.1,455.5,456.03,0.0
1762160400,456.16,459.33,456.16,458.8,0.0
1762164000,458.82,459.0,457.55,458.14,0.0
1762167600,458.1,458.56,457.63,458.22,0.0
1762171200,458.22,459.91,458.09,458.8,0.0
1762174800,458.82,459.9,454.6252,455.07,0.0
1762180200,455.989990234375,474.07000732421875,453.8800048828125,469.0799865722656,22611538.0
1762183800,469.07000732421875,473.1700134277344,466.7200012207031,468.94989013671875,10073726.0
1762187400,468.94500732421875,469.94000244140625,465.3059997558594,467.1171875,7986318.0
1762191000,467.1099853515625,470.7898864746094,466.7587890625,468.306396484375,5405468.0
1762194600,468.30999755859375,469.0,464.6499938964844,465.90899658203125,5102787.0
1762198200,465.9150085449219,470.72119140625,465.4100036621094,469.32000732421875,6454635.0
1762201800,469.3500061035156,470.27880859375,468.2200012207031,468.42999267578125,4240033.0
1762203600,468.33,468.78,456.56,468.22,0.0
1762207200,468.3,468.4,454.0255,467.45,0.0
1762210800,467.485,468.37,467.0,467.1,0.0
1762246800,463.97,463.97,456.01,456.25,0.0
1762250400,456.2,457.51,454.7,457.0,0.0
1762254000,457.0,457.7,456.36,457.1,0.0
1762257600,457.07,457.72,455.94,456.79,0.0
1762261200,456.82,465.05,454.56,455.2698,0.0
1762264800,455.2643,458.12,438.97,454.49,0.0
1762266600,454.3699951171875,460.2200012207031,447.69000244140625,458.0931091308594,18281155.0
1762270200,458.125,458.9798889160156,451.05010986328125,452.79998779296875,7977294.0
1762273800,452.79998779296875,454.6593933105469,448.1000061035156,450.7799987792969,7083157.0
1762277400,450.79998779296875,451.3399963378906,446.3699951171875,447.6000061035156,6965218.0
1762281000,447.5799865722656,451.5400085449219,446.34100341796875,449.3299865722656,6405753.0
1762284600,449.2799987792969,449.42999267578125,443.8599853515625,448.5,7363652.0
1762288200,448.5199890136719,449.4617004394531,443.80999755859375,444.2300109863281,5665507.0
1762290000,444.26,468.37,442.0,443.865,0.0
1762293600,443.8,444.49,434.1948,443.395,0.0
1762297200,443.49,444.0,441.42,441.9,0.0
1762333200,446.15,449.01,445.87,447.92,0.0
1762336800,447.86,448.99,445.99,447.61,0.0
1762340400,447.61,448.19,445.87,446.64,0.0
1762344000,446.66,449.91,446.0,449.91,0.0
1762347600,449.9,450.65,444.01,450.09,0.0
1762351200,450.1,469.36,449.38,452.06,0.0
1762353000,451.9200134277344,455.3900146484375,440.7099914550781,442.5450134277344,18078553.0
1762356600,442.5,451.5,442.25,450.94000244140625,7401407.0
1762360200,450.9399108886719,453.3299865722656,450.05999755859375,452.6099853515625,6516652.0
1762363800,452.6400146484375,458.20001220703125,452.29998779296875,457.9576110839844,5620079.0
1762367400,457.9735107421875,464.7699890136719,457.1000061035156,462.035400390625,9024313.0
1762371000,462.0,466.32989501953125,460.8399963378906,461.6300048828125,8152952.0
1762374600,461.6200866699219,462.7699890136719,459.6401062011719,462.25,5650818.0
1762376400,462.234,480.1087,433.3499,462.071,0.0
1762380000,462.07,480.1087,460.02,460.845,0.0
1762383600,460.85,461.97,460.12,461.73,0.0
1762419600,460.94,463.79,460.28,463.4,0.0
1762423200,463.53,465.43,462.27,465.12,0.0
1762426800,465.16,465.2,463.7,464.77,0.0
1762430400,464.76,464.97,463.32,464.69,0.0
1762434000,464.69,465.46,459.2937,464.32,0.0
1762437600,464.35,464.4,441.65,462.02,0.0
1762439400,461.9599914550781,467.45001220703125,450.92999267578125,451.5198974609375,20192466.0
1762443000,451.57000732421875,452.260009765625,437.6400146484375,441.114990234375,13412792.0
1762446600,441.0899963378906,443.9599914550781,435.0899963378906,439.9988098144531,11829453.0
1762450200,439.9700012207031,447.739990234375,439.53070068359375,446.8299865722656,8344629.0
1762453800,446.82000732421875,451.25,446.29998779296875,451.1799011230469,9503219.0
1762457400,451.0899963378906,451.4599914550781,446.67010498046875,449.10009765625,8067924.0
1762461000,449.1099853515625,449.8599853515625,444.18499755859375,446.1099853515625,5949251.0
1762462800,445.91,462.07,440.0,456.61,0.0
1762466400,456.99,458.2,442.0,444.2,0.0
1762470000,444.2,447.7,442.22,446.7,0.0
1762506000,453.43,456.34,452.75,453.84,0.0
1762509600,453.84,454.56,447.88,449.64,0.0
1762513200,449.68,450.4,445.98,446.14,0.0
1762516800,446.23,449.0,443.79,446.71,0.0
1762520400,446.58,456.35,440.25,441.34,0.0
1762524000,441.32,460.545,437.8,437.92,0.0
1762525800,437.8900146484375,437.9425048828125,423.3999938964844,434.2250061035156,25340627.0
1762529400,434.2250061035156,434.8599853515625,426.2900085449219,428.239990234375,10041263.0
1762533000,428.19000244140625,429.2799987792969,421.8800048828125,428.7434997558594,9926006.0
1762536600,428.7550048828125,429.8900146484375,424.44000244140625,429.8075866699219,6341342.0
1762540200,429.8099060058594,433.8900146484375,429.1000061035156,432.4059143066406,6470793.0
1762543800,432.44000244140625,437.6000061035156,431.010986328125,431.07659912109375,8798520.0
1762547400,431.1571960449219,432.3500061035156,428.1700134277344,429.3800048828125,5689978.0
1762549200,429.38,445.91,429.38,429.94,0.0
1762552800,429.99,430.75,429.81,430.67,0.0
1762556400,430.59,432.85,429.52,432.805,0.0
1762765200,441.47,441.88,439.7,439.7,0.0
1762768800,439.76,441.29,439.76,440.4,0.0
1762772400,440.4,440.7,437.75,438.38,0.0
1762776000,438.39,439.54,438.08,439.03,0.0
1762779600,439.03,441.88,429.52,439.2,0.0
1762783200,439.17,460.475,429.52,439.5,0.0
1762785000,439.6300048828125,445.34991455078125,433.3599853515625,444.79998779296875,18250761.0
1762788600,444.75,449.6715087890625,442.2300109863281,446.8800048828125,10787934.0
1762792200,446.8500061035156,449.42999267578125,444.32000732421875,446.2099914550781,7231818.0
1762795800,446.2300109863281,448.70001220703125,444.45001220703125,444.5950012207031,4827067.0
1762799400,444.58221435546875,447.70001220703125,442.0799865722656,446.4700012207031,6468919.0
1762803000,446.510009765625,447.1505126953125,443.7699890136719,444.6105041503906,4826090.0
1762806600,444.5799865722656,446.04998779296875,443.54998779296875,445.260009765625,4032161.0
1762808400,445.31,447.78,429.52,444.55,0.0
1762812000,444.52,446.89,439.4168,444.785,0.0
1762815600,444.7318,445.16,444.26,444.84,0.0
1762851600,442.06,442.99,441.7,442.3,0.0
1762855200,442.27,442.38,441.31,442.0,0.0
1762858800,442.08,442.89,441.9,442.89,0.0
1762862400,442.88,442.96,441.9,442.09,0.0
1762866000,442.06,443.0,440.5,440.8,0.0
1762869600,440.8018,441.51,439.33,439.5,0.0
1762871400,439.3999938964844,442.489990234375,434.82000732421875,435.2665100097656,13387275.0
1762875000,435.32000732421875,436.3999938964844,432.739990234375,433.3699951171875,8678369.0
1762878600,433.3699951171875,435.4200134277344,432.3599853515625,433.9206848144531,6055282.0
1762882200,433.9700012207031,436.7099914550781,433.2300109863281,435.8301086425781,5069321.0
1762885800,435.8599853515625,437.7200012207031,434.08221435546875,437.375,4577265.0
1762889400,437.3995056152344,437.8500061035156,436.0,436.9800109863281,4225128.0
1762893000,436.9700012207031,440.45989990234375,436.4100036621094,439.3999938964844,4057469.0
1762894800,439.4,445.23,438.25,438.79,0.0
1762898400,438.75,459.4827,422.3693,438.91,0.0
1762902000,438.92,439.14,438.36,438.71,0.0
1762938000,441.02,441.6,439.41,440.92,0.0
1762941600,440.92,441.8,440.92,441.15,0.0
1762945200,441.15,441.58,440.5,440.5,0.0
1762948800,440.5,441.82,439.7,441.39,0.0
1762952400,441.39,445.23,439.1927,442.11,0.0
1762956000,442.1,442.9,439.62,442.2,0.0
1762957800,442.1099853515625,442.3290100097656,430.8999938964844,433.4432067871094,12428126.0
1762961400,433.3514099121094,433.659912109375,427.42999267578125,430.1787109375,8695506.0
1762965000,430.1099853515625,431.92999267578125,426.55999755859375,430.3699951171875,5924992.0
1762968600,430.3299865722656,432.3299865722656,429.5299987792969,431.4292907714844,4144114.0
1762972200,431.3900146484375,431.889892578125,429.6650085449219,430.38079833984375,3525640.0
1762975800,430.4700012207031,431.3299865722656,429.0,431.239990234375,4170233.0
1762979400,431.25,432.75,430.07000732421875,430.6199951171875,3458286.0
1762981200,430.6,439.62,407.6793,430.2,0.0
1762984800,430.12,430.6,430.0,430.16,0.0
1762988400,430.152,430.17,427.6,428.26,0.0
1763024400,431.63,432.0,428.21,428.88,0.0
1763028000,428.78,429.48,427.2,428.79,0.0
1763031600,428.96,429.96,428.37,428.39,0.0
1763035200,428.39,428.85,425.63,427.1,0.0
1763038800,427.1,432.43,425.5,425.9,0.0
1763042400,425.89,464.795,422.88,423.11,0.0
1763044200,423.17498779296875,424.5,408.55999755859375,410.3456115722656,22016417.0
1763047800,410.3900146484375,410.8699951171875,404.1300048828125,407.0799865722656,14310459.0
1763051400,407.0899963378906,407.8999938964844,400.5600891113281,403.5400085449219,12228019.0
1763055000,403.5299987792969,404.5799865722656,397.60009765625,398.3599853515625,11873308.0
1763058600,398.3599853515625,402.94000244140625,396.42010498046875,402.6925048828125,10567231.0
1763062200,402.6000061035156,403.57000732421875,398.2699890136719,402.2099914550781,10251092.0
1763065800,402.2099914550781,404.3299865722656,399.30999755859375,401.9010009765625,6886920.0
1763067600,401.94,403.6,400.1,400.51,0.0
1763071200,400.51,423.0,375.136,400.97,0.0
1763074800,400.96,403.0,400.96,402.21,0.0
1763110800,393.69,395.99,389.45,390.08,0.0
1763114400,390.18,392.37,389.14,392.25,0.0
1763118000,392.3,392.68,387.11,387.93,0.0
1763121600,387.95,388.48,382.25,384.4,0.0
1763125200,384.37,401.99,381.06,384.22,0.0
1763128800,384.1812,401.99,380.97,386.33,0.0
1763130600,386.239990234375,400.57000732421875,382.7799987792969,399.8800048828125,27474358.0
1763134200,400.0098876953125,410.32000732421875,398.2200012207031,408.3900146484375,14924250.0
1763137800,408.3699951171875,412.19000244140625,406.8900146484375,408.8099060058594,9739997.0
1763141400,408.80999755859375,410.57000732421875,404.8699951171875,405.92999267578125,7223070.0
1763145000,405.8900146484375,409.3299865722656,404.5299987792969,408.510009765625,6624753.0
1763148600,408.5,410.4200134277344,405.8900146484375,406.7200012207031,5887553.0
1763152200,406.6600036621094,407.07000732421875,403.5299987792969,404.3299865722656,4812946.0
1763154000,404.35,423.4646,401.99,403.8981,0.0
1763157600,403.865,429.83,383.014,404.16,0.0
1763161200,404.17,429.335,403.87,404.6798,0.0
1763370000,408.73,409.86,407.4,407.77,0.0
1763373600,407.8,408.1,405.81,406.06,0.0
1763377200,406.15,406.49,400.5,402.74,0.0
1763380800,402.78,404.35,400.38,400.7,0.0
1763384400,400.6,409.8,399.31,400.4311,0.0
1763388000,400.4,444.025,397.25,398.85,0.0
1763389800,398.8900146484375,417.5899963378906,398.8309020996094,415.7499084472656,21181392.0
1763393400,415.6600036621094,418.8299865722656,412.82000732421875,418.75,11186316.0
1763397000,418.7300109863281,423.9599914550781,418.45001220703125,419.55999755859375,10730502.0
1763400600,419.6300048828125,419.8500061035156,411.239990234375,412.32000732421875,10016127.0
1763404200,412.2799987792969,413.82000732421875,406.8399963378906,408.9100036621094,9563571.0
1763407800,408.8800048828125,409.54998779296875,404.80999755859375,406.82000732421875,8473321.0
1763411400,406.8399963378906,409.79998779296875,404.92999267578125,408.9800109863281,5620139.0
1763413200,408.91,410.0,404.35,409.02,0.0
1763416800,409.02,432.7936,408.55,409.425,0.0
1763420400,409.6,411.905,409.4,411.42,0.0
1763456400,408.53,409.5,406.39,408.0,0.0
1763460000,408.0,408.54,406.7,407.61,0.0
1763463600,407.68,408.2,406.87,407.2,0.0
1763467200,407.1,407.2,405.08,405.57,0.0
1763470800,405.76,409.88,402.5,405.3,0.0
1763474400,405.2138,407.99,404.1,405.29,0.0
1763476200,405.3800048828125,408.8999938964844,393.7099914550781,396.7200012207031,20165088.0
1763479800,396.7113037109375,405.2698974609375,394.6099853515625,404.0799865722656,10391383.0
1763483400,404.05499267578125,405.8500061035156,401.44000244140625,402.0899963378906,7130397.0
1763487000,402.07000732421875,408.6000061035156,401.260009765625,404.1036071777344,7536167.0
1763490600,404.0849914550781,406.3999938964844,402.010009765625,402.8699951171875,5903386.0
1763494200,402.8900146484375,406.6000061035156,400.7900085449219,402.1300048828125,5999859.0
1763497800,402.1499938964844,403.4916076660156,401.0,401.260009765625,4077679.0
1763499600,401.25,408.92,398.8,400.3,0.0
1763503200,400.19,400.69,382.62,399.8022,0.0
1763506800,399.85,401.39,399.8006,399.9248,0.0
1763542800,401.01,401.65,400.05,401.44,0.0
1763546400,401.37,403.85,401.33,403.53,0.0
1763550000,403.53,405.15,402.84,404.35,0.0
1763553600,404.35,405.4,403.44,405.4,0.0
1763557200,405.37,407.49,398.77,406.3,0.0
1763560800,406.29,411.04,399.66,406.37,0.0
1763562600,406.2099914550781,411.7799987792969,400.401611328125,410.9649963378906,15801818.0
1763566200,410.9649963378906,411.29998779296875,403.5899963378906,408.9241027832031,10137690.0
1763569800,408.93499755859375,409.4808044433594,401.5799865722656,403.0,7116508.0
1763573400,402.9200134277344,404.4200134277344,398.5,400.235107421875,6709017.0
1763577000,400.2099914550781,403.5799865722656,399.8599853515625,400.7250061035156,4530387.0
1763580600,400.6925964355469,406.0,400.1700134277344,404.60650634765625,5546428.0
1763584200,404.5799865722656,405.5398864746094,401.75,404.07000732421875,3623899.0
1763586000,403.99,408.75,401.25,408.11,0.0
1763589600,408.2,409.98,403.99,407.68,0.0
1763593200,407.85,411.29,407.55,410.95,0.0
1763629200,411.99,412.38,410.7,410.7,0.0
1763632800,410.7,411.01,409.03,409.8,0.0
1763636400,409.83,411.74,409.83,410.82,0.0
1763640000,410.82,413.13,410.3,412.53,0.0
1763643600,412.52,413.89,409.03,413.24,0.0
1763647200,413.15,415.26,406.43,414.83,0.0
1763649000,414.6300048828125,428.1494140625,414.6300048828125,427.8081970214844,21450375.0
1763652600,427.8688049316406,428.94000244140625,417.1199951171875,418.3124084472656,13485983.0
1763656200,418.2799987792969,419.1099853515625,401.55999755859375,404.19500732421875,14939546.0
1763659800,404.1199951171875,408.1600036621094,398.4800109863281,405.20001220703125,12006142.0
1763663400,405.19000244140625,405.79998779296875,397.3900146484375,402.3778076171875,8431932.0
1763667000,402.3299865722656,404.57989501953125,398.0400085449219,399.739990234375,7190236.0
1763670600,399.7799987792969,400.6300048828125,394.7449951171875,395.07000732421875,6292243.0
1763672400,395.23,403.99,391.56,392.976,0.0
1763676000,392.91,395.23,390.22,393.625,0.0
1763679600,393.68,399.9587,392.66,397.59,0.0
1763715600,399.18,401.2,396.38,397.23,0.0
1763719200,397.11,397.95,392.9,393.45,0.0
1763722800,393.45,399.2,393.45,397.72,0.0
1763726400,397.8,398.44,392.93,393.36,0.0
1763730000,393.37,402.09,392.9099,399.75,0.0
1763733600,399.86,406.2,399.6,402.38,0.0
1763735400,402.2950134277344,402.6839904785156,387.79998779296875,388.206298828125,19732698.0
1763739000,388.2099914550781,391.510009765625,383.760009765625,391.3800964355469,12712321.0
1763742600,391.4700012207031,401.2099914550781,389.7481994628906,400.375,12205100.0
1763746200,400.3900146484375,402.25,393.1701965332031,394.6400146484375,8240202.0
1763749800,394.6400146484375,402.32000732421875,394.3800048828125,401.70001220703125,8102757.0
1763753400,401.739990234375,402.010009765625,395.7099914550781,395.7904968261719,6210947.0
1763757000,395.760009765625,397.6000061035156,390.57000732421875,391.20001220703125,5420120.0
1763758800,391.2,395.23,389.58,393.41,0.0
1763762400,393.4,393.68,391.2652,393.3,0.0
1763766000,393.3001,394.44,391.09,393.96,0.0
1763974800,396.99,399.68,396.0,396.41,0.0
1763978400,396.34,398.7,396.24,397.43,0.0
1763982000,397.24,398.35,396.82,398.16,0.0
1763985600,398.19,398.61,397.19,398.1,0.0
1763989200,398.15,399.97,391.09,399.725,0.0
1763992800,399.77,402.8,398.5,402.16,0.0
1763994600,402.1600036621094,416.25,401.2300109863281,414.69000244140625,21508410.0
1763998200,414.6650085449219,419.69000244140625,413.8999938964844,417.5600891113281,10991554.0
1764001800,417.55999755859375,420.3699951171875,416.6900939941406,418.95001220703125,7878639.0
1764005400,418.8999938964844,420.489990234375,418.010009765625,418.6000061035156,5343197.0
1764009000,418.6099853515625,421.7099914550781,418.1199951171875,419.25,5804149.0
1764012600,419.29998779296875,419.5,416.0,417.0799865722656,7144525.0
1764016200,417.0199890136719,421.45001220703125,416.6499938964844,417.5899963378906,5876049.0
1764018000,417.52,418.7,391.09,418.52,0.0
1764021600,418.5784,420.25,397.0329,419.5009,0.0
1764025200,419.54,419.54,418.01,418.8799,0.0
1764061200,415.54,415.87,412.0,412.59,0.0
1764064800,412.59,415.01,412.59,414.28,0.0
1764068400,414.32,416.88,413.77,415.87,0.0
1764072000,415.73,417.9,414.28,417.72,0.0
1764075600,417.66,419.811,412.0,417.8,0.0
1764079200,417.81,418.41,403.8439,414.55,0.0
1764081000,414.4100036621094,415.19000244140625,405.95001220703125,408.51849365234375,17268891.0
1764084600,408.489990234375,412.6650085449219,408.05029296875,412.4751892089844,8110342.0
1764088200,412.4949951171875,419.1300048828125,412.3999938964844,418.4200134277344,9228841.0
1764091800,418.4010009765625,420.4800109863281,417.2101135253906,418.6199951171875,5874250.0
1764095400,418.6300048828125,418.9700012207031,415.5199890136719,416.9700927734375,4625001.0
1764099000,416.9729919433594,418.4599914550781,414.6099853515625,417.54998779296875,5117371.0
1764102600,417.5799865722656,420.1600036621094,417.4700012207031,419.30999755859375,4224099.0
1764104400,419.4,419.59,415.9485,418.8,0.0
1764108000,418.84,422.3693,413.3675,418.76,0.0
1764111600,418.71,419.0,418.3,418.6,0.0
1764147600,422.0,422.97,421.51,421.58,0.0
1764151200,421.67,422.78,421.6,422.63,0.0
1764154800,422.59,425.25,422.46,425.08,0.0
1764158400,425.17,425.46,423.35,424.25,0.0
1764162000,424.19,425.77,419.4,425.0,0.0
1764165600,424.92,425.2,419.4,424.0,0.0
1764167400,423.9825134277344,425.5199890136719,416.8900146484375,419.5372009277344,15057444.0
1764171000,419.5504150390625,421.30999755859375,417.5,419.17999267578125,6789375.0
1764174600,419.29998779296875,421.8500061035156,418.2349853515625,420.7799987792969,5361915.0
1764178200,420.82000732421875,424.0899963378906,420.239990234375,423.5299987792969,5537855.0
1764181800,423.510009765625,426.409912109375,422.0199890136719,426.3114929199219,5628082.0
1764185400,426.30999755859375,426.4200134277344,423.32000732421875,425.1213073730469,5259126.0
1764189000,425.125,426.94000244140625,424.0,426.4750061035156,3985623.0
1764190800,426.58,427.75,399.6605,426.65,0.0
1764194400,426.65,426.7,407.4747,426.1,0.0
1764198000,426.1,426.38,425.88,426.2,0.0
1764320400,427.39,428.39,427.31,428.13,0.0
1764324000,428.12,428.12,427.5,428.05,0.0
1764327600,428.05,428.8,427.99,428.3,0.0
1764331200,428.38,429.62,428.13,429.25,0.0
1764334800,429.15,429.63,426.58,428.625,0.0
1764338400,428.56,429.52,425.34,426.43,0.0
1764340200,426.4700012207031,432.92999267578125,426.20001220703125,427.3727111816406,12060539.0
1764343800,427.41949462890625,432.3800048828125,426.79998779296875,429.1600036621094,7093085.0
1764347400,429.1910095214844,430.3399963378906,428.45001220703125,429.71990966796875,4454518.0
1764352800,429.69000244140625,430.55999755859375,426.5799865722656,430.09100341796875,0.0
1764356400,430.12,433.9217,420.6809,430.05,0.0
1764360000,430.02,433.9217,416.6947,430.15,0.0
1764363600,430.14,430.4,430.02,430.245,0.0
1764579600,425.82,426.07,425.0,425.61,0.0
1764583200,425.64,425.8,424.99,425.5,0.0
1764586800,425.58,425.8,424.6,424.62,0.0
1764590400,424.7,425.31,423.7,424.89,0.0
1764594000,424.85,430.17,421.63,423.96,0.0
1764597600,423.9384,430.17,423.74,425.39,0.0
1764599400,425.3500061035156,433.659912109375,425.29998779296875,428.29998779296875,14150394.0
1764603000,428.3163146972656,429.69000244140625,425.79998779296875,427.1299133300781,7086446.0
1764606600,427.0899963378906,429.55999755859375,426.6199951171875,429.1465148925781,4364528.0
1764610200,429.1300048828125,431.1099853515625,428.7900085449219,429.2799987792969,4514670.0
1764613800,429.31500244140625,429.3800048828125,427.010009765625,427.84820556640625,3860028.0
1764617400,427.7799987792969,428.8800048828125,426.32000732421875,428.82000732421875,4294187.0
1764621000,428.8399963378906,430.2998962402344,428.5400085449219,430.2998962402344,3692648.0
1764622800,430.14,430.9,429.41,429.45,0.0
1764626400,429.41,454.4819,429.35,429.9795,0.0
1764630000,429.95,430.4242,429.28,429.3496,0.0
1764666000,428.87,430.13,428.74,430.13,0.0
1764669600,430.1,431.2,429.8,431.19,0.0
1764673200,431.17,432.0,431.0,431.8,0.0
1764676800,431.77,433.0,430.55,431.4,0.0
1764680400,431.4,432.99,428.09,431.93,0.0
1764684000,431.93,433.2,430.14,430.8,0.0
1764685800,430.9599914550781,436.79998779296875,427.739990234375,429.80999755859375,16409291.0
1764689400,429.864990234375,431.9700012207031,423.0899963378906,424.1997985839844,10380589.0
1764693000,424.1499938964844,426.2099914550781,422.1199951171875,425.51800537109375,6772953.0
1764696600,425.5299987792969,425.80999755859375,423.0,425.1195068359375,4296750.0
1764700200,425.0,427.57000732421875,424.05999755859375,426.82000732421875,4615365.0
1764703800,426.82000732421875,431.05999755859375,426.75,430.3900146484375,5926911.0
1764707400,430.3800048828125,430.5,428.9200134277344,429.010009765625,3325433.0
1764709200,429.0,430.14,428.16,428.37,0.0
1764712800,428.37,434.1948,428.35,428.59,0.0
1764716400,428.58,428.68,428.0,428.1386,0.0
1764752400,429.3,430.2,429.22,429.76,0.0
1764756000,429.63,430.56,429.35,430.4,0.0
1764759600,430.38,430.38,429.34,429.8,0.0
1764763200,429.71,430.2,429.53,429.88,0.0
1764766800,429.85,435.7,428.4,435.4415,0.0
1764770400,435.4489,435.49,429.59,432.19,0.0
1764772200,431.8450012207031,442.6099853515625,431.1174011230469,441.2699890136719,20763558.0
1764775800,441.260009765625,444.3800048828125,437.75,439.50201416015625,10353635.0
1764779400,439.510009765625,442.30999755859375,439.19000244140625,441.29998779296875,6671392.0
1764783000,441.2799987792969,443.30499267578125,440.9700012207031,443.2799987792969,4184334.0
1764786600,443.29998779296875,447.9142150878906,442.6099853515625,446.9700012207031,8258123.0
1764790200,446.9700012207031,447.7699890136719,445.0299987792969,446.29998779296875,6411914.0
1764793800,446.2900085449219,447.2699890136719,445.2799987792969,446.8800048828125,4466139.0
1764795600,446.88,446.96,441.1,445.75,0.0
1764799200,445.75,446.74,445.7,446.17,0.0
1764802800,446.17,446.7387,445.94,446.53,0.0
1764838800,448.82,449.8,447.7,448.91,0.0
1764842400,448.89,451.63,448.73,450.78,0.0
1764846000,450.7,450.99,448.9,449.51,0.0
1764849600,449.64,450.1,448.45,448.89,0.0
1764853200,448.84,451.5663,446.74,448.48,0.0
1764856800,448.48,450.66,447.65,450.17,0.0
1764858600,449.6000061035156,454.625,445.3900146484375,448.510009765625,19682343.0
1764862200,448.5299987792969,451.7099914550781,446.80999755859375,448.6300048828125,7780737.0
1764865800,448.5400085449219,450.79998779296875,448.30999755859375,449.80999755859375,5170784.0
1764869400,449.8299865722656,449.8760070800781,446.6000061035156,448.4599914550781,4446686.0
1764873000,448.4599914550781,449.3900146484375,446.20001220703125,447.5350036621094,4004408.0
1764876600,447.5199890136719,451.0299987792969,447.340087890625,450.7850036621094,5205730.0
1764880200,450.82000732421875,454.6300048828125,450.7799987792969,454.510009765625,5295455.0
1764882000,454.53,454.87,446.74,453.8988,0.0
1764885600,453.86,454.53,453.2,453.35,0.0
1764889200,453.4,453.86,453.2,453.31,0.0
1764925200,455.43,456.95,454.99,455.6,0.0
1764928800,455.6,455.6,454.67,455.46,0.0
1764932400,455.53,455.68,454.46,454.97,0.0
1764936000,454.97,455.15,453.67,454.3,0.0
1764939600,454.3,456.95,453.344,454.78,0.0
1764943200,454.745,454.7975,433.7,453.04,0.0
1764945000,452.9700012207031,458.5,452.9700012207031,455.7701110839844,12966302.0
1764948600,455.7539978027344,458.8699951171875,452.4700012207031,453.125,9203876.0
1764952200,453.125,455.6000061035156,451.6600036621094,453.54998779296875,5131072.0
1764955800,453.4800109863281,455.5299987792969,453.29998779296875,455.2799987792969,3305869.0
1764959400,455.27899169921875,455.5899963378906,453.6499938964844,454.760009765625,3874632.0
1764963000,454.7650146484375,455.81500244140625,454.05999755859375,455.21978759765625,3854705.0
1764966600,455.2200012207031,455.4649963378906,454.29998779296875,454.94000244140625,3094596.0
1764968400,454.92,455.1057,454.53,455.02,0.0
1764972000,455.0,460.3078,454.7,454.7968,0.0
1764975600,454.78,454.83,454.43,454.5,0.0
1765184400,450.18,451.69,450.1,450.83,0.0
1765188000,450.82,450.95,448.8,449.86,0.0
1765191600,449.89,449.89,447.98,448.45,0.0
1765195200,448.46,449.51,447.5,448.65,0.0
1765198800,448.68,455.0,447.5,448.25,0.0
1765202400,448.3676,449.38,447.01,447.43,0.0
1765204200,447.364990234375,449.7463073730469,442.17999267578125,443.4872131347656,14983165.0
1765207800,443.44000244140625,444.1099853515625,437.7300109863281,438.5180969238281,9173642.0
1765211400,438.5,439.4599914550781,436.5249938964844,437.29058837890625,6422787.0
1765215000,437.3128967285156,439.3900146484375,437.0799865722656,437.2695007324219,4944566.0
1765218600,437.20001220703125,437.20001220703125,435.25,436.4880065917969,4823133.0
1765222200,436.4700012207031,438.4100036621094,436.4599914550781,437.8399963378906,4604710.0
1765225800,437.8699951171875,439.739990234375,437.6000061035156,439.5899963378906,3726143.0
1765227600,439.58,455.0,439.3309,439.91,0.0
1765231200,439.9113,440.6,439.46,440.4,0.0
1765234800,440.39,440.55,439.5,439.84,0.0
1765270800,437.94,438.3,435.0,435.82,0.0
1765274400,435.9,439.58,435.0,436.04,0.0
1765278000,436.04,436.4,435.05,436.1,0.0
1765281600,436.1,437.35,435.8,436.79,0.0
1765285200,436.75,439.58,435.0,436.49,0.0
1765288800,436.43,437.92,435.2,437.6,0.0
1765290600,439.5799865722656,445.510009765625,435.70001220703125,445.3948059082031,13370441.0
1765294200,445.3948059082031,448.3999938964844,444.8800048828125,446.44000244140625,7890607.0
1765297800,446.45001220703125,449.989990234375,446.19000244140625,449.7204895019531,6203286.0
1765301400,449.739990234375,452.3900146484375,449.7099914550781,450.5264892578125,5744384.0
1765305000,450.5264892578125,450.67999267578125,448.1700134277344,449.2200012207031,5187777.0
1765308600,449.2200012207031,449.3399963378906,446.8699951171875,447.2900085449219,3999222.0
1765312200,447.25,447.7300109863281,439.5799865722656,445.2099914550781,3409299.0
1765314000,445.3,447.61,432.09,444.9225,0.0
1765317600,444.93,459.4827,422.3693,445.088,0.0
1765321200,445.05,445.45,444.8,445.18,0.0
1765357200,448.54,448.9,448.03,448.57,0.0
1765360800,448.6,448.71,447.11,447.2,0.0
1765364400,447.08,448.1,446.84,448.0,0.0
1765368000,447.79,448.5,446.3,447.01,0.0
1765371600,447.03,448.96,445.17,447.28,0.0
1765375200,447.27,447.57,445.96,445.96,0.0
1765377000,446.010009765625,450.20001220703125,443.6099853515625,445.9700012207031,11281681.0
1765380600,445.9200134277344,447.2499084472656,444.0,446.044189453125,5474417.0
1765384200,446.04998779296875,446.4840087890625,444.9674987792969,445.01019287109375,3050612.0
1765387800,444.9700012207031,446.6300048828125,444.54998779296875,445.4259948730469,2829281.0
1765391400,445.4200134277344,449.9100036621094,444.2900085449219,447.9020080566406,6678185.0
1765395000,447.8900146484375,456.8800048828125,446.6600036621094,456.1796875,11778474.0
1765398600,456.1000061035156,456.2699890136719,451.17999267578125,451.4100036621094,5256362.0
1765400400,451.42,451.9,445.17,450.5,0.0
1765404000,450.51,478.0394,439.4168,450.185,0.0
1765407600,450.16,450.39,449.13,449.2,0.0
1765443600,445.76,447.88,445.76,447.61,0.0
1765447200,447.51,448.0,446.68,447.0,0.0
1765450800,446.97,448.0,446.51,448.0,0.0
1765454400,447.92,448.91,447.51,448.66,0.0
1765458000,448.65,451.45,444.08,448.44,0.0
1765461600,448.41,449.13,447.0,448.99,0.0
1765463400,448.82501220703125,449.2698974609375,441.04998779296875,444.2200012207031,12967868.0
1765467000,444.2406005859375,444.55999755859375,440.3299865722656,441.4700012207031,7006235.0
1765470600,441.4700012207031,445.2300109863281,441.4100036621094,444.5409851074219,5058901.0
1765474200,444.6099853515625,447.3799133300781,444.5769958496094,446.1600036621094,4854618.0
1765477800,446.125,447.7699890136719,445.6400146484375,447.3999938964844,3508091.0
1765481400,447.4495849609375,448.0400085449219,444.510009765625,444.9599914550781,3780040.0
1765485000,444.9800109863281,447.0,444.17999267578125,446.94000244140625,3200355.0
1765486800,446.89,451.45,446.55,447.55,0.0
1765490400,447.56,447.6,445.34,446.01,0.0
1765494000,446.19,447.0,445.71,446.06,0.0
1765530000,447.23,447.48,445.05,445.63,0.0
1765533600,445.81,446.27,445.2,446.1,0.0
1765537200,446.0,446.3,445.19,446.15,0.0
1765540800,446.09,446.4,445.22,445.85,0.0
1765544400,445.75,447.75,445.05,447.55,0.0
1765548000,447.55,448.5,446.9,448.12,0.0
1765549800,452.25,463.010009765625,449.8800048828125,450.1300048828125,21992395.0
1765553400,450.1600036621094,451.8900146484375,443.95001220703125,445.9283142089844,11132615.0
1765557000,445.92999267578125,449.17999267578125,441.6700134277344,448.06829833984375,7777515.0
1765560600,448.0400085449219,455.6600036621094,447.3599853515625,455.6099853515625,7984083.0
1765564200,455.6029968261719,456.3900146484375,450.0899963378906,450.9027099609375,7265756.0
1765567800,450.95001220703125,455.69000244140625,450.8999938964844,455.07000732421875,6481156.0
1765571400,455.05999755859375,459.1700134277344,453.75,459.1700134277344,6683835.0
1765573200,459.12,459.34,446.89,457.5016,0.0
1765576800,457.5,476.8387,455.93,456.2533,0.0
1765580400,456.2,457.01,455.8,456.2646,0.0
1765789200,462.34,462.95,461.03,462.67,0.0
1765792800,462.74,464.86,462.74,464.27,0.0
1765796400,464.27,464.27,463.05,463.91,0.0
1765800000,463.91,466.43,463.2,465.53,0.0
1765803600,465.52,466.435,457.813,465.25,0.0
1765807200,465.3,470.43,465.08,469.45,0.0
1765809000,474.0,481.3699951171875,470.7099914550781,472.1300048828125,31213366.0
1765812600,472.1400146484375,481.7694091796875,471.3836975097656,481.0400085449219,13841132.0
1765816200,481.0400085449219,481.6600036621094,475.0600891113281,476.989990234375,8704150.0
1765819800,476.9549865722656,478.44000244140625,474.489990234375,475.7296142578125,6203939.0
1765823400,475.7300109863281,478.3205871582031,474.57501220703125,476.6650085449219,6183543.0
1765827000,476.6722106933594,478.8711853027344,475.7300109863281,477.8689880371094,6782737.0
1765830600,477.8800048828125,480.6400146484375,475.0299987792969,475.07000732421875,7282640.0
1765832400,475.08,477.0,458.96,473.62,0.0
1765836000,473.61,475.31,473.29,473.65,0.0
1765839600,473.66,475.31,473.18,473.2,0.0
1765875600,471.0,471.62,470.51,470.97,0.0
1765879200,470.88,471.25,468.75,471.1,0.0
1765882800,471.2,471.95,470.56,471.16,0.0
1765886400,471.23,473.24,471.23,472.5,0.0
1765890000,472.77,475.31,468.58,472.765,0.0
1765893600,472.73,474.13,470.55,472.3422,0.0
1765895400,472.2850036621094,482.05999755859375,465.8299865722656,475.1449890136719,23349392.0
1765899000,475.1449890136719,477.9100036621094,472.5799865722656,475.7349853515625,9893547.0
1765902600,475.8284912109375,481.3489990234375,475.1499938964844,478.8800048828125,8335113.0
1765906200,478.8599853515625,480.79998779296875,475.5884094238281,477.24090576171875,6468420.0
1765909800,477.30499267578125,480.3599853515625,477.2099914550781,480.0799865722656,6070346.0
1765913400,480.0400085449219,487.7300109863281,479.42999267578125,487.614990234375,11968826.0
1765917000,487.6391906738281,491.5,487.2200012207031,489.79998779296875,9727102.0
1765918800,489.77,507.8508,464.0004,488.4789,0.0
1765922400,488.5,489.88,464.0004,488.575,0.0
1765926000,488.6,489.4,479.12,485.65,0.0
1765962000,492.96,493.27,491.16,491.93,0.0
1765965600,491.96,493.27,491.65,492.87,0.0
1765969200,492.9,493.05,490.04,490.1,0.0
1765972800,490.1,492.13,488.54,490.6,0.0
1765976400,490.6,495.77,486.5008,487.08,0.0
1765980000,487.0938,489.88,469.03,488.37,0.0
1765981800,488.2149963378906,495.239990234375,486.2200012207031,490.70001220703125,21426056.0
1765985400,490.6700134277344,491.2598876953125,474.20001220703125,478.369384765625,16412954.0
1765989000,478.3399963378906,478.8800048828125,474.94000244140625,478.0600891113281,8406117.0
1765992600,478.1400146484375,479.3999938964844,472.7300109863281,474.5350036621094,7236381.0
1765996200,474.5299987792969,474.8699951171875,466.20001220703125,467.2300109863281,9711021.0
1765999800,467.2200012207031,471.25,466.8299865722656,470.489990234375,7804193.0
1766003400,470.45001220703125,470.8999938964844,466.8599853515625,467.1600036621094,5718526.0
1766005200,467.17,489.88,466.23,466.23,0.0
1766008800,466.3,480.1087,464.34,468.7,0.0
1766012400,468.62,468.87,467.2013,467.4,0.0
1766048400,472.94,474.29,471.29,473.87,0.0
1766052000,473.87,475.28,473.87,474.4,0.0
1766055600,474.42,474.6,473.36,473.7,0.0
1766059200,473.7,474.98,472.93,473.5,0.0
1766062800,473.57,475.25,467.26,474.6911,0.0
1766066400,474.7,485.1,467.26,477.65,0.0
1766068200,477.8999938964844,483.5199890136719,473.1199951171875,483.42010498046875,19224956.0
1766071800,483.4700012207031,490.44000244140625,483.3699951171875,488.17999267578125,13368819.0
1766075400,488.1700134277344,490.8599853515625,484.57000732421875,487.83990478515625,10073626.0
1766079000,487.77099609375,490.0400085449219,487.110107421875,488.62200927734375,6234161.0
1766082600,488.6050109863281,489.20001220703125,485.4601135253906,486.65020751953125,5437523.0
1766086200,486.62030029296875,487.70001220703125,483.3800048828125,486.56500244140625,7359817.0
1766089800,486.6199951171875,488.9200134277344,483.1700134277344,483.3949890136719,5528384.0
1766091600,483.395,483.75,450.0994,482.95,0.0
1766095200,483.0,485.0172,450.0994,484.32,0.0
1766098800,484.31,484.49,483.09,484.47,0.0
1766134800,487.66,489.2,486.75,489.18,0.0
1766138400,489.18,489.9,488.78,488.94,0.0
1766142000,488.81,489.59,487.97,488.7,0.0
1766145600,488.72,489.45,487.73,489.39,0.0
1766149200,489.39,489.9,483.37,487.12,0.0
1766152800,487.12,489.7,486.05,488.93,0.0
1766154600,488.5400085449219,490.489990234375,480.1000061035156,480.5450134277344,18757745.0
1766158200,480.5299987792969,481.7200012207031,477.739990234375,481.4549865722656,9150750.0
1766161800,481.4549865722656,481.8999938964844,474.75,479.3407897949219,8335489.0
1766165400,479.3450012207031,481.3299865722656,477.82000732421875,481.2449951171875,6143135.0
1766169000,481.2900085449219,483.8900146484375,481.19000244140625,483.8299865722656,5520387.0
1766172600,483.8175048828125,483.9700012207031,480.6199951171875,482.20001220703125,4797947.0
1766176200,482.1400146484375,484.0,480.55999755859375,480.9100036621094,4384803.0
1766178000,480.91,484.88,450.4355,482.5,0.0
1766181600,482.45,510.2861,450.4355,483.0001,0.0
1766185200,483.1,483.24,481.2,483.045,0.0
1766394000,488.1,488.51,487.5,488.05,0.0
1766397600,488.05,488.39,487.75,487.8,0.0
1766401200,487.8,487.82,486.09,486.45,0.0
1766404800,486.38,487.37,485.29,487.37,0.0
1766408400,487.39,488.5,479.997,487.71,0.0
1766412000,487.6824,490.34,481.2,490.02,0.0
1766413800,489.25,498.82000732421875,486.1000061035156,487.9649963378906,24124999.0
1766417400,488.0,493.29998779296875,485.3299865722656,492.8599853515625,10348812.0
1766421000,492.8487854003906,495.2300109863281,491.79998779296875,494.94000244140625,6958815.0
1766424600,494.92010498046875,495.6000061035156,492.79998779296875,494.6400146484375,5553182.0
1766428200,494.6400146484375,496.4100036621094,492.8699951171875,493.080810546875,6542059.0
1766431800,493.05999755859375,493.7200012207031,487.5,487.5299987792969,6711466.0
1766435400,487.5,489.5899963378906,487.44000244140625,488.7699890136719,4256722.0
1766437200,488.76,513.777,481.2,489.2501,0.0
1766440800,489.345,489.66,488.73,489.55,0.0
1766444400,489.575,489.85,489.02,489.75,0.0
1766480400,489.47,490.5,488.81,490.36,0.0
1766484000,490.28,490.75,490.0,490.63,0.0
1766487600,490.55,490.72,489.1,489.93,0.0
1766491200,489.94,490.95,489.42,490.21,0.0
1766494800,490.21,490.96,478.7299,489.28,0.0
1766498400,489.2994,489.67,486.5,489.34,0.0
1766500200,490.75,491.94000244140625,485.010009765625,486.7878112792969,14224330.0
1766503800,486.8299865722656,489.3500061035156,485.32000732421875,485.6592102050781,5795975.0
1766507400,485.67498779296875,487.20001220703125,484.29998779296875,485.7619934082031,5572697.0
1766511000,485.7767028808594,486.19000244140625,483.3500061035156,485.3800048828125,4866427.0
1766514600,485.3999938964844,486.05999755859375,482.84478759765625,483.92919921875,4630891.0
1766518200,483.92498779296875,487.4100036621094,483.4800109863281,486.8699951171875,5346981.0
1766521800,486.8599853515625,486.8999938964844,484.57000732421875,485.6099853515625,3560052.0
1766523600,485.57,488.73,484.7695,485.95,0.0
1766527200,485.9999,486.0,451.8844,485.08,0.0
1766530800,485.2399,485.4,485.02,485.11,0.0
1766566800,486.4,486.8,486.18,486.5,0.0
1766570400,486.5,486.64,486.01,486.25,0.0
1766574000,486.2,486.45,486.04,486.05,0.0
1766577600,486.05,486.66,485.95,486.26,0.0
1766581200,486.28,486.8,485.21,486.39,0.0
1766584800,486.43,488.6,486.3,488.5,0.0
1766586600,489.3599853515625,489.6499938964844,476.79998779296875,477.3340148925781,13122566.0
1766590200,477.3340148925781,482.0599060058594,477.1300964355469,481.69000244140625,7898707.0
1766593800,481.68121337890625,482.92999267578125,481.1400146484375,481.7699890136719,5855715.0
1766599200,481.7676086425781,485.55999755859375,481.760009765625,484.4150085449219,0.0
1766602800,484.41,508.0967,478.0394,484.29,0.0
1766606400,484.26,508.0967,484.02,484.3599,0.0
1766610000,484.35,484.36,484.12,484.26,0.0
1766739600,484.9,486.0,484.9,485.77,0.0
1766743200,485.71,486.43,485.6,486.03,0.0
1766746800,486.1,486.5,485.94,486.39,0.0
1766750400,486.4,486.57,485.53,485.56,0.0
1766754000,485.61,486.5977,485.35,485.45,0.0
1766757600,485.4013,486.04,485.08,485.3,0.0
1766759400,486.0,489.0899963378906,476.8999938964844,477.1700134277344,13003334.0
1766763000,477.1600036621094,479.4100036621094,473.82000732421875,478.4798889160156,9935893.0
1766766600,478.4800109863281,479.7112121582031,476.610107421875,479.6340026855469,4978982.0
1766770200,479.5899963378906,480.5,478.4200134277344,478.8800048828125,4158112.0
1766773800,478.8599853515625,479.239990234375,477.7200012207031,478.489990234375,3801625.0
1766777400,478.489990234375,478.8699035644531,477.75,478.3598937988281,3123700.0
1766781000,478.3550109863281,478.3599853515625,474.9800109863281,475.19000244140625,3785990.0
1766782800,475.2,485.4,474.82,474.9702,0.0
1766786400,474.98,476.8387,474.7,474.8394,0.0
1766790000,474.825,475.0,474.5,474.6,0.0
1766998800,469.14,471.05,468.0,468.76,0.0
1767002400,468.71,468.8,467.25,468.57,0.0
1767006000,468.61,468.85,467.6,467.82,0.0
1767009600,467.87,470.7,467.87,470.45,0.0
1767013200,470.5,475.19,467.25,469.4,0.0
1767016800,469.355,469.4,467.42,468.92,0.0
1767018600,469.0,469.3999938964844,461.32000732421875,466.2500915527344,16500909.0
1767022200,466.2300109863281,467.80999755859375,465.2300109863281,467.6300048828125,6876082.0
1767025800,467.6199951171875,469.20001220703125,465.8699951171875,466.1181945800781,5176453.0
1767029400,466.0950012207031,466.7900085449219,463.739990234375,464.0899963378906,4384021.0
1767033000,464.0600891113281,464.3800048828125,461.9501037597656,463.010009765625,4717342.0
1767036600,463.0299987792969,464.3450012207031,462.0920104980469,462.6700134277344,4991238.0
1767040200,462.69500732421875,462.7499084472656,459.29998779296875,459.6199951171875,5449426.0
1767042000,459.59,475.19,457.32,458.29,0.0
1767045600,458.25,459.64,431.7382,458.33,0.0
1767049200,458.31,458.45,457.73,458.04,0.0
1767085200,463.47,464.95,462.0,464.4,0.0
1767088800,464.41,464.61,464.0,464.06,0.0
1767092400,464.14,464.2,463.5,463.87,0.0
1767096000,463.89,464.26,462.36,462.9,0.0
1767099600,462.9,464.95,459.64,463.28,0.0
1767103200,463.3018,463.31,461.05,461.16,0.0
1767105000,460.0,461.0299987792969,453.8299865722656,460.67999267578125,14993491.0
1767108600,460.6300048828125,462.2099914550781,459.0199890136719,461.1300048828125,6151326.0
1767112200,461.1099853515625,463.1199951171875,460.69000244140625,462.1700134277344,5468641.0
1767115800,462.1300048828125,462.2799987792969,458.5799865722656,460.4960021972656,4954327.0
1767119400,460.4700012207031,460.739990234375,457.8800048828125,458.614990234375,4209010.0
1767123000,458.6000061035156,458.7099914550781,456.1000061035156,456.1199951171875,5133024.0
1767126600,456.1400146484375,456.4599914550781,454.0400085449219,454.42999267578125,3950479.0
1767128400,454.405,464.0004,454.01,455.4,0.0
1767132000,455.345,477.3687,434.1948,455.45,0.0
1767135600,455.29,455.66,454.43,455.21,0.0
1767171600,452.86,453.65,452.85,453.43,0.0
1767175200,453.33,453.5,453.03,453.25,0.0
1767178800,453.35,454.28,453.12,454.04,0.0
1767182400,454.06,455.83,453.55,455.56,0.0
1767186000,455.55,456.78,452.1535,456.3207,0.0
1767189600,456.355,459.05,455.94,456.03,0.0
1767191400,456.0,456.5480041503906,452.29998779296875,454.5899963378906,9968144.0
1767195000,454.55999755859375,455.239990234375,453.2601013183594,453.81500244140625,4472767.0
1767198600,453.8500061035156,454.6199951171875,452.5799865722656,454.6000061035156,3778082.0
1767202200,454.6400146484375,455.8399963378906,453.260009765625,454.8550109863281,4758054.0
1767205800,454.8399963378906,455.0799865722656,452.6499938964844,453.2650146484375,2845274.0
1767209400,453.2799987792969,453.3800048828125,449.44000244140625,449.5,5803871.0
1767213000,449.5398864746094,450.9299011230469,449.29998779296875,449.54998779296875,4049826.0
1767214800,449.71,480.1087,449.53,449.98,0.0
1767218400,449.95,480.1087,449.45,449.89,0.0
1767222000,449.8802,449.89,449.66,449.79,0.0
1767344400,458.84,461.25,457.73,461.25,0.0
1767348000,461.18,462.5,460.17,460.47,0.0
1767351600,460.4,460.79,459.14,459.14,0.0
1767355200,459.13,459.59,455.18,455.81,0.0
1767358800,455.79,462.5,449.72,456.05,0.0
1767362400,456.05,460.14,454.5,457.9,0.0
1767364200,457.7511901855469,458.3299865722656,444.3699951171875,445.1000061035156,17466996.0
1767367800,445.0799865722656,448.25,440.8999938964844,444.0799865722656,10580582.0
1767371400,444.05999755859375,445.3299865722656,441.04998779296875,441.760009765625,6139173.0
1767375000,441.79998779296875,442.5899963378906,437.9200134277344,438.39990234375,6376852.0
1767378600,438.3800048828125,438.6300048828125,435.29998779296875,438.4100036621094,7333157.0
1767382200,438.3800048828125,441.6199951171875,438.3800048828125,440.3500061035156,6786236.0
1767385800,440.3299865722656,440.5159912109375,437.6000061035156,438.1000061035156,4330640.0
1767387600,438.15,449.72,438.03,439.625,0.0
1767391200,439.625,460.3078,438.07,440.19,0.0
1767394800,440.17,460.3078,440.08,440.7594,0.0
1767603600,445.05,446.0,443.9,444.61,0.0
1767607200,444.6,445.19,443.25,444.71,0.0
1767610800,444.62,445.69,444.38,444.97,0.0
1767614400,444.91,445.75,444.07,444.44,0.0
1767618000,444.43,446.32,438.07,443.58,0.0
1767621600,443.55,448.66,443.42,447.79,0.0
1767623400,447.25,455.8900146484375,444.57000732421875,455.32000732421875,16089065.0
1767627000,455.2900085449219,456.6499938964844,453.2699890136719,454.0299987792969,6815419.0
1767630600,454.04998779296875,457.5498962402344,453.9599914550781,456.0299987792969,5845587.0
1767634200,456.0299987792969,456.3399963378906,453.7900085449219,454.7099914550781,4058977.0
1767637800,454.67999267578125,457.1000061035156,454.3301086425781,455.7550048828125,3944415.0
1767641400,455.7355041503906,456.2300109863281,453.8500061035156,456.2099914550781,4853652.0
1767645000,456.2250061035156,456.239990234375,450.8599853515625,451.69000244140625,5043698.0
1767646800,451.69,452.38,448.52,448.84,0.0
1767650400,449.5,451.95,448.17,451.52,0.0
1767654000,451.465,452.5,451.21,451.46,0.0
1767690000,451.02,451.43,449.01,449.6,0.0
1767693600,449.67,452.23,449.59,451.46,0.0
1767697200,451.46,451.73,448.05,449.15,0.0
1767700800,449.13,449.92,448.8,449.0,0.0
1767704400,449.05,454.74,448.08,449.33,0.0
1767708000,449.3,461.665,446.0,446.24,0.0
1767709800,444.1499938964844,444.2698974609375,435.3900146484375,439.0591125488281,17729194.0
1767713400,439.04998779296875,439.3500061035156,431.80999755859375,431.8550109863281,10502348.0
1767717000,431.8599853515625,433.3299865722656,430.3200988769531,432.0350036621094,7786683.0
1767720600,432.05999755859375,432.5400085449219,428.7799987792969,429.7699890136719,6770507.0
1767724200,429.7049865722656,433.69000244140625,429.1400146484375,433.26239013671875,6343238.0
1767727800,433.9849853515625,434.4200134277344,430.0400085449219,431.7449951171875,7764043.0
1767731400,431.7200012207031,433.440185546875,431.30999755859375,432.4898986816406,3393408.0
1767733200,433.38,459.4827,422.3693,434.48,0.0
1767736800,434.458,459.4827,413.3675,434.31,0.0
1767740400,434.32,435.0,432.96,434.93,0.0
1767776400,435.49,435.49,432.96,434.33,0.0
1767780000,434.4,435.4,433.86,433.99,0.0
1767783600,433.99,434.3,431.65,432.32,0.0
1767787200,432.34,434.79,432.34,434.5,0.0
1767790800,434.54,436.25,431.6,435.43,0.0
1767794400,435.41,436.32,434.4,435.94,0.0
1767796200,435.885009765625,438.1300048828125,431.6000061035156,434.0350036621094,12591805.0
1767799800,434.0400085449219,437.260009765625,433.85009765625,435.989990234375,6795114.0
1767803400,436.0,438.3699951171875,435.7099914550781,436.2200012207031,5209734.0
1767807000,436.2349853515625,437.75,435.989990234375,436.34710693359375,3577085.0
1767810600,436.3599853515625,437.510009765625,434.2699890136719,435.8599853515625,4386733.0
1767814200,435.8900146484375,437.5199890136719,435.8299865722656,436.1400146484375,4405936.0
1767817800,436.1600036621094,436.7900085449219,431.30999755859375,431.4200134277344,4503032.0
1767819600,431.41,444.26,407.6793,431.65,0.0
1767823200,431.65,432.3,407.4747,432.12,0.0
1767826800,432.18,432.35,431.63,432.19,0.0
1767862800,431.06,431.35,430.15,430.2,0.0
1767866400,430.18,430.2,428.35,429.18,0.0
1767870000,429.2,430.21,429.04,429.9,0.0
1767873600,429.9,430.01,428.0,428.12,0.0
1767877200,428.12,431.53,426.72,428.3,0.0
1767880800,428.27,429.35,427.27,427.99,0.0
1767882600,425.5,435.04998779296875,424.364990234375,434.8900146484375,14297658.0
1767886200,434.8500061035156,435.17999267578125,432.05999755859375,434.26458740234375,5867301.0
1767889800,434.25,436.1400146484375,433.30999755859375,435.1944885253906,5063748.0
1767893400,435.17999267578125,436.8900146484375,433.739990234375,434.1300048828125,4209962.0
1767897000,434.1600036621094,434.94989013671875,432.42999267578125,433.760009765625,3460643.0
1767900600,433.7099914550781,435.79998779296875,433.6600036621094,434.9599914550781,3898513.0
1767904200,434.94000244140625,436.25,434.3500061035156,435.8399963378906,3225353.0
1767906000,435.86,436.5,435.3,436.02,0.0
1767909600,436.02,436.38,435.73,436.23,0.0
1767913200,436.23,436.29,435.3401,435.49,0.0
1767949200,436.34,436.49,435.57,436.17,0.0
1767952800,436.17,437.19,436.17,437.09,0.0
1767956400,437.1,437.1,436.2,436.88,0.0
1767960000,436.86,438.26,436.82,437.93,0.0
1767963600,437.9,438.28,435.145,437.57,0.0
1767967200,437.7131,438.48,435.75,435.86,0.0
1767969000,434.0,443.8800048828125,430.3900146484375,443.6199951171875,15776840.0
1767972600,443.6499938964844,444.2898864746094,440.6499938964844,442.63238525390625,7978061.0
1767976200,442.6600036621094,445.239990234375,442.29998779296875,444.45001220703125,5233859.0
1767979800,444.44500732421875,449.04998779296875,444.1199951171875,447.17999267578125,6955198.0
1767983400,447.17999267578125,447.9198913574219,445.45001220703125,446.375,3925354.0
1767987000,446.3900146484375,446.6000061035156,444.510009765625,445.35528564453125,4624308.0
1767990600,445.3399963378906,445.9700012207031,444.3599853515625,444.989990234375,3287640.0
1767992400,445.01,445.42,420.6809,445.0,0.0
1767996000,444.96,445.26,420.6809,445.195,0.0
1767999600,445.2,445.42,445.01,445.28,0.0
1768208400,441.86,443.13,440.25,440.29,0.0
1768212000,440.32,441.8,440.25,441.61,0.0
1768215600,441.77,442.27,441.22,441.89,0.0
1768219200,441.88,442.8,440.7,441.56,0.0
1768222800,441.59,444.81,440.0,441.3,0.0
1768226400,441.28,441.75,439.75,441.29,0.0
1768228200,441.2250061035156,450.2200012207031,438.0,449.80499267578125,14692874.0
1768231800,449.8299865722656,449.8999938964844,446.9200134277344,448.635009765625,5823610.0
1768235400,448.6388854980469,454.29998779296875,448.4071044921875,453.8299865722656,7715359.0
1768239000,453.75,453.9198913574219,449.95001220703125,450.82000732421875,5103407.0
1768242600,450.8450012207031,452.1300048828125,449.9100036621094,451.7409973144531,4532448.0
1768246200,451.7799072265625,451.9599914550781,449.45001220703125,450.92498779296875,4200452.0
1768249800,450.9100036621094,451.1000061035156,448.2699890136719,448.92999267578125,3785374.0
1768251600,448.88,449.63,448.25,448.45,0.0
1768255200,448.4374,604.5056,431.7382,448.715,0.0
1768258800,448.69,448.96,448.05,448.3,0.0
1768294800,448.22,449.95,447.9,449.17,0.0
1768298400,449.11,449.74,448.08,448.5,0.0
1768302000,448.49,448.94,448.25,448.89,0.0
1768305600,448.86,449.9,448.59,449.79,0.0
1768309200,449.79,449.9788,447.58,448.75,0.0
1768312800,448.8,452.5,448.8,450.1601,0.0
1768314600,450.20001220703125,451.6600036621094,445.3999938964844,447.0552062988281,12498471.0
1768318200,447.0899963378906,451.3900146484375,446.2699890136719,450.31939697265625,6576400.0
1768321800,450.3057861328125,451.80999755859375,448.6300964355469,449.3699951171875,4613782.0
1768325400,449.3500061035156,449.70001220703125,446.55999755859375,447.42999267578125,4004052.0
1768329000,447.45001220703125,448.17999267578125,443.95001220703125,445.07000732421875,5163171.0
1768332600,445.04998779296875,447.2300109863281,444.6099853515625,446.2349853515625,3662359.0
1768336200,446.239990234375,447.8299865722656,445.67999267578125,447.1300048828125,2783886.0
1768338000,447.17,464.0004,446.7,446.82,0.0
1768341600,446.83,477.3687,434.1948,447.14,0.0
1768345200,447.14,447.28,446.75,446.865,0.0
1768381200,446.99,447.05,446.13,446.6,0.0
1768384800,446.54,447.01,443.21,444.16,0.0
1768401000,439.6650085449219,443.9100036621094,437.3103942871094,440.04998779296875,12326753.0
1768404600,440.05499267578125,440.32989501953125,435.8800048828125,438.4200134277344,7463731.0
1768408200,438.3500061035156,438.7698974609375,434.2300109863281,436.1199951171875,5401322.0
1768411800,436.20001220703125,436.5,434.760009765625,436.4100036621094,3455285.0
1768415400,436.35809326171875,437.2698974609375,434.9100036621094,436.8800048828125,3597487.0
1768419000,436.9100036621094,438.3699951171875,435.0299987792969,435.1600036621094,4861407.0
1768422600,435.17999267578125,439.45001220703125,435.1400146484375,439.260009765625,4003494.0
1768424400,439.2,439.78,437.26,438.14,0.0
1768428000,438.1075,438.4,437.7,437.965,0.0
1768467600,440.26,441.26,439.77,441.15,0.0
1768471200,441.22,441.98,440.77,441.19,0.0
1768487400,444.20989990234375,445.3299865722656,439.4800109863281,443.32000732421875,10805574.0
1768491000,443.3399963378906,445.3599853515625,441.95001220703125,442.8299865722656,6165480.0
1768494600,442.739990234375,443.5400085449219,441.9700012207031,443.1200866699219,3350804.0
1768498200,443.1628112792969,443.3999938964844,441.1000061035156,443.2174987792969,3330405.0
1768501800,443.2300109863281,443.82000732421875,441.0799865722656,441.31988525390625,3374349.0
1768505400,441.2900085449219,441.2944030761719,438.1600036621094,438.44000244140625,4609537.0
1768509000,438.489990234375,439.05999755859375,437.6499938964844,438.3299865722656,2951712.0
1768510800,438.57,441.07,437.89,438.755,0.0
1768514400,438.76,439.09,438.54,438.88,0.0
1768518000,438.985,439.2,438.91,439.2,0.0
1768554000,441.08,441.5,440.79,440.97,0.0
1768557600,441.01,441.06,440.2,440.77,0.0
1768573800,441.0799865722656,447.25,436.3999938964844,436.8500061035156,13909602.0
1768577400,436.82501220703125,439.2200012207031,435.2601013183594,438.80999755859375,6504516.0
1768581000,438.8299865722656,439.7200012207031,437.7701110839844,438.55340576171875,4266930.0
1768584600,438.55999755859375,440.45001220703125,437.8299865722656,440.35009765625,3326552.0
1768588200,440.3500061035156,440.8500061035156,439.0199890136719,439.80999755859375,3817592.0
1768591800,439.79620361328125,440.80999755859375,439.6199951171875,439.8799133300781,2922863.0
1768595400,439.8299865722656,439.8800048828125,437.3599853515625,437.4700012207031,3427744.0
1768597200,437.5,439.1,437.29,438.3059,0.0
1768600800,438.275,460.3078,437.45,437.64,0.0
1768899600,424.87,429.43,424.25,424.25,0.0
1768903200,424.24,426.48,421.72,426.19,0.0
1768906800,426.18,426.98,425.38,425.7,0.0
1768910400,425.78,428.38,425.78,427.55,0.0
1768914000,427.56,437.5,421.8,427.1,0.0
1768917600,427.0248,437.5,425.53,429.58,0.0
1768919400,429.3450012207031,430.5,423.4200134277344,426.94000244140625,13240316.0
1768923000,426.94000244140625,427.7099914550781,424.1300048828125,425.6499938964844,5597951.0
1768926600,425.6600036621094,427.3999938964844,423.8999938964844,426.260009765625,4329916.0
1768930200,426.260009765625,426.4599914550781,423.8800048828125,424.7925109863281,3291490.0
1768933800,424.82000732421875,425.0199890136719,422.0,422.239990234375,4204984.0
1768937400,422.2300109863281,422.3299865722656,417.8299865722656,417.9100036621094,6397274.0
1768941000,417.8900146484375,420.4800109863281,417.44000244140625,419.260009765625,4642504.0
1768942800,419.25,427.97,418.25,419.54,0.0
1768946400,419.5301,422.3693,413.3675,419.09,0.0
1768950000,419.08,419.785,418.91,419.04,0.0
1768986000,422.22,422.71,421.66,422.35,0.0
1768989600,422.36,422.36,420.6,421.4,0.0
1768993200,421.45,421.71,420.69,420.8,0.0
1768996800,420.82,420.94,418.01,418.52,0.0
1769000400,418.39,424.0,417.52,419.66,0.0
1769004000,419.66,424.3,419.41,421.74,0.0
1769005800,421.5799865722656,428.2200012207031,419.6200866699219,427.43499755859375,11097689.0
1769009400,427.4700012207031,429.7699890136719,427.0199890136719,427.4873962402344,6856514.0
1769013000,427.44000244140625,427.49798583984375,420.05999755859375,423.6588134765625,7419973.0
1769016600,423.6700134277344,425.79998779296875,422.80999755859375,425.65771484375,4758350.0
1769020200,425.67999267578125,433.04998779296875,425.3551025390625,432.5400085449219,4046597.0
1769023800,432.5000915527344,438.1400146484375,432.375,433.5602111816406,8538003.0
1769027400,433.55999755859375,434.25,430.27099609375,431.4599914550781,4221585.0
1769029200,431.49,433.57,431.09,433.55,0.0
1769032800,433.55,434.45,407.4747,433.45,0.0
1769036400,433.475,434.15,407.4747,433.3006,0.0
1769072400,435.53,436.81,435.53,435.86,0.0
1769076000,435.89,437.21,435.76,436.79,0.0
1769079600,436.75,438.2,436.74,437.05,0.0
1769083200,437.06,437.38,435.71,435.8,0.0
1769086800,435.8,438.24,431.44,436.45,0.0
1769090400,436.4,437.42,419.745,435.1303,0.0
1769092200,434.8599853515625,436.4100036621094,432.6293029785156,435.67999267578125,10420823.0
1769095800,435.739990234375,439.21990966796875,434.6000061035156,437.9599914550781,6875441.0
1769099400,438.0,439.17999267578125,437.05999755859375,439.07000732421875,4464361.0
1769103000,439.07000732421875,448.260009765625,438.6499938964844,444.9501037597656,10229631.0
1769106600,444.9599914550781,448.8599853515625,444.5799865722656,448.42999267578125,6737862.0
1769110200,448.42999267578125,449.1199951171875,445.5,446.3800048828125,5582104.0
1769113800,446.3699951171875,449.4599914550781,446.10198974609375,449.3699951171875,4614063.0
1769115600,449.39,451.45,448.5,448.7,0.0
1769119200,448.7,449.42,448.01,448.29,0.0
1769122800,448.27,449.36,447.73,448.94,0.0
1769158800,450.78,450.98,448.81,449.0,0.0
1769162400,449.07,449.28,447.05,448.0,0.0
1769166000,448.05,450.29,447.75,449.82,0.0
1769169600,449.8,450.45,448.0,448.61,0.0
1769173200,448.6,453.9967,447.05,447.3807,0.0
1769176800,447.4382,448.22,446.09,447.479,0.0
1769178600,447.4049987792969,451.20001220703125,444.0400085449219,446.1099853515625,14625343.0
1769182200,446.114013671875,452.42999267578125,445.8399963378906,450.07000732421875,7637063.0
1769185800,450.0586853027344,450.3500061035156,447.6300048828125,448.909912109375,3943556.0
1769189400,448.8800048828125,449.2200012207031,445.2799987792969,446.7200012207031,4270276.0
1769193000,446.7452087402344,448.5799865722656,446.0299987792969,447.1549987792969,3459740.0
1769196600,447.1700134277344,448.8500061035156,446.8800048828125,447.2502136230469,3513971.0
1769200200,447.2699890136719,449.30999755859375,446.9200134277344,449.07000732421875,3149230.0
1769202000,449.06,449.5,420.6809,447.67,0.0
1769205600,447.609,476.8387,420.6809,447.75,0.0
1769209200,447.75,448.4,447.72,447.74,0.0
1769418000,446.43,446.43,444.1,444.4,0.0
1769421600,444.35,444.4,443.0,444.4,0.0
1769425200,444.48,445.3,444.16,444.58,0.0
1769428800,444.63,446.38,444.45,445.97,0.0
1769432400,445.97,449.06,442.2,445.15,0.0
1769436000,445.15,451.2,435.605,445.02,0.0
1769437800,445.0299987792969,445.0299987792969,437.6600036621094,437.94830322265625,10564496.0
1769441400,437.8999938964844,439.9800109863281,436.7099914550781,439.7099914550781,5898497.0
1769445000,439.760009765625,440.2699890136719,437.95001220703125,439.78680419921875,3657631.0
1769448600,439.81500244140625,439.8399963378906,437.82000732421875,438.55999755859375,2940576.0
1769452200,438.55999755859375,438.8599853515625,437.4200134277344,437.7300109863281,2957224.0
1769455800,437.739990234375,437.9599914550781,434.4700012207031,434.8927001953125,4767963.0
1769459400,434.8800048828125,436.3699951171875,434.2900085449219,435.20001220703125,3914313.0
1769461200,435.19,436.0,412.4613,434.75,0.0
1769464800,434.74,454.4819,412.4613,435.7,0.0
1769468400,435.7,436.2,435.2,435.91,0.0
1769504400,437.84,438.46,437.37,437.97,0.0
1769508000,437.84,438.0,437.36,437.8,0.0
1769511600,437.78,437.97,437.41,437.64,0.0
1769515200,437.64,438.0,436.9,437.04,0.0
1769518800,437.04,438.49,435.2,437.44,0.0
1769522400,437.4418,437.89,436.62,437.51,0.0
1769524200,437.43499755859375,437.5199890136719,431.8299865722656,435.3900146484375,8220361.0
1769527800,435.364990234375,436.260009765625,433.7300109863281,434.8699951171875,3903183.0
1769531400,434.8999938964844,435.82000732421875,433.19000244140625,434.6650085449219,3033271.0
1769535000,434.6499938964844,434.95001220703125,432.2799987792969,432.78009033203125,2620034.0
1769538600,432.8099060058594,433.45001220703125,430.8299865722656,431.30010986328125,3411986.0
1769542200,431.31500244140625,433.8800048828125,430.69000244140625,433.7900085449219,3522732.0
1769545800,433.8031921386719,433.8031921386719,430.7099914550781,430.9100036621094,3400284.0
1769547600,430.9,449.06,430.5,431.19,0.0
1769551200,431.18,457.7728,430.9,431.5113,0.0
1769554800,431.51,431.86,431.31,431.6403,0.0
1769590800,432.57,432.57,431.0,431.31,0.0
1769594400,431.43,432.07,431.0,431.37,0.0
1769598000,431.38,432.29,431.38,432.24,0.0
1769601600,432.24,432.68,431.25,431.25,0.0
1769605200,431.3,433.81,430.9,433.1,0.0
1769608800,433.1007,434.74,431.6,431.92,0.0
1769610600,431.79998779296875,438.260009765625,431.20001220703125,434.67730712890625,9586082.0
1769614200,434.6700134277344,434.9100036621094,432.0199890136719,434.09051513671875,9041588.0
1769617800,434.0799865722656,435.6099853515625,432.3399963378906,433.1199951171875,0.0
1769621400,433.0889892578125,435.5,432.3999938964844,434.82000732421875,3978822.0
1769625000,434.80029296875,435.55999755859375,432.739990234375,432.885009765625,3192653.0
1769628600,432.8500061035156,436.0,431.739990234375,434.2950134277344,4773622.0
1769632200,434.32000732421875,434.45001220703125,430.20001220703125,431.239990234375,3496783.0
1769634000,431.46,448.0,425.25,444.51,0.0
1769637600,444.7,450.45,431.46,436.499,0.0
1769641200,436.5,443.65,431.46,436.79,0.0
1769677200,442.05,442.84,441.02,442.6,0.0
1769680800,442.68,444.41,442.52,443.8,0.0
1769684400,443.79,445.1,442.71,443.29,0.0
1769688000,443.26,444.44,440.5,440.64,0.0
1769691600,440.54,445.19,431.46,439.3571,0.0
1769695200,439.39,439.39,436.43,437.86,0.0
1769697000,437.760009765625,440.2298889160156,421.260009765625,422.239990234375,18553363.0
1769700600,422.260009765625,423.1700134277344,414.6199951171875,421.8949890136719,12681972.0
1769704200,421.8599853515625,424.8399963378906,419.3800048828125,424.2080078125,5612715.0
1769707800,424.19000244140625,424.7799987792969,419.7799987792969,421.8699951171875,4596341.0
1769711400,421.79998779296875,422.94000244140625,419.80999755859375,420.3599853515625,4314741.0
1769715000,420.3999938964844,420.7900085449219,415.4599914550781,415.510009765625,5511584.0
1769718600,415.5199890136719,417.54998779296875,414.94000244140625,416.44000244140625,4951144.0
1769720400,416.36,418.55,399.9587,418.4796,0.0
1769724000,418.48,436.74,399.9587,428.93,0.0
1769727600,428.9305,431.99,426.88,430.15,0.0
1769763600,424.26,426.15,422.0,422.82,0.0
1769767200,422.83,423.43,420.47,422.15,0.0
1769770800,422.15,426.84,422.09,425.83,0.0
1769774400,425.82,428.22,424.66,426.34,0.0
1769778000,426.2,428.365,416.56,424.0,0.0
1769781600,423.94,479.74,421.55,425.77,0.0
1769783400,425.5799865722656,435.3500061035156,422.70001220703125,433.5350036621094,16028132.0
1769787000,433.55499267578125,433.8500061035156,430.5,431.7049865722656,1328423.0
1770057000,426.1199951171875,426.69000244140625,425.3999938964844,425.69500732421875,14193551.0
1770060600,425.6700134277344,425.6700134277344,422.5400085449219,423.92498779296875,4163914.0
1770064200,423.8999938964844,424.0557861328125,421.739990234375,421.7850036621094,2893745.0
1770066000,421.77,425.5,397.0329,423.06,0.0
1770069600,423.16,424.69,421.81,424.13,0.0
1770073200,424.11,425.0,422.94,424.6899,0.0
1770109200,426.62,427.3,425.66,425.66,0.0
1770112800,425.7,427.2,425.66,426.71,0.0
1770116400,426.62,427.19,426.19,426.48,0.0
1770120000,426.46,427.05,426.1,426.61,0.0
1770123600,426.58,427.35,421.81,426.8739,0.0
1770127200,426.8774,429.165,424.15,424.21,0.0
1770129000,424.2699890136719,425.510009765625,419.75,422.8550109863281,10423831.0
1770132600,422.80999755859375,428.55999755859375,422.010009765625,423.17999267578125,7426334.0
1770136200,423.2099914550781,427.7200012207031,420.0899963378906,420.8450012207031,5616518.0
1770139800,420.8299865722656,421.4551086425781,416.8800048828125,418.11151123046875,5252640.0
1770143400,418.05999755859375,418.8399963378906,413.6900939941406,415.8699951171875,5724127.0
1770147000,415.94000244140625,419.2900085449219,414.8999938964844,418.590087890625,4190760.0
1770150600,418.6300048828125,422.20001220703125,418.5899963378906,421.80999755859375,3300597.0
1770152400,421.83,423.0,420.0,420.85,0.0
1770156000,420.9,422.3693,420.0,420.45,0.0
1770159600,420.4984,421.5,420.15,420.735,0.0
1770195600,420.7,421.18,418.02,418.23,0.0
1770199200,418.26,420.45,418.25,420.37,0.0
1770202800,420.48,421.55,420.48,420.92,0.0
1770206400,420.92,421.88,420.92,421.73,0.0
1770210000,421.71,421.98,418.01,420.74,0.0
1770213600,420.78,423.27,420.0,420.4,0.0
1770215400,420.4599914550781,423.8999938964844,415.0299987792969,416.760009765625,11080274.0
1770219000,416.7900085449219,417.239990234375,407.0299987792969,408.82501220703125,9583418.0
1770222600,408.7900085449219,409.239990234375,402.9800109863281,403.1600036621094,7099575.0
1770226200,403.04998779296875,406.5,399.17999267578125,406.42498779296875,7625761.0
1770229800,406.4599914550781,406.489990234375,402.276611328125,404.7200927734375,5318617.0
1770233400,404.70001220703125,409.3500061035156,404.17010498046875,407.82501220703125,6457786.0
1770237000,407.80999755859375,409.1600036621094,405.3500061035156,405.8999938964844,4215172.0
1770238800,405.8,407.9,395.7978,407.11,0.0
1770242400,407.08,407.6793,406.0,406.32,0.0
1770246000,406.36,408.52,406.335,408.0,0.0
1770282000,406.41,407.29,405.3,407.28,0.0
1770285600,407.29,408.1,406.38,408.0,0.0
1770289200,408.04,408.2,407.1,407.15,0.0
1770292800,407.24,407.39,403.28,403.3,0.0
1770296400,403.38,408.7,396.81,398.14,0.0
1770300000,398.3,399.8,394.51,397.06,0.0
1770301800,397.05999755859375,401.1499938964844,387.5309143066406,389.7799987792969,15306298.0
1770305400,389.7200012207031,396.9599914550781,387.7300109863281,396.87799072265625,7689346.0
1770309000,396.8800048828125,400.42999267578125,395.80999755859375,399.9700012207031,6531007.0
1770312600,400.0,402.1000061035156,398.4599914550781,399.6400146484375,5397301.0
1770316200,399.6099853515625,401.4700012207031,397.6499938964844,398.7550048828125,5119618.0
1770319800,398.7300109863281,398.7900085449219,393.79998779296875,394.1099853515625,5932483.0
1770323400,394.1099853515625,397.8299865722656,393.0199890136719,397.1000061035156,4796377.0
1770325200,397.21,401.2,389.7652,392.0,0.0
1770328800,392.0,397.21,370.219,391.555,0.0
1770332400,391.69,397.21,390.03,390.07,0.0
1770368400,395.32,403.15,395.11,402.7,0.0
1770372000,402.7,404.5,402.18,403.06,0.0
1770375600,403.06,406.9,402.5,405.45,0.0
1770379200,405.4,406.5,399.69,399.75,0.0
1770382800,399.8,406.9,390.82,402.36,0.0
1770386400,402.36,403.3,399.0,400.77,0.0
1770388200,400.8800048828125,410.3089904785156,397.7699890136719,410.10400390625,13617676.0
1770391800,410.19000244140625,411.57000732421875,408.70001220703125,410.2799987792969,6884037.0
1770395400,410.26251220703125,414.0400085449219,410.0350036621094,413.8699951171875,5024365.0
1770399000,413.8699951171875,414.54998779296875,411.7300109863281,412.17498779296875,4336097.0
1770402600,412.1650085449219,414.0400085449219,411.0799865722656,413.385009765625,3907698.0
1770406200,413.3999938964844,414.54998779296875,412.7699890136719,413.40618896484375,4270327.0
1770409800,413.3699951171875,414.54998779296875,410.6099853515625,411.010009765625,4303013.0
1770411600,411.11,423.4646,409.82,410.48,0.0
1770415200,410.58,420.6809,410.42,411.82,0.0
1770418800,411.8,411.89,411.27,411.36,0.0
1770627600,414.17,415.46,413.22,414.15,0.0
1770631200,414.07,414.49,410.89,411.0,0.0
1770634800,411.04,411.04,408.5,410.12,0.0
1770638400,410.21,410.76,409.01,410.25,0.0
1770642000,410.25,414.88,408.51,411.49,0.0
1770645600,411.4925,411.6745,408.95,410.0,0.0
1770647400,409.9049987792969,415.3299865722656,407.2900085449219,412.9649963378906,10662546.0
1770651000,412.9649963378906,419.42999267578125,412.70001220703125,418.6650085449219,6843367.0
1770654600,418.6199951171875,421.25,417.9700012207031,420.5299987792969,5284227.0
1770658200,420.54998779296875,421.20989990234375,417.70001220703125,418.34991455078125,3548082.0
1770661800,418.30230712890625,420.6600036621094,417.7099914550781,420.1697082519531,3393895.0
1770665400,420.19000244140625,420.8999938964844,419.4070129394531,420.1199951171875,3389590.0
1770669000,420.0799865722656,420.4200134277344,417.1300964355469,417.1600036621094,3183939.0
1770670800,417.205,418.35,416.0,417.56,0.0
1770674400,417.56,432.7936,417.2,417.38,0.0
1770678000,417.3731,418.37,417.3,417.56,0.0
1770714000,417.25,419.27,416.88,418.77,0.0
1770717600,418.76,418.94,417.61,418.15,0.0
1770721200,418.02,418.13,417.44,417.89,0.0
1770724800,417.87,420.95,417.74,420.81,0.0
1770728400,420.85,420.95,416.16,419.4,0.0
1770732000,419.4,420.0,418.04,418.35,0.0
1770733800,418.0899963378906,425.4599914550781,417.0,423.34161376953125,10943175.0
1770737400,423.3399963378906,425.4200134277344,420.71270751953125,421.7349853515625,6615508.0
1770741000,421.7099914550781,427.25,421.05999755859375,424.93499755859375,6045525.0
1770744600,424.8800048828125,426.114990234375,423.1499938964844,423.32000732421875,4257452.0
1770748200,423.2900085449219,425.1000061035156,422.35009765625,425.0398864746094,3627992.0
1770751800,425.05999755859375,426.3699951171875,423.6600036621094,424.45001220703125,3877717.0
1770755400,424.4100036621094,427.20001220703125,423.8169860839844,425.2200012207031,4465243.0
1770757200,425.05,426.25,424.295,425.51,0.0
1770760800,425.51,439.4168,400.748,425.0601,0.0
1770764400,425.09,425.6599,424.9,425.2599,0.0
1770800400,424.68,425.71,424.0,424.46,0.0
1770804000,424.44,424.46,422.21,423.15,0.0
1770807600,423.16,423.9,422.2,423.72,0.0
1770811200,423.72,425.0,423.11,424.66,0.0
1770814800,424.58,426.195,422.11,423.75,0.0
1770818400,423.87,428.2,423.87,427.92,0.0
1770820200,427.9549865722656,436.3500061035156,421.54998779296875,421.7200012207031,14480611.0
1770823800,421.68231201171875,427.06939697265625,420.0299987792969,426.4049987792969,7864759.0
1770827400,426.4100036621094,426.6700134277344,422.05999755859375,424.7598876953125,5055253.0
1770831000,424.760009765625,426.17999267578125,422.1199951171875,424.7449951171875,4016085.0
1770834600,424.7200012207031,427.7300109863281,423.6199951171875,427.55999755859375,3807995.0
1770838200,427.5199890136719,427.64990234375,425.6400146484375,425.8599853515625,3215486.0
1770841800,425.82000732421875,429.1000061035156,425.4599914550781,428.1499938964844,3100922.0
1770843600,428.27,428.605,425.2304,427.855,0.0
1770847200,427.89,428.27,427.34,427.71,0.0
1770850800,427.98,428.27,427.0,427.0504,0.0
1770886800,428.53,429.7,428.49,429.25,0.0
1770890400,429.21,429.5,428.81,429.16,0.0
1770894000,429.11,429.77,428.98,429.6,0.0
1770897600,429.54,430.75,429.26,430.7,0.0
1770901200,430.67,431.2,428.14,430.0,0.0
1770904800,429.79,432.27,429.34,430.3017,0.0
1770906600,430.3500061035156,436.2300109863281,426.1300048828125,429.6700134277344,11620453.0
1770910200,429.7799987792969,430.489990234375,419.2799987792969,419.4100036621094,7175428.0
1770913800,419.4049987792969,421.409912109375,417.1199951171875,418.10980224609375,6221291.0
1770917400,418.06500244140625,420.1000061035156,414.0,416.7900085449219,4974259.0
1770921000,416.79998779296875,417.8699951171875,414.2500915527344,414.6625061035156,3857610.0
1770924600,414.6300048828125,416.8500061035156,414.5400085449219,414.80279541015625,3571749.0
1770928200,414.7099914550781,417.4200134277344,414.54998779296875,416.8399963378906,3513182.0
1770930000,417.07,421.7656,399.9587,417.88,0.0
1770933600,417.88,417.88,399.9587,417.4155,0.0
1770937200,417.34,417.98,415.5534,416.335,0.0
1770973200,416.78,416.98,415.29,415.97,0.0
1770976800,415.82,416.4,415.48,415.7,0.0
1770980400,415.7,415.87,413.18,413.7,0.0
1770984000,413.73,414.94,412.88,413.73,0.0
1770987600,413.73,417.7,412.63,414.7156,0.0
1770991200,414.905,419.0,414.0977,414.2,0.0
1770993000,414.1400146484375,417.70001220703125,410.8800048828125,416.1050109863281,9931507.0
1770996600,416.1050109863281,418.3699951171875,412.3800048828125,417.92999267578125,6179923.0
1771000200,417.9150085449219,420.94000244140625,416.4468078613281,420.4200134277344,4750659.0
1771003800,420.4800109863281,421.3299865722656,418.80999755859375,420.5798034667969,3564757.0
1771007400,420.70001220703125,424.05999755859375,420.29998779296875,420.5199890136719,4358821.0
1771011000,420.6300048828125,421.8598937988281,417.2099914550781,417.6099853515625,3900214.0
1771014600,417.56988525390625,418.5899963378906,416.5199890136719,417.4200134277344,2855438.0
1771016400,417.5,418.4141,415.58,417.195,0.0
1771020000,417.17,417.82,417.14,417.68,0.0
1771023600,417.68,417.68,416.81,417.44,0.0
1771318800,415.08,415.66,414.1,414.75,0.0
1771322400,414.79,415.0,413.65,414.23,0.0
1771326000,414.23,414.23,411.01,412.53,0.0
1771329600,412.68,413.8,412.17,413.22,0.0
1771333200,413.0,418.483,410.15,411.68,0.0
1771336800,411.79,413.7799,411.0,412.3,0.0
1771338600,412.4020080566406,413.69000244140625,400.92999267578125,401.32501220703125,12373622.0
1771342200,401.3251037597656,409.6400146484375,400.510009765625,408.17498779296875,7547922.0
1771345800,408.18499755859375,408.5899963378906,404.8299865722656,406.6300048828125,5100846.0
1771349400,406.635009765625,410.30999755859375,403.4200134277344,409.4200134277344,5065104.0
1771353000,409.43798828125,413.1698913574219,408.79010009765625,411.3999938964844,5014738.0
1771356600,411.4200134277344,412.83099365234375,409.7113952636719,410.5599060058594,3604573.0
1771360200,410.4700012207031,411.8800048828125,409.6400146484375,410.5899963378906,2992308.0
1771362000,410.63,422.3693,410.0,410.2,0.0
1771365600,410.375,421.3994,384.366,410.02,0.0
1771369200,410.02,422.3693,409.06,409.19,0.0
1771405200,413.59,413.88,412.7,413.55,0.0
1771408800,413.53,414.21,413.42,414.19,0.0
1771412400,414.09,414.99,413.04,413.26,0.0
1771416000,413.3,414.03,412.45,412.52,0.0
1771419600,412.58,414.99,410.63,412.24,0.0
1771423200,412.355,412.7,410.37,411.1,0.0
1771425000,410.6700134277344,415.6700134277344,409.5799865722656,413.2699890136719,9006050.0
1771428600,413.2698974609375,416.32000732421875,411.5899963378906,414.3800048828125,5830830.0
1771432200,414.4100036621094,416.1499938964844,413.760009765625,415.2149963378906,3667109.0
1771435800,415.17999267578125,416.8999938964844,413.42999267578125,413.92999267578125,3606640.0
1771439400,413.92999267578125,414.20989990234375,412.5,412.6000061035156,3525168.0
1771443000,412.6000061035156,412.8399963378906,409.90008544921875,410.67999267578125,4436796.0
1771446600,410.6199951171875,412.1210021972656,410.4100036621094,411.20001220703125,2953314.0
1771448400,411.17,411.32,395.7978,410.4,0.0
1771452000,410.43,411.2,391.86,410.9518,0.0
1771455600,410.95,411.18,410.56,410.78,0.0
1771491600,411.65,411.65,410.58,410.58,0.0
1771495200,410.6,410.6,407.38,407.58,0.0
1771498800,407.65,408.39,407.15,408.1,0.0
1771502400,408.18,408.82,407.08,408.35,0.0
1771506000,408.34,412.61,407.06,407.52,0.0
1771509600,407.6,408.4199,407.0,407.12,0.0
1771511400,407.33349609375,410.6600036621094,404.1099853515625,408.69000244140625,9061292.0
1771515000,408.69000244140625,414.9800109863281,408.4599914550781,413.8500061035156,6692320.0
1771518600,413.8599853515625,415.2499084472656,411.94000244140625,413.7449951171875,4738635.0
1771522200,413.7449951171875,413.80999755859375,408.5799865722656,409.77508544921875,5285290.0
1771525800,409.7699890136719,411.1700134277344,408.6700134277344,409.7749938964844,3690433.0
1771529400,409.760009765625,411.3699951171875,408.5199890136719,409.9700012207031,3219928.0
1771533000,409.94000244140625,411.8999938964844,409.760009765625,411.72119140625,2412396.0
1771534800,411.71,433.9217,389.4538,411.5,0.0
1771538400,411.53,411.71,389.4538,411.29,0.0
1771542000,411.32,411.71,411.03,411.41,0.0
1771578000,412.81,413.3,412.51,413.0,0.0
1771581600,413.11,413.21,412.15,412.21,0.0
1771585200,412.15,412.6,411.2,411.55,0.0
1771588800,411.61,411.78,410.22,410.77,0.0
1771592400,410.7,413.3,410.2,411.5,0.0
1771596000,411.593,411.61,408.08,408.29,0.0
1771597800,408.2850036621094,413.2398986816406,405.5,409.8099060058594,10757721.0
1771601400,409.80999755859375,414.70001220703125,408.6000061035156,409.3973083496094,6659915.0
1771605000,409.3800048828125,411.489990234375,405.8900146484375,407.4100036621094,5189482.0
1771608600,407.44000244140625,410.8500061035156,406.3900146484375,409.3599853515625,5440903.0
1771612200,409.3876037597656,413.760009765625,408.6600036621094,411.0799865722656,4599772.0
1771615800,411.1099853515625,411.5899963378906,409.5299987792969,409.7900085449219,3411540.0
1771619400,409.7850036621094,412.239990234375,409.6700134277344,411.7099914550781,2596449.0
1771621200,411.82,423.4646,410.8598,411.13,0.0
1771624800,411.13,423.4646,411.13,411.27,0.0
1771628400,411.26,411.82,411.2,411.37,0.0
1771837200,407.8,409.45,407.76,409.2,0.0
1771840800,409.19,409.4,408.04,408.34,0.0
1771844400,408.29,408.87,407.86,408.76,0.0
1771848000,408.75,408.75,407.6,408.0,0.0
1771851600,407.93,411.82,406.5,407.688,0.0
1771855200,407.65,407.94,406.5,407.3,0.0
1771857000,407.2850036621094,407.70001220703125,402.0,403.3800048828125,10591210.0
1771860600,403.3999938964844,404.07000732421875,396.6199951171875,397.9700012207031,8461994.0
1771864200,397.989990234375,399.2698974609375,397.3900146484375,397.4200134277344,4886095.0
1771867800,397.41009521484375,397.4599914550781,394.239990234375,396.0400085449219,6773472.0
1771871400,396.05999755859375,396.3599853515625,394.1700134277344,394.3949890136719,4394057.0
1771875000,394.3951110839844,396.0299987792969,394.0400085449219,395.53118896484375,4861633.0
1771878600,395.5299987792969,400.0,395.45001220703125,399.8500061035156,6059604.0
1771880400,399.94,400.43,398.1945,399.6,0.0
1771884000,399.605,400.17,399.51,399.9,0.0
1771887600,399.86,400.0,399.15,399.26,0.0
1771923600,398.82,399.68,398.7,399.0,0.0
1771927200,399.0,399.12,397.7,397.7,0.0
1771930800,397.73,397.95,396.8,397.39,0.0
1771934400,397.27,398.98,396.68,397.75,0.0
1771938000,397.75,400.6502,396.68,398.32,0.0
1771941600,398.36,400.5,397.75,399.55,0.0
1771943400,399.54998779296875,407.5400085449219,397.6400146484375,407.44500732421875,11029900.0
1771947000,407.45001220703125,407.7099914550781,402.80999755859375,403.3299865722656,6812426.0
1771950600,403.3299865722656,405.6700134277344,402.260009765625,404.04010009765625,4907449.0
1771954200,404.0899963378906,406.0299987792969,403.70001220703125,405.32989501953125,3316814.0
1771957800,405.3399963378906,409.54998779296875,405.1499938964844,408.6400146484375,5302925.0
1771961400,408.6400146484375,410.4100036621094,407.9100036621094,408.760009765625,4666369.0
1771965000,408.79998779296875,410.82000732421875,408.6700134277344,409.3599853515625,3668801.0
1771966800,409.39,409.6,409.0,409.1007,0.0
1771970400,409.06,434.1948,390.6532,408.9299,0.0
1771974000,408.93,409.18,408.85,409.085,0.0
1772010000,409.56,409.78,408.84,409.17,0.0
1772013600,409.18,409.3,408.85,408.99,0.0
1772017200,409.0,409.07,408.48,409.01,0.0
1772020800,409.03,411.42,409.03,411.25,0.0
1772024400,411.14,411.4206,408.5,410.9,0.0
1772028000,410.99,412.23,410.23,412.15,0.0
1772029800,412.1499938964844,420.3399963378906,412.1499938964844,414.8299865722656,11792494.0
1772033400,414.80999755859375,415.79998779296875,413.3599853515625,413.9601135253906,5681106.0
1772037000,413.95001220703125,416.9200134277344,413.1600036621094,414.0849914550781,5585583.0
1772040600,414.0950012207031,415.30999755859375,413.79998779296875,415.1300048828125,3208768.0
1772044200,415.1499938964844,416.54998779296875,414.8999938964844,415.9200134277344,2995514.0
1772047800,415.9516906738281,416.6000061035156,415.45001220703125,415.7073059082031,3293688.0
1772051400,415.69390869140625,417.6400146484375,414.8500061035156,417.3900146484375,4018059.0
1772053200,417.33,418.35,395.7978,417.12,0.0
1772056800,417.05,417.4,388.2166,415.805,0.0
1772060400,415.82,417.4,414.65,415.19,0.0
1772096400,414.91,415.2,414.53,415.05,0.0
1772100000,415.0,415.68,414.49,414.72,0.0
1772103600,414.72,414.99,414.52,414.82,0.0
1772107200,414.82,415.5,414.13,415.32,0.0
1772110800,415.32,417.4,414.1,415.1577,0.0
1772114400,415.19,415.72,414.26,414.36,0.0
1772116200,414.5,416.79998779296875,406.4700012207031,407.8175048828125,11463131.0
1772119800,407.80999755859375,410.29998779296875,404.8301086425781,409.08331298828125,5522506.0
1772123400,409.0799865722656,410.1700134277344,404.2799987792969,405.2099914550781,5978869.0
1772127000,405.2099914550781,406.46990966796875,403.6600036621094,405.2099914550781,4467298.0
1772130600,405.2200012207031,409.3890075683594,405.0799865722656,408.1899108886719,4046022.0
1772134200,408.17999267578125,409.0799865722656,407.1199951171875,407.7099914550781,3426907.0
1772137800,407.70001220703125,409.20001220703125,407.69000244140625,408.4800109863281,2644632.0
1772139600,408.58,409.0,399.9587,407.56,0.0
1772143200,407.57,407.78,380.7347,407.21,0.0
1772146800,407.2,408.58,406.5,406.78,0.0
1772182800,408.31,409.44,408.31,409.44,0.0
1772186400,409.25,409.37,407.2,408.08,0.0
1772190000,408.17,408.32,407.5,407.96,0.0
1772193600,407.94,408.04,406.26,407.21,0.0
1772197200,407.3,409.5,404.64,404.84,0.0
1772200800,404.95,404.95,402.57,403.0,0.0
1772202600,402.94000244140625,407.1099853515625,400.8999938964844,406.85400390625,8592703.0
1772206200,406.8599853515625,406.9200134277344,401.8299865722656,402.30999755859375,10497247.0
1772209800,402.260009765625,403.5400085449219,399.0299987792969,400.909912109375,532089.0
1772213400,400.9200134277344,401.6099853515625,398.5299987792969,399.7300109863281,4264145.0
1772217000,399.70001220703125,400.4200134277344,398.1199951171875,399.7300109863281,3641343.0
1772220600,399.7349853515625,401.0199890136719,398.75,400.17999267578125,3782831.0
1772224200,400.1300048828125,403.3900146484375,399.2799987792969,402.4200134277344,4543627.0
1772226000,402.51,403.34,402.2,402.375,0.0
1772229600,402.35,402.5,377.7957,401.53,0.0
1772233200,401.62,402.51,401.45,401.66,0.0
1772442000,389.95,392.8,389.84,391.73,0.0
1772445600,391.8,393.0,391.0,392.3,0.0
1772449200,392.3,393.25,391.55,392.03,0.0
1772452800,392.04,394.5,391.77,393.56,0.0
1772456400,393.56,402.51,388.0,393.48,0.0
1772460000,393.46,402.51,389.51,390.36,0.0
1772461800,390.32000732421875,399.21868896484375,388.25,398.65411376953125,11632699.0
1772465400,398.6650085449219,403.7090148925781,397.739990234375,400.1700134277344,6369385.0
1772469000,400.2099914550781,404.5398864746094,399.739990234375,402.5199890136719,5307407.0
1772472600,402.4700012207031,403.19000244140625,400.9700012207031,401.75,3707542.0
1772476200,401.7862854003906,402.8699951171875,400.1000061035156,402.6499938964844,3484032.0
1772479800,402.6600036621094,402.79998779296875,398.9100036621094,399.55999755859375,15081453.0
1772483400,399.57000732421875,403.489990234375,399.55999755859375,403.2349853515625,5267667.0
1772485200,403.22,403.749,390.6589,403.04,0.0
1772488800,403.065,416.6947,379.496,403.1133,0.0
1772492400,403.14,403.15,402.37,402.995,0.0
1772528400,393.5,395.1,392.77,392.89,0.0
1772532000,392.8,393.48,390.08,391.4,0.0
1772535600,391.36,393.13,390.53,392.86,0.0
1772539200,392.72,397.4,392.5,396.32,0.0
1772542800,396.3,403.32,390.12,394.4,0.0
1772546400,394.3017,395.42,392.01,395.01,0.0
1772548200,395.0899963378906,396.3399963378906,386.55999755859375,386.7200012207031,17290057.0
1772551800,386.69000244140625,393.55999755859375,385.3999938964844,392.5400085449219,12190306.0
1772555400,392.5299987792969,393.54998779296875,389.8599853515625,392.0,6657822.0
1772559000,391.9599914550781,393.9200134277344,389.0799865722656,393.2900085449219,5541323.0
1772562600,393.29998779296875,394.7699890136719,391.0,391.635009765625,5557143.0
1772566200,391.6700134277344,394.70001220703125,391.2300109863281,392.54998779296875,5268077.0
1772569800,392.54010009765625,393.5,391.6700134277344,392.3500061035156,5308335.0
1772571600,392.35,415.9485,391.05,391.47,0.0
1772575200,391.5,415.9485,391.36,391.59,0.0
1772578800,391.57,392.43,390.56,390.6,0.0
1772614800,390.79,392.43,389.54,391.89,0.0
1772618400,392.01,398.4,391.8,396.97,0.0
1772622000,396.98,402.0,396.56,400.05,0.0
1772625600,400.06,400.6,396.68,396.68,0.0
1772629200,396.68,402.06,386.0742,399.45,0.0
1772632800,399.39,401.38,397.47,397.8,0.0
1772634600,397.8450012207031,407.8523864746094,394.5899963378906,407.6700134277344,20741277.0
1772638200,407.6700134277344,407.7900085449219,401.42999267578125,404.19500732421875,10733226.0
1772641800,404.17999267578125,407.1499938964844,403.8800048828125,404.8599853515625,7361876.0
1772645400,404.864990234375,405.0400085449219,403.2799987792969,403.7799987792969,6209136.0
1772649000,403.7799987792969,406.8399963378906,403.7200012207031,406.32501220703125,5290009.0
1772652600,406.3299865722656,407.3800048828125,404.8500061035156,406.95001220703125,5657840.0
1772656200,406.95001220703125,408.3299865722656,404.75,406.07000732421875,6921220.0
1772658000,406.06,407.6793,395.7978,405.0001,0.0
1772661600,405.05,407.6793,404.7,405.6,0.0
1772665200,405.6,405.8,405.0,405.65,0.0
1772701200,405.03,407.0,404.6,405.93,0.0
1772704800,405.73,406.39,404.9,406.09,0.0
1772708400,406.1,406.18,405.21,405.52,0.0
1772712000,405.52,405.85,404.9,405.58,0.0
1772715600,405.38,406.9638,402.5,403.23,0.0
1772719200,403.23,403.4,400.59,401.52,0.0
1772721000,401.57000732421875,407.3800048828125,400.29998779296875,403.6400146484375,12709534.0
1772724600,403.6700134277344,407.05999755859375,401.7699890136719,405.4153137207031,8003266.0
1772728200,405.4599914550781,408.6199035644531,403.04998779296875,403.15008544921875,6229475.0
1772731800,403.1700134277344,403.42999267578125,399.4200134277344,399.7300109863281,6761936.0
1772735400,399.70001220703125,402.7799987792969,399.55999755859375,401.75,4565821.0
1772739000,401.70001220703125,404.3800048828125,399.760009765625,402.7900085449219,5510901.0
1772742600,402.7699890136719,405.8900146484375,402.57000732421875,405.40130615234375,4836899.0
1772744400,405.41,416.6151,389.7652,404.5,0.0
1772748000,404.44,416.6151,389.4538,404.47,0.0
1772751600,404.4191,405.94,404.11,404.97,0.0
1772787600,405.4,406.36,404.17,404.32,0.0
1772791200,404.22,405.49,402.9,405.42,0.0
1772794800,405.34,405.37,403.5,404.2,0.0
1772798400,404.13,404.13,402.5,402.89,0.0
1772802000,402.85,406.98,401.8,402.83,0.0
1772805600,402.99,403.28,397.8,398.0414,0.0
1772807400,398.18499755859375,398.5,394.2200012207031,397.30999755859375,16938293.0
1772811000,397.2699890136719,399.9549865722656,395.4100036621094,399.6199951171875,10989461.0
1772814600,399.6300048828125,401.4100036621094,397.71099853515625,398.8599853515625,8265638.0
1772818200,398.9100036621094,402.3500061035156,397.1499938964844,401.1700134277344,6641166.0
1772821800,401.1650085449219,401.75,398.29998779296875,399.30999755859375,5725425.0
1772825400,399.30999755859375,400.8299865722656,396.5,396.7200012207031,5982618.0
1772829000,396.7300109863281,398.20001220703125,396.20001220703125,396.55999755859375,5246449.0
1772830800,396.57,423.4646,395.86,396.36,0.0
1772834400,396.38,423.4646,377.4753,395.81,0.0
1772838000,395.8399,396.24,395.79,396.0701,0.0
1773043200,390.09,390.61,378.3,389.02,0.0
1773046800,389.21,393.0,388.98,392.6,0.0
1773050400,392.59,394.35,391.21,391.55,0.0
1773054000,391.45,391.91,388.5,388.61,0.0
1773057600,388.65,396.73,386.1027,391.01,0.0
1773061200,391.0299,405.275,389.39,390.065,0.0
1773063000,390.04998779296875,392.989990234375,381.3999938964844,383.4800109863281,18524354.0
1773066600,383.44000244140625,388.5899963378906,383.44000244140625,388.3299865722656,9618912.0
1773070200,388.2300109863281,390.8900146484375,387.17999267578125,390.1000061035156,7144403.0
1773073800,390.1600036621094,390.989990234375,388.68499755859375,389.010009765625,5999196.0
1773077400,389.0,391.7699890136719,388.510009765625,391.2900085449219,5254768.0
1773081000,391.2699890136719,400.70001220703125,391.04998779296875,400.6000061035156,9268636.0
1773084600,400.56500244140625,401.5780029296875,397.3299865722656,398.6400146484375,7205062.0
1773086400,398.62,398.96,397.11,397.83,0.0
1773090000,397.915,398.2,397.63,397.75,0.0
1773093600,397.77,398.0,396.1,396.915,0.0
1773097200,396.86,397.3,396.52,396.8392,0.0
1773129600,399.55,401.32,399.34,401.3,0.0
1773133200,401.24,404.4,401.24,403.9,0.0
1773136800,403.86,404.13,402.72,403.35,0.0
1773140400,403.3,403.58,401.01,401.83,0.0
1773144000,401.74,404.2413,396.36,399.615,0.0
1773147600,399.69,402.33,399.0,402.1,0.0
1773149400,402.05499267578125,406.5799865722656,400.8800048828125,401.2049865722656,17071551.0
1773153000,401.1499938964844,406.1000061035156,400.85809326171875,403.5799865722656,9194522.0
1773156600,403.54998779296875,403.80999755859375,400.95001220703125,402.64599609375,6836485.0
1773160200,402.6400146484375,404.19000244140625,402.07000732421875,403.3492126464844,5865567.0
1773163800,403.3299865722656,403.3550109863281,398.19000244140625,400.5649108886719,7508336.0
1773167400,400.58990478515625,401.95001220703125,399.3450012207031,399.8999938964844,5808032.0
1773171000,399.8565979003906,400.739990234375,398.2699890136719,399.2349853515625,4038194.0
1773172800,399.235,402.0268,398.8,400.13,0.0
1773176400,400.075,400.748,399.23,400.03,0.0
1773180000,400.03,400.08,399.21,399.3,0.0
1773183600,399.25,399.8889,399.23,399.79,0.0
1773216000,398.19,399.68,398.19,399.56,0.0
1773219600,399.55,399.72,397.88,398.01,0.0
1773223200,398.01,401.5,397.88,400.23,0.0
1773226800,400.38,401.51,400.21,400.3,0.0
1773230400,400.21,401.5,397.8863,400.9444,0.0
1773234000,400.4527,402.21,399.19,402.21,0.0
1773235800,402.2200012207031,416.3799133300781,402.1499938964844,411.9112854003906,21665164.0
1773239400,411.8500061035156,412.6000061035156,408.9599914550781,409.0,9248841.0
1773243000,409.010009765625,409.1000061035156,406.2300109863281,407.4100036621094,7488315.0
1773246600,407.4049987792969,408.6600036621094,406.2301025390625,408.2149963378906,5396514.0
1773250200,408.2300109863281,408.3500061035156,403.95001220703125,405.53009033203125,5836827.0
1773253800,405.54998779296875,406.80999755859375,404.9200134277344,406.1300048828125,4508750.0
1773257400,406.1499938964844,408.25,406.1499938964844,407.8399963378906,4938915.0
1773259200,407.845,408.7198,395.7978,407.56,0.0
1773262800,407.5604,407.82,384.7504,407.56,0.0
1773266400,407.6,407.65,406.25,406.33,0.0
1773270000,406.33,406.6,404.0,404.81,0.0
1773302400,406.15,407.0,406.02,406.13,0.0
1773306000,406.17,407.74,406.08,407.2,0.0
1773309600,407.2,409.29,407.15,408.48,0.0
1773313200,408.46,409.15,407.64,408.0,0.0
1773316800,408.12,409.2847,404.1445,407.66,0.0
1773320400,407.62,447.4,399.205,405.22,0.0
1773322200,405.1000061035156,406.5,399.42999267578125,399.5199890136719,14160295.0
1773325800,399.5299987792969,399.9599914550781,394.6499938964844,396.99169921875,11842477.0
1773329400,396.95001220703125,400.1400146484375,396.4200134277344,398.8599853515625,7815650.0
1773333000,398.8572998046875,401.04998779296875,398.4599914550781,399.8900146484375,6045933.0
1773336600,399.8299865722656,400.4599914550781,396.2500915527344,397.82501220703125,6024103.0
1773340200,397.82501220703125,398.0799865722656,396.2799987792969,397.5899963378906,5524685.0
1773343800,397.6099853515625,398.1289978027344,395.0,395.0050048828125,4973877.0
1773345600,395.005,399.9587,394.52,395.01,0.0
1773349200,394.9987,399.9587,394.85,394.93,0.0
1773352800,394.93,395.98,394.85,395.8435,0.0
1773356400,395.8,396.25,395.29,395.4773,0.0
1773388800,395.33,395.33,393.75,394.88,0.0
1773392400,395.11,397.55,395.0,396.76,0.0
1773396000,396.76,398.3,396.38,397.88,0.0
1773399600,397.81,398.75,397.22,398.25,0.0
1773403200,398.25,398.94,393.72,398.66,0.0
1773406800,398.6304,400.5,398.52,399.05,0.0
1773408600,399.1650085449219,400.1600036621094,395.17999267578125,396.1427001953125,13798171.0
1773412200,396.1449890136719,397.739990234375,392.2200012207031,394.05999755859375,10266600.0
1773415800,394.05999755859375,395.1700134277344,392.29998779296875,395.0,6885592.0
1773419400,394.9800109863281,395.95989990234375,392.90899658203125,395.0150146484375,6704544.0
1773423000,394.9599914550781,395.2300109863281,392.1199951171875,393.1600036621094,5410913.0
1773426600,393.1499938964844,393.9599914550781,390.0799865722656,390.9100036621094,7067902.0
1773430200,390.9100036621094,392.1199951171875,389.95001220703125,391.1700134277344,5462800.0
1773432000,391.14,391.25,367.864,390.07,0.0
1773435600,390.09,391.2652,367.864,390.42,0.0
1773439200,390.41,391.2,390.1815,390.39,0.0
1773442800,390.3948,390.3987,389.7001,390.01,0.0
1773648000,394.49,395.69,394.15,395.56,0.0
1773651600,395.52,395.65,394.35,394.65,0.0
1773655200,394.6,395.5,394.01,395.4,0.0
1773658800,395.4,396.12,394.68,394.84,0.0
1773662400,394.84,396.13,391.2,396.025,0.0
1773666000,396.03,397.3095,395.675,396.11,0.0
1773667800,396.125,403.7300109863281,394.97601318359375,402.3208923339844,11808473.0
1773671400,402.3659973144531,402.3659973144531,399.2300109863281,400.1400146484375,6841364.0
1773675000,400.1570129394531,400.9800109863281,396.489990234375,396.8782043457031,5661503.0
1773678600,396.90301513671875,398.3399963378906,396.45001220703125,396.92010498046875,4104255.0
1773682200,396.9200134277344,398.42999267578125,396.4200134277344,398.05999755859375,3812889.0
1773685800,398.07000732421875,399.25,396.0,396.590087890625,4531017.0
1773689400,396.5899963378906,396.760009765625,394.4200134277344,395.489990234375,3288055.0
1773691200,395.49,395.5965,393.62,395.0,0.0
1773694800,394.94,421.3994,394.87,395.2985,0.0
1773698400,395.28,395.3,394.77,394.94,0.0
1773702000,394.95,395.4605,394.91,395.4605,0.0
1773734400,393.9,394.7,393.42,393.69,0.0
1773738000,393.7,395.0,393.65,394.9,0.0
1773741600,394.88,395.2,394.3,394.4,0.0
1773745200,394.5,395.39,394.42,395.01,0.0
1773748800,395.01,395.56,393.12,395.31,0.0
1773752400,395.33,396.72,394.9097,395.69,0.0
1773754200,395.69000244140625,398.32000732421875,393.0,397.3949890136719,10112589.0
1773757800,397.3700866699219,400.1199951171875,397.04998779296875,397.4280090332031,6445805.0
1773761400,397.4599914550781,397.92999267578125,395.75,397.239990234375,4472113.0
1773765000,397.260009765625,398.489990234375,396.79998779296875,397.70001220703125,3533821.0
1773768600,397.69000244140625,399.6400146484375,397.57000732421875,398.0,4165978.0
1773772200,397.9849853515625,398.8800048828125,397.1499938964844,398.67999267578125,3434958.0
1773775800,398.67999267578125,399.3500061035156,397.75,399.2200012207031,2806943.0
1773777600,399.22,415.9485,398.0821,399.1401,0.0
1773781200,399.1,422.3693,398.6,398.79,0.0
1773784800,398.8,398.85,398.5,398.655,0.0
1773788400,398.655,398.98,398.535,398.98,0.0
1773820800,401.89,402.6,401.55,402.46,0.0
1773824400,402.4,402.66,402.2,402.35,0.0
1773828000,402.36,403.0,402.26,402.71,0.0
1773831600,402.71,402.73,400.95,401.0,0.0
1773835200,400.91,402.98,399.27,400.38,0.0
1773838800,400.35,400.45,396.74,398.922,0.0
1773840600,399.0,403.06500244140625,397.57000732421875,397.8799133300781,10685521.0
1773844200,397.8659973144531,399.79998779296875,397.3399963378906,397.69000244140625,5504235.0
1773847800,397.6199951171875,398.6600036621094,397.4100036621094,397.8500061035156,3848898.0
1773851400,397.840087890625,398.239990234375,396.20001220703125,397.1700134277344,3262222.0
1773855000,397.17999267578125,398.54998779296875,396.45001220703125,397.2349853515625,3663814.0
1773858600,397.19000244140625,397.5799865722656,394.1600036621094,394.6789855957031,5280873.0
1773862200,394.67999267578125,394.8500061035156,392.30999755859375,392.8500061035156,3725580.0
1773864000,392.85,407.6793,392.15,392.98,0.0
1773867600,392.97,407.6793,391.86,393.31,0.0
1773871200,393.29,393.3,392.6,393.2,0.0
1773874800,393.14,393.48,392.91,393.22,0.0
1773907200,392.78,392.88,391.84,392.11,0.0
1773910800,392.0,392.22,390.11,390.21,0.0
1773914400,390.21,392.85,390.21,391.49,0.0
1773918000,391.12,391.32,390.31,390.6,0.0
1773921600,390.81,393.8,387.53,388.5017,0.0
1773925200,388.55,388.95,385.11,387.25,0.0
1773927000,387.2049865722656,387.2049865722656,379.72320556640625,380.6499938964844,14152971.0
1773930600,380.6400146484375,384.2200012207031,380.239990234375,383.0199890136719,7620935.0
1773934200,383.05999755859375,383.6499938964844,380.82000732421875,381.8800048828125,5041379.0
1773937800,381.9100036621094,382.6300048828125,380.20001220703125,381.6400146484375,4475703.0
1773941400,381.6451110839844,382.8999938964844,380.6239929199219,381.4200134277344,3762912.0
1773945000,381.4200134277344,384.95001220703125,378.7300109863281,382.6600036621094,7602156.0
1773948600,382.67999267578125,382.8599853515625,380.04998779296875,380.239990234375,4176750.0
1773950400,380.24,389.7652,355.4267,381.498,0.0
1773954000,381.5,389.4538,355.4267,382.1517,0.0
1773957600,382.1506,382.63,381.75,382.45,0.0
1773961200,382.44,382.89,382.0,382.6,0.0
1773993600,382.29,384.6,382.0,383.53,0.0
1773997200,383.33,383.89,381.68,381.81,0.0
1774000800,381.77,381.9,376.24,377.73,0.0
1774004400,377.85,379.64,377.8,378.92,0.0
1774008000,378.94,384.5503,376.23,379.39,0.0
1774011600,379.37,382.35,378.68,379.77,0.0
1774013400,379.3900146484375,379.8900146484375,369.8999938964844,372.3500061035156,21086415.0
1774017000,372.3301086425781,376.06500244140625,371.8900146484375,374.4901123046875,10113336.0
1774020600,374.4800109863281,376.9599914550781,374.25,376.4800109863281,6533783.0
1774024200,376.5,376.5299987792969,372.6900939941406,372.8599853515625,6417565.0
1774027800,372.87969970703125,373.1099853515625,369.0705871582031,369.69500732421875,7365566.0
1774031400,369.6600036621094,370.19000244140625,365.79998779296875,366.1899108886719,8577533.0
1774035000,366.19000244140625,368.07000732421875,364.4601135253906,367.9700012207031,9344546.0
1774036800,367.97,368.95,351.1076,368.925,0.0
1774040400,368.95,377.4753,345.5513,372.38,0.0
1774044000,372.51,373.15,371.14,371.36,0.0
1774047600,371.2564,371.8,370.51,371.51,0.0
1774252800,372.2,372.2,359.22,361.74,0.0
1774256400,361.75,362.8,360.17,360.51,0.0
1774260000,360.5,360.53,357.2,357.3,0.0
1774263600,357.4,373.2,356.89,370.6,0.0
1774267200,370.51,373.2,356.82,368.7869,0.0
1774270800,369.0,373.2,368.4,373.2,0.0
1774272600,373.0849914550781,384.0,372.7300109863281,383.3609924316406,24058635.0
1774276200,383.3800048828125,385.3299865722656,382.3100891113281,383.4700012207031,10346233.0
1774279800,383.5,383.8800048828125,377.3070068359375,377.3900146484375,10920434.0
1774283400,377.3599853515625,379.5400085449219,376.4700012207031,377.5899963378906,6643910.0
1774287000,377.6700134277344,380.9195861816406,377.5899963378906,379.70001220703125,6165241.0
1774290600,379.70001220703125,382.25,379.5799865722656,381.25,6161024.0
1774294200,381.2550048828125,381.92999267578125,380.2200012207031,380.8500061035156,4840792.0
1774296000,380.83,382.25,380.29,381.05,0.0
1774299600,380.95,395.23,367.3895,381.1799,0.0
1774303200,381.165,381.9,380.74,381.76,0.0
1774306800,381.73,382.0,381.24,381.95,0.0
1774339200,380.79,383.9,380.69,381.78,0.0
1774342800,381.6,382.24,378.5,380.13,0.0
1774346400,380.08,381.84,379.87,380.65,0.0
1774350000,380.54,381.37,380.0,380.19,0.0
1774353600,380.17,383.9022,377.51,379.33,0.0
1774357200,379.33,379.5,375.98,376.76,0.0
1774359000,376.69500732421875,386.3699951171875,376.30999755859375,384.55999755859375,17068790.0
1774362600,384.55999755859375,387.4700012207031,382.7200012207031,383.9599914550781,9783418.0
1774366200,383.92999267578125,384.45001220703125,381.67999267578125,384.1199951171875,6453264.0
1774369800,384.0899963378906,384.2900085449219,380.5508117675781,381.4100036621094,5145872.0
1774373400,381.3900146484375,383.7900085449219,379.67999267578125,383.4200134277344,6219491.0
1774377000,383.4200134277344,386.45001220703125,382.8399963378906,384.04998779296875,7368251.0
1774380600,384.0299987792969,384.8599853515625,382.29998779296875,383.1099853515625,4587433.0
1774382400,383.11,386.78,369.6616,385.62,0.0
1774386000,385.67,400.748,359.0185,359.0185,0.0
1774389600,385.68,386.33,385.4,386.09,0.0
1774393200,386.2,386.75,385.8,386.73,0.0
1774425600,388.27,390.66,388.24,390.24,0.0
1774429200,390.2,390.75,388.98,388.99,0.0
1774432800,389.01,389.87,388.55,389.26,0.0
1774436400,389.17,390.64,388.8,390.08,0.0
1774440000,390.1,392.58,387.0,390.42,0.0
1774443600,390.5,392.0,389.75,389.98,0.0
1774445400,389.989990234375,396.2200012207031,389.2799987792969,393.8299865722656,16490321.0
1774449000,393.9800109863281,394.80999755859375,389.260009765625,392.6000061035156,8187843.0
1774452600,392.6000061035156,393.0409851074219,387.6000061035156,389.1099853515625,7738437.0
1774456200,389.1099853515625,390.1600036621094,387.8450012207031,388.2950134277344,5177004.0
1774459800,388.30999755859375,389.75,387.3399963378906,387.659912109375,5317171.0
1774463400,387.6510925292969,387.8699951171875,385.07501220703125,385.489990234375,6304054.0
1774467000,385.4700012207031,386.5,385.010009765625,385.94000244140625,3492460.0
1774468800,385.94,395.7978,361.7074,385.91,0.0
1774472400,385.85,386.4,384.7504,386.09,0.0
1774476000,386.05,386.18,385.3,385.4,0.0
1774479600,385.39,385.9798,385.0,385.35,0.0
1774512000,382.36,384.49,381.5,381.68,0.0
1774515600,381.71,382.09,380.12,380.33,0.0
1774519200,380.21,381.89,379.68,381.64,0.0
1774522800,381.49,382.2,380.61,381.52,0.0
1774526400,381.51,386.33,379.69,381.42,0.0
1774530000,381.2721,381.77,380.11,381.54,0.0
1774531800,381.8299865722656,384.44000244140625,379.4800109863281,381.2170104980469,12983305.0
1774535400,381.210693359375,382.6099853515625,377.9800109863281,380.0,8009495.0
1774539000,380.010009765625,381.0899963378906,376.9599914550781,377.2200927734375,6390670.0
1774542600,377.25,378.09991455078125,376.32000732421875,377.0199890136719,5050209.0
1774546200,377.010009765625,377.7099914550781,374.4100036621094,374.75,6082779.0
1774549800,374.7699890136719,375.8399963378906,372.5101013183594,373.1449890136719,6762055.0
1774553400,373.1449890136719,374.0,371.8699951171875,372.239990234375,5288892.0
1774555200,372.24,399.9587,369.2894,373.4,0.0
1774558800,373.375,399.9587,359.0925,373.6501,0.0
1774562400,373.65,374.62,372.11,374.32,0.0
1774566000,374.32,374.49,373.84,374.2,0.0
1774598400,374.95,375.72,373.31,373.42,0.0
1774602000,373.49,373.9,370.62,372.22,0.0
1774605600,372.3,372.9,370.89,371.77,0.0
1774609200,371.77,371.93,368.83,370.62,0.0
1774612800,370.66,377.78,368.81,370.16,0.0
1774616400,370.2,372.11,368.51,369.64,0.0
1774618200,369.69000244140625,369.8599853515625,361.3699951171875,363.1199951171875,15970750.0
1774621800,363.0751037597656,367.277587890625,363.010009765625,367.2300109863281,8647700.0
1774625400,367.260009765625,368.3299865722656,364.20001220703125,364.45001220703125,5823162.0
1774629000,364.44000244140625,364.7200012207031,361.7699890136719,361.7860107421875,6502396.0
1774632600,361.82000732421875,362.5,359.5299987792969,360.7200927734375,7979353.0
1774636200,360.7349853515625,362.1400146484375,359.4700012207031,361.3399963378906,7056637.0
1774639800,361.3800048828125,362.6199951171875,360.2300109863281,361.760009765625,5862853.0
1774641600,361.75,380.4042,338.8841,360.9,0.0
1774645200,360.9174,369.5986,341.6298,360.9,0.0
1774648800,360.97,361.05,360.35,360.53,0.0
1774652400,360.55,360.74,360.04,360.41,0.0
1774857600,363.5112,365.2,360.21,364.0,0.0
1774861200,363.99,364.5,362.8357,363.01,0.0
1774864800,363.0,363.4828,362.2,362.92,0.0
1774868400,362.9,365.2,361.96,364.6935,0.0
1774872000,364.7363,364.83,363.5075,364.43,0.0
1774875600,364.4,366.18,364.25,366.04,0.0
1774877400,365.8599853515625,367.2799072265625,362.0400085449219,362.9800109863281,13881291.0
1774881000,362.94500732421875,365.4700012207031,360.7099914550781,361.8999938964844,9021092.0
1774884600,361.9649963378906,364.6499938964844,360.05010986328125,360.2200012207031,6840662.0
1774888200,360.17999267578125,360.9200134277344,357.4800109863281,357.6449890136719,7888377.0
1774891800,357.6199951171875,358.0799865722656,355.2250061035156,355.5899963378906,6865447.0
1774895400,355.5899963378906,356.3900146484375,352.3999938964844,352.6700134277344,10843883.0
1774899000,352.6925048828125,355.6400146484375,352.1400146484375,355.2799987792969,6286795.0
1774900800,355.28,358.7892,354.65,355.035,0.0
1774904400,355.06,355.28,353.69,353.94,0.0
1774908000,353.94,354.839,353.33,353.83,0.0
1774911600,353.715,353.83,352.0,352.13,0.0
1774944000,359.04,360.2,355.77,357.9316,0.0
1774947600,357.85,358.52,357.29,357.9828,0.0
1774951200,357.9788,358.0,356.0,357.0,0.0
1774954800,356.8654,359.0,355.7987,358.59,0.0
1774958400,358.56,360.4,358.0,360.0,0.0
1774962000,359.95,361.99,359.7,361.74,0.0
1774963800,361.6199951171875,365.9800109863281,361.239990234375,365.7900085449219,16808670.0
1774967400,365.7799987792969,366.1000061035156,361.7200012207031,364.1400146484375,9151406.0
1774971000,364.1400146484375,365.489990234375,362.3800048828125,365.1700134277344,5775699.0
1774974600,365.2099914550781,372.70001220703125,364.7900085449219,369.9599914550781,11268358.0
1774978200,369.94000244140625,371.6000061035156,368.010009765625,371.3699951171875,6777192.0
1774981800,371.3500061035156,373.3299865722656,370.9800109863281,372.1600036621094,7456385.0
1774985400,372.1700134277344,373.25,370.7101135253906,371.75,6081555.0
1774987200,371.78,398.0633,363.95,372.55,0.0
1774990800,372.5,372.88,371.75,372.4,0.0
1774994400,372.4348,373.65,372.23,373.07,0.0
1774998000,373.06,375.0,372.7512,374.9997,0.0
1775030400,376.79,379.67,371.75,377.8,0.0
1775034000,377.7817,378.27,374.85,376.34,0.0
1775037600,376.34,377.29,375.97,376.49,0.0
1775041200,376.49,380.0,371.75,379.8,0.0
1775044800,379.82,381.19,379.2,379.67,0.0
1775048400,379.69,380.75,371.75,378.69,0.0
1775050200,378.7699890136719,379.1400146484375,374.0799865722656,378.510009765625,15439112.0
1775053800,378.5299987792969,382.4800109863281,376.95001220703125,380.9100036621094,9889207.0
1775057400,380.9200134277344,383.1400146484375,380.43499755859375,381.5400085449219,5982944.0
1775061000,381.57000732421875,382.239990234375,380.6400146484375,381.08990478515625,4038937.0
1775064600,381.07000732421875,381.71099853515625,377.0799865722656,377.6000061035156,5759894.0
1775068200,377.6099853515625,380.82989501953125,377.0199890136719,380.5159912109375,6192489.0
1775071800,380.5299987792969,381.5299987792969,379.54998779296875,381.32000732421875,5475774.0
1775073600,381.29,381.37,380.0175,380.885,0.0
1775077200,380.8369,389.65,380.8,381.02,0.0
1775080800,381.0,381.26,380.25,380.6,0.0
1775084400,380.6,380.93,380.25,380.913,0.0
1775116800,373.4942,374.0,370.11,373.0,0.0
1775120400,373.0,373.9788,372.5655,373.28,0.0
1775124000,373.2712,373.5,371.45,372.0,0.0
1775127600,372.0104,372.95,371.46,371.5,0.0
1775131200,371.57,371.97,370.47,370.55,0.0
1775134800,370.4622,373.0,363.02,364.05,0.0
1775136600,364.0273132324219,369.92999267578125,363.6499938964844,366.1199951171875,20650883.0
1775140200,366.1000061035156,370.260009765625,364.2099914550781,366.0199890136719,11620662.0
1775143800,366.0400085449219,366.94000244140625,363.8949890136719,364.385009765625,6810873.0
1775147400,364.3500061035156,366.2900085449219,363.3800048828125,365.010009765625,6694316.0
1775151000,365.0299987792969,365.1015930175781,359.1401062011719,359.4493103027344,12067539.0
1775154600,359.44000244140625,360.9700012207031,359.0299987792969,359.5600891113281,8141050.0
1775158200,359.5950012207031,361.489990234375,359.54998779296875,360.54998779296875,6607449.0
1775160000,360.56,361.47,359.88,361.0799,0.0
1775163600,361.08,385.95,360.59,361.32,0.0
1775167200,361.32,361.78,361.233,361.49,0.0
1775170800,361.5,361.62,361.18,361.2591,0.0
1775462400,364.34,366.42,362.43,366.41,0.0
1775466000,366.44,367.67,366.2401,366.65,0.0
1775469600,366.69,366.7,365.05,365.39,0.0
1775473200,365.37,366.16,363.7304,364.2422,0.0
1775476800,364.25,364.48,363.413,364.02,0.0
1775480400,364.0763,364.4,362.45,362.46,0.0
1775482200,364.67999267578125,367.70001220703125,357.6000061035156,358.989990234375,16467610.0
1775485800,358.9999084472656,360.19000244140625,352.92999267578125,353.3800048828125,11100953.0
1775489400,353.3900146484375,354.54998779296875,351.25,352.0802917480469,9814881.0
1775493000,352.04998779296875,352.25,346.6400146484375,348.875,11693970.0
1775496600,348.8999938964844,349.6199951171875,347.1000061035156,348.3399963378906,8145446.0
1775500200,348.32501220703125,351.9800109863281,348.1300048828125,351.70001220703125,9158480.0
1775503800,351.7049865722656,353.0799865722656,351.1000061035156,352.7900085449219,6708572.0
1775505600,352.78,353.68,352.09,352.33,0.0
1775509200,352.34,352.49,352.12,352.2,0.0
1775512800,352.18,352.6,350.8,351.05,0.0
1775516400,351.03,351.33,349.6669,349.9,0.0
1775548800,350.0217,352.82,348.874,352.31,0.0
1775552400,352.03,353.69,351.8,353.35,0.0
1775556000,353.3073,353.84,351.12,351.85,0.0
1775559600,351.83,352.82,347.81,348.58,0.0
1775563200,348.61,349.24,347.2,348.4,0.0
1775566800,348.4,368.375,346.02,346.3,0.0
1775568600,347.4150085449219,348.0199890136719,340.239990234375,341.8599853515625,20066619.0
1775572200,341.8599853515625,342.79998779296875,337.239990234375,339.0299987792969,12619351.0
1775575800,339.05999755859375,342.21929931640625,338.17999267578125,341.7550048828125,8000293.0
1775579400,341.7099914550781,343.1099853515625,340.7799987792969,341.8595886230469,5659839.0
1775583000,341.8800048828125,344.5199890136719,341.32000732421875,342.510009765625,6086120.0
1775586600,342.5299987792969,343.9200134277344,339.17999267578125,342.2829895019531,7507041.0
1775590200,342.2099914550781,346.75,341.7799987792969,346.55999755859375,5737502.0
1775592000,346.54,348.8802,341.6352,347.0,0.0
1775595600,347.02,363.4014,346.65,348.7,0.0
1775599200,348.72,357.5,348.71,357.14,0.0
1775602800,357.39,361.89,356.49,361.65,0.0
1775635200,364.0,365.5,346.65,363.76,0.0
1775638800,363.76,364.08,361.85,362.1,0.0
1775642400,362.1,362.23,360.75,362.13,0.0
1775646000,362.13,363.5,362.13,362.5996,0.0
1775649600,362.54,363.71,361.99,362.87,0.0
1775653200,362.7,364.74,362.3668,363.9,0.0
1775655000,363.7950134277344,364.5,347.55999755859375,347.860107421875,23940544.0
1775658600,347.8800048828125,349.7200012207031,345.5,345.8900146484375,11407735.0
1775662200,345.9100036621094,349.239990234375,345.2099914550781,346.9400939941406,8758327.0
1775665800,346.9700012207031,348.7300109863281,346.5799865722656,347.4649963378906,6394424.0
1775669400,347.4549865722656,348.54998779296875,343.54998779296875,343.614990234375,7542597.0
1775673000,343.6300048828125,343.7799072265625,339.6700134277344,341.5480041503906,10089891.0
1775676600,341.489990234375,343.5,341.20001220703125,343.239990234375,6007518.0
1775678400,343.24,361.7074,323.7206,342.62,0.0
1775682000,342.625,342.85,326.2859,341.6085,0.0
1775685600,341.61,343.25,340.5315,340.8807,0.0
1775689200,340.88,341.75,340.8,341.25,0.0
1775721600,343.0,343.62,339.79,339.79,0.0
1775725200,339.78,341.76,339.6952,341.75,0.0
1775728800,341.73,346.45,341.4025,344.89,0.0
1775732400,344.85,345.01,341.6,342.1,0.0
1775736000,342.0,344.3,341.86,342.6,0.0
1775739600,342.68,343.5,341.9,343.1,0.0
1775741400,343.0329895019531,345.57989501953125,337.25,339.8399963378906,17145405.0
1775745000,339.8299865722656,343.71990966796875,338.7701110839844,340.2300109863281,9937122.0
1775748600,340.17999267578125,348.8800048828125,339.9100036621094,347.9585876464844,9951860.0
1775752200,347.94000244140625,348.239990234375,345.4100036621094,347.7300109863281,5723281.0
1775755800,347.739990234375,348.8500061035156,345.0700988769531,345.69500732421875,6008316.0
1775759400,345.69000244140625,346.5799865722656,344.489990234375,345.6000061035156,5991248.0
1775763000,345.614990234375,346.4700012207031,344.7401123046875,345.5899963378906,3934539.0
1775764800,345.58,346.2,345.06,345.58,0.0
1775768400,345.5501,369.2894,343.8218,345.53,0.0
1775772000,345.5,346.26,345.15,345.37,0.0
1775775600,345.42,345.68,344.82,344.93,0.0
1775808000,346.014,347.5342,345.5695,346.22,0.0
1775811600,346.07,346.2788,344.9503,345.2927,0.0
1775815200,345.2958,345.8,344.51,345.59,0.0
1775818800,345.57,346.49,345.4,346.15,0.0
1775822400,346.15,346.39,345.1,346.2,0.0
1775826000,345.7179,347.55,345.7179,346.19,0.0
1775827800,346.2850036621094,350.3599853515625,344.6400146484375,346.55010986328125,13754020.0
1775831400,346.5799865722656,348.04998779296875,345.3299865722656,345.55999755859375,6986501.0
1775835000,345.6000061035156,345.92840576171875,343.3299865722656,344.0199890136719,6843223.0
1775838600,344.0249938964844,344.8399963378906,342.739990234375,343.989990234375,4746637.0
1775842200,343.95001220703125,347.25,343.65008544921875,346.9100036621094,5496139.0
1775845800,346.90509033203125,347.0090026855469,345.07000732421875,346.0679931640625,4849547.0
1775849400,346.0199890136719,349.0,345.95001220703125,348.8949890136719,4720919.0
1775851200,348.88,368.05,338.8841,349.3,0.0
1775854800,349.31,460.3078,341.6298,351.38,0.0
1775858400,351.38,351.68,350.75,351.42,0.0
1775862000,351.4,351.5,341.95,351.28,0.0
1776067200,347.92,348.3,345.69,346.68,0.0
1776070800,346.63,346.76,345.94,346.61,0.0
1776074400,346.56,346.837,345.2803,345.85,0.0
1776078000,345.76,347.97,345.7511,346.8384,0.0
1776081600,346.9,349.822,345.81,347.17,0.0
1776085200,347.17,390.0178,347.1,350.0,0.0
1776087000,349.8924865722656,356.3500061035156,348.57000732421875,351.75,16270378.0
1776090600,351.7778015136719,353.2749938964844,349.7500915527344,350.3125915527344,7771954.0
1776094200,350.3299865722656,353.3299865722656,349.9599914550781,353.07501220703125,5233904.0
1776097800,353.0751037597656,354.57989501953125,351.70001220703125,354.4399108886719,5940828.0
1776101400,354.4200134277344,354.70001220703125,351.8699951171875,352.1700134277344,4658079.0
1776105000,352.1650085449219,352.2200012207031,350.2601013183594,351.42498779296875,5004231.0
1776108600,351.4049987792969,352.739990234375,350.6700134277344,352.4049987792969,4428146.0
1776110400,352.39,352.63,340.9204,352.56,0.0
1776114000,352.56,352.85,340.9204,352.74,0.0
1776117600,352.75,353.7,352.42,353.545,0.0
1776121200,353.545,353.59,353.21,353.2922,0.0
1776153600,357.43,359.6,352.42,359.43,0.0
1776157200,359.43,359.9,358.5993,358.802,0.0
1776160800,358.79,359.2,357.94,358.87,0.0
1776164400,358.83,359.0,352.42,358.8834,0.0
1776168000,358.86,359.44,358.1,358.43,0.0
1776171600,358.45,399.83,357.61,357.77,0.0
1776173400,357.3550109863281,363.20001220703125,354.7699890136719,362.989990234375,16725044.0
1776177000,362.9800109863281,364.0400085449219,360.8999938964844,362.82501220703125,8509165.0
1776180600,362.82000732421875,367.489990234375,362.80999755859375,367.2550048828125,7478013.0
1776184200,367.24139404296875,367.6300048828125,364.3599853515625,365.2099914550781,6281965.0
1776187800,365.2099914550781,365.8699951171875,362.5400085449219,363.614990234375,4963515.0
1776191400,363.6199951171875,365.7298889160156,363.30999755859375,365.5870056152344,4811291.0
1776195000,365.6000061035156,365.6000061035156,363.4700012207031,364.1600036621094,4196039.0
1776196800,364.17,364.76,341.7997,364.29,0.0
1776200400,364.27,385.95,341.7997,364.46,0.0
1776204000,364.45,364.75,364.2,364.6,0.0
1776207600,364.61,366.0,364.45,366.0,0.0
1776240000,366.42,368.0,364.2,367.33,0.0
1776243600,367.2262,367.99,366.5097,366.8,0.0
1776247200,366.8306,367.0,364.8,365.01,0.0
1776250800,365.0,366.01,364.2097,365.66,0.0
1776254400,365.74,367.1,365.63,366.3,0.0
1776258000,366.39,368.1,366.09,366.87,0.0
1776259800,366.7950134277344,377.7149963378906,362.5,376.6700134277344,22129354.0
1776263400,376.70001220703125,389.54998779296875,376.2799987792969,388.52490234375,19934298.0
1776267000,388.57000732421875,394.4798889160156,387.6000061035156,392.9599914550781,21275563.0
1776270600,392.92999267578125,393.1499938964844,386.1000061035156,387.3500061035156,13738812.0
1776274200,387.3500061035156,390.7900085449219,386.7200927734375,390.07501220703125,9664845.0
1776277800,390.0802001953125,392.7698974609375,389.0,392.5,9381655.0
1776281400,392.4501037597656,394.6499938964844,391.45001220703125,392.0299987792969,9171728.0
1776283200,392.05,393.64,390.62,393.25,0.0
1776286800,393.2515,393.4,392.0,392.35,0.0
1776290400,392.3619,393.51,392.11,393.335,0.0
1776294000,393.3609,394.31,393.24,393.574,0.0
1776326400,396.4,398.33,391.95,397.5,0.0
1776330000,397.7145,397.7188,396.7,396.92,0.0
1776333600,396.91,397.2487,395.32,395.32,0.0
1776337200,395.32,395.8,391.95,394.87,0.0
1776340800,394.9,396.5092,394.61,395.9,0.0
1776344400,395.88,396.3,392.23,393.85,0.0
1776346200,393.80999755859375,394.0,381.79998779296875,385.739990234375,22707633.0
1776349800,385.79998779296875,389.45001220703125,383.9200134277344,387.8949890136719,9847163.0
1776353400,387.79998779296875,390.67999267578125,387.4100036621094,389.764404296875,6820470.0
1776357000,389.7699890136719,389.8800048828125,386.70001220703125,388.55499267578125,5508295.0
1776360600,388.5199890136719,389.0,385.2001037597656,385.88720703125,5126233.0
1776364200,385.9071960449219,388.5400085449219,385.8800048828125,387.3699951171875,4814910.0
1776367800,387.375,389.989990234375,387.20001220703125,388.7900085449219,4402399.0
1776369600,388.79,411.11,387.47,388.2981,0.0
1776373200,388.24,389.4538,366.2784,387.985,0.0
1776376800,388.0,388.79,387.8,387.9,0.0
1776380400,387.925,388.2,387.89,388.1996,0.0
1776412800,389.08,389.08,385.1755,388.75,0.0
1776416400,388.8,390.4,388.722,389.56,0.0
1776420000,389.6,390.57,389.1,389.56,0.0
1776423600,389.66,391.77,388.9,391.29,0.0
1776427200,391.2195,394.71,391.2195,394.4217,0.0
1776430800,394.5,399.1,393.6,396.07,0.0
1776432600,395.9200134277344,399.04998779296875,391.6499938964844,396.5306091308594,20397410.0
1776436200,396.6000061035156,409.2799987792969,396.4599914550781,408.1300048828125,22853031.0
1776439800,408.135009765625,409.1000061035156,405.17999267578125,407.1199951171875,12914552.0
1776443400,407.1687927246094,407.9700012207031,400.57000732421875,401.5400085449219,8641358.0
1776447000,401.5199890136719,402.70001220703125,399.45001220703125,400.6600036621094,8281959.0
1776450600,400.7250061035156,403.0899963378906,400.2900085449219,401.79998779296875,7624231.0
1776454200,401.7799987792969,402.6199951171875,399.8299865722656,400.6600036621094,5311579.0
1776456000,400.66,401.35,400.245,400.455,0.0
1776459600,400.48,423.4646,384.9509,400.905,0.0
1776463200,400.9,420.6809,400.62,401.23,0.0
1776466800,401.245,401.37,401.0,401.05,0.0
1776675600,398.45,398.49,398.08,398.36,0.0
1776679200,398.3329,399.21,398.0,398.0782,0.0
1776682800,398.25,400.62,396.51,396.8,0.0
1776686400,396.79,401.621,396.75,398.36,0.0
1776690000,398.39,403.32,398.09,402.71,0.0
1776691800,402.5799865722656,406.79998779296875,392.0299987792969,392.989990234375,21565375.0
1776695400,393.0098876953125,394.8399963378906,388.3299865722656,393.25,12525906.0
1776699000,393.2099914550781,393.239990234375,390.29998779296875,392.45001220703125,7029758.0
1776702600,392.4599914550781,393.1698913574219,390.7799987792969,391.9599914550781,5080991.0
1776706200,391.9800109863281,393.3500061035156,391.69000244140625,392.9100036621094,4973314.0
1776709800,392.90008544921875,393.0498962402344,390.4800109863281,392.2699890136719,5461892.0
1776713400,392.29998779296875,393.510009765625,392.20001220703125,392.4599914550781,4260155.0
1776715200,392.49,392.91,367.3895,392.0995,0.0
1776718800,392.1,392.58,392.04,392.45,0.0
1776722400,392.34,392.9,392.2999,392.75,0.0
1776726000,392.75,392.85,392.4,392.41,0.0
1776758400,393.7,394.47,393.21,394.27,0.0
1776762000,394.432,394.9488,393.7,394.1775,0.0
1776765600,394.17,394.95,394.0,394.44,0.0
1776769200,394.57,395.69,392.5,395.4306,0.0
1776772800,395.4433,396.65,395.4433,395.7,0.0
1776776400,395.82,396.04,393.0003,393.05,0.0
1776778200,393.04998779296875,393.95001220703125,389.0799865722656,392.2349853515625,13280966.0
1776781800,392.2005920410156,393.20001220703125,387.67999267578125,390.5249938964844,8598510.0
1776785400,390.4700012207031,391.32000732421875,388.0,388.3689880371094,5050425.0
1776789000,388.3399963378906,389.53509521484375,385.2200927734375,385.8399963378906,6346929.0
1776792600,385.8599853515625,390.1138000488281,385.82000732421875,389.05499267578125,5610215.0
1776796200,389.05499267578125,390.6000061035156,387.79998779296875,390.06500244140625,4577407.0
1776799800,390.0899963378906,390.3500061035156,385.82000732421875,386.4800109863281,4299665.0
1776801600,386.45,394.0,369.6616,388.18,0.0
1776805200,388.25,400.748,386.42,388.26,0.0
1776808800,388.15,389.1,388.04,388.6,0.0
1776812400,388.61,389.14,388.2987,388.986,0.0
1776844800,390.31,390.8,389.25,389.62,0.0
1776848400,389.53,390.2,388.82,390.0,0.0
1776852000,389.88,390.28,389.1,389.42,0.0
1776855600,389.42,389.99,386.42,388.855,0.0
1776859200,388.92,389.94,387.9,389.37,0.0
1776862800,389.3,389.48,387.24,387.5001,0.0
1776864600,387.55999755859375,392.7799987792969,385.29998779296875,392.75830078125,13071936.0
1776868200,392.7013854980469,393.0,389.0899963378906,389.614990234375,6488881.0
1776871800,389.6300048828125,391.54998779296875,389.590087890625,389.8999938964844,5545700.0
1776875400,389.8800048828125,390.82000732421875,388.6001892089844,390.4649963378906,4781167.0
1776879000,390.4649963378906,390.739990234375,388.32000732421875,388.42498779296875,3960454.0
1776882600,388.45001220703125,389.659912109375,387.3999938964844,389.2388000488281,5338993.0
1776886200,389.2149963378906,389.7699890136719,386.80999755859375,387.20001220703125,5837654.0
1776888000,387.18,406.77,387.0,403.58,0.0
1776891600,403.63,403.63,384.7504,385.6,0.0
1776895200,385.6,390.0,377.51,383.56,0.0
1776898800,383.5,386.96,383.2,386.387,0.0
1776931200,380.0,387.51,377.15,378.89,0.0
1776934800,378.77,378.9,374.6383,377.0,0.0
1776938400,376.94,377.5,373.55,374.32,0.0
1776942000,374.3,377.0,373.6,375.73,0.0
1776945600,375.8417,377.97,373.77,375.0,0.0
1776949200,374.9691,388.305,373.58,375.3,0.0
1776951000,375.4849853515625,385.3382873535156,368.3901062011719,369.0899963378906,34651580.0
1776954600,369.1099853515625,378.75,368.7200012207031,377.4750061035156,13595504.0
1776958200,377.5,380.94989013671875,376.7200012207031,379.25,9806580.0
1776961800,379.25,380.94989013671875,372.0799865722656,372.8999938964844,9664757.0
1776965400,372.95001220703125,375.0450134277344,369.760009765625,374.0799865722656,8856225.0
1776969000,374.0801086425781,375.20001220703125,371.60009765625,373.9599914550781,5535844.0
1776972600,373.9700012207031,374.260009765625,372.3315124511719,373.6300048828125,4210319.0
1776974400,373.6,374.45,359.0925,372.6125,0.0
1776978000,372.65,373.72,369.2894,372.7,0.0
1776981600,372.71,373.72,372.34,373.1502,0.0
1776985200,373.17,375.43,372.9,373.1799,0.0
1777017600,375.19,378.0,372.55,376.64,0.0
1777021200,376.64,377.0,375.72,375.96,0.0
1777024800,375.89,376.8,374.55,376.7,0.0
1777028400,376.8,377.7,375.35,377.5,0.0
1777032000,377.49,377.98,375.47,375.9799,0.0
1777035600,375.9,376.34,373.4,373.6297,0.0
1777037400,373.260009765625,382.760009765625,370.7349853515625,373.67999267578125,21246676.0
1777041000,373.7152099609375,377.5,372.44000244140625,375.9800109863281,8237145.0
1777044600,375.9700012207031,376.7799987792969,372.35009765625,374.0299987792969,6753205.0
1777048200,374.05999755859375,376.5299987792969,373.0400085449219,375.55999755859375,5857231.0
1777051800,375.5400085449219,377.1000061035156,374.6499938964844,375.18890380859375,6111344.0
1777055400,375.17498779296875,377.2300109863281,375.0799865722656,376.70001220703125,5003142.0
1777059000,376.7149963378906,377.8399963378906,376.1600036621094,376.1600036621094,4564842.0
1777060800,376.16,376.44,367.864,375.82,0.0
1777064400,375.79,391.2652,375.14,375.14,0.0
1777068000,375.19,375.5,375.1,375.29,0.0
1777071600,375.2997,375.397,375.1,375.25,0.0
1777276800,375.6,377.478,374.9,375.32,0.0
1777280400,375.3694,375.6,374.35,374.62,0.0
1777284000,374.66,375.27,374.56,374.81,0.0
1777287600,374.83,376.3,374.61,374.85,0.0
1777291200,374.887,377.24,373.52,373.92,0.0
1777294800,373.97,374.11,371.81,372.14,0.0
1777296600,372.1700134277344,372.1700134277344,364.75,367.25,16805521.0
1777300200,367.25,369.0,364.0199890136719,365.95001220703125,9891777.0
1777303800,365.96990966796875,371.8299865722656,365.8100891113281,371.7900085449219,8650993.0
1777307400,371.7799072265625,377.9599914550781,371.3500061035156,377.6492919921875,9453045.0
1777311000,377.6499938964844,380.7799987792969,377.5299987792969,378.7699890136719,8850339.0
1777314600,378.7799072265625,380.010009765625,377.44000244140625,379.05999755859375,6307769.0
1777318200,379.07000732421875,379.9599914550781,378.5,378.70001220703125,4147136.0
1777320000,378.61,378.7,377.25,377.5,0.0
1777323600,377.495,397.0329,364.6697,377.5,0.0
1777327200,377.52,378.45,364.6697,377.72,0.0
1777330800,377.77,377.98,377.64,377.8701,0.0
1777363200,375.84,378.67,374.4215,375.85,0.0
1777366800,375.99,376.3,374.85,374.9988,0.0
1777370400,374.9684,375.49,373.5,374.74,0.0
1777374000,374.7002,375.0,373.13,373.4,0.0
1777377600,373.4,374.0,372.05,372.6826,0.0
1777381200,372.65,375.29,372.41,374.85,0.0
1777383000,374.625,382.2900085449219,372.5400085449219,377.79998779296875,16996899.0
1777386600,377.8399963378906,378.29998779296875,373.54998779296875,374.989990234375,9253619.0
1777390200,374.989990234375,375.95001220703125,374.0950012207031,375.0899963378906,4547176.0
1777393800,375.07000732421875,377.35760498046875,374.54998779296875,376.30999755859375,4207884.0
1777397400,376.30999755859375,377.635009765625,375.3299865722656,377.510009765625,3399450.0
1777401000,377.5249938964844,378.7049865722656,376.29998779296875,377.3399963378906,5536239.0
1777404600,377.31500244140625,377.4093933105469,375.92999267578125,375.95001220703125,2989463.0
1777406400,375.94,377.11,375.1,376.82,0.0
1777410000,376.72,378.4,376.02,378.1,0.0
1777413600,378.12,378.6,377.5,377.68,0.0
1777417200,377.67,377.94,377.22,377.65,0.0
1777449600,376.81,378.1,375.805,376.86,0.0
1777453200,376.95,377.4788,376.05,376.96,0.0
1777456800,376.93,377.69,376.53,377.31,0.0
1777460400,377.25,377.65,376.02,376.37,0.0
1777464000,376.4488,376.88,375.8,376.2715,0.0
1777467600,376.27,376.295,371.815,375.455,0.0
1777469400,374.7601013183594,376.3999938964844,371.29010009765625,373.39990234375,12109149.0
1777473000,373.3599853515625,374.3764953613281,370.4200134277344,374.1400146484375,7256749.0
1777476600,374.1199951171875,374.5669860839844,370.0400085449219,371.55499267578125,5623329.0
1777480200,371.5299987792969,373.8500061035156,370.52020263671875,373.20001220703125,3840281.0
1777483800,373.239990234375,373.6000061035156,370.510009765625,371.4150085449219,4288127.0
1777487400,371.42999267578125,374.82000732421875,370.4599914550781,373.92999267578125,5518352.0
1777491000,373.8999938964844,374.0047912597656,372.2099914550781,372.79998779296875,3124371.0
1777492800,372.79,395.7978,346.65,371.53,0.0
1777496400,371.53,372.8,371.5,372.08,0.0
1777500000,372.0789,373.61,371.22,372.815,0.0
1777503600,372.83,373.48,372.75,372.8,0.0
1777536000,371.49,371.73,368.8488,371.59,0.0
1777539600,371.68,372.52,371.21,371.829,0.0
1777543200,371.8,372.6,371.5,371.88,0.0
1777546800,371.9,373.4984,371.2,373.36,0.0
1777550400,373.35,373.54,372.61,373.31,0.0
1777554000,373.3,374.8,371.65,372.65,0.0
1777555800,370.8599853515625,372.3139953613281,368.1700134277344,370.5050048828125,10839471.0
1777559400,370.44000244140625,378.69000244140625,370.1199951171875,378.4700012207031,9880914.0
1777563000,378.5,380.1199951171875,376.70001220703125,377.67999267578125,5818588.0
1777566600,377.67498779296875,379.20001220703125,376.6700134277344,378.52508544921875,3838580.0
1777570200,378.5199890136719,381.3800048828125,378.5,381.1499938964844,4237777.0
1777573800,381.156005859375,384.75,380.82000732421875,383.95001220703125,6416366.0
1777577400,383.94000244140625,383.9599914550781,380.6300048828125,381.5299987792969,4871592.0
1777579200,381.63,389.7652,355.4267,380.94,0.0
1777582800,380.88,389.4538,355.4267,381.6348,0.0
1777586400,381.62,381.9,380.72,381.0,0.0
1777590000,381.0,381.5,380.85,381.38,0.0
1777622400,381.2962,382.29,380.59,381.18,0.0
1777626000,381.25,381.25,380.34,380.74,0.0
1777629600,380.71,381.79,380.6012,381.5562,0.0
1777633200,381.48,381.5716,380.61,381.11,0.0
1777636800,381.05,384.19,380.74,383.76,0.0
1777640400,383.7756,384.46,346.65,382.32,0.0
1777642200,382.4750061035156,388.4198913574219,378.9100036621094,388.0950012207031,14418647.0
1777645800,388.0950012207031,393.1499938964844,385.0199890136719,392.6549987792969,11668980.0
1777649400,392.70001220703125,396.4985046386719,392.3399963378906,395.4750061035156,11428245.0
1777653000,395.4750061035156,396.0,391.010009765625,395.2200012207031,5590762.0
1777656600,395.2300109863281,397.82110595703125,394.8800048828125,396.3800048828125,6389294.0
1777660200,396.4200134277344,396.42498779296875,393.69000244140625,394.3999938964844,5744155.0
1777663800,394.3999938964844,394.5498962402344,390.1499938964844,390.6600036621094,6045562.0
1777665600,390.77,392.6,365.5226,391.76,0.0
1777669200,391.76,392.19,300.2652,391.76,0.0
1777672800,391.7598,391.84,391.05,391.16,0.0
1777676400,391.16,391.48,391.0,391.34,0.0
1777881600,392.74,393.9007,391.45,392.45,0.0
1777885200,392.29,392.5,391.61,391.61,0.0
1777888800,391.66,392.36,386.7,387.97,0.0
1777892400,388.0,391.82,387.9313,391.64,0.0
1777896000,391.64,392.06,390.36,390.54,0.0
1777899600,390.5,391.21,389.57,390.15,0.0
1777901400,390.05999755859375,394.6400146484375,387.3999938964844,388.9700012207031,14377221.0
1777905000,388.8699951171875,392.44989013671875,385.8323974609375,388.760009765625,7432017.0
1777908600,388.7699890136719,389.1299133300781,384.8004150390625,387.43499755859375,6061125.0
1777912200,387.40008544921875,394.260009765625,387.1400146484375,393.2699890136719,6021958.0
1777915800,393.3299865722656,394.0199890136719,390.8299865722656,392.42120361328125,4773856.0
1777919400,392.4700012207031,393.8599853515625,390.6300048828125,393.0849914550781,4611165.0
1777923000,393.1099853515625,393.2900085449219,391.8500061035156,392.57501220703125,2933857.0
1777924800,392.51,392.565,391.86,392.475,0.0
1777928400,392.48,392.515,392.11,392.27,0.0
1777932000,392.27,392.48,367.3895,391.725,0.0
1777935600,391.75,391.9,391.55,391.8935,0.0
1777968000,392.52,393.84,391.83,393.38,0.0
1777971600,393.38,393.5,392.52,393.09,0.0
1777975200,393.11,393.4988,392.97,393.25,0.0
1777978800,393.29,394.29,392.51,394.05,0.0
1777982400,394.09,396.12,393.61,395.71,0.0
1777986000,395.77,396.43,394.87,395.23,0.0
1777987800,395.18499755859375,402.0899963378906,393.9100036621094,394.4599914550781,17040715.0
1777991400,394.44000244140625,395.55999755859375,391.53009033203125,394.0,7070320.0
1777995000,394.0,395.3599853515625,389.0,389.6127014160156,6607759.0
1777998600,389.6199951171875,392.4898986816406,389.2200012207031,392.0849914550781,3776437.0
1778002200,392.07000732421875,393.1698913574219,391.1600036621094,391.79998779296875,3272722.0
1778005800,391.75,392.6000061035156,390.20001220703125,392.1199951171875,3027046.0
1778009400,392.1199951171875,392.45001220703125,389.1499938964844,389.3500061035156,3049459.0
1778011200,389.35,389.5,369.6616,388.0525,0.0
1778014800,388.15,389.37,368.1134,387.13,0.0
1778018400,387.13,388.39,360.2716,388.03,0.0
1778022000,388.09,400.748,386.63,387.26,0.0
1778054400,387.0267,389.37,385.77,387.6737,0.0
1778058000,387.6338,390.1315,387.2,388.31,0.0
1778061600,388.32,391.2288,388.09,391.21,0.0
1778065200,391.25,392.87,390.0,392.1,0.0
1778068800,392.01,392.5,389.37,390.65,0.0
1778072400,390.6483,390.75,385.8,386.2,0.0
1778074200,386.05999755859375,394.5172119140625,384.0199890136719,393.5199890136719,12702730.0
1778077800,393.5249938964844,394.0799865722656,391.07000732421875,392.9110107421875,5210172.0
1778081400,392.94500732421875,398.0299072265625,391.4093933105469,397.1700134277344,6841690.0
1778085000,397.1700134277344,399.75,395.7204895019531,398.6000061035156,5446496.0
1778088600,398.6112060546875,401.1700134277344,396.6199951171875,400.875,6132725.0
1778092200,400.8367919921875,401.67999267578125,399.07000732421875,400.760009765625,5713536.0
1778095800,400.7710876464844,400.7710876464844,398.2101135253906,398.5199890136719,4688675.0
1778097600,398.5,398.95,396.91,398.0,0.0
1778101200,397.91,398.73,395.7978,396.9,0.0
1778104800,396.9,398.73,384.7504,396.9516,0.0
1778108400,396.9983,397.5,396.8,396.95,0.0
1778140800,399.85,400.82,397.29,400.21,0.0
1778144400,400.38,405.0,400.2094,404.88,0.0
1778148000,404.91,406.25,403.44,405.1,0.0
1778151600,405.14,406.7,404.61,405.31,0.0
1778155200,405.33,406.9,405.0,405.95,0.0
1778158800,405.95,408.0,405.0,407.48,0.0
1778160600,407.5199890136719,414.3999938964844,406.9100036621094,411.1199951171875,20243634.0
1778164200,411.25,415.8299865722656,407.8999938964844,408.7900085449219,9688755.0
1778167800,408.8900146484375,411.29998779296875,403.55999755859375,407.1300048828125,7087693.0
1778171400,407.1549987792969,409.6199951171875,404.3999938964844,405.7250061035156,6082706.0
1778175000,405.7799987792969,408.0,404.7900085449219,405.875,3742743.0
1778178600,406.205810546875,406.70001220703125,402.1199951171875,405.364990234375,4612584.0
1778182200,405.3999938964844,411.9200134277344,405.2099914550781,411.79998779296875,5895381.0
1778184000,411.7,414.4,409.1114,410.3,0.0
1778187600,410.275,411.79,399.9587,407.8,0.0
1778191200,407.9,409.98,407.81,408.6,0.0
1778194800,408.67,409.49,399.9587,409.07,0.0
1778227200,413.27,414.99,411.788,414.67,0.0
1778230800,414.8,416.82,414.34,416.37,0.0
1778234400,416.37,416.48,414.8,415.7,0.0
1778238000,415.75,417.83,414.5,417.6,0.0
1778241600,417.62,417.7482,416.19,416.4,0.0
1778245200,416.45,418.25,415.0,416.5599,0.0
1778247000,417.42999267578125,429.8500061035156,416.3900146484375,425.04998779296875,22399162.0
1778250600,425.0400085449219,430.70001220703125,422.8900146484375,428.7030944824219,10757834.0
1778254200,428.70001220703125,431.20001220703125,426.9800109863281,428.5299987792969,6782336.0
1778257800,428.5299987792969,429.20001220703125,426.3299865722656,426.989990234375,4241597.0
1778261400,426.989990234375,428.95001220703125,425.4800109863281,428.6499938964844,4701495.0
1778265000,428.6000061035156,429.4591979980469,425.30999755859375,425.3399963378906,5202746.0
1778268600,425.3301086425781,428.6199951171875,424.3800048828125,428.32000732421875,5719567.0
1778270400,428.35,439.4753,427.27,428.13,0.0
1778274000,428.1,439.4753,427.49,427.74,0.0
1778277600,427.75,428.0,427.5,427.71,0.0
1778281200,427.71,428.0,427.6,427.98,0.0
1778486400,426.33,428.0,424.36,424.9,0.0
1778490000,424.82,425.5,423.66,423.83,0.0
1778493600,423.82,424.2,422.55,423.39,0.0
1778497200,423.35,426.15,423.23,426.02,0.0
1778500800,426.0435,429.42,423.44,424.0,0.0
1778504400,423.96,424.37,421.38,422.13,0.0
1778506200,422.1600036621094,425.70001220703125,417.70001220703125,417.885009765625,13835473.0
1778509800,417.8900146484375,436.25,416.79998779296875,435.6099853515625,14373298.0
1778513400,435.6099853515625,441.6499938964844,434.82000732421875,439.9200134277344,13205956.0
1778517000,439.8500061035156,443.3599853515625,437.7701110839844,440.0450134277344,8076924.0
1778520600,440.0199890136719,447.45001220703125,439.340087890625,446.9049987792969,8885835.0
1778524200,446.8500061035156,449.1600036621094,444.3599853515625,445.3550109863281,8710116.0
1778527800,445.3349914550781,447.3999938964844,442.42999267578125,445.0299987792969,5465946.0
1778529600,445.0,445.5,340.9204,444.94,0.0
1778533200,444.9988,446.65,439.4168,443.41,0.0
1778536800,443.33,444.45,443.33,443.62,0.0
1778540400,443.61,444.4,443.5,444.1974,0.0
1778572800,437.75,439.73,436.36,438.28,0.0
1778576400,438.28,438.85,437.41,438.2,0.0
1778580000,438.4,441.69,438.4,439.83,0.0
1778583600,439.83,445.0,438.0,438.12,0.0
1778587200,438.28,440.4,438.06,438.42,0.0
1778590800,438.49,441.5,437.45,441.47,0.0
1778592600,441.4100036621094,447.79998779296875,435.0799865722656,435.19000244140625,16788236.0
1778596200,435.1600036621094,436.5,426.3999938964844,426.69000244140625,10255139.0
1778599800,426.70001220703125,429.92999267578125,424.6000061035156,425.82000732421875,6584661.0
1778603400,425.7799987792969,428.3900146484375,422.260009765625,426.8100891113281,6824820.0
1778607000,426.8399963378906,430.29998779296875,425.67950439453125,429.7349853515625,4894783.0
1778610600,429.7300109863281,433.489990234375,429.110107421875,433.239990234375,5853820.0
1778614200,433.2799072265625,435.7799987792969,433.0,433.45001220703125,4783012.0
1778616000,433.44,459.4827,415.9485,432.3284,0.0
1778619600,432.21,459.4827,413.3675,432.29,0.0
1778623200,432.28,433.45,432.14,432.2,0.0
1778626800,432.2,432.385,430.14,430.3145,0.0
1778659200,436.01,438.98,434.281,438.45,0.0
1778662800,438.47,439.35,436.9,437.65,0.0
1778666400,437.59,438.66,437.325,437.89,0.0
1778670000,437.91,440.19,437.15,438.92,0.0
1778673600,438.8,439.33,437.3,437.75,0.0
1778677200,437.75,437.75,432.35,436.6,0.0
1778679000,436.67999267578125,443.2998962402344,430.2099914550781,442.5350036621094,15230568.0
1778682600,442.42999267578125,451.4700012207031,442.1000061035156,450.6300048828125,15702044.0
1778686200,450.54998779296875,453.3999938964844,446.6000061035156,451.2200012207031,9960303.0
1778689800,451.1700134277344,452.29998779296875,448.04998779296875,448.3599853515625,5633045.0
1778693400,448.29998779296875,451.3800048828125,446.8999938964844,447.20001220703125,5672485.0
1778697000,447.1499938964844,448.3500061035156,444.0299987792969,444.55010986328125,5704523.0
1778700600,444.6099853515625,445.69000244140625,443.5,445.18499755859375,4088601.0
1778702400,445.2,446.8347,443.07,446.19,0.0
1778706000,446.2,447.33,445.27,447.18,0.0
1778709600,447.0,448.34,446.5,447.77,0.0
1778713200,447.86,448.87,447.5,448.2,0.0
1778745600,448.62,449.48,444.3,448.75,0.0
1778749200,448.5682,448.78,446.7,446.7,0.0
1778752800,446.75,448.47,446.11,448.451,0.0
1778756400,448.49,452.05,445.27,450.05,0.0
1778760000,450.12,451.1,449.5,450.19,0.0
1778763600,450.14,450.2,446.4,446.56,0.0
1778765400,446.42498779296875,446.7998962402344,441.1600036621094,442.2898864746094,13829274.0
1778769000,442.260009765625,447.739990234375,441.8500061035156,446.6900939941406,6843304.0
1778772600,446.6499938964844,451.9700012207031,446.19000244140625,448.92010498046875,6963290.0
1778776200,448.9649963378906,449.5400085449219,443.6000061035156,444.79998779296875,5402451.0
1778779800,444.81689453125,447.1799011230469,443.42999267578125,443.6600036621094,3817892.0
1778783400,443.69989013671875,445.92999267578125,443.1199951171875,443.2799987792969,3257301.0
1778787000,443.239990234375,444.3800048828125,442.5299987792969,443.17999267578125,2555916.0
1778788800,443.3,556.8803,347.3153,442.7501,0.0
1778792400,442.75,445.1,442.28,442.46,0.0
1778796000,442.45,443.3,442.28,442.6001,0.0
1778799600,442.6487,442.91,442.3,442.3997,0.0
1778832000,434.4,439.4432,430.0,431.6,0.0
1778835600,431.49,433.7188,430.35,432.8423,0.0
1778839200,432.8427,433.82,431.27,433.0,0.0
1778842800,433.19,435.95,433.19,434.9,0.0
1778846400,434.89,435.35,432.6997,433.2,0.0
1778850000,433.025,434.58,430.8,434.2808,0.0
1778851800,434.0950012207031,434.6600036621094,425.04998779296875,426.5653076171875,16080151.0
1778855400,426.510009765625,428.31988525390625,424.3299865722656,425.80499267578125,6324755.0
1778859000,425.8800048828125,427.70001220703125,423.70001220703125,424.6499938964844,5281622.0
1778862600,424.6300048828125,428.7499084472656,423.42999267578125,428.4599914550781,5140579.0
1778866200,428.44000244140625,429.3599853515625,425.5199890136719,425.7149963378906,4453897.0
1778869800,425.739990234375,426.5799865722656,422.70001220703125,423.04998779296875,4978033.0
1778873400,423.02178955078125,424.83990478515625,422.0,422.1300048828125,4577046.0
1778875200,422.24,423.64,420.6809,421.8,0.0
1778878800,421.74,422.25,419.6,420.7798,0.0
1778882400,420.78,422.24,418.8,419.51,0.0
1778886000,419.52,419.99,417.88,418.57,0.0
1779091200,414.47,420.63,414.11,419.99,0.0
1779094800,419.99,420.79,418.0492,418.5008,0.0
1779098400,418.55,418.9897,416.9,417.65,0.0
1779102000,417.6326,417.7,415.18,415.18,0.0
1779105600,415.2,419.0,415.11,418.2,0.0
1779109200,418.23,445.0,418.0,419.4,0.0
1779111000,419.3550109863281,421.1300048828125,411.010986328125,413.8800048828125,14130528.0
1779114600,413.9150085449219,414.5498962402344,408.239990234375,408.3399963378906,8803134.0
1779118200,408.25,414.5799865722656,407.8601989746094,409.4100036621094,5672912.0
1779121800,409.4599914550781,412.42999267578125,408.6700134277344,410.0382995605469,4246904.0
1779125400,409.9599914550781,410.04998779296875,405.70001220703125,407.05999755859375,5542123.0
1779129000,407.1000061035156,411.260009765625,405.3299865722656,408.489990234375,5417719.0
1779132600,408.4649963378906,410.9700012207031,408.25,410.07000732421875,3847755.0
1779134400,410.09,411.11,407.65,409.82,0.0
1779138000,409.77,432.7936,409.25,409.58,0.0
1779141600,409.6,410.98,409.41,410.49,0.0
1779145200,410.375,410.87,409.03,409.4662,0.0
1779177600,409.47,409.9188,405.3,406.99,0.0
1779181200,406.8,407.9041,405.31,405.5,0.0
1779184800,405.58,406.2757,405.0,406.16,0.0
1779188400,406.26,406.75,405.3,405.64,0.0
1779192000,405.68,406.07,404.5,404.85,0.0
1779195600,404.79,406.3718,402.12,403.24,0.0
1779197400,403.25,404.75,395.3999938964844,395.82501220703125,14386170.0
1779201000,395.8900146484375,398.1300048828125,393.6300048828125,397.510009765625,6976738.0
1779204600,397.510009765625,398.7099914550781,396.010009765625,396.8406982421875,4428082.0
1779208200,396.7699890136719,403.75,396.17999267578125,403.0799865722656,5924385.0
1779211800,403.0899963378906,405.5,402.3699951171875,404.7850036621094,4124803.0
1779215400,404.79998779296875,405.6300048828125,402.2900085449219,404.0899963378906,3988786.0
1779219000,404.1000061035156,404.8876037597656,403.20001220703125,404.1600036621094,2758627.0
1779220800,404.2,483.406,400.4787,403.9386,0.0
1779224400,403.9388,404.09,400.748,404.01,0.0
1779228000,404.01,404.49,402.88,403.59,0.0
1779231600,403.585,404.9491,403.15,404.68,0.0
1779264000,405.4,408.6,401.6733,408.54,0.0
1779267600,408.6,409.55,407.67,408.25,0.0
1779271200,408.2201,408.93,407.3903,408.2,0.0
1779274800,408.1325,409.22,404.11,409.2,0.0
1779278400,409.21,409.4188,408.0,408.91,0.0
1779282000,408.95,415.01,398.17,407.61,0.0
1779283800,407.6449890136719,413.8999938964844,406.3900146484375,408.010009765625,12782437.0
1779287400,408.010009765625,412.9798889160156,408.0,412.3900146484375,6640430.0
1779291000,412.3900146484375,414.25,411.05999755859375,411.8800048828125,4306085.0
1779294600,411.8999938964844,414.2099914550781,411.5600891113281,413.8999938964844,3195366.0
1779298200,413.92999267578125,415.1499938964844,411.80999755859375,412.8399963378906,3406029.0
1779301800,412.8500061035156,414.44000244140625,412.75,413.57000732421875,2961619.0
1779305400,413.54998779296875,417.4599914550781,412.55999755859375,417.2699890136719,4624668.0
1779307200,417.27,418.48,388.2166,415.39,0.0
1779310800,415.38,417.26,415.2703,415.82,0.0
1779314400,415.8682,415.9289,412.76,414.4,0.0
1779318000,414.4,417.26,414.1,414.7493,0.0
1779350400,422.11,424.97,420.6,424.79,0.0
1779354000,424.91,424.91,422.9415,424.5,0.0
1779357600,424.68,424.78,420.4,420.58,0.0
1779361200,420.58,422.2888,419.03,421.9643,0.0
1779364800,421.96,422.57,420.91,421.78,0.0
1779368400,421.79,423.96,421.2,422.25,0.0
1779370200,422.2449951171875,426.95001220703125,412.8999938964844,414.32989501953125,14047630.0
1779373800,414.2900085449219,417.9591064453125,413.3500061035156,417.4649963378906,5788326.0
1779377400,417.5,418.4200134277344,415.3900146484375,416.82000732421875,3646387.0
1779381000,416.82000732421875,422.45989990234375,416.2799987792969,421.25,5189429.0
1779384600,421.32000732421875,423.4497985839844,420.3912048339844,420.4599914550781,4132548.0
1779388200,420.4100036621094,421.1400146484375,416.8999938964844,418.20001220703125,4113688.0
1779391800,418.1499938964844,420.0,417.5520935058594,417.7500915527344,3070019.0
1779393600,417.85,417.98,388.9,417.135,0.0
1779397200,417.08,417.85,417.0,417.37,0.0
1779400800,417.37,418.25,417.35,418.1,0.0
1779404400,418.1,418.74,418.0,418.39,0.0
1779436800,419.81,422.25,417.85,421.4,0.0
1779440400,421.38,421.42,417.68,417.784,0.0
1779444000,417.85,419.0,416.6,417.02,0.0
1779447600,416.96,418.3365,415.9,418.15,0.0
1779451200,418.1,421.0,417.75,420.65,0.0
1779454800,420.7,422.66,420.54,422.66,0.0
1779456600,422.6650085449219,427.239990234375,420.510009765625,424.625,11223615.0
1779460200,424.6700134277344,430.8299865722656,424.6300048828125,428.639892578125,9393523.0
1779463800,428.6400146484375,431.07000732421875,426.052001953125,427.54998779296875,5872339.0
1779467400,427.54998779296875,429.7900085449219,426.3599853515625,429.7799987792969,3721309.0
1779471000,429.7300109863281,431.510009765625,426.94000244140625,427.92999267578125,5201027.0
1779474600,427.989990234375,429.81988525390625,425.4400939941406,425.875,4051463.0
1779478200,425.8900146484375,426.5,423.8699951171875,425.9482116699219,3328270.0
1779480000,426.01,439.4753,424.07,424.9,0.0
1779483600,424.91,439.4753,424.75,425.02,0.0
1779487200,425.015,426.01,423.5,424.2201,0.0
1779490800,424.23,424.24,423.38,423.68,0.0
1779782400,427.72,428.86,427.2012,428.34,0.0
1779786000,428.35,429.75,427.7,429.6,0.0
1779789600,429.505,430.6,428.9,430.58,0.0
1779793200,430.5343,430.96,426.01,430.7,0.0
1779796800,430.76,430.8679,430.01,430.4,0.0
1779800400,430.4,430.64,423.515,430.09,0.0
1779802200,430.0199890136719,433.6700134277344,426.1700134277344,426.9800109863281,11664483.0
1779805800,427.0419921875,434.55999755859375,426.1199951171875,433.35308837890625,8277348.0
1779809400,433.3550109863281,433.760009765625,427.5199890136719,429.9273986816406,5159033.0
1779813000,429.94000244140625,433.75,429.79998779296875,432.37060546875,4417607.0
1779816600,432.3500061035156,433.2099914550781,430.54998779296875,432.8301086425781,3136436.0
1779820200,432.864990234375,435.20001220703125,429.7701110839844,431.04998779296875,4779297.0
1779823800,431.06988525390625,434.45001220703125,430.8699951171875,433.56500244140625,3706229.0
1779825600,433.59,457.6364,430.57,433.1472,0.0
1779829200,433.08,459.4827,413.3675,435.7991,0.0
1779832800,435.7,436.0,434.8,434.81,0.0
1779836400,434.81,435.68,433.59,435.37,0.0
1779868800,434.3,438.6,433.08,438.16,0.0
1779872400,438.19,441.78,438.16,441.4853,0.0
1779876000,441.47,442.94,440.012,440.13,0.0
1779879600,440.13,444.45,433.59,443.77,0.0
1779883200,443.78,443.95,441.5,443.01,0.0
1779886800,443.17,443.74,440.0,442.99,0.0
1779888600,442.81500244140625,445.5,435.5199890136719,437.3999938964844,14720606.0
1779892200,437.3399963378906,445.6000061035156,436.60009765625,440.8500061035156,8581737.0
1779895800,440.9200134277344,442.3699035644531,439.0299987792969,441.8900146484375,4571565.0
1779899400,441.8599853515625,442.29998779296875,438.80999755859375,440.5,3409301.0
1779903000,440.4800109863281,442.989990234375,439.8800048828125,440.135009765625,3159950.0
1779906600,440.0799865722656,440.6000061035156,438.2099914550781,439.5849914550781,3282506.0
1779910200,439.55999755859375,441.1700134277344,438.8500061035156,440.29998779296875,3219808.0
1779912000,440.25,441.26,438.14,440.0399,0.0
1779915600,439.995,440.36,439.2,439.24,0.0
1779919200,439.28,440.36,438.66,438.85,0.0
1779922800,438.85,439.4,438.0,438.13,0.0
1779955200,434.24,435.8,427.82,434.8,0.0
1779958800,434.85,435.6188,433.6801,433.78,0.0
1779962400,433.85,435.2512,432.66,433.3901,0.0
1779966000,433.32,440.36,432.6,434.8,0.0
1779969600,434.71,435.25,434.3,435.09,0.0
1779973200,435.09,438.59,435.01,437.59,0.0
1779975000,437.614990234375,442.20001220703125,436.29998779296875,441.0079040527344,10593973.0
1779978600,441.0400085449219,443.1400146484375,439.7500915527344,441.1449890136719,5142285.0
1779982200,441.1499938964844,442.989990234375,440.7701110839844,441.52191162109375,3058495.0
1779985800,441.514404296875,442.7900085449219,440.70001220703125,441.7500915527344,2388767.0
1779989400,441.80999755859375,442.7200012207031,440.9200134277344,441.7701110839844,2408167.0
1779993000,441.79998779296875,443.79998779296875,441.3100891113281,443.6400146484375,2890156.0
1779996600,443.6499938964844,443.9599914550781,441.3999938964844,442.1000061035156,2891091.0
1779998400,442.1,463.2913,433.9217,441.56,0.0
1780002000,441.57,442.1,441.5,441.58,0.0
1780005600,441.58,442.1,440.6,440.65,0.0
1780009200,440.65,441.1357,440.06,440.27,0.0
1780041600,440.89,441.68,439.44,440.35,0.0
1780045200,440.09,440.4911,439.0,440.1,0.0
1780048800,440.1,440.3988,438.66,439.2,0.0
1780052400,439.15,442.1,438.9,440.44,0.0
1780056000,440.43,440.81,439.01,439.54,0.0
1780059600,439.48,440.88,400.6589,439.99,0.0
1780061400,439.8450012207031,440.67999267578125,428.9599914550781,430.69000244140625,12109828.0
1780065000,430.6549987792969,434.0,428.20001220703125,433.6400146484375,6974884.0
1780068600,433.6499938964844,441.07000732421875,433.1199951171875,438.25,6618935.0
1780072200,438.25,439.7200012207031,435.8100891113281,438.20001220703125,4020852.0
1780075800,438.2699890136719,438.9424133300781,436.2699890136719,437.7200012207031,2651332.0
1780079400,437.739990234375,438.1499938964844,434.0400085449219,434.4100036621094,3643129.0
1780083000,434.4599914550781,437.8500061035156,434.1499938964844,435.55999755859375,3330972.0
1780084800,435.79,435.8314,420.6809,435.08,0.0
1780088400,435.09,435.79,420.6809,434.45,0.0
1780092000,434.45,435.79,434.4,434.4195,0.0
1780095600,434.41,434.6,434.1,434.3505,0.0
1780300800,431.54,432.567,429.96,430.22,0.0
1780304400,430.3,431.76,429.5,429.5,0.0
1780308000,429.37,430.71,428.87,430.5756,0.0
1780311600,430.5,435.79,429.25,429.4206,0.0
1780315200,429.42,436.879,429.03,429.7401,0.0
1780318800,429.7386,430.29,427.1251,427.4,0.0
1780320600,427.3800048828125,428.92999267578125,421.20001220703125,421.6700134277344,10588571.0
1780324200,421.6600036621094,422.2900085449219,418.6499938964844,421.9100036621094,7054415.0
1780327800,421.9150085449219,424.1000061035156,418.3500061035156,418.79998779296875,5880040.0
1780331400,418.79998779296875,421.260009765625,418.760009765625,420.9200134277344,3629599.0
1780335000,420.9800109863281,421.7099914550781,419.5600891113281,420.1549987792969,3113734.0
1780338600,420.1549987792969,420.19000244140625,418.0799865722656,418.2699890136719,3983030.0
1780342200,418.25,418.4599914550781,415.4599914550781,415.7099914550781,5016375.0
1780344000,415.71,422.95,415.23,415.6,0.0
1780347600,415.55,432.7936,415.13,415.26,0.0
1780351200,415.25,415.88,413.25,414.2,0.0
1780354800,414.2,414.2,413.45,413.5507,0.0
1780387200,416.5127,418.4,411.81,417.87,0.0
1780390800,417.87,419.0,416.8,417.15,0.0
1780394400,417.3,419.15,416.2,416.22,0.0
1780398000,416.2,417.45,415.4,416.3,0.0
1780401600,416.25,418.5,416.12,418.274,0.0
1780405200,418.2,418.49,417.3,418.31,0.0
1780407000,418.0799865722656,420.8800048828125,413.6499938964844,419.7349853515625,11132908.0
1780410600,419.7349853515625,423.4700012207031,419.1600036621094,421.92999267578125,6317345.0
1780414200,421.94000244140625,422.79998779296875,420.57000732421875,421.2699890136719,2755424.0
1780417800,421.2699890136719,423.3299865722656,420.0799865722656,421.5299987792969,2778785.0
1780421400,421.5400085449219,423.05999755859375,420.7099914550781,421.42401123046875,2409887.0
1780425000,421.4750061035156,422.6299133300781,419.79998779296875,420.3999938964844,2394594.0
1780428600,420.3699951171875,424.1499938964844,419.8399963378906,423.739990234375,3903607.0
1780430400,423.74,424.05,421.85,422.85,0.0
1780434000,422.87,434.1948,400.748,422.29,0.0
1780437600,422.29,423.74,421.25,421.555,0.0
1780441200,421.3697,421.97,420.6,421.775,0.0
1780473600,421.19,423.74,418.5,419.4858,0.0
1780477200,419.4858,420.36,418.3,419.04,0.0
1780480800,419.04,419.36,417.15,418.4,0.0
1780484400,418.32,423.74,417.69,420.75,0.0
1780488000,420.6263,421.48,419.42,419.6,0.0
1780491600,419.6,423.74,418.23,418.603,0.0
1780493400,418.70001220703125,432.4700012207031,416.0,428.6400146484375,13443314.0
1780497000,428.6435852050781,433.6000061035156,428.4200134277344,429.8599853515625,6535785.0
1780500600,429.8949890136719,430.489990234375,422.1099853515625,423.55999755859375,6145365.0
1780504200,423.510009765625,423.79998779296875,418.6512145996094,419.4800109863281,4426768.0
1780507800,419.42999267578125,424.2099914550781,418.54998779296875,423.93499755859375,3776231.0
1780511400,423.9507141113281,424.9100036621094,421.2300109863281,422.8299865722656,3684826.0
1780515000,422.80999755859375,423.8299865722656,421.8100891113281,423.7300109863281,2670231.0
1780516800,423.7,424.0,395.7978,422.63,0.0
1780520400,422.55,423.7,421.3,421.636,0.0
1780524000,421.9,422.96,420.88,421.5,0.0
1780527600,421.52,421.6498,419.5,420.2483,0.0
1780560000,421.28,422.47,419.68,420.34,0.0
1780563600,420.33,421.08,418.2097,418.8156,0.0
1780567200,418.8,420.9,418.56,419.656,0.0
1780570800,419.5146,423.7,418.55,420.08,0.0
1780574400,420.16,421.62,419.7,421.58,0.0
1780578000,421.5527,422.9,418.81,419.775,0.0
1780579800,419.7900085449219,426.34991455078125,418.0400085449219,421.375,9855752.0
1780583400,421.3800048828125,421.6700134277344,417.9100036621094,419.8900146484375,5905146.0
1780587000,419.8500061035156,420.5,417.1600036621094,419.2049865722656,4159199.0
1780590600,419.1400146484375,420.7499084472656,418.07000732421875,420.7149963378906,2443091.0
1780594200,420.7149963378906,421.2699890136719,418.0199890136719,420.1199951171875,2711588.0
1780597800,420.1449890136719,420.5799865722656,418.3299865722656,420.1600036621094,2594134.0
1780601400,420.1200866699219,423.70001220703125,417.7300109863281,418.4599914550781,2685994.0
1780603200,418.45,418.45,417.0,417.26,0.0
1780606800,417.35,418.45,417.05,417.445,0.0
1780610400,417.48,417.57,417.0,417.08,0.0
1780614000,417.15,417.15,416.0,416.19,0.0
1780646400,418.3,419.0,413.2172,418.18,0.0
1780650000,418.25,418.92,416.6605,417.61,0.0
1780653600,417.62,419.95,417.3544,419.5245,0.0
1780657200,419.61,419.79,417.8,419.1501,0.0
1780660800,419.15,419.72,418.38,419.65,0.0
1780664400,419.66,422.2,418.01,420.5,0.0
1780666200,420.5450134277344,424.6799011230469,405.45001220703125,406.7099914550781,13818725.0
1780669800,406.6400146484375,408.8263854980469,401.739990234375,402.69000244140625,7897362.0
1780673400,402.6600036621094,403.1780090332031,398.55999755859375,399.00469970703125,7089297.0
1780677000,399.0,399.1499938964844,394.8999938964844,395.489990234375,7164619.0
1780680600,395.5096130371094,397.20001220703125,391.4100036621094,391.6700134277344,6042777.0
1780684200,391.635009765625,392.5299072265625,388.5899963378906,391.6098937988281,7704672.0
1780687800,391.57000732421875,393.489990234375,389.5700988769531,390.9700012207031,6268635.0
1780689600,391.0,391.3,367.864,390.6,0.0
1780693200,390.6492,392.5,382.4668,392.35,0.0
1780696800,392.4,393.3,392.1,392.92,0.0
1780700400,392.9461,392.95,390.79,391.3225,0.0
1780905600,394.86,395.9935,389.5975,394.03,0.0
1780909200,393.91,394.9,392.905,394.2959,0.0
1780912800,394.39,396.3,394.0,395.11,0.0
1780916400,395.1247,398.5,395.0,398.3,0.0
1780920000,398.36,399.85,397.13,399.8,0.0
1780923600,399.8,401.28,396.0,396.37,0.0
1780925400,396.32000732421875,403.45001220703125,394.7200012207031,402.90008544921875,11940172.0
1780929000,402.9100036621094,404.4049987792969,400.8240051269531,400.8999938964844,5755980.0
1780932600,400.92999267578125,406.33990478515625,399.3599853515625,404.8599853515625,5990959.0
1780936200,404.8800048828125,410.7900085449219,404.5403137207031,410.7900085449219,6089026.0
1780939800,410.7699890136719,412.1600036621094,409.0400085449219,411.8699951171875,5561779.0
1780943400,411.8999938964844,412.94000244140625,408.7300109863281,409.52569580078125,5421235.0
1780947000,409.4849853515625,410.6600036621094,407.610107421875,409.010009765625,4081628.0
1780948800,408.95,409.27,397.0329,408.05,0.0
1780952400,408.14,408.95,407.5,407.5377,0.0
1780956000,407.5567,408.95,406.35,407.61,0.0
1780959600,407.79,408.88,407.06,408.87,0.0
1780992000,410.5025,412.25,408.56,412.1,0.0
1780995600,412.02,412.2,411.01,411.61,0.0
1780999200,411.5162,412.5,410.4012,411.694,0.0
1781002800,411.6,412.5,411.0572,411.463,0.0
1781006400,411.38,415.4291,411.138,415.1799,0.0
1781010000,415.2,415.85,408.95,411.0,0.0
1781011800,411.0299987792969,418.5,405.6499938964844,407.45001220703125,13204695.0
1781015400,407.3900146484375,408.75,393.989990234375,394.1499938964844,8337466.0
1781019000,394.125,396.239990234375,387.17291259765625,388.92999267578125,8822508.0
1781022600,388.92999267578125,393.2099914550781,384.239990234375,392.69000244140625,8999613.0
1781026200,392.7099914550781,396.7815856933594,392.1112976074219,396.260009765625,6077385.0
1781029800,396.25,397.67999267578125,394.4100036621094,395.82000732421875,5255384.0
1781033400,395.8299865722656,397.5,394.0799865722656,396.57000732421875,3826498.0
1781035200,396.68,422.3693,396.0,397.4,0.0
1781038800,397.35,422.3693,395.57,395.935,0.0
1781042400,395.99,397.0,395.11,395.44,0.0
1781046000,395.59,396.24,394.91,395.89,0.0
1781078400,393.11,396.68,390.51,391.03,0.0
1781082000,390.81,391.85,388.4,390.25,0.0
1781085600,390.31,391.5,389.59,391.4915,0.0
1781089200,391.3,393.0,389.17,389.74,0.0
1781092800,389.97,392.14,388.9,391.97,0.0
1781096400,391.81,396.0,391.0,391.24,0.0
1781098200,391.4100036621094,397.0899963378906,388.9100036621094,391.0249938964844,12138366.0
1781101800,390.92999267578125,391.3900146484375,383.1600036621094,385.1520080566406,8434342.0
1781105400,385.1400146484375,387.659912109375,382.7200012207031,384.55999755859375,6141122.0
1781109000,384.4800109863281,386.05999755859375,381.30999755859375,384.0150146484375,5022673.0
1781112600,384.05999755859375,385.639892578125,382.1400146484375,383.8800964355469,3809259.0
1781116200,383.8900146484375,384.1199951171875,380.1499938964844,381.05999755859375,4553231.0
1781119800,381.010009765625,383.3500061035156,380.7300109863281,381.6199951171875,4024354.0
1781121600,381.59,407.6793,380.12,381.0117,0.0
1781125200,381.09,407.6793,362.5681,380.6,0.0
1781128800,380.6,381.59,378.84,379.17,0.0
1781132400,379.15,380.0,378.08,378.7997,0.0
1781164800,386.73,389.9,381.59,387.9707,0.0
1781168400,387.78,388.7,386.8,387.59,0.0
1781172000,387.5775,389.5,386.8457,387.14,0.0
1781175600,387.22,387.5588,381.59,386.25,0.0
1781179200,386.0884,388.46,384.0,384.745,0.0
1781182800,384.78,389.79,382.88,388.17,0.0
1781184600,388.25,390.32989501953125,380.6675109863281,388.6700134277344,11814392.0
1781188200,388.6700134277344,388.95001220703125,383.57000732421875,385.6499938964844,4901216.0
1781191800,385.67999267578125,388.0,384.92999267578125,385.2200012207031,3563269.0
1781195400,385.260009765625,390.010009765625,383.1000061035156,389.9200134277344,4430395.0
1781199000,389.9800109863281,394.4700012207031,389.9800109863281,392.3599853515625,5389133.0
1781202600,392.32501220703125,396.8699951171875,391.9700012207031,396.1000061035156,4460786.0
1781206200,396.1000061035156,399.5400085449219,396.0950012207031,399.0,5410468.0
1781208000,398.95,400.0,389.4538,397.6,0.0
1781211600,397.625,399.15,370.219,398.499,0.0
1781215200,398.41,399.67,398.32,399.48,0.0
1781218800,399.48,399.65,398.54,398.9999,0.0
1781251200,398.45,400.63,395.58,400.4062,0.0
1781254800,400.41,401.88,399.2,401.8,0.0
1781258400,401.75,401.99,399.44,399.55,0.0
1781262000,399.5957,402.58,399.4,402.09,0.0
1781265600,402.07,404.38,401.64,402.45,0.0
1781269200,402.38,402.84,397.51,399.46,0.0
1781271000,399.4599914550781,404.29998779296875,394.20001220703125,396.010009765625,14222104.0
1781274600,396.0299987792969,400.2799987792969,391.89691162109375,399.86749267578125,7645851.0
1781278200,399.8999938964844,399.8999938964844,386.760009765625,394.9601135253906,10736762.0
1781281800,395.0400085449219,405.239990234375,394.510009765625,402.0024108886719,9333516.0
1781285400,402.0249938964844,405.0,400.1000061035156,401.25,5861040.0
1781289000,401.2200012207031,403.72869873046875,399.8599853515625,403.1000061035156,5068412.0
1781292600,403.05999755859375,406.67999267578125,401.6600036621094,406.44500732421875,6181643.0
1781294400,406.43,420.6809,390.49,405.26,0.0
1781298000,405.25,423.4646,377.4753,405.55,0.0
1781301600,405.56,406.38,405.55,405.95,0.0
1781305200,405.95,406.2,405.55,406.1,0.0
1781510400,411.0,412.3,409.85,412.15,0.0
1781514000,412.2865,412.5,411.1942,411.2,0.0
1781517600,411.24,411.4988,410.6902,410.9235,0.0
1781521200,410.81,413.07,409.585,412.04,0.0
1781524800,412.03,413.54,411.3247,412.13,0.0
1781528400,412.18,412.56,410.52,412.32,0.0
1781530200,412.0799865722656,416.0,407.8800048828125,411.3799133300781,11658637.0
1781533800,411.4649963378906,412.0899963378906,407.1000061035156,409.80999755859375,6768175.0
1781537400,409.8550109863281,411.6400146484375,408.2850036621094,411.3800048828125,5391377.0
1781541000,411.4100036621094,412.2099914550781,408.0799865722656,409.44000244140625,4450840.0
1781544600,409.4700927734375,411.92999267578125,409.44000244140625,410.0299987792969,4175178.0
1781548200,410.0799865722656,411.1600036621094,409.20001220703125,409.6700134277344,3396061.0
1781551800,409.6700134277344,411.2300109863281,407.8599853515625,411.2200012207031,4260331.0
1781553600,411.15,421.3994,388.35,410.0,0.0
1781557200,409.99,432.7936,409.6,409.75,0.0
1781560800,409.7,412.46,391.67,408.7,0.0
1781564400,408.69,409.0,408.5,408.98,0.0
1781596800,405.94,411.15,403.56,404.8522,0.0
1781600400,404.8522,405.47,404.0155,404.4,0.0
1781604000,404.35,405.31,404.25,405.0,0.0
1781607600,404.99,411.15,404.35,408.04,0.0
1781611200,408.05,408.05,406.3,406.59,0.0
1781614800,406.52,407.0,402.88,404.02,0.0
1781616600,404.1099853515625,412.4200134277344,400.5400085449219,403.0,12927475.0
1781620200,402.9750061035156,411.7900085449219,401.2099914550781,405.19000244140625,8222318.0
1781623800,405.19000244140625,407.5,404.79998779296875,405.239990234375,4146600.0
1781627400,405.1499938964844,405.4898986816406,403.5400085449219,404.6499938964844,2954916.0
1781631000,404.635009765625,405.880615234375,403.05499267578125,405.6000061035156,2429692.0
1781634600,405.6122131347656,407.1000061035156,404.3299865722656,407.04998779296875,2739223.0
1781638200,407.05999755859375,407.2900085449219,403.7200012207031,404.6700134277344,3176494.0
1781640000,404.66,405.31,402.1,403.5,0.0
1781643600,403.5,404.66,400.748,403.69,0.0
1781647200,403.73,404.66,392.69,403.41,0.0
1781650800,403.42,403.71,402.71,402.84,0.0
1781683200,404.0003,405.0,402.9145,404.33,0.0
1781686800,403.8,404.3807,403.2,403.7,0.0
1781690400,403.71,404.9,403.5112,403.64,0.0
1781694000,403.52,436.59,403.15,403.64,0.0
1781697600,403.68,403.81,400.52,400.88,0.0
1781701200,400.895,402.367,400.62,401.52,0.0
1781703000,401.5299987792969,403.5400085449219,397.8399963378906,401.67999267578125,9039902.0
1781706600,401.7099914550781,401.8900146484375,397.6000061035156,398.67498779296875,5636280.0
1781710200,398.72869873046875,405.0899963378906,398.45001220703125,404.6300048828125,4933067.0
1781713800,404.6300048828125,405.8900146484375,402.57000732421875,404.239990234375,4068326.0
1781717400,404.260009765625,405.79998779296875,398.3999938964844,401.2301025390625,4504587.0
1781721000,401.34051513671875,404.2449951171875,397.4200134277344,397.77569580078125,5188768.0
1781724600,397.7300109863281,398.489501953125,393.760009765625,396.32000732421875,4963438.0
1781726400,396.48,397.78,395.7978,397.187,0.0
1781730000,397.2,397.78,384.7504,397.1,0.0
1781733600,397.01,397.99,396.45,397.5687,0.0
1781737200,397.51,397.99,397.05,397.75,0.0
1781769600,399.56,399.7988,396.38,398.9,0.0
1781773200,398.8,399.4845,398.0,398.67,0.0
1781776800,398.67,399.18,398.0796,398.45,0.0
1781780400,398.4746,398.75,396.38,397.525,0.0
1781784000,397.46,398.47,397.4,397.913,0.0
1781787600,398.0,400.0,397.63,398.92,0.0
1781789400,398.0849914550781,399.0,385.42999267578125,386.135009765625,14861899.0
1781793000,386.1099853515625,391.04998779296875,384.70001220703125,389.54888916015625,6727939.0
1781796600,389.5849914550781,393.45001220703125,387.3999938964844,392.20001220703125,6043843.0
1781800200,392.1600036621094,395.5899963378906,391.69000244140625,395.19000244140625,4720795.0
1781803800,395.20001220703125,397.1700134277344,394.17010498046875,394.19500732421875,5293516.0
1781807400,394.19000244140625,396.3398132324219,393.7349853515625,395.8699951171875,3608055.0
1781811000,395.93060302734375,402.5199890136719,395.5,400.42999267578125,7043465.0
1781812800,400.43,400.97,398.67,399.55,0.0
1781816400,399.58,400.49,399.28,399.36,0.0
1781820000,399.41,399.79,397.58,398.3,0.0
1781823600,398.26,398.89,398.0575,398.73,0.0
1782115200,396.0,396.08,390.84,393.8303,0.0
1782118800,393.88,395.4997,393.5207,395.02,0.0
1782122400,395.04,395.32,394.09,394.23,0.0
1782126000,394.16,400.49,393.484,395.23,0.0
1782129600,395.33,397.32,395.0,396.9,0.0
1782133200,396.975,400.49,392.5,394.77,0.0
1782135000,394.8500061035156,414.75,394.4700012207031,409.80499267578125,14722666.0
1782138600,409.8900146484375,411.6394958496094,401.5799865722656,409.7200012207031,8972153.0
1782142200,409.7900085449219,410.9800109863281,406.2699890136719,407.1700134277344,4577992.0
1782145800,407.17999267578125,409.58990478515625,406.1300048828125,407.04730224609375,3211072.0
1782149400,407.04998779296875,409.44000244140625,405.55999755859375,407.0950012207031,3277878.0
1782153000,407.1099853515625,408.2200012207031,403.0205993652344,406.1549987792969,3888186.0
1782156600,406.1499938964844,407.1400146484375,404.4599914550781,405.0400085449219,3744994.0
1782158400,405.05,405.24,379.496,404.2512,0.0
1782162000,404.27,405.05,377.7957,404.68,0.0
1782165600,404.76,405.05,403.54,403.66,0.0
1782169200,403.65,403.7,403.14,403.661,0.0
1782201600,396.33,399.87,389.99,391.7812,0.0
1782205200,391.05,394.76,391.05,393.75,0.0
1782208800,394.04,394.14,392.0,392.65,0.0
1782212400,392.71,405.05,391.45,394.7,0.0
1782216000,394.75,396.6955,393.7,393.88,0.0
1782219600,393.94,395.0,352.42,392.29,0.0
1782221400,389.5,392.32000732421875,386.1000061035156,388.0849914550781,11893281.0
1782225000,388.07501220703125,389.6400146484375,383.239990234375,383.57501220703125,6692894.0
1782228600,383.6000061035156,385.6499938964844,382.04998779296875,383.44500732421875,5871954.0
1782232200,383.44000244140625,385.69000244140625,382.3800048828125,385.18499755859375,4541004.0
1782235800,385.20001220703125,385.8299865722656,380.54998779296875,381.54998779296875,4416683.0
1782239400,381.5199890136719,382.1099853515625,379.05999755859375,381.6199951171875,5004925.0
1782243000,381.69000244140625,382.6400146484375,380.7101135253906,381.57000732421875,4536210.0
1782244800,382.33,382.43,381.11,381.6996,0.0
1782248400,381.6994,382.58,381.61,382.55,0.0
1782252000,382.5791,382.99,382.0,382.3448,0.0
1782255600,382.38,382.79,381.69,382.46,0.0
1782288000,383.8635,384.39,381.61,383.7,0.0
1782291600,383.68,384.49,383.5382,383.7925,0.0
1782295200,383.86,384.5,383.04,383.99,0.0
1782298800,383.99,384.7,382.81,383.35,0.0
1782302400,383.225,384.45,383.2,383.6137,0.0
1782306000,383.76,418.42,379.8,379.99,0.0
1782307800,380.00799560546875,384.5799865722656,378.6000061035156,382.0,7580998.0
1782311400,382.0849914550781,384.3599853515625,379.6000061035156,383.7732849121094,4526476.0
1782315000,383.80999755859375,384.0,380.1300048828125,381.3800048828125,3143253.0
1782318600,381.3828125,381.3828125,375.25,375.52459716796875,4252415.0
1782322200,375.5101013183594,377.5799865722656,373.6600036621094,376.9800109863281,5406178.0
1782325800,377.010009765625,377.2300109863281,373.04998779296875,376.2200012207031,4592128.0
1782329400,376.260009765625,377.3900146484375,375.2699890136719,375.3599853515625,3120273.0
1782331200,375.38,395.7978,374.0,377.57,0.0
1782334800,377.53,378.4999,375.53,378.45,0.0
1782338400,378.45,378.88,375.53,377.37,0.0
1782342000,377.37,378.3,377.24,378.0,0.0
1782374400,378.18,379.66,374.5,378.52,0.0
1782378000,378.4,378.66,377.0,377.48,0.0
1782381600,377.49,378.64,377.11,378.2232,0.0
1782385200,378.26,378.62,374.79,376.24,0.0
1782388800,376.24,376.46,375.61,376.1851,0.0
1782392400,376.28,378.38,374.6,375.53,0.0
1782394200,378.125,378.5400085449219,371.22100830078125,376.4150085449219,8572495.0
1782397800,376.4150085449219,378.20001220703125,372.35009765625,375.0,4221085.0
1782401400,375.1000061035156,377.3399963378906,374.0400085449219,374.3900146484375,2964478.0
1782405000,374.37799072265625,375.2789001464844,372.0299987792969,374.3550109863281,2768816.0
1782408600,374.3699951171875,375.989990234375,372.5,375.8999938964844,2436619.0
1782412200,375.8999938964844,375.94000244140625,372.55999755859375,373.5400085449219,3270523.0
1782415800,373.5199890136719,375.25,373.0799865722656,375.1499938964844,2580284.0
1782417600,375.15,377.0,374.1095,374.5,0.0
1782421200,374.75,389.4538,355.4267,374.6303,0.0
1782424800,374.69,389.7652,370.219,374.59,0.0
1782428400,374.43,375.6,374.0,374.4,0.0
1782460800,369.58,371.8288,367.4207,371.0,0.0
1782464400,371.3,373.02,369.9,370.5217,0.0
1782468000,370.5,371.81,369.88,370.57,0.0
1782471600,370.7588,371.42,370.5,370.68,0.0
1782475200,370.65,371.4,370.44,371.0,0.0
1782478800,371.05,371.18,368.5,370.07,0.0
1782480600,370.1400146484375,377.8900146484375,368.6000061035156,377.40008544921875,9172919.0
1782484200,377.4599914550781,385.20001220703125,376.3500061035156,384.8999938964844,6701943.0
1782487800,384.9049987792969,387.79998779296875,382.30999755859375,383.0199890136719,6667971.0
1782491400,382.9949951171875,387.3800048828125,382.95001220703125,385.68499755859375,4404173.0
1782495000,385.68499755859375,386.5299987792969,382.5400085449219,382.5502014160156,3852693.0
1782498600,382.5799865722656,383.5799865722656,379.04998779296875,379.760009765625,4332925.0
1782502200,379.80999755859375,382.9599914550781,378.5487976074219,379.19000244140625,5581518.0
1782504000,379.71,381.26,365.5226,377.1247,0.0
1782507600,377.3,379.71,377.09,377.56,0.0
1782511200,377.5,378.08,377.3,377.91,0.0
1782514800,377.91,378.3,377.81,377.86,0.0
1782720000,383.43,383.89,381.022,382.9982,0.0
1782723600,382.81,383.5265,382.204,382.63,0.0
1782727200,382.6,382.7965,382.0,382.4464,0.0
1782730800,382.42,383.11,379.71,382.805,0.0
1782734400,382.805,383.68,381.6,381.725,0.0
1782738000,381.72,382.82,381.18,381.85,0.0
1782739800,381.5,396.6400146484375,381.3299865722656,395.6600036621094,13288132.0
1782743400,395.67999267578125,398.3887023925781,394.4700012207031,397.7101135253906,6684956.0
1782747000,397.7900085449219,404.3399963378906,397.69000244140625,403.989990234375,6673048.0
1782750600,403.989990234375,409.0199890136719,402.010009765625,408.7900085449219,6429035.0
1782754200,408.7601013183594,410.6700134277344,408.2101135253906,409.0,6394457.0
1782757800,408.9849853515625,413.1199951171875,408.5,411.94000244140625,6709730.0
1782761400,411.9800109863281,413.2699890136719,410.9800109863281,411.7900085449219,5919621.0
1782763200,411.84,412.5,410.34,410.98,0.0
1782766800,411.0,432.7936,410.93,411.08,0.0
1782770400,410.9913,411.1,408.59,408.915,0.0
1782774000,408.9779,411.84,408.51,408.9999,0.0
1782806400,409.6845,412.0,408.9477,409.5888,0.0
1782810000,409.5331,409.5331,407.52,408.31,0.0
1782813600,408.2,408.58,407.75,408.3,0.0
1782817200,408.37,411.84,407.52,408.09,0.0
1782820800,408.09,408.61,405.35,405.8999,0.0
1782824400,405.88,406.81,403.51,405.9,0.0
1782826200,406.0,416.29998779296875,406.0,414.8999938964844,11013979.0
1782829800,414.9975891113281,416.3800048828125,412.67999267578125,415.4599914550781,4810841.0
1782833400,415.44000244140625,417.989990234375,415.1400146484375,416.44000244140625,4004414.0
1782837000,416.57000732421875,419.5,416.4150085449219,418.260009765625,3247520.0
1782840600,418.2449951171875,419.6499938964844,416.0,418.9649963378906,3313356.0
1782844200,418.9800109863281,424.5400085449219,418.33551025390625,423.4599914550781,7163200.0
1782847800,423.4949951171875,423.79998779296875,420.29998779296875,420.32000732421875,4363767.0
1782849600,420.31,420.68,417.2,418.13,0.0
1782853200,418.15,434.1948,400.748,417.51,0.0
1782856800,417.51,417.74,416.0,416.01,0.0
1782860400,416.0174,420.6,415.8,415.99,0.0
1782892800,420.6,420.6,413.91,418.9242,0.0
1782896400,418.92,419.02,417.0045,417.12,0.0
1782900000,417.13,419.33,417.0,419.27,0.0
1782903600,419.26,421.5124,418.4075,420.39,0.0
1782907200,420.16,420.45,417.95,419.7312,0.0
1782910800,419.65,421.42,418.02,421.27,0.0
1782912600,421.57000732421875,427.70001220703125,418.090087890625,427.0799865722656,10485228.0
1782916200,427.07501220703125,432.8598937988281,424.0,431.82000732421875,7735463.0
1782919800,431.8999938964844,432.1199951171875,427.17999267578125,428.0,4294027.0
1782923400,427.989990234375,428.3999938964844,425.4599914550781,426.4849853515625,3019880.0
1782927000,426.4849853515625,426.760009765625,424.25,424.5950012207031,3073676.0
1782930600,424.5950012207031,426.57989501953125,423.67999267578125,425.989990234375,4061675.0
1782934200,425.989990234375,427.2699890136719,424.94000244140625,425.3699951171875,3642833.0
1782936000,425.3,425.8497,395.7978,424.84,0.0
1782939600,424.82,425.3,424.1,424.1,0.0
1782943200,424.11,424.28,423.0,423.59,0.0
1782946800,423.6015,425.3,422.75,423.19,0.0
1782979200,422.72,424.6849,421.55,422.95,0.0
1782982800,422.8722,427.57,422.5777,427.54,0.0
1782986400,427.58,430.45,426.1,428.33,0.0
1782990000,428.5,429.3965,384.98,427.5957,0.0
1782993600,427.4,429.5,426.66,429.35,0.0
1782997200,429.25,437.96,424.33,428.25,0.0
1782999000,428.2300109863281,432.3500061035156,401.0,401.510009765625,20955488.0
1783002600,401.6499938964844,402.6600036621094,394.25,396.92999267578125,13556771.0
1783006200,396.92999267578125,400.79998779296875,392.7904052734375,392.92999267578125,8181506.0
1783009800,392.92999267578125,393.32989501953125,390.0799865722656,391.0299987792969,6737916.0
1783013400,391.06500244140625,394.45001220703125,389.8900146484375,393.739990234375,6330886.0
1783017000,393.6499938964844,394.364990234375,389.30108642578125,391.2099914550781,5162994.0
1783020600,391.2099914550781,394.19000244140625,390.9100036621094,392.82000732421875,5476606.0
1783022400,393.45,393.88,392.07,393.5,0.0
1783026000,393.47,393.75,393.17,393.35,0.0
1783029600,393.3498,394.87,393.03,394.49,0.0
1783033200,394.47,394.6,393.69,394.399,0.0
1783324800,399.4,399.5,396.0065,398.53,0.0
1783328400,398.47,399.75,398.0612,399.7156,0.0
1783332000,399.75,400.3122,399.14,399.7023,0.0
1783335600,399.74,399.95,393.45,398.65,0.0
1783339200,398.661,399.45,397.5928,397.7,0.0
1783342800,397.68,399.97,397.25,397.43,0.0
1783344600,397.32000732421875,406.739990234375,390.5,405.2250061035156,12210129.0
1783348200,405.29998779296875,411.67999267578125,403.4100036621094,411.3800048828125,7046529.0
1783351800,411.30999755859375,418.3500061035156,411.0101013183594,416.7099914550781,7543244.0
1783355400,416.7200012207031,419.54998779296875,415.7099914550781,416.6400146484375,5988759.0
1783359000,416.6400146484375,417.6199951171875,414.0101013183594,417.6199951171875,4694882.0
1783362600,417.6199951171875,418.2699890136719,415.9005126953125,417.20001220703125,4634986.0
1783366200,417.1099853515625,420.0,416.3900146484375,419.7699890136719,5508306.0
1783368000,419.85,419.95,400.49,419.11,0.0
1783371600,419.18,439.4753,419.07,419.25,0.0
1783375200,419.285,419.285,417.6,417.7776,0.0
1783378800,417.7,418.47,416.55,416.9895,0.0
1783411200,414.5,419.77,412.0,414.7,0.0
1783414800,414.7711,415.3297,413.9,414.5222,0.0
1783418400,414.65,416.5,414.41,416.14,0.0
1783422000,416.03,418.5,415.54,417.74,0.0
1783425600,417.6,419.0,417.1,417.55,0.0
1783429200,417.435,447.2,415.01,416.96,0.0
1783431000,416.9700012207031,419.54998779296875,406.8999938964844,409.42498779296875,10436488.0
1783434600,409.4549865722656,410.20001220703125,405.4599914550781,406.3500061035156,4779848.0
1783438200,406.3999938964844,407.9800109863281,404.4534912109375,407.42999267578125,4673168.0
1783441800,407.4200134277344,410.1000061035156,405.79998779296875,406.9849853515625,3797467.0
1783445400,407.0299987792969,408.3900146484375,406.0299987792969,406.4649963378906,2335641.0
1783449000,406.4700012207031,406.6095886230469,401.8800048828125,403.04998779296875,3885672.0
1783452600,403.0799865722656,405.1099853515625,402.2799987792969,402.9800109863281,3645981.0
1783454400,402.9,404.46,402.02,404.145,0.0
1783458000,404.19,422.3693,402.9,403.775,0.0
1783461600,403.97,404.39,402.9,403.9,0.0
1783465200,404.0,404.4,403.01,403.78,0.0
1783497600,402.5,403.81,398.57,398.79,0.0
1783501200,398.82,399.6,396.3048,397.2,0.0
1783504800,397.13,398.97,396.41,397.74,0.0
1783508400,397.74,398.88,395.99,396.34,0.0
1783512000,396.3284,399.26,396.0,399.26,0.0
1783515600,399.26,401.61,398.0,399.63,0.0
1783517400,399.375,399.6300048828125,393.4100036621094,395.33990478515625,9677493.0
1783521000,395.2900085449219,395.6000061035156,390.9599914550781,391.9700012207031,5420201.0
1783524600,391.9100036621094,394.6600036621094,391.6499938964844,393.8550109863281,3177960.0
1783528200,393.7799987792969,395.07000732421875,392.79998779296875,394.8699951171875,2310406.0
1783531800,394.92999267578125,395.5,391.2500915527344,391.42999267578125,2930841.0
1783535400,391.40008544921875,393.2300109863281,390.510009765625,392.7900085449219,3788517.0
1783539000,392.79998779296875,396.07000732421875,392.7200012207031,393.8699951171875,3460418.0
1783540800,394.06,407.4747,392.45,393.02,0.0
1783544400,392.94,407.4747,388.5537,393.62,0.0
1783548000,393.6584,393.8,393.23,393.3,0.0
1783551600,393.27,394.0,393.1,393.9987,0.0
1783584000,396.9275,398.43,394.24,397.45,0.0
1783587600,397.45,397.5997,395.55,396.2,0.0
1783591200,396.19,396.3817,395.63,395.76,0.0
1783594800,395.5956,395.97,393.86,394.3388,0.0
1783598400,393.93,396.27,393.69,394.555,0.0
1783602000,394.78,395.4,393.64,394.0,0.0
1783603800,393.93798828125,398.45989990234375,390.86309814453125,394.5249938964844,8113673.0
1783607400,394.5450134277344,397.0,393.05010986328125,395.79998779296875,3369289.0
1783611000,395.80999755859375,402.0299987792969,395.68011474609375,398.6199951171875,5638799.0
1783614600,398.57000732421875,405.4700012207031,398.0400085449219,404.46051025390625,4258292.0
1783618200,404.44000244140625,407.8500061035156,402.8599853515625,407.39111328125,4023451.0
1783621800,407.44000244140625,407.8599853515625,405.57000732421875,405.7500915527344,3345672.0
1783625400,405.75,406.6050109863281,403.8500061035156,406.5400085449219,3610369.0
1783627200,406.55,433.9217,389.4538,406.59,0.0
1783630800,406.65,433.9217,389.4538,405.25,0.0
1783634400,405.25,405.43,393.795,405.0,0.0
1783638000,405.18,405.33,404.5,405.095,0.0
1783670400,404.01,406.55,403.7175,403.81,0.0
1783674000,403.8199,403.9925,401.5,403.3982,0.0
1783677600,403.3317,405.496,403.15,404.7536,0.0
1783681200,404.83,407.0,404.83,406.249,0.0
1783684800,406.2637,408.48,406.1,407.73,0.0
1783688400,407.9,411.11,406.89,410.59,0.0
1783690200,410.489990234375,412.5799865722656,404.9100036621094,407.57501220703125,9179064.0
1783693800,407.5799865722656,409.7998962402344,402.8100891113281,409.56500244140625,4614917.0
1783697400,409.6300048828125,412.0899963378906,406.8203125,410.6600036621094,4474776.0
1783701000,410.70001220703125,413.1600036621094,408.27801513671875,410.19500732421875,4185454.0
1783704600,410.19500732421875,411.19000244140625,408.2300109863281,408.9200134277344,3007674.0
1783708200,408.95001220703125,409.919189453125,407.79998779296875,408.8999938964844,3035389.0
1783711800,408.8999938964844,410.4549865722656,407.17498779296875,407.7449951171875,2467788.0
1783713600,407.76,407.8,399.763,407.7,0.0
1783717200,407.72,423.4646,407.2,407.37,0.0
1783720800,407.365,407.38,407.03,407.085,0.0
1783724400,407.09,407.65,407.05,407.59,0.0
1783929600,401.49,403.4,398.5,402.5739,0.0
1783933200,402.5,403.96,402.0,403.5,0.0
1783936800,403.51,404.01,403.01,403.69,0.0
1783940400,403.654,406.0,403.2012,405.06,0.0
1783944000,405.2014,405.438,403.0,403.1,0.0
1783947600,403.01,404.6717,402.66,404.62,0.0
1783949400,404.6099853515625,405.3999938964844,392.7401123046875,397.78009033203125,9399959.0
1783953000,397.79998779296875,399.29998779296875,396.25,397.2349853515625,4217838.0
1783956600,397.29998779296875,398.1600036621094,393.55999755859375,394.1499938964844,3403572.0
1783960200,394.17999267578125,395.1000061035156,392.7900085449219,393.40948486328125,3160999.0
1783963800,393.4100036621094,394.19000244140625,392.5,392.6191101074219,2745537.0
1783967400,392.6449890136719,393.489990234375,391.3700866699219,392.04998779296875,3122935.0
1783971000,392.04998779296875,394.95001220703125,391.94000244140625,394.75,3346387.0
1783972800,394.76,394.99,367.3895,393.6856,0.0
1783976400,394.0,394.76,367.3895,393.86,0.0
1783980000,393.975,394.76,393.35,393.5,0.0
1783983600,393.4,393.58,392.5911,393.024,0.0
1784016000,395.05,396.23,393.21,395.36,0.0
1784019600,395.3,395.5,394.1371,395.14,0.0
1784023200,395.0,395.3617,394.01,394.5156,0.0
1784026800,394.5151,395.75,394.3105,395.3618,0.0
1784030400,395.5,397.01,395.36,396.98,0.0
1784034000,396.98,400.25,396.98,399.0,0.0
1784035800,399.1000061035156,400.82000732421875,395.2019958496094,397.5118103027344,6254297.0
1784039400,397.57000732421875,402.2200012207031,396.70001220703125,399.7099914550781,3777980.0
1784043000,399.76611328125,399.8500061035156,395.6405944824219,396.4956970214844,2910159.0
1784046600,396.5232849121094,398.1700134277344,394.760009765625,395.3349914550781,2139474.0
1784050200,395.3349914550781,396.9200134277344,394.9200134277344,396.4150085449219,1758337.0
1784053800,396.4150085449219,397.3299865722656,395.4100036621094,396.6000061035156,1831547.0
1784057400,396.6319885253906,397.09820556640625,395.239990234375,396.05999755859375,1834299.0
1784059200,396.104,421.3994,369.6616,395.285,0.0
1784062800,395.22,421.3994,368.1134,395.2301,0.0
1784066400,395.26,395.47,395.01,395.18,0.0
1784070000,395.2,396.09,395.15,395.8,0.0
1784102400,397.49,398.0653,396.18,397.0,0.0
1784106000,397.0,397.2588,396.53,396.6542,0.0
1784109600,396.8188,396.86,396.25,396.42,0.0
1784113200,396.51,397.25,396.31,396.66,0.0
1784116800,396.6012,396.99,396.38,396.92,0.0
1784120400,396.82,399.5,396.7,399.48,0.0
1784122200,401.1899108886719,406.5895080566406,393.2359924316406,397.6499938964844,10010222.0
1784125800,397.6199951171875,398.7699890136719,394.82000732421875,397.43499755859375,3499266.0
1784129400,397.43499755859375,397.760009765625,391.70001220703125,392.67999267578125,3216148.0
1784133000,392.68499755859375,396.2900085449219,390.6600036621094,395.9599914550781,3492060.0
1784136600,395.989990234375,399.3599853515625,395.82000732421875,396.57000732421875,3568697.0
1784140200,396.55999755859375,397.7799987792969,394.5509948730469,394.760009765625,2413483.0
1784143800,394.760009765625,395.3999938964844,394.0299987792969,394.19000244140625,2220008.0
1784145600,394.46,395.7978,393.35,394.87,0.0
1784149200,394.801,395.0,384.7504,394.64,0.0
1784152800,394.65,395.13,394.46,394.91,0.0
1784156400,394.87,395.0,394.6,394.8,0.0
1784188800,393.96,395.92,392.954,394.1225,0.0
1784192400,394.11,395.2488,394.11,394.65,0.0
1784196000,394.57,394.9388,393.93,394.3,0.0
1784199600,394.26,395.19,392.94,392.94,0.0
1784203200,392.98,393.6,392.1,392.43,0.0
1784206800,392.6,393.0115,391.37,392.3,0.0
1784208600,392.3500061035156,394.989990234375,385.32000732421875,394.6050109863281,9388648.0
1784212200,394.6994934082031,395.30999755859375,392.0400085449219,393.7300109863281,3901679.0
1784215800,393.80999755859375,394.5899963378906,387.79998779296875,389.2898864746094,3324009.0
1784219400,389.2898864746094,389.6000061035156,387.260009765625,389.0150146484375,2467972.0
1784223000,389.0361022949219,391.19000244140625,386.8599853515625,390.55499267578125,2488070.0
1784226600,390.5899963378906,391.34991455078125,389.1615905761719,390.30499267578125,2415004.0
1784230200,390.2300109863281,391.8500061035156,389.3500061035156,391.1000061035156,2401271.0
1784232000,391.17,391.17,389.9,390.16,0.0
1784235600,390.225,390.7,380.7347,390.54,0.0
1784239200,390.62,391.06,388.58,389.4,0.0
1784242800,389.74,389.95,387.93,388.6507,0.0
1784275200,384.97,391.06,383.0,383.22,0.0
1784278800,383.22,385.05,382.48,385.05,0.0
1784282400,385.08,385.68,383.258,383.85,0.0
1784286000,383.99,391.06,383.81,384.75,0.0
1784289600,384.9,384.9,382.86,382.86,0.0
1784293200,382.93,383.4,380.28,382.16,0.0
1784295000,381.2900085449219,383.25,377.2200012207031,380.95001220703125,9638632.0
1784298600,380.9859924316406,381.94000244140625,378.510009765625,380.65008544921875,4072747.0
1784302200,380.69989013671875,384.239990234375,378.79998779296875,382.54998779296875,3990597.0
1784305800,382.55999755859375,385.6899108886719,382.1600036621094,384.5299987792969,2886072.0
1784309400,384.4949951171875,384.77459716796875,381.2449951171875,381.6499938964844,2791542.0
1784313000,381.6499938964844,382.5,380.5799865722656,382.4549865722656,2144718.0
1784316600,382.5,383.2099914550781,380.6860046386719,380.69000244140625,2477574.0
1784318400,380.84,463.9364,367.864,380.2,0.0
1784322000,380.29,380.84,379.72,379.765,0.0
1784325600,379.79,380.48,379.73,380.2,0.0
1784329200,380.09,380.4,380.0,380.03,0.0
1784534400,382.622,382.622,379.31,382.0639,0.0
1784538000,382.06,382.14,380.6212,381.99,0.0
1784541600,381.9402,382.68,381.71,381.94,0.0
1784545200,381.93,384.59,380.84,383.9,0.0
1784548800,384.0,385.88,383.9,384.9,0.0
1784552400,384.9,386.4,383.0,385.84,0.0
1784554200,384.1099853515625,384.5,373.7200012207031,374.8500061035156,8721239.0
1784557800,374.8569030761719,375.5199890136719,372.8999938964844,373.9200134277344,4037832.0
1784561400,373.94000244140625,377.0,371.6400146484375,375.31500244140625,4634891.0
1784565000,375.3500061035156,375.54998779296875,372.010009765625,372.17999267578125,2698125.0
1784568600,372.17999267578125,374.6000061035156,370.760009765625,372.5899963378906,3703813.0
1784572200,372.6000061035156,372.75,369.5799865722656,371.04998779296875,4081958.0
1784575800,371.010009765625,371.8999938964844,369.42498779296875,369.5899963378906,3278841.0
1784577600,369.54,379.496,364.6697,370.09,0.0
1784581200,370.09,370.48,347.4276,370.29,0.0
1784584800,370.3,370.3,369.41,369.6988,0.0
1784588400,369.6997,370.8,369.69,370.5,0.0
1784620800,372.71,374.69,369.57,374.43,0.0
1784624400,374.4,374.62,373.75,374.5,0.0
1784628000,374.5,374.5055,373.75,374.29,0.0
1784631600,374.36,374.56,371.94,372.1471,0.0
1784635200,372.19,374.0,369.57,372.725,0.0
1784638800,372.7453,372.7453,370.13,371.34,0.0
1784640600,370.9800109863281,383.3500061035156,369.989990234375,382.6099853515625,10942094.0
1784644200,382.54998779296875,384.07000732421875,380.9466857910156,381.9100036621094,4968329.0
1784647800,381.9100036621094,382.3699951171875,380.4700012207031,381.3349914550781,2599585.0
1784651400,381.3699951171875,381.7099914550781,379.1199951171875,379.43011474609375,2359397.0
1784655000,379.45379638671875,380.6899108886719,379.1099853515625,380.0400085449219,1799436.0
1784658600,380.0400085449219,380.17999267578125,376.8999938964844,376.90008544921875,1823275.0
1784662200,376.94500732421875,379.5799865722656,376.70001220703125,378.9198913574219,2744738.0
1784664000,378.93,380.0,352.5135,379.137,0.0
1784667600,379.023,379.8,378.93,379.5,0.0
1784671200,379.4,379.52,378.55,379.15,0.0
1784674800,379.16,379.6,378.85,379.5,0.0
1784707200,376.6385,379.3292,376.52,377.0812,0.0
1784710800,377.0812,379.4,377.0812,378.22,0.0
1784714400,378.22,378.99,377.2112,378.008,0.0
1784718000,378.312,378.84,376.95,377.01,0.0
1784721600,377.015,377.4,375.5,376.1975,0.0
1784725200,376.18,378.93,374.44,375.57,0.0
1784727000,377.635009765625,380.1700134277344,375.44000244140625,377.4849853515625,6103922.0
1784730600,377.510009765625,378.70001220703125,376.25,377.9974060058594,2948671.0
1784734200,377.99951171875,378.95001220703125,376.2421875,377.3699035644531,2189109.0
1784737800,377.3699951171875,378.2998962402344,376.7900085449219,377.20001220703125,1553839.0
1784741400,377.1400146484375,377.3550109863281,375.1499938964844,375.760009765625,2272416.0
1784745000,375.7300109863281,376.04998779296875,373.75,374.80499267578125,3000013.0
1784748600,374.7799987792969,375.2300109863281,372.8999938964844,374.0509948730469,2507473.0
1784750400,374.13,379.2,360.25,364.51,0.0
1784754000,364.67,388.5537,349.2396,358.484,0.0
1784757600,358.46,359.75,356.0,359.2714,0.0
1784761200,359.29,359.33,357.56,358.8,0.0
1784793600,357.12,374.01,352.6,353.13,0.0
1784797200,353.18,354.43,351.88,353.5,0.0
1784800800,353.45,353.4822,350.8,351.0,0.0
1784804400,351.0,374.01,349.34,349.4,0.0
1784808000,349.62,350.3472,345.53,345.899,0.0
1784811600,345.9,346.05,340.65,341.085,0.0
1784813400,341.0,341.8599853515625,322.8500061035156,323.9198913574219,38456959.0
1784817000,323.8550109863281,325.6600036621094,318.54998779296875,319.53509521484375,15193185.0
1784820600,319.53509521484375,326.3399963378906,319.5,325.1700134277344,14474323.0
1784824200,325.29998779296875,325.57501220703125,320.8100891113281,321.6700134277344,7990240.0
1784827800,321.7300109863281,322.69000244140625,320.4100036621094,321.19500732421875,6452210.0
1784831400,321.1700134277344,322.159912109375,319.57000732421875,319.83990478515625,8495162.0
1784835000,319.79998779296875,323.3995056152344,315.7349853515625,319.4599914550781,14334220.0
1784836800,319.19,324.25,318.89,323.99,0.0
1784840400,323.88,345.4326,318.9061,323.77,0.0
1784844000,323.79,324.45,323.1,324.1,0.0
1784847600,324.01,324.42,323.1,324.0,0.0
1784880000,320.12,325.288,319.69,323.651,0.0
1784883600,323.69,324.61,322.4,323.81,0.0
1784887200,323.87,324.9465,323.12,323.23,0.0
1784890800,323.2272,323.91,321.8,322.38,0.0
1784894400,322.46,323.0689,321.12,322.145,0.0
1784898000,322.15,325.0,320.5,320.71,0.0
1784899800,320.9649963378906,322.9599914550781,312.04998779296875,312.54998779296875,17384351.0
1784903400,312.4400939941406,313.1600036621094,308.30999755859375,310.385009765625,12536061.0
1784907000,310.3200988769531,311.9800109863281,309.6300048828125,310.46148681640625,5283026.0
1784910600,310.45001220703125,311.2699890136719,308.0,309.44989013671875,5064850.0
1784914200,309.4599914550781,310.010009765625,307.30999755859375,307.32000732421875,5426754.0
1784917800,307.32501220703125,309.9200134277344,306.510009765625,309.2900085449219,6092710.0
1784921400,309.2900085449219,313.239990234375,309.2099914550781,313.0,6884516.0
1784923200,312.91,314.33,300.2652,312.59,0.0
1784926800,312.55,313.5,300.2652,312.85,0.0
1784930400,312.8,312.89,311.5,311.7028,0.0
1784934000,311.84,312.3,310.84,311.38,0.0
1785139200,315.48,318.4,314.455,318.25,0.0
1785142800,318.23,318.3932,317.2,317.26,0.0
1785146400,317.26,318.0,317.11,317.4,0.0
1785150000,317.4852,317.6437,315.26,315.29,0.0
1785153600,315.494,316.46,315.0,315.67,0.0
1785157200,315.6155,316.89,312.85,313.3588,0.0
1785159000,314.5000915527344,317.0,306.8900146484375,306.9750061035156,12971459.0
1785162600,306.91009521484375,310.7300109863281,304.2799987792969,308.54998779296875,7282651.0
1785166200,308.5,310.4519958496094,307.0299987792969,309.3999938964844,4076396.0
1785169800,309.3500061035156,310.33740234375,306.70001220703125,307.3900146484375,3309758.0
1785173400,307.3900146484375,308.7900085449219,305.5400085449219,306.5,3569175.0
1785177000,306.44000244140625,308.72900390625,305.44000244140625,308.3349914550781,4096677.0
1785180600,308.32000732421875,309.3399963378906,307.3399963378906,309.239990234375,4013171.0
1785182400,309.23,320.8556,308.38,309.29,0.0
1785186000,309.25,313.2122,295.1304,308.91,0.0
1785189600,308.95,308.97,307.63,307.8308,0.0
1785193200,307.8297,308.26,307.35,308.1,0.0
1785225600,304.97,309.22,302.89,305.3,0.0
1785229200,305.3,306.37,305.05,305.99,0.0
1785232800,305.86,305.86,304.2912,305.0,0.0
1785236400,304.9887,305.5,303.7,304.25,0.0
1785240000,304.2395,306.39,303.57,306.112,0.0
1785243600,306.19,308.09,304.57,306.18,0.0
1785245400,305.92498779296875,307.19000244140625,300.6900939941406,302.5851135253906,11534447.0
1785249000,302.6059875488281,306.6300048828125,301.2200012207031,306.2662048339844,5673171.0
1785252600,306.2200012207031,311.1499938964844,305.9100036621094,306.55999755859375,6077648.0
1785256200,306.55999755859375,308.05999755859375,306.25,307.17999267578125,3120514.0
1785259800,307.1499938964844,307.69000244140625,305.76220703125,306.7799987792969,2889634.0
1785263400,306.8194885253906,307.5994873046875,305.5400085449219,306.70001220703125,2997942.0
1785267000,306.7099914550781,307.5,305.0400085449219,307.4873962402344,2869870.0
1785268800,307.44,309.0,301.7349,306.4,0.0
1785272400,306.4,325.8724,296.5956,306.0814,0.0
1785276000,306.06,306.37,304.18,304.47,0.0
1785279600,304.2001,306.86,303.48,306.86,0.0
1785312000,306.89,306.93,301.77,304.375,0.0
1785315600,304.4697,306.7965,304.34,306.3,0.0
1785319200,306.39,307.7996,306.2037,306.9001,0.0
1785322800,307.3377,309.2,305.89,308.6188,0.0
1785326400,308.6,308.88,306.2177,306.6874,0.0
1785330000,306.8925,307.79,306.2,307.3,0.0
1785331800,307.32000732421875,309.0450134277344,302.41009521484375,303.3299865722656,7813607.0
1785335400,303.32080078125,304.4999084472656,301.7300109863281,302.635009765625,4136786.0
1785339000,302.60009765625,303.6700134277344,299.70001220703125,300.8999938964844,4920605.0
1785342600,300.8949890136719,304.159912109375,300.7799987792969,302.4569091796875,3243552.0
1785346200,302.3599853515625,305.5400085449219,301.9020080566406,302.6300048828125,3457705.0
1785349800,302.6300048828125,307.989990234375,301.32000732421875,302.07000732421875,4802529.0
1785353400,302.07000732421875,302.5799865722656,297.3800048828125,298.3500061035156,6329639.0
1785355200,298.43,311.6811,293.43,296.3,0.0
1785358800,296.2,311.6811,293.7,295.17,0.0
1785362400,295.18,298.32,295.17,297.2112,0.0
1785366000,297.211,297.75,296.5,296.9,0.0
1785398400,299.24,300.98,297.0468,300.65,0.0
1785402000,300.71,301.01,299.82,300.8325,0.0
1785405600,300.79,302.45,300.56,302.38,0.0
1785409200,302.4182,303.85,302.09,303.78,0.0
1785412800,303.78,304.25,303.0,303.6644,0.0
1785416400,303.56,305.08,302.71,303.0,0.0
1785418200,302.885009765625,309.1199951171875,301.3500061035156,309.1199951171875,11837369.0
1785421800,309.07501220703125,309.1000061035156,303.510009765625,304.5299987792969,5380990.0
1785425400,304.5199890136719,307.4800109863281,304.3999938964844,306.9949951171875,3532666.0
1785429000,306.9599914550781,307.44000244140625,304.5199890136719,306.9093017578125,2651502.0
1785432600,306.8800048828125,308.4800109863281,306.6968078613281,307.54010009765625,2514933.0
1785436200,307.5799865722656,310.42120361328125,307.0199890136719,309.8299865722656,3715147.0
1785439800,309.8349914550781,310.8699951171875,308.1700134277344,308.8900146484375,3379128.0
1785441600,308.85,308.85,306.1,308.05,0.0
1785445200,308.0698,309.39,308.01,308.85,0.0
1785448800,308.88,309.8,308.85,309.75,0.0
1785452400,309.75,309.9,308.85,309.0996,0.0
1785484800,315.82,317.3088,308.85,317.2139,0.0
1785488400,317.06,317.1927,314.5,314.718,0.0
1785492000,314.699,314.8927,313.33,314.41,0.0
1785495600,314.4,314.85,312.22,312.2494,0.0
1785499200,312.25,312.9,311.501,312.0815,0.0
1785502800,312.15,312.2727,308.96,309.55,0.0
1785504600,309.6000061035156,315.5,301.9700012207031,304.3450012207031,11536119.0
1785508200,304.3999938964844,310.1600036621094,304.2200012207031,305.7650146484375,6337917.0
1785511800,305.7699890136719,309.3999938964844,305.4200134277344,309.3999938964844,3309875.0
1785515400,309.3728942871094,311.0899963378906,308.70001220703125,310.5,3452844.0
1785519000,310.5,312.1532897949219,309.82000732421875,310.9200134277344,2577774.0
1785522600,310.9200134277344,311.5,309.760009765625,310.43499755859375,2586250.0
1785526200,310.489990234375,313.21148681640625,309.8999938964844,311.1199951171875,3271177.0
1785528000,311.21,319.69,308.82,309.5,0.0
1785531600,309.52,326.2686,298.6761,309.6156,0.0
1785535200,309.5644,311.21,309.5,309.51,0.0
1785538800,309.6,310.1,309.14,309.2615,0.0
1785744000,313.4802,316.0605,313.3,314.08,0.0
1785747600,314.08,315.0,313.6977,314.56,0.0
1785751200,314.5597,314.84,313.72,314.3437,0.0
1785754800,314.1491,314.4,312.2,313.2,0.0
1785758400,313.2002,313.78,310.98,312.2,0.0
1785762000,312.39,313.2,309.38,310.9,0.0
1785763800,311.010009765625,319.3699951171875,310.42498779296875,318.7149963378906,9392262.0
1785767400,318.7799987792969,324.20001220703125,317.4800109863281,323.1449890136719,6508698.0
1785771000,323.1400146484375,324.0899963378906,321.8399963378906,322.0799865722656,3837313.0
1785774600,322.0799865722656,322.375,319.3900146484375,322.125,4936261.0
1785778200,322.1400146484375,323.04998779296875,321.3299865722656,321.42999267578125,2875997.0
1785781800,321.42999267578125,324.6499938964844,321.0199890136719,322.75,3457322.0
1785785400,322.7650146484375,323.19989013671875,321.20001220703125,322.1282958984375,2968495.0
1785787200,322.08,323.0,304.8767,322.35,0.0
1785790800,322.45,322.95,302.9224,322.8189,0.0
1785794400,322.8,322.94,322.68,322.81,0.0
1785798000,322.8,323.0,322.6427,322.76,0.0
1785830400,325.2958,326.5922,323.79,324.86,0.0
1785834000,324.9737,325.1,323.0,323.85,0.0
1785837600,323.95,324.5,323.38,323.805,0.0
1785841200,323.805,324.9,322.08,324.1381,0.0
1785844800,324.0837,325.88,323.3,324.8807,0.0
1785848400,324.9198,325.88,323.25,323.98,0.0
1785850200,325.3450012207031,326.8999938964844,320.79010009765625,323.7298889160156,9435851.0
1785853800,323.6549987792969,325.0697021484375,322.79998779296875,323.92999267578125,3022532.0
1785857400,323.9200134277344,325.7900085449219,322.8599853515625,324.6000061035156,3255865.0
1785861000,324.6000061035156,327.45001220703125,324.3299865722656,327.04998779296875,2912103.0
1785864600,327.0450134277344,327.2499084472656,325.04998779296875,326.43011474609375,2488672.0
1785868200,326.4949951171875,329.57000732421875,326.4949951171875,327.7550048828125,4244582.0
1785871800,327.75,328.5799865722656,326.60009765625,327.4200134277344,2831423.0
1785873600,327.53,328.2,324.0,326.0203,0.0
1785877200,326.07,341.7997,304.9409,323.88,0.0
1785880800,323.85,325.6,323.7392,325.5941,0.0
1785884400,325.58,326.468,325.2356,325.38,0.0
1785916800,327.35,328.821,324.5,325.0178,0.0
1785920400,325.04,325.132,323.6,324.78,0.0
1785924000,324.8,325.18,323.2,323.44,0.0
1785927600,323.44,325.49,323.34,324.58,0.0
1785931200,324.67,325.27,324.0,324.7,0.0
1785934800,324.69,324.99,322.08,323.57,0.0
1785936600,323.6499938964844,327.1400146484375,320.42999267578125,324.114990234375,7457325.0
1785940200,324.05999755859375,324.8500061035156,321.0,322.2749938964844,3780662.0
1785943800,322.2699890136719,323.77301025390625,321.6499938964844,323.6199951171875,2470055.0
1785947400,323.6199951171875,324.4100036621094,322.67999267578125,323.02850341796875,1979261.0
1785951000,322.9800109863281,323.6000061035156,321.8299865722656,321.9700012207031,2134154.0
1785954600,321.989990234375,322.989990234375,320.2799987792969,322.7149963378906,3161969.0
1785958200,322.70001220703125,322.8399963378906,321.2200012207031,321.4599914550781,3540107.0
1785960000,321.45,323.16,309.9424,321.56,0.0
1785963600,321.52,326.2859,303.6383,321.4558,0.0
1785967200,321.65,322.88,321.46,321.98,0.0
1785970800,321.98,322.7,321.11,321.5,0.0
1786003200,322.0,322.9917,320.7782,322.22,0.0
1786006800,322.04,322.4,320.98,321.44,0.0
1786010400,321.42,322.2288,321.2467,322.01,0.0
1786014000,322.01,322.1,320.7,321.76,0.0
1786017600,321.74,322.23,321.01,321.6057,0.0
1786021200,321.5201,321.9197,316.63,317.05,0.0
1786023000,317.04998779296875,321.94000244140625,315.5205078125,320.7699890136719,6757338.0
1786026600,320.8299865722656,323.0,319.0199890136719,321.70001220703125,4294167.0
1786030200,321.70001220703125,322.2799987792969,318.2950134277344,318.61669921875,2734887.0
1786033800,318.5799865722656,319.45001220703125,317.7099914550781,317.9100036621094,2307593.0
1786037400,317.9049987792969,319.20001220703125,317.260009765625,318.5780944824219,2189326.0
1786041000,318.55499267578125,319.82940673828125,318.20001220703125,318.7699890136719,2365014.0
1786044600,318.79998779296875,320.1400146484375,318.30999755859375,319.6199951171875,2396316.0
1786046400,319.53,320.66,318.8,319.4334,0.0
1786050000,319.4,319.74,318.9061,319.69,0.0
1786053600,319.612,320.0,319.5,319.94,0.0
1786057200,319.99,320.6,319.85,320.47,0.0
1786089600,321.14,322.126,319.53,321.88,0.0
1786093200,321.97,322.2,321.18,322.0,0.0
1786096800,322.0572,322.0572,321.3,321.4007,0.0
1786100400,321.41,321.98,321.0,321.8241,0.0
1786104000,321.8061,322.13,321.0,321.0,0.0
1786107600,321.3983,323.5,321.1674,322.27,0.0
1786109400,322.25,328.9200134277344,321.25079345703125,327.2200012207031,10143416.0
1786113000,327.1700134277344,333.3599853515625,326.79998779296875,333.2699890136719,8205180.0
1786116600,333.20831298828125,333.7298889160156,328.3299865722656,328.875,4422264.0
1786120200,328.8900146484375,329.6600036621094,326.5199890136719,326.989990234375,3759595.0
1786123800,326.9800109863281,328.0899963378906,326.7200927734375,327.0050048828125,2709532.0
1786127400,327.0,329.20001220703125,326.7699890136719,328.3599853515625,2605756.0
1786131000,328.3500061035156,328.9200134277344,326.8599853515625,328.5849914550781,3727449.0
1786132800,328.58,338.8841,327.4155,328.77,0.0
1786136400,328.79,476.8387,300.2652,328.33,0.0
1786140000,328.36,328.5,328.0,328.3,0.0
1786143600,328.4,329.1542,328.0,328.9975,0.0
1786348800,331.76,332.7614,330.49,331.74,0.0
1786352400,331.74,332.8,331.7,332.7035,0.0
1786356000,332.717,332.72,330.88,331.4037,0.0
1786359600,331.45,332.22,329.84,330.89,0.0
1786363200,330.7938,330.98,328.58,328.824,0.0
1786366800,328.82,329.94,326.15,326.63,0.0
1786368600,326.6449890136719,331.9800109863281,326.1499938964844,331.6099853515625,7555030.0
1786372200,331.5528869628906,332.04998779296875,328.70001220703125,330.1000061035156,3572276.0
1786375800,330.06549072265625,331.75,328.20001220703125,330.55010986328125,3272505.0
1786379400,330.5299987792969,330.739990234375,328.4599914550781,329.0299987792969,2009481.0
1786383000,329.04998779296875,329.6499938964844,328.4200134277344,328.55999755859375,1541036.0
1786386600,328.53009033203125,329.8900146484375,328.3500061035156,329.8599853515625,1874946.0
1786390200,329.8599853515625,331.25,329.30999755859375,330.8529968261719,3046497.0
1786392000,330.88,331.8,330.05,330.2,0.0
1786395600,330.23,335.598,313.2122,330.13,0.0
1786399200,330.13,330.6,329.94,330.23,0.0
1786402800,330.25,330.39,330.0,330.3,0.0
1786435200,331.23,332.0,330.3,330.73,0.0
1786438800,330.75,331.32,330.4,331.26,0.0
1786442400,331.3272,332.36,331.0012,332.29,0.0
1786446000,332.218,332.99,331.6,332.5013,0.0
1786449600,332.5,333.2,332.39,332.49,0.0
1786453200,332.49,333.33,330.88,332.86,0.0
1786455000,332.989990234375,336.20001220703125,329.5299987792969,334.69000244140625,8532543.0
1786458600,334.7499084472656,335.43499755859375,332.739990234375,333.29998779296875,3543479.0
1786462200,333.2699890136719,333.6400146484375,331.2699890136719,331.52508544921875,2457192.0
1786465800,331.510009765625,332.18951416015625,331.2200012207031,331.8380126953125,1575897.0
1786469400,331.8599853515625,332.5199890136719,330.4100036621094,330.7200012207031,1288142.0
1786473000,330.68609619140625,332.6000061035156,330.6050109863281,331.94500732421875,1722586.0
1786476600,331.94500732421875,333.0347900390625,331.5799865722656,332.7699890136719,1919036.0
1786478400,332.73,333.42,332.5,332.9755,0.0
1786482000,332.9217,333.0,322.6833,332.62,0.0
1786485600,332.64,332.65,332.3,332.55,0.0
1786489200,332.54,332.99,332.45,332.99,0.0
1786521600,333.0097,334.39,332.4582,333.9,0.0
1786525200,333.91,334.86,333.7,334.2915,0.0
1786528800,334.4167,334.6,334.0445,334.1178,0.0
1786532400,334.26,334.2988,332.81,333.8001,0.0
1786536000,333.85,334.15,333.15,334.05,0.0
1786539600,334.1,399.0879,333.25,335.0584,0.0
1786541400,335.0,335.5,325.44000244140625,325.5849914550781,8348079.0
1786545000,325.5849914550781,325.69000244140625,323.70001220703125,324.36199951171875,5036287.0
1786548600,324.385009765625,327.0694885253906,323.6400146484375,326.94500732421875,3794295.0
1786552200,326.94500732421875,327.20001220703125,326.0,326.2900085449219,2254553.0
1786555800,326.2950134277344,326.8299865722656,325.5799865722656,326.506103515625,2117769.0
1786559400,326.45001220703125,327.92999267578125,326.29998779296875,327.67999267578125,2223079.0
1786563000,327.6700134277344,327.94000244140625,326.8280029296875,327.45001220703125,2201795.0
1786564800,327.51,327.93,311.6811,327.3298,0.0
1786568400,327.32,327.55,311.6811,327.54,0.0
1786572000,327.51,327.54,326.89,327.03,0.0
1786575600,327.04,327.2,326.97,326.9705,0.0
1786608000,328.0,328.5,327.0773,327.4,0.0
1786611600,327.4,327.58,326.62,326.724,0.0
1786615200,326.8665,327.3488,326.73,327.2417,0.0
1786618800,327.09,327.2488,325.82,325.92,0.0
1786622400,325.96,326.51,324.6,324.9625,0.0
1786626000,324.8,327.41,324.6,327.05,0.0
1786627800,327.3299865722656,333.7099914550781,325.239990234375,332.8949890136719,8164561.0
1786631400,332.9100036621094,335.4100036621094,332.44000244140625,332.9549865722656,4410315.0
1786635000,332.95001220703125,334.70001220703125,332.7699890136719,334.5436096191406,2190391.0
1786638600,334.5899963378906,337.07000732421875,334.5705871582031,336.35009765625,3424151.0
1786642200,336.3500061035156,338.6199951171875,335.76031494140625,338.4356994628906,3154737.0
1786645800,338.3949890136719,341.6400146484375,338.0400085449219,338.75,6227179.0
1786649400,338.7449951171875,340.32000732421875,338.42999267578125,340.07000732421875,3123624.0
1786651200,339.96,343.97,339.3,343.1,0.0
1786654800,343.19,343.1999,322.9687,341.36,0.0
1786658400,341.36,341.5,339.96,340.88,0.0
1786662000,340.8749,341.55,340.85,341.51,0.0
1786694400,339.86,342.2,339.3,341.3816,0.0
1786698000,341.47,342.38,341.3,341.35,0.0
1786701600,341.427,341.83,341.3,341.5565,0.0
1786705200,341.6,342.92,341.49,342.01,0.0
1786708800,342.04,343.28,341.6,341.92,0.0
1786712400,341.85,346.44,340.87,342.4,0.0
1786714200,342.3299865722656,351.260009765625,342.010009765625,346.2200012207031,14964688.0
1786717800,346.2699890136719,346.3900146484375,335.3305969238281,337.3546142578125,8220424.0
1786721400,337.3399963378906,340.6897888183594,336.30999755859375,340.67498779296875,5517988.0
1786725000,340.70001220703125,340.8399963378906,337.80999755859375,339.31500244140625,3485587.0
1786728600,339.3299865722656,342.6000061035156,339.30999755859375,341.82000732421875,5080879.0
1786732200,341.8598937988281,342.5,340.5899963378906,341.8800048828125,3119660.0
1786735800,341.8999938964844,343.5799865722656,341.1400146484375,342.32000732421875,2614913.0
1786737600,342.27,342.5,338.8841,341.91,0.0
1786741200,342.062,346.5331,341.5,341.8992,0.0
1786744800,341.85,342.1,341.67,341.82,0.0
1786748400,341.8,342.1,341.3,341.65,0.0
1786953600,344.17,345.14,343.57,344.27,0.0
1786957200,344.1313,344.27,343.01,343.17,0.0
1786960800,343.1755,343.23,342.0,342.99,0.0
1786964400,342.98,343.44,342.4097,342.5818,0.0
1786968000,342.61,342.76,340.26,340.4446,0.0
1786971600,340.4954,341.3088,339.63,340.7,0.0
1786973400,340.69000244140625,343.1000061035156,337.489990234375,339.4800109863281,6467360.0
1786977000,339.5400085449219,342.3529052734375,338.7900085449219,340.8934020996094,3429004.0
1786980600,340.9100036621094,341.9700012207031,339.40008544921875,339.8500061035156,2554996.0
1786984200,339.8500061035156,340.6600036621094,338.8999938964844,339.0419921875,1873883.0
1786987800,339.05999755859375,340.73809814453125,338.8500061035156,339.47900390625,1833680.0
1786991400,339.4800109863281,345.45001220703125,339.3900146484375,340.67498779296875,3690549.0
1786995000,340.67498779296875,340.9595031738281,337.5,339.3399963378906,3545126.0
1786996800,339.3,339.78,321.55,339.6165,0.0
1787000400,339.678,340.14,321.5856,339.85,0.0
1787004000,339.85,339.94,339.3,339.5,0.0
1787007600,339.433,339.85,339.4299,339.8496,0.0
1787040000,336.0,337.4942,333.6,334.52,0.0
1787043600,334.58,335.0,333.5,333.805,0.0
1787047200,333.995,334.09,332.75,333.3417,0.0
1787050800,333.79,335.71,333.49,334.9313,0.0
1787054400,334.9,335.38,333.75,333.8421,0.0
1787058000,333.8,334.76,333.07,333.31,0.0
1787059800,333.1820068359375,340.5299987792969,331.1199951171875,336.85980224609375,8938188.0
1787063400,336.8194885253906,338.1000061035156,334.9599914550781,337.3999938964844,4003707.0
1787067000,337.385009765625,340.2786865234375,336.769287109375,337.2149963378906,3007518.0
1787070600,337.24951171875,339.82000732421875,335.9700012207031,336.9549865722656,2482465.0
1787074200,336.92999267578125,337.6300048828125,336.010009765625,336.42498779296875,2035018.0
1787077800,336.42999267578125,336.7300109863281,335.1700134277344,336.6700134277344,2120571.0
1787081400,336.6700134277344,337.4100036621094,335.30999755859375,336.885009765625,2596446.0
1787083200,336.875,345.805,325.054,336.25,0.0
1787086800,336.28,336.87,323.1361,336.12,0.0
1787090400,336.15,336.5,335.8,335.9608,0.0
1787094000,335.85,336.54,335.82,336.18,0.0
1787126400,335.5,337.8,334.3815,337.52,0.0
1787130000,337.7702,338.3515,336.1047,336.19,0.0
1787133600,336.1877,336.87,335.86,335.9226,0.0
1787137200,335.9,336.87,335.6003,336.07,0.0
1787140800,336.15,336.5,335.6,336.35,0.0
1787144400,336.45,338.87,335.96,338.87,0.0
1787146200,338.9049987792969,342.5,335.70001220703125,342.3399963378906,8378273.0
1787149800,342.3800048828125,348.55999755859375,341.2799987792969,347.44000244140625,7889954.0
1787153400,347.4700012207031,349.19000244140625,345.8599853515625,348.2099914550781,4121862.0
1787157000,348.1549987792969,348.1549987792969,346.2099914550781,346.885009765625,2313225.0
1787160600,346.9200134277344,348.8399963378906,346.0899963378906,348.2900085449219,2568411.0
1787164200,348.2799987792969,349.5,347.9200134277344,348.29998779296875,2974113.0
1787167800,348.30999755859375,351.6199951171875,347.45001220703125,351.110107421875,4787194.0
1787169600,351.12,374.01,347.0418,350.1,0.0
1787173200,337.198,350.23,326.2859,349.9513,0.0
1787176800,349.99,351.12,349.8717,350.24,0.0
1787180400,350.2552,351.35,350.19,350.7982,0.0
1787212800,350.805,351.8747,348.3303,348.61,0.0
1787216400,348.61,349.285,347.3,349.2772,0.0
1787220000,349.17,349.3057,348.399,348.91,0.0
1787223600,348.91,349.8437,348.25,348.3,0.0
1787227200,348.2578,349.13,345.28,345.4,0.0
1787230800,345.3228,346.46,344.01,346.26,0.0
1787232600,345.8900146484375,347.489990234375,339.7200012207031,340.30999755859375,9222355.0
1787236200,340.32000732421875,343.94000244140625,338.9599914550781,343.9200134277344,5323294.0
1787239800,343.9200134277344,346.3299865722656,343.3168029785156,344.80999755859375,3802148.0
1787243400,344.80999755859375,345.4100036621094,342.3299865722656,342.3699951171875,1958959.0
1787247000,342.3800048828125,343.5299987792969,341.5203857421875,343.3472900390625,1965485.0
1787250600,343.29998779296875,343.8900146484375,342.510009765625,343.32501220703125,1910434.0
1787254200,343.3500061035156,345.3599853515625,342.95001220703125,345.2799987792969,2674765.0
1787256000,345.27,347.4,344.801,346.55,0.0
1787259600,346.54,347.3153,322.9687,346.1,0.0
1787263200,346.0977,346.4,345.13,346.38,0.0
1787266800,346.35,346.72,346.16,346.3,0.0
1787299200,349.4797,349.7118,345.13,348.84,0.0
1787302800,348.82,349.9742,348.75,349.7101,0.0
1787306400,349.8457,350.95,347.8,349.15,0.0
1787310000,349.15,349.99,348.2,349.72,0.0
1787313600,349.7004,350.25,348.87,350.0124,0.0
1787317200,350.02,350.62,345.13,349.96,0.0
1787319000,349.7550048828125,361.6499938964844,346.8999938964844,359.8026123046875,16537076.0
1787322600,359.760009765625,364.1299133300781,355.2699890136719,358.9649963378906,10228658.0
1787326200,358.9649963378906,364.4800109863281,358.6000061035156,363.3699951171875,7087009.0
1787329800,363.3699951171875,364.989990234375,362.8999938964844,363.5599060058594,5483571.0
1787333400,363.6199951171875,364.7099914550781,362.5201110839844,364.31500244140625,3316722.0
1787337000,364.3299865722656,365.989990234375,362.9200134277344,364.1400146484375,5841194.0
1787340600,364.1499938964844,366.5,361.6199951171875,362.8800048828125,6002478.0
1787342400,362.86,363.8987,361.97,362.5313,0.0
1787346000,362.5429,384.9509,338.6973,363.05,0.0
1787349600,363.1,363.99,362.81,363.7455,0.0
1787353200,363.8,364.0,363.42,363.93,0.0
1787558400,361.45,363.4,360.215,362.1188,0.0
1787562000,361.843,362.77,361.45,361.9742,0.0
1787565600,361.9992,362.77,361.96,362.25,0.0
1787569200,362.4,362.6197,361.06,361.59,0.0
1787572800,361.506,362.0,360.55,360.75,0.0
1787576400,360.87,362.64,360.0,361.5,0.0
1787578200,361.75,363.239990234375,351.5799865722656,354.42999267578125,9687765.0
1787581800,354.4248046875,358.70001220703125,354.1600036621094,357.4100036621094,5514340.0
1787585400,357.5198974609375,358.239990234375,355.4200134277344,356.9750061035156,3470959.0
1787589000,356.9750061035156,357.1300048828125,354.3500061035156,356.5799865722656,3294524.0
1787592600,356.5799865722656,356.7900085449219,352.7300109863281,353.16680908203125,3160486.0
1787596200,353.1400146484375,353.57000732421875,348.260009765625,351.1400146484375,5559330.0
1787599800,351.17999267578125,351.6300048828125,348.3999938964844,348.94000244140625,3947430.0
1787601600,348.94,349.5,347.77,347.9996,0.0
1787605200,347.96,349.29,335.598,349.2283,0.0
1787608800,349.23,349.5,349.04,349.201,0.0
1787612400,349.239,349.43,348.86,349.34,0.0
1787644800,351.01,352.43,350.624,351.65,0.0
1787648400,351.73,352.0,350.7075,351.05,0.0
1787652000,351.3,352.11,350.88,351.64,0.0
1787655600,351.64,351.88,350.5,350.9799,0.0
1787659200,350.95,352.1,350.3,351.2,0.0
1787662800,351.2,352.0,349.55,349.69,0.0
1787664600,349.6300048828125,353.5,349.2002868652344,351.2650146484375,8105038.0
1787668200,351.1000061035156,354.5299987792969,349.8301086425781,354.375,4540876.0
1787671800,354.375,354.87750244140625,351.3299865722656,354.4399108886719,3785269.0
1787675400,354.4114074707031,357.0,351.8699951171875,353.5299987792969,4642606.0
1787679000,353.5199890136719,353.8500061035156,348.95001220703125,351.8699951171875,1964019.0
1787682600,351.8699951171875,353.70001220703125,351.3800048828125,351.3900146484375,2359530.0
1787686200,351.4200134277344,352.27978515625,349.9200134277344,350.1400146484375,2170497.0
1787688000,350.125,350.88,349.71,350.6,0.0
1787691600,350.53,369.6616,336.8576,350.88,0.0
1787695200,350.8,350.99,350.25,350.7992,0.0
1787698800,350.7751,351.0,350.5,350.7845,0.0
1787731200,348.68,351.0,348.68,350.18,0.0
1787734800,350.18,350.1988,349.2012,349.65,0.0
1787738400,349.6,350.0,349.32,349.6188,0.0
1787742000,349.53,350.5,349.35,350.2102,0.0
1787745600,349.9665,350.15,348.3,349.84,0.0
1787749200,349.92,349.95,345.03,345.09,0.0
1787751000,345.25,351.92999267578125,342.5299987792969,346.25,8261608.0
1787754600,346.25,347.2300109863281,343.05999755859375,343.8999938964844,4328263.0
1787758200,343.8999938964844,344.8399963378906,343.23748779296875,344.07501220703125,2689818.0
1787761800,344.0600891113281,346.8800048828125,343.9800109863281,346.7900085449219,2806462.0
1787765400,346.7900085449219,346.92999267578125,344.44061279296875,344.818115234375,2220667.0
1787769000,344.8009033203125,347.44000244140625,344.75,345.6200866699219,2874254.0
1787772600,345.6600036621094,346.8699951171875,345.25,345.8800048828125,2169777.0
1787774400,345.87,346.98,345.0,346.69,0.0
1787778000,346.7,361.7074,326.2859,347.3,0.0
1787781600,347.3,347.99,345.82,347.36,0.0
1787785200,347.39,347.83,347.11,347.6908,0.0
1787817600,346.86,347.99,345.19,347.81,0.0
1787821200,347.66,347.89,346.61,347.04,0.0
1787824800,347.3412,347.75,347.0,347.14,0.0
1787828400,347.14,347.85,346.56,346.56,0.0
1787832000,346.56,346.99,345.55,345.873,0.0
1787835600,345.607,346.66,333.83,346.29,0.0
1787837400,346.29998779296875,353.4200134277344,345.45001220703125,352.4649963378906,8309662.0
1787841000,352.489990234375,354.92999267578125,350.5,352.44000244140625,4445212.0
1787844600,352.4800109863281,353.1300048828125,350.6499938964844,352.9100036621094,2516229.0
1787848200,352.912109375,355.6000061035156,352.5461120605469,354.1650085449219,3467038.0
1787851800,354.1650085449219,354.7330017089844,353.25,354.1449890136719,1891260.0
1787855400,354.20001220703125,355.739990234375,353.7799987792969,354.20001220703125,2987155.0
1787859000,354.2049865722656,355.7099914550781,353.8999938964844,354.5899963378906,3006552.0
1787860800,354.62,354.81,354.0,354.53,0.0
1787864400,354.53,354.81,345.1822,354.37,0.0
1787868000,354.36,354.81,354.01,354.34,0.0
1787871600,354.417,354.66,354.17,354.65,0.0
1787904000,355.02,356.6585,353.5517,356.4,0.0
1787907600,356.4,358.01,356.31,356.83,0.0
1787911200,356.76,356.9988,356.0,356.27,0.0
1787914800,356.4,357.25,356.1,356.23,0.0
1787918400,356.2,356.4,355.17,355.7644,0.0
1787922000,355.66,357.2403,354.81,357.19,0.0
1787923800,357.0950012207031,358.79998779296875,351.2099914550781,352.5400085449219,8170435.0
1787927400,352.510009765625,354.67999267578125,352.010009765625,352.3999938964844,4006146.0
1787931000,352.32000732421875,352.79998779296875,347.0799865722656,347.3699951171875,5413433.0
1787934600,347.3301086425781,348.2705993652344,345.9800109863281,346.19500732421875,2591643.0
1787938200,346.2200012207031,347.1698913574219,346.04998779296875,346.5400085449219,2179844.0
1787941800,346.5249938964844,347.75,345.20001220703125,347.70330810546875,2763388.0
1787945400,347.69000244140625,349.7799987792969,346.3901062011719,348.760009765625,3465474.0
1787947200,348.74,349.05,338.8841,347.81,0.0
1787950800,347.8608,355.7206,326.2686,347.97,0.0
1787954400,347.9203,348.0,347.65,347.82,0.0
1787958000,347.82,348.2657,341.07,348.19,0.0
1788163200,348.8474,349.7443,347.04,348.21,0.0
1788166800,348.18,348.3,347.15,347.194,0.0
1788170400,347.17,347.3818,346.66,347.15,0.0
1788174000,347.1,347.15,345.81,346.83,0.0
1788177600,346.82,346.9,346.0,346.14,0.0
1788181200,346.25,347.97,345.2861,347.35,0.0
1788183000,347.1499938964844,364.8599853515625,347.1499938964844,363.58319091796875,15078710.0
1788186600,363.57000732421875,365.80999755859375,361.8500061035156,364.1199035644531,9162152.0
1788190200,364.0899963378906,367.1499938964844,362.9599914550781,365.0899963378906,7377749.0
1788193800,365.1099853515625,367.3999938964844,364.16009521484375,365.239990234375,4839286.0
1788197400,365.19000244140625,368.5400085449219,365.19000244140625,367.5098876953125,5793177.0
1788201000,367.4200134277344,367.4549865722656,365.25,366.6650085449219,4510217.0
1788204600,366.6300048828125,368.9200134277344,365.92999267578125,367.9200134277344,4899378.0
1788206400,367.925,368.94,367.5,367.7,0.0
1788210000,367.73,367.95,347.4276,367.3962,0.0
1788213600,367.34,367.4,366.7,366.9371,0.0
1788217200,366.9371,367.4845,366.88,367.4203,0.0
1788249600,366.62,367.95,363.342,363.402,0.0
1788253200,363.51,364.8171,362.5,362.65,0.0
1788256800,362.82,364.3,362.56,364.11,0.0
1788260400,364.1852,364.42,363.15,363.37,0.0
1788264000,363.45,364.19,362.27,362.9814,0.0
1788267600,362.87,362.97,359.2,360.9,0.0
1788269400,360.8550109863281,362.69989013671875,353.3900146484375,358.3599853515625,12584511.0
1788273000,358.4049987792969,359.739990234375,357.20001220703125,359.4700012207031,4316048.0
1788276600,359.489990234375,360.3699951171875,356.4800109863281,356.8297119140625,3395168.0
1788280200,356.7699890136719,357.95001220703125,356.1300048828125,356.9400939941406,2391574.0
1788283800,357.07000732421875,357.55950927734375,354.5299987792969,354.7300109863281,2436686.0
1788287400,354.75,356.8500061035156,352.9599914550781,356.614990234375,3623863.0
1788291000,356.6199951171875,356.6700134277344,355.33270263671875,356.1199951171875,2656187.0
1788292800,356.09,356.09,338.506,355.6408,0.0
1788296400,355.6413,356.09,337.7105,355.37,0.0
1788300000,355.41,356.09,354.81,355.17,0.0
1788303600,355.22,355.98,355.17,355.967,0.0
1788336000,357.5,358.79,355.3037,357.55,0.0
1788339600,357.56,357.7917,355.14,355.5,0.0
1788343200,355.5,355.9372,354.66,355.82,0.0
1788346800,355.8,355.8802,354.01,355.75,0.0
1788350400,355.7098,358.26,355.5,357.7369,0.0
1788354000,357.77,361.2,356.7,360.61,0.0
1788355800,360.6099853515625,360.6199951171875,349.9200134277344,355.0199890136719,10616461.0
1788359400,355.0400085449219,356.64801025390625,350.94000244140625,353.94500732421875,5658861.0
1788363000,353.95001220703125,354.6575927734375,352.2799987792969,353.7349853515625,2927117.0
1788366600,353.7349853515625,354.95001220703125,352.20001220703125,353.69000244140625,2629439.0
1788370200,353.6785888671875,353.95001220703125,351.7170104980469,352.1499938964844,2408655.0
1788373800,352.1600036621094,353.20001220703125,351.7799987792969,352.9100036621094,2402489.0
1788377400,352.8999938964844,357.2799987792969,352.8399963378906,356.989990234375,4287458.0
1788379200,357.1,357.5,355.05,355.69,0.0
1788382800,355.69,362.5681,337.198,356.1812,0.0
1788386400,356.3945,357.19,356.0,356.66,0.0
1788390000,356.68,357.0,356.5,356.85,0.0
1788422400,358.69,361.56,356.9,361.1,0.0
1788426000,361.3872,361.3872,360.0,360.55,0.0
1788429600,360.53,360.97,359.51,359.86,0.0
1788433200,360.0,362.38,359.25,362.3193,0.0
1788436800,362.2482,364.67,361.09,362.35,0.0
1788440400,362.35,365.93,362.35,365.87,0.0
1788442200,365.9150085449219,380.4599914550781,365.9100036621094,378.6499938964844,24189710.0
1788445800,378.7099914550781,381.6400146484375,377.010009765625,381.40478515625,10004109.0
1788449400,381.42498779296875,384.0400085449219,380.4599914550781,382.0400085449219,6404696.0
1788453000,382.0199890136719,382.92999267578125,380.8800048828125,382.1700134277344,4498933.0
1788456600,382.17999267578125,383.2699890136719,381.5799865722656,382.2300109863281,3346643.0
1788460200,382.2300109863281,382.2898864746094,380.1004943847656,380.89990234375,3663128.0
1788463800,380.8399963378906,381.1400146484375,376.0,376.3550109863281,5632957.0
1788465600,376.365,389.7652,375.25,377.7088,0.0
1788469200,377.5,379.27,373.43,374.72,0.0
1788472800,374.717,376.7,373.2,375.4568,0.0
1788476400,375.47,375.9,374.201,374.6354,0.0
1788508800,370.71,376.365,368.8042,370.0,0.0
1788512400,370.117,371.0,366.8,367.5939,0.0
1788516000,367.57,369.3,366.68,369.08,0.0
1788519600,369.2857,376.365,366.1,366.9,0.0
1788523200,367.0,367.57,364.28,366.8,0.0
1788526800,367.02,367.02,361.65,361.93,0.0
1788528600,362.17999267578125,364.69000244140625,352.6099853515625,353.2300109863281,24880272.0
1788532200,353.260009765625,355.7998962402344,351.9700012207031,353.125,10231339.0
1788535800,353.1300048828125,353.989990234375,351.3200988769531,351.92999267578125,6258882.0
1788539400,351.92999267578125,352.9200134277344,351.41571044921875,352.17498779296875,4214225.0
1788543000,352.17498779296875,354.1300048828125,351.6700134277344,353.010009765625,4149388.0
1788546600,353.0400085449219,354.9800109863281,352.92999267578125,354.7049865722656,4205325.0
1788550200,354.7200012207031,355.54998779296875,353.1499938964844,353.94989013671875,5398807.0
1788552000,353.91,365.5226,338.6973,353.39,0.0
1788555600,353.3239,371.5499,342.8257,353.42,0.0
1788559200,353.4238,353.5,352.73,352.93,0.0
1788562800,352.9201,353.11,352.7,352.89,0.0
1788854400,354.425,356.78,352.89,353.18,0.0
1788858000,353.09,353.46,352.18,353.14,0.0
1788861600,353.13,355.34,353.06,354.6292,0.0
1788865200,354.6243,355.08,353.42,354.7,0.0
1788868800,354.6,355.85,354.6,355.3188,0.0
1788872400,355.3,357.76,355.01,357.16,0.0
1788874200,357.2699890136719,364.7499084472656,355.989990234375,363.3699951171875,15986774.0
1788877800,363.3977966308594,367.95001220703125,362.9599914550781,367.82989501953125,8516927.0
1788881400,367.82000732421875,369.010009765625,365.1000061035156,368.2200012207031,5827218.0
1788885000,368.19000244140625,370.0,367.25,367.5199890136719,4855181.0
1788888600,367.5249938964844,367.989990234375,365.45001220703125,365.5450134277344,2974526.0
1788892200,365.5799865722656,368.3399963378906,364.8500061035156,368.2749938964844,4202108.0
1788895800,368.2799987792969,368.79998779296875,367.3599853515625,368.0400085449219,3806416.0
1788897600,368.04,389.2376,350.5771,367.07,0.0
1788901200,367.07,389.2376,350.3006,366.7465,0.0
1788904800,366.75,368.16,366.34,366.8938,0.0
1788908400,366.9,366.9984,366.5,366.65,0.0
1788940800,367.79,368.5927,366.7855,367.87,0.0
1788944400,367.9475,368.0,366.4,366.622,0.0
1788948000,366.7137,366.9785,363.7,364.8037,0.0
1788951600,364.71,365.6,364.06,364.971,0.0
1788955200,364.8717,365.63,363.8,364.23,0.0
1788958800,364.149,368.48,364.0,368.0719,0.0
1788960600,368.3550109863281,375.44000244140625,367.8301086425781,371.2699890136719,10282257.0
1788964200,371.2699890136719,373.6000061035156,367.25,368.67999267578125,6244635.0
1788967800,368.67498779296875,371.2799987792969,368.55999755859375,368.7351989746094,3817581.0
1788971400,368.760009765625,370.8999938964844,367.7799987792969,368.1650085449219,2502590.0
1788975000,368.1300048828125,369.8999938964844,368.010009765625,369.8399963378906,2047939.0
1788978600,369.8446960449219,370.1600036621094,368.1000061035156,368.9200134277344,2460807.0
1788982200,368.9110107421875,369.29998779296875,367.5,367.79998779296875,2556763.0
1788984000,367.78,367.87,354.1142,367.53,0.0
1788987600,367.51,384.7504,354.1142,367.14,0.0
1788991200,367.15,367.81,366.38,366.6,0.0
1788994800,366.65,367.3,366.25,367.2242,0.0
1789027200,367.0507,367.25,365.54,365.78,0.0
1789030800,365.7462,366.75,365.4,366.3,0.0
1789034400,366.31,366.505,365.5,365.9,0.0
1789038000,365.99,365.99,362.88,363.0118,0.0
1789041600,363.12,363.44,360.095,360.15,0.0
1789045200,360.1792,402.9,360.15,361.26,0.0
1789046211,361.3696,361.3696,361.3696,361.3696,0.0
